corridor,split,window,scenario,sent_total,h,tol_bps,n_events,n_scored,hit_rate,base_rate,lift,lift_ci_lo,lift_ci_hi,hit_mean,base_mean,lift_mean,benefit_fwd_bps,benefit_random_day_bps,benefit_excess_bps,benefit_excess_ci_lo,benefit_excess_ci_hi,benefit_fwd_ci_lo,benefit_fwd_ci_hi,benefit_fwd_block_ci_lo,benefit_fwd_block_ci_hi,benefit_sym_bps,vs_wait5_bps,freq_per_week,clump_share_series,clump_cv_gaps,longest_gap_days,empty_month_share
AMD,0,2021-01…2021-06,BUY_NOW,13,1,0.0,8,8,0.625,0.4745762711864407,1.3169642857142856,0.5267857142857143,1.84375,0.625,0.4745762711864407,1.3169642857142856,2.9744596022518426,2.439534227944096,0.5349253743077464,-36.34112980778081,32.26376052162734,-33.901595579836716,34.703294749571434,-20.88214878508493,26.15353112178814,22.57263150524089,82.46816601128442,0.30939226519337015,0.0,0.49058807855673736,41.0,0.16666666666666666
AMD,0,2021-01…2021-06,BUY_NOW,13,1,10.0,8,8,0.625,0.5254237288135594,1.189516129032258,0.4758064516129032,1.6653225806451613,0.625,0.5254237288135594,1.189516129032258,2.9744596022518426,2.439534227944096,0.5349253743077464,-36.34112980778081,32.26376052162734,-33.901595579836716,34.703294749571434,-20.88214878508493,26.15353112178814,22.57263150524089,82.46816601128442,0.30939226519337015,0.0,0.49058807855673736,41.0,0.16666666666666666
AMD,0,2021-01…2021-06,BUY_NOW,13,1,25.0,8,8,0.875,0.635593220338983,1.3766666666666667,0.9833333333333334,1.5733333333333335,0.875,0.635593220338983,1.3766666666666667,2.9744596022518426,2.439534227944096,0.5349253743077464,-36.34112980778081,32.26376052162734,-33.901595579836716,34.703294749571434,-20.88214878508493,26.15353112178814,22.57263150524089,82.46816601128442,0.30939226519337015,0.0,0.49058807855673736,41.0,0.16666666666666666
AMD,0,2021-01…2021-06,BUY_NOW,13,1,50.0,8,8,0.875,0.8050847457627118,1.086842105263158,0.7763157894736843,1.2421052631578948,0.875,0.8050847457627118,1.086842105263158,2.9744596022518426,2.439534227944096,0.5349253743077464,-36.34112980778081,32.26376052162734,-33.901595579836716,34.703294749571434,-20.88214878508493,26.15353112178814,22.57263150524089,82.46816601128442,0.30939226519337015,0.0,0.49058807855673736,41.0,0.16666666666666666
AMD,0,2021-01…2021-06,BUY_NOW,13,3,0.0,8,8,0.375,0.3050847457627119,1.2291666666666665,0.4097222222222222,2.458333333333333,0.5,0.5,1.0,14.983747432817943,6.47490088087447,8.508846551943472,-50.76915571569037,73.66804965098464,-44.294254834815895,80.14295053185911,-24.4554815312283,60.263221958460065,30.083136859747334,82.46816601128442,0.30939226519337015,0.0,0.49058807855673736,41.0,0.16666666666666666
AMD,0,2021-01…2021-06,BUY_NOW,13,3,10.0,8,8,0.375,0.3305084745762712,1.1346153846153846,0.3782051282051282,2.269230769230769,0.625,0.5847457627118644,1.068840579710145,14.983747432817943,6.47490088087447,8.508846551943472,-50.76915571569037,73.66804965098464,-44.294254834815895,80.14295053185911,-24.4554815312283,60.263221958460065,30.083136859747334,82.46816601128442,0.30939226519337015,0.0,0.49058807855673736,41.0,0.16666666666666666
AMD,0,2021-01…2021-06,BUY_NOW,13,3,25.0,8,8,0.375,0.4152542372881356,0.9030612244897959,0.3010204081632653,1.8061224489795917,0.625,0.6610169491525424,0.9455128205128205,14.983747432817943,6.47490088087447,8.508846551943472,-50.76915571569037,73.66804965098464,-44.294254834815895,80.14295053185911,-24.4554815312283,60.263221958460065,30.083136859747334,82.46816601128442,0.30939226519337015,0.0,0.49058807855673736,41.0,0.16666666666666666
AMD,0,2021-01…2021-06,BUY_NOW,13,3,50.0,8,8,0.625,0.6271186440677966,0.9966216216216216,0.39864864864864863,1.3952702702702702,0.75,0.7627118644067796,0.9833333333333334,14.983747432817943,6.47490088087447,8.508846551943472,-50.76915571569037,73.66804965098464,-44.294254834815895,80.14295053185911,-24.4554815312283,60.263221958460065,30.083136859747334,82.46816601128442,0.30939226519337015,0.0,0.49058807855673736,41.0,0.16666666666666666
AMD,0,2021-01…2021-06,BUY_NOW,13,5,0.0,8,8,0.375,0.23728813559322035,1.5803571428571428,0.5267857142857143,3.1607142857142856,0.5,0.4830508474576271,1.0350877192982457,38.53004798585163,11.119391346840903,27.41065663901073,-45.51585619898226,113.70212047194626,-34.39646485214136,124.82151181878716,-24.55773898000224,105.14683862586286,48.423228771993934,82.46816601128442,0.30939226519337015,0.0,0.49058807855673736,41.0,0.16666666666666666
AMD,0,2021-01…2021-06,BUY_NOW,13,5,10.0,8,8,0.375,0.2542372881355932,1.475,0.4916666666666667,2.95,0.5,0.5169491525423728,0.9672131147540984,38.53004798585163,11.119391346840903,27.41065663901073,-45.51585619898226,113.70212047194626,-34.39646485214136,124.82151181878716,-24.55773898000224,105.14683862586286,48.423228771993934,82.46816601128442,0.30939226519337015,0.0,0.49058807855673736,41.0,0.16666666666666666
AMD,0,2021-01…2021-06,BUY_NOW,13,5,25.0,8,8,0.375,0.3389830508474576,1.10625,0.36875,2.2125,0.75,0.635593220338983,1.1800000000000002,38.53004798585163,11.119391346840903,27.41065663901073,-45.51585619898226,113.70212047194626,-34.39646485214136,124.82151181878716,-24.55773898000224,105.14683862586286,48.423228771993934,82.46816601128442,0.30939226519337015,0.0,0.49058807855673736,41.0,0.16666666666666666
AMD,0,2021-01…2021-06,BUY_NOW,13,5,50.0,8,8,0.5,0.5423728813559322,0.921875,0.23046875,1.61328125,0.75,0.7288135593220338,1.0290697674418605,38.53004798585163,11.119391346840903,27.41065663901073,-45.51585619898226,113.70212047194626,-34.39646485214136,124.82151181878716,-24.55773898000224,105.14683862586286,48.423228771993934,82.46816601128442,0.30939226519337015,0.0,0.49058807855673736,41.0,0.16666666666666666
AMD,0,2021-01…2021-06,BUY_NOW,13,10,0.0,8,8,0.375,0.19491525423728814,1.9239130434782608,0.6413043478260869,3.8478260869565215,0.5,0.4322033898305085,1.156862745098039,81.54987728901165,24.192897170531936,57.35698011847971,-27.24544449663621,154.34605516066063,-3.0525473261042735,178.53895233119255,-18.4905846752594,162.90909382086735,79.93668764436052,82.46816601128442,0.30939226519337015,0.0,0.49058807855673736,41.0,0.16666666666666666
AMD,0,2021-01…2021-06,BUY_NOW,13,10,10.0,8,8,0.375,0.2033898305084746,1.8437499999999998,0.6145833333333333,3.6874999999999996,0.625,0.4661016949152542,1.340909090909091,81.54987728901165,24.192897170531936,57.35698011847971,-27.24544449663621,154.34605516066063,-3.0525473261042735,178.53895233119255,-18.4905846752594,162.90909382086735,79.93668764436052,82.46816601128442,0.30939226519337015,0.0,0.49058807855673736,41.0,0.16666666666666666
AMD,0,2021-01…2021-06,BUY_NOW,13,10,25.0,8,8,0.375,0.2288135593220339,1.6388888888888888,0.5462962962962963,3.2777777777777777,0.75,0.5508474576271186,1.3615384615384616,81.54987728901165,24.192897170531936,57.35698011847971,-27.24544449663621,154.34605516066063,-3.0525473261042735,178.53895233119255,-18.4905846752594,162.90909382086735,79.93668764436052,82.46816601128442,0.30939226519337015,0.0,0.49058807855673736,41.0,0.16666666666666666
AMD,0,2021-01…2021-06,BUY_NOW,13,10,50.0,8,8,0.5,0.4152542372881356,1.2040816326530612,0.3010204081632653,2.107142857142857,0.875,0.6949152542372882,1.2591463414634145,81.54987728901165,24.192897170531936,57.35698011847971,-27.24544449663621,154.34605516066063,-3.0525473261042735,178.53895233119255,-18.4905846752594,162.90909382086735,79.93668764436052,82.46816601128442,0.30939226519337015,0.0,0.49058807855673736,41.0,0.16666666666666666
AMD,0,2021-01…2021-06,BUY_NOW,13,20,0.0,8,8,0.25,0.13559322033898305,1.84375,0.0,3.6875,0.625,0.5084745762711864,1.2291666666666667,117.45303264886917,43.40759409925216,74.04543854961702,-31.04028558385083,187.5099339379936,12.367308515401325,230.91752803724575,-8.85132094718632,243.75738624492465,101.41918954224809,82.46816601128442,0.30939226519337015,0.0,0.49058807855673736,41.0,0.16666666666666666
AMD,0,2021-01…2021-06,BUY_NOW,13,20,10.0,8,8,0.25,0.16101694915254236,1.5526315789473686,0.0,3.105263157894737,0.625,0.5338983050847458,1.1706349206349207,117.45303264886917,43.40759409925216,74.04543854961702,-31.04028558385083,187.5099339379936,12.367308515401325,230.91752803724575,-8.85132094718632,243.75738624492465,101.41918954224809,82.46816601128442,0.30939226519337015,0.0,0.49058807855673736,41.0,0.16666666666666666
AMD,0,2021-01…2021-06,BUY_NOW,13,20,25.0,8,8,0.25,0.1864406779661017,1.3409090909090908,0.0,2.6818181818181817,0.625,0.5508474576271186,1.1346153846153846,117.45303264886917,43.40759409925216,74.04543854961702,-31.04028558385083,187.5099339379936,12.367308515401325,230.91752803724575,-8.85132094718632,243.75738624492465,101.41918954224809,82.46816601128442,0.30939226519337015,0.0,0.49058807855673736,41.0,0.16666666666666666
AMD,0,2021-01…2021-06,BUY_NOW,13,20,50.0,8,8,0.375,0.2796610169491525,1.340909090909091,0.446969696969697,2.681818181818182,0.75,0.5932203389830508,1.2642857142857142,117.45303264886917,43.40759409925216,74.04543854961702,-31.04028558385083,187.5099339379936,12.367308515401325,230.91752803724575,-8.85132094718632,243.75738624492465,101.41918954224809,82.46816601128442,0.30939226519337015,0.0,0.49058807855673736,41.0,0.16666666666666666
AMD,0,2021-01…2021-06,WINDOW_CLOSING,13,1,0.0,5,5,0.2,0.4745762711864407,0.42142857142857143,0.0,1.2642857142857142,0.2,0.4745762711864407,0.42142857142857143,-32.295586188422206,2.439534227944096,-34.7351204163663,-55.913478158888495,-10.25075964726887,-53.4739439309444,-7.811225419324773,-57.49856430835143,-5.504848264082373,-52.35152675372624,53.508380019713364,0.19337016574585636,0.0,1.0725187303048236,83.0,0.5
AMD,0,2021-01…2021-06,WINDOW_CLOSING,13,1,10.0,5,5,0.2,0.4745762711864407,0.42142857142857143,0.0,1.2642857142857142,0.2,0.4745762711864407,0.42142857142857143,-32.295586188422206,2.439534227944096,-34.7351204163663,-55.913478158888495,-10.25075964726887,-53.4739439309444,-7.811225419324773,-57.49856430835143,-5.504848264082373,-52.35152675372624,53.508380019713364,0.19337016574585636,0.0,1.0725187303048236,83.0,0.5
AMD,0,2021-01…2021-06,WINDOW_CLOSING,13,1,25.0,5,5,0.2,0.4745762711864407,0.42142857142857143,0.0,1.2642857142857142,0.2,0.4745762711864407,0.42142857142857143,-32.295586188422206,2.439534227944096,-34.7351204163663,-55.913478158888495,-10.25075964726887,-53.4739439309444,-7.811225419324773,-57.49856430835143,-5.504848264082373,-52.35152675372624,53.508380019713364,0.19337016574585636,0.0,1.0725187303048236,83.0,0.5
AMD,0,2021-01…2021-06,WINDOW_CLOSING,13,1,50.0,5,5,0.2,0.4745762711864407,0.42142857142857143,0.0,1.2642857142857142,0.2,0.4745762711864407,0.42142857142857143,-32.295586188422206,2.439534227944096,-34.7351204163663,-55.913478158888495,-10.25075964726887,-53.4739439309444,-7.811225419324773,-57.49856430835143,-5.504848264082373,-52.35152675372624,53.508380019713364,0.19337016574585636,0.0,1.0725187303048236,83.0,0.5
AMD,0,2021-01…2021-06,WINDOW_CLOSING,13,3,0.0,5,5,0.4,0.5,0.8,0.0,1.6,0.4,0.5,0.8,-19.870936836266623,6.47490088087447,-26.345837717141094,-81.47660042231979,31.555796667649147,-75.00169954144532,38.03069754852362,-81.78802735278157,56.03887941016516,-53.18005945441206,53.508380019713364,0.19337016574585636,0.0,1.0725187303048236,83.0,0.5
AMD,0,2021-01…2021-06,WINDOW_CLOSING,13,3,10.0,5,5,0.4,0.5,0.8,0.0,1.6,0.4,0.5,0.8,-19.870936836266623,6.47490088087447,-26.345837717141094,-81.47660042231979,31.555796667649147,-75.00169954144532,38.03069754852362,-81.78802735278157,56.03887941016516,-53.18005945441206,53.508380019713364,0.19337016574585636,0.0,1.0725187303048236,83.0,0.5
AMD,0,2021-01…2021-06,WINDOW_CLOSING,13,3,25.0,5,5,0.4,0.5,0.8,0.0,1.6,0.4,0.5,0.8,-19.870936836266623,6.47490088087447,-26.345837717141094,-81.47660042231979,31.555796667649147,-75.00169954144532,38.03069754852362,-81.78802735278157,56.03887941016516,-53.18005945441206,53.508380019713364,0.19337016574585636,0.0,1.0725187303048236,83.0,0.5
AMD,0,2021-01…2021-06,WINDOW_CLOSING,13,3,50.0,5,5,0.4,0.5,0.8,0.0,1.6,0.4,0.5,0.8,-19.870936836266623,6.47490088087447,-26.345837717141094,-81.47660042231979,31.555796667649147,-75.00169954144532,38.03069754852362,-81.78802735278157,56.03887941016516,-53.18005945441206,53.508380019713364,0.19337016574585636,0.0,1.0725187303048236,83.0,0.5
AMD,0,2021-01…2021-06,WINDOW_CLOSING,13,5,0.0,5,5,0.6,0.5084745762711864,1.18,0.39333333333333337,1.9666666666666668,0.6,0.5084745762711864,1.18,0.6810226601427984,11.119391346840903,-10.438368686698105,-100.23541703762105,87.91119490059144,-89.11602569078015,99.03058624743234,-104.42217909285068,120.07044178445669,-47.065794791738995,53.508380019713364,0.19337016574585636,0.0,1.0725187303048236,83.0,0.5
AMD,0,2021-01…2021-06,WINDOW_CLOSING,13,5,10.0,5,5,0.6,0.5084745762711864,1.18,0.39333333333333337,1.9666666666666668,0.6,0.5084745762711864,1.18,0.6810226601427984,11.119391346840903,-10.438368686698105,-100.23541703762105,87.91119490059144,-89.11602569078015,99.03058624743234,-104.42217909285068,120.07044178445669,-47.065794791738995,53.508380019713364,0.19337016574585636,0.0,1.0725187303048236,83.0,0.5
AMD,0,2021-01…2021-06,WINDOW_CLOSING,13,5,25.0,5,5,0.6,0.5084745762711864,1.18,0.39333333333333337,1.9666666666666668,0.6,0.5084745762711864,1.18,0.6810226601427984,11.119391346840903,-10.438368686698105,-100.23541703762105,87.91119490059144,-89.11602569078015,99.03058624743234,-104.42217909285068,120.07044178445669,-47.065794791738995,53.508380019713364,0.19337016574585636,0.0,1.0725187303048236,83.0,0.5
AMD,0,2021-01…2021-06,WINDOW_CLOSING,13,5,50.0,5,5,0.6,0.5084745762711864,1.18,0.39333333333333337,1.9666666666666668,0.6,0.5084745762711864,1.18,0.6810226601427984,11.119391346840903,-10.438368686698105,-100.23541703762105,87.91119490059144,-89.11602569078015,99.03058624743234,-104.42217909285068,120.07044178445669,-47.065794791738995,53.508380019713364,0.19337016574585636,0.0,1.0725187303048236,83.0,0.5
AMD,0,2021-01…2021-06,WINDOW_CLOSING,13,10,0.0,5,5,0.4,0.4830508474576271,0.8280701754385965,0.0,1.656140350877193,0.4,0.4830508474576271,0.8280701754385965,48.24176792981483,24.192897170531936,24.04887075928289,-112.1359236939879,178.68786381692746,-87.94302652345597,202.8807609874594,-94.02248243901455,241.79515114512995,-31.623143190866017,53.508380019713364,0.19337016574585636,0.0,1.0725187303048236,83.0,0.5
AMD,0,2021-01…2021-06,WINDOW_CLOSING,13,10,10.0,5,5,0.4,0.4830508474576271,0.8280701754385965,0.0,1.656140350877193,0.4,0.4830508474576271,0.8280701754385965,48.24176792981483,24.192897170531936,24.04887075928289,-112.1359236939879,178.68786381692746,-87.94302652345597,202.8807609874594,-94.02248243901455,241.79515114512995,-31.623143190866017,53.508380019713364,0.19337016574585636,0.0,1.0725187303048236,83.0,0.5
AMD,0,2021-01…2021-06,WINDOW_CLOSING,13,10,25.0,5,5,0.4,0.4830508474576271,0.8280701754385965,0.0,1.656140350877193,0.4,0.4830508474576271,0.8280701754385965,48.24176792981483,24.192897170531936,24.04887075928289,-112.1359236939879,178.68786381692746,-87.94302652345597,202.8807609874594,-94.02248243901455,241.79515114512995,-31.623143190866017,53.508380019713364,0.19337016574585636,0.0,1.0725187303048236,83.0,0.5
AMD,0,2021-01…2021-06,WINDOW_CLOSING,13,10,50.0,5,5,0.4,0.4830508474576271,0.8280701754385965,0.0,1.656140350877193,0.4,0.4830508474576271,0.8280701754385965,48.24176792981483,24.192897170531936,24.04887075928289,-112.1359236939879,178.68786381692746,-87.94302652345597,202.8807609874594,-94.02248243901455,241.79515114512995,-31.623143190866017,53.508380019713364,0.19337016574585636,0.0,1.0725187303048236,83.0,0.5
AMD,0,2021-01…2021-06,WINDOW_CLOSING,13,20,0.0,5,5,1.0,0.5254237288135594,1.9032258064516128,1.9032258064516128,1.9032258064516128,1.0,0.5254237288135594,1.9032258064516128,175.77460199736473,43.40759409925216,132.36700789811258,-40.75877551553958,305.4927913117647,2.6488185837125764,348.9003854110168,-6.260324572658905,422.8863243564285,61.87156212914213,53.508380019713364,0.19337016574585636,0.0,1.0725187303048236,83.0,0.5
AMD,0,2021-01…2021-06,WINDOW_CLOSING,13,20,10.0,5,5,1.0,0.5254237288135594,1.9032258064516128,1.9032258064516128,1.9032258064516128,1.0,0.5254237288135594,1.9032258064516128,175.77460199736473,43.40759409925216,132.36700789811258,-40.75877551553958,305.4927913117647,2.6488185837125764,348.9003854110168,-6.260324572658905,422.8863243564285,61.87156212914213,53.508380019713364,0.19337016574585636,0.0,1.0725187303048236,83.0,0.5
AMD,0,2021-01…2021-06,WINDOW_CLOSING,13,20,25.0,5,5,1.0,0.5254237288135594,1.9032258064516128,1.9032258064516128,1.9032258064516128,1.0,0.5254237288135594,1.9032258064516128,175.77460199736473,43.40759409925216,132.36700789811258,-40.75877551553958,305.4927913117647,2.6488185837125764,348.9003854110168,-6.260324572658905,422.8863243564285,61.87156212914213,53.508380019713364,0.19337016574585636,0.0,1.0725187303048236,83.0,0.5
AMD,0,2021-01…2021-06,WINDOW_CLOSING,13,20,50.0,5,5,1.0,0.5254237288135594,1.9032258064516128,1.9032258064516128,1.9032258064516128,1.0,0.5254237288135594,1.9032258064516128,175.77460199736473,43.40759409925216,132.36700789811258,-40.75877551553958,305.4927913117647,2.6488185837125764,348.9003854110168,-6.260324572658905,422.8863243564285,61.87156212914213,53.508380019713364,0.19337016574585636,0.0,1.0725187303048236,83.0,0.5
AMD,1,2021-07…2021-12,BUY_NOW,6,1,0.0,6,6,0.6666666666666666,0.5426356589147286,1.2285714285714286,0.6142857142857143,1.842857142857143,0.6666666666666666,0.5426356589147286,1.2285714285714286,0.6125609512859977,4.881434154373047,-4.2688732030870495,-23.823425406975364,15.944607355364536,-18.941991252602318,20.826041509737582,-23.914092070949966,18.976651867219825,27.94949603120267,115.89897251187347,0.2282608695652174,0.0,0.5528334084522117,54.0,0.16666666666666666
AMD,1,2021-07…2021-12,BUY_NOW,6,1,10.0,6,6,0.6666666666666666,0.6046511627906976,1.1025641025641026,0.5512820512820513,1.653846153846154,0.6666666666666666,0.6046511627906976,1.1025641025641026,0.6125609512859977,4.881434154373047,-4.2688732030870495,-23.823425406975364,15.944607355364536,-18.941991252602318,20.826041509737582,-23.914092070949966,18.976651867219825,27.94949603120267,115.89897251187347,0.2282608695652174,0.0,0.5528334084522117,54.0,0.16666666666666666
AMD,1,2021-07…2021-12,BUY_NOW,6,1,25.0,6,6,0.6666666666666666,0.6744186046511628,0.9885057471264368,0.4942528735632184,1.4827586206896552,0.6666666666666666,0.6744186046511628,0.9885057471264368,0.6125609512859977,4.881434154373047,-4.2688732030870495,-23.823425406975364,15.944607355364536,-18.941991252602318,20.826041509737582,-23.914092070949966,18.976651867219825,27.94949603120267,115.89897251187347,0.2282608695652174,0.0,0.5528334084522117,54.0,0.16666666666666666
AMD,1,2021-07…2021-12,BUY_NOW,6,1,50.0,6,6,1.0,0.7906976744186046,1.2647058823529413,1.2647058823529413,1.2647058823529413,1.0,0.7906976744186046,1.2647058823529413,0.6125609512859977,4.881434154373047,-4.2688732030870495,-23.823425406975364,15.944607355364536,-18.941991252602318,20.826041509737582,-23.914092070949966,18.976651867219825,27.94949603120267,115.89897251187347,0.2282608695652174,0.0,0.5528334084522117,54.0,0.16666666666666666
AMD,1,2021-07…2021-12,BUY_NOW,6,3,0.0,6,6,0.5,0.3643410852713178,1.372340425531915,0.4574468085106383,2.287234042553192,0.5,0.5426356589147286,0.9214285714285715,16.29825508366193,8.759732184610117,7.538522899051815,-23.885666953701413,46.23725888777846,-15.125934769091296,54.996991072388575,-14.599360855347857,57.00789996574351,48.7358046217858,115.89897251187347,0.2282608695652174,0.0,0.5528334084522117,54.0,0.16666666666666666
AMD,1,2021-07…2021-12,BUY_NOW,6,3,10.0,6,6,0.5,0.4186046511627907,1.1944444444444444,0.3981481481481481,1.9907407407407407,0.6666666666666666,0.5891472868217055,1.1315789473684208,16.29825508366193,8.759732184610117,7.538522899051815,-23.885666953701413,46.23725888777846,-15.125934769091296,54.996991072388575,-14.599360855347857,57.00789996574351,48.7358046217858,115.89897251187347,0.2282608695652174,0.0,0.5528334084522117,54.0,0.16666666666666666
AMD,1,2021-07…2021-12,BUY_NOW,6,3,25.0,6,6,0.5,0.46511627906976744,1.075,0.35833333333333334,1.7916666666666667,0.8333333333333334,0.6589147286821705,1.2647058823529413,16.29825508366193,8.759732184610117,7.538522899051815,-23.885666953701413,46.23725888777846,-15.125934769091296,54.996991072388575,-14.599360855347857,57.00789996574351,48.7358046217858,115.89897251187347,0.2282608695652174,0.0,0.5528334084522117,54.0,0.16666666666666666
AMD,1,2021-07…2021-12,BUY_NOW,6,3,50.0,6,6,0.8333333333333334,0.5891472868217055,1.4144736842105263,0.8486842105263157,1.6973684210526314,1.0,0.7674418604651163,1.303030303030303,16.29825508366193,8.759732184610117,7.538522899051815,-23.885666953701413,46.23725888777846,-15.125934769091296,54.996991072388575,-14.599360855347857,57.00789996574351,48.7358046217858,115.89897251187347,0.2282608695652174,0.0,0.5528334084522117,54.0,0.16666666666666666
AMD,1,2021-07…2021-12,BUY_NOW,6,5,0.0,6,6,0.5,0.2713178294573643,1.842857142857143,0.6142857142857143,3.0714285714285716,0.8333333333333334,0.5426356589147286,1.5357142857142858,46.24543444767445,12.776400310582584,33.46903413709187,-26.04159930111709,94.851540877824,-13.265198990534502,107.62794118840658,-13.738120433757581,104.5565531145146,69.36712007718393,115.89897251187347,0.2282608695652174,0.0,0.5528334084522117,54.0,0.16666666666666666
AMD,1,2021-07…2021-12,BUY_NOW,6,5,10.0,6,6,0.5,0.3178294573643411,1.573170731707317,0.5243902439024389,2.6219512195121952,0.8333333333333334,0.5813953488372093,1.4333333333333333,46.24543444767445,12.776400310582584,33.46903413709187,-26.04159930111709,94.851540877824,-13.265198990534502,107.62794118840658,-13.738120433757581,104.5565531145146,69.36712007718393,115.89897251187347,0.2282608695652174,0.0,0.5528334084522117,54.0,0.16666666666666666
AMD,1,2021-07…2021-12,BUY_NOW,6,5,25.0,6,6,0.5,0.37209302325581395,1.34375,0.44791666666666663,2.2395833333333335,0.8333333333333334,0.6201550387596899,1.34375,46.24543444767445,12.776400310582584,33.46903413709187,-26.04159930111709,94.851540877824,-13.265198990534502,107.62794118840658,-13.738120433757581,104.5565531145146,69.36712007718393,115.89897251187347,0.2282608695652174,0.0,0.5528334084522117,54.0,0.16666666666666666
AMD,1,2021-07…2021-12,BUY_NOW,6,5,50.0,6,6,0.8333333333333334,0.49612403100775193,1.6796875,1.0078125,2.015625,0.8333333333333334,0.7209302325581395,1.1559139784946237,46.24543444767445,12.776400310582584,33.46903413709187,-26.04159930111709,94.851540877824,-13.265198990534502,107.62794118840658,-13.738120433757581,104.5565531145146,69.36712007718393,115.89897251187347,0.2282608695652174,0.0,0.5528334084522117,54.0,0.16666666666666666
AMD,1,2021-07…2021-12,BUY_NOW,6,10,0.0,6,6,0.3333333333333333,0.20155038759689922,1.6538461538461537,0.0,3.3076923076923075,0.8333333333333334,0.6124031007751938,1.3607594936708862,74.9640111990324,23.89685405956318,51.06715713946922,-53.81745392281442,164.71501995237745,-29.920599863251244,188.6118740119406,-42.84959980301651,158.28035336283787,96.84636717579428,115.89897251187347,0.2282608695652174,0.0,0.5528334084522117,54.0,0.16666666666666666
AMD,1,2021-07…2021-12,BUY_NOW,6,10,10.0,6,6,0.3333333333333333,0.23255813953488372,1.4333333333333333,0.0,2.8666666666666667,0.8333333333333334,0.6124031007751938,1.3607594936708862,74.9640111990324,23.89685405956318,51.06715713946922,-53.81745392281442,164.71501995237745,-29.920599863251244,188.6118740119406,-42.84959980301651,158.28035336283787,96.84636717579428,115.89897251187347,0.2282608695652174,0.0,0.5528334084522117,54.0,0.16666666666666666
AMD,1,2021-07…2021-12,BUY_NOW,6,10,25.0,6,6,0.3333333333333333,0.27906976744186046,1.1944444444444444,0.0,2.388888888888889,0.8333333333333334,0.6434108527131783,1.2951807228915662,74.9640111990324,23.89685405956318,51.06715713946922,-53.81745392281442,164.71501995237745,-29.920599863251244,188.6118740119406,-42.84959980301651,158.28035336283787,96.84636717579428,115.89897251187347,0.2282608695652174,0.0,0.5528334084522117,54.0,0.16666666666666666
AMD,1,2021-07…2021-12,BUY_NOW,6,10,50.0,6,6,0.8333333333333334,0.4186046511627907,1.9907407407407407,1.1944444444444444,2.388888888888889,0.8333333333333334,0.7054263565891473,1.1813186813186813,74.9640111990324,23.89685405956318,51.06715713946922,-53.81745392281442,164.71501995237745,-29.920599863251244,188.6118740119406,-42.84959980301651,158.28035336283787,96.84636717579428,115.89897251187347,0.2282608695652174,0.0,0.5528334084522117,54.0,0.16666666666666666
AMD,1,2021-07…2021-12,BUY_NOW,6,20,0.0,6,6,0.3333333333333333,0.10852713178294573,3.071428571428571,0.0,6.142857142857142,0.8333333333333334,0.5813953488372093,1.4333333333333333,176.19332170660786,51.49644441112181,124.69687729548605,-44.687105365817914,311.5474259314417,6.809339045303896,363.0438703425635,-24.194575101137428,324.11317115092515,144.93648161458077,115.89897251187347,0.2282608695652174,0.0,0.5528334084522117,54.0,0.16666666666666666
AMD,1,2021-07…2021-12,BUY_NOW,6,20,10.0,6,6,0.3333333333333333,0.12403100775193798,2.6875,0.0,5.375,0.8333333333333334,0.6124031007751938,1.3607594936708862,176.19332170660786,51.49644441112181,124.69687729548605,-44.687105365817914,311.5474259314417,6.809339045303896,363.0438703425635,-24.194575101137428,324.11317115092515,144.93648161458077,115.89897251187347,0.2282608695652174,0.0,0.5528334084522117,54.0,0.16666666666666666
AMD,1,2021-07…2021-12,BUY_NOW,6,20,25.0,6,6,0.3333333333333333,0.13953488372093023,2.388888888888889,0.0,4.777777777777778,0.8333333333333334,0.6589147286821705,1.2647058823529413,176.19332170660786,51.49644441112181,124.69687729548605,-44.687105365817914,311.5474259314417,6.809339045303896,363.0438703425635,-24.194575101137428,324.11317115092515,144.93648161458077,115.89897251187347,0.2282608695652174,0.0,0.5528334084522117,54.0,0.16666666666666666
AMD,1,2021-07…2021-12,BUY_NOW,6,20,50.0,6,6,0.8333333333333334,0.2713178294573643,3.0714285714285716,1.842857142857143,3.685714285714286,0.8333333333333334,0.7131782945736435,1.1684782608695652,176.19332170660786,51.49644441112181,124.69687729548605,-44.687105365817914,311.5474259314417,6.809339045303896,363.0438703425635,-24.194575101137428,324.11317115092515,144.93648161458077,115.89897251187347,0.2282608695652174,0.0,0.5528334084522117,54.0,0.16666666666666666
AMD,2,2022-01…2022-06,BUY_NOW,15,1,0.0,15,15,0.26666666666666666,0.4017094017094017,0.6638297872340425,0.16595744680851063,1.327659574468085,0.26666666666666666,0.4017094017094017,0.6638297872340425,-110.8307673367584,-8.86416724665619,-101.9666000901022,-161.62039842698286,-43.55446468212013,-170.48456567363905,-52.41863192877632,-161.00315779946678,-53.95667399684838,21.838569563642057,-105.60221526995063,0.580110497237569,0.0,1.00508855188506,48.0,0.16666666666666666
AMD,2,2022-01…2022-06,BUY_NOW,15,1,10.0,15,15,0.26666666666666666,0.4358974358974359,0.6117647058823529,0.15294117647058822,1.2235294117647058,0.26666666666666666,0.4358974358974359,0.6117647058823529,-110.8307673367584,-8.86416724665619,-101.9666000901022,-161.62039842698286,-43.55446468212013,-170.48456567363905,-52.41863192877632,-161.00315779946678,-53.95667399684838,21.838569563642057,-105.60221526995063,0.580110497237569,0.0,1.00508855188506,48.0,0.16666666666666666
AMD,2,2022-01…2022-06,BUY_NOW,15,1,25.0,15,15,0.3333333333333333,0.4700854700854701,0.7090909090909091,0.28363636363636363,1.2763636363636364,0.3333333333333333,0.4700854700854701,0.7090909090909091,-110.8307673367584,-8.86416724665619,-101.9666000901022,-161.62039842698286,-43.55446468212013,-170.48456567363905,-52.41863192877632,-161.00315779946678,-53.95667399684838,21.838569563642057,-105.60221526995063,0.580110497237569,0.0,1.00508855188506,48.0,0.16666666666666666
AMD,2,2022-01…2022-06,BUY_NOW,15,1,50.0,15,15,0.4666666666666667,0.5811965811965812,0.8029411764705882,0.34411764705882353,1.2617647058823527,0.4666666666666667,0.5811965811965812,0.8029411764705882,-110.8307673367584,-8.86416724665619,-101.9666000901022,-161.62039842698286,-43.55446468212013,-170.48456567363905,-52.41863192877632,-161.00315779946678,-53.95667399684838,21.838569563642057,-105.60221526995063,0.580110497237569,0.0,1.00508855188506,48.0,0.16666666666666666
AMD,2,2022-01…2022-06,BUY_NOW,15,3,0.0,15,15,0.06666666666666667,0.24786324786324787,0.2689655172413793,0.0,0.806896551724138,0.26666666666666666,0.38461538461538464,0.6933333333333332,-113.57773000298224,-13.167613308140522,-100.41011669484172,-200.23671619887375,-10.46318685150768,-213.40432950701427,-23.630800159648203,-180.421525543564,-46.53716540887439,30.044354538617984,-105.60221526995063,0.580110497237569,0.0,1.00508855188506,48.0,0.16666666666666666
AMD,2,2022-01…2022-06,BUY_NOW,15,3,10.0,15,15,0.06666666666666667,0.24786324786324787,0.2689655172413793,0.0,0.806896551724138,0.26666666666666666,0.41025641025641024,0.65,-113.57773000298224,-13.167613308140522,-100.41011669484172,-200.23671619887375,-10.46318685150768,-213.40432950701427,-23.630800159648203,-180.421525543564,-46.53716540887439,30.044354538617984,-105.60221526995063,0.580110497237569,0.0,1.00508855188506,48.0,0.16666666666666666
AMD,2,2022-01…2022-06,BUY_NOW,15,3,25.0,15,15,0.13333333333333333,0.28205128205128205,0.4727272727272727,0.0,1.1818181818181817,0.26666666666666666,0.4444444444444444,0.6,-113.57773000298224,-13.167613308140522,-100.41011669484172,-200.23671619887375,-10.46318685150768,-213.40432950701427,-23.630800159648203,-180.421525543564,-46.53716540887439,30.044354538617984,-105.60221526995063,0.580110497237569,0.0,1.00508855188506,48.0,0.16666666666666666
AMD,2,2022-01…2022-06,BUY_NOW,15,3,50.0,15,15,0.2,0.3504273504273504,0.5707317073170732,0.0,1.1414634146341465,0.4,0.48717948717948717,0.8210526315789475,-113.57773000298224,-13.167613308140522,-100.41011669484172,-200.23671619887375,-10.46318685150768,-213.40432950701427,-23.630800159648203,-180.421525543564,-46.53716540887439,30.044354538617984,-105.60221526995063,0.580110497237569,0.0,1.00508855188506,48.0,0.16666666666666666
AMD,2,2022-01…2022-06,BUY_NOW,15,5,0.0,15,15,0.0,0.20512820512820512,0.0,0.0,0.0,0.26666666666666666,0.38461538461538464,0.6933333333333332,-100.16137503158058,-9.493046213200943,-90.66832881837963,-219.7519798876091,61.54283950462568,-229.24502610081007,52.04979329142474,-197.02730394030107,-27.97390468156336,71.70562178889169,-105.60221526995063,0.580110497237569,0.0,1.00508855188506,48.0,0.16666666666666666
AMD,2,2022-01…2022-06,BUY_NOW,15,5,10.0,15,15,0.0,0.20512820512820512,0.0,0.0,0.0,0.26666666666666666,0.4017094017094017,0.6638297872340425,-100.16137503158058,-9.493046213200943,-90.66832881837963,-219.7519798876091,61.54283950462568,-229.24502610081007,52.04979329142474,-197.02730394030107,-27.97390468156336,71.70562178889169,-105.60221526995063,0.580110497237569,0.0,1.00508855188506,48.0,0.16666666666666666
AMD,2,2022-01…2022-06,BUY_NOW,15,5,25.0,15,15,0.0,0.20512820512820512,0.0,0.0,0.0,0.26666666666666666,0.4017094017094017,0.6638297872340425,-100.16137503158058,-9.493046213200943,-90.66832881837963,-219.7519798876091,61.54283950462568,-229.24502610081007,52.04979329142474,-197.02730394030107,-27.97390468156336,71.70562178889169,-105.60221526995063,0.580110497237569,0.0,1.00508855188506,48.0,0.16666666666666666
AMD,2,2022-01…2022-06,BUY_NOW,15,5,50.0,15,15,0.13333333333333333,0.27350427350427353,0.48749999999999993,0.0,1.2187499999999998,0.3333333333333333,0.4358974358974359,0.7647058823529411,-100.16137503158058,-9.493046213200943,-90.66832881837963,-219.7519798876091,61.54283950462568,-229.24502610081007,52.04979329142474,-197.02730394030107,-27.97390468156336,71.70562178889169,-105.60221526995063,0.580110497237569,0.0,1.00508855188506,48.0,0.16666666666666666
AMD,2,2022-01…2022-06,BUY_NOW,15,10,0.0,15,15,0.0,0.15384615384615385,0.0,0.0,0.0,0.26666666666666666,0.38461538461538464,0.6933333333333332,-123.80083118350608,-0.07325044354054346,-123.72758073996553,-322.41317127541623,113.39145879345334,-322.48642171895676,113.3182083499128,-340.30631552787725,56.389375536002476,153.40153295143529,-105.60221526995063,0.580110497237569,0.0,1.00508855188506,48.0,0.16666666666666666
AMD,2,2022-01…2022-06,BUY_NOW,15,10,10.0,15,15,0.0,0.1623931623931624,0.0,0.0,0.0,0.26666666666666666,0.38461538461538464,0.6933333333333332,-123.80083118350608,-0.07325044354054346,-123.72758073996553,-322.41317127541623,113.39145879345334,-322.48642171895676,113.3182083499128,-340.30631552787725,56.389375536002476,153.40153295143529,-105.60221526995063,0.580110497237569,0.0,1.00508855188506,48.0,0.16666666666666666
AMD,2,2022-01…2022-06,BUY_NOW,15,10,25.0,15,15,0.0,0.1623931623931624,0.0,0.0,0.0,0.26666666666666666,0.38461538461538464,0.6933333333333332,-123.80083118350608,-0.07325044354054346,-123.72758073996553,-322.41317127541623,113.39145879345334,-322.48642171895676,113.3182083499128,-340.30631552787725,56.389375536002476,153.40153295143529,-105.60221526995063,0.580110497237569,0.0,1.00508855188506,48.0,0.16666666666666666
AMD,2,2022-01…2022-06,BUY_NOW,15,10,50.0,15,15,0.06666666666666667,0.21367521367521367,0.312,0.0,0.936,0.26666666666666666,0.41025641025641024,0.65,-123.80083118350608,-0.07325044354054346,-123.72758073996553,-322.41317127541623,113.39145879345334,-322.48642171895676,113.3182083499128,-340.30631552787725,56.389375536002476,153.40153295143529,-105.60221526995063,0.580110497237569,0.0,1.00508855188506,48.0,0.16666666666666666
AMD,2,2022-01…2022-06,BUY_NOW,15,20,0.0,15,15,0.0,0.10256410256410256,0.0,0.0,0.0,0.4,0.4188034188034188,0.9551020408163265,-70.87304299876777,-7.685668238494408,-63.187374760273364,-439.2491494184753,355.9599702473294,-446.93481765696976,348.274302008835,-618.9723589758095,591.3338604703868,354.05456948349973,-105.60221526995063,0.580110497237569,0.0,1.00508855188506,48.0,0.16666666666666666
AMD,2,2022-01…2022-06,BUY_NOW,15,20,10.0,15,15,0.0,0.10256410256410256,0.0,0.0,0.0,0.4,0.42735042735042733,0.936,-70.87304299876777,-7.685668238494408,-63.187374760273364,-439.2491494184753,355.9599702473294,-446.93481765696976,348.274302008835,-618.9723589758095,591.3338604703868,354.05456948349973,-105.60221526995063,0.580110497237569,0.0,1.00508855188506,48.0,0.16666666666666666
AMD,2,2022-01…2022-06,BUY_NOW,15,20,25.0,15,15,0.0,0.10256410256410256,0.0,0.0,0.0,0.4,0.42735042735042733,0.936,-70.87304299876777,-7.685668238494408,-63.187374760273364,-439.2491494184753,355.9599702473294,-446.93481765696976,348.274302008835,-618.9723589758095,591.3338604703868,354.05456948349973,-105.60221526995063,0.580110497237569,0.0,1.00508855188506,48.0,0.16666666666666666
AMD,2,2022-01…2022-06,BUY_NOW,15,20,50.0,15,15,0.06666666666666667,0.13675213675213677,0.48749999999999993,0.0,1.4625,0.4,0.4358974358974359,0.9176470588235295,-70.87304299876777,-7.685668238494408,-63.187374760273364,-439.2491494184753,355.9599702473294,-446.93481765696976,348.274302008835,-618.9723589758095,591.3338604703868,354.05456948349973,-105.60221526995063,0.580110497237569,0.0,1.00508855188506,48.0,0.16666666666666666
AMD,3,2022-07…2022-12,BUY_NOW,5,1,0.0,5,5,0.4,0.5923076923076923,0.6753246753246753,0.0,1.3506493506493507,0.4,0.5923076923076923,0.6753246753246753,19.49221967453418,24.468316810629805,-4.976097136095625,-86.5283465686765,91.60475047265058,-62.060029758046696,116.07306728328038,-79.51776324227167,66.37504704897378,12.042187455988174,17.118525899405988,0.19021739130434784,0.0,0.7084986597800411,67.0,0.5
AMD,3,2022-07…2022-12,BUY_NOW,5,1,10.0,5,5,0.4,0.6461538461538462,0.6190476190476191,0.0,1.2380952380952381,0.4,0.6461538461538462,0.6190476190476191,19.49221967453418,24.468316810629805,-4.976097136095625,-86.5283465686765,91.60475047265058,-62.060029758046696,116.07306728328038,-79.51776324227167,66.37504704897378,12.042187455988174,17.118525899405988,0.19021739130434784,0.0,0.7084986597800411,67.0,0.5
AMD,3,2022-07…2022-12,BUY_NOW,5,1,25.0,5,5,0.6,0.6846153846153846,0.8764044943820224,0.29213483146067415,1.4606741573033708,0.6,0.6846153846153846,0.8764044943820224,19.49221967453418,24.468316810629805,-4.976097136095625,-86.5283465686765,91.60475047265058,-62.060029758046696,116.07306728328038,-79.51776324227167,66.37504704897378,12.042187455988174,17.118525899405988,0.19021739130434784,0.0,0.7084986597800411,67.0,0.5
AMD,3,2022-07…2022-12,BUY_NOW,5,1,50.0,5,5,0.6,0.7769230769230769,0.7722772277227722,0.25742574257425743,1.2871287128712872,0.6,0.7769230769230769,0.7722772277227722,19.49221967453418,24.468316810629805,-4.976097136095625,-86.5283465686765,91.60475047265058,-62.060029758046696,116.07306728328038,-79.51776324227167,66.37504704897378,12.042187455988174,17.118525899405988,0.19021739130434784,0.0,0.7084986597800411,67.0,0.5
AMD,3,2022-07…2022-12,BUY_NOW,5,3,0.0,5,5,0.4,0.4307692307692308,0.9285714285714286,0.0,1.8571428571428572,0.4,0.5769230769230769,0.6933333333333335,21.620417156844155,45.362134013529136,-23.74171685668498,-208.97704347314468,190.52728729175598,-163.61490945961555,235.8894213052851,-180.52377320111668,102.02368454299949,39.71452069830161,17.118525899405988,0.19021739130434784,0.0,0.7084986597800411,67.0,0.5
AMD,3,2022-07…2022-12,BUY_NOW,5,3,10.0,5,5,0.4,0.45384615384615384,0.8813559322033899,0.0,1.7627118644067798,0.4,0.6153846153846154,0.65,21.620417156844155,45.362134013529136,-23.74171685668498,-208.97704347314468,190.52728729175598,-163.61490945961555,235.8894213052851,-180.52377320111668,102.02368454299949,39.71452069830161,17.118525899405988,0.19021739130434784,0.0,0.7084986597800411,67.0,0.5
AMD,3,2022-07…2022-12,BUY_NOW,5,3,25.0,5,5,0.4,0.5076923076923077,0.787878787878788,0.0,1.575757575757576,0.4,0.6461538461538462,0.6190476190476191,21.620417156844155,45.362134013529136,-23.74171685668498,-208.97704347314468,190.52728729175598,-163.61490945961555,235.8894213052851,-180.52377320111668,102.02368454299949,39.71452069830161,17.118525899405988,0.19021739130434784,0.0,0.7084986597800411,67.0,0.5
AMD,3,2022-07…2022-12,BUY_NOW,5,3,50.0,5,5,0.4,0.6153846153846154,0.65,0.0,1.3,0.6,0.7153846153846154,0.8387096774193548,21.620417156844155,45.362134013529136,-23.74171685668498,-208.97704347314468,190.52728729175598,-163.61490945961555,235.8894213052851,-180.52377320111668,102.02368454299949,39.71452069830161,17.118525899405988,0.19021739130434784,0.0,0.7084986597800411,67.0,0.5
AMD,3,2022-07…2022-12,BUY_NOW,5,5,0.0,5,5,0.4,0.36923076923076925,1.0833333333333333,0.0,2.1666666666666665,0.4,0.5846153846153846,0.6842105263157895,16.041151338326504,58.48524566659347,-42.44409432826697,-311.5228839311525,264.4002466778791,-253.03763826455898,322.8854923444726,-227.7259134754939,83.23498240235426,66.08375338295703,17.118525899405988,0.19021739130434784,0.0,0.7084986597800411,67.0,0.5
AMD,3,2022-07…2022-12,BUY_NOW,5,5,10.0,5,5,0.4,0.4,1.0,0.0,2.0,0.4,0.5923076923076923,0.6753246753246753,16.041151338326504,58.48524566659347,-42.44409432826697,-311.5228839311525,264.4002466778791,-253.03763826455898,322.8854923444726,-227.7259134754939,83.23498240235426,66.08375338295703,17.118525899405988,0.19021739130434784,0.0,0.7084986597800411,67.0,0.5
AMD,3,2022-07…2022-12,BUY_NOW,5,5,25.0,5,5,0.4,0.4461538461538462,0.896551724137931,0.0,1.793103448275862,0.4,0.6230769230769231,0.6419753086419754,16.041151338326504,58.48524566659347,-42.44409432826697,-311.5228839311525,264.4002466778791,-253.03763826455898,322.8854923444726,-227.7259134754939,83.23498240235426,66.08375338295703,17.118525899405988,0.19021739130434784,0.0,0.7084986597800411,67.0,0.5
AMD,3,2022-07…2022-12,BUY_NOW,5,5,50.0,5,5,0.4,0.5,0.8,0.0,1.6,0.6,0.676923076923077,0.8863636363636362,16.041151338326504,58.48524566659347,-42.44409432826697,-311.5228839311525,264.4002466778791,-253.03763826455898,322.8854923444726,-227.7259134754939,83.23498240235426,66.08375338295703,17.118525899405988,0.19021739130434784,0.0,0.7084986597800411,67.0,0.5
AMD,3,2022-07…2022-12,BUY_NOW,5,10,0.0,5,5,0.4,0.3153846153846154,1.2682926829268293,0.0,2.5365853658536586,0.6,0.6230769230769231,0.9629629629629629,54.61382799638416,91.81949940320327,-37.20567140681911,-295.7953951876457,236.3445080783049,-203.97589578444243,328.1640074815082,-316.39024456099895,166.0654157661018,40.24317766610985,17.118525899405988,0.19021739130434784,0.0,0.7084986597800411,67.0,0.5
AMD,3,2022-07…2022-12,BUY_NOW,5,10,10.0,5,5,0.4,0.33076923076923076,1.2093023255813955,0.0,2.418604651162791,0.6,0.6307692307692307,0.9512195121951219,54.61382799638416,91.81949940320327,-37.20567140681911,-295.7953951876457,236.3445080783049,-203.97589578444243,328.1640074815082,-316.39024456099895,166.0654157661018,40.24317766610985,17.118525899405988,0.19021739130434784,0.0,0.7084986597800411,67.0,0.5
AMD,3,2022-07…2022-12,BUY_NOW,5,10,25.0,5,5,0.4,0.36153846153846153,1.1063829787234043,0.0,2.2127659574468086,0.6,0.6307692307692307,0.9512195121951219,54.61382799638416,91.81949940320327,-37.20567140681911,-295.7953951876457,236.3445080783049,-203.97589578444243,328.1640074815082,-316.39024456099895,166.0654157661018,40.24317766610985,17.118525899405988,0.19021739130434784,0.0,0.7084986597800411,67.0,0.5
AMD,3,2022-07…2022-12,BUY_NOW,5,10,50.0,5,5,0.4,0.4153846153846154,0.9629629629629629,0.0,1.9259259259259258,0.6,0.6615384615384615,0.9069767441860465,54.61382799638416,91.81949940320327,-37.20567140681911,-295.7953951876457,236.3445080783049,-203.97589578444243,328.1640074815082,-316.39024456099895,166.0654157661018,40.24317766610985,17.118525899405988,0.19021739130434784,0.0,0.7084986597800411,67.0,0.5
AMD,3,2022-07…2022-12,BUY_NOW,5,20,0.0,5,5,0.2,0.23076923076923078,0.8666666666666667,0.0,2.5999999999999996,0.8,0.6538461538461539,1.223529411764706,141.94342266596615,176.90563882369997,-34.96221615773382,-252.65090354777948,212.8191284744217,-75.7452647240795,389.72476729812166,-211.90673875917113,355.10126359708073,-31.377529309191573,17.118525899405988,0.19021739130434784,0.0,0.7084986597800411,67.0,0.5
AMD,3,2022-07…2022-12,BUY_NOW,5,20,10.0,5,5,0.4,0.25384615384615383,1.575757575757576,0.0,3.151515151515152,0.8,0.6538461538461539,1.223529411764706,141.94342266596615,176.90563882369997,-34.96221615773382,-252.65090354777948,212.8191284744217,-75.7452647240795,389.72476729812166,-211.90673875917113,355.10126359708073,-31.377529309191573,17.118525899405988,0.19021739130434784,0.0,0.7084986597800411,67.0,0.5
AMD,3,2022-07…2022-12,BUY_NOW,5,20,25.0,5,5,0.4,0.26153846153846155,1.5294117647058822,0.0,3.0588235294117645,0.8,0.6692307692307692,1.1954022988505748,141.94342266596615,176.90563882369997,-34.96221615773382,-252.65090354777948,212.8191284744217,-75.7452647240795,389.72476729812166,-211.90673875917113,355.10126359708073,-31.377529309191573,17.118525899405988,0.19021739130434784,0.0,0.7084986597800411,67.0,0.5
AMD,3,2022-07…2022-12,BUY_NOW,5,20,50.0,5,5,0.4,0.3,1.3333333333333335,0.0,2.666666666666667,0.8,0.6923076923076923,1.1555555555555557,141.94342266596615,176.90563882369997,-34.96221615773382,-252.65090354777948,212.8191284744217,-75.7452647240795,389.72476729812166,-211.90673875917113,355.10126359708073,-31.377529309191573,17.118525899405988,0.19021739130434784,0.0,0.7084986597800411,67.0,0.5
AMD,4,2023-01…2023-06,BUY_NOW,4,1,0.0,4,4,0.5,0.635593220338983,0.7866666666666667,,,0.5,0.635593220338983,0.7866666666666667,-54.218268638754054,22.337398747835184,-76.55566738658923,,,,,,,-39.375433354073564,171.40325801445977,0.15469613259668508,0.0,0.809007002545717,113.0,0.5
AMD,4,2023-01…2023-06,BUY_NOW,4,1,10.0,4,4,0.5,0.7033898305084746,0.7108433734939759,,,0.5,0.7033898305084746,0.7108433734939759,-54.218268638754054,22.337398747835184,-76.55566738658923,,,,,,,-39.375433354073564,171.40325801445977,0.15469613259668508,0.0,0.809007002545717,113.0,0.5
AMD,4,2023-01…2023-06,BUY_NOW,4,1,25.0,4,4,0.5,0.788135593220339,0.6344086021505376,,,0.5,0.788135593220339,0.6344086021505376,-54.218268638754054,22.337398747835184,-76.55566738658923,,,,,,,-39.375433354073564,171.40325801445977,0.15469613259668508,0.0,0.809007002545717,113.0,0.5
AMD,4,2023-01…2023-06,BUY_NOW,4,1,50.0,4,4,0.5,0.8559322033898306,0.5841584158415841,,,0.5,0.8559322033898306,0.5841584158415841,-54.218268638754054,22.337398747835184,-76.55566738658923,,,,,,,-39.375433354073564,171.40325801445977,0.15469613259668508,0.0,0.809007002545717,113.0,0.5
AMD,4,2023-01…2023-06,BUY_NOW,4,3,0.0,4,4,0.5,0.5508474576271186,0.9076923076923077,,,0.5,0.711864406779661,0.7023809523809524,-29.535774373141983,46.772252988018025,-76.30802736116001,,,,,,,-15.279882017174561,171.40325801445977,0.15469613259668508,0.0,0.809007002545717,113.0,0.5
AMD,4,2023-01…2023-06,BUY_NOW,4,3,10.0,4,4,0.5,0.6101694915254238,0.8194444444444444,,,0.5,0.7372881355932204,0.6781609195402298,-29.535774373141983,46.772252988018025,-76.30802736116001,,,,,,,-15.279882017174561,171.40325801445977,0.15469613259668508,0.0,0.809007002545717,113.0,0.5
AMD,4,2023-01…2023-06,BUY_NOW,4,3,25.0,4,4,0.5,0.6610169491525424,0.7564102564102564,,,0.5,0.7796610169491526,0.6413043478260869,-29.535774373141983,46.772252988018025,-76.30802736116001,,,,,,,-15.279882017174561,171.40325801445977,0.15469613259668508,0.0,0.809007002545717,113.0,0.5
AMD,4,2023-01…2023-06,BUY_NOW,4,3,50.0,4,4,0.5,0.7627118644067796,0.6555555555555556,,,0.5,0.847457627118644,0.5900000000000001,-29.535774373141983,46.772252988018025,-76.30802736116001,,,,,,,-15.279882017174561,171.40325801445977,0.15469613259668508,0.0,0.809007002545717,113.0,0.5
AMD,4,2023-01…2023-06,BUY_NOW,4,5,0.0,4,4,0.5,0.5,1.0,,,0.5,0.7457627118644068,0.6704545454545454,33.90227913535465,74.35492124032587,-40.45264210497122,,,,,,,47.024004328155016,171.40325801445977,0.15469613259668508,0.0,0.809007002545717,113.0,0.5
AMD,4,2023-01…2023-06,BUY_NOW,4,5,10.0,4,4,0.5,0.5508474576271186,0.9076923076923077,,,0.5,0.8135593220338984,0.6145833333333333,33.90227913535465,74.35492124032587,-40.45264210497122,,,,,,,47.024004328155016,171.40325801445977,0.15469613259668508,0.0,0.809007002545717,113.0,0.5
AMD,4,2023-01…2023-06,BUY_NOW,4,5,25.0,4,4,0.5,0.6016949152542372,0.8309859154929579,,,0.5,0.8389830508474576,0.595959595959596,33.90227913535465,74.35492124032587,-40.45264210497122,,,,,,,47.024004328155016,171.40325801445977,0.15469613259668508,0.0,0.809007002545717,113.0,0.5
AMD,4,2023-01…2023-06,BUY_NOW,4,5,50.0,4,4,0.5,0.7457627118644068,0.6704545454545454,,,0.5,0.864406779661017,0.5784313725490196,33.90227913535465,74.35492124032587,-40.45264210497122,,,,,,,47.024004328155016,171.40325801445977,0.15469613259668508,0.0,0.809007002545717,113.0,0.5
AMD,4,2023-01…2023-06,BUY_NOW,4,10,0.0,4,4,0.5,0.4745762711864407,1.0535714285714286,,,0.75,0.8220338983050848,0.9123711340206185,151.34378571858926,142.4337110635744,8.910074655014853,,,,,,,130.27643306810387,171.40325801445977,0.15469613259668508,0.0,0.809007002545717,113.0,0.5
AMD,4,2023-01…2023-06,BUY_NOW,4,10,10.0,4,4,0.5,0.5338983050847458,0.9365079365079365,,,0.75,0.8305084745762712,0.9030612244897959,151.34378571858926,142.4337110635744,8.910074655014853,,,,,,,130.27643306810387,171.40325801445977,0.15469613259668508,0.0,0.809007002545717,113.0,0.5
AMD,4,2023-01…2023-06,BUY_NOW,4,10,25.0,4,4,0.5,0.576271186440678,0.8676470588235294,,,0.75,0.8389830508474576,0.8939393939393939,151.34378571858926,142.4337110635744,8.910074655014853,,,,,,,130.27643306810387,171.40325801445977,0.15469613259668508,0.0,0.809007002545717,113.0,0.5
AMD,4,2023-01…2023-06,BUY_NOW,4,10,50.0,4,4,0.5,0.6949152542372882,0.7195121951219512,,,0.75,0.864406779661017,0.8676470588235294,151.34378571858926,142.4337110635744,8.910074655014853,,,,,,,130.27643306810387,171.40325801445977,0.15469613259668508,0.0,0.809007002545717,113.0,0.5
AMD,4,2023-01…2023-06,BUY_NOW,4,20,0.0,4,4,0.5,0.4576271186440678,1.0925925925925926,,,1.0,0.8389830508474576,1.191919191919192,256.8460047470078,274.3772909876495,-17.53128624064169,,,,,,,126.42636077047243,171.40325801445977,0.15469613259668508,0.0,0.809007002545717,113.0,0.5
AMD,4,2023-01…2023-06,BUY_NOW,4,20,10.0,4,4,0.5,0.5169491525423728,0.9672131147540984,,,1.0,0.8389830508474576,1.191919191919192,256.8460047470078,274.3772909876495,-17.53128624064169,,,,,,,126.42636077047243,171.40325801445977,0.15469613259668508,0.0,0.809007002545717,113.0,0.5
AMD,4,2023-01…2023-06,BUY_NOW,4,20,25.0,4,4,0.5,0.559322033898305,0.893939393939394,,,1.0,0.8389830508474576,1.191919191919192,256.8460047470078,274.3772909876495,-17.53128624064169,,,,,,,126.42636077047243,171.40325801445977,0.15469613259668508,0.0,0.809007002545717,113.0,0.5
AMD,4,2023-01…2023-06,BUY_NOW,4,20,50.0,4,4,0.5,0.6610169491525424,0.7564102564102564,,,1.0,0.8389830508474576,1.191919191919192,256.8460047470078,274.3772909876495,-17.53128624064169,,,,,,,126.42636077047243,171.40325801445977,0.15469613259668508,0.0,0.809007002545717,113.0,0.5
AMD,5,2023-07…2023-12,BUY_NOW,12,1,0.0,12,12,0.5,0.5116279069767442,0.9772727272727272,0.4886363636363636,1.4659090909090908,0.5,0.5116279069767442,0.9772727272727272,-18.13038283611216,-2.131650900298136,-15.998731935814025,-71.30089687934526,46.94411391796737,-73.4325477796434,44.81246301766924,-63.849162682701326,25.8605979270465,5.193596540994012,-70.94228423714812,0.4565217391304348,0.0,0.7511324783285568,35.0,0.0
AMD,5,2023-07…2023-12,BUY_NOW,12,1,10.0,12,12,0.5,0.5658914728682171,0.8835616438356164,0.4417808219178082,1.3253424657534247,0.5,0.5658914728682171,0.8835616438356164,-18.13038283611216,-2.131650900298136,-15.998731935814025,-71.30089687934526,46.94411391796737,-73.4325477796434,44.81246301766924,-63.849162682701326,25.8605979270465,5.193596540994012,-70.94228423714812,0.4565217391304348,0.0,0.7511324783285568,35.0,0.0
AMD,5,2023-07…2023-12,BUY_NOW,12,1,25.0,12,12,0.5,0.6434108527131783,0.7771084337349398,0.3885542168674699,1.1656626506024095,0.5,0.6434108527131783,0.7771084337349398,-18.13038283611216,-2.131650900298136,-15.998731935814025,-71.30089687934526,46.94411391796737,-73.4325477796434,44.81246301766924,-63.849162682701326,25.8605979270465,5.193596540994012,-70.94228423714812,0.4565217391304348,0.0,0.7511324783285568,35.0,0.0
AMD,5,2023-07…2023-12,BUY_NOW,12,1,50.0,12,12,0.6666666666666666,0.751937984496124,0.8865979381443299,0.5541237113402062,1.2190721649484535,0.6666666666666666,0.751937984496124,0.8865979381443299,-18.13038283611216,-2.131650900298136,-15.998731935814025,-71.30089687934526,46.94411391796737,-73.4325477796434,44.81246301766924,-63.849162682701326,25.8605979270465,5.193596540994012,-70.94228423714812,0.4565217391304348,0.0,0.7511324783285568,35.0,0.0
AMD,5,2023-07…2023-12,BUY_NOW,12,3,0.0,12,12,0.4166666666666667,0.3643410852713178,1.143617021276596,0.4574468085106383,1.8297872340425532,0.4166666666666667,0.4728682170542636,0.8811475409836066,-50.753171432255215,-5.561279719841638,-45.19189171241358,-135.89411528835313,42.882521426915154,-141.45539500819478,37.32124170707352,-113.58342232222985,7.348380569488959,11.365268156105495,-70.94228423714812,0.4565217391304348,0.0,0.7511324783285568,35.0,0.0
AMD,5,2023-07…2023-12,BUY_NOW,12,3,10.0,12,12,0.4166666666666667,0.40310077519379844,1.0336538461538463,0.41346153846153844,1.6538461538461537,0.4166666666666667,0.5193798449612403,0.8022388059701492,-50.753171432255215,-5.561279719841638,-45.19189171241358,-135.89411528835313,42.882521426915154,-141.45539500819478,37.32124170707352,-113.58342232222985,7.348380569488959,11.365268156105495,-70.94228423714812,0.4565217391304348,0.0,0.7511324783285568,35.0,0.0
AMD,5,2023-07…2023-12,BUY_NOW,12,3,25.0,12,12,0.4166666666666667,0.4573643410852713,0.9110169491525425,0.3644067796610169,1.4576271186440677,0.4166666666666667,0.5658914728682171,0.7363013698630138,-50.753171432255215,-5.561279719841638,-45.19189171241358,-135.89411528835313,42.882521426915154,-141.45539500819478,37.32124170707352,-113.58342232222985,7.348380569488959,11.365268156105495,-70.94228423714812,0.4565217391304348,0.0,0.7511324783285568,35.0,0.0
AMD,5,2023-07…2023-12,BUY_NOW,12,3,50.0,12,12,0.5,0.5581395348837209,0.8958333333333334,0.4479166666666667,1.34375,0.5833333333333334,0.6511627906976745,0.8958333333333334,-50.753171432255215,-5.561279719841638,-45.19189171241358,-135.89411528835313,42.882521426915154,-141.45539500819478,37.32124170707352,-113.58342232222985,7.348380569488959,11.365268156105495,-70.94228423714812,0.4565217391304348,0.0,0.7511324783285568,35.0,0.0
AMD,5,2023-07…2023-12,BUY_NOW,12,5,0.0,12,12,0.16666666666666666,0.27906976744186046,0.5972222222222222,0.0,1.4930555555555556,0.4166666666666667,0.4496124031007752,0.9267241379310345,-58.35369637535383,-11.173804948878907,-47.179891426474924,-125.47038550824604,26.660095126756563,-136.64419045712495,15.486290177877656,-105.51655457072177,2.2622961071361294,28.347743875001928,-70.94228423714812,0.4565217391304348,0.0,0.7511324783285568,35.0,0.0
AMD,5,2023-07…2023-12,BUY_NOW,12,5,10.0,12,12,0.16666666666666666,0.31007751937984496,0.5375,0.0,1.34375,0.4166666666666667,0.46511627906976744,0.8958333333333334,-58.35369637535383,-11.173804948878907,-47.179891426474924,-125.47038550824604,26.660095126756563,-136.64419045712495,15.486290177877656,-105.51655457072177,2.2622961071361294,28.347743875001928,-70.94228423714812,0.4565217391304348,0.0,0.7511324783285568,35.0,0.0
AMD,5,2023-07…2023-12,BUY_NOW,12,5,25.0,12,12,0.25,0.3643410852713178,0.6861702127659575,0.0,1.372340425531915,0.5,0.5348837209302325,0.9347826086956522,-58.35369637535383,-11.173804948878907,-47.179891426474924,-125.47038550824604,26.660095126756563,-136.64419045712495,15.486290177877656,-105.51655457072177,2.2622961071361294,28.347743875001928,-70.94228423714812,0.4565217391304348,0.0,0.7511324783285568,35.0,0.0
AMD,5,2023-07…2023-12,BUY_NOW,12,5,50.0,12,12,0.3333333333333333,0.43410852713178294,0.7678571428571428,0.1919642857142857,1.34375,0.5833333333333334,0.5581395348837209,1.045138888888889,-58.35369637535383,-11.173804948878907,-47.179891426474924,-125.47038550824604,26.660095126756563,-136.64419045712495,15.486290177877656,-105.51655457072177,2.2622961071361294,28.347743875001928,-70.94228423714812,0.4565217391304348,0.0,0.7511324783285568,35.0,0.0
AMD,5,2023-07…2023-12,BUY_NOW,12,10,0.0,12,12,0.16666666666666666,0.17829457364341086,0.9347826086956521,0.0,2.3369565217391304,0.3333333333333333,0.4496124031007752,0.7413793103448275,-68.44132194404449,-25.19271232462392,-43.24860961942057,-138.09292410544643,56.06726813486176,-163.28563643007035,30.87455581023784,-130.88105270954492,74.64479533812732,39.55462528331815,-70.94228423714812,0.4565217391304348,0.0,0.7511324783285568,35.0,0.0
AMD,5,2023-07…2023-12,BUY_NOW,12,10,10.0,12,12,0.16666666666666666,0.20155038759689922,0.8269230769230769,0.0,2.0673076923076925,0.4166666666666667,0.4728682170542636,0.8811475409836066,-68.44132194404449,-25.19271232462392,-43.24860961942057,-138.09292410544643,56.06726813486176,-163.28563643007035,30.87455581023784,-130.88105270954492,74.64479533812732,39.55462528331815,-70.94228423714812,0.4565217391304348,0.0,0.7511324783285568,35.0,0.0
AMD,5,2023-07…2023-12,BUY_NOW,12,10,25.0,12,12,0.16666666666666666,0.24031007751937986,0.6935483870967741,0.0,1.7338709677419355,0.4166666666666667,0.4806201550387597,0.8669354838709677,-68.44132194404449,-25.19271232462392,-43.24860961942057,-138.09292410544643,56.06726813486176,-163.28563643007035,30.87455581023784,-130.88105270954492,74.64479533812732,39.55462528331815,-70.94228423714812,0.4565217391304348,0.0,0.7511324783285568,35.0,0.0
AMD,5,2023-07…2023-12,BUY_NOW,12,10,50.0,12,12,0.25,0.3023255813953488,0.826923076923077,0.0,1.653846153846154,0.4166666666666667,0.5116279069767442,0.8143939393939394,-68.44132194404449,-25.19271232462392,-43.24860961942057,-138.09292410544643,56.06726813486176,-163.28563643007035,30.87455581023784,-130.88105270954492,74.64479533812732,39.55462528331815,-70.94228423714812,0.4565217391304348,0.0,0.7511324783285568,35.0,0.0
AMD,5,2023-07…2023-12,BUY_NOW,12,20,0.0,12,12,0.16666666666666666,0.13953488372093023,1.1944444444444444,0.0,2.986111111111111,0.25,0.4186046511627907,0.5972222222222222,-114.20987905318442,-49.59380850488834,-64.61607054829608,-206.72197503971552,98.93868587902114,-256.31578354460385,49.34487737413279,-258.2794342797856,139.14464722436657,34.259169500513444,-70.94228423714812,0.4565217391304348,0.0,0.7511324783285568,35.0,0.0
AMD,5,2023-07…2023-12,BUY_NOW,12,20,10.0,12,12,0.16666666666666666,0.15503875968992248,1.075,0.0,2.6875,0.25,0.4263565891472868,0.5863636363636364,-114.20987905318442,-49.59380850488834,-64.61607054829608,-206.72197503971552,98.93868587902114,-256.31578354460385,49.34487737413279,-258.2794342797856,139.14464722436657,34.259169500513444,-70.94228423714812,0.4565217391304348,0.0,0.7511324783285568,35.0,0.0
AMD,5,2023-07…2023-12,BUY_NOW,12,20,25.0,12,12,0.16666666666666666,0.17829457364341086,0.9347826086956521,0.0,2.3369565217391304,0.25,0.4263565891472868,0.5863636363636364,-114.20987905318442,-49.59380850488834,-64.61607054829608,-206.72197503971552,98.93868587902114,-256.31578354460385,49.34487737413279,-258.2794342797856,139.14464722436657,34.259169500513444,-70.94228423714812,0.4565217391304348,0.0,0.7511324783285568,35.0,0.0
AMD,5,2023-07…2023-12,BUY_NOW,12,20,50.0,12,12,0.25,0.24031007751937986,1.0403225806451613,0.0,2.0806451612903225,0.25,0.4573643410852713,0.5466101694915254,-114.20987905318442,-49.59380850488834,-64.61607054829608,-206.72197503971552,98.93868587902114,-256.31578354460385,49.34487737413279,-258.2794342797856,139.14464722436657,34.259169500513444,-70.94228423714812,0.4565217391304348,0.0,0.7511324783285568,35.0,0.0
AMD,6,2024-01…2024-06,BUY_NOW,9,1,0.0,7,7,0.5714285714285714,0.5384615384615384,1.0612244897959184,0.2653061224489796,1.5918367346938775,0.5714285714285714,0.5384615384615384,1.0612244897959184,57.809832668765466,1.1938792983356314,56.615953370429835,-22.40707585622774,162.31620116809887,-21.213196557892108,163.51008046643452,-28.05673036603201,117.7179794155594,106.77964474899262,35.999093649449364,0.2692307692307692,0.0,0.9932902468076953,77.0,0.3333333333333333
AMD,6,2024-01…2024-06,BUY_NOW,9,1,10.0,7,7,0.5714285714285714,0.6068376068376068,0.9416498993963783,0.23541247484909458,1.4124748490945673,0.5714285714285714,0.6068376068376068,0.9416498993963783,57.809832668765466,1.1938792983356314,56.615953370429835,-22.40707585622774,162.31620116809887,-21.213196557892108,163.51008046643452,-28.05673036603201,117.7179794155594,106.77964474899262,35.999093649449364,0.2692307692307692,0.0,0.9932902468076953,77.0,0.3333333333333333
AMD,6,2024-01…2024-06,BUY_NOW,9,1,25.0,7,7,0.7142857142857143,0.7008547008547008,1.0191637630662023,0.6114982578397212,1.426829268292683,0.7142857142857143,0.7008547008547008,1.0191637630662023,57.809832668765466,1.1938792983356314,56.615953370429835,-22.40707585622774,162.31620116809887,-21.213196557892108,163.51008046643452,-28.05673036603201,117.7179794155594,106.77964474899262,35.999093649449364,0.2692307692307692,0.0,0.9932902468076953,77.0,0.3333333333333333
AMD,6,2024-01…2024-06,BUY_NOW,9,1,50.0,7,7,0.8571428571428571,0.811965811965812,1.0556390977443608,0.7037593984962406,1.231578947368421,0.8571428571428571,0.811965811965812,1.0556390977443608,57.809832668765466,1.1938792983356314,56.615953370429835,-22.40707585622774,162.31620116809887,-21.213196557892108,163.51008046643452,-28.05673036603201,117.7179794155594,106.77964474899262,35.999093649449364,0.2692307692307692,0.0,0.9932902468076953,77.0,0.3333333333333333
AMD,6,2024-01…2024-06,BUY_NOW,9,3,0.0,7,7,0.2857142857142857,0.358974358974359,0.7959183673469388,0.0,1.60178571428566,0.5714285714285714,0.5299145299145299,1.0783410138248848,67.71284184511941,4.060128687187261,63.652713157932155,-48.1879276007405,224.5680735844924,-44.12779891355324,228.62820227167967,-70.78355427218818,144.46241858743903,130.07096487293288,35.999093649449364,0.2692307692307692,0.0,0.9932902468076953,77.0,0.3333333333333333
AMD,6,2024-01…2024-06,BUY_NOW,9,3,10.0,7,7,0.2857142857142857,0.4188034188034188,0.6822157434402332,0.0,1.372959183673423,0.5714285714285714,0.5726495726495726,0.9978678038379531,67.71284184511941,4.060128687187261,63.652713157932155,-48.1879276007405,224.5680735844924,-44.12779891355324,228.62820227167967,-70.78355427218818,144.46241858743903,130.07096487293288,35.999093649449364,0.2692307692307692,0.0,0.9932902468076953,77.0,0.3333333333333333
AMD,6,2024-01…2024-06,BUY_NOW,9,3,25.0,7,7,0.42857142857142855,0.4700854700854701,0.9116883116883117,0.3038961038961039,1.8233766233766233,0.8571428571428571,0.6581196581196581,1.302411873840445,67.71284184511941,4.060128687187261,63.652713157932155,-48.1879276007405,224.5680735844924,-44.12779891355324,228.62820227167967,-70.78355427218818,144.46241858743903,130.07096487293288,35.999093649449364,0.2692307692307692,0.0,0.9932902468076953,77.0,0.3333333333333333
AMD,6,2024-01…2024-06,BUY_NOW,9,3,50.0,7,7,0.5714285714285714,0.6324786324786325,0.9034749034749034,0.22586872586872586,1.3552123552123552,0.8571428571428571,0.7692307692307693,1.114285714285714,67.71284184511941,4.060128687187261,63.652713157932155,-48.1879276007405,224.5680735844924,-44.12779891355324,228.62820227167967,-70.78355427218818,144.46241858743903,130.07096487293288,35.999093649449364,0.2692307692307692,0.0,0.9932902468076953,77.0,0.3333333333333333
AMD,6,2024-01…2024-06,BUY_NOW,9,5,0.0,7,7,0.14285714285714285,0.2905982905982906,0.4915966386554621,0.0,1.4747899159663864,0.5714285714285714,0.5470085470085471,1.044642857142857,42.095314672807426,7.62630674611431,34.469007926693116,-106.6264325675852,213.89125471190548,-99.00012582147089,221.5175614580198,-75.14601585035518,104.6540264726781,122.68168380770797,35.999093649449364,0.2692307692307692,0.0,0.9932902468076953,77.0,0.3333333333333333
AMD,6,2024-01…2024-06,BUY_NOW,9,5,10.0,7,7,0.14285714285714285,0.3333333333333333,0.42857142857142855,0.0,1.2857142857142858,0.5714285714285714,0.5811965811965812,0.9831932773109242,42.095314672807426,7.62630674611431,34.469007926693116,-106.6264325675852,213.89125471190548,-99.00012582147089,221.5175614580198,-75.14601585035518,104.6540264726781,122.68168380770797,35.999093649449364,0.2692307692307692,0.0,0.9932902468076953,77.0,0.3333333333333333
AMD,6,2024-01…2024-06,BUY_NOW,9,5,25.0,7,7,0.2857142857142857,0.37606837606837606,0.7597402597402597,0.0,1.5194805194805194,0.5714285714285714,0.6239316239316239,0.9158512720156555,42.095314672807426,7.62630674611431,34.469007926693116,-106.6264325675852,213.89125471190548,-99.00012582147089,221.5175614580198,-75.14601585035518,104.6540264726781,122.68168380770797,35.999093649449364,0.2692307692307692,0.0,0.9932902468076953,77.0,0.3333333333333333
AMD,6,2024-01…2024-06,BUY_NOW,9,5,50.0,7,7,0.5714285714285714,0.5128205128205128,1.1142857142857143,0.2785714285714286,1.6714285714285715,0.7142857142857143,0.7008547008547008,1.0191637630662023,42.095314672807426,7.62630674611431,34.469007926693116,-106.6264325675852,213.89125471190548,-99.00012582147089,221.5175614580198,-75.14601585035518,104.6540264726781,122.68168380770797,35.999093649449364,0.2692307692307692,0.0,0.9932902468076953,77.0,0.3333333333333333
AMD,6,2024-01…2024-06,BUY_NOW,9,10,0.0,7,7,0.14285714285714285,0.24786324786324787,0.5763546798029556,0.0,1.7290640394088668,0.42857142857142855,0.5299145299145299,0.8087557603686636,19.21597323759786,17.06440693185845,2.1515663057394114,-131.75381178918727,186.6953741603009,-114.68940485732881,203.75978109215936,-83.46390510597934,80.70106400952292,123.60412194418,35.999093649449364,0.2692307692307692,0.0,0.9932902468076953,77.0,0.3333333333333333
AMD,6,2024-01…2024-06,BUY_NOW,9,10,10.0,7,7,0.14285714285714285,0.2905982905982906,0.4915966386554621,0.0,1.4747899159663864,0.42857142857142855,0.5470085470085471,0.7834821428571427,19.21597323759786,17.06440693185845,2.1515663057394114,-131.75381178918727,186.6953741603009,-114.68940485732881,203.75978109215936,-83.46390510597934,80.70106400952292,123.60412194418,35.999093649449364,0.2692307692307692,0.0,0.9932902468076953,77.0,0.3333333333333333
AMD,6,2024-01…2024-06,BUY_NOW,9,10,25.0,7,7,0.14285714285714285,0.3162393162393162,0.4517374517374517,0.0,1.3552123552123552,0.42857142857142855,0.5555555555555556,0.7714285714285714,19.21597323759786,17.06440693185845,2.1515663057394114,-131.75381178918727,186.6953741603009,-114.68940485732881,203.75978109215936,-83.46390510597934,80.70106400952292,123.60412194418,35.999093649449364,0.2692307692307692,0.0,0.9932902468076953,77.0,0.3333333333333333
AMD,6,2024-01…2024-06,BUY_NOW,9,10,50.0,7,7,0.42857142857142855,0.41025641025641024,1.0446428571428572,0.3482142857142857,1.7410714285714286,0.42857142857142855,0.6410256410256411,0.6685714285714285,19.21597323759786,17.06440693185845,2.1515663057394114,-131.75381178918727,186.6953741603009,-114.68940485732881,203.75978109215936,-83.46390510597934,80.70106400952292,123.60412194418,35.999093649449364,0.2692307692307692,0.0,0.9932902468076953,77.0,0.3333333333333333
AMD,6,2024-01…2024-06,BUY_NOW,9,20,0.0,7,7,0.14285714285714285,0.18803418803418803,0.7597402597402597,0.0,2.279220779220779,0.2857142857142857,0.5128205128205128,0.5571428571428572,44.13187255661262,32.11626266314577,12.015609893466852,-147.16392150620877,215.93327617456833,-115.04765884306299,248.0495388377141,-73.65492758371691,147.17771641290898,153.57571805148677,35.999093649449364,0.2692307692307692,0.0,0.9932902468076953,77.0,0.3333333333333333
AMD,6,2024-01…2024-06,BUY_NOW,9,20,10.0,7,7,0.14285714285714285,0.23076923076923078,0.619047619047619,0.0,1.857142857142857,0.42857142857142855,0.5299145299145299,0.8087557603686636,44.13187255661262,32.11626266314577,12.015609893466852,-147.16392150620877,215.93327617456833,-115.04765884306299,248.0495388377141,-73.65492758371691,147.17771641290898,153.57571805148677,35.999093649449364,0.2692307692307692,0.0,0.9932902468076953,77.0,0.3333333333333333
AMD,6,2024-01…2024-06,BUY_NOW,9,20,25.0,7,7,0.14285714285714285,0.2564102564102564,0.5571428571428572,0.0,1.6714285714285715,0.42857142857142855,0.5641025641025641,0.7597402597402597,44.13187255661262,32.11626266314577,12.015609893466852,-147.16392150620877,215.93327617456833,-115.04765884306299,248.0495388377141,-73.65492758371691,147.17771641290898,153.57571805148677,35.999093649449364,0.2692307692307692,0.0,0.9932902468076953,77.0,0.3333333333333333
AMD,6,2024-01…2024-06,BUY_NOW,9,20,50.0,7,7,0.2857142857142857,0.3333333333333333,0.8571428571428571,0.0,1.7249999999999417,0.42857142857142855,0.6153846153846154,0.6964285714285714,44.13187255661262,32.11626266314577,12.015609893466852,-147.16392150620877,215.93327617456833,-115.04765884306299,248.0495388377141,-73.65492758371691,147.17771641290898,153.57571805148677,35.999093649449364,0.2692307692307692,0.0,0.9932902468076953,77.0,0.3333333333333333
AMD,6,2024-01…2024-06,WINDOW_CLOSING,9,1,0.0,2,2,1.0,0.5384615384615384,1.8571428571428572,,,1.0,0.5384615384615384,1.8571428571428572,48.32121642787679,1.1938792983356314,47.12733712954116,,,,,,,-9.099951504462078,96.76721377208874,0.07692307692307693,0.0,0.0,156.0,0.8333333333333334
AMD,6,2024-01…2024-06,WINDOW_CLOSING,9,1,10.0,2,2,1.0,0.5384615384615384,1.8571428571428572,,,1.0,0.5384615384615384,1.8571428571428572,48.32121642787679,1.1938792983356314,47.12733712954116,,,,,,,-9.099951504462078,96.76721377208874,0.07692307692307693,0.0,0.0,156.0,0.8333333333333334
AMD,6,2024-01…2024-06,WINDOW_CLOSING,9,1,25.0,2,2,1.0,0.5384615384615384,1.8571428571428572,,,1.0,0.5384615384615384,1.8571428571428572,48.32121642787679,1.1938792983356314,47.12733712954116,,,,,,,-9.099951504462078,96.76721377208874,0.07692307692307693,0.0,0.0,156.0,0.8333333333333334
AMD,6,2024-01…2024-06,WINDOW_CLOSING,9,1,50.0,2,2,1.0,0.5384615384615384,1.8571428571428572,,,1.0,0.5384615384615384,1.8571428571428572,48.32121642787679,1.1938792983356314,47.12733712954116,,,,,,,-9.099951504462078,96.76721377208874,0.07692307692307693,0.0,0.0,156.0,0.8333333333333334
AMD,6,2024-01…2024-06,WINDOW_CLOSING,9,3,0.0,2,2,0.5,0.5213675213675214,0.9590163934426229,,,0.5,0.5213675213675214,0.9590163934426229,72.13990490662958,4.060128687187261,68.07977621944232,,,,,,,14.597987279549304,96.76721377208874,0.07692307692307693,0.0,0.0,156.0,0.8333333333333334
AMD,6,2024-01…2024-06,WINDOW_CLOSING,9,3,10.0,2,2,0.5,0.5213675213675214,0.9590163934426229,,,0.5,0.5213675213675214,0.9590163934426229,72.13990490662958,4.060128687187261,68.07977621944232,,,,,,,14.597987279549304,96.76721377208874,0.07692307692307693,0.0,0.0,156.0,0.8333333333333334
AMD,6,2024-01…2024-06,WINDOW_CLOSING,9,3,25.0,2,2,0.5,0.5213675213675214,0.9590163934426229,,,0.5,0.5213675213675214,0.9590163934426229,72.13990490662958,4.060128687187261,68.07977621944232,,,,,,,14.597987279549304,96.76721377208874,0.07692307692307693,0.0,0.0,156.0,0.8333333333333334
AMD,6,2024-01…2024-06,WINDOW_CLOSING,9,3,50.0,2,2,0.5,0.5213675213675214,0.9590163934426229,,,0.5,0.5213675213675214,0.9590163934426229,72.13990490662958,4.060128687187261,68.07977621944232,,,,,,,14.597987279549304,96.76721377208874,0.07692307692307693,0.0,0.0,156.0,0.8333333333333334
AMD,6,2024-01…2024-06,WINDOW_CLOSING,9,5,0.0,2,2,1.0,0.5555555555555556,1.7999999999999998,,,1.0,0.5555555555555556,1.7999999999999998,72.03222676992694,7.62630674611431,64.40592002381263,,,,,,,33.08169200599065,96.76721377208874,0.07692307692307693,0.0,0.0,156.0,0.8333333333333334
AMD,6,2024-01…2024-06,WINDOW_CLOSING,9,5,10.0,2,2,1.0,0.5555555555555556,1.7999999999999998,,,1.0,0.5555555555555556,1.7999999999999998,72.03222676992694,7.62630674611431,64.40592002381263,,,,,,,33.08169200599065,96.76721377208874,0.07692307692307693,0.0,0.0,156.0,0.8333333333333334
AMD,6,2024-01…2024-06,WINDOW_CLOSING,9,5,25.0,2,2,1.0,0.5555555555555556,1.7999999999999998,,,1.0,0.5555555555555556,1.7999999999999998,72.03222676992694,7.62630674611431,64.40592002381263,,,,,,,33.08169200599065,96.76721377208874,0.07692307692307693,0.0,0.0,156.0,0.8333333333333334
AMD,6,2024-01…2024-06,WINDOW_CLOSING,9,5,50.0,2,2,1.0,0.5555555555555556,1.7999999999999998,,,1.0,0.5555555555555556,1.7999999999999998,72.03222676992694,7.62630674611431,64.40592002381263,,,,,,,33.08169200599065,96.76721377208874,0.07692307692307693,0.0,0.0,156.0,0.8333333333333334
AMD,6,2024-01…2024-06,WINDOW_CLOSING,9,10,0.0,2,2,1.0,0.5555555555555556,1.7999999999999998,,,1.0,0.5555555555555556,1.7999999999999998,149.78270148654937,17.06440693185845,132.7182945546909,,,,,,,107.12763166772609,96.76721377208874,0.07692307692307693,0.0,0.0,156.0,0.8333333333333334
AMD,6,2024-01…2024-06,WINDOW_CLOSING,9,10,10.0,2,2,1.0,0.5555555555555556,1.7999999999999998,,,1.0,0.5555555555555556,1.7999999999999998,149.78270148654937,17.06440693185845,132.7182945546909,,,,,,,107.12763166772609,96.76721377208874,0.07692307692307693,0.0,0.0,156.0,0.8333333333333334
AMD,6,2024-01…2024-06,WINDOW_CLOSING,9,10,25.0,2,2,1.0,0.5555555555555556,1.7999999999999998,,,1.0,0.5555555555555556,1.7999999999999998,149.78270148654937,17.06440693185845,132.7182945546909,,,,,,,107.12763166772609,96.76721377208874,0.07692307692307693,0.0,0.0,156.0,0.8333333333333334
AMD,6,2024-01…2024-06,WINDOW_CLOSING,9,10,50.0,2,2,1.0,0.5555555555555556,1.7999999999999998,,,1.0,0.5555555555555556,1.7999999999999998,149.78270148654937,17.06440693185845,132.7182945546909,,,,,,,107.12763166772609,96.76721377208874,0.07692307692307693,0.0,0.0,156.0,0.8333333333333334
AMD,6,2024-01…2024-06,WINDOW_CLOSING,9,20,0.0,2,2,1.0,0.5299145299145299,1.8870967741935483,,,1.0,0.5299145299145299,1.8870967741935483,258.4658125941275,32.11626266314577,226.34954993098174,,,,,,,214.5771289259113,96.76721377208874,0.07692307692307693,0.0,0.0,156.0,0.8333333333333334
AMD,6,2024-01…2024-06,WINDOW_CLOSING,9,20,10.0,2,2,1.0,0.5299145299145299,1.8870967741935483,,,1.0,0.5299145299145299,1.8870967741935483,258.4658125941275,32.11626266314577,226.34954993098174,,,,,,,214.5771289259113,96.76721377208874,0.07692307692307693,0.0,0.0,156.0,0.8333333333333334
AMD,6,2024-01…2024-06,WINDOW_CLOSING,9,20,25.0,2,2,1.0,0.5299145299145299,1.8870967741935483,,,1.0,0.5299145299145299,1.8870967741935483,258.4658125941275,32.11626266314577,226.34954993098174,,,,,,,214.5771289259113,96.76721377208874,0.07692307692307693,0.0,0.0,156.0,0.8333333333333334
AMD,6,2024-01…2024-06,WINDOW_CLOSING,9,20,50.0,2,2,1.0,0.5299145299145299,1.8870967741935483,,,1.0,0.5299145299145299,1.8870967741935483,258.4658125941275,32.11626266314577,226.34954993098174,,,,,,,214.5771289259113,96.76721377208874,0.07692307692307693,0.0,0.0,156.0,0.8333333333333334
AMD,7,2024-07…2024-12,BUY_NOW,6,1,0.0,6,6,0.3333333333333333,0.5801526717557252,0.5745614035087719,0.0,1.1491228070175439,0.3333333333333333,0.5801526717557252,0.5745614035087719,-14.466329357399706,10.850174658570761,-25.316504015970466,-81.86673001940426,32.67044719312405,-71.0165553608335,43.52062185169481,-58.21135600859784,105.20653848608453,27.193403791582934,100.07387209246951,0.2282608695652174,0.0,1.4395821341783073,120.0,0.5
AMD,7,2024-07…2024-12,BUY_NOW,6,1,10.0,6,6,0.3333333333333333,0.6259541984732825,0.532520325203252,0.0,1.065040650406504,0.3333333333333333,0.6259541984732825,0.532520325203252,-14.466329357399706,10.850174658570761,-25.316504015970466,-81.86673001940426,32.67044719312405,-71.0165553608335,43.52062185169481,-58.21135600859784,105.20653848608453,27.193403791582934,100.07387209246951,0.2282608695652174,0.0,1.4395821341783073,120.0,0.5
AMD,7,2024-07…2024-12,BUY_NOW,6,1,25.0,6,6,0.5,0.7633587786259542,0.6549999999999999,0.2183333333333333,1.0916666666666666,0.5,0.7633587786259542,0.6549999999999999,-14.466329357399706,10.850174658570761,-25.316504015970466,-81.86673001940426,32.67044719312405,-71.0165553608335,43.52062185169481,-58.21135600859784,105.20653848608453,27.193403791582934,100.07387209246951,0.2282608695652174,0.0,1.4395821341783073,120.0,0.5
AMD,7,2024-07…2024-12,BUY_NOW,6,1,50.0,6,6,0.6666666666666666,0.8473282442748091,0.7867867867867868,0.3933933933933934,1.1801801801801801,0.6666666666666666,0.8473282442748091,0.7867867867867868,-14.466329357399706,10.850174658570761,-25.316504015970466,-81.86673001940426,32.67044719312405,-71.0165553608335,43.52062185169481,-58.21135600859784,105.20653848608453,27.193403791582934,100.07387209246951,0.2282608695652174,0.0,1.4395821341783073,120.0,0.5
AMD,7,2024-07…2024-12,BUY_NOW,6,3,0.0,6,6,0.16666666666666666,0.45038167938931295,0.3700564971751412,0.0,1.1101694915254239,0.3333333333333333,0.549618320610687,0.6064814814814814,-42.95274064767872,21.372152920554836,-64.32489356823356,-184.98875400418376,56.33896686771662,-163.61660108362892,77.71111978827146,-108.61348674900405,197.89283033546212,36.88709287658335,100.07387209246951,0.2282608695652174,0.0,1.4395821341783073,120.0,0.5
AMD,7,2024-07…2024-12,BUY_NOW,6,3,10.0,6,6,0.16666666666666666,0.48091603053435117,0.3465608465608465,0.0,1.0396825396825395,0.3333333333333333,0.6106870229007634,0.5458333333333333,-42.95274064767872,21.372152920554836,-64.32489356823356,-184.98875400418376,56.33896686771662,-163.61660108362892,77.71111978827146,-108.61348674900405,197.89283033546212,36.88709287658335,100.07387209246951,0.2282608695652174,0.0,1.4395821341783073,120.0,0.5
AMD,7,2024-07…2024-12,BUY_NOW,6,3,25.0,6,6,0.16666666666666666,0.5801526717557252,0.28728070175438597,0.0,0.861842105263158,0.3333333333333333,0.7099236641221374,0.46953405017921146,-42.95274064767872,21.372152920554836,-64.32489356823356,-184.98875400418376,56.33896686771662,-163.61660108362892,77.71111978827146,-108.61348674900405,197.89283033546212,36.88709287658335,100.07387209246951,0.2282608695652174,0.0,1.4395821341783073,120.0,0.5
AMD,7,2024-07…2024-12,BUY_NOW,6,3,50.0,6,6,0.3333333333333333,0.7099236641221374,0.46953405017921146,0.0,0.9390681003584229,0.6666666666666666,0.7786259541984732,0.8562091503267973,-42.95274064767872,21.372152920554836,-64.32489356823356,-184.98875400418376,56.33896686771662,-163.61660108362892,77.71111978827146,-108.61348674900405,197.89283033546212,36.88709287658335,100.07387209246951,0.2282608695652174,0.0,1.4395821341783073,120.0,0.5
AMD,7,2024-07…2024-12,BUY_NOW,6,5,0.0,6,6,0.16666666666666666,0.4122137404580153,0.40432098765432095,0.0,1.2129629629629628,0.3333333333333333,0.6106870229007634,0.5458333333333333,-3.6756999782992352,32.18250415143624,-35.858204129735476,-181.0736729894569,153.57459884229908,-148.89116883802066,185.75710299373532,-112.88319951597515,404.47993873588,82.55818894036315,100.07387209246951,0.2282608695652174,0.0,1.4395821341783073,120.0,0.5
AMD,7,2024-07…2024-12,BUY_NOW,6,5,10.0,6,6,0.16666666666666666,0.46564885496183206,0.35792349726775957,0.0,1.0737704918032787,0.3333333333333333,0.6717557251908397,0.49621212121212116,-3.6756999782992352,32.18250415143624,-35.858204129735476,-181.0736729894569,153.57459884229908,-148.89116883802066,185.75710299373532,-112.88319951597515,404.47993873588,82.55818894036315,100.07387209246951,0.2282608695652174,0.0,1.4395821341783073,120.0,0.5
AMD,7,2024-07…2024-12,BUY_NOW,6,5,25.0,6,6,0.16666666666666666,0.5267175572519084,0.3164251207729468,0.0,0.9492753623188406,0.3333333333333333,0.7099236641221374,0.46953405017921146,-3.6756999782992352,32.18250415143624,-35.858204129735476,-181.0736729894569,153.57459884229908,-148.89116883802066,185.75710299373532,-112.88319951597515,404.47993873588,82.55818894036315,100.07387209246951,0.2282608695652174,0.0,1.4395821341783073,120.0,0.5
AMD,7,2024-07…2024-12,BUY_NOW,6,5,50.0,6,6,0.3333333333333333,0.648854961832061,0.5137254901960784,0.0,1.0274509803921568,0.3333333333333333,0.7480916030534351,0.44557823129251695,-3.6756999782992352,32.18250415143624,-35.858204129735476,-181.0736729894569,153.57459884229908,-148.89116883802066,185.75710299373532,-112.88319951597515,404.47993873588,82.55818894036315,100.07387209246951,0.2282608695652174,0.0,1.4395821341783073,120.0,0.5
AMD,7,2024-07…2024-12,BUY_NOW,6,10,0.0,6,6,0.16666666666666666,0.3282442748091603,0.5077519379844961,0.0,1.5232558139534884,0.5,0.6335877862595419,0.7891566265060241,61.07061453317353,56.82077917444005,4.249835358733485,-163.90916811352875,192.9000720885213,-107.0883889390887,249.72085126296136,-39.92155032091494,461.95607581434706,102.22311366926324,100.07387209246951,0.2282608695652174,0.0,1.4395821341783073,120.0,0.5
AMD,7,2024-07…2024-12,BUY_NOW,6,10,10.0,6,6,0.16666666666666666,0.35877862595419846,0.4645390070921986,0.0,1.3936170212765957,0.5,0.6335877862595419,0.7891566265060241,61.07061453317353,56.82077917444005,4.249835358733485,-163.90916811352875,192.9000720885213,-107.0883889390887,249.72085126296136,-39.92155032091494,461.95607581434706,102.22311366926324,100.07387209246951,0.2282608695652174,0.0,1.4395821341783073,120.0,0.5
AMD,7,2024-07…2024-12,BUY_NOW,6,10,25.0,6,6,0.16666666666666666,0.4198473282442748,0.396969696969697,0.0,1.190909090909091,0.5,0.6793893129770993,0.7359550561797753,61.07061453317353,56.82077917444005,4.249835358733485,-163.90916811352875,192.9000720885213,-107.0883889390887,249.72085126296136,-39.92155032091494,461.95607581434706,102.22311366926324,100.07387209246951,0.2282608695652174,0.0,1.4395821341783073,120.0,0.5
AMD,7,2024-07…2024-12,BUY_NOW,6,10,50.0,6,6,0.3333333333333333,0.5267175572519084,0.6328502415458936,0.0,1.2657004830917873,0.6666666666666666,0.732824427480916,0.9097222222222222,61.07061453317353,56.82077917444005,4.249835358733485,-163.90916811352875,192.9000720885213,-107.0883889390887,249.72085126296136,-39.92155032091494,461.95607581434706,102.22311366926324,100.07387209246951,0.2282608695652174,0.0,1.4395821341783073,120.0,0.5
AMD,7,2024-07…2024-12,BUY_NOW,6,20,0.0,6,6,0.16666666666666666,0.2366412213740458,0.7043010752688171,0.0,2.1129032258064515,0.6666666666666666,0.648854961832061,1.0274509803921568,102.66523149957555,96.36585439104611,6.299377108529441,-182.30074832936535,232.58909539457392,-85.93489393831923,328.95494978562004,-91.30875832608336,581.4188296000511,133.1281338721102,100.07387209246951,0.2282608695652174,0.0,1.4395821341783073,120.0,0.5
AMD,7,2024-07…2024-12,BUY_NOW,6,20,10.0,6,6,0.16666666666666666,0.2595419847328244,0.642156862745098,0.0,1.9264705882352942,0.6666666666666666,0.6641221374045801,1.003831417624521,102.66523149957555,96.36585439104611,6.299377108529441,-182.30074832936535,232.58909539457392,-85.93489393831923,328.95494978562004,-91.30875832608336,581.4188296000511,133.1281338721102,100.07387209246951,0.2282608695652174,0.0,1.4395821341783073,120.0,0.5
AMD,7,2024-07…2024-12,BUY_NOW,6,20,25.0,6,6,0.16666666666666666,0.31297709923664124,0.532520325203252,0.0,1.597560975609756,0.6666666666666666,0.6946564885496184,0.9597069597069596,102.66523149957555,96.36585439104611,6.299377108529441,-182.30074832936535,232.58909539457392,-85.93489393831923,328.95494978562004,-91.30875832608336,581.4188296000511,133.1281338721102,100.07387209246951,0.2282608695652174,0.0,1.4395821341783073,120.0,0.5
AMD,7,2024-07…2024-12,BUY_NOW,6,20,50.0,6,6,0.16666666666666666,0.3893129770992366,0.42810457516339867,0.0,1.2843137254901962,0.6666666666666666,0.7099236641221374,0.9390681003584229,102.66523149957555,96.36585439104611,6.299377108529441,-182.30074832936535,232.58909539457392,-85.93489393831923,328.95494978562004,-91.30875832608336,581.4188296000511,133.1281338721102,100.07387209246951,0.2282608695652174,0.0,1.4395821341783073,120.0,0.5
AMD,8,2025-01…2025-06,BUY_NOW,20,1,0.0,16,16,0.5,0.4017094017094017,1.2446808510638296,0.6223404255319148,1.8670212765957446,0.5,0.4017094017094017,1.2446808510638296,-40.43371781964372,-19.729364729879737,-20.70435308976398,-81.15693795179291,38.55679222870532,-100.88630268167265,18.827427498825582,-99.88093991771447,0.6615316479014487,7.850890011991545,-93.9055526963966,0.6187845303867403,0.0,0.5585206050560618,23.0,0.0
AMD,8,2025-01…2025-06,BUY_NOW,20,1,10.0,16,16,0.625,0.46153846153846156,1.3541666666666665,0.8125,1.7638020833333148,0.625,0.46153846153846156,1.3541666666666665,-40.43371781964372,-19.729364729879737,-20.70435308976398,-81.15693795179291,38.55679222870532,-100.88630268167265,18.827427498825582,-99.88093991771447,0.6615316479014487,7.850890011991545,-93.9055526963966,0.6187845303867403,0.0,0.5585206050560618,23.0,0.0
AMD,8,2025-01…2025-06,BUY_NOW,20,1,25.0,16,16,0.625,0.5470085470085471,1.1425781249999998,0.6855468749999999,1.4882080078124842,0.625,0.5470085470085471,1.1425781249999998,-40.43371781964372,-19.729364729879737,-20.70435308976398,-81.15693795179291,38.55679222870532,-100.88630268167265,18.827427498825582,-99.88093991771447,0.6615316479014487,7.850890011991545,-93.9055526963966,0.6187845303867403,0.0,0.5585206050560618,23.0,0.0
AMD,8,2025-01…2025-06,BUY_NOW,20,1,50.0,16,16,0.6875,0.7008547008547008,0.9809451219512196,0.6242378048780488,1.2484756097560976,0.6875,0.7008547008547008,0.9809451219512196,-40.43371781964372,-19.729364729879737,-20.70435308976398,-81.15693795179291,38.55679222870532,-100.88630268167265,18.827427498825582,-99.88093991771447,0.6615316479014487,7.850890011991545,-93.9055526963966,0.6187845303867403,0.0,0.5585206050560618,23.0,0.0
AMD,8,2025-01…2025-06,BUY_NOW,20,3,0.0,16,16,0.25,0.20512820512820512,1.21875,0.3046875,2.1328125,0.375,0.36752136752136755,1.0203488372093024,-50.14463931491443,-38.72908977259208,-11.415549542322346,-90.50879618727066,65.19277845359792,-129.23788595986275,26.46368868100584,-142.88135188994255,-3.6717870296542046,15.057478396256693,-93.9055526963966,0.6187845303867403,0.0,0.5585206050560618,23.0,0.0
AMD,8,2025-01…2025-06,BUY_NOW,20,3,10.0,16,16,0.3125,0.24786324786324787,1.2607758620689655,0.5043103448275862,2.269396551724138,0.5625,0.41025641025641024,1.37109375,-50.14463931491443,-38.72908977259208,-11.415549542322346,-90.50879618727066,65.19277845359792,-129.23788595986275,26.46368868100584,-142.88135188994255,-3.6717870296542046,15.057478396256693,-93.9055526963966,0.6187845303867403,0.0,0.5585206050560618,23.0,0.0
AMD,8,2025-01…2025-06,BUY_NOW,20,3,25.0,16,16,0.4375,0.2905982905982906,1.5055147058823528,0.645220588235294,2.3658088235294117,0.625,0.48717948717948717,1.2828947368421053,-50.14463931491443,-38.72908977259208,-11.415549542322346,-90.50879618727066,65.19277845359792,-129.23788595986275,26.46368868100584,-142.88135188994255,-3.6717870296542046,15.057478396256693,-93.9055526963966,0.6187845303867403,0.0,0.5585206050560618,23.0,0.0
AMD,8,2025-01…2025-06,BUY_NOW,20,3,50.0,16,16,0.5625,0.39316239316239315,1.4307065217391304,0.7948369565217391,2.066576086956522,0.625,0.5641025641025641,1.1079545454545454,-50.14463931491443,-38.72908977259208,-11.415549542322346,-90.50879618727066,65.19277845359792,-129.23788595986275,26.46368868100584,-142.88135188994255,-3.6717870296542046,15.057478396256693,-93.9055526963966,0.6187845303867403,0.0,0.5585206050560618,23.0,0.0
AMD,8,2025-01…2025-06,BUY_NOW,20,5,0.0,16,16,0.1875,0.1452991452991453,1.290441176470588,0.0,2.580882352941176,0.375,0.3418803418803419,1.096875,-61.15059181817311,-58.125809929486536,-3.024781888686576,-92.89819180832694,85.38498072314675,-151.02400173781348,27.259170793660218,-160.20680176313664,-15.17796474050437,17.987354444758687,-93.9055526963966,0.6187845303867403,0.0,0.5585206050560618,23.0,0.0
AMD,8,2025-01…2025-06,BUY_NOW,20,5,10.0,16,16,0.25,0.1794871794871795,1.3928571428571428,0.3482142857142857,2.7857142857142856,0.375,0.36752136752136755,1.0203488372093024,-61.15059181817311,-58.125809929486536,-3.024781888686576,-92.89819180832694,85.38498072314675,-151.02400173781348,27.259170793660218,-160.20680176313664,-15.17796474050437,17.987354444758687,-93.9055526963966,0.6187845303867403,0.0,0.5585206050560618,23.0,0.0
AMD,8,2025-01…2025-06,BUY_NOW,20,5,25.0,16,16,0.3125,0.21367521367521367,1.4625000000000001,0.5850000000000001,2.6325000000000003,0.4375,0.4358974358974359,1.0036764705882353,-61.15059181817311,-58.125809929486536,-3.024781888686576,-92.89819180832694,85.38498072314675,-151.02400173781348,27.259170793660218,-160.20680176313664,-15.17796474050437,17.987354444758687,-93.9055526963966,0.6187845303867403,0.0,0.5585206050560618,23.0,0.0
AMD,8,2025-01…2025-06,BUY_NOW,20,5,50.0,16,16,0.375,0.3076923076923077,1.21875,0.40625,2.03125,0.625,0.5128205128205128,1.21875,-61.15059181817311,-58.125809929486536,-3.024781888686576,-92.89819180832694,85.38498072314675,-151.02400173781348,27.259170793660218,-160.20680176313664,-15.17796474050437,17.987354444758687,-93.9055526963966,0.6187845303867403,0.0,0.5585206050560618,23.0,0.0
AMD,8,2025-01…2025-06,BUY_NOW,20,10,0.0,16,16,0.1875,0.08547008547008547,2.19375,0.0,4.3875,0.25,0.28205128205128205,0.8863636363636364,-85.55893618594789,-105.55423471131465,19.995298525366763,-71.44268623433726,105.51260397361267,-176.9969209456519,-0.04163073770197457,-175.66730748912957,-34.93728003489139,30.210303449249924,-93.9055526963966,0.6187845303867403,0.0,0.5585206050560618,23.0,0.0
AMD,8,2025-01…2025-06,BUY_NOW,20,10,10.0,16,16,0.1875,0.10256410256410256,1.828125,0.0,3.65625,0.375,0.3247863247863248,1.1546052631578947,-85.55893618594789,-105.55423471131465,19.995298525366763,-71.44268623433726,105.51260397361267,-176.9969209456519,-0.04163073770197457,-175.66730748912957,-34.93728003489139,30.210303449249924,-93.9055526963966,0.6187845303867403,0.0,0.5585206050560618,23.0,0.0
AMD,8,2025-01…2025-06,BUY_NOW,20,10,25.0,16,16,0.1875,0.1282051282051282,1.4625000000000001,0.0,2.9250000000000003,0.375,0.3504273504273504,1.0701219512195124,-85.55893618594789,-105.55423471131465,19.995298525366763,-71.44268623433726,105.51260397361267,-176.9969209456519,-0.04163073770197457,-175.66730748912957,-34.93728003489139,30.210303449249924,-93.9055526963966,0.6187845303867403,0.0,0.5585206050560618,23.0,0.0
AMD,8,2025-01…2025-06,BUY_NOW,20,10,50.0,16,16,0.25,0.17094017094017094,1.4625,0.365625,2.5593749999999997,0.5,0.452991452991453,1.1037735849056605,-85.55893618594789,-105.55423471131465,19.995298525366763,-71.44268623433726,105.51260397361267,-176.9969209456519,-0.04163073770197457,-175.66730748912957,-34.93728003489139,30.210303449249924,-93.9055526963966,0.6187845303867403,0.0,0.5585206050560618,23.0,0.0
AMD,8,2025-01…2025-06,BUY_NOW,20,20,0.0,16,16,0.0625,0.017094017094017096,3.6562499999999996,0.0,10.968749999999998,0.25,0.1452991452991453,1.7205882352941175,-138.87011619575327,-189.98254467009855,51.11242847434528,-38.709841620908946,127.92105906664145,-228.6923862910075,-62.06148560345709,-250.2825574269369,-66.76755883368591,45.45100676210889,-93.9055526963966,0.6187845303867403,0.0,0.5585206050560618,23.0,0.0
AMD,8,2025-01…2025-06,BUY_NOW,20,20,10.0,16,16,0.0625,0.03418803418803419,1.8281249999999998,0.0,5.484374999999999,0.25,0.18803418803418803,1.3295454545454546,-138.87011619575327,-189.98254467009855,51.11242847434528,-38.709841620908946,127.92105906664145,-228.6923862910075,-62.06148560345709,-250.2825574269369,-66.76755883368591,45.45100676210889,-93.9055526963966,0.6187845303867403,0.0,0.5585206050560618,23.0,0.0
AMD,8,2025-01…2025-06,BUY_NOW,20,20,25.0,16,16,0.0625,0.05128205128205128,1.21875,0.0,3.65625,0.25,0.20512820512820512,1.21875,-138.87011619575327,-189.98254467009855,51.11242847434528,-38.709841620908946,127.92105906664145,-228.6923862910075,-62.06148560345709,-250.2825574269369,-66.76755883368591,45.45100676210889,-93.9055526963966,0.6187845303867403,0.0,0.5585206050560618,23.0,0.0
AMD,8,2025-01…2025-06,BUY_NOW,20,20,50.0,16,16,0.125,0.07692307692307693,1.625,0.0,4.0625,0.375,0.2905982905982906,1.290441176470588,-138.87011619575327,-189.98254467009855,51.11242847434528,-38.709841620908946,127.92105906664145,-228.6923862910075,-62.06148560345709,-250.2825574269369,-66.76755883368591,45.45100676210889,-93.9055526963966,0.6187845303867403,0.0,0.5585206050560618,23.0,0.0
AMD,8,2025-01…2025-06,WINDOW_CLOSING,20,1,0.0,4,4,0.5,0.4017094017094017,1.2446808510638296,,,0.5,0.4017094017094017,1.2446808510638296,19.847526356481236,-19.729364729879737,39.57689108636097,,,,,,,-12.67433274167673,-5.171004921659945,0.15469613259668508,0.0,1.0203267450511462,93.0,0.6666666666666666
AMD,8,2025-01…2025-06,WINDOW_CLOSING,20,1,10.0,4,4,0.5,0.4017094017094017,1.2446808510638296,,,0.5,0.4017094017094017,1.2446808510638296,19.847526356481236,-19.729364729879737,39.57689108636097,,,,,,,-12.67433274167673,-5.171004921659945,0.15469613259668508,0.0,1.0203267450511462,93.0,0.6666666666666666
AMD,8,2025-01…2025-06,WINDOW_CLOSING,20,1,25.0,4,4,0.5,0.4017094017094017,1.2446808510638296,,,0.5,0.4017094017094017,1.2446808510638296,19.847526356481236,-19.729364729879737,39.57689108636097,,,,,,,-12.67433274167673,-5.171004921659945,0.15469613259668508,0.0,1.0203267450511462,93.0,0.6666666666666666
AMD,8,2025-01…2025-06,WINDOW_CLOSING,20,1,50.0,4,4,0.5,0.4017094017094017,1.2446808510638296,,,0.5,0.4017094017094017,1.2446808510638296,19.847526356481236,-19.729364729879737,39.57689108636097,,,,,,,-12.67433274167673,-5.171004921659945,0.15469613259668508,0.0,1.0203267450511462,93.0,0.6666666666666666
AMD,8,2025-01…2025-06,WINDOW_CLOSING,20,3,0.0,4,4,0.75,0.3504273504273504,2.1402439024390247,,,0.75,0.3504273504273504,2.1402439024390247,1.4436595503697331,-38.72908977259208,40.17274932296181,,,,,,,7.210635462457925,-5.171004921659945,0.15469613259668508,0.0,1.0203267450511462,93.0,0.6666666666666666
AMD,8,2025-01…2025-06,WINDOW_CLOSING,20,3,10.0,4,4,0.75,0.3504273504273504,2.1402439024390247,,,0.75,0.3504273504273504,2.1402439024390247,1.4436595503697331,-38.72908977259208,40.17274932296181,,,,,,,7.210635462457925,-5.171004921659945,0.15469613259668508,0.0,1.0203267450511462,93.0,0.6666666666666666
AMD,8,2025-01…2025-06,WINDOW_CLOSING,20,3,25.0,4,4,0.75,0.3504273504273504,2.1402439024390247,,,0.75,0.3504273504273504,2.1402439024390247,1.4436595503697331,-38.72908977259208,40.17274932296181,,,,,,,7.210635462457925,-5.171004921659945,0.15469613259668508,0.0,1.0203267450511462,93.0,0.6666666666666666
AMD,8,2025-01…2025-06,WINDOW_CLOSING,20,3,50.0,4,4,0.75,0.3504273504273504,2.1402439024390247,,,0.75,0.3504273504273504,2.1402439024390247,1.4436595503697331,-38.72908977259208,40.17274932296181,,,,,,,7.210635462457925,-5.171004921659945,0.15469613259668508,0.0,1.0203267450511462,93.0,0.6666666666666666
AMD,8,2025-01…2025-06,WINDOW_CLOSING,20,5,0.0,4,4,0.75,0.3418803418803419,2.19375,,,0.75,0.3418803418803419,2.19375,-0.737520024693409,-58.125809929486536,57.388289904793126,,,,,,,10.86505862663539,-5.171004921659945,0.15469613259668508,0.0,1.0203267450511462,93.0,0.6666666666666666
AMD,8,2025-01…2025-06,WINDOW_CLOSING,20,5,10.0,4,4,0.75,0.3418803418803419,2.19375,,,0.75,0.3418803418803419,2.19375,-0.737520024693409,-58.125809929486536,57.388289904793126,,,,,,,10.86505862663539,-5.171004921659945,0.15469613259668508,0.0,1.0203267450511462,93.0,0.6666666666666666
AMD,8,2025-01…2025-06,WINDOW_CLOSING,20,5,25.0,4,4,0.75,0.3418803418803419,2.19375,,,0.75,0.3418803418803419,2.19375,-0.737520024693409,-58.125809929486536,57.388289904793126,,,,,,,10.86505862663539,-5.171004921659945,0.15469613259668508,0.0,1.0203267450511462,93.0,0.6666666666666666
AMD,8,2025-01…2025-06,WINDOW_CLOSING,20,5,50.0,4,4,0.75,0.3418803418803419,2.19375,,,0.75,0.3418803418803419,2.19375,-0.737520024693409,-58.125809929486536,57.388289904793126,,,,,,,10.86505862663539,-5.171004921659945,0.15469613259668508,0.0,1.0203267450511462,93.0,0.6666666666666666
AMD,8,2025-01…2025-06,WINDOW_CLOSING,20,10,0.0,4,4,0.5,0.2222222222222222,2.25,,,0.5,0.2222222222222222,2.25,-34.84244557440008,-105.55423471131465,70.71178913691458,,,,,,,19.99809678192576,-5.171004921659945,0.15469613259668508,0.0,1.0203267450511462,93.0,0.6666666666666666
AMD,8,2025-01…2025-06,WINDOW_CLOSING,20,10,10.0,4,4,0.5,0.2222222222222222,2.25,,,0.5,0.2222222222222222,2.25,-34.84244557440008,-105.55423471131465,70.71178913691458,,,,,,,19.99809678192576,-5.171004921659945,0.15469613259668508,0.0,1.0203267450511462,93.0,0.6666666666666666
AMD,8,2025-01…2025-06,WINDOW_CLOSING,20,10,25.0,4,4,0.5,0.2222222222222222,2.25,,,0.5,0.2222222222222222,2.25,-34.84244557440008,-105.55423471131465,70.71178913691458,,,,,,,19.99809678192576,-5.171004921659945,0.15469613259668508,0.0,1.0203267450511462,93.0,0.6666666666666666
AMD,8,2025-01…2025-06,WINDOW_CLOSING,20,10,50.0,4,4,0.5,0.2222222222222222,2.25,,,0.5,0.2222222222222222,2.25,-34.84244557440008,-105.55423471131465,70.71178913691458,,,,,,,19.99809678192576,-5.171004921659945,0.15469613259668508,0.0,1.0203267450511462,93.0,0.6666666666666666
AMD,8,2025-01…2025-06,WINDOW_CLOSING,20,20,0.0,4,4,0.25,0.08547008547008547,2.925,,,0.25,0.08547008547008547,2.925,-80.49135897230386,-189.98254467009855,109.49118569779469,,,,,,,71.37354247320177,-5.171004921659945,0.15469613259668508,0.0,1.0203267450511462,93.0,0.6666666666666666
AMD,8,2025-01…2025-06,WINDOW_CLOSING,20,20,10.0,4,4,0.25,0.08547008547008547,2.925,,,0.25,0.08547008547008547,2.925,-80.49135897230386,-189.98254467009855,109.49118569779469,,,,,,,71.37354247320177,-5.171004921659945,0.15469613259668508,0.0,1.0203267450511462,93.0,0.6666666666666666
AMD,8,2025-01…2025-06,WINDOW_CLOSING,20,20,25.0,4,4,0.25,0.08547008547008547,2.925,,,0.25,0.08547008547008547,2.925,-80.49135897230386,-189.98254467009855,109.49118569779469,,,,,,,71.37354247320177,-5.171004921659945,0.15469613259668508,0.0,1.0203267450511462,93.0,0.6666666666666666
AMD,8,2025-01…2025-06,WINDOW_CLOSING,20,20,50.0,4,4,0.25,0.08547008547008547,2.925,,,0.25,0.08547008547008547,2.925,-80.49135897230386,-189.98254467009855,109.49118569779469,,,,,,,71.37354247320177,-5.171004921659945,0.15469613259668508,0.0,1.0203267450511462,93.0,0.6666666666666666
AMD,9,2025-07…2025-12,WINDOW_CLOSING,11,1,0.0,3,3,0.0,0.5153846153846153,0.0,,,0.0,0.5153846153846153,0.0,-26.002824263550163,1.5522962446424633,-27.555120508192626,,,,,,,-34.63390356240548,51.433938085588444,0.1141304347826087,0.0,0.9130434782608695,157.0,0.6666666666666666
AMD,9,2025-07…2025-12,WINDOW_CLOSING,11,1,10.0,3,3,0.0,0.5153846153846153,0.0,,,0.0,0.5153846153846153,0.0,-26.002824263550163,1.5522962446424633,-27.555120508192626,,,,,,,-34.63390356240548,51.433938085588444,0.1141304347826087,0.0,0.9130434782608695,157.0,0.6666666666666666
AMD,9,2025-07…2025-12,WINDOW_CLOSING,11,1,25.0,3,3,0.0,0.5153846153846153,0.0,,,0.0,0.5153846153846153,0.0,-26.002824263550163,1.5522962446424633,-27.555120508192626,,,,,,,-34.63390356240548,51.433938085588444,0.1141304347826087,0.0,0.9130434782608695,157.0,0.6666666666666666
AMD,9,2025-07…2025-12,WINDOW_CLOSING,11,1,50.0,3,3,0.0,0.5153846153846153,0.0,,,0.0,0.5153846153846153,0.0,-26.002824263550163,1.5522962446424633,-27.555120508192626,,,,,,,-34.63390356240548,51.433938085588444,0.1141304347826087,0.0,0.9130434782608695,157.0,0.6666666666666666
AMD,9,2025-07…2025-12,WINDOW_CLOSING,11,3,0.0,3,3,0.6666666666666666,0.49230769230769234,1.3541666666666665,,,0.6666666666666666,0.49230769230769234,1.3541666666666665,33.221023159080154,2.7897934561585536,30.431229702921602,,,,,,,-4.839595119677058,51.433938085588444,0.1141304347826087,0.0,0.9130434782608695,157.0,0.6666666666666666
AMD,9,2025-07…2025-12,WINDOW_CLOSING,11,3,10.0,3,3,0.6666666666666666,0.49230769230769234,1.3541666666666665,,,0.6666666666666666,0.49230769230769234,1.3541666666666665,33.221023159080154,2.7897934561585536,30.431229702921602,,,,,,,-4.839595119677058,51.433938085588444,0.1141304347826087,0.0,0.9130434782608695,157.0,0.6666666666666666
AMD,9,2025-07…2025-12,WINDOW_CLOSING,11,3,25.0,3,3,0.6666666666666666,0.49230769230769234,1.3541666666666665,,,0.6666666666666666,0.49230769230769234,1.3541666666666665,33.221023159080154,2.7897934561585536,30.431229702921602,,,,,,,-4.839595119677058,51.433938085588444,0.1141304347826087,0.0,0.9130434782608695,157.0,0.6666666666666666
AMD,9,2025-07…2025-12,WINDOW_CLOSING,11,3,50.0,3,3,0.6666666666666666,0.49230769230769234,1.3541666666666665,,,0.6666666666666666,0.49230769230769234,1.3541666666666665,33.221023159080154,2.7897934561585536,30.431229702921602,,,,,,,-4.839595119677058,51.433938085588444,0.1141304347826087,0.0,0.9130434782608695,157.0,0.6666666666666666
AMD,9,2025-07…2025-12,WINDOW_CLOSING,11,5,0.0,3,3,0.3333333333333333,0.5076923076923077,0.6565656565656566,,,0.3333333333333333,0.5076923076923077,0.6565656565656566,55.109064888235004,3.6932407460636463,51.41582414217136,,,,,,,-5.190490031071751,51.433938085588444,0.1141304347826087,0.0,0.9130434782608695,157.0,0.6666666666666666
AMD,9,2025-07…2025-12,WINDOW_CLOSING,11,5,10.0,3,3,0.3333333333333333,0.5076923076923077,0.6565656565656566,,,0.3333333333333333,0.5076923076923077,0.6565656565656566,55.109064888235004,3.6932407460636463,51.41582414217136,,,,,,,-5.190490031071751,51.433938085588444,0.1141304347826087,0.0,0.9130434782608695,157.0,0.6666666666666666
AMD,9,2025-07…2025-12,WINDOW_CLOSING,11,5,25.0,3,3,0.3333333333333333,0.5076923076923077,0.6565656565656566,,,0.3333333333333333,0.5076923076923077,0.6565656565656566,55.109064888235004,3.6932407460636463,51.41582414217136,,,,,,,-5.190490031071751,51.433938085588444,0.1141304347826087,0.0,0.9130434782608695,157.0,0.6666666666666666
AMD,9,2025-07…2025-12,WINDOW_CLOSING,11,5,50.0,3,3,0.3333333333333333,0.5076923076923077,0.6565656565656566,,,0.3333333333333333,0.5076923076923077,0.6565656565656566,55.109064888235004,3.6932407460636463,51.41582414217136,,,,,,,-5.190490031071751,51.433938085588444,0.1141304347826087,0.0,0.9130434782608695,157.0,0.6666666666666666
AMD,9,2025-07…2025-12,WINDOW_CLOSING,11,10,0.0,3,3,0.3333333333333333,0.4846153846153846,0.6878306878306878,,,0.3333333333333333,0.4846153846153846,0.6878306878306878,42.773565671711346,5.086011684575519,37.68755398713583,,,,,,,-10.65480118323562,51.433938085588444,0.1141304347826087,0.0,0.9130434782608695,157.0,0.6666666666666666
AMD,9,2025-07…2025-12,WINDOW_CLOSING,11,10,10.0,3,3,0.3333333333333333,0.4846153846153846,0.6878306878306878,,,0.3333333333333333,0.4846153846153846,0.6878306878306878,42.773565671711346,5.086011684575519,37.68755398713583,,,,,,,-10.65480118323562,51.433938085588444,0.1141304347826087,0.0,0.9130434782608695,157.0,0.6666666666666666
AMD,9,2025-07…2025-12,WINDOW_CLOSING,11,10,25.0,3,3,0.3333333333333333,0.4846153846153846,0.6878306878306878,,,0.3333333333333333,0.4846153846153846,0.6878306878306878,42.773565671711346,5.086011684575519,37.68755398713583,,,,,,,-10.65480118323562,51.433938085588444,0.1141304347826087,0.0,0.9130434782608695,157.0,0.6666666666666666
AMD,9,2025-07…2025-12,WINDOW_CLOSING,11,10,50.0,3,3,0.3333333333333333,0.4846153846153846,0.6878306878306878,,,0.3333333333333333,0.4846153846153846,0.6878306878306878,42.773565671711346,5.086011684575519,37.68755398713583,,,,,,,-10.65480118323562,51.433938085588444,0.1141304347826087,0.0,0.9130434782608695,157.0,0.6666666666666666
AMD,9,2025-07…2025-12,WINDOW_CLOSING,11,20,0.0,3,3,0.6666666666666666,0.47692307692307695,1.3978494623655913,,,0.6666666666666666,0.47692307692307695,1.3978494623655913,44.19639804345936,3.4633601708443584,40.733037872615,,,,,,,45.66914947803368,51.433938085588444,0.1141304347826087,0.0,0.9130434782608695,157.0,0.6666666666666666
AMD,9,2025-07…2025-12,WINDOW_CLOSING,11,20,10.0,3,3,0.6666666666666666,0.47692307692307695,1.3978494623655913,,,0.6666666666666666,0.47692307692307695,1.3978494623655913,44.19639804345936,3.4633601708443584,40.733037872615,,,,,,,45.66914947803368,51.433938085588444,0.1141304347826087,0.0,0.9130434782608695,157.0,0.6666666666666666
AMD,9,2025-07…2025-12,WINDOW_CLOSING,11,20,25.0,3,3,0.6666666666666666,0.47692307692307695,1.3978494623655913,,,0.6666666666666666,0.47692307692307695,1.3978494623655913,44.19639804345936,3.4633601708443584,40.733037872615,,,,,,,45.66914947803368,51.433938085588444,0.1141304347826087,0.0,0.9130434782608695,157.0,0.6666666666666666
AMD,9,2025-07…2025-12,WINDOW_CLOSING,11,20,50.0,3,3,0.6666666666666666,0.47692307692307695,1.3978494623655913,,,0.6666666666666666,0.47692307692307695,1.3978494623655913,44.19639804345936,3.4633601708443584,40.733037872615,,,,,,,45.66914947803368,51.433938085588444,0.1141304347826087,0.0,0.9130434782608695,157.0,0.6666666666666666
AMD,9,2025-07…2025-12,BUY_NOW,11,1,0.0,8,8,0.5,0.5153846153846153,0.9701492537313434,0.24253731343283585,1.697761194029851,0.5,0.5153846153846153,0.9701492537313434,-16.224242006625673,1.5522962446424633,-17.776538251268136,-87.54475797481719,40.94332520496132,-85.99246173017472,42.49562144960378,-43.29434593387894,22.908590342460844,19.180162091958778,81.32448108939941,0.30434782608695654,0.0,0.5390277717802532,38.0,0.3333333333333333
AMD,9,2025-07…2025-12,BUY_NOW,11,1,10.0,8,8,0.5,0.5461538461538461,0.915492957746479,0.22887323943661975,1.6021126760563382,0.5,0.5461538461538461,0.915492957746479,-16.224242006625673,1.5522962446424633,-17.776538251268136,-87.54475797481719,40.94332520496132,-85.99246173017472,42.49562144960378,-43.29434593387894,22.908590342460844,19.180162091958778,81.32448108939941,0.30434782608695654,0.0,0.5390277717802532,38.0,0.3333333333333333
AMD,9,2025-07…2025-12,BUY_NOW,11,1,25.0,8,8,0.625,0.6461538461538462,0.9672619047619047,0.38690476190476186,1.3541666666666665,0.625,0.6461538461538462,0.9672619047619047,-16.224242006625673,1.5522962446424633,-17.776538251268136,-87.54475797481719,40.94332520496132,-85.99246173017472,42.49562144960378,-43.29434593387894,22.908590342460844,19.180162091958778,81.32448108939941,0.30434782608695654,0.0,0.5390277717802532,38.0,0.3333333333333333
AMD,9,2025-07…2025-12,BUY_NOW,11,1,50.0,8,8,0.875,0.8,1.09375,0.78125,1.25,0.875,0.8,1.09375,-16.224242006625673,1.5522962446424633,-17.776538251268136,-87.54475797481719,40.94332520496132,-85.99246173017472,42.49562144960378,-43.29434593387894,22.908590342460844,19.180162091958778,81.32448108939941,0.30434782608695654,0.0,0.5390277717802532,38.0,0.3333333333333333
AMD,9,2025-07…2025-12,BUY_NOW,11,3,0.0,8,8,0.5,0.35384615384615387,1.4130434782608694,0.35326086956521735,2.4728260869565215,0.5,0.5076923076923077,0.9848484848484849,-12.791742599476137,2.7897934561585536,-15.581536055634691,-93.9716745763314,60.38952459978904,-91.18188112017285,63.1793180559476,-54.16473309587834,56.16324156119419,34.61482719032433,81.32448108939941,0.30434782608695654,0.0,0.5390277717802532,38.0,0.3333333333333333
AMD,9,2025-07…2025-12,BUY_NOW,11,3,10.0,8,8,0.5,0.3923076923076923,1.2745098039215685,0.31862745098039214,2.230392156862745,0.5,0.5307692307692308,0.9420289855072463,-12.791742599476137,2.7897934561585536,-15.581536055634691,-93.9716745763314,60.38952459978904,-91.18188112017285,63.1793180559476,-54.16473309587834,56.16324156119419,34.61482719032433,81.32448108939941,0.30434782608695654,0.0,0.5390277717802532,38.0,0.3333333333333333
AMD,9,2025-07…2025-12,BUY_NOW,11,3,25.0,8,8,0.5,0.4307692307692308,1.1607142857142856,0.2901785714285714,2.03125,0.5,0.6230769230769231,0.8024691358024691,-12.791742599476137,2.7897934561585536,-15.581536055634691,-93.9716745763314,60.38952459978904,-91.18188112017285,63.1793180559476,-54.16473309587834,56.16324156119419,34.61482719032433,81.32448108939941,0.30434782608695654,0.0,0.5390277717802532,38.0,0.3333333333333333
AMD,9,2025-07…2025-12,BUY_NOW,11,3,50.0,8,8,0.5,0.5769230769230769,0.8666666666666667,0.21666666666666667,1.5166666666666668,0.625,0.7384615384615385,0.8463541666666666,-12.791742599476137,2.7897934561585536,-15.581536055634691,-93.9716745763314,60.38952459978904,-91.18188112017285,63.1793180559476,-54.16473309587834,56.16324156119419,34.61482719032433,81.32448108939941,0.30434782608695654,0.0,0.5390277717802532,38.0,0.3333333333333333
AMD,9,2025-07…2025-12,BUY_NOW,11,5,0.0,8,8,0.5,0.2846153846153846,1.7567567567567568,0.4391891891891892,3.0743243243243246,0.5,0.5153846153846153,0.9701492537313434,2.3366779854130897,3.6932407460636463,-1.3565627606505566,-81.71029041577907,84.37008823033045,-78.01704966971542,88.0633289763941,-57.535200774669,102.12314258554993,47.71507981805964,81.32448108939941,0.30434782608695654,0.0,0.5390277717802532,38.0,0.3333333333333333
AMD,9,2025-07…2025-12,BUY_NOW,11,5,10.0,8,8,0.5,0.3230769230769231,1.5476190476190474,0.38690476190476186,2.708333333333333,0.5,0.5538461538461539,0.9027777777777777,2.3366779854130897,3.6932407460636463,-1.3565627606505566,-81.71029041577907,84.37008823033045,-78.01704966971542,88.0633289763941,-57.535200774669,102.12314258554993,47.71507981805964,81.32448108939941,0.30434782608695654,0.0,0.5390277717802532,38.0,0.3333333333333333
AMD,9,2025-07…2025-12,BUY_NOW,11,5,25.0,8,8,0.5,0.38461538461538464,1.2999999999999998,0.32499999999999996,2.275,0.5,0.5846153846153846,0.8552631578947368,2.3366779854130897,3.6932407460636463,-1.3565627606505566,-81.71029041577907,84.37008823033045,-78.01704966971542,88.0633289763941,-57.535200774669,102.12314258554993,47.71507981805964,81.32448108939941,0.30434782608695654,0.0,0.5390277717802532,38.0,0.3333333333333333
AMD,9,2025-07…2025-12,BUY_NOW,11,5,50.0,8,8,0.5,0.49230769230769234,1.015625,0.25390625,1.77734375,0.5,0.6615384615384615,0.7558139534883721,2.3366779854130897,3.6932407460636463,-1.3565627606505566,-81.71029041577907,84.37008823033045,-78.01704966971542,88.0633289763941,-57.535200774669,102.12314258554993,47.71507981805964,81.32448108939941,0.30434782608695654,0.0,0.5390277717802532,38.0,0.3333333333333333
AMD,9,2025-07…2025-12,BUY_NOW,11,10,0.0,8,8,0.375,0.2,1.875,0.0,3.75,0.625,0.49230769230769234,1.26953125,65.13673398839833,5.086011684575519,60.050722303822816,-20.309789751553605,146.40579830644526,-15.223778066978086,151.49180999102077,-21.876450106746105,210.1587074803057,80.08981178501531,81.32448108939941,0.30434782608695654,0.0,0.5390277717802532,38.0,0.3333333333333333
AMD,9,2025-07…2025-12,BUY_NOW,11,10,10.0,8,8,0.375,0.23076923076923078,1.625,0.0,3.25,0.625,0.5230769230769231,1.1948529411764706,65.13673398839833,5.086011684575519,60.050722303822816,-20.309789751553605,146.40579830644526,-15.223778066978086,151.49180999102077,-21.876450106746105,210.1587074803057,80.08981178501531,81.32448108939941,0.30434782608695654,0.0,0.5390277717802532,38.0,0.3333333333333333
AMD,9,2025-07…2025-12,BUY_NOW,11,10,25.0,8,8,0.375,0.2846153846153846,1.3175675675675675,0.0,2.635135135135135,0.625,0.5384615384615384,1.1607142857142858,65.13673398839833,5.086011684575519,60.050722303822816,-20.309789751553605,146.40579830644526,-15.223778066978086,151.49180999102077,-21.876450106746105,210.1587074803057,80.08981178501531,81.32448108939941,0.30434782608695654,0.0,0.5390277717802532,38.0,0.3333333333333333
AMD,9,2025-07…2025-12,BUY_NOW,11,10,50.0,8,8,0.375,0.3923076923076923,0.9558823529411765,0.0,1.911764705882353,0.875,0.6153846153846154,1.421875,65.13673398839833,5.086011684575519,60.050722303822816,-20.309789751553605,146.40579830644526,-15.223778066978086,151.49180999102077,-21.876450106746105,210.1587074803057,80.08981178501531,81.32448108939941,0.30434782608695654,0.0,0.5390277717802532,38.0,0.3333333333333333
AMD,9,2025-07…2025-12,BUY_NOW,11,20,0.0,8,8,0.375,0.15384615384615385,2.4375,0.0,4.875,0.5,0.4846153846153846,1.0317460317460319,80.93814206492272,3.4633601708443584,77.47478189407836,-23.273007552867053,185.88182027174688,-19.809647382022696,189.34518044259124,-26.580290570385138,260.13552979043584,96.29321587443312,81.32448108939941,0.30434782608695654,0.0,0.5390277717802532,38.0,0.3333333333333333
AMD,9,2025-07…2025-12,BUY_NOW,11,20,10.0,8,8,0.375,0.18461538461538463,2.03125,0.0,4.0625,0.625,0.5153846153846153,1.2126865671641793,80.93814206492272,3.4633601708443584,77.47478189407836,-23.273007552867053,185.88182027174688,-19.809647382022696,189.34518044259124,-26.580290570385138,260.13552979043584,96.29321587443312,81.32448108939941,0.30434782608695654,0.0,0.5390277717802532,38.0,0.3333333333333333
AMD,9,2025-07…2025-12,BUY_NOW,11,20,25.0,8,8,0.375,0.23076923076923078,1.625,0.0,3.25,0.625,0.5461538461538461,1.1443661971830987,80.93814206492272,3.4633601708443584,77.47478189407836,-23.273007552867053,185.88182027174688,-19.809647382022696,189.34518044259124,-26.580290570385138,260.13552979043584,96.29321587443312,81.32448108939941,0.30434782608695654,0.0,0.5390277717802532,38.0,0.3333333333333333
AMD,9,2025-07…2025-12,BUY_NOW,11,20,50.0,8,8,0.375,0.3076923076923077,1.21875,0.0,2.4375,0.75,0.6,1.25,80.93814206492272,3.4633601708443584,77.47478189407836,-23.273007552867053,185.88182027174688,-19.809647382022696,189.34518044259124,-26.580290570385138,260.13552979043584,96.29321587443312,81.32448108939941,0.30434782608695654,0.0,0.5390277717802532,38.0,0.3333333333333333
AMD,10,2026-01…2026-06,BUY_NOW,14,1,0.0,13,13,0.5384615384615384,0.5213675213675214,1.0327868852459015,0.5901639344262295,1.4754098360655739,0.5384615384615384,0.5213675213675214,1.0327868852459015,3.3173173254709742,2.7571006006507535,0.5602167248202208,-52.84146282678831,48.42938061865812,-50.08436222613756,51.186481219308874,-52.811525634961974,73.6967023196306,31.084502783472065,61.972866361876825,0.5027624309392265,0.0,0.5639993245521115,35.0,0.0
AMD,10,2026-01…2026-06,BUY_NOW,14,1,10.0,13,13,0.5384615384615384,0.5811965811965812,0.926470588235294,0.5294117647058824,1.3235294117647058,0.5384615384615384,0.5811965811965812,0.926470588235294,3.3173173254709742,2.7571006006507535,0.5602167248202208,-52.84146282678831,48.42938061865812,-50.08436222613756,51.186481219308874,-52.811525634961974,73.6967023196306,31.084502783472065,61.972866361876825,0.5027624309392265,0.0,0.5639993245521115,35.0,0.0
AMD,10,2026-01…2026-06,BUY_NOW,14,1,25.0,13,13,0.5384615384615384,0.6153846153846154,0.8749999999999999,0.5,1.25,0.5384615384615384,0.6153846153846154,0.8749999999999999,3.3173173254709742,2.7571006006507535,0.5602167248202208,-52.84146282678831,48.42938061865812,-50.08436222613756,51.186481219308874,-52.811525634961974,73.6967023196306,31.084502783472065,61.972866361876825,0.5027624309392265,0.0,0.5639993245521115,35.0,0.0
AMD,10,2026-01…2026-06,BUY_NOW,14,1,50.0,13,13,0.6923076923076923,0.7350427350427351,0.941860465116279,0.5232558139534884,1.255813953488372,0.6923076923076923,0.7350427350427351,0.941860465116279,3.3173173254709742,2.7571006006507535,0.5602167248202208,-52.84146282678831,48.42938061865812,-50.08436222613756,51.186481219308874,-52.811525634961974,73.6967023196306,31.084502783472065,61.972866361876825,0.5027624309392265,0.0,0.5639993245521115,35.0,0.0
AMD,10,2026-01…2026-06,BUY_NOW,14,3,0.0,13,13,0.5384615384615384,0.358974358974359,1.5,0.8571428571428572,2.142857142857143,0.5384615384615384,0.5213675213675214,1.0327868852459015,19.965867911506848,5.003102514833937,14.96276539667291,-46.62077350544922,73.76292689675122,-41.61767099061529,78.76602941158517,-51.6231026991496,99.88008554973071,50.969999478343276,61.972866361876825,0.5027624309392265,0.0,0.5639993245521115,35.0,0.0
AMD,10,2026-01…2026-06,BUY_NOW,14,3,10.0,13,13,0.5384615384615384,0.41025641025641024,1.3125,0.7500000000000001,1.8750000000000002,0.6153846153846154,0.5641025641025641,1.090909090909091,19.965867911506848,5.003102514833937,14.96276539667291,-46.62077350544922,73.76292689675122,-41.61767099061529,78.76602941158517,-51.6231026991496,99.88008554973071,50.969999478343276,61.972866361876825,0.5027624309392265,0.0,0.5639993245521115,35.0,0.0
AMD,10,2026-01…2026-06,BUY_NOW,14,3,25.0,13,13,0.5384615384615384,0.46153846153846156,1.1666666666666665,0.6666666666666666,1.6666666666666667,0.6153846153846154,0.5811965811965812,1.0588235294117647,19.965867911506848,5.003102514833937,14.96276539667291,-46.62077350544922,73.76292689675122,-41.61767099061529,78.76602941158517,-51.6231026991496,99.88008554973071,50.969999478343276,61.972866361876825,0.5027624309392265,0.0,0.5639993245521115,35.0,0.0
AMD,10,2026-01…2026-06,BUY_NOW,14,3,50.0,13,13,0.5384615384615384,0.5299145299145299,1.0161290322580645,0.5806451612903226,1.4516129032258065,0.6923076923076923,0.6752136752136753,1.0253164556962024,19.965867911506848,5.003102514833937,14.96276539667291,-46.62077350544922,73.76292689675122,-41.61767099061529,78.76602941158517,-51.6231026991496,99.88008554973071,50.969999478343276,61.972866361876825,0.5027624309392265,0.0,0.5639993245521115,35.0,0.0
AMD,10,2026-01…2026-06,BUY_NOW,14,5,0.0,13,13,0.46153846153846156,0.2905982905982906,1.588235294117647,0.7941176470588235,2.3823529411764706,0.6923076923076923,0.5384615384615384,1.2857142857142858,37.21734518625888,7.22034353048448,29.9970016557744,-34.62275018776297,94.35471045604116,-27.402406657278487,101.57505398652565,-32.669555771679626,119.40352857874234,61.32751620642,61.972866361876825,0.5027624309392265,0.0,0.5639993245521115,35.0,0.0
AMD,10,2026-01…2026-06,BUY_NOW,14,5,10.0,13,13,0.46153846153846156,0.3162393162393162,1.4594594594594597,0.7297297297297298,2.189189189189189,0.6923076923076923,0.5470085470085471,1.2656249999999998,37.21734518625888,7.22034353048448,29.9970016557744,-34.62275018776297,94.35471045604116,-27.402406657278487,101.57505398652565,-32.669555771679626,119.40352857874234,61.32751620642,61.972866361876825,0.5027624309392265,0.0,0.5639993245521115,35.0,0.0
AMD,10,2026-01…2026-06,BUY_NOW,14,5,25.0,13,13,0.5384615384615384,0.38461538461538464,1.4,0.8,2.0,0.6923076923076923,0.5726495726495726,1.208955223880597,37.21734518625888,7.22034353048448,29.9970016557744,-34.62275018776297,94.35471045604116,-27.402406657278487,101.57505398652565,-32.669555771679626,119.40352857874234,61.32751620642,61.972866361876825,0.5027624309392265,0.0,0.5639993245521115,35.0,0.0
AMD,10,2026-01…2026-06,BUY_NOW,14,5,50.0,13,13,0.5384615384615384,0.4700854700854701,1.1454545454545455,0.6545454545454545,1.6363636363636365,0.8461538461538461,0.6153846153846154,1.375,37.21734518625888,7.22034353048448,29.9970016557744,-34.62275018776297,94.35471045604116,-27.402406657278487,101.57505398652565,-32.669555771679626,119.40352857874234,61.32751620642,61.972866361876825,0.5027624309392265,0.0,0.5639993245521115,35.0,0.0
AMD,10,2026-01…2026-06,BUY_NOW,14,10,0.0,13,13,0.3076923076923077,0.23931623931623933,1.2857142857142858,0.32142857142857145,2.25,0.6923076923076923,0.5299145299145299,1.3064516129032258,40.18557645381837,12.74493120450904,27.44064524930933,-53.89693863883571,105.17799475734088,-41.15200743432667,117.92292596184993,-35.509957946117034,140.221704724877,67.79446922279352,61.972866361876825,0.5027624309392265,0.0,0.5639993245521115,35.0,0.0
AMD,10,2026-01…2026-06,BUY_NOW,14,10,10.0,13,13,0.3076923076923077,0.26495726495726496,1.1612903225806452,0.2903225806451613,2.032258064516129,0.6923076923076923,0.5384615384615384,1.2857142857142858,40.18557645381837,12.74493120450904,27.44064524930933,-53.89693863883571,105.17799475734088,-41.15200743432667,117.92292596184993,-35.509957946117034,140.221704724877,67.79446922279352,61.972866361876825,0.5027624309392265,0.0,0.5639993245521115,35.0,0.0
AMD,10,2026-01…2026-06,BUY_NOW,14,10,25.0,13,13,0.3076923076923077,0.29914529914529914,1.0285714285714287,0.2571428571428572,1.8,0.6923076923076923,0.5470085470085471,1.2656249999999998,40.18557645381837,12.74493120450904,27.44064524930933,-53.89693863883571,105.17799475734088,-41.15200743432667,117.92292596184993,-35.509957946117034,140.221704724877,67.79446922279352,61.972866361876825,0.5027624309392265,0.0,0.5639993245521115,35.0,0.0
AMD,10,2026-01…2026-06,BUY_NOW,14,10,50.0,13,13,0.38461538461538464,0.39316239316239315,0.9782608695652175,0.391304347826087,1.565217391304348,0.6923076923076923,0.5726495726495726,1.208955223880597,40.18557645381837,12.74493120450904,27.44064524930933,-53.89693863883571,105.17799475734088,-41.15200743432667,117.92292596184993,-35.509957946117034,140.221704724877,67.79446922279352,61.972866361876825,0.5027624309392265,0.0,0.5639993245521115,35.0,0.0
AMD,10,2026-01…2026-06,BUY_NOW,14,20,0.0,13,13,0.23076923076923078,0.21367521367521367,1.08,0.0,2.16,0.5384615384615384,0.5470085470085471,0.9843749999999999,64.43409363351935,34.533119178883084,29.90097445463627,-100.46147115696158,165.21359564806502,-65.9283519780785,199.7467148269481,-82.64932604159358,245.65679306316886,106.02749620147613,61.972866361876825,0.5027624309392265,0.0,0.5639993245521115,35.0,0.0
AMD,10,2026-01…2026-06,BUY_NOW,14,20,10.0,13,13,0.23076923076923078,0.2222222222222222,1.0384615384615385,0.0,2.076923076923077,0.5384615384615384,0.5470085470085471,0.9843749999999999,64.43409363351935,34.533119178883084,29.90097445463627,-100.46147115696158,165.21359564806502,-65.9283519780785,199.7467148269481,-82.64932604159358,245.65679306316886,106.02749620147613,61.972866361876825,0.5027624309392265,0.0,0.5639993245521115,35.0,0.0
AMD,10,2026-01…2026-06,BUY_NOW,14,20,25.0,13,13,0.23076923076923078,0.24786324786324787,0.9310344827586207,0.0,1.8620689655172413,0.6153846153846154,0.5641025641025641,1.090909090909091,64.43409363351935,34.533119178883084,29.90097445463627,-100.46147115696158,165.21359564806502,-65.9283519780785,199.7467148269481,-82.64932604159358,245.65679306316886,106.02749620147613,61.972866361876825,0.5027624309392265,0.0,0.5639993245521115,35.0,0.0
AMD,10,2026-01…2026-06,BUY_NOW,14,20,50.0,13,13,0.3076923076923077,0.3076923076923077,1.0,0.25,1.7499999999999998,0.6153846153846154,0.5811965811965812,1.0588235294117647,64.43409363351935,34.533119178883084,29.90097445463627,-100.46147115696158,165.21359564806502,-65.9283519780785,199.7467148269481,-82.64932604159358,245.65679306316886,106.02749620147613,61.972866361876825,0.5027624309392265,0.0,0.5639993245521115,35.0,0.0
AMD,10,2026-01…2026-06,WINDOW_CLOSING,14,1,0.0,1,1,1.0,0.5213675213675214,1.9180327868852458,,,1.0,0.5213675213675214,1.9180327868852458,135.7507992154572,2.7571006006507535,132.99369861480645,,,,,,,33.07542225859939,234.17913751653697,0.03867403314917127,0.0,,140.0,0.8333333333333334
AMD,10,2026-01…2026-06,WINDOW_CLOSING,14,1,10.0,1,1,1.0,0.5213675213675214,1.9180327868852458,,,1.0,0.5213675213675214,1.9180327868852458,135.7507992154572,2.7571006006507535,132.99369861480645,,,,,,,33.07542225859939,234.17913751653697,0.03867403314917127,0.0,,140.0,0.8333333333333334
AMD,10,2026-01…2026-06,WINDOW_CLOSING,14,1,25.0,1,1,1.0,0.5213675213675214,1.9180327868852458,,,1.0,0.5213675213675214,1.9180327868852458,135.7507992154572,2.7571006006507535,132.99369861480645,,,,,,,33.07542225859939,234.17913751653697,0.03867403314917127,0.0,,140.0,0.8333333333333334
AMD,10,2026-01…2026-06,WINDOW_CLOSING,14,1,50.0,1,1,1.0,0.5213675213675214,1.9180327868852458,,,1.0,0.5213675213675214,1.9180327868852458,135.7507992154572,2.7571006006507535,132.99369861480645,,,,,,,33.07542225859939,234.17913751653697,0.03867403314917127,0.0,,140.0,0.8333333333333334
AMD,10,2026-01…2026-06,WINDOW_CLOSING,14,3,0.0,1,1,1.0,0.5213675213675214,1.9180327868852458,,,1.0,0.5213675213675214,1.9180327868852458,252.59155156763137,5.003102514833937,247.58844905279744,,,,,,,97.98218474532439,234.17913751653697,0.03867403314917127,0.0,,140.0,0.8333333333333334
AMD,10,2026-01…2026-06,WINDOW_CLOSING,14,3,10.0,1,1,1.0,0.5213675213675214,1.9180327868852458,,,1.0,0.5213675213675214,1.9180327868852458,252.59155156763137,5.003102514833937,247.58844905279744,,,,,,,97.98218474532439,234.17913751653697,0.03867403314917127,0.0,,140.0,0.8333333333333334
AMD,10,2026-01…2026-06,WINDOW_CLOSING,14,3,25.0,1,1,1.0,0.5213675213675214,1.9180327868852458,,,1.0,0.5213675213675214,1.9180327868852458,252.59155156763137,5.003102514833937,247.58844905279744,,,,,,,97.98218474532439,234.17913751653697,0.03867403314917127,0.0,,140.0,0.8333333333333334
AMD,10,2026-01…2026-06,WINDOW_CLOSING,14,3,50.0,1,1,1.0,0.5213675213675214,1.9180327868852458,,,1.0,0.5213675213675214,1.9180327868852458,252.59155156763137,5.003102514833937,247.58844905279744,,,,,,,97.98218474532439,234.17913751653697,0.03867403314917127,0.0,,140.0,0.8333333333333334
AMD,10,2026-01…2026-06,WINDOW_CLOSING,14,5,0.0,1,1,1.0,0.48717948717948717,2.0526315789473686,,,1.0,0.48717948717948717,2.0526315789473686,250.8790083036061,7.22034353048448,243.65866477312161,,,,,,,112.54395041518039,234.17913751653697,0.03867403314917127,0.0,,140.0,0.8333333333333334
AMD,10,2026-01…2026-06,WINDOW_CLOSING,14,5,10.0,1,1,1.0,0.48717948717948717,2.0526315789473686,,,1.0,0.48717948717948717,2.0526315789473686,250.8790083036061,7.22034353048448,243.65866477312161,,,,,,,112.54395041518039,234.17913751653697,0.03867403314917127,0.0,,140.0,0.8333333333333334
AMD,10,2026-01…2026-06,WINDOW_CLOSING,14,5,25.0,1,1,1.0,0.48717948717948717,2.0526315789473686,,,1.0,0.48717948717948717,2.0526315789473686,250.8790083036061,7.22034353048448,243.65866477312161,,,,,,,112.54395041518039,234.17913751653697,0.03867403314917127,0.0,,140.0,0.8333333333333334
AMD,10,2026-01…2026-06,WINDOW_CLOSING,14,5,50.0,1,1,1.0,0.48717948717948717,2.0526315789473686,,,1.0,0.48717948717948717,2.0526315789473686,250.8790083036061,7.22034353048448,243.65866477312161,,,,,,,112.54395041518039,234.17913751653697,0.03867403314917127,0.0,,140.0,0.8333333333333334
AMD,10,2026-01…2026-06,WINDOW_CLOSING,14,10,0.0,1,1,1.0,0.5128205128205128,1.9500000000000002,,,1.0,0.5128205128205128,1.9500000000000002,157.4029744714389,12.74493120450904,144.65804326692987,,,,,,,66.48803364684098,234.17913751653697,0.03867403314917127,0.0,,140.0,0.8333333333333334
AMD,10,2026-01…2026-06,WINDOW_CLOSING,14,10,10.0,1,1,1.0,0.5128205128205128,1.9500000000000002,,,1.0,0.5128205128205128,1.9500000000000002,157.4029744714389,12.74493120450904,144.65804326692987,,,,,,,66.48803364684098,234.17913751653697,0.03867403314917127,0.0,,140.0,0.8333333333333334
AMD,10,2026-01…2026-06,WINDOW_CLOSING,14,10,25.0,1,1,1.0,0.5128205128205128,1.9500000000000002,,,1.0,0.5128205128205128,1.9500000000000002,157.4029744714389,12.74493120450904,144.65804326692987,,,,,,,66.48803364684098,234.17913751653697,0.03867403314917127,0.0,,140.0,0.8333333333333334
AMD,10,2026-01…2026-06,WINDOW_CLOSING,14,10,50.0,1,1,1.0,0.5128205128205128,1.9500000000000002,,,1.0,0.5128205128205128,1.9500000000000002,157.4029744714389,12.74493120450904,144.65804326692987,,,,,,,66.48803364684098,234.17913751653697,0.03867403314917127,0.0,,140.0,0.8333333333333334
AMD,10,2026-01…2026-06,WINDOW_CLOSING,14,20,0.0,1,1,1.0,0.5213675213675214,1.9180327868852458,,,1.0,0.5213675213675214,1.9180327868852458,333.36679485001855,34.533119178883084,298.83367567113544,,,,,,,249.16474906436338,234.17913751653697,0.03867403314917127,0.0,,140.0,0.8333333333333334
AMD,10,2026-01…2026-06,WINDOW_CLOSING,14,20,10.0,1,1,1.0,0.5213675213675214,1.9180327868852458,,,1.0,0.5213675213675214,1.9180327868852458,333.36679485001855,34.533119178883084,298.83367567113544,,,,,,,249.16474906436338,234.17913751653697,0.03867403314917127,0.0,,140.0,0.8333333333333334
AMD,10,2026-01…2026-06,WINDOW_CLOSING,14,20,25.0,1,1,1.0,0.5213675213675214,1.9180327868852458,,,1.0,0.5213675213675214,1.9180327868852458,333.36679485001855,34.533119178883084,298.83367567113544,,,,,,,249.16474906436338,234.17913751653697,0.03867403314917127,0.0,,140.0,0.8333333333333334
AMD,10,2026-01…2026-06,WINDOW_CLOSING,14,20,50.0,1,1,1.0,0.5213675213675214,1.9180327868852458,,,1.0,0.5213675213675214,1.9180327868852458,333.36679485001855,34.533119178883084,298.83367567113544,,,,,,,249.16474906436338,234.17913751653697,0.03867403314917127,0.0,,140.0,0.8333333333333334
KGS,0,2021-01…2021-06,BUY_NOW,12,1,0.0,12,12,0.5833333333333334,0.4830508474576271,1.2076023391812867,0.6900584795321637,1.7251461988304095,0.5833333333333334,0.4830508474576271,1.2076023391812867,9.689893950550571,-3.240608009594079,12.93050196014465,-26.11749532877638,55.8486543269531,-29.35810333837046,52.608046317359026,-10.678564003262153,30.457385702007127,25.45155381097166,43.213126184847475,0.46408839779005523,0.0,0.72356458341408,46.0,0.0
KGS,0,2021-01…2021-06,BUY_NOW,12,1,10.0,12,12,0.6666666666666666,0.5423728813559322,1.2291666666666665,0.7682291666666667,1.6901041666666665,0.6666666666666666,0.5423728813559322,1.2291666666666665,9.689893950550571,-3.240608009594079,12.93050196014465,-26.11749532877638,55.8486543269531,-29.35810333837046,52.608046317359026,-10.678564003262153,30.457385702007127,25.45155381097166,43.213126184847475,0.46408839779005523,0.0,0.72356458341408,46.0,0.0
KGS,0,2021-01…2021-06,BUY_NOW,12,1,25.0,12,12,0.75,0.6186440677966102,1.2123287671232876,0.8082191780821918,1.6164383561643836,0.75,0.6186440677966102,1.2123287671232876,9.689893950550571,-3.240608009594079,12.93050196014465,-26.11749532877638,55.8486543269531,-29.35810333837046,52.608046317359026,-10.678564003262153,30.457385702007127,25.45155381097166,43.213126184847475,0.46408839779005523,0.0,0.72356458341408,46.0,0.0
KGS,0,2021-01…2021-06,BUY_NOW,12,1,50.0,12,12,0.8333333333333334,0.7711864406779662,1.0805860805860805,0.7564102564102564,1.2967032967032965,0.8333333333333334,0.7711864406779662,1.0805860805860805,9.689893950550571,-3.240608009594079,12.93050196014465,-26.11749532877638,55.8486543269531,-29.35810333837046,52.608046317359026,-10.678564003262153,30.457385702007127,25.45155381097166,43.213126184847475,0.46408839779005523,0.0,0.72356458341408,46.0,0.0
KGS,0,2021-01…2021-06,BUY_NOW,12,3,0.0,12,12,0.4166666666666667,0.3135593220338983,1.3288288288288288,0.5315315315315315,2.126126126126126,0.5833333333333334,0.4661016949152542,1.2515151515151517,22.04073809279838,-5.214512824082478,27.25525091688086,-17.201386029442403,78.02978076311997,-22.41589885352488,72.8152679390375,-9.416073550921704,53.497549736518465,48.14840946959128,43.213126184847475,0.46408839779005523,0.0,0.72356458341408,46.0,0.0
KGS,0,2021-01…2021-06,BUY_NOW,12,3,10.0,12,12,0.5,0.3559322033898305,1.4047619047619049,0.7023809523809524,2.107142857142857,0.6666666666666666,0.5254237288135594,1.268817204301075,22.04073809279838,-5.214512824082478,27.25525091688086,-17.201386029442403,78.02978076311997,-22.41589885352488,72.8152679390375,-9.416073550921704,53.497549736518465,48.14840946959128,43.213126184847475,0.46408839779005523,0.0,0.72356458341408,46.0,0.0
KGS,0,2021-01…2021-06,BUY_NOW,12,3,25.0,12,12,0.5833333333333334,0.423728813559322,1.3766666666666667,0.7866666666666666,1.9666666666666668,0.6666666666666666,0.5847457627118644,1.1400966183574879,22.04073809279838,-5.214512824082478,27.25525091688086,-17.201386029442403,78.02978076311997,-22.41589885352488,72.8152679390375,-9.416073550921704,53.497549736518465,48.14840946959128,43.213126184847475,0.46408839779005523,0.0,0.72356458341408,46.0,0.0
KGS,0,2021-01…2021-06,BUY_NOW,12,3,50.0,12,12,0.5833333333333334,0.5084745762711864,1.1472222222222224,0.6555555555555556,1.638888888888889,0.75,0.652542372881356,1.1493506493506493,22.04073809279838,-5.214512824082478,27.25525091688086,-17.201386029442403,78.02978076311997,-22.41589885352488,72.8152679390375,-9.416073550921704,53.497549736518465,48.14840946959128,43.213126184847475,0.46408839779005523,0.0,0.72356458341408,46.0,0.0
KGS,0,2021-01…2021-06,BUY_NOW,12,5,0.0,12,12,0.3333333333333333,0.2288135593220339,1.45679012345679,0.3641975308641975,2.549382716049383,0.5833333333333334,0.4830508474576271,1.2076023391812867,21.688067033663696,-6.366098806701204,28.0541658403649,-24.899601782458884,87.34560811158147,-31.265700589160087,80.97950930488027,-0.9812092473173335,47.10185751436657,51.95672839609487,43.213126184847475,0.46408839779005523,0.0,0.72356458341408,46.0,0.0
KGS,0,2021-01…2021-06,BUY_NOW,12,5,10.0,12,12,0.4166666666666667,0.2711864406779661,1.5364583333333335,0.6145833333333333,2.458333333333333,0.5833333333333334,0.5,1.1666666666666667,21.688067033663696,-6.366098806701204,28.0541658403649,-24.899601782458884,87.34560811158147,-31.265700589160087,80.97950930488027,-0.9812092473173335,47.10185751436657,51.95672839609487,43.213126184847475,0.46408839779005523,0.0,0.72356458341408,46.0,0.0
KGS,0,2021-01…2021-06,BUY_NOW,12,5,25.0,12,12,0.5,0.3559322033898305,1.4047619047619049,0.7023809523809524,2.107142857142857,0.6666666666666666,0.576271186440678,1.156862745098039,21.688067033663696,-6.366098806701204,28.0541658403649,-24.899601782458884,87.34560811158147,-31.265700589160087,80.97950930488027,-0.9812092473173335,47.10185751436657,51.95672839609487,43.213126184847475,0.46408839779005523,0.0,0.72356458341408,46.0,0.0
KGS,0,2021-01…2021-06,BUY_NOW,12,5,50.0,12,12,0.5,0.4152542372881356,1.2040816326530612,0.6020408163265306,1.8061224489795917,0.75,0.6694915254237288,1.120253164556962,21.688067033663696,-6.366098806701204,28.0541658403649,-24.899601782458884,87.34560811158147,-31.265700589160087,80.97950930488027,-0.9812092473173335,47.10185751436657,51.95672839609487,43.213126184847475,0.46408839779005523,0.0,0.72356458341408,46.0,0.0
KGS,0,2021-01…2021-06,BUY_NOW,12,10,0.0,12,12,0.3333333333333333,0.16101694915254236,2.0701754385964914,0.5175438596491229,3.62280701754386,0.6666666666666666,0.4745762711864407,1.4047619047619047,53.39545827494131,-5.442885996381312,58.838344271322626,-3.834661168193854,121.70190463138019,-9.277547164575166,116.25901863499888,23.371026618451424,102.82533911654416,85.20774704828678,43.213126184847475,0.46408839779005523,0.0,0.72356458341408,46.0,0.0
KGS,0,2021-01…2021-06,BUY_NOW,12,10,10.0,12,12,0.4166666666666667,0.19491525423728814,2.13768115942029,0.8550724637681159,3.4202898550724634,0.6666666666666666,0.5084745762711864,1.3111111111111111,53.39545827494131,-5.442885996381312,58.838344271322626,-3.834661168193854,121.70190463138019,-9.277547164575166,116.25901863499888,23.371026618451424,102.82533911654416,85.20774704828678,43.213126184847475,0.46408839779005523,0.0,0.72356458341408,46.0,0.0
KGS,0,2021-01…2021-06,BUY_NOW,12,10,25.0,12,12,0.5,0.2627118644067797,1.9032258064516128,0.9516129032258064,2.854838709677419,0.9166666666666666,0.576271186440678,1.5906862745098038,53.39545827494131,-5.442885996381312,58.838344271322626,-3.834661168193854,121.70190463138019,-9.277547164575166,116.25901863499888,23.371026618451424,102.82533911654416,85.20774704828678,43.213126184847475,0.46408839779005523,0.0,0.72356458341408,46.0,0.0
KGS,0,2021-01…2021-06,BUY_NOW,12,10,50.0,12,12,0.5,0.2966101694915254,1.6857142857142857,0.8428571428571429,2.5285714285714285,0.9166666666666666,0.6186440677966102,1.4817351598173516,53.39545827494131,-5.442885996381312,58.838344271322626,-3.834661168193854,121.70190463138019,-9.277547164575166,116.25901863499888,23.371026618451424,102.82533911654416,85.20774704828678,43.213126184847475,0.46408839779005523,0.0,0.72356458341408,46.0,0.0
KGS,0,2021-01…2021-06,BUY_NOW,12,20,0.0,12,12,0.16666666666666666,0.11864406779661017,1.4047619047619047,0.0,3.511904761904762,0.6666666666666666,0.4406779661016949,1.5128205128205128,66.80475080652559,-8.151508733265231,74.95625953979082,7.506118585092354,138.6206048697465,-0.6453901481728774,130.46909613648128,19.00925951900978,121.50188511596316,104.3256709617386,43.213126184847475,0.46408839779005523,0.0,0.72356458341408,46.0,0.0
KGS,0,2021-01…2021-06,BUY_NOW,12,20,10.0,12,12,0.25,0.13559322033898305,1.84375,0.0,3.6875,0.6666666666666666,0.4661016949152542,1.4303030303030302,66.80475080652559,-8.151508733265231,74.95625953979082,7.506118585092354,138.6206048697465,-0.6453901481728774,130.46909613648128,19.00925951900978,121.50188511596316,104.3256709617386,43.213126184847475,0.46408839779005523,0.0,0.72356458341408,46.0,0.0
KGS,0,2021-01…2021-06,BUY_NOW,12,20,25.0,12,12,0.25,0.1440677966101695,1.7352941176470589,0.0,3.4705882352941178,0.75,0.5,1.5,66.80475080652559,-8.151508733265231,74.95625953979082,7.506118585092354,138.6206048697465,-0.6453901481728774,130.46909613648128,19.00925951900978,121.50188511596316,104.3256709617386,43.213126184847475,0.46408839779005523,0.0,0.72356458341408,46.0,0.0
KGS,0,2021-01…2021-06,BUY_NOW,12,20,50.0,12,12,0.25,0.16101694915254236,1.5526315789473686,0.0,3.105263157894737,0.9166666666666666,0.6016949152542372,1.523474178403756,66.80475080652559,-8.151508733265231,74.95625953979082,7.506118585092354,138.6206048697465,-0.6453901481728774,130.46909613648128,19.00925951900978,121.50188511596316,104.3256709617386,43.213126184847475,0.46408839779005523,0.0,0.72356458341408,46.0,0.0
KGS,1,2021-07…2021-12,BUY_NOW,11,1,0.0,9,9,0.4444444444444444,0.4806201550387597,0.9247311827956989,0.23118279569892472,1.618279569892473,0.4444444444444444,0.4806201550387597,0.9247311827956989,7.213485143110857,2.3854437033423466,4.82804143976851,-22.70083998010026,36.300816468940255,-20.315396276757912,38.6862601722826,-20.40699377893862,31.375821017836948,10.386731502798588,7.610591694726294,0.3423913043478261,0.0,1.0122726968654763,64.0,0.3333333333333333
KGS,1,2021-07…2021-12,BUY_NOW,11,1,10.0,9,9,0.4444444444444444,0.5581395348837209,0.7962962962962963,0.19907407407407407,1.3935185185185186,0.4444444444444444,0.5581395348837209,0.7962962962962963,7.213485143110857,2.3854437033423466,4.82804143976851,-22.70083998010026,36.300816468940255,-20.315396276757912,38.6862601722826,-20.40699377893862,31.375821017836948,10.386731502798588,7.610591694726294,0.3423913043478261,0.0,1.0122726968654763,64.0,0.3333333333333333
KGS,1,2021-07…2021-12,BUY_NOW,11,1,25.0,9,9,0.7777777777777778,0.689922480620155,1.1273408239700375,0.644194756554307,1.449438202247191,0.7777777777777778,0.689922480620155,1.1273408239700375,7.213485143110857,2.3854437033423466,4.82804143976851,-22.70083998010026,36.300816468940255,-20.315396276757912,38.6862601722826,-20.40699377893862,31.375821017836948,10.386731502798588,7.610591694726294,0.3423913043478261,0.0,1.0122726968654763,64.0,0.3333333333333333
KGS,1,2021-07…2021-12,BUY_NOW,11,1,50.0,9,9,1.0,0.8527131782945736,1.1727272727272728,1.1727272727272728,1.1727272727272728,1.0,0.8527131782945736,1.1727272727272728,7.213485143110857,2.3854437033423466,4.82804143976851,-22.70083998010026,36.300816468940255,-20.315396276757912,38.6862601722826,-20.40699377893862,31.375821017836948,10.386731502798588,7.610591694726294,0.3423913043478261,0.0,1.0122726968654763,64.0,0.3333333333333333
KGS,1,2021-07…2021-12,BUY_NOW,11,3,0.0,9,9,0.3333333333333333,0.34108527131782945,0.9772727272727272,0.32575757575757575,1.9545454545454544,0.4444444444444444,0.4806201550387597,0.9247311827956989,-17.915323145671533,3.7859852501678506,-21.701308395839384,-61.19876554843382,16.03075523735468,-57.41278029826597,19.81674048752253,-74.24333086786783,25.122606443238606,11.699273607302198,7.610591694726294,0.3423913043478261,0.0,1.0122726968654763,64.0,0.3333333333333333
KGS,1,2021-07…2021-12,BUY_NOW,11,3,10.0,9,9,0.4444444444444444,0.3875968992248062,1.1466666666666665,0.2866666666666666,2.0066666666666664,0.4444444444444444,0.5348837209302325,0.8309178743961353,-17.915323145671533,3.7859852501678506,-21.701308395839384,-61.19876554843382,16.03075523735468,-57.41278029826597,19.81674048752253,-74.24333086786783,25.122606443238606,11.699273607302198,7.610591694726294,0.3423913043478261,0.0,1.0122726968654763,64.0,0.3333333333333333
KGS,1,2021-07…2021-12,BUY_NOW,11,3,25.0,9,9,0.4444444444444444,0.4496124031007752,0.9885057471264367,0.24712643678160917,1.7298850574712643,0.4444444444444444,0.6434108527131783,0.6907630522088353,-17.915323145671533,3.7859852501678506,-21.701308395839384,-61.19876554843382,16.03075523735468,-57.41278029826597,19.81674048752253,-74.24333086786783,25.122606443238606,11.699273607302198,7.610591694726294,0.3423913043478261,0.0,1.0122726968654763,64.0,0.3333333333333333
KGS,1,2021-07…2021-12,BUY_NOW,11,3,50.0,9,9,0.6666666666666666,0.627906976744186,1.0617283950617282,0.5308641975308641,1.5925925925925926,0.6666666666666666,0.7751937984496124,0.8599999999999999,-17.915323145671533,3.7859852501678506,-21.701308395839384,-61.19876554843382,16.03075523735468,-57.41278029826597,19.81674048752253,-74.24333086786783,25.122606443238606,11.699273607302198,7.610591694726294,0.3423913043478261,0.0,1.0122726968654763,64.0,0.3333333333333333
KGS,1,2021-07…2021-12,BUY_NOW,11,5,0.0,9,9,0.3333333333333333,0.2558139534883721,1.303030303030303,0.4343434343434343,2.606060606060606,0.3333333333333333,0.4728682170542636,0.7049180327868853,-13.471329110325494,5.325231201518606,-18.7965603118441,-62.997654577476595,26.369024872829044,-57.67242337595799,31.69425607434765,-75.75083934612792,55.46490663238218,21.057443916903114,7.610591694726294,0.3423913043478261,0.0,1.0122726968654763,64.0,0.3333333333333333
KGS,1,2021-07…2021-12,BUY_NOW,11,5,10.0,9,9,0.3333333333333333,0.27906976744186046,1.1944444444444444,0.39814814814814814,2.388888888888889,0.4444444444444444,0.5581395348837209,0.7962962962962963,-13.471329110325494,5.325231201518606,-18.7965603118441,-62.997654577476595,26.369024872829044,-57.67242337595799,31.69425607434765,-75.75083934612792,55.46490663238218,21.057443916903114,7.610591694726294,0.3423913043478261,0.0,1.0122726968654763,64.0,0.3333333333333333
KGS,1,2021-07…2021-12,BUY_NOW,11,5,25.0,9,9,0.3333333333333333,0.3333333333333333,1.0,0.3333333333333333,2.0,0.6666666666666666,0.6046511627906976,1.1025641025641026,-13.471329110325494,5.325231201518606,-18.7965603118441,-62.997654577476595,26.369024872829044,-57.67242337595799,31.69425607434765,-75.75083934612792,55.46490663238218,21.057443916903114,7.610591694726294,0.3423913043478261,0.0,1.0122726968654763,64.0,0.3333333333333333
KGS,1,2021-07…2021-12,BUY_NOW,11,5,50.0,9,9,0.6666666666666666,0.4728682170542636,1.4098360655737705,0.7049180327868853,2.1147540983606556,0.6666666666666666,0.7364341085271318,0.9052631578947368,-13.471329110325494,5.325231201518606,-18.7965603118441,-62.997654577476595,26.369024872829044,-57.67242337595799,31.69425607434765,-75.75083934612792,55.46490663238218,21.057443916903114,7.610591694726294,0.3423913043478261,0.0,1.0122726968654763,64.0,0.3333333333333333
KGS,1,2021-07…2021-12,BUY_NOW,11,10,0.0,9,9,0.1111111111111111,0.18604651162790697,0.5972222222222222,0.0,1.7916666666666665,0.4444444444444444,0.4573643410852713,0.9717514124293786,-12.188489543193652,9.825333178344458,-22.013822721538112,-79.32958232131693,42.741315082341735,-69.50424914297248,52.56664826068619,-80.617800868248,105.82494186864966,30.74668783036885,7.610591694726294,0.3423913043478261,0.0,1.0122726968654763,64.0,0.3333333333333333
KGS,1,2021-07…2021-12,BUY_NOW,11,10,10.0,9,9,0.2222222222222222,0.21705426356589147,1.0238095238095237,0.0,2.5595238095238098,0.4444444444444444,0.5116279069767442,0.8686868686868686,-12.188489543193652,9.825333178344458,-22.013822721538112,-79.32958232131693,42.741315082341735,-69.50424914297248,52.56664826068619,-80.617800868248,105.82494186864966,30.74668783036885,7.610591694726294,0.3423913043478261,0.0,1.0122726968654763,64.0,0.3333333333333333
KGS,1,2021-07…2021-12,BUY_NOW,11,10,25.0,9,9,0.2222222222222222,0.24806201550387597,0.8958333333333333,0.0,2.2395833333333335,0.5555555555555556,0.5658914728682171,0.9817351598173516,-12.188489543193652,9.825333178344458,-22.013822721538112,-79.32958232131693,42.741315082341735,-69.50424914297248,52.56664826068619,-80.617800868248,105.82494186864966,30.74668783036885,7.610591694726294,0.3423913043478261,0.0,1.0122726968654763,64.0,0.3333333333333333
KGS,1,2021-07…2021-12,BUY_NOW,11,10,50.0,9,9,0.4444444444444444,0.3643410852713178,1.2198581560283688,0.3049645390070922,2.1347517730496457,0.7777777777777778,0.6666666666666666,1.1666666666666667,-12.188489543193652,9.825333178344458,-22.013822721538112,-79.32958232131693,42.741315082341735,-69.50424914297248,52.56664826068619,-80.617800868248,105.82494186864966,30.74668783036885,7.610591694726294,0.3423913043478261,0.0,1.0122726968654763,64.0,0.3333333333333333
KGS,1,2021-07…2021-12,BUY_NOW,11,20,0.0,9,9,0.1111111111111111,0.13178294573643412,0.8431372549019607,0.0,2.529411764705882,0.3333333333333333,0.4573643410852713,0.7288135593220338,1.6305333149428205,25.66914672872073,-24.03861341377791,-116.51902715191571,92.17742631716702,-90.84988042319497,117.84657304588775,-72.79348749016023,229.88205389534943,50.995555639282834,7.610591694726294,0.3423913043478261,0.0,1.0122726968654763,64.0,0.3333333333333333
KGS,1,2021-07…2021-12,BUY_NOW,11,20,10.0,9,9,0.1111111111111111,0.15503875968992248,0.7166666666666667,0.0,2.15,0.4444444444444444,0.5116279069767442,0.8686868686868686,1.6305333149428205,25.66914672872073,-24.03861341377791,-116.51902715191571,92.17742631716702,-90.84988042319497,117.84657304588775,-72.79348749016023,229.88205389534943,50.995555639282834,7.610591694726294,0.3423913043478261,0.0,1.0122726968654763,64.0,0.3333333333333333
KGS,1,2021-07…2021-12,BUY_NOW,11,20,25.0,9,9,0.1111111111111111,0.16279069767441862,0.6825396825396824,0.0,2.0476190476190474,0.5555555555555556,0.5348837209302325,1.0386473429951693,1.6305333149428205,25.66914672872073,-24.03861341377791,-116.51902715191571,92.17742631716702,-90.84988042319497,117.84657304588775,-72.79348749016023,229.88205389534943,50.995555639282834,7.610591694726294,0.3423913043478261,0.0,1.0122726968654763,64.0,0.3333333333333333
KGS,1,2021-07…2021-12,BUY_NOW,11,20,50.0,9,9,0.2222222222222222,0.23255813953488372,0.9555555555555555,0.0,2.388888888888889,0.6666666666666666,0.6201550387596899,1.075,1.6305333149428205,25.66914672872073,-24.03861341377791,-116.51902715191571,92.17742631716702,-90.84988042319497,117.84657304588775,-72.79348749016023,229.88205389534943,50.995555639282834,7.610591694726294,0.3423913043478261,0.0,1.0122726968654763,64.0,0.3333333333333333
KGS,1,2021-07…2021-12,WINDOW_CLOSING,11,1,0.0,2,2,0.0,0.4806201550387597,0.0,,,0.0,0.4806201550387597,0.0,-8.305345297266452,2.3854437033423466,-10.690789000608799,,,,,,,-26.183066394182,123.82269865353402,0.07608695652173914,0.0,0.0,119.0,0.6666666666666666
KGS,1,2021-07…2021-12,WINDOW_CLOSING,11,1,10.0,2,2,0.0,0.4806201550387597,0.0,,,0.0,0.4806201550387597,0.0,-8.305345297266452,2.3854437033423466,-10.690789000608799,,,,,,,-26.183066394182,123.82269865353402,0.07608695652173914,0.0,0.0,119.0,0.6666666666666666
KGS,1,2021-07…2021-12,WINDOW_CLOSING,11,1,25.0,2,2,0.0,0.4806201550387597,0.0,,,0.0,0.4806201550387597,0.0,-8.305345297266452,2.3854437033423466,-10.690789000608799,,,,,,,-26.183066394182,123.82269865353402,0.07608695652173914,0.0,0.0,119.0,0.6666666666666666
KGS,1,2021-07…2021-12,WINDOW_CLOSING,11,1,50.0,2,2,0.0,0.4806201550387597,0.0,,,0.0,0.4806201550387597,0.0,-8.305345297266452,2.3854437033423466,-10.690789000608799,,,,,,,-26.183066394182,123.82269865353402,0.07608695652173914,0.0,0.0,119.0,0.6666666666666666
KGS,1,2021-07…2021-12,WINDOW_CLOSING,11,3,0.0,2,2,0.5,0.49612403100775193,1.0078125,,,0.5,0.49612403100775193,1.0078125,11.86750456422525,3.7859852501678506,8.081519314057399,,,,,,,-19.98752372234902,123.82269865353402,0.07608695652173914,0.0,0.0,119.0,0.6666666666666666
KGS,1,2021-07…2021-12,WINDOW_CLOSING,11,3,10.0,2,2,0.5,0.49612403100775193,1.0078125,,,0.5,0.49612403100775193,1.0078125,11.86750456422525,3.7859852501678506,8.081519314057399,,,,,,,-19.98752372234902,123.82269865353402,0.07608695652173914,0.0,0.0,119.0,0.6666666666666666
KGS,1,2021-07…2021-12,WINDOW_CLOSING,11,3,25.0,2,2,0.5,0.49612403100775193,1.0078125,,,0.5,0.49612403100775193,1.0078125,11.86750456422525,3.7859852501678506,8.081519314057399,,,,,,,-19.98752372234902,123.82269865353402,0.07608695652173914,0.0,0.0,119.0,0.6666666666666666
KGS,1,2021-07…2021-12,WINDOW_CLOSING,11,3,50.0,2,2,0.5,0.49612403100775193,1.0078125,,,0.5,0.49612403100775193,1.0078125,11.86750456422525,3.7859852501678506,8.081519314057399,,,,,,,-19.98752372234902,123.82269865353402,0.07608695652173914,0.0,0.0,119.0,0.6666666666666666
KGS,1,2021-07…2021-12,WINDOW_CLOSING,11,5,0.0,2,2,1.0,0.4418604651162791,2.263157894736842,,,1.0,0.4418604651162791,2.263157894736842,51.266379660022125,5.325231201518606,45.94114845850352,,,,,,,3.535160168837148,123.82269865353402,0.07608695652173914,0.0,0.0,119.0,0.6666666666666666
KGS,1,2021-07…2021-12,WINDOW_CLOSING,11,5,10.0,2,2,1.0,0.4418604651162791,2.263157894736842,,,1.0,0.4418604651162791,2.263157894736842,51.266379660022125,5.325231201518606,45.94114845850352,,,,,,,3.535160168837148,123.82269865353402,0.07608695652173914,0.0,0.0,119.0,0.6666666666666666
KGS,1,2021-07…2021-12,WINDOW_CLOSING,11,5,25.0,2,2,1.0,0.4418604651162791,2.263157894736842,,,1.0,0.4418604651162791,2.263157894736842,51.266379660022125,5.325231201518606,45.94114845850352,,,,,,,3.535160168837148,123.82269865353402,0.07608695652173914,0.0,0.0,119.0,0.6666666666666666
KGS,1,2021-07…2021-12,WINDOW_CLOSING,11,5,50.0,2,2,1.0,0.4418604651162791,2.263157894736842,,,1.0,0.4418604651162791,2.263157894736842,51.266379660022125,5.325231201518606,45.94114845850352,,,,,,,3.535160168837148,123.82269865353402,0.07608695652173914,0.0,0.0,119.0,0.6666666666666666
KGS,1,2021-07…2021-12,WINDOW_CLOSING,11,10,0.0,2,2,1.0,0.4573643410852713,2.1864406779661016,,,1.0,0.4573643410852713,2.1864406779661016,109.19576241176121,9.825333178344458,99.37042923341676,,,,,,,36.60884477182602,123.82269865353402,0.07608695652173914,0.0,0.0,119.0,0.6666666666666666
KGS,1,2021-07…2021-12,WINDOW_CLOSING,11,10,10.0,2,2,1.0,0.4573643410852713,2.1864406779661016,,,1.0,0.4573643410852713,2.1864406779661016,109.19576241176121,9.825333178344458,99.37042923341676,,,,,,,36.60884477182602,123.82269865353402,0.07608695652173914,0.0,0.0,119.0,0.6666666666666666
KGS,1,2021-07…2021-12,WINDOW_CLOSING,11,10,25.0,2,2,1.0,0.4573643410852713,2.1864406779661016,,,1.0,0.4573643410852713,2.1864406779661016,109.19576241176121,9.825333178344458,99.37042923341676,,,,,,,36.60884477182602,123.82269865353402,0.07608695652173914,0.0,0.0,119.0,0.6666666666666666
KGS,1,2021-07…2021-12,WINDOW_CLOSING,11,10,50.0,2,2,1.0,0.4573643410852713,2.1864406779661016,,,1.0,0.4573643410852713,2.1864406779661016,109.19576241176121,9.825333178344458,99.37042923341676,,,,,,,36.60884477182602,123.82269865353402,0.07608695652173914,0.0,0.0,119.0,0.6666666666666666
KGS,1,2021-07…2021-12,WINDOW_CLOSING,11,20,0.0,2,2,1.0,0.43410852713178294,2.303571428571429,,,1.0,0.43410852713178294,2.303571428571429,280.6389151565891,25.66914672872073,254.9697684278684,,,,,,,166.49702846384562,123.82269865353402,0.07608695652173914,0.0,0.0,119.0,0.6666666666666666
KGS,1,2021-07…2021-12,WINDOW_CLOSING,11,20,10.0,2,2,1.0,0.43410852713178294,2.303571428571429,,,1.0,0.43410852713178294,2.303571428571429,280.6389151565891,25.66914672872073,254.9697684278684,,,,,,,166.49702846384562,123.82269865353402,0.07608695652173914,0.0,0.0,119.0,0.6666666666666666
KGS,1,2021-07…2021-12,WINDOW_CLOSING,11,20,25.0,2,2,1.0,0.43410852713178294,2.303571428571429,,,1.0,0.43410852713178294,2.303571428571429,280.6389151565891,25.66914672872073,254.9697684278684,,,,,,,166.49702846384562,123.82269865353402,0.07608695652173914,0.0,0.0,119.0,0.6666666666666666
KGS,1,2021-07…2021-12,WINDOW_CLOSING,11,20,50.0,2,2,1.0,0.43410852713178294,2.303571428571429,,,1.0,0.43410852713178294,2.303571428571429,280.6389151565891,25.66914672872073,254.9697684278684,,,,,,,166.49702846384562,123.82269865353402,0.07608695652173914,0.0,0.0,119.0,0.6666666666666666
KGS,2,2022-01…2022-06,BUY_NOW,13,1,0.0,11,11,0.36363636363636365,0.42735042735042733,0.850909090909091,0.21272727272727274,1.4890909090909092,0.36363636363636365,0.42735042735042733,0.850909090909091,-75.36044622958588,-16.86028353562292,-58.500162693962956,-296.2016279239431,223.6696721694054,-313.061911459566,206.80938863378248,-264.1777257918075,327.10119585977804,97.86526424007435,-40.539579878840556,0.42541436464088395,0.0,0.9152061492769563,50.0,0.16666666666666666
KGS,2,2022-01…2022-06,BUY_NOW,13,1,10.0,11,11,0.36363636363636365,0.4444444444444444,0.8181818181818182,0.20454545454545456,1.4318181818181819,0.36363636363636365,0.4444444444444444,0.8181818181818182,-75.36044622958588,-16.86028353562292,-58.500162693962956,-296.2016279239431,223.6696721694054,-313.061911459566,206.80938863378248,-264.1777257918075,327.10119585977804,97.86526424007435,-40.539579878840556,0.42541436464088395,0.0,0.9152061492769563,50.0,0.16666666666666666
KGS,2,2022-01…2022-06,BUY_NOW,13,1,25.0,11,11,0.45454545454545453,0.46153846153846156,0.9848484848484848,0.3939393939393939,1.5757575757575757,0.45454545454545453,0.46153846153846156,0.9848484848484848,-75.36044622958588,-16.86028353562292,-58.500162693962956,-296.2016279239431,223.6696721694054,-313.061911459566,206.80938863378248,-264.1777257918075,327.10119585977804,97.86526424007435,-40.539579878840556,0.42541436464088395,0.0,0.9152061492769563,50.0,0.16666666666666666
KGS,2,2022-01…2022-06,BUY_NOW,13,1,50.0,11,11,0.45454545454545453,0.5213675213675214,0.871833084947839,0.3487332339791356,1.3949329359165423,0.45454545454545453,0.5213675213675214,0.871833084947839,-75.36044622958588,-16.86028353562292,-58.500162693962956,-296.2016279239431,223.6696721694054,-313.061911459566,206.80938863378248,-264.1777257918075,327.10119585977804,97.86526424007435,-40.539579878840556,0.42541436464088395,0.0,0.9152061492769563,50.0,0.16666666666666666
KGS,2,2022-01…2022-06,BUY_NOW,13,3,0.0,11,11,0.2727272727272727,0.28205128205128205,0.9669421487603305,0.0,1.933884297520661,0.36363636363636365,0.41025641025641024,0.8863636363636365,-30.2225839635932,-28.675637804257608,-1.5469461593355902,-215.48194458250597,264.73941667211244,-244.15758238676358,236.0637788678548,-198.4216789151065,359.803622857623,176.85244454245645,-40.539579878840556,0.42541436464088395,0.0,0.9152061492769563,50.0,0.16666666666666666
KGS,2,2022-01…2022-06,BUY_NOW,13,3,10.0,11,11,0.2727272727272727,0.28205128205128205,0.9669421487603305,0.0,1.933884297520661,0.36363636363636365,0.42735042735042733,0.850909090909091,-30.2225839635932,-28.675637804257608,-1.5469461593355902,-215.48194458250597,264.73941667211244,-244.15758238676358,236.0637788678548,-198.4216789151065,359.803622857623,176.85244454245645,-40.539579878840556,0.42541436464088395,0.0,0.9152061492769563,50.0,0.16666666666666666
KGS,2,2022-01…2022-06,BUY_NOW,13,3,25.0,11,11,0.36363636363636365,0.2905982905982906,1.2513368983957218,0.31283422459893045,2.189839572192513,0.36363636363636365,0.4358974358974359,0.8342245989304813,-30.2225839635932,-28.675637804257608,-1.5469461593355902,-215.48194458250597,264.73941667211244,-244.15758238676358,236.0637788678548,-198.4216789151065,359.803622857623,176.85244454245645,-40.539579878840556,0.42541436464088395,0.0,0.9152061492769563,50.0,0.16666666666666666
KGS,2,2022-01…2022-06,BUY_NOW,13,3,50.0,11,11,0.36363636363636365,0.3076923076923077,1.1818181818181819,0.29545454545454547,2.068181818181818,0.45454545454545453,0.47863247863247865,0.9496753246753246,-30.2225839635932,-28.675637804257608,-1.5469461593355902,-215.48194458250597,264.73941667211244,-244.15758238676358,236.0637788678548,-198.4216789151065,359.803622857623,176.85244454245645,-40.539579878840556,0.42541436464088395,0.0,0.9152061492769563,50.0,0.16666666666666666
KGS,2,2022-01…2022-06,BUY_NOW,13,5,0.0,11,11,0.0,0.20512820512820512,0.0,0.0,0.0,0.45454545454545453,0.4017094017094017,1.1315280464216633,-17.975871351563192,-35.27877077349024,17.302899421927044,-144.14418201579275,197.38447928871508,-179.422952789283,162.10570851522485,-117.51095609132666,219.53538746855045,197.87282006067215,-40.539579878840556,0.42541436464088395,0.0,0.9152061492769563,50.0,0.16666666666666666
KGS,2,2022-01…2022-06,BUY_NOW,13,5,10.0,11,11,0.0,0.21367521367521367,0.0,0.0,0.0,0.45454545454545453,0.4017094017094017,1.1315280464216633,-17.975871351563192,-35.27877077349024,17.302899421927044,-144.14418201579275,197.38447928871508,-179.422952789283,162.10570851522485,-117.51095609132666,219.53538746855045,197.87282006067215,-40.539579878840556,0.42541436464088395,0.0,0.9152061492769563,50.0,0.16666666666666666
KGS,2,2022-01…2022-06,BUY_NOW,13,5,25.0,11,11,0.09090909090909091,0.2222222222222222,0.4090909090909091,0.0,1.2272727272727273,0.45454545454545453,0.4017094017094017,1.1315280464216633,-17.975871351563192,-35.27877077349024,17.302899421927044,-144.14418201579275,197.38447928871508,-179.422952789283,162.10570851522485,-117.51095609132666,219.53538746855045,197.87282006067215,-40.539579878840556,0.42541436464088395,0.0,0.9152061492769563,50.0,0.16666666666666666
KGS,2,2022-01…2022-06,BUY_NOW,13,5,50.0,11,11,0.09090909090909091,0.23931623931623933,0.37987012987012986,0.0,1.1396103896103895,0.45454545454545453,0.42735042735042733,1.0636363636363637,-17.975871351563192,-35.27877077349024,17.302899421927044,-144.14418201579275,197.38447928871508,-179.422952789283,162.10570851522485,-117.51095609132666,219.53538746855045,197.87282006067215,-40.539579878840556,0.42541436464088395,0.0,0.9152061492769563,50.0,0.16666666666666666
KGS,2,2022-01…2022-06,BUY_NOW,13,10,0.0,11,11,0.0,0.15384615384615385,0.0,0.0,0.0,0.45454545454545453,0.41025641025641024,1.1079545454545454,25.996932279903536,-60.32936212213379,86.32629440203732,-182.9368541768756,347.4000828279323,-243.26621629900941,287.0707207057985,-91.67773472031307,234.9115540725645,340.6746535081087,-40.539579878840556,0.42541436464088395,0.0,0.9152061492769563,50.0,0.16666666666666666
KGS,2,2022-01…2022-06,BUY_NOW,13,10,10.0,11,11,0.0,0.15384615384615385,0.0,0.0,0.0,0.45454545454545453,0.41025641025641024,1.1079545454545454,25.996932279903536,-60.32936212213379,86.32629440203732,-182.9368541768756,347.4000828279323,-243.26621629900941,287.0707207057985,-91.67773472031307,234.9115540725645,340.6746535081087,-40.539579878840556,0.42541436464088395,0.0,0.9152061492769563,50.0,0.16666666666666666
KGS,2,2022-01…2022-06,BUY_NOW,13,10,25.0,11,11,0.09090909090909091,0.1623931623931624,0.5598086124401914,0.0,1.679425837320574,0.45454545454545453,0.4188034188034188,1.085343228200371,25.996932279903536,-60.32936212213379,86.32629440203732,-182.9368541768756,347.4000828279323,-243.26621629900941,287.0707207057985,-91.67773472031307,234.9115540725645,340.6746535081087,-40.539579878840556,0.42541436464088395,0.0,0.9152061492769563,50.0,0.16666666666666666
KGS,2,2022-01…2022-06,BUY_NOW,13,10,50.0,11,11,0.09090909090909091,0.17094017094017094,0.5318181818181819,0.0,1.5954545454545452,0.45454545454545453,0.4188034188034188,1.085343228200371,25.996932279903536,-60.32936212213379,86.32629440203732,-182.9368541768756,347.4000828279323,-243.26621629900941,287.0707207057985,-91.67773472031307,234.9115540725645,340.6746535081087,-40.539579878840556,0.42541436464088395,0.0,0.9152061492769563,50.0,0.16666666666666666
KGS,2,2022-01…2022-06,BUY_NOW,13,20,0.0,11,11,0.0,0.09401709401709402,0.0,0.0,0.0,0.5454545454545454,0.38461538461538464,1.418181818181818,127.50053330706277,-134.33666686632213,261.8372001733849,-108.69305884787698,680.5931357534798,-243.02972571419912,546.2564688871577,-264.2360200432356,642.2510570987505,542.2069938543816,-40.539579878840556,0.42541436464088395,0.0,0.9152061492769563,50.0,0.16666666666666666
KGS,2,2022-01…2022-06,BUY_NOW,13,20,10.0,11,11,0.0,0.09401709401709402,0.0,0.0,0.0,0.5454545454545454,0.38461538461538464,1.418181818181818,127.50053330706277,-134.33666686632213,261.8372001733849,-108.69305884787698,680.5931357534798,-243.02972571419912,546.2564688871577,-264.2360200432356,642.2510570987505,542.2069938543816,-40.539579878840556,0.42541436464088395,0.0,0.9152061492769563,50.0,0.16666666666666666
KGS,2,2022-01…2022-06,BUY_NOW,13,20,25.0,11,11,0.09090909090909091,0.10256410256410256,0.8863636363636365,0.0,2.659090909090909,0.5454545454545454,0.39316239316239315,1.3873517786561265,127.50053330706277,-134.33666686632213,261.8372001733849,-108.69305884787698,680.5931357534798,-243.02972571419912,546.2564688871577,-264.2360200432356,642.2510570987505,542.2069938543816,-40.539579878840556,0.42541436464088395,0.0,0.9152061492769563,50.0,0.16666666666666666
KGS,2,2022-01…2022-06,BUY_NOW,13,20,50.0,11,11,0.09090909090909091,0.1111111111111111,0.8181818181818182,0.0,2.4545454545454546,0.5454545454545454,0.41025641025641024,1.3295454545454546,127.50053330706277,-134.33666686632213,261.8372001733849,-108.69305884787698,680.5931357534798,-243.02972571419912,546.2564688871577,-264.2360200432356,642.2510570987505,542.2069938543816,-40.539579878840556,0.42541436464088395,0.0,0.9152061492769563,50.0,0.16666666666666666
KGS,2,2022-01…2022-06,WINDOW_CLOSING,13,1,0.0,2,2,1.0,0.42735042735042733,2.3400000000000003,,,1.0,0.42735042735042733,2.3400000000000003,298.16830490786765,-16.86028353562292,315.02858844349055,,,,,,,-88.20834404018485,-297.4802133139276,0.07734806629834254,0.0,0.0,136.0,0.6666666666666666
KGS,2,2022-01…2022-06,WINDOW_CLOSING,13,1,10.0,2,2,1.0,0.42735042735042733,2.3400000000000003,,,1.0,0.42735042735042733,2.3400000000000003,298.16830490786765,-16.86028353562292,315.02858844349055,,,,,,,-88.20834404018485,-297.4802133139276,0.07734806629834254,0.0,0.0,136.0,0.6666666666666666
KGS,2,2022-01…2022-06,WINDOW_CLOSING,13,1,25.0,2,2,1.0,0.42735042735042733,2.3400000000000003,,,1.0,0.42735042735042733,2.3400000000000003,298.16830490786765,-16.86028353562292,315.02858844349055,,,,,,,-88.20834404018485,-297.4802133139276,0.07734806629834254,0.0,0.0,136.0,0.6666666666666666
KGS,2,2022-01…2022-06,WINDOW_CLOSING,13,1,50.0,2,2,1.0,0.42735042735042733,2.3400000000000003,,,1.0,0.42735042735042733,2.3400000000000003,298.16830490786765,-16.86028353562292,315.02858844349055,,,,,,,-88.20834404018485,-297.4802133139276,0.07734806629834254,0.0,0.0,136.0,0.6666666666666666
KGS,2,2022-01…2022-06,WINDOW_CLOSING,13,3,0.0,2,2,0.0,0.41025641025641024,0.0,,,0.0,0.41025641025641024,0.0,-17.474323195897924,-28.675637804257608,11.201314608359684,,,,,,,-238.9027855696857,-297.4802133139276,0.07734806629834254,0.0,0.0,136.0,0.6666666666666666
KGS,2,2022-01…2022-06,WINDOW_CLOSING,13,3,10.0,2,2,0.0,0.41025641025641024,0.0,,,0.0,0.41025641025641024,0.0,-17.474323195897924,-28.675637804257608,11.201314608359684,,,,,,,-238.9027855696857,-297.4802133139276,0.07734806629834254,0.0,0.0,136.0,0.6666666666666666
KGS,2,2022-01…2022-06,WINDOW_CLOSING,13,3,25.0,2,2,0.0,0.41025641025641024,0.0,,,0.0,0.41025641025641024,0.0,-17.474323195897924,-28.675637804257608,11.201314608359684,,,,,,,-238.9027855696857,-297.4802133139276,0.07734806629834254,0.0,0.0,136.0,0.6666666666666666
KGS,2,2022-01…2022-06,WINDOW_CLOSING,13,3,50.0,2,2,0.0,0.41025641025641024,0.0,,,0.0,0.41025641025641024,0.0,-17.474323195897924,-28.675637804257608,11.201314608359684,,,,,,,-238.9027855696857,-297.4802133139276,0.07734806629834254,0.0,0.0,136.0,0.6666666666666666
KGS,2,2022-01…2022-06,WINDOW_CLOSING,13,5,0.0,2,2,0.0,0.42735042735042733,0.0,,,0.0,0.42735042735042733,0.0,-101.84910486790821,-35.27877077349024,-66.57033409441797,,,,,,,-182.51108132610548,-297.4802133139276,0.07734806629834254,0.0,0.0,136.0,0.6666666666666666
KGS,2,2022-01…2022-06,WINDOW_CLOSING,13,5,10.0,2,2,0.0,0.42735042735042733,0.0,,,0.0,0.42735042735042733,0.0,-101.84910486790821,-35.27877077349024,-66.57033409441797,,,,,,,-182.51108132610548,-297.4802133139276,0.07734806629834254,0.0,0.0,136.0,0.6666666666666666
KGS,2,2022-01…2022-06,WINDOW_CLOSING,13,5,25.0,2,2,0.0,0.42735042735042733,0.0,,,0.0,0.42735042735042733,0.0,-101.84910486790821,-35.27877077349024,-66.57033409441797,,,,,,,-182.51108132610548,-297.4802133139276,0.07734806629834254,0.0,0.0,136.0,0.6666666666666666
KGS,2,2022-01…2022-06,WINDOW_CLOSING,13,5,50.0,2,2,0.0,0.42735042735042733,0.0,,,0.0,0.42735042735042733,0.0,-101.84910486790821,-35.27877077349024,-66.57033409441797,,,,,,,-182.51108132610548,-297.4802133139276,0.07734806629834254,0.0,0.0,136.0,0.6666666666666666
KGS,2,2022-01…2022-06,WINDOW_CLOSING,13,10,0.0,2,2,0.0,0.37606837606837606,0.0,,,0.0,0.37606837606837606,0.0,-297.13302925915843,-60.32936212213379,-236.80366713702466,,,,,,,-279.83330110222636,-297.4802133139276,0.07734806629834254,0.0,0.0,136.0,0.6666666666666666
KGS,2,2022-01…2022-06,WINDOW_CLOSING,13,10,10.0,2,2,0.0,0.37606837606837606,0.0,,,0.0,0.37606837606837606,0.0,-297.13302925915843,-60.32936212213379,-236.80366713702466,,,,,,,-279.83330110222636,-297.4802133139276,0.07734806629834254,0.0,0.0,136.0,0.6666666666666666
KGS,2,2022-01…2022-06,WINDOW_CLOSING,13,10,25.0,2,2,0.0,0.37606837606837606,0.0,,,0.0,0.37606837606837606,0.0,-297.13302925915843,-60.32936212213379,-236.80366713702466,,,,,,,-279.83330110222636,-297.4802133139276,0.07734806629834254,0.0,0.0,136.0,0.6666666666666666
KGS,2,2022-01…2022-06,WINDOW_CLOSING,13,10,50.0,2,2,0.0,0.37606837606837606,0.0,,,0.0,0.37606837606837606,0.0,-297.13302925915843,-60.32936212213379,-236.80366713702466,,,,,,,-279.83330110222636,-297.4802133139276,0.07734806629834254,0.0,0.0,136.0,0.6666666666666666
KGS,2,2022-01…2022-06,WINDOW_CLOSING,13,20,0.0,2,2,0.0,0.358974358974359,0.0,,,0.0,0.358974358974359,0.0,-738.1075508833628,-134.33666686632213,-603.7708840170407,,,,,,,-259.4063461794433,-297.4802133139276,0.07734806629834254,0.0,0.0,136.0,0.6666666666666666
KGS,2,2022-01…2022-06,WINDOW_CLOSING,13,20,10.0,2,2,0.0,0.358974358974359,0.0,,,0.0,0.358974358974359,0.0,-738.1075508833628,-134.33666686632213,-603.7708840170407,,,,,,,-259.4063461794433,-297.4802133139276,0.07734806629834254,0.0,0.0,136.0,0.6666666666666666
KGS,2,2022-01…2022-06,WINDOW_CLOSING,13,20,25.0,2,2,0.0,0.358974358974359,0.0,,,0.0,0.358974358974359,0.0,-738.1075508833628,-134.33666686632213,-603.7708840170407,,,,,,,-259.4063461794433,-297.4802133139276,0.07734806629834254,0.0,0.0,136.0,0.6666666666666666
KGS,2,2022-01…2022-06,WINDOW_CLOSING,13,20,50.0,2,2,0.0,0.358974358974359,0.0,,,0.0,0.358974358974359,0.0,-738.1075508833628,-134.33666686632213,-603.7708840170407,,,,,,,-259.4063461794433,-297.4802133139276,0.07734806629834254,0.0,0.0,136.0,0.6666666666666666
KGS,3,2022-07…2022-12,WINDOW_CLOSING,8,1,0.0,1,1,0.0,0.5615384615384615,0.0,,,0.0,0.5615384615384615,0.0,-328.8860014063422,16.103762207838002,-344.9897636141802,,,,,,,-2.6352626848114014,-628.7319298602656,0.03804347826086957,0.0,,176.0,0.8333333333333334
KGS,3,2022-07…2022-12,WINDOW_CLOSING,8,1,10.0,1,1,0.0,0.5615384615384615,0.0,,,0.0,0.5615384615384615,0.0,-328.8860014063422,16.103762207838002,-344.9897636141802,,,,,,,-2.6352626848114014,-628.7319298602656,0.03804347826086957,0.0,,176.0,0.8333333333333334
KGS,3,2022-07…2022-12,WINDOW_CLOSING,8,1,25.0,1,1,0.0,0.5615384615384615,0.0,,,0.0,0.5615384615384615,0.0,-328.8860014063422,16.103762207838002,-344.9897636141802,,,,,,,-2.6352626848114014,-628.7319298602656,0.03804347826086957,0.0,,176.0,0.8333333333333334
KGS,3,2022-07…2022-12,WINDOW_CLOSING,8,1,50.0,1,1,0.0,0.5615384615384615,0.0,,,0.0,0.5615384615384615,0.0,-328.8860014063422,16.103762207838002,-344.9897636141802,,,,,,,-2.6352626848114014,-628.7319298602656,0.03804347826086957,0.0,,176.0,0.8333333333333334
KGS,3,2022-07…2022-12,WINDOW_CLOSING,8,3,0.0,1,1,0.0,0.5384615384615384,0.0,,,0.0,0.5384615384615384,0.0,-428.35194759393124,28.19483020378302,-456.54677779771424,,,,,,,-386.7030559045315,-628.7319298602656,0.03804347826086957,0.0,,176.0,0.8333333333333334
KGS,3,2022-07…2022-12,WINDOW_CLOSING,8,3,10.0,1,1,0.0,0.5384615384615384,0.0,,,0.0,0.5384615384615384,0.0,-428.35194759393124,28.19483020378302,-456.54677779771424,,,,,,,-386.7030559045315,-628.7319298602656,0.03804347826086957,0.0,,176.0,0.8333333333333334
KGS,3,2022-07…2022-12,WINDOW_CLOSING,8,3,25.0,1,1,0.0,0.5384615384615384,0.0,,,0.0,0.5384615384615384,0.0,-428.35194759393124,28.19483020378302,-456.54677779771424,,,,,,,-386.7030559045315,-628.7319298602656,0.03804347826086957,0.0,,176.0,0.8333333333333334
KGS,3,2022-07…2022-12,WINDOW_CLOSING,8,3,50.0,1,1,0.0,0.5384615384615384,0.0,,,0.0,0.5384615384615384,0.0,-428.35194759393124,28.19483020378302,-456.54677779771424,,,,,,,-386.7030559045315,-628.7319298602656,0.03804347826086957,0.0,,176.0,0.8333333333333334
KGS,3,2022-07…2022-12,WINDOW_CLOSING,8,5,0.0,1,1,0.0,0.5538461538461539,0.0,,,0.0,0.5538461538461539,0.0,-496.6556951027168,32.855938469176415,-529.5116335718932,,,,,,,-607.8037694693062,-628.7319298602656,0.03804347826086957,0.0,,176.0,0.8333333333333334
KGS,3,2022-07…2022-12,WINDOW_CLOSING,8,5,10.0,1,1,0.0,0.5538461538461539,0.0,,,0.0,0.5538461538461539,0.0,-496.6556951027168,32.855938469176415,-529.5116335718932,,,,,,,-607.8037694693062,-628.7319298602656,0.03804347826086957,0.0,,176.0,0.8333333333333334
KGS,3,2022-07…2022-12,WINDOW_CLOSING,8,5,25.0,1,1,0.0,0.5538461538461539,0.0,,,0.0,0.5538461538461539,0.0,-496.6556951027168,32.855938469176415,-529.5116335718932,,,,,,,-607.8037694693062,-628.7319298602656,0.03804347826086957,0.0,,176.0,0.8333333333333334
KGS,3,2022-07…2022-12,WINDOW_CLOSING,8,5,50.0,1,1,0.0,0.5538461538461539,0.0,,,0.0,0.5538461538461539,0.0,-496.6556951027168,32.855938469176415,-529.5116335718932,,,,,,,-607.8037694693062,-628.7319298602656,0.03804347826086957,0.0,,176.0,0.8333333333333334
KGS,3,2022-07…2022-12,WINDOW_CLOSING,8,10,0.0,1,1,0.0,0.5307692307692308,0.0,,,0.0,0.5307692307692308,0.0,-662.2310760090644,48.37015125441184,-710.6012272634762,,,,,,,-843.3610296832328,-628.7319298602656,0.03804347826086957,0.0,,176.0,0.8333333333333334
KGS,3,2022-07…2022-12,WINDOW_CLOSING,8,10,10.0,1,1,0.0,0.5307692307692308,0.0,,,0.0,0.5307692307692308,0.0,-662.2310760090644,48.37015125441184,-710.6012272634762,,,,,,,-843.3610296832328,-628.7319298602656,0.03804347826086957,0.0,,176.0,0.8333333333333334
KGS,3,2022-07…2022-12,WINDOW_CLOSING,8,10,25.0,1,1,0.0,0.5307692307692308,0.0,,,0.0,0.5307692307692308,0.0,-662.2310760090644,48.37015125441184,-710.6012272634762,,,,,,,-843.3610296832328,-628.7319298602656,0.03804347826086957,0.0,,176.0,0.8333333333333334
KGS,3,2022-07…2022-12,WINDOW_CLOSING,8,10,50.0,1,1,0.0,0.5307692307692308,0.0,,,0.0,0.5307692307692308,0.0,-662.2310760090644,48.37015125441184,-710.6012272634762,,,,,,,-843.3610296832328,-628.7319298602656,0.03804347826086957,0.0,,176.0,0.8333333333333334
KGS,3,2022-07…2022-12,WINDOW_CLOSING,8,20,0.0,1,1,0.0,0.6153846153846154,0.0,,,0.0,0.6153846153846154,0.0,-584.1875106812932,92.68431984896502,-676.8718305302583,,,,,,,-718.5545975549445,-628.7319298602656,0.03804347826086957,0.0,,176.0,0.8333333333333334
KGS,3,2022-07…2022-12,WINDOW_CLOSING,8,20,10.0,1,1,0.0,0.6153846153846154,0.0,,,0.0,0.6153846153846154,0.0,-584.1875106812932,92.68431984896502,-676.8718305302583,,,,,,,-718.5545975549445,-628.7319298602656,0.03804347826086957,0.0,,176.0,0.8333333333333334
KGS,3,2022-07…2022-12,WINDOW_CLOSING,8,20,25.0,1,1,0.0,0.6153846153846154,0.0,,,0.0,0.6153846153846154,0.0,-584.1875106812932,92.68431984896502,-676.8718305302583,,,,,,,-718.5545975549445,-628.7319298602656,0.03804347826086957,0.0,,176.0,0.8333333333333334
KGS,3,2022-07…2022-12,WINDOW_CLOSING,8,20,50.0,1,1,0.0,0.6153846153846154,0.0,,,0.0,0.6153846153846154,0.0,-584.1875106812932,92.68431984896502,-676.8718305302583,,,,,,,-718.5545975549445,-628.7319298602656,0.03804347826086957,0.0,,176.0,0.8333333333333334
KGS,3,2022-07…2022-12,BUY_NOW,8,1,0.0,7,7,0.7142857142857143,0.5615384615384615,1.2720156555772995,0.7632093933463796,1.7808219178082192,0.7142857142857143,0.5615384615384615,1.2720156555772995,56.69084718056097,16.103762207838002,40.58708497272297,-56.8719738784948,173.86084130126403,-40.7682116706568,189.96460350910203,-67.79972561136205,157.60119522936307,108.23958616813256,75.8193545497451,0.266304347826087,0.0,1.1463524613933045,67.0,0.3333333333333333
KGS,3,2022-07…2022-12,BUY_NOW,8,1,10.0,7,7,0.8571428571428571,0.6153846153846154,1.3928571428571428,0.9285714285714285,1.625,0.8571428571428571,0.6153846153846154,1.3928571428571428,56.69084718056097,16.103762207838002,40.58708497272297,-56.8719738784948,173.86084130126403,-40.7682116706568,189.96460350910203,-67.79972561136205,157.60119522936307,108.23958616813256,75.8193545497451,0.266304347826087,0.0,1.1463524613933045,67.0,0.3333333333333333
KGS,3,2022-07…2022-12,BUY_NOW,8,1,25.0,7,7,0.8571428571428571,0.676923076923077,1.2662337662337662,0.8441558441558441,1.4772727272727273,0.8571428571428571,0.676923076923077,1.2662337662337662,56.69084718056097,16.103762207838002,40.58708497272297,-56.8719738784948,173.86084130126403,-40.7682116706568,189.96460350910203,-67.79972561136205,157.60119522936307,108.23958616813256,75.8193545497451,0.266304347826087,0.0,1.1463524613933045,67.0,0.3333333333333333
KGS,3,2022-07…2022-12,BUY_NOW,8,1,50.0,7,7,0.8571428571428571,0.7692307692307693,1.114285714285714,0.7428571428571428,1.2999999999999998,0.8571428571428571,0.7692307692307693,1.114285714285714,56.69084718056097,16.103762207838002,40.58708497272297,-56.8719738784948,173.86084130126403,-40.7682116706568,189.96460350910203,-67.79972561136205,157.60119522936307,108.23958616813256,75.8193545497451,0.266304347826087,0.0,1.1463524613933045,67.0,0.3333333333333333
KGS,3,2022-07…2022-12,BUY_NOW,8,3,0.0,7,7,0.42857142857142855,0.3923076923076923,1.0924369747899159,0.3641456582633053,2.1848739495798317,0.8571428571428571,0.5692307692307692,1.5057915057915057,93.64944436433305,28.19483020378302,65.45461416055002,-53.101140259426494,244.3906199727388,-24.906310055643473,272.5854501765218,-58.777815934931695,270.1109436360863,154.33064089613458,75.8193545497451,0.266304347826087,0.0,1.1463524613933045,67.0,0.3333333333333333
KGS,3,2022-07…2022-12,BUY_NOW,8,3,10.0,7,7,0.7142857142857143,0.4307692307692308,1.6581632653061225,0.6632653061224489,2.321428571428571,0.8571428571428571,0.5769230769230769,1.4857142857142858,93.64944436433305,28.19483020378302,65.45461416055002,-53.101140259426494,244.3906199727388,-24.906310055643473,272.5854501765218,-58.777815934931695,270.1109436360863,154.33064089613458,75.8193545497451,0.266304347826087,0.0,1.1463524613933045,67.0,0.3333333333333333
KGS,3,2022-07…2022-12,BUY_NOW,8,3,25.0,7,7,0.7142857142857143,0.47692307692307695,1.497695852534562,0.5990783410138248,2.096774193548387,0.8571428571428571,0.6153846153846154,1.3928571428571428,93.64944436433305,28.19483020378302,65.45461416055002,-53.101140259426494,244.3906199727388,-24.906310055643473,272.5854501765218,-58.777815934931695,270.1109436360863,154.33064089613458,75.8193545497451,0.266304347826087,0.0,1.1463524613933045,67.0,0.3333333333333333
KGS,3,2022-07…2022-12,BUY_NOW,8,3,50.0,7,7,0.7142857142857143,0.5846153846153846,1.2218045112781954,0.48872180451127817,1.7105263157894737,0.8571428571428571,0.7076923076923077,1.2111801242236024,93.64944436433305,28.19483020378302,65.45461416055002,-53.101140259426494,244.3906199727388,-24.906310055643473,272.5854501765218,-58.777815934931695,270.1109436360863,154.33064089613458,75.8193545497451,0.266304347826087,0.0,1.1463524613933045,67.0,0.3333333333333333
KGS,3,2022-07…2022-12,BUY_NOW,8,5,0.0,7,7,0.2857142857142857,0.3153846153846154,0.9059233449477352,0.0,1.8118466898954704,0.7142857142857143,0.5538461538461539,1.2896825396825395,96.49370384010307,32.855938469176415,63.63776537092665,-50.56985650167102,270.69976935910506,-17.713918032494604,303.55570782828147,-16.388160438545977,270.10348963075705,166.32537713772538,75.8193545497451,0.266304347826087,0.0,1.1463524613933045,67.0,0.3333333333333333
KGS,3,2022-07…2022-12,BUY_NOW,8,5,10.0,7,7,0.2857142857142857,0.33076923076923076,0.8637873754152824,0.0,1.7275747508305648,0.7142857142857143,0.5769230769230769,1.2380952380952381,96.49370384010307,32.855938469176415,63.63776537092665,-50.56985650167102,270.69976935910506,-17.713918032494604,303.55570782828147,-16.388160438545977,270.10348963075705,166.32537713772538,75.8193545497451,0.266304347826087,0.0,1.1463524613933045,67.0,0.3333333333333333
KGS,3,2022-07…2022-12,BUY_NOW,8,5,25.0,7,7,0.2857142857142857,0.38461538461538464,0.7428571428571428,0.0,1.4857142857142855,0.8571428571428571,0.6153846153846154,1.3928571428571428,96.49370384010307,32.855938469176415,63.63776537092665,-50.56985650167102,270.69976935910506,-17.713918032494604,303.55570782828147,-16.388160438545977,270.10348963075705,166.32537713772538,75.8193545497451,0.266304347826087,0.0,1.1463524613933045,67.0,0.3333333333333333
KGS,3,2022-07…2022-12,BUY_NOW,8,5,50.0,7,7,0.42857142857142855,0.49230769230769234,0.8705357142857142,0.2901785714285714,1.7410714285714284,0.8571428571428571,0.6538461538461539,1.3109243697478992,96.49370384010307,32.855938469176415,63.63776537092665,-50.56985650167102,270.69976935910506,-17.713918032494604,303.55570782828147,-16.388160438545977,270.10348963075705,166.32537713772538,75.8193545497451,0.266304347826087,0.0,1.1463524613933045,67.0,0.3333333333333333
KGS,3,2022-07…2022-12,BUY_NOW,8,10,0.0,7,7,0.2857142857142857,0.25384615384615383,1.1255411255411256,0.0,2.2510822510822512,0.5714285714285714,0.5307692307692308,1.0766045548654244,151.0025619767121,48.37015125441184,102.63241072230025,-84.67681234518626,361.18276122619955,-36.306661090774426,409.5529124806114,-53.82960380761775,424.1121163558185,216.5034570551023,75.8193545497451,0.266304347826087,0.0,1.1463524613933045,67.0,0.3333333333333333
KGS,3,2022-07…2022-12,BUY_NOW,8,10,10.0,7,7,0.2857142857142857,0.2692307692307692,1.0612244897959184,0.0,2.122448979591837,0.5714285714285714,0.5384615384615384,1.0612244897959184,151.0025619767121,48.37015125441184,102.63241072230025,-84.67681234518626,361.18276122619955,-36.306661090774426,409.5529124806114,-53.82960380761775,424.1121163558185,216.5034570551023,75.8193545497451,0.266304347826087,0.0,1.1463524613933045,67.0,0.3333333333333333
KGS,3,2022-07…2022-12,BUY_NOW,8,10,25.0,7,7,0.2857142857142857,0.3153846153846154,0.9059233449477352,0.0,1.8118466898954704,0.5714285714285714,0.5615384615384615,1.0176125244618395,151.0025619767121,48.37015125441184,102.63241072230025,-84.67681234518626,361.18276122619955,-36.306661090774426,409.5529124806114,-53.82960380761775,424.1121163558185,216.5034570551023,75.8193545497451,0.266304347826087,0.0,1.1463524613933045,67.0,0.3333333333333333
KGS,3,2022-07…2022-12,BUY_NOW,8,10,50.0,7,7,0.2857142857142857,0.36923076923076925,0.7738095238095237,0.0,1.5476190476190474,0.7142857142857143,0.6076923076923076,1.1754068716094033,151.0025619767121,48.37015125441184,102.63241072230025,-84.67681234518626,361.18276122619955,-36.306661090774426,409.5529124806114,-53.82960380761775,424.1121163558185,216.5034570551023,75.8193545497451,0.266304347826087,0.0,1.1463524613933045,67.0,0.3333333333333333
KGS,3,2022-07…2022-12,BUY_NOW,8,20,0.0,7,7,0.2857142857142857,0.23076923076923078,1.238095238095238,0.0,2.476190476190476,0.5714285714285714,0.5461538461538461,1.0462776659959758,159.0829084801096,92.68431984896502,66.39858863114459,-165.66106633282863,335.7902369060023,-72.9767464838636,428.4745567549673,-101.3906348435637,503.0369981221742,185.63260541878148,75.8193545497451,0.266304347826087,0.0,1.1463524613933045,67.0,0.3333333333333333
KGS,3,2022-07…2022-12,BUY_NOW,8,20,10.0,7,7,0.2857142857142857,0.24615384615384617,1.1607142857142856,0.0,2.321428571428571,0.5714285714285714,0.5615384615384615,1.0176125244618395,159.0829084801096,92.68431984896502,66.39858863114459,-165.66106633282863,335.7902369060023,-72.9767464838636,428.4745567549673,-101.3906348435637,503.0369981221742,185.63260541878148,75.8193545497451,0.266304347826087,0.0,1.1463524613933045,67.0,0.3333333333333333
KGS,3,2022-07…2022-12,BUY_NOW,8,20,25.0,7,7,0.2857142857142857,0.2846153846153846,1.0038610038610039,0.0,2.0077220077220077,0.5714285714285714,0.5769230769230769,0.9904761904761905,159.0829084801096,92.68431984896502,66.39858863114459,-165.66106633282863,335.7902369060023,-72.9767464838636,428.4745567549673,-101.3906348435637,503.0369981221742,185.63260541878148,75.8193545497451,0.266304347826087,0.0,1.1463524613933045,67.0,0.3333333333333333
KGS,3,2022-07…2022-12,BUY_NOW,8,20,50.0,7,7,0.2857142857142857,0.3230769230769231,0.8843537414965985,0.0,1.768707482993197,0.5714285714285714,0.6076923076923076,0.9403254972875227,159.0829084801096,92.68431984896502,66.39858863114459,-165.66106633282863,335.7902369060023,-72.9767464838636,428.4745567549673,-101.3906348435637,503.0369981221742,185.63260541878148,75.8193545497451,0.266304347826087,0.0,1.1463524613933045,67.0,0.3333333333333333
KGS,4,2023-01…2023-06,BUY_NOW,4,1,0.0,4,4,0.5,0.5932203389830508,0.8428571428571429,,,0.5,0.5932203389830508,0.8428571428571429,-49.54165586619403,18.99915676940123,-68.54081263559526,,,,,,,-0.26526293969764136,-77.48865244370101,0.15469613259668508,0.0,0.9325780004077858,103.0,0.5
KGS,4,2023-01…2023-06,BUY_NOW,4,1,10.0,4,4,0.5,0.6779661016949152,0.7375,,,0.5,0.6779661016949152,0.7375,-49.54165586619403,18.99915676940123,-68.54081263559526,,,,,,,-0.26526293969764136,-77.48865244370101,0.15469613259668508,0.0,0.9325780004077858,103.0,0.5
KGS,4,2023-01…2023-06,BUY_NOW,4,1,25.0,4,4,0.5,0.7796610169491526,0.6413043478260869,,,0.5,0.7796610169491526,0.6413043478260869,-49.54165586619403,18.99915676940123,-68.54081263559526,,,,,,,-0.26526293969764136,-77.48865244370101,0.15469613259668508,0.0,0.9325780004077858,103.0,0.5
KGS,4,2023-01…2023-06,BUY_NOW,4,1,50.0,4,4,0.5,0.8389830508474576,0.595959595959596,,,0.5,0.8389830508474576,0.595959595959596,-49.54165586619403,18.99915676940123,-68.54081263559526,,,,,,,-0.26526293969764136,-77.48865244370101,0.15469613259668508,0.0,0.9325780004077858,103.0,0.5
KGS,4,2023-01…2023-06,BUY_NOW,4,3,0.0,4,4,0.5,0.4915254237288136,1.0172413793103448,,,0.5,0.652542372881356,0.7662337662337662,-67.62085612887158,39.614058550696825,-107.2349146795684,,,,,,,13.615500688250458,-77.48865244370101,0.15469613259668508,0.0,0.9325780004077858,103.0,0.5
KGS,4,2023-01…2023-06,BUY_NOW,4,3,10.0,4,4,0.5,0.559322033898305,0.893939393939394,,,0.5,0.7203389830508474,0.6941176470588235,-67.62085612887158,39.614058550696825,-107.2349146795684,,,,,,,13.615500688250458,-77.48865244370101,0.15469613259668508,0.0,0.9325780004077858,103.0,0.5
KGS,4,2023-01…2023-06,BUY_NOW,4,3,25.0,4,4,0.5,0.6694915254237288,0.7468354430379747,,,0.5,0.7542372881355932,0.6629213483146068,-67.62085612887158,39.614058550696825,-107.2349146795684,,,,,,,13.615500688250458,-77.48865244370101,0.15469613259668508,0.0,0.9325780004077858,103.0,0.5
KGS,4,2023-01…2023-06,BUY_NOW,4,3,50.0,4,4,0.5,0.7372881355932204,0.6781609195402298,,,0.5,0.847457627118644,0.5900000000000001,-67.62085612887158,39.614058550696825,-107.2349146795684,,,,,,,13.615500688250458,-77.48865244370101,0.15469613259668508,0.0,0.9325780004077858,103.0,0.5
KGS,4,2023-01…2023-06,BUY_NOW,4,5,0.0,4,4,0.25,0.4152542372881356,0.6020408163265306,,,0.25,0.7033898305084746,0.35542168674698793,-77.4854942688491,63.06829462714408,-140.55378889599316,,,,,,,25.412821116367056,-77.48865244370101,0.15469613259668508,0.0,0.9325780004077858,103.0,0.5
KGS,4,2023-01…2023-06,BUY_NOW,4,5,10.0,4,4,0.25,0.4915254237288136,0.5086206896551724,,,0.25,0.7372881355932204,0.3390804597701149,-77.4854942688491,63.06829462714408,-140.55378889599316,,,,,,,25.412821116367056,-77.48865244370101,0.15469613259668508,0.0,0.9325780004077858,103.0,0.5
KGS,4,2023-01…2023-06,BUY_NOW,4,5,25.0,4,4,0.25,0.6016949152542372,0.41549295774647893,,,0.25,0.8220338983050848,0.30412371134020616,-77.4854942688491,63.06829462714408,-140.55378889599316,,,,,,,25.412821116367056,-77.48865244370101,0.15469613259668508,0.0,0.9325780004077858,103.0,0.5
KGS,4,2023-01…2023-06,BUY_NOW,4,5,50.0,4,4,0.25,0.711864406779661,0.3511904761904762,,,0.5,0.864406779661017,0.5784313725490196,-77.4854942688491,63.06829462714408,-140.55378889599316,,,,,,,25.412821116367056,-77.48865244370101,0.15469613259668508,0.0,0.9325780004077858,103.0,0.5
KGS,4,2023-01…2023-06,BUY_NOW,4,10,0.0,4,4,0.25,0.4067796610169492,0.6145833333333333,,,0.25,0.7966101694915254,0.31382978723404253,-64.34804931191475,120.49760124978636,-184.84565056170112,,,,,,,27.35372872380737,-77.48865244370101,0.15469613259668508,0.0,0.9325780004077858,103.0,0.5
KGS,4,2023-01…2023-06,BUY_NOW,4,10,10.0,4,4,0.25,0.4661016949152542,0.5363636363636364,,,0.25,0.8135593220338984,0.30729166666666663,-64.34804931191475,120.49760124978636,-184.84565056170112,,,,,,,27.35372872380737,-77.48865244370101,0.15469613259668508,0.0,0.9325780004077858,103.0,0.5
KGS,4,2023-01…2023-06,BUY_NOW,4,10,25.0,4,4,0.25,0.5677966101694916,0.44029850746268656,,,0.25,0.8305084745762712,0.3010204081632653,-64.34804931191475,120.49760124978636,-184.84565056170112,,,,,,,27.35372872380737,-77.48865244370101,0.15469613259668508,0.0,0.9325780004077858,103.0,0.5
KGS,4,2023-01…2023-06,BUY_NOW,4,10,50.0,4,4,0.25,0.6610169491525424,0.3782051282051282,,,0.25,0.847457627118644,0.29500000000000004,-64.34804931191475,120.49760124978636,-184.84565056170112,,,,,,,27.35372872380737,-77.48865244370101,0.15469613259668508,0.0,0.9325780004077858,103.0,0.5
KGS,4,2023-01…2023-06,BUY_NOW,4,20,0.0,4,4,0.25,0.3813559322033898,0.6555555555555556,,,0.75,0.8389830508474576,0.8939393939393939,38.573789649516954,231.7318649254994,-193.15807527598244,,,,,,,-0.15262862279653433,-77.48865244370101,0.15469613259668508,0.0,0.9325780004077858,103.0,0.5
KGS,4,2023-01…2023-06,BUY_NOW,4,20,10.0,4,4,0.25,0.4406779661016949,0.5673076923076923,,,0.75,0.8389830508474576,0.8939393939393939,38.573789649516954,231.7318649254994,-193.15807527598244,,,,,,,-0.15262862279653433,-77.48865244370101,0.15469613259668508,0.0,0.9325780004077858,103.0,0.5
KGS,4,2023-01…2023-06,BUY_NOW,4,20,25.0,4,4,0.25,0.5508474576271186,0.45384615384615384,,,0.75,0.8389830508474576,0.8939393939393939,38.573789649516954,231.7318649254994,-193.15807527598244,,,,,,,-0.15262862279653433,-77.48865244370101,0.15469613259668508,0.0,0.9325780004077858,103.0,0.5
KGS,4,2023-01…2023-06,BUY_NOW,4,20,50.0,4,4,0.25,0.635593220338983,0.39333333333333337,,,0.75,0.8389830508474576,0.8939393939393939,38.573789649516954,231.7318649254994,-193.15807527598244,,,,,,,-0.15262862279653433,-77.48865244370101,0.15469613259668508,0.0,0.9325780004077858,103.0,0.5
KGS,5,2023-07…2023-12,BUY_NOW,13,1,0.0,13,13,0.46153846153846156,0.5426356589147286,0.8505494505494506,0.4252747252747253,1.4175824175824177,0.46153846153846156,0.5426356589147286,0.8505494505494506,5.329453428834209,-0.3725848455247058,5.702038274358915,-32.19156988595409,45.95423789434287,-32.564154731478794,45.58165304881816,-27.37540925328151,40.78967296895216,29.360074054137165,-45.7654452722373,0.4945652173913044,0.0,0.6719674064579682,37.0,0.0
KGS,5,2023-07…2023-12,BUY_NOW,13,1,10.0,13,13,0.5384615384615384,0.5968992248062015,0.9020979020979021,0.5154845154845156,1.2887112887112888,0.5384615384615384,0.5968992248062015,0.9020979020979021,5.329453428834209,-0.3725848455247058,5.702038274358915,-32.19156988595409,45.95423789434287,-32.564154731478794,45.58165304881816,-27.37540925328151,40.78967296895216,29.360074054137165,-45.7654452722373,0.4945652173913044,0.0,0.6719674064579682,37.0,0.0
KGS,5,2023-07…2023-12,BUY_NOW,13,1,25.0,13,13,0.6923076923076923,0.6976744186046512,0.9923076923076922,0.6615384615384615,1.323076923076923,0.6923076923076923,0.6976744186046512,0.9923076923076922,5.329453428834209,-0.3725848455247058,5.702038274358915,-32.19156988595409,45.95423789434287,-32.564154731478794,45.58165304881816,-27.37540925328151,40.78967296895216,29.360074054137165,-45.7654452722373,0.4945652173913044,0.0,0.6719674064579682,37.0,0.0
KGS,5,2023-07…2023-12,BUY_NOW,13,1,50.0,13,13,0.7692307692307693,0.7829457364341085,0.9824828636709826,0.6877380045696877,1.2772277227722773,0.7692307692307693,0.7829457364341085,0.9824828636709826,5.329453428834209,-0.3725848455247058,5.702038274358915,-32.19156988595409,45.95423789434287,-32.564154731478794,45.58165304881816,-27.37540925328151,40.78967296895216,29.360074054137165,-45.7654452722373,0.4945652173913044,0.0,0.6719674064579682,37.0,0.0
KGS,5,2023-07…2023-12,BUY_NOW,13,3,0.0,13,13,0.3076923076923077,0.4108527131782946,0.748911465892598,0.1872278664731495,1.3105950653120464,0.38461538461538464,0.5271317829457365,0.7296380090497737,-30.686930615075287,-1.949277756823232,-28.737652858252055,-84.01624183364261,25.016953693274328,-85.96551959046585,23.067675936451096,-74.70096659862307,34.0550628687054,41.93634564381624,-45.7654452722373,0.4945652173913044,0.0,0.6719674064579682,37.0,0.0
KGS,5,2023-07…2023-12,BUY_NOW,13,3,10.0,13,13,0.38461538461538464,0.43410852713178294,0.8859890109890111,0.3543956043956044,1.4175824175824177,0.38461538461538464,0.5736434108527132,0.6704781704781705,-30.686930615075287,-1.949277756823232,-28.737652858252055,-84.01624183364261,25.016953693274328,-85.96551959046585,23.067675936451096,-74.70096659862307,34.0550628687054,41.93634564381624,-45.7654452722373,0.4945652173913044,0.0,0.6719674064579682,37.0,0.0
KGS,5,2023-07…2023-12,BUY_NOW,13,3,25.0,13,13,0.38461538461538464,0.49612403100775193,0.7752403846153847,0.31009615384615385,1.2403846153846154,0.38461538461538464,0.6124031007751938,0.6280428432327168,-30.686930615075287,-1.949277756823232,-28.737652858252055,-84.01624183364261,25.016953693274328,-85.96551959046585,23.067675936451096,-74.70096659862307,34.0550628687054,41.93634564381624,-45.7654452722373,0.4945652173913044,0.0,0.6719674064579682,37.0,0.0
KGS,5,2023-07…2023-12,BUY_NOW,13,3,50.0,13,13,0.46153846153846156,0.5968992248062015,0.7732267732267734,0.3866133866133867,1.2887112887112888,0.6153846153846154,0.7286821705426356,0.844517184942717,-30.686930615075287,-1.949277756823232,-28.737652858252055,-84.01624183364261,25.016953693274328,-85.96551959046585,23.067675936451096,-74.70096659862307,34.0550628687054,41.93634564381624,-45.7654452722373,0.4945652173913044,0.0,0.6719674064579682,37.0,0.0
KGS,5,2023-07…2023-12,BUY_NOW,13,5,0.0,13,13,0.3076923076923077,0.3488372093023256,0.882051282051282,0.2205128205128205,1.5435897435897434,0.38461538461538464,0.5116279069767442,0.7517482517482518,-38.85748882768978,-5.435524898061201,-33.421963929628575,-100.1409453975715,28.000894180349626,-105.5764702956327,22.565369282288422,-86.4611304537493,36.45617460041172,58.35069789279774,-45.7654452722373,0.4945652173913044,0.0,0.6719674064579682,37.0,0.0
KGS,5,2023-07…2023-12,BUY_NOW,13,5,10.0,13,13,0.38461538461538464,0.3798449612403101,1.012558869701727,0.4050235478806907,1.620094191522763,0.46153846153846156,0.5348837209302325,0.8628762541806021,-38.85748882768978,-5.435524898061201,-33.421963929628575,-100.1409453975715,28.000894180349626,-105.5764702956327,22.565369282288422,-86.4611304537493,36.45617460041172,58.35069789279774,-45.7654452722373,0.4945652173913044,0.0,0.6719674064579682,37.0,0.0
KGS,5,2023-07…2023-12,BUY_NOW,13,5,25.0,13,13,0.38461538461538464,0.4186046511627907,0.9188034188034188,0.36752136752136755,1.4700854700854702,0.5384615384615384,0.5581395348837209,0.9647435897435898,-38.85748882768978,-5.435524898061201,-33.421963929628575,-100.1409453975715,28.000894180349626,-105.5764702956327,22.565369282288422,-86.4611304537493,36.45617460041172,58.35069789279774,-45.7654452722373,0.4945652173913044,0.0,0.6719674064579682,37.0,0.0
KGS,5,2023-07…2023-12,BUY_NOW,13,5,50.0,13,13,0.46153846153846156,0.4883720930232558,0.9450549450549451,0.47252747252747257,1.5750915750915753,0.5384615384615384,0.6356589147286822,0.847091932457786,-38.85748882768978,-5.435524898061201,-33.421963929628575,-100.1409453975715,28.000894180349626,-105.5764702956327,22.565369282288422,-86.4611304537493,36.45617460041172,58.35069789279774,-45.7654452722373,0.4945652173913044,0.0,0.6719674064579682,37.0,0.0
KGS,5,2023-07…2023-12,BUY_NOW,13,10,0.0,13,13,0.23076923076923078,0.20155038759689922,1.1449704142011836,0.3816568047337278,2.2899408284023672,0.38461538461538464,0.49612403100775193,0.7752403846153847,-42.09984075589137,-13.61904976191353,-28.48079099397784,-128.68756600887514,66.48237945508956,-142.30661577078868,52.863329693176034,-134.74967665718515,83.33368748423098,63.12232435215461,-45.7654452722373,0.4945652173913044,0.0,0.6719674064579682,37.0,0.0
KGS,5,2023-07…2023-12,BUY_NOW,13,10,10.0,13,13,0.3076923076923077,0.23255813953488372,1.3230769230769233,0.3307692307692308,2.315384615384615,0.38461538461538464,0.5116279069767442,0.7517482517482518,-42.09984075589137,-13.61904976191353,-28.48079099397784,-128.68756600887514,66.48237945508956,-142.30661577078868,52.863329693176034,-134.74967665718515,83.33368748423098,63.12232435215461,-45.7654452722373,0.4945652173913044,0.0,0.6719674064579682,37.0,0.0
KGS,5,2023-07…2023-12,BUY_NOW,13,10,25.0,13,13,0.3076923076923077,0.26356589147286824,1.1674208144796379,0.29185520361990946,2.0429864253393664,0.46153846153846156,0.5581395348837209,0.826923076923077,-42.09984075589137,-13.61904976191353,-28.48079099397784,-128.68756600887514,66.48237945508956,-142.30661577078868,52.863329693176034,-134.74967665718515,83.33368748423098,63.12232435215461,-45.7654452722373,0.4945652173913044,0.0,0.6719674064579682,37.0,0.0
KGS,5,2023-07…2023-12,BUY_NOW,13,10,50.0,13,13,0.38461538461538464,0.3333333333333333,1.153846153846154,0.46153846153846156,1.8461538461538463,0.5384615384615384,0.5813953488372093,0.9261538461538461,-42.09984075589137,-13.61904976191353,-28.48079099397784,-128.68756600887514,66.48237945508956,-142.30661577078868,52.863329693176034,-134.74967665718515,83.33368748423098,63.12232435215461,-45.7654452722373,0.4945652173913044,0.0,0.6719674064579682,37.0,0.0
KGS,5,2023-07…2023-12,BUY_NOW,13,20,0.0,13,13,0.23076923076923078,0.14728682170542637,1.5668016194331984,0.5222672064777327,3.133603238866397,0.46153846153846156,0.4806201550387597,0.9602977667493796,-42.705596416045836,-26.704775666556326,-16.00082074948951,-153.2957891992979,120.21516126224051,-180.00056486585422,93.51038559568418,-213.85667049090347,154.814544654466,60.42910658896309,-45.7654452722373,0.4945652173913044,0.0,0.6719674064579682,37.0,0.0
KGS,5,2023-07…2023-12,BUY_NOW,13,20,10.0,13,13,0.3076923076923077,0.17054263565891473,1.8041958041958044,0.4510489510489511,3.157342657342657,0.5384615384615384,0.5116279069767442,1.0524475524475523,-42.705596416045836,-26.704775666556326,-16.00082074948951,-153.2957891992979,120.21516126224051,-180.00056486585422,93.51038559568418,-213.85667049090347,154.814544654466,60.42910658896309,-45.7654452722373,0.4945652173913044,0.0,0.6719674064579682,37.0,0.0
KGS,5,2023-07…2023-12,BUY_NOW,13,20,25.0,13,13,0.3076923076923077,0.20155038759689922,1.5266272189349113,0.3816568047337278,2.6715976331360944,0.5384615384615384,0.5271317829457365,1.0214932126696832,-42.705596416045836,-26.704775666556326,-16.00082074948951,-153.2957891992979,120.21516126224051,-180.00056486585422,93.51038559568418,-213.85667049090347,154.814544654466,60.42910658896309,-45.7654452722373,0.4945652173913044,0.0,0.6719674064579682,37.0,0.0
KGS,5,2023-07…2023-12,BUY_NOW,13,20,50.0,13,13,0.3076923076923077,0.26356589147286824,1.1674208144796379,0.29185520361990946,2.0429864253393664,0.5384615384615384,0.5348837209302325,1.0066889632107023,-42.705596416045836,-26.704775666556326,-16.00082074948951,-153.2957891992979,120.21516126224051,-180.00056486585422,93.51038559568418,-213.85667049090347,154.814544654466,60.42910658896309,-45.7654452722373,0.4945652173913044,0.0,0.6719674064579682,37.0,0.0
KGS,6,2024-01…2024-06,BUY_NOW,7,1,0.0,7,7,0.5714285714285714,0.5213675213675214,1.0960187353629975,0.2740046838407494,1.6440281030444963,0.5714285714285714,0.5213675213675214,1.0960187353629975,-52.06063396818632,0.25701974670853533,-52.31765371489486,-204.2700150939037,50.812533007211336,-204.0129953471952,51.06955275391987,-247.41569278677505,59.08947836901368,8.120931287121891,53.580619086743354,0.2692307692307692,0.0,0.7353096436936235,58.0,0.16666666666666666
KGS,6,2024-01…2024-06,BUY_NOW,7,1,10.0,7,7,0.5714285714285714,0.6239316239316239,0.9158512720156555,0.22896281800391388,1.3737769080234832,0.5714285714285714,0.6239316239316239,0.9158512720156555,-52.06063396818632,0.25701974670853533,-52.31765371489486,-204.2700150939037,50.812533007211336,-204.0129953471952,51.06955275391987,-247.41569278677505,59.08947836901368,8.120931287121891,53.580619086743354,0.2692307692307692,0.0,0.7353096436936235,58.0,0.16666666666666666
KGS,6,2024-01…2024-06,BUY_NOW,7,1,25.0,7,7,0.5714285714285714,0.717948717948718,0.7959183673469388,0.1989795918367347,1.193877551020408,0.5714285714285714,0.717948717948718,0.7959183673469388,-52.06063396818632,0.25701974670853533,-52.31765371489486,-204.2700150939037,50.812533007211336,-204.0129953471952,51.06955275391987,-247.41569278677505,59.08947836901368,8.120931287121891,53.580619086743354,0.2692307692307692,0.0,0.7353096436936235,58.0,0.16666666666666666
KGS,6,2024-01…2024-06,BUY_NOW,7,1,50.0,7,7,0.5714285714285714,0.8205128205128205,0.6964285714285714,0.17410714285714285,1.0446428571428572,0.5714285714285714,0.8205128205128205,0.6964285714285714,-52.06063396818632,0.25701974670853533,-52.31765371489486,-204.2700150939037,50.812533007211336,-204.0129953471952,51.06955275391987,-247.41569278677505,59.08947836901368,8.120931287121891,53.580619086743354,0.2692307692307692,0.0,0.7353096436936235,58.0,0.16666666666666666
KGS,6,2024-01…2024-06,BUY_NOW,7,3,0.0,7,7,0.2857142857142857,0.3504273504273504,0.8153310104529616,0.0,1.6306620209059233,0.42857142857142855,0.5042735042735043,0.8498789346246973,-0.5286478557902379,2.5477742158597896,-3.0764220716500272,-61.89320212732801,65.20795379639877,-59.34542791146822,67.75572801225856,-64.55911477159604,57.92109688841417,47.89231162389479,53.580619086743354,0.2692307692307692,0.0,0.7353096436936235,58.0,0.16666666666666666
KGS,6,2024-01…2024-06,BUY_NOW,7,3,10.0,7,7,0.2857142857142857,0.42735042735042733,0.6685714285714286,0.0,1.3371428571428572,0.42857142857142855,0.5384615384615384,0.7959183673469388,-0.5286478557902379,2.5477742158597896,-3.0764220716500272,-61.89320212732801,65.20795379639877,-59.34542791146822,67.75572801225856,-64.55911477159604,57.92109688841417,47.89231162389479,53.580619086743354,0.2692307692307692,0.0,0.7353096436936235,58.0,0.16666666666666666
KGS,6,2024-01…2024-06,BUY_NOW,7,3,25.0,7,7,0.2857142857142857,0.452991452991453,0.6307277628032345,0.0,1.261455525606469,0.5714285714285714,0.6239316239316239,0.9158512720156555,-0.5286478557902379,2.5477742158597896,-3.0764220716500272,-61.89320212732801,65.20795379639877,-59.34542791146822,67.75572801225856,-64.55911477159604,57.92109688841417,47.89231162389479,53.580619086743354,0.2692307692307692,0.0,0.7353096436936235,58.0,0.16666666666666666
KGS,6,2024-01…2024-06,BUY_NOW,7,3,50.0,7,7,0.5714285714285714,0.6153846153846154,0.9285714285714285,0.23214285714285712,1.3928571428571428,0.7142857142857143,0.7350427350427351,0.9717607973421927,-0.5286478557902379,2.5477742158597896,-3.0764220716500272,-61.89320212732801,65.20795379639877,-59.34542791146822,67.75572801225856,-64.55911477159604,57.92109688841417,47.89231162389479,53.580619086743354,0.2692307692307692,0.0,0.7353096436936235,58.0,0.16666666666666666
KGS,6,2024-01…2024-06,BUY_NOW,7,5,0.0,7,7,0.14285714285714285,0.2905982905982906,0.4915966386554621,0.0,1.4747899159663864,0.5714285714285714,0.5128205128205128,1.1142857142857143,15.770479074490108,5.614659303171231,10.155819771318878,-20.055312326870638,55.54325645259657,-14.440653023699408,61.1579157557678,-6.428292865624657,42.384351035523736,66.23381428285843,53.580619086743354,0.2692307692307692,0.0,0.7353096436936235,58.0,0.16666666666666666
KGS,6,2024-01…2024-06,BUY_NOW,7,5,10.0,7,7,0.14285714285714285,0.358974358974359,0.3979591836734694,0.0,1.193877551020408,0.5714285714285714,0.5555555555555556,1.0285714285714285,15.770479074490108,5.614659303171231,10.155819771318878,-20.055312326870638,55.54325645259657,-14.440653023699408,61.1579157557678,-6.428292865624657,42.384351035523736,66.23381428285843,53.580619086743354,0.2692307692307692,0.0,0.7353096436936235,58.0,0.16666666666666666
KGS,6,2024-01…2024-06,BUY_NOW,7,5,25.0,7,7,0.14285714285714285,0.39316239316239315,0.3633540372670807,0.0,1.0900621118012421,0.8571428571428571,0.6068376068376068,1.4124748490945673,15.770479074490108,5.614659303171231,10.155819771318878,-20.055312326870638,55.54325645259657,-14.440653023699408,61.1579157557678,-6.428292865624657,42.384351035523736,66.23381428285843,53.580619086743354,0.2692307692307692,0.0,0.7353096436936235,58.0,0.16666666666666666
KGS,6,2024-01…2024-06,BUY_NOW,7,5,50.0,7,7,0.2857142857142857,0.5470085470085471,0.5223214285714285,0.0,1.044642857142857,1.0,0.7264957264957265,1.3764705882352941,15.770479074490108,5.614659303171231,10.155819771318878,-20.055312326870638,55.54325645259657,-14.440653023699408,61.1579157557678,-6.428292865624657,42.384351035523736,66.23381428285843,53.580619086743354,0.2692307692307692,0.0,0.7353096436936235,58.0,0.16666666666666666
KGS,6,2024-01…2024-06,BUY_NOW,7,10,0.0,7,7,0.14285714285714285,0.23931623931623933,0.596938775510204,0.0,1.790816326530612,0.8571428571428571,0.5470085470085471,1.5669642857142854,31.17245247605022,14.279074177139613,16.89337829891061,-32.98796937803901,61.16453611643454,-18.708895200899395,75.44361029357415,16.597879271347256,43.55149879733881,96.56679707812842,53.580619086743354,0.2692307692307692,0.0,0.7353096436936235,58.0,0.16666666666666666
KGS,6,2024-01…2024-06,BUY_NOW,7,10,10.0,7,7,0.14285714285714285,0.29914529914529914,0.4775510204081633,0.0,1.4326530612244897,0.8571428571428571,0.5641025641025641,1.5194805194805194,31.17245247605022,14.279074177139613,16.89337829891061,-32.98796937803901,61.16453611643454,-18.708895200899395,75.44361029357415,16.597879271347256,43.55149879733881,96.56679707812842,53.580619086743354,0.2692307692307692,0.0,0.7353096436936235,58.0,0.16666666666666666
KGS,6,2024-01…2024-06,BUY_NOW,7,10,25.0,7,7,0.14285714285714285,0.3162393162393162,0.4517374517374517,0.0,1.3552123552123552,0.8571428571428571,0.6153846153846154,1.3928571428571428,31.17245247605022,14.279074177139613,16.89337829891061,-32.98796937803901,61.16453611643454,-18.708895200899395,75.44361029357415,16.597879271347256,43.55149879733881,96.56679707812842,53.580619086743354,0.2692307692307692,0.0,0.7353096436936235,58.0,0.16666666666666666
KGS,6,2024-01…2024-06,BUY_NOW,7,10,50.0,7,7,0.2857142857142857,0.4358974358974359,0.6554621848739496,0.0,1.3109243697478992,0.8571428571428571,0.6581196581196581,1.302411873840445,31.17245247605022,14.279074177139613,16.89337829891061,-32.98796937803901,61.16453611643454,-18.708895200899395,75.44361029357415,16.597879271347256,43.55149879733881,96.56679707812842,53.580619086743354,0.2692307692307692,0.0,0.7353096436936235,58.0,0.16666666666666666
KGS,6,2024-01…2024-06,BUY_NOW,7,20,0.0,7,7,0.0,0.1623931623931624,0.0,0.0,0.0,0.7142857142857143,0.5470085470085471,1.3058035714285714,70.99117553403248,31.12319280205631,39.86798273197617,-43.69906390742358,117.09251346291762,-12.57587110536727,148.21570626497393,-20.373248038832525,165.33685850364483,126.16025092875864,53.580619086743354,0.2692307692307692,0.0,0.7353096436936235,58.0,0.16666666666666666
KGS,6,2024-01…2024-06,BUY_NOW,7,20,10.0,7,7,0.0,0.2222222222222222,0.0,0.0,0.0,0.7142857142857143,0.5470085470085471,1.3058035714285714,70.99117553403248,31.12319280205631,39.86798273197617,-43.69906390742358,117.09251346291762,-12.57587110536727,148.21570626497393,-20.373248038832525,165.33685850364483,126.16025092875864,53.580619086743354,0.2692307692307692,0.0,0.7353096436936235,58.0,0.16666666666666666
KGS,6,2024-01…2024-06,BUY_NOW,7,20,25.0,7,7,0.0,0.23931623931623933,0.0,0.0,0.0,0.7142857142857143,0.5726495726495726,1.2473347547974414,70.99117553403248,31.12319280205631,39.86798273197617,-43.69906390742358,117.09251346291762,-12.57587110536727,148.21570626497393,-20.373248038832525,165.33685850364483,126.16025092875864,53.580619086743354,0.2692307692307692,0.0,0.7353096436936235,58.0,0.16666666666666666
KGS,6,2024-01…2024-06,BUY_NOW,7,20,50.0,7,7,0.0,0.3162393162393162,0.0,0.0,0.0,0.7142857142857143,0.6239316239316239,1.1448140900195696,70.99117553403248,31.12319280205631,39.86798273197617,-43.69906390742358,117.09251346291762,-12.57587110536727,148.21570626497393,-20.373248038832525,165.33685850364483,126.16025092875864,53.580619086743354,0.2692307692307692,0.0,0.7353096436936235,58.0,0.16666666666666666
KGS,7,2024-07…2024-12,BUY_NOW,4,1,0.0,4,4,0.25,0.6030534351145038,0.41455696202531644,,,0.25,0.6030534351145038,0.41455696202531644,-56.644969918867304,11.966943950980763,-68.61191386984807,,,,,,,15.808718629403419,76.23898314685074,0.15217391304347827,0.0,1.0105911655212725,124.0,0.5
KGS,7,2024-07…2024-12,BUY_NOW,4,1,10.0,4,4,0.25,0.6717557251908397,0.3721590909090909,,,0.25,0.6717557251908397,0.3721590909090909,-56.644969918867304,11.966943950980763,-68.61191386984807,,,,,,,15.808718629403419,76.23898314685074,0.15217391304347827,0.0,1.0105911655212725,124.0,0.5
KGS,7,2024-07…2024-12,BUY_NOW,4,1,25.0,4,4,0.25,0.732824427480916,0.3411458333333333,,,0.25,0.732824427480916,0.3411458333333333,-56.644969918867304,11.966943950980763,-68.61191386984807,,,,,,,15.808718629403419,76.23898314685074,0.15217391304347827,0.0,1.0105911655212725,124.0,0.5
KGS,7,2024-07…2024-12,BUY_NOW,4,1,50.0,4,4,0.5,0.8473282442748091,0.5900900900900901,,,0.5,0.8473282442748091,0.5900900900900901,-56.644969918867304,11.966943950980763,-68.61191386984807,,,,,,,15.808718629403419,76.23898314685074,0.15217391304347827,0.0,1.0105911655212725,124.0,0.5
KGS,7,2024-07…2024-12,BUY_NOW,4,3,0.0,4,4,0.25,0.48091603053435117,0.5198412698412698,,,0.5,0.6335877862595419,0.7891566265060241,-62.898364639998604,23.179867336132666,-86.07823197613126,,,,,,,51.76298537216212,76.23898314685074,0.15217391304347827,0.0,1.0105911655212725,124.0,0.5
KGS,7,2024-07…2024-12,BUY_NOW,4,3,10.0,4,4,0.25,0.5419847328244275,0.4612676056338028,,,0.5,0.6717557251908397,0.7443181818181818,-62.898364639998604,23.179867336132666,-86.07823197613126,,,,,,,51.76298537216212,76.23898314685074,0.15217391304347827,0.0,1.0105911655212725,124.0,0.5
KGS,7,2024-07…2024-12,BUY_NOW,4,3,25.0,4,4,0.25,0.5877862595419847,0.4253246753246753,,,0.5,0.732824427480916,0.6822916666666666,-62.898364639998604,23.179867336132666,-86.07823197613126,,,,,,,51.76298537216212,76.23898314685074,0.15217391304347827,0.0,1.0105911655212725,124.0,0.5
KGS,7,2024-07…2024-12,BUY_NOW,4,3,50.0,4,4,0.5,0.6870229007633588,0.7277777777777777,,,0.5,0.7709923664122137,0.6485148514851485,-62.898364639998604,23.179867336132666,-86.07823197613126,,,,,,,51.76298537216212,76.23898314685074,0.15217391304347827,0.0,1.0105911655212725,124.0,0.5
KGS,7,2024-07…2024-12,BUY_NOW,4,5,0.0,4,4,0.25,0.45038167938931295,0.5550847457627119,,,0.5,0.6183206106870229,0.8086419753086419,-25.74550771878515,34.485517623662005,-60.231025342447154,,,,,,,90.15712210288046,76.23898314685074,0.15217391304347827,0.0,1.0105911655212725,124.0,0.5
KGS,7,2024-07…2024-12,BUY_NOW,4,5,10.0,4,4,0.25,0.5114503816793893,0.48880597014925375,,,0.5,0.6641221374045801,0.7528735632183908,-25.74550771878515,34.485517623662005,-60.231025342447154,,,,,,,90.15712210288046,76.23898314685074,0.15217391304347827,0.0,1.0105911655212725,124.0,0.5
KGS,7,2024-07…2024-12,BUY_NOW,4,5,25.0,4,4,0.25,0.549618320610687,0.4548611111111111,,,0.5,0.7022900763358778,0.7119565217391305,-25.74550771878515,34.485517623662005,-60.231025342447154,,,,,,,90.15712210288046,76.23898314685074,0.15217391304347827,0.0,1.0105911655212725,124.0,0.5
KGS,7,2024-07…2024-12,BUY_NOW,4,5,50.0,4,4,0.5,0.6412213740458015,0.7797619047619048,,,0.5,0.7633587786259542,0.6549999999999999,-25.74550771878515,34.485517623662005,-60.231025342447154,,,,,,,90.15712210288046,76.23898314685074,0.15217391304347827,0.0,1.0105911655212725,124.0,0.5
KGS,7,2024-07…2024-12,BUY_NOW,4,10,0.0,4,4,0.0,0.3435114503816794,0.0,,,0.75,0.6793893129770993,1.1039325842696628,42.2707317871826,60.16927143556251,-17.89853964837991,,,,,,,105.00486588230551,76.23898314685074,0.15217391304347827,0.0,1.0105911655212725,124.0,0.5
KGS,7,2024-07…2024-12,BUY_NOW,4,10,10.0,4,4,0.0,0.40458015267175573,0.0,,,0.75,0.6946564885496184,1.0796703296703296,42.2707317871826,60.16927143556251,-17.89853964837991,,,,,,,105.00486588230551,76.23898314685074,0.15217391304347827,0.0,1.0105911655212725,124.0,0.5
KGS,7,2024-07…2024-12,BUY_NOW,4,10,25.0,4,4,0.0,0.44274809160305345,0.0,,,0.75,0.7022900763358778,1.0679347826086958,42.2707317871826,60.16927143556251,-17.89853964837991,,,,,,,105.00486588230551,76.23898314685074,0.15217391304347827,0.0,1.0105911655212725,124.0,0.5
KGS,7,2024-07…2024-12,BUY_NOW,4,10,50.0,4,4,0.25,0.5267175572519084,0.4746376811594203,,,0.75,0.7404580152671756,1.0128865979381443,42.2707317871826,60.16927143556251,-17.89853964837991,,,,,,,105.00486588230551,76.23898314685074,0.15217391304347827,0.0,1.0105911655212725,124.0,0.5
KGS,7,2024-07…2024-12,BUY_NOW,4,20,0.0,4,4,0.0,0.25190839694656486,0.0,,,0.75,0.6946564885496184,1.0796703296703296,72.05561246362039,99.54663906237663,-27.491026598756235,,,,,,,88.4832518876344,76.23898314685074,0.15217391304347827,0.0,1.0105911655212725,124.0,0.5
KGS,7,2024-07…2024-12,BUY_NOW,4,20,10.0,4,4,0.0,0.2824427480916031,0.0,,,0.75,0.7251908396946565,1.0342105263157895,72.05561246362039,99.54663906237663,-27.491026598756235,,,,,,,88.4832518876344,76.23898314685074,0.15217391304347827,0.0,1.0105911655212725,124.0,0.5
KGS,7,2024-07…2024-12,BUY_NOW,4,20,25.0,4,4,0.0,0.3282442748091603,0.0,,,0.75,0.7557251908396947,0.9924242424242423,72.05561246362039,99.54663906237663,-27.491026598756235,,,,,,,88.4832518876344,76.23898314685074,0.15217391304347827,0.0,1.0105911655212725,124.0,0.5
KGS,7,2024-07…2024-12,BUY_NOW,4,20,50.0,4,4,0.0,0.4122137404580153,0.0,,,0.75,0.7862595419847328,0.9538834951456311,72.05561246362039,99.54663906237663,-27.491026598756235,,,,,,,88.4832518876344,76.23898314685074,0.15217391304347827,0.0,1.0105911655212725,124.0,0.5
KGS,8,2025-01…2025-06,BUY_NOW,21,1,0.0,14,14,0.2857142857142857,0.358974358974359,0.7959183673469388,0.1989795918367347,1.5918367346938775,0.2857142857142857,0.358974358974359,0.7959183673469388,-51.693956380777706,-22.654296041824175,-29.03966033895353,-65.16379932196713,4.819414244743665,-87.81809536379131,-17.83488179708051,-87.08597117554365,-27.87699487082059,-11.852317760040476,-98.16244962044925,0.5414364640883977,0.0,0.5256378348615999,33.0,0.16666666666666666
KGS,8,2025-01…2025-06,BUY_NOW,21,1,10.0,14,14,0.35714285714285715,0.46153846153846156,0.7738095238095238,0.3095238095238095,1.3928571428571428,0.35714285714285715,0.46153846153846156,0.7738095238095238,-51.693956380777706,-22.654296041824175,-29.03966033895353,-65.16379932196713,4.819414244743665,-87.81809536379131,-17.83488179708051,-87.08597117554365,-27.87699487082059,-11.852317760040476,-98.16244962044925,0.5414364640883977,0.0,0.5256378348615999,33.0,0.16666666666666666
KGS,8,2025-01…2025-06,BUY_NOW,21,1,25.0,14,14,0.42857142857142855,0.5641025641025641,0.7597402597402597,0.37987012987012986,1.2662337662337664,0.42857142857142855,0.5641025641025641,0.7597402597402597,-51.693956380777706,-22.654296041824175,-29.03966033895353,-65.16379932196713,4.819414244743665,-87.81809536379131,-17.83488179708051,-87.08597117554365,-27.87699487082059,-11.852317760040476,-98.16244962044925,0.5414364640883977,0.0,0.5256378348615999,33.0,0.16666666666666666
KGS,8,2025-01…2025-06,BUY_NOW,21,1,50.0,14,14,0.6428571428571429,0.7008547008547008,0.9172473867595821,0.5095818815331011,1.2229965156794425,0.6428571428571429,0.7008547008547008,0.9172473867595821,-51.693956380777706,-22.654296041824175,-29.03966033895353,-65.16379932196713,4.819414244743665,-87.81809536379131,-17.83488179708051,-87.08597117554365,-27.87699487082059,-11.852317760040476,-98.16244962044925,0.5414364640883977,0.0,0.5256378348615999,33.0,0.16666666666666666
KGS,8,2025-01…2025-06,BUY_NOW,21,3,0.0,14,14,0.07142857142857142,0.15384615384615385,0.46428571428571425,0.0,1.3928571428571428,0.21428571428571427,0.3333333333333333,0.6428571428571429,-97.50086984308491,-44.67077340651315,-52.830096436571765,-128.78524830652472,12.894082660958414,-173.45602171303787,-31.776690745554735,-213.1148406162522,-32.868735265086066,-21.115247402644368,-98.16244962044925,0.5414364640883977,0.0,0.5256378348615999,33.0,0.16666666666666666
KGS,8,2025-01…2025-06,BUY_NOW,21,3,10.0,14,14,0.07142857142857142,0.20512820512820512,0.3482142857142857,0.0,1.0446428571428572,0.35714285714285715,0.39316239316239315,0.9083850931677019,-97.50086984308491,-44.67077340651315,-52.830096436571765,-128.78524830652472,12.894082660958414,-173.45602171303787,-31.776690745554735,-213.1148406162522,-32.868735265086066,-21.115247402644368,-98.16244962044925,0.5414364640883977,0.0,0.5256378348615999,33.0,0.16666666666666666
KGS,8,2025-01…2025-06,BUY_NOW,21,3,25.0,14,14,0.2857142857142857,0.3333333333333333,0.8571428571428571,0.21428571428571427,1.5,0.35714285714285715,0.47863247863247865,0.7461734693877551,-97.50086984308491,-44.67077340651315,-52.830096436571765,-128.78524830652472,12.894082660958414,-173.45602171303787,-31.776690745554735,-213.1148406162522,-32.868735265086066,-21.115247402644368,-98.16244962044925,0.5414364640883977,0.0,0.5256378348615999,33.0,0.16666666666666666
KGS,8,2025-01…2025-06,BUY_NOW,21,3,50.0,14,14,0.35714285714285715,0.41025641025641024,0.8705357142857143,0.3482142857142857,1.5669642857142858,0.42857142857142855,0.5641025641025641,0.7597402597402597,-97.50086984308491,-44.67077340651315,-52.830096436571765,-128.78524830652472,12.894082660958414,-173.45602171303787,-31.776690745554735,-213.1148406162522,-32.868735265086066,-21.115247402644368,-98.16244962044925,0.5414364640883977,0.0,0.5256378348615999,33.0,0.16666666666666666
KGS,8,2025-01…2025-06,BUY_NOW,21,5,0.0,14,14,0.07142857142857142,0.10256410256410256,0.6964285714285714,0.0,2.0892857142857144,0.21428571428571427,0.3076923076923077,0.6964285714285714,-94.45357850897524,-67.01121549316895,-27.442363015806293,-103.01355820677773,34.998771493616886,-170.02477369994668,-32.01244399955206,-195.199818171332,-34.438176244589705,-9.16781037131038,-98.16244962044925,0.5414364640883977,0.0,0.5256378348615999,33.0,0.16666666666666666
KGS,8,2025-01…2025-06,BUY_NOW,21,5,10.0,14,14,0.07142857142857142,0.13675213675213677,0.5223214285714285,0.0,1.5669642857142854,0.2857142857142857,0.3504273504273504,0.8153310104529616,-94.45357850897524,-67.01121549316895,-27.442363015806293,-103.01355820677773,34.998771493616886,-170.02477369994668,-32.01244399955206,-195.199818171332,-34.438176244589705,-9.16781037131038,-98.16244962044925,0.5414364640883977,0.0,0.5256378348615999,33.0,0.16666666666666666
KGS,8,2025-01…2025-06,BUY_NOW,21,5,25.0,14,14,0.21428571428571427,0.23931623931623933,0.895408163265306,0.0,1.790816326530612,0.35714285714285715,0.4188034188034188,0.8527696793002916,-94.45357850897524,-67.01121549316895,-27.442363015806293,-103.01355820677773,34.998771493616886,-170.02477369994668,-32.01244399955206,-195.199818171332,-34.438176244589705,-9.16781037131038,-98.16244962044925,0.5414364640883977,0.0,0.5256378348615999,33.0,0.16666666666666666
KGS,8,2025-01…2025-06,BUY_NOW,21,5,50.0,14,14,0.2857142857142857,0.29914529914529914,0.9551020408163265,0.23877551020408164,1.6714285714285715,0.42857142857142855,0.5128205128205128,0.8357142857142857,-94.45357850897524,-67.01121549316895,-27.442363015806293,-103.01355820677773,34.998771493616886,-170.02477369994668,-32.01244399955206,-195.199818171332,-34.438176244589705,-9.16781037131038,-98.16244962044925,0.5414364640883977,0.0,0.5256378348615999,33.0,0.16666666666666666
KGS,8,2025-01…2025-06,BUY_NOW,21,10,0.0,14,14,0.0,0.042735042735042736,0.0,0.0,0.0,0.21428571428571427,0.2222222222222222,0.9642857142857143,-124.80381499763791,-122.0998520302291,-2.7039629674088133,-102.06003801774406,67.80333374204704,-224.15989004797316,-54.29651828818206,-207.80577206756027,-54.43059332578791,2.3507579764866664,-98.16244962044925,0.5414364640883977,0.0,0.5256378348615999,33.0,0.16666666666666666
KGS,8,2025-01…2025-06,BUY_NOW,21,10,10.0,14,14,0.0,0.06837606837606838,0.0,0.0,0.0,0.2857142857142857,0.24786324786324787,1.1527093596059113,-124.80381499763791,-122.0998520302291,-2.7039629674088133,-102.06003801774406,67.80333374204704,-224.15989004797316,-54.29651828818206,-207.80577206756027,-54.43059332578791,2.3507579764866664,-98.16244962044925,0.5414364640883977,0.0,0.5256378348615999,33.0,0.16666666666666666
KGS,8,2025-01…2025-06,BUY_NOW,21,10,25.0,14,14,0.07142857142857142,0.10256410256410256,0.6964285714285714,0.0,2.0892857142857144,0.35714285714285715,0.29914529914529914,1.1938775510204083,-124.80381499763791,-122.0998520302291,-2.7039629674088133,-102.06003801774406,67.80333374204704,-224.15989004797316,-54.29651828818206,-207.80577206756027,-54.43059332578791,2.3507579764866664,-98.16244962044925,0.5414364640883977,0.0,0.5256378348615999,33.0,0.16666666666666666
KGS,8,2025-01…2025-06,BUY_NOW,21,10,50.0,14,14,0.14285714285714285,0.1623931623931624,0.8796992481203006,0.0,2.199248120300752,0.35714285714285715,0.358974358974359,0.9948979591836735,-124.80381499763791,-122.0998520302291,-2.7039629674088133,-102.06003801774406,67.80333374204704,-224.15989004797316,-54.29651828818206,-207.80577206756027,-54.43059332578791,2.3507579764866664,-98.16244962044925,0.5414364640883977,0.0,0.5256378348615999,33.0,0.16666666666666666
KGS,8,2025-01…2025-06,BUY_NOW,21,20,0.0,14,14,0.0,0.008547008547008548,0.0,0.0,0.0,0.07142857142857142,0.08547008547008547,0.8357142857142856,-183.29217687580106,-221.43511533665657,38.142938460855504,-67.9225531220132,113.77923279577251,-289.35766845866976,-107.65588254088405,-285.80706069066383,-71.35439242424133,20.757333377694952,-98.16244962044925,0.5414364640883977,0.0,0.5256378348615999,33.0,0.16666666666666666
KGS,8,2025-01…2025-06,BUY_NOW,21,20,10.0,14,14,0.0,0.008547008547008548,0.0,0.0,0.0,0.07142857142857142,0.1111111111111111,0.6428571428571429,-183.29217687580106,-221.43511533665657,38.142938460855504,-67.9225531220132,113.77923279577251,-289.35766845866976,-107.65588254088405,-285.80706069066383,-71.35439242424133,20.757333377694952,-98.16244962044925,0.5414364640883977,0.0,0.5256378348615999,33.0,0.16666666666666666
KGS,8,2025-01…2025-06,BUY_NOW,21,20,25.0,14,14,0.0,0.02564102564102564,0.0,0.0,0.0,0.14285714285714285,0.15384615384615385,0.9285714285714285,-183.29217687580106,-221.43511533665657,38.142938460855504,-67.9225531220132,113.77923279577251,-289.35766845866976,-107.65588254088405,-285.80706069066383,-71.35439242424133,20.757333377694952,-98.16244962044925,0.5414364640883977,0.0,0.5256378348615999,33.0,0.16666666666666666
KGS,8,2025-01…2025-06,BUY_NOW,21,20,50.0,14,14,0.0,0.03418803418803419,0.0,0.0,0.0,0.21428571428571427,0.20512820512820512,1.0446428571428572,-183.29217687580106,-221.43511533665657,38.142938460855504,-67.9225531220132,113.77923279577251,-289.35766845866976,-107.65588254088405,-285.80706069066383,-71.35439242424133,20.757333377694952,-98.16244962044925,0.5414364640883977,0.0,0.5256378348615999,33.0,0.16666666666666666
KGS,8,2025-01…2025-06,WINDOW_CLOSING,21,1,0.0,7,7,0.2857142857142857,0.358974358974359,0.7959183673469388,0.0,1.5918367346938775,0.2857142857142857,0.358974358974359,0.7959183673469388,-1.060550791093874,-22.654296041824175,21.5937452507303,-27.04525438832951,79.82448449557504,-49.699550430153685,57.17018845375087,-56.98467896601056,21.3091004788728,-49.11887273175914,-83.71714919712876,0.27071823204419887,0.0,0.7744178405032718,51.0,0.3333333333333333
KGS,8,2025-01…2025-06,WINDOW_CLOSING,21,1,10.0,7,7,0.2857142857142857,0.358974358974359,0.7959183673469388,0.0,1.5918367346938775,0.2857142857142857,0.358974358974359,0.7959183673469388,-1.060550791093874,-22.654296041824175,21.5937452507303,-27.04525438832951,79.82448449557504,-49.699550430153685,57.17018845375087,-56.98467896601056,21.3091004788728,-49.11887273175914,-83.71714919712876,0.27071823204419887,0.0,0.7744178405032718,51.0,0.3333333333333333
KGS,8,2025-01…2025-06,WINDOW_CLOSING,21,1,25.0,7,7,0.2857142857142857,0.358974358974359,0.7959183673469388,0.0,1.5918367346938775,0.2857142857142857,0.358974358974359,0.7959183673469388,-1.060550791093874,-22.654296041824175,21.5937452507303,-27.04525438832951,79.82448449557504,-49.699550430153685,57.17018845375087,-56.98467896601056,21.3091004788728,-49.11887273175914,-83.71714919712876,0.27071823204419887,0.0,0.7744178405032718,51.0,0.3333333333333333
KGS,8,2025-01…2025-06,WINDOW_CLOSING,21,1,50.0,7,7,0.2857142857142857,0.358974358974359,0.7959183673469388,0.0,1.5918367346938775,0.2857142857142857,0.358974358974359,0.7959183673469388,-1.060550791093874,-22.654296041824175,21.5937452507303,-27.04525438832951,79.82448449557504,-49.699550430153685,57.17018845375087,-56.98467896601056,21.3091004788728,-49.11887273175914,-83.71714919712876,0.27071823204419887,0.0,0.7744178405032718,51.0,0.3333333333333333
KGS,8,2025-01…2025-06,WINDOW_CLOSING,21,3,0.0,7,7,0.2857142857142857,0.3162393162393162,0.9034749034749034,0.0,1.806949806949807,0.2857142857142857,0.3162393162393162,0.9034749034749034,-26.989072456974036,-44.67077340651315,17.681700949539113,-63.64917845785837,99.04525567820359,-108.31995186437152,54.37448227169044,-66.30684059426295,-11.261965202058468,-28.439691658070284,-83.71714919712876,0.27071823204419887,0.0,0.7744178405032718,51.0,0.3333333333333333
KGS,8,2025-01…2025-06,WINDOW_CLOSING,21,3,10.0,7,7,0.2857142857142857,0.3162393162393162,0.9034749034749034,0.0,1.806949806949807,0.2857142857142857,0.3162393162393162,0.9034749034749034,-26.989072456974036,-44.67077340651315,17.681700949539113,-63.64917845785837,99.04525567820359,-108.31995186437152,54.37448227169044,-66.30684059426295,-11.261965202058468,-28.439691658070284,-83.71714919712876,0.27071823204419887,0.0,0.7744178405032718,51.0,0.3333333333333333
KGS,8,2025-01…2025-06,WINDOW_CLOSING,21,3,25.0,7,7,0.2857142857142857,0.3162393162393162,0.9034749034749034,0.0,1.806949806949807,0.2857142857142857,0.3162393162393162,0.9034749034749034,-26.989072456974036,-44.67077340651315,17.681700949539113,-63.64917845785837,99.04525567820359,-108.31995186437152,54.37448227169044,-66.30684059426295,-11.261965202058468,-28.439691658070284,-83.71714919712876,0.27071823204419887,0.0,0.7744178405032718,51.0,0.3333333333333333
KGS,8,2025-01…2025-06,WINDOW_CLOSING,21,3,50.0,7,7,0.2857142857142857,0.3162393162393162,0.9034749034749034,0.0,1.806949806949807,0.2857142857142857,0.3162393162393162,0.9034749034749034,-26.989072456974036,-44.67077340651315,17.681700949539113,-63.64917845785837,99.04525567820359,-108.31995186437152,54.37448227169044,-66.30684059426295,-11.261965202058468,-28.439691658070284,-83.71714919712876,0.27071823204419887,0.0,0.7744178405032718,51.0,0.3333333333333333
KGS,8,2025-01…2025-06,WINDOW_CLOSING,21,5,0.0,7,7,0.42857142857142855,0.29914529914529914,1.4326530612244897,0.4775510204081633,2.3877551020408165,0.42857142857142855,0.29914529914529914,1.4326530612244897,-47.69465663608886,-67.01121549316895,19.31655885708009,-88.89815613666647,122.95384608581918,-155.90937162983542,55.94263059265024,-76.76623697810858,-32.472400409247534,-13.824584820908266,-83.71714919712876,0.27071823204419887,0.0,0.7744178405032718,51.0,0.3333333333333333
KGS,8,2025-01…2025-06,WINDOW_CLOSING,21,5,10.0,7,7,0.42857142857142855,0.29914529914529914,1.4326530612244897,0.4775510204081633,2.3877551020408165,0.42857142857142855,0.29914529914529914,1.4326530612244897,-47.69465663608886,-67.01121549316895,19.31655885708009,-88.89815613666647,122.95384608581918,-155.90937162983542,55.94263059265024,-76.76623697810858,-32.472400409247534,-13.824584820908266,-83.71714919712876,0.27071823204419887,0.0,0.7744178405032718,51.0,0.3333333333333333
KGS,8,2025-01…2025-06,WINDOW_CLOSING,21,5,25.0,7,7,0.42857142857142855,0.29914529914529914,1.4326530612244897,0.4775510204081633,2.3877551020408165,0.42857142857142855,0.29914529914529914,1.4326530612244897,-47.69465663608886,-67.01121549316895,19.31655885708009,-88.89815613666647,122.95384608581918,-155.90937162983542,55.94263059265024,-76.76623697810858,-32.472400409247534,-13.824584820908266,-83.71714919712876,0.27071823204419887,0.0,0.7744178405032718,51.0,0.3333333333333333
KGS,8,2025-01…2025-06,WINDOW_CLOSING,21,5,50.0,7,7,0.42857142857142855,0.29914529914529914,1.4326530612244897,0.4775510204081633,2.3877551020408165,0.42857142857142855,0.29914529914529914,1.4326530612244897,-47.69465663608886,-67.01121549316895,19.31655885708009,-88.89815613666647,122.95384608581918,-155.90937162983542,55.94263059265024,-76.76623697810858,-32.472400409247534,-13.824584820908266,-83.71714919712876,0.27071823204419887,0.0,0.7744178405032718,51.0,0.3333333333333333
KGS,8,2025-01…2025-06,WINDOW_CLOSING,21,10,0.0,7,7,0.2857142857142857,0.1452991452991453,1.9663865546218484,0.0,3.957352941176336,0.2857142857142857,0.1452991452991453,1.9663865546218484,-105.93646992829831,-122.0998520302291,16.163382101930793,-126.41799884359105,141.680509204526,-248.51785087382015,19.58065717429691,-133.0650483592381,-85.59003610509346,3.765144103561798,-83.71714919712876,0.27071823204419887,0.0,0.7744178405032718,51.0,0.3333333333333333
KGS,8,2025-01…2025-06,WINDOW_CLOSING,21,10,10.0,7,7,0.2857142857142857,0.1452991452991453,1.9663865546218484,0.0,3.957352941176336,0.2857142857142857,0.1452991452991453,1.9663865546218484,-105.93646992829831,-122.0998520302291,16.163382101930793,-126.41799884359105,141.680509204526,-248.51785087382015,19.58065717429691,-133.0650483592381,-85.59003610509346,3.765144103561798,-83.71714919712876,0.27071823204419887,0.0,0.7744178405032718,51.0,0.3333333333333333
KGS,8,2025-01…2025-06,WINDOW_CLOSING,21,10,25.0,7,7,0.2857142857142857,0.1452991452991453,1.9663865546218484,0.0,3.957352941176336,0.2857142857142857,0.1452991452991453,1.9663865546218484,-105.93646992829831,-122.0998520302291,16.163382101930793,-126.41799884359105,141.680509204526,-248.51785087382015,19.58065717429691,-133.0650483592381,-85.59003610509346,3.765144103561798,-83.71714919712876,0.27071823204419887,0.0,0.7744178405032718,51.0,0.3333333333333333
KGS,8,2025-01…2025-06,WINDOW_CLOSING,21,10,50.0,7,7,0.2857142857142857,0.1452991452991453,1.9663865546218484,0.0,3.957352941176336,0.2857142857142857,0.1452991452991453,1.9663865546218484,-105.93646992829831,-122.0998520302291,16.163382101930793,-126.41799884359105,141.680509204526,-248.51785087382015,19.58065717429691,-133.0650483592381,-85.59003610509346,3.765144103561798,-83.71714919712876,0.27071823204419887,0.0,0.7744178405032718,51.0,0.3333333333333333
KGS,8,2025-01…2025-06,WINDOW_CLOSING,21,20,0.0,7,7,0.0,0.06837606837606838,0.0,0.0,0.0,0.0,0.06837606837606838,0.0,-184.90419507897454,-221.43511533665657,36.53092025768203,-84.18865123100056,145.151702614731,-305.6237665676571,-76.28341272192557,-230.3371148401512,-126.07231658251654,59.52871988747944,-83.71714919712876,0.27071823204419887,0.0,0.7744178405032718,51.0,0.3333333333333333
KGS,8,2025-01…2025-06,WINDOW_CLOSING,21,20,10.0,7,7,0.0,0.06837606837606838,0.0,0.0,0.0,0.0,0.06837606837606838,0.0,-184.90419507897454,-221.43511533665657,36.53092025768203,-84.18865123100056,145.151702614731,-305.6237665676571,-76.28341272192557,-230.3371148401512,-126.07231658251654,59.52871988747944,-83.71714919712876,0.27071823204419887,0.0,0.7744178405032718,51.0,0.3333333333333333
KGS,8,2025-01…2025-06,WINDOW_CLOSING,21,20,25.0,7,7,0.0,0.06837606837606838,0.0,0.0,0.0,0.0,0.06837606837606838,0.0,-184.90419507897454,-221.43511533665657,36.53092025768203,-84.18865123100056,145.151702614731,-305.6237665676571,-76.28341272192557,-230.3371148401512,-126.07231658251654,59.52871988747944,-83.71714919712876,0.27071823204419887,0.0,0.7744178405032718,51.0,0.3333333333333333
KGS,8,2025-01…2025-06,WINDOW_CLOSING,21,20,50.0,7,7,0.0,0.06837606837606838,0.0,0.0,0.0,0.0,0.06837606837606838,0.0,-184.90419507897454,-221.43511533665657,36.53092025768203,-84.18865123100056,145.151702614731,-305.6237665676571,-76.28341272192557,-230.3371148401512,-126.07231658251654,59.52871988747944,-83.71714919712876,0.27071823204419887,0.0,0.7744178405032718,51.0,0.3333333333333333
KGS,9,2025-07…2025-12,WINDOW_CLOSING,12,1,0.0,6,6,0.3333333333333333,0.49230769230769234,0.6770833333333333,0.0,1.3541666666666665,0.3333333333333333,0.49230769230769234,0.6770833333333333,-10.426396561187639,0.7116500125203306,-11.13804657370797,-76.80350960730281,76.62654065322243,-76.09185959478248,77.33819066574277,-25.821446301231475,4.968653178856197,-38.766327850962945,21.40105954065848,0.2282608695652174,0.0,1.5342494213740145,135.0,0.6666666666666666
KGS,9,2025-07…2025-12,WINDOW_CLOSING,12,1,10.0,6,6,0.3333333333333333,0.49230769230769234,0.6770833333333333,0.0,1.3541666666666665,0.3333333333333333,0.49230769230769234,0.6770833333333333,-10.426396561187639,0.7116500125203306,-11.13804657370797,-76.80350960730281,76.62654065322243,-76.09185959478248,77.33819066574277,-25.821446301231475,4.968653178856197,-38.766327850962945,21.40105954065848,0.2282608695652174,0.0,1.5342494213740145,135.0,0.6666666666666666
KGS,9,2025-07…2025-12,WINDOW_CLOSING,12,1,25.0,6,6,0.3333333333333333,0.49230769230769234,0.6770833333333333,0.0,1.3541666666666665,0.3333333333333333,0.49230769230769234,0.6770833333333333,-10.426396561187639,0.7116500125203306,-11.13804657370797,-76.80350960730281,76.62654065322243,-76.09185959478248,77.33819066574277,-25.821446301231475,4.968653178856197,-38.766327850962945,21.40105954065848,0.2282608695652174,0.0,1.5342494213740145,135.0,0.6666666666666666
KGS,9,2025-07…2025-12,WINDOW_CLOSING,12,1,50.0,6,6,0.3333333333333333,0.49230769230769234,0.6770833333333333,0.0,1.3541666666666665,0.3333333333333333,0.49230769230769234,0.6770833333333333,-10.426396561187639,0.7116500125203306,-11.13804657370797,-76.80350960730281,76.62654065322243,-76.09185959478248,77.33819066574277,-25.821446301231475,4.968653178856197,-38.766327850962945,21.40105954065848,0.2282608695652174,0.0,1.5342494213740145,135.0,0.6666666666666666
KGS,9,2025-07…2025-12,WINDOW_CLOSING,12,3,0.0,6,6,0.3333333333333333,0.49230769230769234,0.6770833333333333,0.0,1.3541666666666665,0.3333333333333333,0.49230769230769234,0.6770833333333333,-5.5554397208873425,1.1782224639986871,-6.73366218488603,-84.08942543521904,88.66769360123781,-82.91120297122035,89.84591606523651,-14.687566706041247,3.5766872642665604,-34.3771930582265,21.40105954065848,0.2282608695652174,0.0,1.5342494213740145,135.0,0.6666666666666666
KGS,9,2025-07…2025-12,WINDOW_CLOSING,12,3,10.0,6,6,0.3333333333333333,0.49230769230769234,0.6770833333333333,0.0,1.3541666666666665,0.3333333333333333,0.49230769230769234,0.6770833333333333,-5.5554397208873425,1.1782224639986871,-6.73366218488603,-84.08942543521904,88.66769360123781,-82.91120297122035,89.84591606523651,-14.687566706041247,3.5766872642665604,-34.3771930582265,21.40105954065848,0.2282608695652174,0.0,1.5342494213740145,135.0,0.6666666666666666
KGS,9,2025-07…2025-12,WINDOW_CLOSING,12,3,25.0,6,6,0.3333333333333333,0.49230769230769234,0.6770833333333333,0.0,1.3541666666666665,0.3333333333333333,0.49230769230769234,0.6770833333333333,-5.5554397208873425,1.1782224639986871,-6.73366218488603,-84.08942543521904,88.66769360123781,-82.91120297122035,89.84591606523651,-14.687566706041247,3.5766872642665604,-34.3771930582265,21.40105954065848,0.2282608695652174,0.0,1.5342494213740145,135.0,0.6666666666666666
KGS,9,2025-07…2025-12,WINDOW_CLOSING,12,3,50.0,6,6,0.3333333333333333,0.49230769230769234,0.6770833333333333,0.0,1.3541666666666665,0.3333333333333333,0.49230769230769234,0.6770833333333333,-5.5554397208873425,1.1782224639986871,-6.73366218488603,-84.08942543521904,88.66769360123781,-82.91120297122035,89.84591606523651,-14.687566706041247,3.5766872642665604,-34.3771930582265,21.40105954065848,0.2282608695652174,0.0,1.5342494213740145,135.0,0.6666666666666666
KGS,9,2025-07…2025-12,WINDOW_CLOSING,12,5,0.0,6,6,0.3333333333333333,0.5076923076923077,0.6565656565656566,0.0,1.3131313131313131,0.3333333333333333,0.5076923076923077,0.6565656565656566,-1.9209180983725862,1.210388577958476,-3.131306676331062,-95.19274874704476,97.65894427318007,-93.98236016908628,98.86933285113855,-4.8292447976601975,0.9874086009150224,-28.961907905966456,21.40105954065848,0.2282608695652174,0.0,1.5342494213740145,135.0,0.6666666666666666
KGS,9,2025-07…2025-12,WINDOW_CLOSING,12,5,10.0,6,6,0.3333333333333333,0.5076923076923077,0.6565656565656566,0.0,1.3131313131313131,0.3333333333333333,0.5076923076923077,0.6565656565656566,-1.9209180983725862,1.210388577958476,-3.131306676331062,-95.19274874704476,97.65894427318007,-93.98236016908628,98.86933285113855,-4.8292447976601975,0.9874086009150224,-28.961907905966456,21.40105954065848,0.2282608695652174,0.0,1.5342494213740145,135.0,0.6666666666666666
KGS,9,2025-07…2025-12,WINDOW_CLOSING,12,5,25.0,6,6,0.3333333333333333,0.5076923076923077,0.6565656565656566,0.0,1.3131313131313131,0.3333333333333333,0.5076923076923077,0.6565656565656566,-1.9209180983725862,1.210388577958476,-3.131306676331062,-95.19274874704476,97.65894427318007,-93.98236016908628,98.86933285113855,-4.8292447976601975,0.9874086009150224,-28.961907905966456,21.40105954065848,0.2282608695652174,0.0,1.5342494213740145,135.0,0.6666666666666666
KGS,9,2025-07…2025-12,WINDOW_CLOSING,12,5,50.0,6,6,0.3333333333333333,0.5076923076923077,0.6565656565656566,0.0,1.3131313131313131,0.3333333333333333,0.5076923076923077,0.6565656565656566,-1.9209180983725862,1.210388577958476,-3.131306676331062,-95.19274874704476,97.65894427318007,-93.98236016908628,98.86933285113855,-4.8292447976601975,0.9874086009150224,-28.961907905966456,21.40105954065848,0.2282608695652174,0.0,1.5342494213740145,135.0,0.6666666666666666
KGS,9,2025-07…2025-12,WINDOW_CLOSING,12,10,0.0,6,6,0.6666666666666666,0.45384615384615384,1.4689265536723164,0.7344632768361582,2.2033898305084745,0.6666666666666666,0.45384615384615384,1.4689265536723164,35.624991055667,0.28136286761152335,35.34362818805548,-83.02138204620118,150.80973274962543,-82.74001917858966,151.09109561723696,17.78933239806823,53.460649713265774,-4.567194905092388,21.40105954065848,0.2282608695652174,0.0,1.5342494213740145,135.0,0.6666666666666666
KGS,9,2025-07…2025-12,WINDOW_CLOSING,12,10,10.0,6,6,0.6666666666666666,0.45384615384615384,1.4689265536723164,0.7344632768361582,2.2033898305084745,0.6666666666666666,0.45384615384615384,1.4689265536723164,35.624991055667,0.28136286761152335,35.34362818805548,-83.02138204620118,150.80973274962543,-82.74001917858966,151.09109561723696,17.78933239806823,53.460649713265774,-4.567194905092388,21.40105954065848,0.2282608695652174,0.0,1.5342494213740145,135.0,0.6666666666666666
KGS,9,2025-07…2025-12,WINDOW_CLOSING,12,10,25.0,6,6,0.6666666666666666,0.45384615384615384,1.4689265536723164,0.7344632768361582,2.2033898305084745,0.6666666666666666,0.45384615384615384,1.4689265536723164,35.624991055667,0.28136286761152335,35.34362818805548,-83.02138204620118,150.80973274962543,-82.74001917858966,151.09109561723696,17.78933239806823,53.460649713265774,-4.567194905092388,21.40105954065848,0.2282608695652174,0.0,1.5342494213740145,135.0,0.6666666666666666
KGS,9,2025-07…2025-12,WINDOW_CLOSING,12,10,50.0,6,6,0.6666666666666666,0.45384615384615384,1.4689265536723164,0.7344632768361582,2.2033898305084745,0.6666666666666666,0.45384615384615384,1.4689265536723164,35.624991055667,0.28136286761152335,35.34362818805548,-83.02138204620118,150.80973274962543,-82.74001917858966,151.09109561723696,17.78933239806823,53.460649713265774,-4.567194905092388,21.40105954065848,0.2282608695652174,0.0,1.5342494213740145,135.0,0.6666666666666666
KGS,9,2025-07…2025-12,WINDOW_CLOSING,12,20,0.0,6,6,0.6666666666666666,0.46153846153846156,1.4444444444444442,0.7222222222222221,2.1666666666666665,0.6666666666666666,0.46153846153846156,1.4444444444444442,45.47942077262241,-6.366992636140395,51.84641340876281,-97.04714792989418,150.7986897325648,-103.41414056603458,144.43169709642441,-29.025212429880657,119.9840539751255,36.11553351562491,21.40105954065848,0.2282608695652174,0.0,1.5342494213740145,135.0,0.6666666666666666
KGS,9,2025-07…2025-12,WINDOW_CLOSING,12,20,10.0,6,6,0.6666666666666666,0.46153846153846156,1.4444444444444442,0.7222222222222221,2.1666666666666665,0.6666666666666666,0.46153846153846156,1.4444444444444442,45.47942077262241,-6.366992636140395,51.84641340876281,-97.04714792989418,150.7986897325648,-103.41414056603458,144.43169709642441,-29.025212429880657,119.9840539751255,36.11553351562491,21.40105954065848,0.2282608695652174,0.0,1.5342494213740145,135.0,0.6666666666666666
KGS,9,2025-07…2025-12,WINDOW_CLOSING,12,20,25.0,6,6,0.6666666666666666,0.46153846153846156,1.4444444444444442,0.7222222222222221,2.1666666666666665,0.6666666666666666,0.46153846153846156,1.4444444444444442,45.47942077262241,-6.366992636140395,51.84641340876281,-97.04714792989418,150.7986897325648,-103.41414056603458,144.43169709642441,-29.025212429880657,119.9840539751255,36.11553351562491,21.40105954065848,0.2282608695652174,0.0,1.5342494213740145,135.0,0.6666666666666666
KGS,9,2025-07…2025-12,WINDOW_CLOSING,12,20,50.0,6,6,0.6666666666666666,0.46153846153846156,1.4444444444444442,0.7222222222222221,2.1666666666666665,0.6666666666666666,0.46153846153846156,1.4444444444444442,45.47942077262241,-6.366992636140395,51.84641340876281,-97.04714792989418,150.7986897325648,-103.41414056603458,144.43169709642441,-29.025212429880657,119.9840539751255,36.11553351562491,21.40105954065848,0.2282608695652174,0.0,1.5342494213740145,135.0,0.6666666666666666
KGS,9,2025-07…2025-12,BUY_NOW,12,1,0.0,6,6,0.3333333333333333,0.49230769230769234,0.6770833333333333,0.0,1.3541666666666665,0.3333333333333333,0.49230769230769234,0.6770833333333333,5.456144833657455,0.7116500125203306,4.744494821137125,-25.596295358791167,50.156004833872885,-24.884645346270837,50.867654846393215,-16.117212650877676,26.71457332027243,39.238640095824266,-0.14744884183848228,0.2282608695652174,0.0,0.5992720451739627,58.0,0.3333333333333333
KGS,9,2025-07…2025-12,BUY_NOW,12,1,10.0,6,6,0.5,0.5538461538461539,0.9027777777777777,0.3009259259259259,1.5046296296296295,0.5,0.5538461538461539,0.9027777777777777,5.456144833657455,0.7116500125203306,4.744494821137125,-25.596295358791167,50.156004833872885,-24.884645346270837,50.867654846393215,-16.117212650877676,26.71457332027243,39.238640095824266,-0.14744884183848228,0.2282608695652174,0.0,0.5992720451739627,58.0,0.3333333333333333
KGS,9,2025-07…2025-12,BUY_NOW,12,1,25.0,6,6,0.8333333333333334,0.6461538461538462,1.2896825396825398,0.7738095238095237,1.5476190476190474,0.8333333333333334,0.6461538461538462,1.2896825396825398,5.456144833657455,0.7116500125203306,4.744494821137125,-25.596295358791167,50.156004833872885,-24.884645346270837,50.867654846393215,-16.117212650877676,26.71457332027243,39.238640095824266,-0.14744884183848228,0.2282608695652174,0.0,0.5992720451739627,58.0,0.3333333333333333
KGS,9,2025-07…2025-12,BUY_NOW,12,1,50.0,6,6,1.0,0.8076923076923077,1.2380952380952381,1.2380952380952381,1.2380952380952381,1.0,0.8076923076923077,1.2380952380952381,5.456144833657455,0.7116500125203306,4.744494821137125,-25.596295358791167,50.156004833872885,-24.884645346270837,50.867654846393215,-16.117212650877676,26.71457332027243,39.238640095824266,-0.14744884183848228,0.2282608695652174,0.0,0.5992720451739627,58.0,0.3333333333333333
KGS,9,2025-07…2025-12,BUY_NOW,12,3,0.0,6,6,0.3333333333333333,0.35384615384615387,0.9420289855072462,0.0,1.8840579710144925,0.3333333333333333,0.49230769230769234,0.6770833333333333,-13.200734938370035,1.1782224639986871,-14.378957402368721,-87.29724390778223,66.20498280971944,-86.11902144378354,67.38320527371813,-33.25488728616742,8.994885443096127,50.02909317333954,-0.14744884183848228,0.2282608695652174,0.0,0.5992720451739627,58.0,0.3333333333333333
KGS,9,2025-07…2025-12,BUY_NOW,12,3,10.0,6,6,0.3333333333333333,0.36923076923076925,0.9027777777777777,0.0,1.8055555555555554,0.5,0.5307692307692308,0.9420289855072463,-13.200734938370035,1.1782224639986871,-14.378957402368721,-87.29724390778223,66.20498280971944,-86.11902144378354,67.38320527371813,-33.25488728616742,8.994885443096127,50.02909317333954,-0.14744884183848228,0.2282608695652174,0.0,0.5992720451739627,58.0,0.3333333333333333
KGS,9,2025-07…2025-12,BUY_NOW,12,3,25.0,6,6,0.3333333333333333,0.4230769230769231,0.7878787878787878,0.0,1.5757575757575757,0.5,0.6,0.8333333333333334,-13.200734938370035,1.1782224639986871,-14.378957402368721,-87.29724390778223,66.20498280971944,-86.11902144378354,67.38320527371813,-33.25488728616742,8.994885443096127,50.02909317333954,-0.14744884183848228,0.2282608695652174,0.0,0.5992720451739627,58.0,0.3333333333333333
KGS,9,2025-07…2025-12,BUY_NOW,12,3,50.0,6,6,0.3333333333333333,0.5846153846153846,0.5701754385964911,0.0,1.1403508771929822,0.6666666666666666,0.7307692307692307,0.9122807017543859,-13.200734938370035,1.1782224639986871,-14.378957402368721,-87.29724390778223,66.20498280971944,-86.11902144378354,67.38320527371813,-33.25488728616742,8.994885443096127,50.02909317333954,-0.14744884183848228,0.2282608695652174,0.0,0.5992720451739627,58.0,0.3333333333333333
KGS,9,2025-07…2025-12,BUY_NOW,12,5,0.0,6,6,0.3333333333333333,0.2923076923076923,1.1403508771929822,0.0,2.2807017543859645,0.5,0.5307692307692308,0.9420289855072463,-13.01392499130768,1.210388577958476,-14.224313569266156,-82.66325529636957,55.30904838030966,-81.45286671841109,56.51943695826814,-49.48370102140126,43.819502220344695,70.39863503837636,-0.14744884183848228,0.2282608695652174,0.0,0.5992720451739627,58.0,0.3333333333333333
KGS,9,2025-07…2025-12,BUY_NOW,12,5,10.0,6,6,0.3333333333333333,0.3153846153846154,1.056910569105691,0.0,2.113821138211382,0.5,0.5307692307692308,0.9420289855072463,-13.01392499130768,1.210388577958476,-14.224313569266156,-82.66325529636957,55.30904838030966,-81.45286671841109,56.51943695826814,-49.48370102140126,43.819502220344695,70.39863503837636,-0.14744884183848228,0.2282608695652174,0.0,0.5992720451739627,58.0,0.3333333333333333
KGS,9,2025-07…2025-12,BUY_NOW,12,5,25.0,6,6,0.3333333333333333,0.36153846153846153,0.9219858156028369,0.0,1.8439716312056738,0.5,0.5769230769230769,0.8666666666666667,-13.01392499130768,1.210388577958476,-14.224313569266156,-82.66325529636957,55.30904838030966,-81.45286671841109,56.51943695826814,-49.48370102140126,43.819502220344695,70.39863503837636,-0.14744884183848228,0.2282608695652174,0.0,0.5992720451739627,58.0,0.3333333333333333
KGS,9,2025-07…2025-12,BUY_NOW,12,5,50.0,6,6,0.3333333333333333,0.5,0.6666666666666666,0.0,1.3333333333333333,0.5,0.6384615384615384,0.783132530120482,-13.01392499130768,1.210388577958476,-14.224313569266156,-82.66325529636957,55.30904838030966,-81.45286671841109,56.51943695826814,-49.48370102140126,43.819502220344695,70.39863503837636,-0.14744884183848228,0.2282608695652174,0.0,0.5992720451739627,58.0,0.3333333333333333
KGS,9,2025-07…2025-12,BUY_NOW,12,10,0.0,6,6,0.16666666666666666,0.2153846153846154,0.7738095238095237,0.0,2.321428571428571,0.3333333333333333,0.46923076923076923,0.7103825136612022,-7.5365031788432475,0.28136286761152335,-7.817866046454771,-90.48341646482852,89.87640471799982,-90.202053597217,90.15776758561134,-92.21084494609329,127.44506880892126,87.78370812036438,-0.14744884183848228,0.2282608695652174,0.0,0.5992720451739627,58.0,0.3333333333333333
KGS,9,2025-07…2025-12,BUY_NOW,12,10,10.0,6,6,0.16666666666666666,0.2230769230769231,0.7471264367816091,0.0,2.2413793103448274,0.5,0.5153846153846153,0.9701492537313434,-7.5365031788432475,0.28136286761152335,-7.817866046454771,-90.48341646482852,89.87640471799982,-90.202053597217,90.15776758561134,-92.21084494609329,127.44506880892126,87.78370812036438,-0.14744884183848228,0.2282608695652174,0.0,0.5992720451739627,58.0,0.3333333333333333
KGS,9,2025-07…2025-12,BUY_NOW,12,10,25.0,6,6,0.16666666666666666,0.26153846153846155,0.6372549019607843,0.0,1.9117647058823528,0.5,0.5307692307692308,0.9420289855072463,-7.5365031788432475,0.28136286761152335,-7.817866046454771,-90.48341646482852,89.87640471799982,-90.202053597217,90.15776758561134,-92.21084494609329,127.44506880892126,87.78370812036438,-0.14744884183848228,0.2282608695652174,0.0,0.5992720451739627,58.0,0.3333333333333333
KGS,9,2025-07…2025-12,BUY_NOW,12,10,50.0,6,6,0.16666666666666666,0.4076923076923077,0.40880503144654085,0.0,1.2264150943396226,0.5,0.6,0.8333333333333334,-7.5365031788432475,0.28136286761152335,-7.817866046454771,-90.48341646482852,89.87640471799982,-90.202053597217,90.15776758561134,-92.21084494609329,127.44506880892126,87.78370812036438,-0.14744884183848228,0.2282608695652174,0.0,0.5992720451739627,58.0,0.3333333333333333
KGS,9,2025-07…2025-12,BUY_NOW,12,20,0.0,6,6,0.16666666666666666,0.16153846153846155,1.0317460317460316,0.0,3.095238095238095,0.3333333333333333,0.47692307692307695,0.6989247311827956,15.422371283995517,-6.366992636140395,21.789363920135912,-59.559888046696486,139.66504819301102,-65.92688068283688,133.29805555687062,-58.78086130353159,175.36969609506835,94.36825572675444,-0.14744884183848228,0.2282608695652174,0.0,0.5992720451739627,58.0,0.3333333333333333
KGS,9,2025-07…2025-12,BUY_NOW,12,20,10.0,6,6,0.16666666666666666,0.17692307692307693,0.9420289855072462,0.0,2.826086956521739,0.3333333333333333,0.4846153846153846,0.6878306878306878,15.422371283995517,-6.366992636140395,21.789363920135912,-59.559888046696486,139.66504819301102,-65.92688068283688,133.29805555687062,-58.78086130353159,175.36969609506835,94.36825572675444,-0.14744884183848228,0.2282608695652174,0.0,0.5992720451739627,58.0,0.3333333333333333
KGS,9,2025-07…2025-12,BUY_NOW,12,20,25.0,6,6,0.16666666666666666,0.2076923076923077,0.802469135802469,0.0,2.4074074074074074,0.3333333333333333,0.5230769230769231,0.6372549019607843,15.422371283995517,-6.366992636140395,21.789363920135912,-59.559888046696486,139.66504819301102,-65.92688068283688,133.29805555687062,-58.78086130353159,175.36969609506835,94.36825572675444,-0.14744884183848228,0.2282608695652174,0.0,0.5992720451739627,58.0,0.3333333333333333
KGS,9,2025-07…2025-12,BUY_NOW,12,20,50.0,6,6,0.16666666666666666,0.3153846153846154,0.5284552845528455,0.0,1.5853658536585367,0.5,0.5615384615384615,0.8904109589041096,15.422371283995517,-6.366992636140395,21.789363920135912,-59.559888046696486,139.66504819301102,-65.92688068283688,133.29805555687062,-58.78086130353159,175.36969609506835,94.36825572675444,-0.14744884183848228,0.2282608695652174,0.0,0.5992720451739627,58.0,0.3333333333333333
KGS,10,2026-01…2026-06,BUY_NOW,16,1,0.0,16,16,0.4375,0.452991452991453,0.9658018867924528,0.41391509433962265,1.517688679245283,0.4375,0.452991452991453,0.9658018867924528,10.004422731463153,-0.22613585615066906,10.230558587613823,-26.4075073180072,54.14561957098693,-26.63364317415787,53.91948371483626,-33.09363910295632,69.25813544213511,41.39556272723472,-1.7909635716619476,0.6187845303867403,0.0,0.5513731455910892,29.0,0.0
KGS,10,2026-01…2026-06,BUY_NOW,16,1,10.0,16,16,0.5,0.5384615384615384,0.9285714285714286,0.4642857142857143,1.392857142857143,0.5,0.5384615384615384,0.9285714285714286,10.004422731463153,-0.22613585615066906,10.230558587613823,-26.4075073180072,54.14561957098693,-26.63364317415787,53.91948371483626,-33.09363910295632,69.25813544213511,41.39556272723472,-1.7909635716619476,0.6187845303867403,0.0,0.5513731455910892,29.0,0.0
KGS,10,2026-01…2026-06,BUY_NOW,16,1,25.0,16,16,0.6875,0.6153846153846154,1.1171875,0.7109375,1.421875,0.6875,0.6153846153846154,1.1171875,10.004422731463153,-0.22613585615066906,10.230558587613823,-26.4075073180072,54.14561957098693,-26.63364317415787,53.91948371483626,-33.09363910295632,69.25813544213511,41.39556272723472,-1.7909635716619476,0.6187845303867403,0.0,0.5513731455910892,29.0,0.0
KGS,10,2026-01…2026-06,BUY_NOW,16,1,50.0,16,16,0.8125,0.7435897435897436,1.0926724137931034,0.8405172413793103,1.3448275862068966,0.8125,0.7435897435897436,1.0926724137931034,10.004422731463153,-0.22613585615066906,10.230558587613823,-26.4075073180072,54.14561957098693,-26.63364317415787,53.91948371483626,-33.09363910295632,69.25813544213511,41.39556272723472,-1.7909635716619476,0.6187845303867403,0.0,0.5513731455910892,29.0,0.0
KGS,10,2026-01…2026-06,BUY_NOW,16,3,0.0,16,16,0.375,0.3418803418803419,1.096875,0.5484375,1.828125,0.4375,0.48717948717948717,0.8980263157894737,14.807910497446684,-0.8240218067656634,15.631932304212349,-27.94186826546576,68.7790648545109,-28.765890072231425,67.95504304774525,-37.28253203260079,95.844669591532,56.77113902652762,-1.7909635716619476,0.6187845303867403,0.0,0.5513731455910892,29.0,0.0
KGS,10,2026-01…2026-06,BUY_NOW,16,3,10.0,16,16,0.375,0.36752136752136755,1.0203488372093024,0.5101744186046512,1.7005813953488371,0.5,0.5299145299145299,0.9435483870967741,14.807910497446684,-0.8240218067656634,15.631932304212349,-27.94186826546576,68.7790648545109,-28.765890072231425,67.95504304774525,-37.28253203260079,95.844669591532,56.77113902652762,-1.7909635716619476,0.6187845303867403,0.0,0.5513731455910892,29.0,0.0
KGS,10,2026-01…2026-06,BUY_NOW,16,3,25.0,16,16,0.5,0.4358974358974359,1.1470588235294117,0.5735294117647058,1.7205882352941175,0.625,0.5811965811965812,1.0753676470588234,14.807910497446684,-0.8240218067656634,15.631932304212349,-27.94186826546576,68.7790648545109,-28.765890072231425,67.95504304774525,-37.28253203260079,95.844669591532,56.77113902652762,-1.7909635716619476,0.6187845303867403,0.0,0.5513731455910892,29.0,0.0
KGS,10,2026-01…2026-06,BUY_NOW,16,3,50.0,16,16,0.5625,0.5213675213675214,1.0788934426229508,0.5993852459016393,1.5584016393442621,0.6875,0.6410256410256411,1.0725,14.807910497446684,-0.8240218067656634,15.631932304212349,-27.94186826546576,68.7790648545109,-28.765890072231425,67.95504304774525,-37.28253203260079,95.844669591532,56.77113902652762,-1.7909635716619476,0.6187845303867403,0.0,0.5513731455910892,29.0,0.0
KGS,10,2026-01…2026-06,BUY_NOW,16,5,0.0,16,16,0.25,0.27350427350427353,0.9140624999999999,0.22851562499999997,1.8281249999999998,0.5,0.5128205128205128,0.9750000000000001,11.220601540371591,-1.3718591777167901,12.59246071808838,-47.07142915502744,80.79747766403331,-48.44328833274423,79.42561848631652,-41.33639132639051,100.91022556167498,59.71074826289613,-1.7909635716619476,0.6187845303867403,0.0,0.5513731455910892,29.0,0.0
KGS,10,2026-01…2026-06,BUY_NOW,16,5,10.0,16,16,0.25,0.28205128205128205,0.8863636363636364,0.2215909090909091,1.7727272727272727,0.625,0.5384615384615384,1.1607142857142858,11.220601540371591,-1.3718591777167901,12.59246071808838,-47.07142915502744,80.79747766403331,-48.44328833274423,79.42561848631652,-41.33639132639051,100.91022556167498,59.71074826289613,-1.7909635716619476,0.6187845303867403,0.0,0.5513731455910892,29.0,0.0
KGS,10,2026-01…2026-06,BUY_NOW,16,5,25.0,16,16,0.4375,0.3504273504273504,1.2484756097560976,0.5350609756097562,1.9618902439024393,0.625,0.5555555555555556,1.125,11.220601540371591,-1.3718591777167901,12.59246071808838,-47.07142915502744,80.79747766403331,-48.44328833274423,79.42561848631652,-41.33639132639051,100.91022556167498,59.71074826289613,-1.7909635716619476,0.6187845303867403,0.0,0.5513731455910892,29.0,0.0
KGS,10,2026-01…2026-06,BUY_NOW,16,5,50.0,16,16,0.5,0.4444444444444444,1.125,0.5625,1.6875,0.6875,0.5897435897435898,1.1657608695652173,11.220601540371591,-1.3718591777167901,12.59246071808838,-47.07142915502744,80.79747766403331,-48.44328833274423,79.42561848631652,-41.33639132639051,100.91022556167498,59.71074826289613,-1.7909635716619476,0.6187845303867403,0.0,0.5513731455910892,29.0,0.0
KGS,10,2026-01…2026-06,BUY_NOW,16,10,0.0,16,16,0.25,0.23076923076923078,1.0833333333333333,0.2708333333333333,2.1666666666666665,0.5,0.49572649572649574,1.0086206896551724,-2.800573386945235,-2.589129845353031,-0.21144354159220402,-89.31291648620386,93.03454006229414,-91.90204633155689,90.44541021694111,-89.05917115210305,122.16964298042531,65.7028805567133,-1.7909635716619476,0.6187845303867403,0.0,0.5513731455910892,29.0,0.0
KGS,10,2026-01…2026-06,BUY_NOW,16,10,10.0,16,16,0.25,0.23931623931623933,1.0446428571428572,0.2611607142857143,2.0892857142857144,0.5,0.5042735042735043,0.9915254237288136,-2.800573386945235,-2.589129845353031,-0.21144354159220402,-89.31291648620386,93.03454006229414,-91.90204633155689,90.44541021694111,-89.05917115210305,122.16964298042531,65.7028805567133,-1.7909635716619476,0.6187845303867403,0.0,0.5513731455910892,29.0,0.0
KGS,10,2026-01…2026-06,BUY_NOW,16,10,25.0,16,16,0.3125,0.27350427350427353,1.1425781249999998,0.45703124999999994,2.056640625,0.5625,0.5213675213675214,1.0788934426229508,-2.800573386945235,-2.589129845353031,-0.21144354159220402,-89.31291648620386,93.03454006229414,-91.90204633155689,90.44541021694111,-89.05917115210305,122.16964298042531,65.7028805567133,-1.7909635716619476,0.6187845303867403,0.0,0.5513731455910892,29.0,0.0
KGS,10,2026-01…2026-06,BUY_NOW,16,10,50.0,16,16,0.375,0.358974358974359,1.0446428571428572,0.3482142857142857,1.7410714285714286,0.625,0.5384615384615384,1.1607142857142858,-2.800573386945235,-2.589129845353031,-0.21144354159220402,-89.31291648620386,93.03454006229414,-91.90204633155689,90.44541021694111,-89.05917115210305,122.16964298042531,65.7028805567133,-1.7909635716619476,0.6187845303867403,0.0,0.5513731455910892,29.0,0.0
KGS,10,2026-01…2026-06,BUY_NOW,16,20,0.0,16,16,0.25,0.19658119658119658,1.2717391304347827,0.3179347826086957,2.5434782608695654,0.5,0.5213675213675214,0.9590163934426229,7.580529305074926,5.753419433060342,1.8271098720145833,-139.63338163944783,144.92102487004567,-133.8799622063875,150.67444430310601,-167.20884367994728,231.25598187942703,101.46012996905881,-1.7909635716619476,0.6187845303867403,0.0,0.5513731455910892,29.0,0.0
KGS,10,2026-01…2026-06,BUY_NOW,16,20,10.0,16,16,0.25,0.20512820512820512,1.21875,0.3046875,2.4375,0.5,0.5299145299145299,0.9435483870967741,7.580529305074926,5.753419433060342,1.8271098720145833,-139.63338163944783,144.92102487004567,-133.8799622063875,150.67444430310601,-167.20884367994728,231.25598187942703,101.46012996905881,-1.7909635716619476,0.6187845303867403,0.0,0.5513731455910892,29.0,0.0
KGS,10,2026-01…2026-06,BUY_NOW,16,20,25.0,16,16,0.3125,0.23931623931623933,1.3058035714285714,0.5223214285714286,2.3504464285714284,0.5,0.5384615384615384,0.9285714285714286,7.580529305074926,5.753419433060342,1.8271098720145833,-139.63338163944783,144.92102487004567,-133.8799622063875,150.67444430310601,-167.20884367994728,231.25598187942703,101.46012996905881,-1.7909635716619476,0.6187845303867403,0.0,0.5513731455910892,29.0,0.0
KGS,10,2026-01…2026-06,BUY_NOW,16,20,50.0,16,16,0.375,0.3076923076923077,1.21875,0.40625,2.03125,0.5,0.5470085470085471,0.9140624999999999,7.580529305074926,5.753419433060342,1.8271098720145833,-139.63338163944783,144.92102487004567,-133.8799622063875,150.67444430310601,-167.20884367994728,231.25598187942703,101.46012996905881,-1.7909635716619476,0.6187845303867403,0.0,0.5513731455910892,29.0,0.0
KZT,0,2021-01…2021-06,BUY_NOW,13,1,0.0,11,11,0.45454545454545453,0.4661016949152542,0.9752066115702479,0.3900826446280992,1.5603305785123969,0.45454545454545453,0.4661016949152542,0.9752066115702479,-2.911047489195188,-3.1902388160747464,0.2791913268795585,-26.37096129724968,26.407672074065967,-29.561200113324425,23.21743325799122,-12.324298128161825,8.957132306625534,11.33612341402584,0.9276607546110902,0.42541436464088395,0.0,0.7867169828541336,39.0,0.16666666666666666
KZT,0,2021-01…2021-06,BUY_NOW,13,1,10.0,11,11,0.45454545454545453,0.5423728813559322,0.8380681818181818,0.33522727272727276,1.340909090909091,0.45454545454545453,0.5423728813559322,0.8380681818181818,-2.911047489195188,-3.1902388160747464,0.2791913268795585,-26.37096129724968,26.407672074065967,-29.561200113324425,23.21743325799122,-12.324298128161825,8.957132306625534,11.33612341402584,0.9276607546110902,0.42541436464088395,0.0,0.7867169828541336,39.0,0.16666666666666666
KZT,0,2021-01…2021-06,BUY_NOW,13,1,25.0,11,11,0.6363636363636364,0.652542372881356,0.9752066115702479,0.5572609208972845,1.3931523022432113,0.6363636363636364,0.652542372881356,0.9752066115702479,-2.911047489195188,-3.1902388160747464,0.2791913268795585,-26.37096129724968,26.407672074065967,-29.561200113324425,23.21743325799122,-12.324298128161825,8.957132306625534,11.33612341402584,0.9276607546110902,0.42541436464088395,0.0,0.7867169828541336,39.0,0.16666666666666666
KZT,0,2021-01…2021-06,BUY_NOW,13,1,50.0,11,11,0.9090909090909091,0.8050847457627118,1.1291866028708135,0.9033492822966508,1.2421052631578948,0.9090909090909091,0.8050847457627118,1.1291866028708135,-2.911047489195188,-3.1902388160747464,0.2791913268795585,-26.37096129724968,26.407672074065967,-29.561200113324425,23.21743325799122,-12.324298128161825,8.957132306625534,11.33612341402584,0.9276607546110902,0.42541436464088395,0.0,0.7867169828541336,39.0,0.16666666666666666
KZT,0,2021-01…2021-06,BUY_NOW,13,3,0.0,11,11,0.36363636363636365,0.2627118644067797,1.3841642228739002,0.34604105571847504,2.422287390029325,0.45454545454545453,0.4406779661016949,1.0314685314685315,3.014525601675588,-5.020390666390882,8.03491626806647,-26.96083291654636,42.97289137746227,-31.98122358293724,37.95250071107139,-18.26337089360308,28.548001396009987,23.993426298505923,0.9276607546110902,0.42541436464088395,0.0,0.7867169828541336,39.0,0.16666666666666666
KZT,0,2021-01…2021-06,BUY_NOW,13,3,10.0,11,11,0.36363636363636365,0.3389830508474576,1.0727272727272728,0.2681818181818182,1.8772727272727274,0.6363636363636364,0.5254237288135594,1.2111436950146626,3.014525601675588,-5.020390666390882,8.03491626806647,-26.96083291654636,42.97289137746227,-31.98122358293724,37.95250071107139,-18.26337089360308,28.548001396009987,23.993426298505923,0.9276607546110902,0.42541436464088395,0.0,0.7867169828541336,39.0,0.16666666666666666
KZT,0,2021-01…2021-06,BUY_NOW,13,3,25.0,11,11,0.36363636363636365,0.423728813559322,0.8581818181818183,0.21454545454545457,1.501818181818182,0.7272727272727273,0.5677966101694916,1.2808683853459972,3.014525601675588,-5.020390666390882,8.03491626806647,-26.96083291654636,42.97289137746227,-31.98122358293724,37.95250071107139,-18.26337089360308,28.548001396009987,23.993426298505923,0.9276607546110902,0.42541436464088395,0.0,0.7867169828541336,39.0,0.16666666666666666
KZT,0,2021-01…2021-06,BUY_NOW,13,3,50.0,11,11,0.7272727272727273,0.5932203389830508,1.2259740259740262,0.7662337662337663,1.6857142857142857,0.8181818181818182,0.7457627118644068,1.0971074380165289,3.014525601675588,-5.020390666390882,8.03491626806647,-26.96083291654636,42.97289137746227,-31.98122358293724,37.95250071107139,-18.26337089360308,28.548001396009987,23.993426298505923,0.9276607546110902,0.42541436464088395,0.0,0.7867169828541336,39.0,0.16666666666666666
KZT,0,2021-01…2021-06,BUY_NOW,13,5,0.0,11,11,0.18181818181818182,0.1864406779661017,0.9752066115702479,0.0,2.43801652892562,0.45454545454545453,0.423728813559322,1.0727272727272728,-1.2483199286174935,-6.620394512985885,5.3720745843683915,-28.315907959209337,41.26427500705953,-34.93630247219522,34.64388049407365,-25.8324461081603,30.328766268364646,26.000624375513176,0.9276607546110902,0.42541436464088395,0.0,0.7867169828541336,39.0,0.16666666666666666
KZT,0,2021-01…2021-06,BUY_NOW,13,5,10.0,11,11,0.2727272727272727,0.2542372881355932,1.0727272727272728,0.0,2.1454545454545455,0.45454545454545453,0.4661016949152542,0.9752066115702479,-1.2483199286174935,-6.620394512985885,5.3720745843683915,-28.315907959209337,41.26427500705953,-34.93630247219522,34.64388049407365,-25.8324461081603,30.328766268364646,26.000624375513176,0.9276607546110902,0.42541436464088395,0.0,0.7867169828541336,39.0,0.16666666666666666
KZT,0,2021-01…2021-06,BUY_NOW,13,5,25.0,11,11,0.2727272727272727,0.3305084745762712,0.8251748251748251,0.0,1.6503496503496502,0.6363636363636364,0.559322033898305,1.137741046831956,-1.2483199286174935,-6.620394512985885,5.3720745843683915,-28.315907959209337,41.26427500705953,-34.93630247219522,34.64388049407365,-25.8324461081603,30.328766268364646,26.000624375513176,0.9276607546110902,0.42541436464088395,0.0,0.7867169828541336,39.0,0.16666666666666666
KZT,0,2021-01…2021-06,BUY_NOW,13,5,50.0,11,11,0.5454545454545454,0.4661016949152542,1.1702479338842975,0.5851239669421487,1.7553719008264466,0.8181818181818182,0.711864406779661,1.1493506493506493,-1.2483199286174935,-6.620394512985885,5.3720745843683915,-28.315907959209337,41.26427500705953,-34.93630247219522,34.64388049407365,-25.8324461081603,30.328766268364646,26.000624375513176,0.9276607546110902,0.42541436464088395,0.0,0.7867169828541336,39.0,0.16666666666666666
KZT,0,2021-01…2021-06,BUY_NOW,13,10,0.0,11,11,0.09090909090909091,0.13559322033898305,0.6704545454545455,0.0,2.0113636363636362,0.36363636363636365,0.3728813559322034,0.9752066115702479,1.8714248641410955,-9.23182156680976,11.103246430950856,-33.383827965093715,60.816972628898256,-42.61564953190347,51.5851510620885,-46.19329155716335,64.1527467481101,37.33045274020892,0.9276607546110902,0.42541436464088395,0.0,0.7867169828541336,39.0,0.16666666666666666
KZT,0,2021-01…2021-06,BUY_NOW,13,10,10.0,11,11,0.09090909090909091,0.15254237288135594,0.5959595959595959,0.0,1.7878787878787876,0.36363636363636365,0.4152542372881356,0.87569573283859,1.8714248641410955,-9.23182156680976,11.103246430950856,-33.383827965093715,60.816972628898256,-42.61564953190347,51.5851510620885,-46.19329155716335,64.1527467481101,37.33045274020892,0.9276607546110902,0.42541436464088395,0.0,0.7867169828541336,39.0,0.16666666666666666
KZT,0,2021-01…2021-06,BUY_NOW,13,10,25.0,11,11,0.09090909090909091,0.1864406779661017,0.48760330578512395,0.0,1.4628099173553717,0.5454545454545454,0.5423728813559322,1.0056818181818181,1.8714248641410955,-9.23182156680976,11.103246430950856,-33.383827965093715,60.816972628898256,-42.61564953190347,51.5851510620885,-46.19329155716335,64.1527467481101,37.33045274020892,0.9276607546110902,0.42541436464088395,0.0,0.7867169828541336,39.0,0.16666666666666666
KZT,0,2021-01…2021-06,BUY_NOW,13,10,50.0,11,11,0.2727272727272727,0.2711864406779661,1.0056818181818181,0.0,2.0113636363636362,0.6363636363636364,0.635593220338983,1.0012121212121212,1.8714248641410955,-9.23182156680976,11.103246430950856,-33.383827965093715,60.816972628898256,-42.61564953190347,51.5851510620885,-46.19329155716335,64.1527467481101,37.33045274020892,0.9276607546110902,0.42541436464088395,0.0,0.7867169828541336,39.0,0.16666666666666666
KZT,0,2021-01…2021-06,BUY_NOW,13,20,0.0,11,11,0.09090909090909091,0.09322033898305085,0.9752066115702479,0.0,2.9256198347107434,0.2727272727272727,0.3389830508474576,0.8045454545454546,-9.432041319657618,-18.204220636461798,8.77217931680418,-51.77481392521234,76.70549719283446,-69.97903456167414,58.501276556372666,-85.24645635313674,97.48711030343497,47.354012658723725,0.9276607546110902,0.42541436464088395,0.0,0.7867169828541336,39.0,0.16666666666666666
KZT,0,2021-01…2021-06,BUY_NOW,13,20,10.0,11,11,0.09090909090909091,0.11864406779661017,0.7662337662337663,0.0,2.2987012987012987,0.2727272727272727,0.3644067796610169,0.7484143763213531,-9.432041319657618,-18.204220636461798,8.77217931680418,-51.77481392521234,76.70549719283446,-69.97903456167414,58.501276556372666,-85.24645635313674,97.48711030343497,47.354012658723725,0.9276607546110902,0.42541436464088395,0.0,0.7867169828541336,39.0,0.16666666666666666
KZT,0,2021-01…2021-06,BUY_NOW,13,20,25.0,11,11,0.09090909090909091,0.15254237288135594,0.5959595959595959,0.0,1.7878787878787876,0.36363636363636365,0.4152542372881356,0.87569573283859,-9.432041319657618,-18.204220636461798,8.77217931680418,-51.77481392521234,76.70549719283446,-69.97903456167414,58.501276556372666,-85.24645635313674,97.48711030343497,47.354012658723725,0.9276607546110902,0.42541436464088395,0.0,0.7867169828541336,39.0,0.16666666666666666
KZT,0,2021-01…2021-06,BUY_NOW,13,20,50.0,11,11,0.18181818181818182,0.17796610169491525,1.0216450216450217,0.0,2.554112554112554,0.45454545454545453,0.5169491525423728,0.8792846497764532,-9.432041319657618,-18.204220636461798,8.77217931680418,-51.77481392521234,76.70549719283446,-69.97903456167414,58.501276556372666,-85.24645635313674,97.48711030343497,47.354012658723725,0.9276607546110902,0.42541436464088395,0.0,0.7867169828541336,39.0,0.16666666666666666
KZT,0,2021-01…2021-06,WINDOW_CLOSING,13,1,0.0,2,2,0.5,0.4661016949152542,1.0727272727272728,,,0.5,0.4661016949152542,1.0727272727272728,-25.718712432398206,-3.1902388160747464,-22.52847361632346,,,,,,,-4.671298351743847,21.509909798732018,0.07734806629834254,0.0,0.0,156.0,0.8333333333333334
KZT,0,2021-01…2021-06,WINDOW_CLOSING,13,1,10.0,2,2,0.5,0.4661016949152542,1.0727272727272728,,,0.5,0.4661016949152542,1.0727272727272728,-25.718712432398206,-3.1902388160747464,-22.52847361632346,,,,,,,-4.671298351743847,21.509909798732018,0.07734806629834254,0.0,0.0,156.0,0.8333333333333334
KZT,0,2021-01…2021-06,WINDOW_CLOSING,13,1,25.0,2,2,0.5,0.4661016949152542,1.0727272727272728,,,0.5,0.4661016949152542,1.0727272727272728,-25.718712432398206,-3.1902388160747464,-22.52847361632346,,,,,,,-4.671298351743847,21.509909798732018,0.07734806629834254,0.0,0.0,156.0,0.8333333333333334
KZT,0,2021-01…2021-06,WINDOW_CLOSING,13,1,50.0,2,2,0.5,0.4661016949152542,1.0727272727272728,,,0.5,0.4661016949152542,1.0727272727272728,-25.718712432398206,-3.1902388160747464,-22.52847361632346,,,,,,,-4.671298351743847,21.509909798732018,0.07734806629834254,0.0,0.0,156.0,0.8333333333333334
KZT,0,2021-01…2021-06,WINDOW_CLOSING,13,3,0.0,2,2,0.5,0.423728813559322,1.1800000000000002,,,0.5,0.423728813559322,1.1800000000000002,-13.688922120064785,-5.020390666390882,-8.668531453673904,,,,,,,-13.601693944014226,21.509909798732018,0.07734806629834254,0.0,0.0,156.0,0.8333333333333334
KZT,0,2021-01…2021-06,WINDOW_CLOSING,13,3,10.0,2,2,0.5,0.423728813559322,1.1800000000000002,,,0.5,0.423728813559322,1.1800000000000002,-13.688922120064785,-5.020390666390882,-8.668531453673904,,,,,,,-13.601693944014226,21.509909798732018,0.07734806629834254,0.0,0.0,156.0,0.8333333333333334
KZT,0,2021-01…2021-06,WINDOW_CLOSING,13,3,25.0,2,2,0.5,0.423728813559322,1.1800000000000002,,,0.5,0.423728813559322,1.1800000000000002,-13.688922120064785,-5.020390666390882,-8.668531453673904,,,,,,,-13.601693944014226,21.509909798732018,0.07734806629834254,0.0,0.0,156.0,0.8333333333333334
KZT,0,2021-01…2021-06,WINDOW_CLOSING,13,3,50.0,2,2,0.5,0.423728813559322,1.1800000000000002,,,0.5,0.423728813559322,1.1800000000000002,-13.688922120064785,-5.020390666390882,-8.668531453673904,,,,,,,-13.601693944014226,21.509909798732018,0.07734806629834254,0.0,0.0,156.0,0.8333333333333334
KZT,0,2021-01…2021-06,WINDOW_CLOSING,13,5,0.0,2,2,0.5,0.3813559322033898,1.3111111111111111,,,0.5,0.3813559322033898,1.3111111111111111,2.9573779299402183,-6.620394512985885,9.577772442926104,,,,,,,-4.219802465995626,21.509909798732018,0.07734806629834254,0.0,0.0,156.0,0.8333333333333334
KZT,0,2021-01…2021-06,WINDOW_CLOSING,13,5,10.0,2,2,0.5,0.3813559322033898,1.3111111111111111,,,0.5,0.3813559322033898,1.3111111111111111,2.9573779299402183,-6.620394512985885,9.577772442926104,,,,,,,-4.219802465995626,21.509909798732018,0.07734806629834254,0.0,0.0,156.0,0.8333333333333334
KZT,0,2021-01…2021-06,WINDOW_CLOSING,13,5,25.0,2,2,0.5,0.3813559322033898,1.3111111111111111,,,0.5,0.3813559322033898,1.3111111111111111,2.9573779299402183,-6.620394512985885,9.577772442926104,,,,,,,-4.219802465995626,21.509909798732018,0.07734806629834254,0.0,0.0,156.0,0.8333333333333334
KZT,0,2021-01…2021-06,WINDOW_CLOSING,13,5,50.0,2,2,0.5,0.3813559322033898,1.3111111111111111,,,0.5,0.3813559322033898,1.3111111111111111,2.9573779299402183,-6.620394512985885,9.577772442926104,,,,,,,-4.219802465995626,21.509909798732018,0.07734806629834254,0.0,0.0,156.0,0.8333333333333334
KZT,0,2021-01…2021-06,WINDOW_CLOSING,13,10,0.0,2,2,1.0,0.3644067796610169,2.744186046511628,,,1.0,0.3644067796610169,2.744186046511628,30.191866251869648,-9.23182156680976,39.42368781867941,,,,,,,18.719664310037352,21.509909798732018,0.07734806629834254,0.0,0.0,156.0,0.8333333333333334
KZT,0,2021-01…2021-06,WINDOW_CLOSING,13,10,10.0,2,2,1.0,0.3644067796610169,2.744186046511628,,,1.0,0.3644067796610169,2.744186046511628,30.191866251869648,-9.23182156680976,39.42368781867941,,,,,,,18.719664310037352,21.509909798732018,0.07734806629834254,0.0,0.0,156.0,0.8333333333333334
KZT,0,2021-01…2021-06,WINDOW_CLOSING,13,10,25.0,2,2,1.0,0.3644067796610169,2.744186046511628,,,1.0,0.3644067796610169,2.744186046511628,30.191866251869648,-9.23182156680976,39.42368781867941,,,,,,,18.719664310037352,21.509909798732018,0.07734806629834254,0.0,0.0,156.0,0.8333333333333334
KZT,0,2021-01…2021-06,WINDOW_CLOSING,13,10,50.0,2,2,1.0,0.3644067796610169,2.744186046511628,,,1.0,0.3644067796610169,2.744186046511628,30.191866251869648,-9.23182156680976,39.42368781867941,,,,,,,18.719664310037352,21.509909798732018,0.07734806629834254,0.0,0.0,156.0,0.8333333333333334
KZT,0,2021-01…2021-06,WINDOW_CLOSING,13,20,0.0,2,2,1.0,0.3813559322033898,2.6222222222222222,,,1.0,0.3813559322033898,2.6222222222222222,126.95449002181891,-18.204220636461798,145.1587106582807,,,,,,,95.10677383913091,21.509909798732018,0.07734806629834254,0.0,0.0,156.0,0.8333333333333334
KZT,0,2021-01…2021-06,WINDOW_CLOSING,13,20,10.0,2,2,1.0,0.3813559322033898,2.6222222222222222,,,1.0,0.3813559322033898,2.6222222222222222,126.95449002181891,-18.204220636461798,145.1587106582807,,,,,,,95.10677383913091,21.509909798732018,0.07734806629834254,0.0,0.0,156.0,0.8333333333333334
KZT,0,2021-01…2021-06,WINDOW_CLOSING,13,20,25.0,2,2,1.0,0.3813559322033898,2.6222222222222222,,,1.0,0.3813559322033898,2.6222222222222222,126.95449002181891,-18.204220636461798,145.1587106582807,,,,,,,95.10677383913091,21.509909798732018,0.07734806629834254,0.0,0.0,156.0,0.8333333333333334
KZT,0,2021-01…2021-06,WINDOW_CLOSING,13,20,50.0,2,2,1.0,0.3813559322033898,2.6222222222222222,,,1.0,0.3813559322033898,2.6222222222222222,126.95449002181891,-18.204220636461798,145.1587106582807,,,,,,,95.10677383913091,21.509909798732018,0.07734806629834254,0.0,0.0,156.0,0.8333333333333334
KZT,1,2021-07…2021-12,BUY_NOW,9,1,0.0,7,7,0.2857142857142857,0.4496124031007752,0.6354679802955664,0.0,1.2788793103447842,0.2857142857142857,0.4496124031007752,0.6354679802955664,-22.47382962944625,0.872242453223514,-23.346072082669764,-45.14288328858391,-4.8946844149414055,-44.270640835360396,-4.022441961717892,-38.235301281906715,-1.4585340928322903,-0.06826996510952503,-40.4731288103596,0.266304347826087,0.0,0.6992500338432103,42.0,0.3333333333333333
KZT,1,2021-07…2021-12,BUY_NOW,9,1,10.0,7,7,0.42857142857142855,0.5581395348837209,0.7678571428571428,0.0,1.5357142857142856,0.42857142857142855,0.5581395348837209,0.7678571428571428,-22.47382962944625,0.872242453223514,-23.346072082669764,-45.14288328858391,-4.8946844149414055,-44.270640835360396,-4.022441961717892,-38.235301281906715,-1.4585340928322903,-0.06826996510952503,-40.4731288103596,0.266304347826087,0.0,0.6992500338432103,42.0,0.3333333333333333
KZT,1,2021-07…2021-12,BUY_NOW,9,1,25.0,7,7,0.5714285714285714,0.7131782945736435,0.8012422360248447,0.20031055900621117,1.201863354037267,0.5714285714285714,0.7131782945736435,0.8012422360248447,-22.47382962944625,0.872242453223514,-23.346072082669764,-45.14288328858391,-4.8946844149414055,-44.270640835360396,-4.022441961717892,-38.235301281906715,-1.4585340928322903,-0.06826996510952503,-40.4731288103596,0.266304347826087,0.0,0.6992500338432103,42.0,0.3333333333333333
KZT,1,2021-07…2021-12,BUY_NOW,9,1,50.0,7,7,0.8571428571428571,0.8914728682170543,0.9614906832298136,0.6409937888198757,1.1217391304347826,0.8571428571428571,0.8914728682170543,0.9614906832298136,-22.47382962944625,0.872242453223514,-23.346072082669764,-45.14288328858391,-4.8946844149414055,-44.270640835360396,-4.022441961717892,-38.235301281906715,-1.4585340928322903,-0.06826996510952503,-40.4731288103596,0.266304347826087,0.0,0.6992500338432103,42.0,0.3333333333333333
KZT,1,2021-07…2021-12,BUY_NOW,9,3,0.0,7,7,0.14285714285714285,0.29457364341085274,0.48496240601503754,0.0,1.4548872180451127,0.14285714285714285,0.4806201550387597,0.29723502304147464,-40.287535521732636,0.7696830498997921,-41.057218571632426,-72.78940301841857,-7.2450777346022734,-72.01971996851877,-6.475394684702481,-68.99398824372464,13.997838349388838,2.7687245910990037,-40.4731288103596,0.266304347826087,0.0,0.6992500338432103,42.0,0.3333333333333333
KZT,1,2021-07…2021-12,BUY_NOW,9,3,10.0,7,7,0.14285714285714285,0.3643410852713178,0.39209726443768994,0.0,1.1762917933130699,0.14285714285714285,0.5193798449612403,0.27505330490405117,-40.287535521732636,0.7696830498997921,-41.057218571632426,-72.78940301841857,-7.2450777346022734,-72.01971996851877,-6.475394684702481,-68.99398824372464,13.997838349388838,2.7687245910990037,-40.4731288103596,0.266304347826087,0.0,0.6992500338432103,42.0,0.3333333333333333
KZT,1,2021-07…2021-12,BUY_NOW,9,3,25.0,7,7,0.2857142857142857,0.49612403100775193,0.5758928571428571,0.0,1.1589843749999609,0.2857142857142857,0.6356589147286822,0.4494773519163763,-40.287535521732636,0.7696830498997921,-41.057218571632426,-72.78940301841857,-7.2450777346022734,-72.01971996851877,-6.475394684702481,-68.99398824372464,13.997838349388838,2.7687245910990037,-40.4731288103596,0.266304347826087,0.0,0.6992500338432103,42.0,0.3333333333333333
KZT,1,2021-07…2021-12,BUY_NOW,9,3,50.0,7,7,0.42857142857142855,0.6666666666666666,0.6428571428571429,0.21428571428571427,1.2857142857142858,0.5714285714285714,0.8527131782945736,0.6701298701298701,-40.287535521732636,0.7696830498997921,-41.057218571632426,-72.78940301841857,-7.2450777346022734,-72.01971996851877,-6.475394684702481,-68.99398824372464,13.997838349388838,2.7687245910990037,-40.4731288103596,0.266304347826087,0.0,0.6992500338432103,42.0,0.3333333333333333
KZT,1,2021-07…2021-12,BUY_NOW,9,5,0.0,7,7,0.14285714285714285,0.24031007751937986,0.5944700460829493,0.0,1.7834101382488476,0.14285714285714285,0.46511627906976744,0.3071428571428571,-43.29709145339431,0.7810987744197379,-44.07819022781405,-84.82768700343428,-3.1590922538181663,-84.04658822901455,-2.3779934793984285,-79.2584666719379,20.49721923133907,11.705429073792796,-40.4731288103596,0.266304347826087,0.0,0.6992500338432103,42.0,0.3333333333333333
KZT,1,2021-07…2021-12,BUY_NOW,9,5,10.0,7,7,0.14285714285714285,0.2713178294573643,0.5265306122448979,0.0,1.579591836734694,0.2857142857142857,0.5271317829457365,0.542016806722689,-43.29709145339431,0.7810987744197379,-44.07819022781405,-84.82768700343428,-3.1590922538181663,-84.04658822901455,-2.3779934793984285,-79.2584666719379,20.49721923133907,11.705429073792796,-40.4731288103596,0.266304347826087,0.0,0.6992500338432103,42.0,0.3333333333333333
KZT,1,2021-07…2021-12,BUY_NOW,9,5,25.0,7,7,0.2857142857142857,0.4108527131782946,0.6954177897574123,0.0,1.399528301886745,0.42857142857142855,0.6046511627906976,0.7087912087912088,-43.29709145339431,0.7810987744197379,-44.07819022781405,-84.82768700343428,-3.1590922538181663,-84.04658822901455,-2.3779934793984285,-79.2584666719379,20.49721923133907,11.705429073792796,-40.4731288103596,0.266304347826087,0.0,0.6992500338432103,42.0,0.3333333333333333
KZT,1,2021-07…2021-12,BUY_NOW,9,5,50.0,7,7,0.42857142857142855,0.5348837209302325,0.8012422360248448,0.2670807453416149,1.6024844720496896,0.42857142857142855,0.7751937984496124,0.5528571428571428,-43.29709145339431,0.7810987744197379,-44.07819022781405,-84.82768700343428,-3.1590922538181663,-84.04658822901455,-2.3779934793984285,-79.2584666719379,20.49721923133907,11.705429073792796,-40.4731288103596,0.266304347826087,0.0,0.6992500338432103,42.0,0.3333333333333333
KZT,1,2021-07…2021-12,BUY_NOW,9,10,0.0,7,7,0.0,0.15503875968992248,0.0,0.0,0.0,0.2857142857142857,0.4883720930232558,0.5850340136054422,-55.828618393931286,1.9507261572402148,-57.7793445511715,-109.32362679949689,-8.344850373030768,-107.37290064225668,-6.394124215790553,-98.00352423448527,8.772732867280641,13.74551324067941,-40.4731288103596,0.266304347826087,0.0,0.6992500338432103,42.0,0.3333333333333333
KZT,1,2021-07…2021-12,BUY_NOW,9,10,10.0,7,7,0.14285714285714285,0.1937984496124031,0.7371428571428571,0.0,2.2114285714285713,0.2857142857142857,0.5116279069767442,0.5584415584415584,-55.828618393931286,1.9507261572402148,-57.7793445511715,-109.32362679949689,-8.344850373030768,-107.37290064225668,-6.394124215790553,-98.00352423448527,8.772732867280641,13.74551324067941,-40.4731288103596,0.266304347826087,0.0,0.6992500338432103,42.0,0.3333333333333333
KZT,1,2021-07…2021-12,BUY_NOW,9,10,25.0,7,7,0.2857142857142857,0.3178294573643411,0.8989547038327526,0.0,1.8091463414633533,0.42857142857142855,0.5658914728682171,0.7573385518590997,-55.828618393931286,1.9507261572402148,-57.7793445511715,-109.32362679949689,-8.344850373030768,-107.37290064225668,-6.394124215790553,-98.00352423448527,8.772732867280641,13.74551324067941,-40.4731288103596,0.266304347826087,0.0,0.6992500338432103,42.0,0.3333333333333333
KZT,1,2021-07…2021-12,BUY_NOW,9,10,50.0,7,7,0.2857142857142857,0.4186046511627907,0.6825396825396824,0.0,1.3736111111110645,0.42857142857142855,0.6821705426356589,0.6282467532467533,-55.828618393931286,1.9507261572402148,-57.7793445511715,-109.32362679949689,-8.344850373030768,-107.37290064225668,-6.394124215790553,-98.00352423448527,8.772732867280641,13.74551324067941,-40.4731288103596,0.266304347826087,0.0,0.6992500338432103,42.0,0.3333333333333333
KZT,1,2021-07…2021-12,BUY_NOW,9,20,0.0,7,7,0.0,0.10077519379844961,0.0,0.0,0.0,0.2857142857142857,0.4418604651162791,0.6466165413533834,-46.89909251248491,10.733408670057983,-57.632501182542896,-123.63593707657863,3.662893958890436,-112.90252840652064,14.396302628948419,-96.11450639372788,25.5494476842073,12.88672841803594,-40.4731288103596,0.266304347826087,0.0,0.6992500338432103,42.0,0.3333333333333333
KZT,1,2021-07…2021-12,BUY_NOW,9,20,10.0,7,7,0.14285714285714285,0.14728682170542637,0.9699248120300751,0.0,2.9097744360902253,0.42857142857142855,0.49612403100775193,0.8638392857142857,-46.89909251248491,10.733408670057983,-57.632501182542896,-123.63593707657863,3.662893958890436,-112.90252840652064,14.396302628948419,-96.11450639372788,25.5494476842073,12.88672841803594,-40.4731288103596,0.266304347826087,0.0,0.6992500338432103,42.0,0.3333333333333333
KZT,1,2021-07…2021-12,BUY_NOW,9,20,25.0,7,7,0.2857142857142857,0.2248062015503876,1.2709359605911328,0.0,2.5577586206895684,0.42857142857142855,0.5271317829457365,0.8130252100840335,-46.89909251248491,10.733408670057983,-57.632501182542896,-123.63593707657863,3.662893958890436,-112.90252840652064,14.396302628948419,-96.11450639372788,25.5494476842073,12.88672841803594,-40.4731288103596,0.266304347826087,0.0,0.6992500338432103,42.0,0.3333333333333333
KZT,1,2021-07…2021-12,BUY_NOW,9,20,50.0,7,7,0.2857142857142857,0.2868217054263566,0.996138996138996,0.0,2.004729729729662,0.5714285714285714,0.6434108527131783,0.8881239242685025,-46.89909251248491,10.733408670057983,-57.632501182542896,-123.63593707657863,3.662893958890436,-112.90252840652064,14.396302628948419,-96.11450639372788,25.5494476842073,12.88672841803594,-40.4731288103596,0.266304347826087,0.0,0.6992500338432103,42.0,0.3333333333333333
KZT,1,2021-07…2021-12,WINDOW_CLOSING,9,1,0.0,2,2,0.0,0.4496124031007752,0.0,,,0.0,0.4496124031007752,0.0,-8.96038867797655,0.872242453223514,-9.832631131200063,,,,,,,-16.598915388828516,88.70137412195001,0.07608695652173914,0.0,0.0,119.0,0.6666666666666666
KZT,1,2021-07…2021-12,WINDOW_CLOSING,9,1,10.0,2,2,0.0,0.4496124031007752,0.0,,,0.0,0.4496124031007752,0.0,-8.96038867797655,0.872242453223514,-9.832631131200063,,,,,,,-16.598915388828516,88.70137412195001,0.07608695652173914,0.0,0.0,119.0,0.6666666666666666
KZT,1,2021-07…2021-12,WINDOW_CLOSING,9,1,25.0,2,2,0.0,0.4496124031007752,0.0,,,0.0,0.4496124031007752,0.0,-8.96038867797655,0.872242453223514,-9.832631131200063,,,,,,,-16.598915388828516,88.70137412195001,0.07608695652173914,0.0,0.0,119.0,0.6666666666666666
KZT,1,2021-07…2021-12,WINDOW_CLOSING,9,1,50.0,2,2,0.0,0.4496124031007752,0.0,,,0.0,0.4496124031007752,0.0,-8.96038867797655,0.872242453223514,-9.832631131200063,,,,,,,-16.598915388828516,88.70137412195001,0.07608695652173914,0.0,0.0,119.0,0.6666666666666666
KZT,1,2021-07…2021-12,WINDOW_CLOSING,9,3,0.0,2,2,0.5,0.46511627906976744,1.075,,,0.5,0.46511627906976744,1.075,9.549388342313666,0.7696830498997921,8.779705292413874,,,,,,,-4.35069216688122,88.70137412195001,0.07608695652173914,0.0,0.0,119.0,0.6666666666666666
KZT,1,2021-07…2021-12,WINDOW_CLOSING,9,3,10.0,2,2,0.5,0.46511627906976744,1.075,,,0.5,0.46511627906976744,1.075,9.549388342313666,0.7696830498997921,8.779705292413874,,,,,,,-4.35069216688122,88.70137412195001,0.07608695652173914,0.0,0.0,119.0,0.6666666666666666
KZT,1,2021-07…2021-12,WINDOW_CLOSING,9,3,25.0,2,2,0.5,0.46511627906976744,1.075,,,0.5,0.46511627906976744,1.075,9.549388342313666,0.7696830498997921,8.779705292413874,,,,,,,-4.35069216688122,88.70137412195001,0.07608695652173914,0.0,0.0,119.0,0.6666666666666666
KZT,1,2021-07…2021-12,WINDOW_CLOSING,9,3,50.0,2,2,0.5,0.46511627906976744,1.075,,,0.5,0.46511627906976744,1.075,9.549388342313666,0.7696830498997921,8.779705292413874,,,,,,,-4.35069216688122,88.70137412195001,0.07608695652173914,0.0,0.0,119.0,0.6666666666666666
KZT,1,2021-07…2021-12,WINDOW_CLOSING,9,5,0.0,2,2,1.0,0.5038759689922481,1.9846153846153847,,,1.0,0.5038759689922481,1.9846153846153847,38.87445304762316,0.7810987744197379,38.093354273203424,,,,,,,14.953136656040144,88.70137412195001,0.07608695652173914,0.0,0.0,119.0,0.6666666666666666
KZT,1,2021-07…2021-12,WINDOW_CLOSING,9,5,10.0,2,2,1.0,0.5038759689922481,1.9846153846153847,,,1.0,0.5038759689922481,1.9846153846153847,38.87445304762316,0.7810987744197379,38.093354273203424,,,,,,,14.953136656040144,88.70137412195001,0.07608695652173914,0.0,0.0,119.0,0.6666666666666666
KZT,1,2021-07…2021-12,WINDOW_CLOSING,9,5,25.0,2,2,1.0,0.5038759689922481,1.9846153846153847,,,1.0,0.5038759689922481,1.9846153846153847,38.87445304762316,0.7810987744197379,38.093354273203424,,,,,,,14.953136656040144,88.70137412195001,0.07608695652173914,0.0,0.0,119.0,0.6666666666666666
KZT,1,2021-07…2021-12,WINDOW_CLOSING,9,5,50.0,2,2,1.0,0.5038759689922481,1.9846153846153847,,,1.0,0.5038759689922481,1.9846153846153847,38.87445304762316,0.7810987744197379,38.093354273203424,,,,,,,14.953136656040144,88.70137412195001,0.07608695652173914,0.0,0.0,119.0,0.6666666666666666
KZT,1,2021-07…2021-12,WINDOW_CLOSING,9,10,0.0,2,2,1.0,0.4806201550387597,2.0806451612903225,,,1.0,0.4806201550387597,2.0806451612903225,71.83701011820531,1.9507261572402148,69.8862839609651,,,,,,,41.28709261434493,88.70137412195001,0.07608695652173914,0.0,0.0,119.0,0.6666666666666666
KZT,1,2021-07…2021-12,WINDOW_CLOSING,9,10,10.0,2,2,1.0,0.4806201550387597,2.0806451612903225,,,1.0,0.4806201550387597,2.0806451612903225,71.83701011820531,1.9507261572402148,69.8862839609651,,,,,,,41.28709261434493,88.70137412195001,0.07608695652173914,0.0,0.0,119.0,0.6666666666666666
KZT,1,2021-07…2021-12,WINDOW_CLOSING,9,10,25.0,2,2,1.0,0.4806201550387597,2.0806451612903225,,,1.0,0.4806201550387597,2.0806451612903225,71.83701011820531,1.9507261572402148,69.8862839609651,,,,,,,41.28709261434493,88.70137412195001,0.07608695652173914,0.0,0.0,119.0,0.6666666666666666
KZT,1,2021-07…2021-12,WINDOW_CLOSING,9,10,50.0,2,2,1.0,0.4806201550387597,2.0806451612903225,,,1.0,0.4806201550387597,2.0806451612903225,71.83701011820531,1.9507261572402148,69.8862839609651,,,,,,,41.28709261434493,88.70137412195001,0.07608695652173914,0.0,0.0,119.0,0.6666666666666666
KZT,1,2021-07…2021-12,WINDOW_CLOSING,9,20,0.0,2,2,1.0,0.4263565891472868,2.3454545454545457,,,1.0,0.4263565891472868,2.3454545454545457,181.739253232176,10.733408670057983,171.005844562118,,,,,,,145.34036875333723,88.70137412195001,0.07608695652173914,0.0,0.0,119.0,0.6666666666666666
KZT,1,2021-07…2021-12,WINDOW_CLOSING,9,20,10.0,2,2,1.0,0.4263565891472868,2.3454545454545457,,,1.0,0.4263565891472868,2.3454545454545457,181.739253232176,10.733408670057983,171.005844562118,,,,,,,145.34036875333723,88.70137412195001,0.07608695652173914,0.0,0.0,119.0,0.6666666666666666
KZT,1,2021-07…2021-12,WINDOW_CLOSING,9,20,25.0,2,2,1.0,0.4263565891472868,2.3454545454545457,,,1.0,0.4263565891472868,2.3454545454545457,181.739253232176,10.733408670057983,171.005844562118,,,,,,,145.34036875333723,88.70137412195001,0.07608695652173914,0.0,0.0,119.0,0.6666666666666666
KZT,1,2021-07…2021-12,WINDOW_CLOSING,9,20,50.0,2,2,1.0,0.4263565891472868,2.3454545454545457,,,1.0,0.4263565891472868,2.3454545454545457,181.739253232176,10.733408670057983,171.005844562118,,,,,,,145.34036875333723,88.70137412195001,0.07608695652173914,0.0,0.0,119.0,0.6666666666666666
KZT,2,2022-01…2022-06,BUY_NOW,13,1,0.0,10,10,0.2,0.37606837606837606,0.5318181818181819,0.0,1.3295454545454546,0.2,0.37606837606837606,0.5318181818181819,-93.07857572598388,-30.59267262869027,-62.485903097293615,-178.64466579969664,34.48860458372937,-209.23733842838692,3.8959319550391,-255.08636561027618,28.418599866088897,69.57758694030768,-245.0083630376239,0.3867403314917127,0.0,1.1413887007018972,67.0,0.3333333333333333
KZT,2,2022-01…2022-06,BUY_NOW,13,1,10.0,10,10,0.2,0.37606837606837606,0.5318181818181819,0.0,1.3295454545454546,0.2,0.37606837606837606,0.5318181818181819,-93.07857572598388,-30.59267262869027,-62.485903097293615,-178.64466579969664,34.48860458372937,-209.23733842838692,3.8959319550391,-255.08636561027618,28.418599866088897,69.57758694030768,-245.0083630376239,0.3867403314917127,0.0,1.1413887007018972,67.0,0.3333333333333333
KZT,2,2022-01…2022-06,BUY_NOW,13,1,25.0,10,10,0.3,0.452991452991453,0.6622641509433962,0.0,1.3245283018867924,0.3,0.452991452991453,0.6622641509433962,-93.07857572598388,-30.59267262869027,-62.485903097293615,-178.64466579969664,34.48860458372937,-209.23733842838692,3.8959319550391,-255.08636561027618,28.418599866088897,69.57758694030768,-245.0083630376239,0.3867403314917127,0.0,1.1413887007018972,67.0,0.3333333333333333
KZT,2,2022-01…2022-06,BUY_NOW,13,1,50.0,10,10,0.3,0.5213675213675214,0.5754098360655737,0.0,1.1508196721311474,0.3,0.5213675213675214,0.5754098360655737,-93.07857572598388,-30.59267262869027,-62.485903097293615,-178.64466579969664,34.48860458372937,-209.23733842838692,3.8959319550391,-255.08636561027618,28.418599866088897,69.57758694030768,-245.0083630376239,0.3867403314917127,0.0,1.1413887007018972,67.0,0.3333333333333333
KZT,2,2022-01…2022-06,BUY_NOW,13,3,0.0,10,10,0.2,0.21367521367521367,0.936,0.0,2.3400000000000003,0.3,0.3418803418803419,0.8775,-102.32851694075748,-55.798992804411306,-46.529524136346176,-210.51988821205745,126.13214410785204,-266.31888101646877,70.33315130344073,-284.99093433205,80.33390045053501,100.23728593773517,-245.0083630376239,0.3867403314917127,0.0,1.1413887007018972,67.0,0.3333333333333333
KZT,2,2022-01…2022-06,BUY_NOW,13,3,10.0,10,10,0.2,0.21367521367521367,0.936,0.0,2.3400000000000003,0.3,0.36752136752136755,0.8162790697674418,-102.32851694075748,-55.798992804411306,-46.529524136346176,-210.51988821205745,126.13214410785204,-266.31888101646877,70.33315130344073,-284.99093433205,80.33390045053501,100.23728593773517,-245.0083630376239,0.3867403314917127,0.0,1.1413887007018972,67.0,0.3333333333333333
KZT,2,2022-01…2022-06,BUY_NOW,13,3,25.0,10,10,0.2,0.23076923076923078,0.8666666666666667,0.0,2.1666666666666665,0.3,0.4017094017094017,0.7468085106382978,-102.32851694075748,-55.798992804411306,-46.529524136346176,-210.51988821205745,126.13214410785204,-266.31888101646877,70.33315130344073,-284.99093433205,80.33390045053501,100.23728593773517,-245.0083630376239,0.3867403314917127,0.0,1.1413887007018972,67.0,0.3333333333333333
KZT,2,2022-01…2022-06,BUY_NOW,13,3,50.0,10,10,0.2,0.27350427350427353,0.73125,0.0,1.8281249999999998,0.3,0.4358974358974359,0.6882352941176471,-102.32851694075748,-55.798992804411306,-46.529524136346176,-210.51988821205745,126.13214410785204,-266.31888101646877,70.33315130344073,-284.99093433205,80.33390045053501,100.23728593773517,-245.0083630376239,0.3867403314917127,0.0,1.1413887007018972,67.0,0.3333333333333333
KZT,2,2022-01…2022-06,BUY_NOW,13,5,0.0,10,10,0.1,0.1794871794871795,0.5571428571428572,0.0,1.6714285714285713,0.2,0.358974358974359,0.5571428571428572,-160.52173670407242,-74.4422554760041,-86.07948122806832,-263.03074159283074,124.01125436175491,-337.47299706883484,49.568998885750794,-337.8268986242559,16.783425216110977,123.16645601249397,-245.0083630376239,0.3867403314917127,0.0,1.1413887007018972,67.0,0.3333333333333333
KZT,2,2022-01…2022-06,BUY_NOW,13,5,10.0,10,10,0.1,0.1794871794871795,0.5571428571428572,0.0,1.6714285714285713,0.2,0.358974358974359,0.5571428571428572,-160.52173670407242,-74.4422554760041,-86.07948122806832,-263.03074159283074,124.01125436175491,-337.47299706883484,49.568998885750794,-337.8268986242559,16.783425216110977,123.16645601249397,-245.0083630376239,0.3867403314917127,0.0,1.1413887007018972,67.0,0.3333333333333333
KZT,2,2022-01…2022-06,BUY_NOW,13,5,25.0,10,10,0.1,0.18803418803418803,0.5318181818181819,0.0,1.5954545454545455,0.2,0.37606837606837606,0.5318181818181819,-160.52173670407242,-74.4422554760041,-86.07948122806832,-263.03074159283074,124.01125436175491,-337.47299706883484,49.568998885750794,-337.8268986242559,16.783425216110977,123.16645601249397,-245.0083630376239,0.3867403314917127,0.0,1.1413887007018972,67.0,0.3333333333333333
KZT,2,2022-01…2022-06,BUY_NOW,13,5,50.0,10,10,0.1,0.21367521367521367,0.468,0.0,1.404,0.2,0.4188034188034188,0.4775510204081633,-160.52173670407242,-74.4422554760041,-86.07948122806832,-263.03074159283074,124.01125436175491,-337.47299706883484,49.568998885750794,-337.8268986242559,16.783425216110977,123.16645601249397,-245.0083630376239,0.3867403314917127,0.0,1.1413887007018972,67.0,0.3333333333333333
KZT,2,2022-01…2022-06,BUY_NOW,13,10,0.0,10,10,0.0,0.1623931623931624,0.0,0.0,0.0,0.3,0.36752136752136755,0.8162790697674418,-196.81725203070764,-122.98662348605336,-73.83062854465427,-359.00705906372565,227.94937047906257,-481.993682549779,104.9627469930092,-348.69387199629085,-63.331251202018755,227.2092130454126,-245.0083630376239,0.3867403314917127,0.0,1.1413887007018972,67.0,0.3333333333333333
KZT,2,2022-01…2022-06,BUY_NOW,13,10,10.0,10,10,0.0,0.1623931623931624,0.0,0.0,0.0,0.3,0.36752136752136755,0.8162790697674418,-196.81725203070764,-122.98662348605336,-73.83062854465427,-359.00705906372565,227.94937047906257,-481.993682549779,104.9627469930092,-348.69387199629085,-63.331251202018755,227.2092130454126,-245.0083630376239,0.3867403314917127,0.0,1.1413887007018972,67.0,0.3333333333333333
KZT,2,2022-01…2022-06,BUY_NOW,13,10,25.0,10,10,0.0,0.17094017094017094,0.0,0.0,0.0,0.4,0.39316239316239315,1.0173913043478262,-196.81725203070764,-122.98662348605336,-73.83062854465427,-359.00705906372565,227.94937047906257,-481.993682549779,104.9627469930092,-348.69387199629085,-63.331251202018755,227.2092130454126,-245.0083630376239,0.3867403314917127,0.0,1.1413887007018972,67.0,0.3333333333333333
KZT,2,2022-01…2022-06,BUY_NOW,13,10,50.0,10,10,0.0,0.18803418803418803,0.0,0.0,0.0,0.4,0.39316239316239315,1.0173913043478262,-196.81725203070764,-122.98662348605336,-73.83062854465427,-359.00705906372565,227.94937047906257,-481.993682549779,104.9627469930092,-348.69387199629085,-63.331251202018755,227.2092130454126,-245.0083630376239,0.3867403314917127,0.0,1.1413887007018972,67.0,0.3333333333333333
KZT,2,2022-01…2022-06,BUY_NOW,13,20,0.0,10,10,0.0,0.10256410256410256,0.0,0.0,0.0,0.2,0.37606837606837606,0.5318181818181819,-378.00956998636053,-253.47141149360772,-124.53815849275281,-422.1184166201123,180.13827583979517,-675.58982811372,-73.33313565381255,-439.4459147113236,-221.08206542356683,336.78279217943617,-245.0083630376239,0.3867403314917127,0.0,1.1413887007018972,67.0,0.3333333333333333
KZT,2,2022-01…2022-06,BUY_NOW,13,20,10.0,10,10,0.0,0.10256410256410256,0.0,0.0,0.0,0.3,0.38461538461538464,0.7799999999999999,-378.00956998636053,-253.47141149360772,-124.53815849275281,-422.1184166201123,180.13827583979517,-675.58982811372,-73.33313565381255,-439.4459147113236,-221.08206542356683,336.78279217943617,-245.0083630376239,0.3867403314917127,0.0,1.1413887007018972,67.0,0.3333333333333333
KZT,2,2022-01…2022-06,BUY_NOW,13,20,25.0,10,10,0.0,0.1111111111111111,0.0,0.0,0.0,0.3,0.38461538461538464,0.7799999999999999,-378.00956998636053,-253.47141149360772,-124.53815849275281,-422.1184166201123,180.13827583979517,-675.58982811372,-73.33313565381255,-439.4459147113236,-221.08206542356683,336.78279217943617,-245.0083630376239,0.3867403314917127,0.0,1.1413887007018972,67.0,0.3333333333333333
KZT,2,2022-01…2022-06,BUY_NOW,13,20,50.0,10,10,0.0,0.13675213675213677,0.0,0.0,0.0,0.3,0.39316239316239315,0.7630434782608696,-378.00956998636053,-253.47141149360772,-124.53815849275281,-422.1184166201123,180.13827583979517,-675.58982811372,-73.33313565381255,-439.4459147113236,-221.08206542356683,336.78279217943617,-245.0083630376239,0.3867403314917127,0.0,1.1413887007018972,67.0,0.3333333333333333
KZT,2,2022-01…2022-06,WINDOW_CLOSING,13,1,0.0,3,3,0.6666666666666666,0.37606837606837606,1.7727272727272727,,,0.6666666666666666,0.37606837606837606,1.7727272727272727,298.3617583819402,-30.59267262869027,328.95443101063046,,,,,,,126.60643363373136,-37.94661748397342,0.11602209944751381,0.0,0.6428571428571429,98.0,0.5
KZT,2,2022-01…2022-06,WINDOW_CLOSING,13,1,10.0,3,3,0.6666666666666666,0.37606837606837606,1.7727272727272727,,,0.6666666666666666,0.37606837606837606,1.7727272727272727,298.3617583819402,-30.59267262869027,328.95443101063046,,,,,,,126.60643363373136,-37.94661748397342,0.11602209944751381,0.0,0.6428571428571429,98.0,0.5
KZT,2,2022-01…2022-06,WINDOW_CLOSING,13,1,25.0,3,3,0.6666666666666666,0.37606837606837606,1.7727272727272727,,,0.6666666666666666,0.37606837606837606,1.7727272727272727,298.3617583819402,-30.59267262869027,328.95443101063046,,,,,,,126.60643363373136,-37.94661748397342,0.11602209944751381,0.0,0.6428571428571429,98.0,0.5
KZT,2,2022-01…2022-06,WINDOW_CLOSING,13,1,50.0,3,3,0.6666666666666666,0.37606837606837606,1.7727272727272727,,,0.6666666666666666,0.37606837606837606,1.7727272727272727,298.3617583819402,-30.59267262869027,328.95443101063046,,,,,,,126.60643363373136,-37.94661748397342,0.11602209944751381,0.0,0.6428571428571429,98.0,0.5
KZT,2,2022-01…2022-06,WINDOW_CLOSING,13,3,0.0,3,3,0.3333333333333333,0.3162393162393162,1.054054054054054,,,0.3333333333333333,0.3162393162393162,1.054054054054054,236.0834854292756,-55.798992804411306,291.8824782336869,,,,,,,175.05838339293828,-37.94661748397342,0.11602209944751381,0.0,0.6428571428571429,98.0,0.5
KZT,2,2022-01…2022-06,WINDOW_CLOSING,13,3,10.0,3,3,0.3333333333333333,0.3162393162393162,1.054054054054054,,,0.3333333333333333,0.3162393162393162,1.054054054054054,236.0834854292756,-55.798992804411306,291.8824782336869,,,,,,,175.05838339293828,-37.94661748397342,0.11602209944751381,0.0,0.6428571428571429,98.0,0.5
KZT,2,2022-01…2022-06,WINDOW_CLOSING,13,3,25.0,3,3,0.3333333333333333,0.3162393162393162,1.054054054054054,,,0.3333333333333333,0.3162393162393162,1.054054054054054,236.0834854292756,-55.798992804411306,291.8824782336869,,,,,,,175.05838339293828,-37.94661748397342,0.11602209944751381,0.0,0.6428571428571429,98.0,0.5
KZT,2,2022-01…2022-06,WINDOW_CLOSING,13,3,50.0,3,3,0.3333333333333333,0.3162393162393162,1.054054054054054,,,0.3333333333333333,0.3162393162393162,1.054054054054054,236.0834854292756,-55.798992804411306,291.8824782336869,,,,,,,175.05838339293828,-37.94661748397342,0.11602209944751381,0.0,0.6428571428571429,98.0,0.5
KZT,2,2022-01…2022-06,WINDOW_CLOSING,13,5,0.0,3,3,0.3333333333333333,0.36752136752136755,0.9069767441860463,,,0.3333333333333333,0.36752136752136755,0.9069767441860463,111.37720651788602,-74.4422554760041,185.81946199389012,,,,,,,123.34151770559373,-37.94661748397342,0.11602209944751381,0.0,0.6428571428571429,98.0,0.5
KZT,2,2022-01…2022-06,WINDOW_CLOSING,13,5,10.0,3,3,0.3333333333333333,0.36752136752136755,0.9069767441860463,,,0.3333333333333333,0.36752136752136755,0.9069767441860463,111.37720651788602,-74.4422554760041,185.81946199389012,,,,,,,123.34151770559373,-37.94661748397342,0.11602209944751381,0.0,0.6428571428571429,98.0,0.5
KZT,2,2022-01…2022-06,WINDOW_CLOSING,13,5,25.0,3,3,0.3333333333333333,0.36752136752136755,0.9069767441860463,,,0.3333333333333333,0.36752136752136755,0.9069767441860463,111.37720651788602,-74.4422554760041,185.81946199389012,,,,,,,123.34151770559373,-37.94661748397342,0.11602209944751381,0.0,0.6428571428571429,98.0,0.5
KZT,2,2022-01…2022-06,WINDOW_CLOSING,13,5,50.0,3,3,0.3333333333333333,0.36752136752136755,0.9069767441860463,,,0.3333333333333333,0.36752136752136755,0.9069767441860463,111.37720651788602,-74.4422554760041,185.81946199389012,,,,,,,123.34151770559373,-37.94661748397342,0.11602209944751381,0.0,0.6428571428571429,98.0,0.5
KZT,2,2022-01…2022-06,WINDOW_CLOSING,13,10,0.0,3,3,0.3333333333333333,0.41025641025641024,0.8125,,,0.3333333333333333,0.41025641025641024,0.8125,-185.7593139241002,-122.98662348605336,-62.77269043804685,,,,,,,-28.70668326382463,-37.94661748397342,0.11602209944751381,0.0,0.6428571428571429,98.0,0.5
KZT,2,2022-01…2022-06,WINDOW_CLOSING,13,10,10.0,3,3,0.3333333333333333,0.41025641025641024,0.8125,,,0.3333333333333333,0.41025641025641024,0.8125,-185.7593139241002,-122.98662348605336,-62.77269043804685,,,,,,,-28.70668326382463,-37.94661748397342,0.11602209944751381,0.0,0.6428571428571429,98.0,0.5
KZT,2,2022-01…2022-06,WINDOW_CLOSING,13,10,25.0,3,3,0.3333333333333333,0.41025641025641024,0.8125,,,0.3333333333333333,0.41025641025641024,0.8125,-185.7593139241002,-122.98662348605336,-62.77269043804685,,,,,,,-28.70668326382463,-37.94661748397342,0.11602209944751381,0.0,0.6428571428571429,98.0,0.5
KZT,2,2022-01…2022-06,WINDOW_CLOSING,13,10,50.0,3,3,0.3333333333333333,0.41025641025641024,0.8125,,,0.3333333333333333,0.41025641025641024,0.8125,-185.7593139241002,-122.98662348605336,-62.77269043804685,,,,,,,-28.70668326382463,-37.94661748397342,0.11602209944751381,0.0,0.6428571428571429,98.0,0.5
KZT,2,2022-01…2022-06,WINDOW_CLOSING,13,20,0.0,3,3,0.0,0.3162393162393162,0.0,,,0.0,0.3162393162393162,0.0,-777.4104288690627,-253.47141149360772,-523.939017375455,,,,,,,-88.2858399561178,-37.94661748397342,0.11602209944751381,0.0,0.6428571428571429,98.0,0.5
KZT,2,2022-01…2022-06,WINDOW_CLOSING,13,20,10.0,3,3,0.0,0.3162393162393162,0.0,,,0.0,0.3162393162393162,0.0,-777.4104288690627,-253.47141149360772,-523.939017375455,,,,,,,-88.2858399561178,-37.94661748397342,0.11602209944751381,0.0,0.6428571428571429,98.0,0.5
KZT,2,2022-01…2022-06,WINDOW_CLOSING,13,20,25.0,3,3,0.0,0.3162393162393162,0.0,,,0.0,0.3162393162393162,0.0,-777.4104288690627,-253.47141149360772,-523.939017375455,,,,,,,-88.2858399561178,-37.94661748397342,0.11602209944751381,0.0,0.6428571428571429,98.0,0.5
KZT,2,2022-01…2022-06,WINDOW_CLOSING,13,20,50.0,3,3,0.0,0.3162393162393162,0.0,,,0.0,0.3162393162393162,0.0,-777.4104288690627,-253.47141149360772,-523.939017375455,,,,,,,-88.2858399561178,-37.94661748397342,0.11602209944751381,0.0,0.6428571428571429,98.0,0.5
KZT,3,2022-07…2022-12,BUY_NOW,10,1,0.0,10,10,0.7,0.5538461538461539,1.2638888888888888,0.7222222222222222,1.8055555555555554,0.7,0.5538461538461539,1.2638888888888888,-20.785592932506592,23.237235087227404,-44.02282801973399,-169.6649496007941,90.0546153820291,-146.42771451356668,113.2918504692565,-197.65949544443095,79.53342281896323,60.066539267923055,215.9911363626773,0.3804347826086957,0.0,0.7183921478597249,39.0,0.16666666666666666
KZT,3,2022-07…2022-12,BUY_NOW,10,1,10.0,10,10,0.7,0.6,1.1666666666666667,0.6666666666666667,1.6666666666666667,0.7,0.6,1.1666666666666667,-20.785592932506592,23.237235087227404,-44.02282801973399,-169.6649496007941,90.0546153820291,-146.42771451356668,113.2918504692565,-197.65949544443095,79.53342281896323,60.066539267923055,215.9911363626773,0.3804347826086957,0.0,0.7183921478597249,39.0,0.16666666666666666
KZT,3,2022-07…2022-12,BUY_NOW,10,1,25.0,10,10,0.7,0.676923076923077,1.034090909090909,0.5909090909090909,1.4772727272727273,0.7,0.676923076923077,1.034090909090909,-20.785592932506592,23.237235087227404,-44.02282801973399,-169.6649496007941,90.0546153820291,-146.42771451356668,113.2918504692565,-197.65949544443095,79.53342281896323,60.066539267923055,215.9911363626773,0.3804347826086957,0.0,0.7183921478597249,39.0,0.16666666666666666
KZT,3,2022-07…2022-12,BUY_NOW,10,1,50.0,10,10,0.7,0.7461538461538462,0.9381443298969071,0.5360824742268041,1.3402061855670102,0.7,0.7461538461538462,0.9381443298969071,-20.785592932506592,23.237235087227404,-44.02282801973399,-169.6649496007941,90.0546153820291,-146.42771451356668,113.2918504692565,-197.65949544443095,79.53342281896323,60.066539267923055,215.9911363626773,0.3804347826086957,0.0,0.7183921478597249,39.0,0.16666666666666666
KZT,3,2022-07…2022-12,BUY_NOW,10,3,0.0,10,10,0.6,0.38461538461538464,1.5599999999999998,0.7799999999999999,2.34,0.7,0.5384615384615384,1.3,83.25314334213185,42.34259419596368,40.91054914616817,-168.562338851991,309.87975313132466,-126.21974465602733,352.22234732728833,-61.15404554785414,166.66664280022786,99.07763002845404,215.9911363626773,0.3804347826086957,0.0,0.7183921478597249,39.0,0.16666666666666666
KZT,3,2022-07…2022-12,BUY_NOW,10,3,10.0,10,10,0.6,0.4076923076923077,1.471698113207547,0.7358490566037735,2.207547169811321,0.7,0.5615384615384615,1.2465753424657533,83.25314334213185,42.34259419596368,40.91054914616817,-168.562338851991,309.87975313132466,-126.21974465602733,352.22234732728833,-61.15404554785414,166.66664280022786,99.07763002845404,215.9911363626773,0.3804347826086957,0.0,0.7183921478597249,39.0,0.16666666666666666
KZT,3,2022-07…2022-12,BUY_NOW,10,3,25.0,10,10,0.6,0.43846153846153846,1.368421052631579,0.6842105263157895,2.0526315789473686,0.7,0.5923076923076923,1.1818181818181817,83.25314334213185,42.34259419596368,40.91054914616817,-168.562338851991,309.87975313132466,-126.21974465602733,352.22234732728833,-61.15404554785414,166.66664280022786,99.07763002845404,215.9911363626773,0.3804347826086957,0.0,0.7183921478597249,39.0,0.16666666666666666
KZT,3,2022-07…2022-12,BUY_NOW,10,3,50.0,10,10,0.6,0.5538461538461539,1.0833333333333333,0.5416666666666666,1.625,0.7,0.676923076923077,1.034090909090909,83.25314334213185,42.34259419596368,40.91054914616817,-168.562338851991,309.87975313132466,-126.21974465602733,352.22234732728833,-61.15404554785414,166.66664280022786,99.07763002845404,215.9911363626773,0.3804347826086957,0.0,0.7183921478597249,39.0,0.16666666666666666
KZT,3,2022-07…2022-12,BUY_NOW,10,5,0.0,10,10,0.5,0.33076923076923076,1.5116279069767442,0.6046511627906977,2.418604651162791,0.7,0.5307692307692308,1.3188405797101448,141.01636698131236,54.101458635959254,86.9149083453531,-159.1821595386555,393.4775607263039,-105.08070090269625,447.5790193622632,5.427146392012558,223.90906821359152,119.62724976486315,215.9911363626773,0.3804347826086957,0.0,0.7183921478597249,39.0,0.16666666666666666
KZT,3,2022-07…2022-12,BUY_NOW,10,5,10.0,10,10,0.5,0.34615384615384615,1.4444444444444444,0.5777777777777778,2.3111111111111113,0.7,0.5461538461538461,1.2816901408450705,141.01636698131236,54.101458635959254,86.9149083453531,-159.1821595386555,393.4775607263039,-105.08070090269625,447.5790193622632,5.427146392012558,223.90906821359152,119.62724976486315,215.9911363626773,0.3804347826086957,0.0,0.7183921478597249,39.0,0.16666666666666666
KZT,3,2022-07…2022-12,BUY_NOW,10,5,25.0,10,10,0.6,0.36923076923076925,1.6249999999999998,0.8124999999999999,2.4375,0.7,0.5846153846153846,1.1973684210526314,141.01636698131236,54.101458635959254,86.9149083453531,-159.1821595386555,393.4775607263039,-105.08070090269625,447.5790193622632,5.427146392012558,223.90906821359152,119.62724976486315,215.9911363626773,0.3804347826086957,0.0,0.7183921478597249,39.0,0.16666666666666666
KZT,3,2022-07…2022-12,BUY_NOW,10,5,50.0,10,10,0.6,0.4461538461538462,1.3448275862068964,0.6724137931034482,2.0172413793103448,0.7,0.6461538461538462,1.0833333333333333,141.01636698131236,54.101458635959254,86.9149083453531,-159.1821595386555,393.4775607263039,-105.08070090269625,447.5790193622632,5.427146392012558,223.90906821359152,119.62724976486315,215.9911363626773,0.3804347826086957,0.0,0.7183921478597249,39.0,0.16666666666666666
KZT,3,2022-07…2022-12,BUY_NOW,10,10,0.0,10,10,0.5,0.24615384615384617,2.03125,0.8125,3.25,0.7,0.5538461538461539,1.2638888888888888,204.7489604145928,84.58217440125817,120.16678601333463,-151.9459201790487,399.95306970425753,-67.36374577779051,484.5352441055157,145.56497300288888,231.83645029628198,140.19746470509475,215.9911363626773,0.3804347826086957,0.0,0.7183921478597249,39.0,0.16666666666666666
KZT,3,2022-07…2022-12,BUY_NOW,10,10,10.0,10,10,0.5,0.26153846153846155,1.9117647058823528,0.7647058823529411,3.0588235294117645,0.7,0.5692307692307692,1.2297297297297296,204.7489604145928,84.58217440125817,120.16678601333463,-151.9459201790487,399.95306970425753,-67.36374577779051,484.5352441055157,145.56497300288888,231.83645029628198,140.19746470509475,215.9911363626773,0.3804347826086957,0.0,0.7183921478597249,39.0,0.16666666666666666
KZT,3,2022-07…2022-12,BUY_NOW,10,10,25.0,10,10,0.6,0.27692307692307694,2.1666666666666665,1.0833333333333333,3.25,0.7,0.5923076923076923,1.1818181818181817,204.7489604145928,84.58217440125817,120.16678601333463,-151.9459201790487,399.95306970425753,-67.36374577779051,484.5352441055157,145.56497300288888,231.83645029628198,140.19746470509475,215.9911363626773,0.3804347826086957,0.0,0.7183921478597249,39.0,0.16666666666666666
KZT,3,2022-07…2022-12,BUY_NOW,10,10,50.0,10,10,0.6,0.33076923076923076,1.813953488372093,0.9069767441860465,2.7209302325581395,0.8,0.6384615384615384,1.2530120481927713,204.7489604145928,84.58217440125817,120.16678601333463,-151.9459201790487,399.95306970425753,-67.36374577779051,484.5352441055157,145.56497300288888,231.83645029628198,140.19746470509475,215.9911363626773,0.3804347826086957,0.0,0.7183921478597249,39.0,0.16666666666666666
KZT,3,2022-07…2022-12,BUY_NOW,10,20,0.0,10,10,0.3,0.18461538461538463,1.6249999999999998,0.0,3.2499999999999996,0.9,0.6230769230769231,1.4444444444444444,320.61546083828983,165.82739028859348,154.78807054969636,-59.72964035368247,362.1140978505463,106.09774993491101,527.9414881391398,231.45280176852557,426.7394245998744,239.63609462199923,215.9911363626773,0.3804347826086957,0.0,0.7183921478597249,39.0,0.16666666666666666
KZT,3,2022-07…2022-12,BUY_NOW,10,20,10.0,10,10,0.3,0.19230769230769232,1.5599999999999998,0.0,3.1199999999999997,0.9,0.6307692307692307,1.426829268292683,320.61546083828983,165.82739028859348,154.78807054969636,-59.72964035368247,362.1140978505463,106.09774993491101,527.9414881391398,231.45280176852557,426.7394245998744,239.63609462199923,215.9911363626773,0.3804347826086957,0.0,0.7183921478597249,39.0,0.16666666666666666
KZT,3,2022-07…2022-12,BUY_NOW,10,20,25.0,10,10,0.4,0.2,2.0,0.5,3.4999999999999996,0.9,0.6461538461538462,1.3928571428571428,320.61546083828983,165.82739028859348,154.78807054969636,-59.72964035368247,362.1140978505463,106.09774993491101,527.9414881391398,231.45280176852557,426.7394245998744,239.63609462199923,215.9911363626773,0.3804347826086957,0.0,0.7183921478597249,39.0,0.16666666666666666
KZT,3,2022-07…2022-12,BUY_NOW,10,20,50.0,10,10,0.4,0.23076923076923078,1.7333333333333334,0.43333333333333335,3.0333333333333328,0.9,0.7,1.2857142857142858,320.61546083828983,165.82739028859348,154.78807054969636,-59.72964035368247,362.1140978505463,106.09774993491101,527.9414881391398,231.45280176852557,426.7394245998744,239.63609462199923,215.9911363626773,0.3804347826086957,0.0,0.7183921478597249,39.0,0.16666666666666666
KZT,4,2023-01…2023-06,BUY_NOW,5,1,0.0,5,5,0.4,0.6016949152542372,0.6647887323943663,0.0,1.3295774647887326,0.4,0.6016949152542372,0.6647887323943663,-75.22034064532846,23.384690562921453,-98.60503120824991,-215.41652933053177,8.162169172366792,-192.0318387676103,31.546859735288244,-192.0318387676103,23.474000089926953,20.9242689854725,72.81197574732266,0.19337016574585636,0.0,0.5646850139883395,56.0,0.3333333333333333
KZT,4,2023-01…2023-06,BUY_NOW,5,1,10.0,5,5,0.4,0.6610169491525424,0.6051282051282052,0.0,1.2102564102564104,0.4,0.6610169491525424,0.6051282051282052,-75.22034064532846,23.384690562921453,-98.60503120824991,-215.41652933053177,8.162169172366792,-192.0318387676103,31.546859735288244,-192.0318387676103,23.474000089926953,20.9242689854725,72.81197574732266,0.19337016574585636,0.0,0.5646850139883395,56.0,0.3333333333333333
KZT,4,2023-01…2023-06,BUY_NOW,5,1,25.0,5,5,0.6,0.711864406779661,0.8428571428571429,0.28095238095238095,1.4047619047619049,0.6,0.711864406779661,0.8428571428571429,-75.22034064532846,23.384690562921453,-98.60503120824991,-215.41652933053177,8.162169172366792,-192.0318387676103,31.546859735288244,-192.0318387676103,23.474000089926953,20.9242689854725,72.81197574732266,0.19337016574585636,0.0,0.5646850139883395,56.0,0.3333333333333333
KZT,4,2023-01…2023-06,BUY_NOW,5,1,50.0,5,5,0.6,0.7711864406779662,0.7780219780219779,0.25934065934065936,1.2967032967032965,0.6,0.7711864406779662,0.7780219780219779,-75.22034064532846,23.384690562921453,-98.60503120824991,-215.41652933053177,8.162169172366792,-192.0318387676103,31.546859735288244,-192.0318387676103,23.474000089926953,20.9242689854725,72.81197574732266,0.19337016574585636,0.0,0.5646850139883395,56.0,0.3333333333333333
KZT,4,2023-01…2023-06,BUY_NOW,5,3,0.0,5,5,0.4,0.4661016949152542,0.8581818181818183,0.0,1.7163636363636365,0.4,0.6694915254237288,0.5974683544303798,-57.755287498066025,48.753582993254994,-106.50887049132102,-227.18407498764276,7.823404986588891,-178.43049199438778,56.576987979843885,-178.43049199438778,40.698188425471464,43.43569024393323,72.81197574732266,0.19337016574585636,0.0,0.5646850139883395,56.0,0.3333333333333333
KZT,4,2023-01…2023-06,BUY_NOW,5,3,10.0,5,5,0.4,0.5508474576271186,0.7261538461538463,0.0,1.4523076923076925,0.4,0.6949152542372882,0.5756097560975609,-57.755287498066025,48.753582993254994,-106.50887049132102,-227.18407498764276,7.823404986588891,-178.43049199438778,56.576987979843885,-178.43049199438778,40.698188425471464,43.43569024393323,72.81197574732266,0.19337016574585636,0.0,0.5646850139883395,56.0,0.3333333333333333
KZT,4,2023-01…2023-06,BUY_NOW,5,3,25.0,5,5,0.4,0.5847457627118644,0.6840579710144928,0.0,1.3681159420289857,0.6,0.7457627118644068,0.8045454545454545,-57.755287498066025,48.753582993254994,-106.50887049132102,-227.18407498764276,7.823404986588891,-178.43049199438778,56.576987979843885,-178.43049199438778,40.698188425471464,43.43569024393323,72.81197574732266,0.19337016574585636,0.0,0.5646850139883395,56.0,0.3333333333333333
KZT,4,2023-01…2023-06,BUY_NOW,5,3,50.0,5,5,0.4,0.6271186440677966,0.6378378378378379,0.0,1.2756756756756757,0.6,0.7966101694915254,0.7531914893617021,-57.755287498066025,48.753582993254994,-106.50887049132102,-227.18407498764276,7.823404986588891,-178.43049199438778,56.576987979843885,-178.43049199438778,40.698188425471464,43.43569024393323,72.81197574732266,0.19337016574585636,0.0,0.5646850139883395,56.0,0.3333333333333333
KZT,4,2023-01…2023-06,BUY_NOW,5,5,0.0,5,5,0.2,0.4322033898305085,0.4627450980392157,0.0,1.388235294117647,0.6,0.6949152542372882,0.8634146341463413,-19.354308160696615,77.62654405813132,-96.98085221882793,-222.65125094593344,18.916027987839186,-145.02470688780213,96.5425720459705,-147.8875509009481,68.53707452472935,82.40733982909276,72.81197574732266,0.19337016574585636,0.0,0.5646850139883395,56.0,0.3333333333333333
KZT,4,2023-01…2023-06,BUY_NOW,5,5,10.0,5,5,0.2,0.4915254237288136,0.4068965517241379,0.0,1.2206896551724138,0.6,0.7288135593220338,0.8232558139534885,-19.354308160696615,77.62654405813132,-96.98085221882793,-222.65125094593344,18.916027987839186,-145.02470688780213,96.5425720459705,-147.8875509009481,68.53707452472935,82.40733982909276,72.81197574732266,0.19337016574585636,0.0,0.5646850139883395,56.0,0.3333333333333333
KZT,4,2023-01…2023-06,BUY_NOW,5,5,25.0,5,5,0.2,0.5338983050847458,0.3746031746031746,0.0,1.1238095238095238,0.6,0.7372881355932204,0.8137931034482758,-19.354308160696615,77.62654405813132,-96.98085221882793,-222.65125094593344,18.916027987839186,-145.02470688780213,96.5425720459705,-147.8875509009481,68.53707452472935,82.40733982909276,72.81197574732266,0.19337016574585636,0.0,0.5646850139883395,56.0,0.3333333333333333
KZT,4,2023-01…2023-06,BUY_NOW,5,5,50.0,5,5,0.2,0.5847457627118644,0.3420289855072464,0.0,1.0260869565217392,0.6,0.788135593220339,0.7612903225806451,-19.354308160696615,77.62654405813132,-96.98085221882793,-222.65125094593344,18.916027987839186,-145.02470688780213,96.5425720459705,-147.8875509009481,68.53707452472935,82.40733982909276,72.81197574732266,0.19337016574585636,0.0,0.5646850139883395,56.0,0.3333333333333333
KZT,4,2023-01…2023-06,BUY_NOW,5,10,0.0,5,5,0.2,0.4067796610169492,0.49166666666666664,0.0,1.4749999999999999,0.4,0.7288135593220338,0.5488372093023256,12.278479811503871,150.11232622521496,-137.8338464137111,-288.47718804830095,15.54734022966187,-138.36486182308596,165.65966645487683,-147.43701464979551,155.38356196198367,82.14855125048447,72.81197574732266,0.19337016574585636,0.0,0.5646850139883395,56.0,0.3333333333333333
KZT,4,2023-01…2023-06,BUY_NOW,5,10,10.0,5,5,0.2,0.4661016949152542,0.42909090909090913,0.0,1.2872727272727273,0.4,0.7372881355932204,0.542528735632184,12.278479811503871,150.11232622521496,-137.8338464137111,-288.47718804830095,15.54734022966187,-138.36486182308596,165.65966645487683,-147.43701464979551,155.38356196198367,82.14855125048447,72.81197574732266,0.19337016574585636,0.0,0.5646850139883395,56.0,0.3333333333333333
KZT,4,2023-01…2023-06,BUY_NOW,5,10,25.0,5,5,0.2,0.5,0.4,0.0,1.2,0.4,0.7627118644067796,0.5244444444444445,12.278479811503871,150.11232622521496,-137.8338464137111,-288.47718804830095,15.54734022966187,-138.36486182308596,165.65966645487683,-147.43701464979551,155.38356196198367,82.14855125048447,72.81197574732266,0.19337016574585636,0.0,0.5646850139883395,56.0,0.3333333333333333
KZT,4,2023-01…2023-06,BUY_NOW,5,10,50.0,5,5,0.2,0.5508474576271186,0.36307692307692313,0.0,1.0892307692307692,0.4,0.7796610169491526,0.5130434782608696,12.278479811503871,150.11232622521496,-137.8338464137111,-288.47718804830095,15.54734022966187,-138.36486182308596,165.65966645487683,-147.43701464979551,155.38356196198367,82.14855125048447,72.81197574732266,0.19337016574585636,0.0,0.5646850139883395,56.0,0.3333333333333333
KZT,4,2023-01…2023-06,BUY_NOW,5,20,0.0,5,5,0.2,0.3813559322033898,0.5244444444444445,0.0,1.5733333333333333,0.8,0.7796610169491526,1.0260869565217392,217.1457430366996,290.11536164792756,-72.96961861122796,-257.201682729513,142.8239344237105,32.91367891841457,432.93929607163807,29.94738526744478,341.9446482162029,112.97523656189146,72.81197574732266,0.19337016574585636,0.0,0.5646850139883395,56.0,0.3333333333333333
KZT,4,2023-01…2023-06,BUY_NOW,5,20,10.0,5,5,0.2,0.4491525423728814,0.44528301886792454,0.0,1.3358490566037735,0.8,0.7966101694915254,1.0042553191489363,217.1457430366996,290.11536164792756,-72.96961861122796,-257.201682729513,142.8239344237105,32.91367891841457,432.93929607163807,29.94738526744478,341.9446482162029,112.97523656189146,72.81197574732266,0.19337016574585636,0.0,0.5646850139883395,56.0,0.3333333333333333
KZT,4,2023-01…2023-06,BUY_NOW,5,20,25.0,5,5,0.2,0.4830508474576271,0.41403508771929826,0.0,1.2421052631578948,1.0,0.8050847457627118,1.2421052631578948,217.1457430366996,290.11536164792756,-72.96961861122796,-257.201682729513,142.8239344237105,32.91367891841457,432.93929607163807,29.94738526744478,341.9446482162029,112.97523656189146,72.81197574732266,0.19337016574585636,0.0,0.5646850139883395,56.0,0.3333333333333333
KZT,4,2023-01…2023-06,BUY_NOW,5,20,50.0,5,5,0.2,0.5254237288135594,0.38064516129032255,0.0,1.1419354838709677,1.0,0.8220338983050848,1.2164948453608246,217.1457430366996,290.11536164792756,-72.96961861122796,-257.201682729513,142.8239344237105,32.91367891841457,432.93929607163807,29.94738526744478,341.9446482162029,112.97523656189146,72.81197574732266,0.19337016574585636,0.0,0.5646850139883395,56.0,0.3333333333333333
KZT,5,2023-07…2023-12,BUY_NOW,10,1,0.0,10,10,0.5,0.5193798449612403,0.962686567164179,0.3850746268656716,1.5402985074626865,0.5,0.5193798449612403,0.962686567164179,5.844220976353952,0.8358386376701836,5.008382338683768,-49.94254555619959,59.082168475200895,-49.106706918529405,59.91800711287108,-43.02094465182972,72.18465249350392,39.92270673658438,49.89983851220214,0.3804347826086957,0.0,0.5942759227525878,37.0,0.16666666666666666
KZT,5,2023-07…2023-12,BUY_NOW,10,1,10.0,10,10,0.5,0.5736434108527132,0.8716216216216216,0.34864864864864864,1.3945945945945946,0.5,0.5736434108527132,0.8716216216216216,5.844220976353952,0.8358386376701836,5.008382338683768,-49.94254555619959,59.082168475200895,-49.106706918529405,59.91800711287108,-43.02094465182972,72.18465249350392,39.92270673658438,49.89983851220214,0.3804347826086957,0.0,0.5942759227525878,37.0,0.16666666666666666
KZT,5,2023-07…2023-12,BUY_NOW,10,1,25.0,10,10,0.6,0.6434108527131783,0.9325301204819276,0.4662650602409638,1.3987951807228916,0.6,0.6434108527131783,0.9325301204819276,5.844220976353952,0.8358386376701836,5.008382338683768,-49.94254555619959,59.082168475200895,-49.106706918529405,59.91800711287108,-43.02094465182972,72.18465249350392,39.92270673658438,49.89983851220214,0.3804347826086957,0.0,0.5942759227525878,37.0,0.16666666666666666
KZT,5,2023-07…2023-12,BUY_NOW,10,1,50.0,10,10,0.6,0.7054263565891473,0.8505494505494505,0.42527472527472526,1.2758241758241757,0.6,0.7054263565891473,0.8505494505494505,5.844220976353952,0.8358386376701836,5.008382338683768,-49.94254555619959,59.082168475200895,-49.106706918529405,59.91800711287108,-43.02094465182972,72.18465249350392,39.92270673658438,49.89983851220214,0.3804347826086957,0.0,0.5942759227525878,37.0,0.16666666666666666
KZT,5,2023-07…2023-12,BUY_NOW,10,3,0.0,10,10,0.2,0.3488372093023256,0.5733333333333334,0.0,1.4333333333333333,0.4,0.5038759689922481,0.7938461538461539,4.806013466513214,0.07804212673783709,4.727971339775377,-67.27902060828403,79.34042992903339,-67.20097848154619,79.41847205577123,-50.676835759467515,96.40044356148181,74.26617325416707,49.89983851220214,0.3804347826086957,0.0,0.5942759227525878,37.0,0.16666666666666666
KZT,5,2023-07…2023-12,BUY_NOW,10,3,10.0,10,10,0.2,0.3875968992248062,0.516,0.0,1.29,0.5,0.5426356589147286,0.9214285714285715,4.806013466513214,0.07804212673783709,4.727971339775377,-67.27902060828403,79.34042992903339,-67.20097848154619,79.41847205577123,-50.676835759467515,96.40044356148181,74.26617325416707,49.89983851220214,0.3804347826086957,0.0,0.5942759227525878,37.0,0.16666666666666666
KZT,5,2023-07…2023-12,BUY_NOW,10,3,25.0,10,10,0.2,0.4108527131782946,0.4867924528301887,0.0,1.2169811320754718,0.6,0.5968992248062015,1.0051948051948052,4.806013466513214,0.07804212673783709,4.727971339775377,-67.27902060828403,79.34042992903339,-67.20097848154619,79.41847205577123,-50.676835759467515,96.40044356148181,74.26617325416707,49.89983851220214,0.3804347826086957,0.0,0.5942759227525878,37.0,0.16666666666666666
KZT,5,2023-07…2023-12,BUY_NOW,10,3,50.0,10,10,0.4,0.4806201550387597,0.832258064516129,0.20806451612903226,1.4564516129032257,0.8,0.6744186046511628,1.1862068965517243,4.806013466513214,0.07804212673783709,4.727971339775377,-67.27902060828403,79.34042992903339,-67.20097848154619,79.41847205577123,-50.676835759467515,96.40044356148181,74.26617325416707,49.89983851220214,0.3804347826086957,0.0,0.5942759227525878,37.0,0.16666666666666666
KZT,5,2023-07…2023-12,BUY_NOW,10,5,0.0,10,10,0.2,0.29457364341085274,0.6789473684210526,0.0,1.6973684210526314,0.6,0.4883720930232558,1.2285714285714286,16.015372718138025,-3.154023957638075,19.1693966757761,-58.59015756286322,95.52115094440356,-61.74418152050129,92.36712698676548,-34.996585614756356,102.41307086554266,90.80050060707333,49.89983851220214,0.3804347826086957,0.0,0.5942759227525878,37.0,0.16666666666666666
KZT,5,2023-07…2023-12,BUY_NOW,10,5,10.0,10,10,0.2,0.3178294573643411,0.6292682926829268,0.0,1.573170731707317,0.7,0.5348837209302325,1.308695652173913,16.015372718138025,-3.154023957638075,19.1693966757761,-58.59015756286322,95.52115094440356,-61.74418152050129,92.36712698676548,-34.996585614756356,102.41307086554266,90.80050060707333,49.89983851220214,0.3804347826086957,0.0,0.5942759227525878,37.0,0.16666666666666666
KZT,5,2023-07…2023-12,BUY_NOW,10,5,25.0,10,10,0.2,0.32558139534883723,0.6142857142857143,0.0,1.5357142857142856,0.7,0.5348837209302325,1.308695652173913,16.015372718138025,-3.154023957638075,19.1693966757761,-58.59015756286322,95.52115094440356,-61.74418152050129,92.36712698676548,-34.996585614756356,102.41307086554266,90.80050060707333,49.89983851220214,0.3804347826086957,0.0,0.5942759227525878,37.0,0.16666666666666666
KZT,5,2023-07…2023-12,BUY_NOW,10,5,50.0,10,10,0.4,0.3953488372093023,1.0117647058823531,0.2529411764705883,1.7705882352941176,0.7,0.6124031007751938,1.1430379746835442,16.015372718138025,-3.154023957638075,19.1693966757761,-58.59015756286322,95.52115094440356,-61.74418152050129,92.36712698676548,-34.996585614756356,102.41307086554266,90.80050060707333,49.89983851220214,0.3804347826086957,0.0,0.5942759227525878,37.0,0.16666666666666666
KZT,5,2023-07…2023-12,BUY_NOW,10,10,0.0,10,10,0.2,0.17054263565891473,1.1727272727272728,0.0,2.9318181818181817,0.6,0.46511627906976744,1.29,73.32249634659183,-11.385444208445822,84.70794055503765,-12.677742545750196,179.8569934149476,-24.063186754196018,168.47154920650178,-5.316318234007596,191.28071821749097,160.68327329944276,49.89983851220214,0.3804347826086957,0.0,0.5942759227525878,37.0,0.16666666666666666
KZT,5,2023-07…2023-12,BUY_NOW,10,10,10.0,10,10,0.2,0.1937984496124031,1.032,0.0,2.58,0.6,0.4883720930232558,1.2285714285714286,73.32249634659183,-11.385444208445822,84.70794055503765,-12.677742545750196,179.8569934149476,-24.063186754196018,168.47154920650178,-5.316318234007596,191.28071821749097,160.68327329944276,49.89983851220214,0.3804347826086957,0.0,0.5942759227525878,37.0,0.16666666666666666
KZT,5,2023-07…2023-12,BUY_NOW,10,10,25.0,10,10,0.2,0.20930232558139536,0.9555555555555556,0.0,2.388888888888889,0.6,0.5193798449612403,1.1552238805970148,73.32249634659183,-11.385444208445822,84.70794055503765,-12.677742545750196,179.8569934149476,-24.063186754196018,168.47154920650178,-5.316318234007596,191.28071821749097,160.68327329944276,49.89983851220214,0.3804347826086957,0.0,0.5942759227525878,37.0,0.16666666666666666
KZT,5,2023-07…2023-12,BUY_NOW,10,10,50.0,10,10,0.4,0.27906976744186046,1.4333333333333333,0.35833333333333334,2.5083333333333333,0.7,0.5658914728682171,1.236986301369863,73.32249634659183,-11.385444208445822,84.70794055503765,-12.677742545750196,179.8569934149476,-24.063186754196018,168.47154920650178,-5.316318234007596,191.28071821749097,160.68327329944276,49.89983851220214,0.3804347826086957,0.0,0.5942759227525878,37.0,0.16666666666666666
KZT,5,2023-07…2023-12,BUY_NOW,10,20,0.0,10,10,0.1,0.07751937984496124,1.29,0.0,3.87,0.6,0.4728682170542636,1.2688524590163934,98.3907226988733,-23.450077638838618,121.84080033771193,17.40744879081597,225.26671288864011,-6.04262884802265,201.8166352498015,-14.446554548220252,250.00777180954867,165.78095504641686,49.89983851220214,0.3804347826086957,0.0,0.5942759227525878,37.0,0.16666666666666666
KZT,5,2023-07…2023-12,BUY_NOW,10,20,10.0,10,10,0.1,0.08527131782945736,1.1727272727272728,0.0,3.518181818181818,0.6,0.4806201550387597,1.2483870967741935,98.3907226988733,-23.450077638838618,121.84080033771193,17.40744879081597,225.26671288864011,-6.04262884802265,201.8166352498015,-14.446554548220252,250.00777180954867,165.78095504641686,49.89983851220214,0.3804347826086957,0.0,0.5942759227525878,37.0,0.16666666666666666
KZT,5,2023-07…2023-12,BUY_NOW,10,20,25.0,10,10,0.1,0.09302325581395349,1.0750000000000002,0.0,3.225,0.6,0.5193798449612403,1.1552238805970148,98.3907226988733,-23.450077638838618,121.84080033771193,17.40744879081597,225.26671288864011,-6.04262884802265,201.8166352498015,-14.446554548220252,250.00777180954867,165.78095504641686,49.89983851220214,0.3804347826086957,0.0,0.5942759227525878,37.0,0.16666666666666666
KZT,5,2023-07…2023-12,BUY_NOW,10,20,50.0,10,10,0.2,0.14728682170542637,1.3578947368421053,0.0,3.394736842105263,0.7,0.5426356589147286,1.29,98.3907226988733,-23.450077638838618,121.84080033771193,17.40744879081597,225.26671288864011,-6.04262884802265,201.8166352498015,-14.446554548220252,250.00777180954867,165.78095504641686,49.89983851220214,0.3804347826086957,0.0,0.5942759227525878,37.0,0.16666666666666666
KZT,6,2024-01…2024-06,BUY_NOW,8,1,0.0,7,7,0.7142857142857143,0.5213675213675214,1.370023419203747,0.5480093676814988,1.9180327868852458,0.7142857142857143,0.5213675213675214,1.370023419203747,21.57888962839527,-5.860569133008663,27.439458761403934,-14.29962658811262,65.59393176624779,-20.160195721121283,59.733362633239125,1.9958262058575302,47.68964085844559,30.162468973985288,-27.868342718924453,0.2692307692307692,0.0,1.28394158180348,94.0,0.3333333333333333
KZT,6,2024-01…2024-06,BUY_NOW,8,1,10.0,7,7,0.7142857142857143,0.6068376068376068,1.1770623742454729,0.47082494969818917,1.647887323943662,0.7142857142857143,0.6068376068376068,1.1770623742454729,21.57888962839527,-5.860569133008663,27.439458761403934,-14.29962658811262,65.59393176624779,-20.160195721121283,59.733362633239125,1.9958262058575302,47.68964085844559,30.162468973985288,-27.868342718924453,0.2692307692307692,0.0,1.28394158180348,94.0,0.3333333333333333
KZT,6,2024-01…2024-06,BUY_NOW,8,1,25.0,7,7,0.8571428571428571,0.7008547008547008,1.2229965156794425,0.8153310104529616,1.426829268292683,0.8571428571428571,0.7008547008547008,1.2229965156794425,21.57888962839527,-5.860569133008663,27.439458761403934,-14.29962658811262,65.59393176624779,-20.160195721121283,59.733362633239125,1.9958262058575302,47.68964085844559,30.162468973985288,-27.868342718924453,0.2692307692307692,0.0,1.28394158180348,94.0,0.3333333333333333
KZT,6,2024-01…2024-06,BUY_NOW,8,1,50.0,7,7,0.8571428571428571,0.7948717948717948,1.0783410138248848,0.7188940092165899,1.2580645161290323,0.8571428571428571,0.7948717948717948,1.0783410138248848,21.57888962839527,-5.860569133008663,27.439458761403934,-14.29962658811262,65.59393176624779,-20.160195721121283,59.733362633239125,1.9958262058575302,47.68964085844559,30.162468973985288,-27.868342718924453,0.2692307692307692,0.0,1.28394158180348,94.0,0.3333333333333333
KZT,6,2024-01…2024-06,BUY_NOW,8,3,0.0,7,7,0.14285714285714285,0.2905982905982906,0.4915966386554621,0.0,1.4747899159663864,0.5714285714285714,0.5128205128205128,1.1142857142857143,-4.105386249914711,-10.506104824536036,6.400718574621325,-31.559802460389832,43.977900507032906,-42.06590728492587,33.47179568249687,-35.260702109568776,8.21072448337068,27.233091446507668,-27.868342718924453,0.2692307692307692,0.0,1.28394158180348,94.0,0.3333333333333333
KZT,6,2024-01…2024-06,BUY_NOW,8,3,10.0,7,7,0.14285714285714285,0.37606837606837606,0.37987012987012986,0.0,1.1396103896103895,0.5714285714285714,0.5555555555555556,1.0285714285714285,-4.105386249914711,-10.506104824536036,6.400718574621325,-31.559802460389832,43.977900507032906,-42.06590728492587,33.47179568249687,-35.260702109568776,8.21072448337068,27.233091446507668,-27.868342718924453,0.2692307692307692,0.0,1.28394158180348,94.0,0.3333333333333333
KZT,6,2024-01…2024-06,BUY_NOW,8,3,25.0,7,7,0.42857142857142855,0.4700854700854701,0.9116883116883117,0.3038961038961039,1.5194805194805194,0.7142857142857143,0.6239316239316239,1.1448140900195696,-4.105386249914711,-10.506104824536036,6.400718574621325,-31.559802460389832,43.977900507032906,-42.06590728492587,33.47179568249687,-35.260702109568776,8.21072448337068,27.233091446507668,-27.868342718924453,0.2692307692307692,0.0,1.28394158180348,94.0,0.3333333333333333
KZT,6,2024-01…2024-06,BUY_NOW,8,3,50.0,7,7,0.5714285714285714,0.5726495726495726,0.9978678038379531,0.2494669509594883,1.4968017057569296,0.7142857142857143,0.7008547008547008,1.0191637630662023,-4.105386249914711,-10.506104824536036,6.400718574621325,-31.559802460389832,43.977900507032906,-42.06590728492587,33.47179568249687,-35.260702109568776,8.21072448337068,27.233091446507668,-27.868342718924453,0.2692307692307692,0.0,1.28394158180348,94.0,0.3333333333333333
KZT,6,2024-01…2024-06,BUY_NOW,8,5,0.0,7,7,0.14285714285714285,0.23076923076923078,0.619047619047619,0.0,1.857142857142857,0.42857142857142855,0.5042735042735043,0.8498789346246973,-27.380071756137404,-14.39578467788812,-12.984287078249285,-94.1477190608294,51.03680023746465,-108.54350373871752,36.64101555957653,-103.82430531608553,29.953103413823676,18.770693042422355,-27.868342718924453,0.2692307692307692,0.0,1.28394158180348,94.0,0.3333333333333333
KZT,6,2024-01…2024-06,BUY_NOW,8,5,10.0,7,7,0.14285714285714285,0.3162393162393162,0.4517374517374517,0.0,1.3552123552123552,0.5714285714285714,0.5384615384615384,1.0612244897959184,-27.380071756137404,-14.39578467788812,-12.984287078249285,-94.1477190608294,51.03680023746465,-108.54350373871752,36.64101555957653,-103.82430531608553,29.953103413823676,18.770693042422355,-27.868342718924453,0.2692307692307692,0.0,1.28394158180348,94.0,0.3333333333333333
KZT,6,2024-01…2024-06,BUY_NOW,8,5,25.0,7,7,0.42857142857142855,0.39316239316239315,1.0900621118012421,0.3633540372670807,1.8167701863354038,0.5714285714285714,0.6068376068376068,0.9416498993963783,-27.380071756137404,-14.39578467788812,-12.984287078249285,-94.1477190608294,51.03680023746465,-108.54350373871752,36.64101555957653,-103.82430531608553,29.953103413823676,18.770693042422355,-27.868342718924453,0.2692307692307692,0.0,1.28394158180348,94.0,0.3333333333333333
KZT,6,2024-01…2024-06,BUY_NOW,8,5,50.0,7,7,0.5714285714285714,0.48717948717948717,1.1729323308270676,0.2932330827067669,1.7593984962406015,0.7142857142857143,0.7008547008547008,1.0191637630662023,-27.380071756137404,-14.39578467788812,-12.984287078249285,-94.1477190608294,51.03680023746465,-108.54350373871752,36.64101555957653,-103.82430531608553,29.953103413823676,18.770693042422355,-27.868342718924453,0.2692307692307692,0.0,1.28394158180348,94.0,0.3333333333333333
KZT,6,2024-01…2024-06,BUY_NOW,8,10,0.0,7,7,0.14285714285714285,0.19658119658119658,0.7267080745341614,0.0,2.1801242236024843,0.5714285714285714,0.5299145299145299,1.0783410138248848,-47.961397721863236,-25.129809657864534,-22.8315880639987,-131.46141308450862,83.10300713188249,-156.59122274237316,57.97319747401796,-204.14838884862615,69.17884562320897,25.554693820583537,-27.868342718924453,0.2692307692307692,0.0,1.28394158180348,94.0,0.3333333333333333
KZT,6,2024-01…2024-06,BUY_NOW,8,10,10.0,7,7,0.14285714285714285,0.2564102564102564,0.5571428571428572,0.0,1.6714285714285715,0.5714285714285714,0.5470085470085471,1.044642857142857,-47.961397721863236,-25.129809657864534,-22.8315880639987,-131.46141308450862,83.10300713188249,-156.59122274237316,57.97319747401796,-204.14838884862615,69.17884562320897,25.554693820583537,-27.868342718924453,0.2692307692307692,0.0,1.28394158180348,94.0,0.3333333333333333
KZT,6,2024-01…2024-06,BUY_NOW,8,10,25.0,7,7,0.2857142857142857,0.3076923076923077,0.9285714285714285,0.0,1.857142857142857,0.5714285714285714,0.5726495726495726,0.9978678038379531,-47.961397721863236,-25.129809657864534,-22.8315880639987,-131.46141308450862,83.10300713188249,-156.59122274237316,57.97319747401796,-204.14838884862615,69.17884562320897,25.554693820583537,-27.868342718924453,0.2692307692307692,0.0,1.28394158180348,94.0,0.3333333333333333
KZT,6,2024-01…2024-06,BUY_NOW,8,10,50.0,7,7,0.42857142857142855,0.4017094017094017,1.066869300911854,0.35562310030395133,1.7781155015197567,0.5714285714285714,0.6068376068376068,0.9416498993963783,-47.961397721863236,-25.129809657864534,-22.8315880639987,-131.46141308450862,83.10300713188249,-156.59122274237316,57.97319747401796,-204.14838884862615,69.17884562320897,25.554693820583537,-27.868342718924453,0.2692307692307692,0.0,1.28394158180348,94.0,0.3333333333333333
KZT,6,2024-01…2024-06,BUY_NOW,8,20,0.0,7,7,0.14285714285714285,0.15384615384615385,0.9285714285714285,0.0,2.7857142857142856,0.42857142857142855,0.4700854700854701,0.9116883116883117,-80.59068626064663,-51.33409444413086,-29.256591816515773,-211.19479092900622,161.93788768792948,-262.5288853731371,110.6037932437986,-357.3318834261659,151.12091007051765,33.374682699149254,-27.868342718924453,0.2692307692307692,0.0,1.28394158180348,94.0,0.3333333333333333
KZT,6,2024-01…2024-06,BUY_NOW,8,20,10.0,7,7,0.14285714285714285,0.19658119658119658,0.7267080745341614,0.0,2.1801242236024843,0.42857142857142855,0.47863247863247865,0.895408163265306,-80.59068626064663,-51.33409444413086,-29.256591816515773,-211.19479092900622,161.93788768792948,-262.5288853731371,110.6037932437986,-357.3318834261659,151.12091007051765,33.374682699149254,-27.868342718924453,0.2692307692307692,0.0,1.28394158180348,94.0,0.3333333333333333
KZT,6,2024-01…2024-06,BUY_NOW,8,20,25.0,7,7,0.2857142857142857,0.26495726495726496,1.0783410138248848,0.0,2.1566820276497696,0.42857142857142855,0.5128205128205128,0.8357142857142857,-80.59068626064663,-51.33409444413086,-29.256591816515773,-211.19479092900622,161.93788768792948,-262.5288853731371,110.6037932437986,-357.3318834261659,151.12091007051765,33.374682699149254,-27.868342718924453,0.2692307692307692,0.0,1.28394158180348,94.0,0.3333333333333333
KZT,6,2024-01…2024-06,BUY_NOW,8,20,50.0,7,7,0.2857142857142857,0.3247863247863248,0.8796992481203006,0.0,1.7593984962406013,0.42857142857142855,0.5470085470085471,0.7834821428571427,-80.59068626064663,-51.33409444413086,-29.256591816515773,-211.19479092900622,161.93788768792948,-262.5288853731371,110.6037932437986,-357.3318834261659,151.12091007051765,33.374682699149254,-27.868342718924453,0.2692307692307692,0.0,1.28394158180348,94.0,0.3333333333333333
KZT,6,2024-01…2024-06,WINDOW_CLOSING,8,1,0.0,1,1,1.0,0.5213675213675214,1.9180327868852458,,,1.0,0.5213675213675214,1.9180327868852458,300.98336302619487,-5.860569133008663,306.8439321592035,,,,,,,5.920631246936203,-139.2963060643415,0.038461538461538464,0.0,,163.0,0.8333333333333334
KZT,6,2024-01…2024-06,WINDOW_CLOSING,8,1,10.0,1,1,1.0,0.5213675213675214,1.9180327868852458,,,1.0,0.5213675213675214,1.9180327868852458,300.98336302619487,-5.860569133008663,306.8439321592035,,,,,,,5.920631246936203,-139.2963060643415,0.038461538461538464,0.0,,163.0,0.8333333333333334
KZT,6,2024-01…2024-06,WINDOW_CLOSING,8,1,25.0,1,1,1.0,0.5213675213675214,1.9180327868852458,,,1.0,0.5213675213675214,1.9180327868852458,300.98336302619487,-5.860569133008663,306.8439321592035,,,,,,,5.920631246936203,-139.2963060643415,0.038461538461538464,0.0,,163.0,0.8333333333333334
KZT,6,2024-01…2024-06,WINDOW_CLOSING,8,1,50.0,1,1,1.0,0.5213675213675214,1.9180327868852458,,,1.0,0.5213675213675214,1.9180327868852458,300.98336302619487,-5.860569133008663,306.8439321592035,,,,,,,5.920631246936203,-139.2963060643415,0.038461538461538464,0.0,,163.0,0.8333333333333334
KZT,6,2024-01…2024-06,WINDOW_CLOSING,8,3,0.0,1,1,1.0,0.48717948717948717,2.0526315789473686,,,1.0,0.48717948717948717,2.0526315789473686,172.2724279791077,-10.506104824536036,182.77853280364374,,,,,,,200.53895685653967,-139.2963060643415,0.038461538461538464,0.0,,163.0,0.8333333333333334
KZT,6,2024-01…2024-06,WINDOW_CLOSING,8,3,10.0,1,1,1.0,0.48717948717948717,2.0526315789473686,,,1.0,0.48717948717948717,2.0526315789473686,172.2724279791077,-10.506104824536036,182.77853280364374,,,,,,,200.53895685653967,-139.2963060643415,0.038461538461538464,0.0,,163.0,0.8333333333333334
KZT,6,2024-01…2024-06,WINDOW_CLOSING,8,3,25.0,1,1,1.0,0.48717948717948717,2.0526315789473686,,,1.0,0.48717948717948717,2.0526315789473686,172.2724279791077,-10.506104824536036,182.77853280364374,,,,,,,200.53895685653967,-139.2963060643415,0.038461538461538464,0.0,,163.0,0.8333333333333334
KZT,6,2024-01…2024-06,WINDOW_CLOSING,8,3,50.0,1,1,1.0,0.48717948717948717,2.0526315789473686,,,1.0,0.48717948717948717,2.0526315789473686,172.2724279791077,-10.506104824536036,182.77853280364374,,,,,,,200.53895685653967,-139.2963060643415,0.038461538461538464,0.0,,163.0,0.8333333333333334
KZT,6,2024-01…2024-06,WINDOW_CLOSING,8,5,0.0,1,1,0.0,0.5299145299145299,0.0,,,0.0,0.5299145299145299,0.0,98.27171391509681,-14.39578467788812,112.66749859298493,,,,,,,230.737764477289,-139.2963060643415,0.038461538461538464,0.0,,163.0,0.8333333333333334
KZT,6,2024-01…2024-06,WINDOW_CLOSING,8,5,10.0,1,1,0.0,0.5299145299145299,0.0,,,0.0,0.5299145299145299,0.0,98.27171391509681,-14.39578467788812,112.66749859298493,,,,,,,230.737764477289,-139.2963060643415,0.038461538461538464,0.0,,163.0,0.8333333333333334
KZT,6,2024-01…2024-06,WINDOW_CLOSING,8,5,25.0,1,1,0.0,0.5299145299145299,0.0,,,0.0,0.5299145299145299,0.0,98.27171391509681,-14.39578467788812,112.66749859298493,,,,,,,230.737764477289,-139.2963060643415,0.038461538461538464,0.0,,163.0,0.8333333333333334
KZT,6,2024-01…2024-06,WINDOW_CLOSING,8,5,50.0,1,1,0.0,0.5299145299145299,0.0,,,0.0,0.5299145299145299,0.0,98.27171391509681,-14.39578467788812,112.66749859298493,,,,,,,230.737764477289,-139.2963060643415,0.038461538461538464,0.0,,163.0,0.8333333333333334
KZT,6,2024-01…2024-06,WINDOW_CLOSING,8,10,0.0,1,1,1.0,0.49572649572649574,2.0172413793103448,,,1.0,0.49572649572649574,2.0172413793103448,40.83082603570709,-25.129809657864534,65.96063569357162,,,,,,,281.22729303356795,-139.2963060643415,0.038461538461538464,0.0,,163.0,0.8333333333333334
KZT,6,2024-01…2024-06,WINDOW_CLOSING,8,10,10.0,1,1,1.0,0.49572649572649574,2.0172413793103448,,,1.0,0.49572649572649574,2.0172413793103448,40.83082603570709,-25.129809657864534,65.96063569357162,,,,,,,281.22729303356795,-139.2963060643415,0.038461538461538464,0.0,,163.0,0.8333333333333334
KZT,6,2024-01…2024-06,WINDOW_CLOSING,8,10,25.0,1,1,1.0,0.49572649572649574,2.0172413793103448,,,1.0,0.49572649572649574,2.0172413793103448,40.83082603570709,-25.129809657864534,65.96063569357162,,,,,,,281.22729303356795,-139.2963060643415,0.038461538461538464,0.0,,163.0,0.8333333333333334
KZT,6,2024-01…2024-06,WINDOW_CLOSING,8,10,50.0,1,1,1.0,0.49572649572649574,2.0172413793103448,,,1.0,0.49572649572649574,2.0172413793103448,40.83082603570709,-25.129809657864534,65.96063569357162,,,,,,,281.22729303356795,-139.2963060643415,0.038461538461538464,0.0,,163.0,0.8333333333333334
KZT,6,2024-01…2024-06,WINDOW_CLOSING,8,20,0.0,1,1,0.0,0.48717948717948717,0.0,,,0.0,0.48717948717948717,0.0,-2.7880790781020792,-51.33409444413086,48.54601536602878,,,,,,,342.71977652308385,-139.2963060643415,0.038461538461538464,0.0,,163.0,0.8333333333333334
KZT,6,2024-01…2024-06,WINDOW_CLOSING,8,20,10.0,1,1,0.0,0.48717948717948717,0.0,,,0.0,0.48717948717948717,0.0,-2.7880790781020792,-51.33409444413086,48.54601536602878,,,,,,,342.71977652308385,-139.2963060643415,0.038461538461538464,0.0,,163.0,0.8333333333333334
KZT,6,2024-01…2024-06,WINDOW_CLOSING,8,20,25.0,1,1,0.0,0.48717948717948717,0.0,,,0.0,0.48717948717948717,0.0,-2.7880790781020792,-51.33409444413086,48.54601536602878,,,,,,,342.71977652308385,-139.2963060643415,0.038461538461538464,0.0,,163.0,0.8333333333333334
KZT,6,2024-01…2024-06,WINDOW_CLOSING,8,20,50.0,1,1,0.0,0.48717948717948717,0.0,,,0.0,0.48717948717948717,0.0,-2.7880790781020792,-51.33409444413086,48.54601536602878,,,,,,,342.71977652308385,-139.2963060643415,0.038461538461538464,0.0,,163.0,0.8333333333333334
KZT,7,2024-07…2024-12,BUY_NOW,8,1,0.0,6,6,0.3333333333333333,0.48854961832061067,0.6822916666666666,0.0,1.3645833333333333,0.3333333333333333,0.48854961832061067,0.6822916666666666,-35.976311183619764,4.2233885893702166,-40.19969977298998,-99.33247717390563,16.279773922882082,-95.10908858453541,20.5031625122523,-93.85007043532734,21.8974480680878,23.473656694000994,-7.844195046364244,0.2282608695652174,0.0,1.1944844847753118,92.0,0.3333333333333333
KZT,7,2024-07…2024-12,BUY_NOW,8,1,10.0,6,6,0.3333333333333333,0.5343511450381679,0.6238095238095238,0.0,1.2476190476190476,0.3333333333333333,0.5343511450381679,0.6238095238095238,-35.976311183619764,4.2233885893702166,-40.19969977298998,-99.33247717390563,16.279773922882082,-95.10908858453541,20.5031625122523,-93.85007043532734,21.8974480680878,23.473656694000994,-7.844195046364244,0.2282608695652174,0.0,1.1944844847753118,92.0,0.3333333333333333
KZT,7,2024-07…2024-12,BUY_NOW,8,1,25.0,6,6,0.3333333333333333,0.6259541984732825,0.532520325203252,0.0,1.065040650406504,0.3333333333333333,0.6259541984732825,0.532520325203252,-35.976311183619764,4.2233885893702166,-40.19969977298998,-99.33247717390563,16.279773922882082,-95.10908858453541,20.5031625122523,-93.85007043532734,21.8974480680878,23.473656694000994,-7.844195046364244,0.2282608695652174,0.0,1.1944844847753118,92.0,0.3333333333333333
KZT,7,2024-07…2024-12,BUY_NOW,8,1,50.0,6,6,0.6666666666666666,0.7938931297709924,0.8397435897435898,0.4198717948717949,1.2596153846153846,0.6666666666666666,0.7938931297709924,0.8397435897435898,-35.976311183619764,4.2233885893702166,-40.19969977298998,-99.33247717390563,16.279773922882082,-95.10908858453541,20.5031625122523,-93.85007043532734,21.8974480680878,23.473656694000994,-7.844195046364244,0.2282608695652174,0.0,1.1944844847753118,92.0,0.3333333333333333
KZT,7,2024-07…2024-12,BUY_NOW,8,3,0.0,6,6,0.3333333333333333,0.37404580152671757,0.8911564625850339,0.0,1.7823129251700678,0.3333333333333333,0.4961832061068702,0.6717948717948717,-72.1227750001252,8.656925879834048,-80.77970087995925,-182.62526270767125,9.996110572543316,-173.96833682783722,18.653036452377364,-199.93555220589735,17.85946349291034,41.69457700033704,-7.844195046364244,0.2282608695652174,0.0,1.1944844847753118,92.0,0.3333333333333333
KZT,7,2024-07…2024-12,BUY_NOW,8,3,10.0,6,6,0.3333333333333333,0.40458015267175573,0.8238993710691823,0.0,1.6477987421383646,0.3333333333333333,0.5419847328244275,0.6150234741784038,-72.1227750001252,8.656925879834048,-80.77970087995925,-182.62526270767125,9.996110572543316,-173.96833682783722,18.653036452377364,-199.93555220589735,17.85946349291034,41.69457700033704,-7.844195046364244,0.2282608695652174,0.0,1.1944844847753118,92.0,0.3333333333333333
KZT,7,2024-07…2024-12,BUY_NOW,8,3,25.0,6,6,0.3333333333333333,0.45038167938931295,0.7401129943502824,0.0,1.4802259887005649,0.3333333333333333,0.5877862595419847,0.5670995670995671,-72.1227750001252,8.656925879834048,-80.77970087995925,-182.62526270767125,9.996110572543316,-173.96833682783722,18.653036452377364,-199.93555220589735,17.85946349291034,41.69457700033704,-7.844195046364244,0.2282608695652174,0.0,1.1944844847753118,92.0,0.3333333333333333
KZT,7,2024-07…2024-12,BUY_NOW,8,3,50.0,6,6,0.3333333333333333,0.5572519083969466,0.5981735159817351,0.0,1.1963470319634701,0.5,0.6870229007633588,0.7277777777777777,-72.1227750001252,8.656925879834048,-80.77970087995925,-182.62526270767125,9.996110572543316,-173.96833682783722,18.653036452377364,-199.93555220589735,17.85946349291034,41.69457700033704,-7.844195046364244,0.2282608695652174,0.0,1.1944844847753118,92.0,0.3333333333333333
KZT,7,2024-07…2024-12,BUY_NOW,8,5,0.0,6,6,0.16666666666666666,0.3053435114503817,0.5458333333333333,0.0,1.6375,0.16666666666666666,0.5267175572519084,0.3164251207729468,-53.961261938292495,12.935992780267004,-66.8972547185595,-137.74280321518663,28.533393136503005,-124.80681043491961,41.46938591677001,-125.28204219670292,79.31011281983172,66.55998036019332,-7.844195046364244,0.2282608695652174,0.0,1.1944844847753118,92.0,0.3333333333333333
KZT,7,2024-07…2024-12,BUY_NOW,8,5,10.0,6,6,0.16666666666666666,0.3435114503816794,0.4851851851851851,0.0,1.4555555555555555,0.16666666666666666,0.5572519083969466,0.29908675799086754,-53.961261938292495,12.935992780267004,-66.8972547185595,-137.74280321518663,28.533393136503005,-124.80681043491961,41.46938591677001,-125.28204219670292,79.31011281983172,66.55998036019332,-7.844195046364244,0.2282608695652174,0.0,1.1944844847753118,92.0,0.3333333333333333
KZT,7,2024-07…2024-12,BUY_NOW,8,5,25.0,6,6,0.16666666666666666,0.3969465648854962,0.4198717948717949,0.0,1.2596153846153846,0.16666666666666666,0.5877862595419847,0.28354978354978355,-53.961261938292495,12.935992780267004,-66.8972547185595,-137.74280321518663,28.533393136503005,-124.80681043491961,41.46938591677001,-125.28204219670292,79.31011281983172,66.55998036019332,-7.844195046364244,0.2282608695652174,0.0,1.1944844847753118,92.0,0.3333333333333333
KZT,7,2024-07…2024-12,BUY_NOW,8,5,50.0,6,6,0.16666666666666666,0.4961832061068702,0.33589743589743587,0.0,1.0076923076923077,0.16666666666666666,0.6793893129770993,0.24531835205992508,-53.961261938292495,12.935992780267004,-66.8972547185595,-137.74280321518663,28.533393136503005,-124.80681043491961,41.46938591677001,-125.28204219670292,79.31011281983172,66.55998036019332,-7.844195046364244,0.2282608695652174,0.0,1.1944844847753118,92.0,0.3333333333333333
KZT,7,2024-07…2024-12,BUY_NOW,8,10,0.0,6,6,0.16666666666666666,0.21374045801526717,0.7797619047619048,0.0,2.3392857142857144,0.3333333333333333,0.5572519083969466,0.5981735159817351,-12.66470728214952,22.176827288085843,-34.84153457023536,-156.39851356691713,101.3387354134482,-134.2216862788313,123.51556270153405,-139.17804923591441,176.08059640849746,79.08069917830218,-7.844195046364244,0.2282608695652174,0.0,1.1944844847753118,92.0,0.3333333333333333
KZT,7,2024-07…2024-12,BUY_NOW,8,10,10.0,6,6,0.16666666666666666,0.24427480916030533,0.6822916666666666,0.0,2.046875,0.3333333333333333,0.6106870229007634,0.5458333333333333,-12.66470728214952,22.176827288085843,-34.84153457023536,-156.39851356691713,101.3387354134482,-134.2216862788313,123.51556270153405,-139.17804923591441,176.08059640849746,79.08069917830218,-7.844195046364244,0.2282608695652174,0.0,1.1944844847753118,92.0,0.3333333333333333
KZT,7,2024-07…2024-12,BUY_NOW,8,10,25.0,6,6,0.16666666666666666,0.2824427480916031,0.59009009009009,0.0,1.7702702702702702,0.3333333333333333,0.6259541984732825,0.532520325203252,-12.66470728214952,22.176827288085843,-34.84153457023536,-156.39851356691713,101.3387354134482,-134.2216862788313,123.51556270153405,-139.17804923591441,176.08059640849746,79.08069917830218,-7.844195046364244,0.2282608695652174,0.0,1.1944844847753118,92.0,0.3333333333333333
KZT,7,2024-07…2024-12,BUY_NOW,8,10,50.0,6,6,0.16666666666666666,0.3816793893129771,0.4366666666666666,0.0,1.3099999999999998,0.3333333333333333,0.6870229007633588,0.4851851851851851,-12.66470728214952,22.176827288085843,-34.84153457023536,-156.39851356691713,101.3387354134482,-134.2216862788313,123.51556270153405,-139.17804923591441,176.08059640849746,79.08069917830218,-7.844195046364244,0.2282608695652174,0.0,1.1944844847753118,92.0,0.3333333333333333
KZT,7,2024-07…2024-12,BUY_NOW,8,20,0.0,6,6,0.16666666666666666,0.15267175572519084,1.0916666666666666,0.0,3.275,0.6666666666666666,0.5725190839694656,1.1644444444444444,82.73891779476072,34.71548822943122,48.0234295653295,-121.22502145825507,217.27188058891406,-86.50953322882384,251.9873688183453,-82.43804779161792,253.47182647130623,90.76878621766149,-7.844195046364244,0.2282608695652174,0.0,1.1944844847753118,92.0,0.3333333333333333
KZT,7,2024-07…2024-12,BUY_NOW,8,20,10.0,6,6,0.16666666666666666,0.16030534351145037,1.0396825396825398,0.0,3.119047619047619,0.6666666666666666,0.5954198473282443,1.1196581196581197,82.73891779476072,34.71548822943122,48.0234295653295,-121.22502145825507,217.27188058891406,-86.50953322882384,251.9873688183453,-82.43804779161792,253.47182647130623,90.76878621766149,-7.844195046364244,0.2282608695652174,0.0,1.1944844847753118,92.0,0.3333333333333333
KZT,7,2024-07…2024-12,BUY_NOW,8,20,25.0,6,6,0.16666666666666666,0.16793893129770993,0.9924242424242423,0.0,2.977272727272727,0.6666666666666666,0.6335877862595419,1.0522088353413654,82.73891779476072,34.71548822943122,48.0234295653295,-121.22502145825507,217.27188058891406,-86.50953322882384,251.9873688183453,-82.43804779161792,253.47182647130623,90.76878621766149,-7.844195046364244,0.2282608695652174,0.0,1.1944844847753118,92.0,0.3333333333333333
KZT,7,2024-07…2024-12,BUY_NOW,8,20,50.0,6,6,0.16666666666666666,0.2595419847328244,0.642156862745098,0.0,1.9264705882352942,0.6666666666666666,0.6793893129770993,0.9812734082397003,82.73891779476072,34.71548822943122,48.0234295653295,-121.22502145825507,217.27188058891406,-86.50953322882384,251.9873688183453,-82.43804779161792,253.47182647130623,90.76878621766149,-7.844195046364244,0.2282608695652174,0.0,1.1944844847753118,92.0,0.3333333333333333
KZT,7,2024-07…2024-12,WINDOW_CLOSING,8,1,0.0,2,2,1.0,0.48854961832061067,2.046875,,,1.0,0.48854961832061067,2.046875,85.80125687578155,4.2233885893702166,81.57786828641133,,,,,,,41.895331641767505,269.0094213072858,0.07608695652173914,0.0,0.0,135.0,0.8333333333333334
KZT,7,2024-07…2024-12,WINDOW_CLOSING,8,1,10.0,2,2,1.0,0.48854961832061067,2.046875,,,1.0,0.48854961832061067,2.046875,85.80125687578155,4.2233885893702166,81.57786828641133,,,,,,,41.895331641767505,269.0094213072858,0.07608695652173914,0.0,0.0,135.0,0.8333333333333334
KZT,7,2024-07…2024-12,WINDOW_CLOSING,8,1,25.0,2,2,1.0,0.48854961832061067,2.046875,,,1.0,0.48854961832061067,2.046875,85.80125687578155,4.2233885893702166,81.57786828641133,,,,,,,41.895331641767505,269.0094213072858,0.07608695652173914,0.0,0.0,135.0,0.8333333333333334
KZT,7,2024-07…2024-12,WINDOW_CLOSING,8,1,50.0,2,2,1.0,0.48854961832061067,2.046875,,,1.0,0.48854961832061067,2.046875,85.80125687578155,4.2233885893702166,81.57786828641133,,,,,,,41.895331641767505,269.0094213072858,0.07608695652173914,0.0,0.0,135.0,0.8333333333333334
KZT,7,2024-07…2024-12,WINDOW_CLOSING,8,3,0.0,2,2,1.0,0.5114503816793893,1.955223880597015,,,1.0,0.5114503816793893,1.955223880597015,250.08479126594983,8.656925879834048,241.4278653861158,,,,,,,148.3421186968281,269.0094213072858,0.07608695652173914,0.0,0.0,135.0,0.8333333333333334
KZT,7,2024-07…2024-12,WINDOW_CLOSING,8,3,10.0,2,2,1.0,0.5114503816793893,1.955223880597015,,,1.0,0.5114503816793893,1.955223880597015,250.08479126594983,8.656925879834048,241.4278653861158,,,,,,,148.3421186968281,269.0094213072858,0.07608695652173914,0.0,0.0,135.0,0.8333333333333334
KZT,7,2024-07…2024-12,WINDOW_CLOSING,8,3,25.0,2,2,1.0,0.5114503816793893,1.955223880597015,,,1.0,0.5114503816793893,1.955223880597015,250.08479126594983,8.656925879834048,241.4278653861158,,,,,,,148.3421186968281,269.0094213072858,0.07608695652173914,0.0,0.0,135.0,0.8333333333333334
KZT,7,2024-07…2024-12,WINDOW_CLOSING,8,3,50.0,2,2,1.0,0.5114503816793893,1.955223880597015,,,1.0,0.5114503816793893,1.955223880597015,250.08479126594983,8.656925879834048,241.4278653861158,,,,,,,148.3421186968281,269.0094213072858,0.07608695652173914,0.0,0.0,135.0,0.8333333333333334
KZT,7,2024-07…2024-12,WINDOW_CLOSING,8,5,0.0,2,2,1.0,0.5572519083969466,1.7945205479452053,,,1.0,0.5572519083969466,1.7945205479452053,274.4382691666536,12.935992780267004,261.5022763863866,,,,,,,134.43278880920894,269.0094213072858,0.07608695652173914,0.0,0.0,135.0,0.8333333333333334
KZT,7,2024-07…2024-12,WINDOW_CLOSING,8,5,10.0,2,2,1.0,0.5572519083969466,1.7945205479452053,,,1.0,0.5572519083969466,1.7945205479452053,274.4382691666536,12.935992780267004,261.5022763863866,,,,,,,134.43278880920894,269.0094213072858,0.07608695652173914,0.0,0.0,135.0,0.8333333333333334
KZT,7,2024-07…2024-12,WINDOW_CLOSING,8,5,25.0,2,2,1.0,0.5572519083969466,1.7945205479452053,,,1.0,0.5572519083969466,1.7945205479452053,274.4382691666536,12.935992780267004,261.5022763863866,,,,,,,134.43278880920894,269.0094213072858,0.07608695652173914,0.0,0.0,135.0,0.8333333333333334
KZT,7,2024-07…2024-12,WINDOW_CLOSING,8,5,50.0,2,2,1.0,0.5572519083969466,1.7945205479452053,,,1.0,0.5572519083969466,1.7945205479452053,274.4382691666536,12.935992780267004,261.5022763863866,,,,,,,134.43278880920894,269.0094213072858,0.07608695652173914,0.0,0.0,135.0,0.8333333333333334
KZT,7,2024-07…2024-12,WINDOW_CLOSING,8,10,0.0,2,2,1.0,0.5801526717557252,1.723684210526316,,,1.0,0.5801526717557252,1.723684210526316,306.05825626952577,22.176827288085843,283.8814289814399,,,,,,,110.03501498378698,269.0094213072858,0.07608695652173914,0.0,0.0,135.0,0.8333333333333334
KZT,7,2024-07…2024-12,WINDOW_CLOSING,8,10,10.0,2,2,1.0,0.5801526717557252,1.723684210526316,,,1.0,0.5801526717557252,1.723684210526316,306.05825626952577,22.176827288085843,283.8814289814399,,,,,,,110.03501498378698,269.0094213072858,0.07608695652173914,0.0,0.0,135.0,0.8333333333333334
KZT,7,2024-07…2024-12,WINDOW_CLOSING,8,10,25.0,2,2,1.0,0.5801526717557252,1.723684210526316,,,1.0,0.5801526717557252,1.723684210526316,306.05825626952577,22.176827288085843,283.8814289814399,,,,,,,110.03501498378698,269.0094213072858,0.07608695652173914,0.0,0.0,135.0,0.8333333333333334
KZT,7,2024-07…2024-12,WINDOW_CLOSING,8,10,50.0,2,2,1.0,0.5801526717557252,1.723684210526316,,,1.0,0.5801526717557252,1.723684210526316,306.05825626952577,22.176827288085843,283.8814289814399,,,,,,,110.03501498378698,269.0094213072858,0.07608695652173914,0.0,0.0,135.0,0.8333333333333334
KZT,7,2024-07…2024-12,WINDOW_CLOSING,8,20,0.0,2,2,1.0,0.6106870229007634,1.6375,,,1.0,0.6106870229007634,1.6375,270.0151175243848,34.71548822943122,235.29962929495355,,,,,,,115.94099730042217,269.0094213072858,0.07608695652173914,0.0,0.0,135.0,0.8333333333333334
KZT,7,2024-07…2024-12,WINDOW_CLOSING,8,20,10.0,2,2,1.0,0.6106870229007634,1.6375,,,1.0,0.6106870229007634,1.6375,270.0151175243848,34.71548822943122,235.29962929495355,,,,,,,115.94099730042217,269.0094213072858,0.07608695652173914,0.0,0.0,135.0,0.8333333333333334
KZT,7,2024-07…2024-12,WINDOW_CLOSING,8,20,25.0,2,2,1.0,0.6106870229007634,1.6375,,,1.0,0.6106870229007634,1.6375,270.0151175243848,34.71548822943122,235.29962929495355,,,,,,,115.94099730042217,269.0094213072858,0.07608695652173914,0.0,0.0,135.0,0.8333333333333334
KZT,7,2024-07…2024-12,WINDOW_CLOSING,8,20,50.0,2,2,1.0,0.6106870229007634,1.6375,,,1.0,0.6106870229007634,1.6375,270.0151175243848,34.71548822943122,235.29962929495355,,,,,,,115.94099730042217,269.0094213072858,0.07608695652173914,0.0,0.0,135.0,0.8333333333333334
KZT,8,2025-01…2025-06,BUY_NOW,16,1,0.0,10,10,0.5,0.4358974358974359,1.1470588235294117,0.45882352941176474,1.835294117647059,0.5,0.4358974358974359,1.1470588235294117,10.005529194625273,-20.866948151706342,30.872477346331614,-28.915466027039013,93.21133195576216,-49.782414178745356,72.34438380405582,-54.625517271698094,80.56443671228794,78.16921390720644,-53.4497483753219,0.3867403314917127,0.0,0.5140893063662245,33.0,0.0
KZT,8,2025-01…2025-06,BUY_NOW,16,1,10.0,10,10,0.5,0.46153846153846156,1.0833333333333333,0.43333333333333335,1.7333333333333334,0.5,0.46153846153846156,1.0833333333333333,10.005529194625273,-20.866948151706342,30.872477346331614,-28.915466027039013,93.21133195576216,-49.782414178745356,72.34438380405582,-54.625517271698094,80.56443671228794,78.16921390720644,-53.4497483753219,0.3867403314917127,0.0,0.5140893063662245,33.0,0.0
KZT,8,2025-01…2025-06,BUY_NOW,16,1,25.0,10,10,0.8,0.5897435897435898,1.3565217391304347,0.8478260869565217,1.6956521739130435,0.8,0.5897435897435898,1.3565217391304347,10.005529194625273,-20.866948151706342,30.872477346331614,-28.915466027039013,93.21133195576216,-49.782414178745356,72.34438380405582,-54.625517271698094,80.56443671228794,78.16921390720644,-53.4497483753219,0.3867403314917127,0.0,0.5140893063662245,33.0,0.0
KZT,8,2025-01…2025-06,BUY_NOW,16,1,50.0,10,10,0.8,0.6837606837606838,1.1700000000000002,0.73125,1.4625,0.8,0.6837606837606838,1.1700000000000002,10.005529194625273,-20.866948151706342,30.872477346331614,-28.915466027039013,93.21133195576216,-49.782414178745356,72.34438380405582,-54.625517271698094,80.56443671228794,78.16921390720644,-53.4497483753219,0.3867403314917127,0.0,0.5140893063662245,33.0,0.0
KZT,8,2025-01…2025-06,BUY_NOW,16,3,0.0,10,10,0.3,0.24786324786324787,1.2103448275862068,0.0,2.4206896551724135,0.6,0.4017094017094017,1.4936170212765956,29.141295072800496,-41.503653584238705,70.64494865703921,-5.796663823360191,147.98137394007432,-47.3003174075989,106.4777203558356,-29.04287402406376,110.29154818917914,133.96587493362722,-53.4497483753219,0.3867403314917127,0.0,0.5140893063662245,33.0,0.0
KZT,8,2025-01…2025-06,BUY_NOW,16,3,10.0,10,10,0.4,0.27350427350427353,1.4625,0.365625,2.5593749999999997,0.6,0.4188034188034188,1.4326530612244897,29.141295072800496,-41.503653584238705,70.64494865703921,-5.796663823360191,147.98137394007432,-47.3003174075989,106.4777203558356,-29.04287402406376,110.29154818917914,133.96587493362722,-53.4497483753219,0.3867403314917127,0.0,0.5140893063662245,33.0,0.0
KZT,8,2025-01…2025-06,BUY_NOW,16,3,25.0,10,10,0.6,0.3418803418803419,1.755,0.8775,2.6325,0.7,0.47863247863247865,1.4625,29.141295072800496,-41.503653584238705,70.64494865703921,-5.796663823360191,147.98137394007432,-47.3003174075989,106.4777203558356,-29.04287402406376,110.29154818917914,133.96587493362722,-53.4497483753219,0.3867403314917127,0.0,0.5140893063662245,33.0,0.0
KZT,8,2025-01…2025-06,BUY_NOW,16,3,50.0,10,10,0.6,0.39316239316239315,1.5260869565217392,0.7630434782608696,2.2891304347826087,0.7,0.5555555555555556,1.2599999999999998,29.141295072800496,-41.503653584238705,70.64494865703921,-5.796663823360191,147.98137394007432,-47.3003174075989,106.4777203558356,-29.04287402406376,110.29154818917914,133.96587493362722,-53.4497483753219,0.3867403314917127,0.0,0.5140893063662245,33.0,0.0
KZT,8,2025-01…2025-06,BUY_NOW,16,5,0.0,10,10,0.2,0.17094017094017094,1.1700000000000002,0.0,2.925,0.4,0.3418803418803419,1.1700000000000002,2.0941185573567522,-62.349224834909016,64.44334339226577,-27.376660442659123,155.10918915708544,-89.72588527756814,92.75996432217642,-50.242248075083126,94.93665913062407,139.02479559432413,-53.4497483753219,0.3867403314917127,0.0,0.5140893063662245,33.0,0.0
KZT,8,2025-01…2025-06,BUY_NOW,16,5,10.0,10,10,0.2,0.18803418803418803,1.0636363636363637,0.0,2.659090909090909,0.4,0.358974358974359,1.1142857142857143,2.0941185573567522,-62.349224834909016,64.44334339226577,-27.376660442659123,155.10918915708544,-89.72588527756814,92.75996432217642,-50.242248075083126,94.93665913062407,139.02479559432413,-53.4497483753219,0.3867403314917127,0.0,0.5140893063662245,33.0,0.0
KZT,8,2025-01…2025-06,BUY_NOW,16,5,25.0,10,10,0.3,0.23931623931623933,1.2535714285714286,0.0,2.507142857142857,0.6,0.41025641025641024,1.4625,2.0941185573567522,-62.349224834909016,64.44334339226577,-27.376660442659123,155.10918915708544,-89.72588527756814,92.75996432217642,-50.242248075083126,94.93665913062407,139.02479559432413,-53.4497483753219,0.3867403314917127,0.0,0.5140893063662245,33.0,0.0
KZT,8,2025-01…2025-06,BUY_NOW,16,5,50.0,10,10,0.4,0.29914529914529914,1.3371428571428572,0.3342857142857143,2.34,0.6,0.48717948717948717,1.231578947368421,2.0941185573567522,-62.349224834909016,64.44334339226577,-27.376660442659123,155.10918915708544,-89.72588527756814,92.75996432217642,-50.242248075083126,94.93665913062407,139.02479559432413,-53.4497483753219,0.3867403314917127,0.0,0.5140893063662245,33.0,0.0
KZT,8,2025-01…2025-06,BUY_NOW,16,10,0.0,10,10,0.2,0.07692307692307693,2.6,0.0,6.5,0.5,0.2905982905982906,1.7205882352941175,-14.723524968664908,-113.47526711205548,98.75174214339057,-7.325863740052441,202.93943475856892,-120.80113085210792,89.46416764651345,-85.748862102743,100.81310171577277,165.63609233337107,-53.4497483753219,0.3867403314917127,0.0,0.5140893063662245,33.0,0.0
KZT,8,2025-01…2025-06,BUY_NOW,16,10,10.0,10,10,0.2,0.1111111111111111,1.8000000000000003,0.0,4.5,0.5,0.29914529914529914,1.6714285714285715,-14.723524968664908,-113.47526711205548,98.75174214339057,-7.325863740052441,202.93943475856892,-120.80113085210792,89.46416764651345,-85.748862102743,100.81310171577277,165.63609233337107,-53.4497483753219,0.3867403314917127,0.0,0.5140893063662245,33.0,0.0
KZT,8,2025-01…2025-06,BUY_NOW,16,10,25.0,10,10,0.3,0.13675213675213677,2.1937499999999996,0.0,4.387499999999999,0.6,0.3247863247863248,1.8473684210526315,-14.723524968664908,-113.47526711205548,98.75174214339057,-7.325863740052441,202.93943475856892,-120.80113085210792,89.46416764651345,-85.748862102743,100.81310171577277,165.63609233337107,-53.4497483753219,0.3867403314917127,0.0,0.5140893063662245,33.0,0.0
KZT,8,2025-01…2025-06,BUY_NOW,16,10,50.0,10,10,0.3,0.15384615384615385,1.9499999999999997,0.0,3.8999999999999995,0.6,0.38461538461538464,1.5599999999999998,-14.723524968664908,-113.47526711205548,98.75174214339057,-7.325863740052441,202.93943475856892,-120.80113085210792,89.46416764651345,-85.748862102743,100.81310171577277,165.63609233337107,-53.4497483753219,0.3867403314917127,0.0,0.5140893063662245,33.0,0.0
KZT,8,2025-01…2025-06,BUY_NOW,16,20,0.0,10,10,0.0,0.008547008547008548,0.0,0.0,0.0,0.2,0.07692307692307693,2.6,-83.90673534830407,-215.04473247998948,131.1379971316854,17.909575980330658,239.61474861198312,-197.13515649965882,24.570016131993647,-166.05307613339417,34.9221032233371,157.2105829624201,-53.4497483753219,0.3867403314917127,0.0,0.5140893063662245,33.0,0.0
KZT,8,2025-01…2025-06,BUY_NOW,16,20,10.0,10,10,0.0,0.008547008547008548,0.0,0.0,0.0,0.2,0.10256410256410256,1.9500000000000002,-83.90673534830407,-215.04473247998948,131.1379971316854,17.909575980330658,239.61474861198312,-197.13515649965882,24.570016131993647,-166.05307613339417,34.9221032233371,157.2105829624201,-53.4497483753219,0.3867403314917127,0.0,0.5140893063662245,33.0,0.0
KZT,8,2025-01…2025-06,BUY_NOW,16,20,25.0,10,10,0.1,0.02564102564102564,3.9000000000000004,0.0,11.7,0.3,0.1111111111111111,2.7,-83.90673534830407,-215.04473247998948,131.1379971316854,17.909575980330658,239.61474861198312,-197.13515649965882,24.570016131993647,-166.05307613339417,34.9221032233371,157.2105829624201,-53.4497483753219,0.3867403314917127,0.0,0.5140893063662245,33.0,0.0
KZT,8,2025-01…2025-06,BUY_NOW,16,20,50.0,10,10,0.1,0.02564102564102564,3.9000000000000004,0.0,11.7,0.3,0.11965811965811966,2.507142857142857,-83.90673534830407,-215.04473247998948,131.1379971316854,17.909575980330658,239.61474861198312,-197.13515649965882,24.570016131993647,-166.05307613339417,34.9221032233371,157.2105829624201,-53.4497483753219,0.3867403314917127,0.0,0.5140893063662245,33.0,0.0
KZT,8,2025-01…2025-06,WINDOW_CLOSING,16,1,0.0,6,6,0.3333333333333333,0.4358974358974359,0.7647058823529411,0.0,1.5294117647058822,0.3333333333333333,0.4358974358974359,0.7647058823529411,-1.0389194867912088,-20.866948151706342,19.828028664915134,-2.5550951631198586,46.03217902636386,-23.4220433148262,25.165230874657524,-26.840623445432886,38.705029296626,-25.29747200997153,-4.033548422629856,0.23204419889502761,0.0,0.4790138895453694,49.0,0.3333333333333333
KZT,8,2025-01…2025-06,WINDOW_CLOSING,16,1,10.0,6,6,0.3333333333333333,0.4358974358974359,0.7647058823529411,0.0,1.5294117647058822,0.3333333333333333,0.4358974358974359,0.7647058823529411,-1.0389194867912088,-20.866948151706342,19.828028664915134,-2.5550951631198586,46.03217902636386,-23.4220433148262,25.165230874657524,-26.840623445432886,38.705029296626,-25.29747200997153,-4.033548422629856,0.23204419889502761,0.0,0.4790138895453694,49.0,0.3333333333333333
KZT,8,2025-01…2025-06,WINDOW_CLOSING,16,1,25.0,6,6,0.3333333333333333,0.4358974358974359,0.7647058823529411,0.0,1.5294117647058822,0.3333333333333333,0.4358974358974359,0.7647058823529411,-1.0389194867912088,-20.866948151706342,19.828028664915134,-2.5550951631198586,46.03217902636386,-23.4220433148262,25.165230874657524,-26.840623445432886,38.705029296626,-25.29747200997153,-4.033548422629856,0.23204419889502761,0.0,0.4790138895453694,49.0,0.3333333333333333
KZT,8,2025-01…2025-06,WINDOW_CLOSING,16,1,50.0,6,6,0.3333333333333333,0.4358974358974359,0.7647058823529411,0.0,1.5294117647058822,0.3333333333333333,0.4358974358974359,0.7647058823529411,-1.0389194867912088,-20.866948151706342,19.828028664915134,-2.5550951631198586,46.03217902636386,-23.4220433148262,25.165230874657524,-26.840623445432886,38.705029296626,-25.29747200997153,-4.033548422629856,0.23204419889502761,0.0,0.4790138895453694,49.0,0.3333333333333333
KZT,8,2025-01…2025-06,WINDOW_CLOSING,16,3,0.0,6,6,0.6666666666666666,0.36752136752136755,1.8139534883720927,0.9069767441860463,2.7209302325581395,0.6666666666666666,0.36752136752136755,1.8139534883720927,-2.5368618821297595,-41.503653584238705,38.96679170210895,-41.27370261779785,119.86539874513812,-82.77735620203656,78.36174516089942,-67.52578663100047,97.6315779050507,-18.87410259116688,-4.033548422629856,0.23204419889502761,0.0,0.4790138895453694,49.0,0.3333333333333333
KZT,8,2025-01…2025-06,WINDOW_CLOSING,16,3,10.0,6,6,0.6666666666666666,0.36752136752136755,1.8139534883720927,0.9069767441860463,2.7209302325581395,0.6666666666666666,0.36752136752136755,1.8139534883720927,-2.5368618821297595,-41.503653584238705,38.96679170210895,-41.27370261779785,119.86539874513812,-82.77735620203656,78.36174516089942,-67.52578663100047,97.6315779050507,-18.87410259116688,-4.033548422629856,0.23204419889502761,0.0,0.4790138895453694,49.0,0.3333333333333333
KZT,8,2025-01…2025-06,WINDOW_CLOSING,16,3,25.0,6,6,0.6666666666666666,0.36752136752136755,1.8139534883720927,0.9069767441860463,2.7209302325581395,0.6666666666666666,0.36752136752136755,1.8139534883720927,-2.5368618821297595,-41.503653584238705,38.96679170210895,-41.27370261779785,119.86539874513812,-82.77735620203656,78.36174516089942,-67.52578663100047,97.6315779050507,-18.87410259116688,-4.033548422629856,0.23204419889502761,0.0,0.4790138895453694,49.0,0.3333333333333333
KZT,8,2025-01…2025-06,WINDOW_CLOSING,16,3,50.0,6,6,0.6666666666666666,0.36752136752136755,1.8139534883720927,0.9069767441860463,2.7209302325581395,0.6666666666666666,0.36752136752136755,1.8139534883720927,-2.5368618821297595,-41.503653584238705,38.96679170210895,-41.27370261779785,119.86539874513812,-82.77735620203656,78.36174516089942,-67.52578663100047,97.6315779050507,-18.87410259116688,-4.033548422629856,0.23204419889502761,0.0,0.4790138895453694,49.0,0.3333333333333333
KZT,8,2025-01…2025-06,WINDOW_CLOSING,16,5,0.0,6,6,0.5,0.3333333333333333,1.5,0.5,2.5000000000000004,0.5,0.3333333333333333,1.5,-5.409659155171482,-62.349224834909016,56.939565679737534,-36.29097506687372,159.29900032585329,-98.64019990178274,96.94977549094428,-77.5005631610352,126.18390953202473,-17.40422447320718,-4.033548422629856,0.23204419889502761,0.0,0.4790138895453694,49.0,0.3333333333333333
KZT,8,2025-01…2025-06,WINDOW_CLOSING,16,5,10.0,6,6,0.5,0.3333333333333333,1.5,0.5,2.5000000000000004,0.5,0.3333333333333333,1.5,-5.409659155171482,-62.349224834909016,56.939565679737534,-36.29097506687372,159.29900032585329,-98.64019990178274,96.94977549094428,-77.5005631610352,126.18390953202473,-17.40422447320718,-4.033548422629856,0.23204419889502761,0.0,0.4790138895453694,49.0,0.3333333333333333
KZT,8,2025-01…2025-06,WINDOW_CLOSING,16,5,25.0,6,6,0.5,0.3333333333333333,1.5,0.5,2.5000000000000004,0.5,0.3333333333333333,1.5,-5.409659155171482,-62.349224834909016,56.939565679737534,-36.29097506687372,159.29900032585329,-98.64019990178274,96.94977549094428,-77.5005631610352,126.18390953202473,-17.40422447320718,-4.033548422629856,0.23204419889502761,0.0,0.4790138895453694,49.0,0.3333333333333333
KZT,8,2025-01…2025-06,WINDOW_CLOSING,16,5,50.0,6,6,0.5,0.3333333333333333,1.5,0.5,2.5000000000000004,0.5,0.3333333333333333,1.5,-5.409659155171482,-62.349224834909016,56.939565679737534,-36.29097506687372,159.29900032585329,-98.64019990178274,96.94977549094428,-77.5005631610352,126.18390953202473,-17.40422447320718,-4.033548422629856,0.23204419889502761,0.0,0.4790138895453694,49.0,0.3333333333333333
KZT,8,2025-01…2025-06,WINDOW_CLOSING,16,10,0.0,6,6,0.16666666666666666,0.2222222222222222,0.75,0.0,2.25,0.16666666666666666,0.2222222222222222,0.75,-74.46977879930502,-113.47526711205548,39.00548831275046,-119.49979462138536,175.01235985144407,-232.97506173344084,61.53709273938859,-167.78275938905574,83.98892039977369,-25.2836866450686,-4.033548422629856,0.23204419889502761,0.0,0.4790138895453694,49.0,0.3333333333333333
KZT,8,2025-01…2025-06,WINDOW_CLOSING,16,10,10.0,6,6,0.16666666666666666,0.2222222222222222,0.75,0.0,2.25,0.16666666666666666,0.2222222222222222,0.75,-74.46977879930502,-113.47526711205548,39.00548831275046,-119.49979462138536,175.01235985144407,-232.97506173344084,61.53709273938859,-167.78275938905574,83.98892039977369,-25.2836866450686,-4.033548422629856,0.23204419889502761,0.0,0.4790138895453694,49.0,0.3333333333333333
KZT,8,2025-01…2025-06,WINDOW_CLOSING,16,10,25.0,6,6,0.16666666666666666,0.2222222222222222,0.75,0.0,2.25,0.16666666666666666,0.2222222222222222,0.75,-74.46977879930502,-113.47526711205548,39.00548831275046,-119.49979462138536,175.01235985144407,-232.97506173344084,61.53709273938859,-167.78275938905574,83.98892039977369,-25.2836866450686,-4.033548422629856,0.23204419889502761,0.0,0.4790138895453694,49.0,0.3333333333333333
KZT,8,2025-01…2025-06,WINDOW_CLOSING,16,10,50.0,6,6,0.16666666666666666,0.2222222222222222,0.75,0.0,2.25,0.16666666666666666,0.2222222222222222,0.75,-74.46977879930502,-113.47526711205548,39.00548831275046,-119.49979462138536,175.01235985144407,-232.97506173344084,61.53709273938859,-167.78275938905574,83.98892039977369,-25.2836866450686,-4.033548422629856,0.23204419889502761,0.0,0.4790138895453694,49.0,0.3333333333333333
KZT,8,2025-01…2025-06,WINDOW_CLOSING,16,20,0.0,6,6,0.0,0.017094017094017096,0.0,0.0,0.0,0.0,0.017094017094017096,0.0,-225.77493555961226,-215.04473247998948,-10.730203079622783,-154.44666967343898,99.3024298105649,-369.49140215342845,-115.74230266942457,-362.30231180115686,-126.95073551169168,-5.40450863445471,-4.033548422629856,0.23204419889502761,0.0,0.4790138895453694,49.0,0.3333333333333333
KZT,8,2025-01…2025-06,WINDOW_CLOSING,16,20,10.0,6,6,0.0,0.017094017094017096,0.0,0.0,0.0,0.0,0.017094017094017096,0.0,-225.77493555961226,-215.04473247998948,-10.730203079622783,-154.44666967343898,99.3024298105649,-369.49140215342845,-115.74230266942457,-362.30231180115686,-126.95073551169168,-5.40450863445471,-4.033548422629856,0.23204419889502761,0.0,0.4790138895453694,49.0,0.3333333333333333
KZT,8,2025-01…2025-06,WINDOW_CLOSING,16,20,25.0,6,6,0.0,0.017094017094017096,0.0,0.0,0.0,0.0,0.017094017094017096,0.0,-225.77493555961226,-215.04473247998948,-10.730203079622783,-154.44666967343898,99.3024298105649,-369.49140215342845,-115.74230266942457,-362.30231180115686,-126.95073551169168,-5.40450863445471,-4.033548422629856,0.23204419889502761,0.0,0.4790138895453694,49.0,0.3333333333333333
KZT,8,2025-01…2025-06,WINDOW_CLOSING,16,20,50.0,6,6,0.0,0.017094017094017096,0.0,0.0,0.0,0.0,0.017094017094017096,0.0,-225.77493555961226,-215.04473247998948,-10.730203079622783,-154.44666967343898,99.3024298105649,-369.49140215342845,-115.74230266942457,-362.30231180115686,-126.95073551169168,-5.40450863445471,-4.033548422629856,0.23204419889502761,0.0,0.4790138895453694,49.0,0.3333333333333333
KZT,9,2025-07…2025-12,BUY_NOW,8,1,0.0,8,8,0.125,0.49230769230769234,0.25390625,0.0,0.76171875,0.125,0.49230769230769234,0.25390625,-36.40756081240107,2.272075627110421,-38.67963643951149,-84.01308035192037,10.526356431189267,-81.74100472480994,12.798432058299689,-43.21574976660099,-32.03048437444752,26.766792945990684,120.6968557854718,0.30434782608695654,0.0,0.7135825109964509,50.0,0.3333333333333333
KZT,9,2025-07…2025-12,BUY_NOW,8,1,10.0,8,8,0.25,0.5692307692307692,0.4391891891891892,0.0,1.097972972972973,0.25,0.5692307692307692,0.4391891891891892,-36.40756081240107,2.272075627110421,-38.67963643951149,-84.01308035192037,10.526356431189267,-81.74100472480994,12.798432058299689,-43.21574976660099,-32.03048437444752,26.766792945990684,120.6968557854718,0.30434782608695654,0.0,0.7135825109964509,50.0,0.3333333333333333
KZT,9,2025-07…2025-12,BUY_NOW,8,1,25.0,8,8,0.25,0.6538461538461539,0.38235294117647056,0.0,0.9558823529411764,0.25,0.6538461538461539,0.38235294117647056,-36.40756081240107,2.272075627110421,-38.67963643951149,-84.01308035192037,10.526356431189267,-81.74100472480994,12.798432058299689,-43.21574976660099,-32.03048437444752,26.766792945990684,120.6968557854718,0.30434782608695654,0.0,0.7135825109964509,50.0,0.3333333333333333
KZT,9,2025-07…2025-12,BUY_NOW,8,1,50.0,8,8,0.625,0.7692307692307693,0.8125,0.32499999999999996,1.1375,0.625,0.7692307692307693,0.8125,-36.40756081240107,2.272075627110421,-38.67963643951149,-84.01308035192037,10.526356431189267,-81.74100472480994,12.798432058299689,-43.21574976660099,-32.03048437444752,26.766792945990684,120.6968557854718,0.30434782608695654,0.0,0.7135825109964509,50.0,0.3333333333333333
KZT,9,2025-07…2025-12,BUY_NOW,8,3,0.0,8,8,0.125,0.2846153846153846,0.4391891891891892,0.0,1.3175675675675675,0.375,0.46923076923076923,0.7991803278688525,12.421689261846723,4.128817506735914,8.29287175511081,-43.17892814339212,66.78800571818529,-39.05011063665621,70.9168232249212,-39.79061534894135,64.63399387263479,62.70788598916124,120.6968557854718,0.30434782608695654,0.0,0.7135825109964509,50.0,0.3333333333333333
KZT,9,2025-07…2025-12,BUY_NOW,8,3,10.0,8,8,0.125,0.35384615384615387,0.35326086956521735,0.0,1.059782608695652,0.375,0.5076923076923077,0.7386363636363636,12.421689261846723,4.128817506735914,8.29287175511081,-43.17892814339212,66.78800571818529,-39.05011063665621,70.9168232249212,-39.79061534894135,64.63399387263479,62.70788598916124,120.6968557854718,0.30434782608695654,0.0,0.7135825109964509,50.0,0.3333333333333333
KZT,9,2025-07…2025-12,BUY_NOW,8,3,25.0,8,8,0.25,0.4230769230769231,0.5909090909090909,0.0,1.4772727272727273,0.625,0.6076923076923076,1.028481012658228,12.421689261846723,4.128817506735914,8.29287175511081,-43.17892814339212,66.78800571818529,-39.05011063665621,70.9168232249212,-39.79061534894135,64.63399387263479,62.70788598916124,120.6968557854718,0.30434782608695654,0.0,0.7135825109964509,50.0,0.3333333333333333
KZT,9,2025-07…2025-12,BUY_NOW,8,3,50.0,8,8,0.5,0.49230769230769234,1.015625,0.25390625,1.77734375,0.625,0.7230769230769231,0.8643617021276596,12.421689261846723,4.128817506735914,8.29287175511081,-43.17892814339212,66.78800571818529,-39.05011063665621,70.9168232249212,-39.79061534894135,64.63399387263479,62.70788598916124,120.6968557854718,0.30434782608695654,0.0,0.7135825109964509,50.0,0.3333333333333333
KZT,9,2025-07…2025-12,BUY_NOW,8,5,0.0,8,8,0.125,0.23076923076923078,0.5416666666666666,0.0,1.625,0.75,0.49230769230769234,1.5234375,55.280329398429274,5.447344535712699,49.83298486271657,-11.458070601413327,119.77409275015808,-6.010726065700628,125.22143728587078,-10.10913498217053,123.01318206409474,95.87601208442875,120.6968557854718,0.30434782608695654,0.0,0.7135825109964509,50.0,0.3333333333333333
KZT,9,2025-07…2025-12,BUY_NOW,8,5,10.0,8,8,0.125,0.2846153846153846,0.4391891891891892,0.0,1.3175675675675675,0.75,0.5230769230769231,1.4338235294117647,55.280329398429274,5.447344535712699,49.83298486271657,-11.458070601413327,119.77409275015808,-6.010726065700628,125.22143728587078,-10.10913498217053,123.01318206409474,95.87601208442875,120.6968557854718,0.30434782608695654,0.0,0.7135825109964509,50.0,0.3333333333333333
KZT,9,2025-07…2025-12,BUY_NOW,8,5,25.0,8,8,0.125,0.33076923076923076,0.37790697674418605,0.0,1.1337209302325582,0.75,0.5769230769230769,1.3,55.280329398429274,5.447344535712699,49.83298486271657,-11.458070601413327,119.77409275015808,-6.010726065700628,125.22143728587078,-10.10913498217053,123.01318206409474,95.87601208442875,120.6968557854718,0.30434782608695654,0.0,0.7135825109964509,50.0,0.3333333333333333
KZT,9,2025-07…2025-12,BUY_NOW,8,5,50.0,8,8,0.375,0.4,0.9375,0.3125,1.875,0.875,0.6692307692307692,1.3074712643678161,55.280329398429274,5.447344535712699,49.83298486271657,-11.458070601413327,119.77409275015808,-6.010726065700628,125.22143728587078,-10.10913498217053,123.01318206409474,95.87601208442875,120.6968557854718,0.30434782608695654,0.0,0.7135825109964509,50.0,0.3333333333333333
KZT,9,2025-07…2025-12,BUY_NOW,8,10,0.0,8,8,0.125,0.17692307692307693,0.7065217391304347,0.0,2.119565217391304,0.75,0.5230769230769231,1.4338235294117647,66.93788587329108,7.873639449397498,59.06424642389358,-29.775020230416523,165.82944309503688,-21.901380781019025,173.70308254443438,-29.792899841369348,163.6686715879515,106.85921543327495,120.6968557854718,0.30434782608695654,0.0,0.7135825109964509,50.0,0.3333333333333333
KZT,9,2025-07…2025-12,BUY_NOW,8,10,10.0,8,8,0.125,0.2230769230769231,0.5603448275862069,0.0,1.6810344827586206,0.75,0.5384615384615384,1.392857142857143,66.93788587329108,7.873639449397498,59.06424642389358,-29.775020230416523,165.82944309503688,-21.901380781019025,173.70308254443438,-29.792899841369348,163.6686715879515,106.85921543327495,120.6968557854718,0.30434782608695654,0.0,0.7135825109964509,50.0,0.3333333333333333
KZT,9,2025-07…2025-12,BUY_NOW,8,10,25.0,8,8,0.125,0.24615384615384617,0.5078125,0.0,1.5234375,0.75,0.6153846153846154,1.21875,66.93788587329108,7.873639449397498,59.06424642389358,-29.775020230416523,165.82944309503688,-21.901380781019025,173.70308254443438,-29.792899841369348,163.6686715879515,106.85921543327495,120.6968557854718,0.30434782608695654,0.0,0.7135825109964509,50.0,0.3333333333333333
KZT,9,2025-07…2025-12,BUY_NOW,8,10,50.0,8,8,0.375,0.2846153846153846,1.3175675675675675,0.4391891891891892,2.635135135135135,0.75,0.7,1.0714285714285714,66.93788587329108,7.873639449397498,59.06424642389358,-29.775020230416523,165.82944309503688,-21.901380781019025,173.70308254443438,-29.792899841369348,163.6686715879515,106.85921543327495,120.6968557854718,0.30434782608695654,0.0,0.7135825109964509,50.0,0.3333333333333333
KZT,9,2025-07…2025-12,BUY_NOW,8,20,0.0,8,8,0.125,0.13076923076923078,0.9558823529411764,0.0,2.8676470588235294,0.75,0.5692307692307692,1.3175675675675675,103.58477942311136,15.864915632713714,87.71986379039764,-16.771653718590382,207.31651364428808,-0.9067380858766668,223.1814292770018,-27.265894407621282,224.7219935333822,139.822777916159,120.6968557854718,0.30434782608695654,0.0,0.7135825109964509,50.0,0.3333333333333333
KZT,9,2025-07…2025-12,BUY_NOW,8,20,10.0,8,8,0.125,0.16923076923076924,0.7386363636363636,0.0,2.215909090909091,0.75,0.6,1.25,103.58477942311136,15.864915632713714,87.71986379039764,-16.771653718590382,207.31651364428808,-0.9067380858766668,223.1814292770018,-27.265894407621282,224.7219935333822,139.822777916159,120.6968557854718,0.30434782608695654,0.0,0.7135825109964509,50.0,0.3333333333333333
KZT,9,2025-07…2025-12,BUY_NOW,8,20,25.0,8,8,0.125,0.18461538461538463,0.6770833333333333,0.0,2.03125,0.75,0.6076923076923076,1.2341772151898736,103.58477942311136,15.864915632713714,87.71986379039764,-16.771653718590382,207.31651364428808,-0.9067380858766668,223.1814292770018,-27.265894407621282,224.7219935333822,139.822777916159,120.6968557854718,0.30434782608695654,0.0,0.7135825109964509,50.0,0.3333333333333333
KZT,9,2025-07…2025-12,BUY_NOW,8,20,50.0,8,8,0.375,0.2153846153846154,1.7410714285714284,0.5803571428571428,3.4821428571428568,0.75,0.6307692307692307,1.1890243902439024,103.58477942311136,15.864915632713714,87.71986379039764,-16.771653718590382,207.31651364428808,-0.9067380858766668,223.1814292770018,-27.265894407621282,224.7219935333822,139.822777916159,120.6968557854718,0.30434782608695654,0.0,0.7135825109964509,50.0,0.3333333333333333
KZT,10,2026-01…2026-06,BUY_NOW,7,1,0.0,7,7,0.5714285714285714,0.5299145299145299,1.0783410138248848,0.2695852534562212,1.6175115207373272,0.5714285714285714,0.5299145299145299,1.0783410138248848,19.637267408160504,5.077642314138686,14.559625094021818,-66.1031044773577,88.78974904021274,-61.02546216321902,93.86739135435143,-49.57531952959643,111.92071665850308,46.568642141171985,-22.416608858097298,0.27071823204419887,0.0,0.8640749801154747,58.0,0.3333333333333333
KZT,10,2026-01…2026-06,BUY_NOW,7,1,10.0,7,7,0.5714285714285714,0.5470085470085471,1.044642857142857,0.26116071428571425,1.5669642857142854,0.5714285714285714,0.5470085470085471,1.044642857142857,19.637267408160504,5.077642314138686,14.559625094021818,-66.1031044773577,88.78974904021274,-61.02546216321902,93.86739135435143,-49.57531952959643,111.92071665850308,46.568642141171985,-22.416608858097298,0.27071823204419887,0.0,0.8640749801154747,58.0,0.3333333333333333
KZT,10,2026-01…2026-06,BUY_NOW,7,1,25.0,7,7,0.7142857142857143,0.6239316239316239,1.1448140900195696,0.6868884540117416,1.6027397260273972,0.7142857142857143,0.6239316239316239,1.1448140900195696,19.637267408160504,5.077642314138686,14.559625094021818,-66.1031044773577,88.78974904021274,-61.02546216321902,93.86739135435143,-49.57531952959643,111.92071665850308,46.568642141171985,-22.416608858097298,0.27071823204419887,0.0,0.8640749801154747,58.0,0.3333333333333333
KZT,10,2026-01…2026-06,BUY_NOW,7,1,50.0,7,7,0.7142857142857143,0.717948717948718,0.9948979591836735,0.596938775510204,1.3928571428571428,0.7142857142857143,0.717948717948718,0.9948979591836735,19.637267408160504,5.077642314138686,14.559625094021818,-66.1031044773577,88.78974904021274,-61.02546216321902,93.86739135435143,-49.57531952959643,111.92071665850308,46.568642141171985,-22.416608858097298,0.27071823204419887,0.0,0.8640749801154747,58.0,0.3333333333333333
KZT,10,2026-01…2026-06,BUY_NOW,7,3,0.0,7,7,0.14285714285714285,0.3504273504273504,0.4076655052264808,0.0,1.2229965156794425,0.42857142857142855,0.5470085470085471,0.7834821428571427,-30.913129552291302,10.299834222861337,-41.21296377515264,-100.04347320180649,19.3130688134694,-89.74363897894516,29.612903036330735,-92.9153102366173,63.80674432696964,53.38168645705467,-22.416608858097298,0.27071823204419887,0.0,0.8640749801154747,58.0,0.3333333333333333
KZT,10,2026-01…2026-06,BUY_NOW,7,3,10.0,7,7,0.2857142857142857,0.39316239316239315,0.7267080745341614,0.0,1.4534161490683228,0.42857142857142855,0.5811965811965812,0.7373949579831932,-30.913129552291302,10.299834222861337,-41.21296377515264,-100.04347320180649,19.3130688134694,-89.74363897894516,29.612903036330735,-92.9153102366173,63.80674432696964,53.38168645705467,-22.416608858097298,0.27071823204419887,0.0,0.8640749801154747,58.0,0.3333333333333333
KZT,10,2026-01…2026-06,BUY_NOW,7,3,25.0,7,7,0.2857142857142857,0.4444444444444444,0.6428571428571429,0.0,1.2857142857142858,0.42857142857142855,0.6239316239316239,0.6868884540117416,-30.913129552291302,10.299834222861337,-41.21296377515264,-100.04347320180649,19.3130688134694,-89.74363897894516,29.612903036330735,-92.9153102366173,63.80674432696964,53.38168645705467,-22.416608858097298,0.27071823204419887,0.0,0.8640749801154747,58.0,0.3333333333333333
KZT,10,2026-01…2026-06,BUY_NOW,7,3,50.0,7,7,0.2857142857142857,0.49572649572649574,0.5763546798029556,0.0,1.1527093596059113,0.42857142857142855,0.6324786324786325,0.6776061776061776,-30.913129552291302,10.299834222861337,-41.21296377515264,-100.04347320180649,19.3130688134694,-89.74363897894516,29.612903036330735,-92.9153102366173,63.80674432696964,53.38168645705467,-22.416608858097298,0.27071823204419887,0.0,0.8640749801154747,58.0,0.3333333333333333
KZT,10,2026-01…2026-06,BUY_NOW,7,5,0.0,7,7,0.14285714285714285,0.29914529914529914,0.4775510204081633,0.0,1.4326530612244897,0.2857142857142857,0.5213675213675214,0.5480093676814988,-38.95973720197327,16.414138547563564,-55.373875749536836,-131.61048256545624,12.959091318271529,-115.19634401789268,29.373229865835093,-100.19909718930509,59.706063932563055,62.54385488090478,-22.416608858097298,0.27071823204419887,0.0,0.8640749801154747,58.0,0.3333333333333333
KZT,10,2026-01…2026-06,BUY_NOW,7,5,10.0,7,7,0.14285714285714285,0.3162393162393162,0.4517374517374517,0.0,1.3552123552123552,0.2857142857142857,0.5384615384615384,0.5306122448979592,-38.95973720197327,16.414138547563564,-55.373875749536836,-131.61048256545624,12.959091318271529,-115.19634401789268,29.373229865835093,-100.19909718930509,59.706063932563055,62.54385488090478,-22.416608858097298,0.27071823204419887,0.0,0.8640749801154747,58.0,0.3333333333333333
KZT,10,2026-01…2026-06,BUY_NOW,7,5,25.0,7,7,0.14285714285714285,0.358974358974359,0.3979591836734694,0.0,1.193877551020408,0.2857142857142857,0.5726495726495726,0.4989339019189766,-38.95973720197327,16.414138547563564,-55.373875749536836,-131.61048256545624,12.959091318271529,-115.19634401789268,29.373229865835093,-100.19909718930509,59.706063932563055,62.54385488090478,-22.416608858097298,0.27071823204419887,0.0,0.8640749801154747,58.0,0.3333333333333333
KZT,10,2026-01…2026-06,BUY_NOW,7,5,50.0,7,7,0.2857142857142857,0.41025641025641024,0.6964285714285714,0.0,1.3928571428571428,0.7142857142857143,0.6410256410256411,1.1142857142857143,-38.95973720197327,16.414138547563564,-55.373875749536836,-131.61048256545624,12.959091318271529,-115.19634401789268,29.373229865835093,-100.19909718930509,59.706063932563055,62.54385488090478,-22.416608858097298,0.27071823204419887,0.0,0.8640749801154747,58.0,0.3333333333333333
KZT,10,2026-01…2026-06,BUY_NOW,7,10,0.0,7,7,0.0,0.26495726495726496,0.0,0.0,0.0,0.5714285714285714,0.5042735042735043,1.1331719128329298,-35.895226808226404,33.06285601462351,-68.95808282284992,-214.3217040671922,52.332164619564075,-181.25884805256868,85.39502063418759,-162.09235685617983,101.05076489302256,69.14706132809138,-22.416608858097298,0.27071823204419887,0.0,0.8640749801154747,58.0,0.3333333333333333
KZT,10,2026-01…2026-06,BUY_NOW,7,10,10.0,7,7,0.14285714285714285,0.28205128205128205,0.5064935064935064,0.0,1.5194805194805194,0.5714285714285714,0.5042735042735043,1.1331719128329298,-35.895226808226404,33.06285601462351,-68.95808282284992,-214.3217040671922,52.332164619564075,-181.25884805256868,85.39502063418759,-162.09235685617983,101.05076489302256,69.14706132809138,-22.416608858097298,0.27071823204419887,0.0,0.8640749801154747,58.0,0.3333333333333333
KZT,10,2026-01…2026-06,BUY_NOW,7,10,25.0,7,7,0.14285714285714285,0.3076923076923077,0.46428571428571425,0.0,1.3928571428571428,0.7142857142857143,0.5384615384615384,1.326530612244898,-35.895226808226404,33.06285601462351,-68.95808282284992,-214.3217040671922,52.332164619564075,-181.25884805256868,85.39502063418759,-162.09235685617983,101.05076489302256,69.14706132809138,-22.416608858097298,0.27071823204419887,0.0,0.8640749801154747,58.0,0.3333333333333333
KZT,10,2026-01…2026-06,BUY_NOW,7,10,50.0,7,7,0.2857142857142857,0.3504273504273504,0.8153310104529616,0.0,1.6306620209059233,0.7142857142857143,0.5555555555555556,1.2857142857142856,-35.895226808226404,33.06285601462351,-68.95808282284992,-214.3217040671922,52.332164619564075,-181.25884805256868,85.39502063418759,-162.09235685617983,101.05076489302256,69.14706132809138,-22.416608858097298,0.27071823204419887,0.0,0.8640749801154747,58.0,0.3333333333333333
KZT,10,2026-01…2026-06,BUY_NOW,7,20,0.0,7,7,0.0,0.23076923076923078,0.0,0.0,0.0,0.5714285714285714,0.5555555555555556,1.0285714285714285,0.6094224556312611,74.19195081286851,-73.58252835723725,-311.90715790166536,160.5006862883817,-237.71520708879683,234.6926371012502,-210.47186255055612,337.22644394678787,98.07646976085668,-22.416608858097298,0.27071823204419887,0.0,0.8640749801154747,58.0,0.3333333333333333
KZT,10,2026-01…2026-06,BUY_NOW,7,20,10.0,7,7,0.0,0.23931623931623933,0.0,0.0,0.0,0.5714285714285714,0.5811965811965812,0.9831932773109242,0.6094224556312611,74.19195081286851,-73.58252835723725,-311.90715790166536,160.5006862883817,-237.71520708879683,234.6926371012502,-210.47186255055612,337.22644394678787,98.07646976085668,-22.416608858097298,0.27071823204419887,0.0,0.8640749801154747,58.0,0.3333333333333333
KZT,10,2026-01…2026-06,BUY_NOW,7,20,25.0,7,7,0.0,0.26495726495726496,0.0,0.0,0.0,0.5714285714285714,0.5897435897435898,0.9689440993788819,0.6094224556312611,74.19195081286851,-73.58252835723725,-311.90715790166536,160.5006862883817,-237.71520708879683,234.6926371012502,-210.47186255055612,337.22644394678787,98.07646976085668,-22.416608858097298,0.27071823204419887,0.0,0.8640749801154747,58.0,0.3333333333333333
KZT,10,2026-01…2026-06,BUY_NOW,7,20,50.0,7,7,0.14285714285714285,0.2905982905982906,0.4915966386554621,0.0,1.4747899159663864,0.5714285714285714,0.6153846153846154,0.9285714285714285,0.6094224556312611,74.19195081286851,-73.58252835723725,-311.90715790166536,160.5006862883817,-237.71520708879683,234.6926371012502,-210.47186255055612,337.22644394678787,98.07646976085668,-22.416608858097298,0.27071823204419887,0.0,0.8640749801154747,58.0,0.3333333333333333
TJS,0,2021-01…2021-06,BUY_NOW,14,1,0.0,10,10,0.6,0.4745762711864407,1.2642857142857142,0.6321428571428571,1.8964285714285714,0.6,0.4745762711864407,1.2642857142857142,13.72447804140919,-1.6952910407747044,15.419769082183894,-14.347652537977899,49.67085473605686,-16.042943578752602,47.975563695282155,-0.7175327225132646,34.47259493428598,30.39093354924438,6.096163479651582,0.3867403314917127,0.0,1.0362041344563644,69.0,0.16666666666666666
TJS,0,2021-01…2021-06,BUY_NOW,14,1,10.0,10,10,0.6,0.5338983050847458,1.1238095238095238,0.5619047619047619,1.6857142857142857,0.6,0.5338983050847458,1.1238095238095238,13.72447804140919,-1.6952910407747044,15.419769082183894,-14.347652537977899,49.67085473605686,-16.042943578752602,47.975563695282155,-0.7175327225132646,34.47259493428598,30.39093354924438,6.096163479651582,0.3867403314917127,0.0,1.0362041344563644,69.0,0.16666666666666666
TJS,0,2021-01…2021-06,BUY_NOW,14,1,25.0,10,10,0.7,0.6271186440677966,1.1162162162162161,0.6378378378378379,1.5945945945945945,0.7,0.6271186440677966,1.1162162162162161,13.72447804140919,-1.6952910407747044,15.419769082183894,-14.347652537977899,49.67085473605686,-16.042943578752602,47.975563695282155,-0.7175327225132646,34.47259493428598,30.39093354924438,6.096163479651582,0.3867403314917127,0.0,1.0362041344563644,69.0,0.16666666666666666
TJS,0,2021-01…2021-06,BUY_NOW,14,1,50.0,10,10,1.0,0.8050847457627118,1.2421052631578948,1.2421052631578948,1.2421052631578948,1.0,0.8050847457627118,1.2421052631578948,13.72447804140919,-1.6952910407747044,15.419769082183894,-14.347652537977899,49.67085473605686,-16.042943578752602,47.975563695282155,-0.7175327225132646,34.47259493428598,30.39093354924438,6.096163479651582,0.3867403314917127,0.0,1.0362041344563644,69.0,0.16666666666666666
TJS,0,2021-01…2021-06,BUY_NOW,14,3,0.0,10,10,0.5,0.2966101694915254,1.6857142857142857,0.6742857142857144,2.6971428571428575,0.5,0.4406779661016949,1.1346153846153846,12.315890579926435,-1.753943134230494,14.06983371415693,-26.56154342063776,56.09290097303322,-28.315486554868254,54.33895783880272,-19.85043923107,49.71130832424644,36.027299840488354,6.096163479651582,0.3867403314917127,0.0,1.0362041344563644,69.0,0.16666666666666666
TJS,0,2021-01…2021-06,BUY_NOW,14,3,10.0,10,10,0.5,0.3220338983050847,1.5526315789473686,0.6210526315789474,2.4842105263157896,0.5,0.4830508474576271,1.0350877192982457,12.315890579926435,-1.753943134230494,14.06983371415693,-26.56154342063776,56.09290097303322,-28.315486554868254,54.33895783880272,-19.85043923107,49.71130832424644,36.027299840488354,6.096163479651582,0.3867403314917127,0.0,1.0362041344563644,69.0,0.16666666666666666
TJS,0,2021-01…2021-06,BUY_NOW,14,3,25.0,10,10,0.6,0.3983050847457627,1.5063829787234042,0.7531914893617021,2.2595744680851064,0.6,0.5932203389830508,1.0114285714285713,12.315890579926435,-1.753943134230494,14.06983371415693,-26.56154342063776,56.09290097303322,-28.315486554868254,54.33895783880272,-19.85043923107,49.71130832424644,36.027299840488354,6.096163479651582,0.3867403314917127,0.0,1.0362041344563644,69.0,0.16666666666666666
TJS,0,2021-01…2021-06,BUY_NOW,14,3,50.0,10,10,0.7,0.559322033898305,1.2515151515151515,0.7151515151515152,1.787878787878788,0.8,0.7288135593220338,1.0976744186046512,12.315890579926435,-1.753943134230494,14.06983371415693,-26.56154342063776,56.09290097303322,-28.315486554868254,54.33895783880272,-19.85043923107,49.71130832424644,36.027299840488354,6.096163479651582,0.3867403314917127,0.0,1.0362041344563644,69.0,0.16666666666666666
TJS,0,2021-01…2021-06,BUY_NOW,14,5,0.0,10,10,0.3,0.2033898305084746,1.4749999999999999,0.49166666666666664,2.9499999999999997,0.5,0.4491525423728814,1.1132075471698113,11.43868257773317,-1.8278022888000809,13.26648486653325,-31.62103799126853,64.67310197281142,-33.44884028006861,62.84529968401134,-18.593232253693028,64.44456642189178,36.73114801779454,6.096163479651582,0.3867403314917127,0.0,1.0362041344563644,69.0,0.16666666666666666
TJS,0,2021-01…2021-06,BUY_NOW,14,5,10.0,10,10,0.3,0.2288135593220339,1.3111111111111111,0.43703703703703706,2.6222222222222222,0.5,0.4745762711864407,1.0535714285714286,11.43868257773317,-1.8278022888000809,13.26648486653325,-31.62103799126853,64.67310197281142,-33.44884028006861,62.84529968401134,-18.593232253693028,64.44456642189178,36.73114801779454,6.096163479651582,0.3867403314917127,0.0,1.0362041344563644,69.0,0.16666666666666666
TJS,0,2021-01…2021-06,BUY_NOW,14,5,25.0,10,10,0.4,0.288135593220339,1.388235294117647,0.34705882352941175,2.429411764705882,0.6,0.5932203389830508,1.0114285714285713,11.43868257773317,-1.8278022888000809,13.26648486653325,-31.62103799126853,64.67310197281142,-33.44884028006861,62.84529968401134,-18.593232253693028,64.44456642189178,36.73114801779454,6.096163479651582,0.3867403314917127,0.0,1.0362041344563644,69.0,0.16666666666666666
TJS,0,2021-01…2021-06,BUY_NOW,14,5,50.0,10,10,0.5,0.4576271186440678,1.0925925925925926,0.43703703703703706,1.7481481481481482,0.8,0.6949152542372882,1.1512195121951219,11.43868257773317,-1.8278022888000809,13.26648486653325,-31.62103799126853,64.67310197281142,-33.44884028006861,62.84529968401134,-18.593232253693028,64.44456642189178,36.73114801779454,6.096163479651582,0.3867403314917127,0.0,1.0362041344563644,69.0,0.16666666666666666
TJS,0,2021-01…2021-06,BUY_NOW,14,10,0.0,10,10,0.3,0.16101694915254236,1.8631578947368421,0.6210526315789474,3.7263157894736842,0.6,0.4491525423728814,1.3358490566037735,43.14278076018364,0.06389764753973065,43.07888311264391,-13.546455329446378,109.08948639062744,-13.482557681906647,109.15338403816718,-6.5608650926975605,128.18470133371102,63.137853473373525,6.096163479651582,0.3867403314917127,0.0,1.0362041344563644,69.0,0.16666666666666666
TJS,0,2021-01…2021-06,BUY_NOW,14,10,10.0,10,10,0.3,0.17796610169491525,1.6857142857142857,0.5619047619047619,3.3714285714285714,0.6,0.4661016949152542,1.2872727272727273,43.14278076018364,0.06389764753973065,43.07888311264391,-13.546455329446378,109.08948639062744,-13.482557681906647,109.15338403816718,-6.5608650926975605,128.18470133371102,63.137853473373525,6.096163479651582,0.3867403314917127,0.0,1.0362041344563644,69.0,0.16666666666666666
TJS,0,2021-01…2021-06,BUY_NOW,14,10,25.0,10,10,0.4,0.22033898305084745,1.8153846153846156,0.4538461538461539,3.1769230769230767,0.7,0.559322033898305,1.2515151515151515,43.14278076018364,0.06389764753973065,43.07888311264391,-13.546455329446378,109.08948639062744,-13.482557681906647,109.15338403816718,-6.5608650926975605,128.18470133371102,63.137853473373525,6.096163479651582,0.3867403314917127,0.0,1.0362041344563644,69.0,0.16666666666666666
TJS,0,2021-01…2021-06,BUY_NOW,14,10,50.0,10,10,0.4,0.3050847457627119,1.3111111111111111,0.3277777777777778,2.2944444444444443,0.7,0.635593220338983,1.1013333333333333,43.14278076018364,0.06389764753973065,43.07888311264391,-13.546455329446378,109.08948639062744,-13.482557681906647,109.15338403816718,-6.5608650926975605,128.18470133371102,63.137853473373525,6.096163479651582,0.3867403314917127,0.0,1.0362041344563644,69.0,0.16666666666666666
TJS,0,2021-01…2021-06,BUY_NOW,14,20,0.0,10,10,0.1,0.11016949152542373,0.9076923076923078,0.0,2.723076923076923,0.6,0.4830508474576271,1.2421052631578948,77.88093472926028,-2.594269522656172,80.47520425191645,7.980523026281931,150.31636629192934,5.386253503625759,147.72209676927318,7.891919627026806,162.30504816805927,93.62207112526087,6.096163479651582,0.3867403314917127,0.0,1.0362041344563644,69.0,0.16666666666666666
TJS,0,2021-01…2021-06,BUY_NOW,14,20,10.0,10,10,0.2,0.1271186440677966,1.5733333333333335,0.0,3.9333333333333336,0.6,0.4915254237288136,1.2206896551724138,77.88093472926028,-2.594269522656172,80.47520425191645,7.980523026281931,150.31636629192934,5.386253503625759,147.72209676927318,7.891919627026806,162.30504816805927,93.62207112526087,6.096163479651582,0.3867403314917127,0.0,1.0362041344563644,69.0,0.16666666666666666
TJS,0,2021-01…2021-06,BUY_NOW,14,20,25.0,10,10,0.3,0.15254237288135594,1.9666666666666666,0.6555555555555556,3.933333333333333,0.7,0.5338983050847458,1.311111111111111,77.88093472926028,-2.594269522656172,80.47520425191645,7.980523026281931,150.31636629192934,5.386253503625759,147.72209676927318,7.891919627026806,162.30504816805927,93.62207112526087,6.096163479651582,0.3867403314917127,0.0,1.0362041344563644,69.0,0.16666666666666666
TJS,0,2021-01…2021-06,BUY_NOW,14,20,50.0,10,10,0.3,0.19491525423728814,1.5391304347826085,0.5130434782608696,3.078260869565217,0.8,0.5508474576271186,1.4523076923076925,77.88093472926028,-2.594269522656172,80.47520425191645,7.980523026281931,150.31636629192934,5.386253503625759,147.72209676927318,7.891919627026806,162.30504816805927,93.62207112526087,6.096163479651582,0.3867403314917127,0.0,1.0362041344563644,69.0,0.16666666666666666
TJS,0,2021-01…2021-06,WINDOW_CLOSING,14,1,0.0,4,4,0.5,0.4745762711864407,1.0535714285714286,,,0.5,0.4745762711864407,1.0535714285714286,-22.670673745188996,-1.6952910407747044,-20.97538270441429,,,,,,,-30.309063474984185,24.440769524379515,0.15469613259668508,0.0,0.4649905549752771,97.0,0.5
TJS,0,2021-01…2021-06,WINDOW_CLOSING,14,1,10.0,4,4,0.5,0.4745762711864407,1.0535714285714286,,,0.5,0.4745762711864407,1.0535714285714286,-22.670673745188996,-1.6952910407747044,-20.97538270441429,,,,,,,-30.309063474984185,24.440769524379515,0.15469613259668508,0.0,0.4649905549752771,97.0,0.5
TJS,0,2021-01…2021-06,WINDOW_CLOSING,14,1,25.0,4,4,0.5,0.4745762711864407,1.0535714285714286,,,0.5,0.4745762711864407,1.0535714285714286,-22.670673745188996,-1.6952910407747044,-20.97538270441429,,,,,,,-30.309063474984185,24.440769524379515,0.15469613259668508,0.0,0.4649905549752771,97.0,0.5
TJS,0,2021-01…2021-06,WINDOW_CLOSING,14,1,50.0,4,4,0.5,0.4745762711864407,1.0535714285714286,,,0.5,0.4745762711864407,1.0535714285714286,-22.670673745188996,-1.6952910407747044,-20.97538270441429,,,,,,,-30.309063474984185,24.440769524379515,0.15469613259668508,0.0,0.4649905549752771,97.0,0.5
TJS,0,2021-01…2021-06,WINDOW_CLOSING,14,3,0.0,4,4,0.5,0.423728813559322,1.1800000000000002,,,0.5,0.423728813559322,1.1800000000000002,11.817680009880148,-1.753943134230494,13.571623144110642,,,,,,,-31.41254437554503,24.440769524379515,0.15469613259668508,0.0,0.4649905549752771,97.0,0.5
TJS,0,2021-01…2021-06,WINDOW_CLOSING,14,3,10.0,4,4,0.5,0.423728813559322,1.1800000000000002,,,0.5,0.423728813559322,1.1800000000000002,11.817680009880148,-1.753943134230494,13.571623144110642,,,,,,,-31.41254437554503,24.440769524379515,0.15469613259668508,0.0,0.4649905549752771,97.0,0.5
TJS,0,2021-01…2021-06,WINDOW_CLOSING,14,3,25.0,4,4,0.5,0.423728813559322,1.1800000000000002,,,0.5,0.423728813559322,1.1800000000000002,11.817680009880148,-1.753943134230494,13.571623144110642,,,,,,,-31.41254437554503,24.440769524379515,0.15469613259668508,0.0,0.4649905549752771,97.0,0.5
TJS,0,2021-01…2021-06,WINDOW_CLOSING,14,3,50.0,4,4,0.5,0.423728813559322,1.1800000000000002,,,0.5,0.423728813559322,1.1800000000000002,11.817680009880148,-1.753943134230494,13.571623144110642,,,,,,,-31.41254437554503,24.440769524379515,0.15469613259668508,0.0,0.4649905549752771,97.0,0.5
TJS,0,2021-01…2021-06,WINDOW_CLOSING,14,5,0.0,4,4,0.25,0.423728813559322,0.5900000000000001,,,0.25,0.423728813559322,0.5900000000000001,21.555353756781415,-1.8278022888000809,23.383156045581494,,,,,,,-38.009909987687664,24.440769524379515,0.15469613259668508,0.0,0.4649905549752771,97.0,0.5
TJS,0,2021-01…2021-06,WINDOW_CLOSING,14,5,10.0,4,4,0.25,0.423728813559322,0.5900000000000001,,,0.25,0.423728813559322,0.5900000000000001,21.555353756781415,-1.8278022888000809,23.383156045581494,,,,,,,-38.009909987687664,24.440769524379515,0.15469613259668508,0.0,0.4649905549752771,97.0,0.5
TJS,0,2021-01…2021-06,WINDOW_CLOSING,14,5,25.0,4,4,0.25,0.423728813559322,0.5900000000000001,,,0.25,0.423728813559322,0.5900000000000001,21.555353756781415,-1.8278022888000809,23.383156045581494,,,,,,,-38.009909987687664,24.440769524379515,0.15469613259668508,0.0,0.4649905549752771,97.0,0.5
TJS,0,2021-01…2021-06,WINDOW_CLOSING,14,5,50.0,4,4,0.25,0.423728813559322,0.5900000000000001,,,0.25,0.423728813559322,0.5900000000000001,21.555353756781415,-1.8278022888000809,23.383156045581494,,,,,,,-38.009909987687664,24.440769524379515,0.15469613259668508,0.0,0.4649905549752771,97.0,0.5
TJS,0,2021-01…2021-06,WINDOW_CLOSING,14,10,0.0,4,4,0.75,0.4491525423728814,1.669811320754717,,,0.75,0.4491525423728814,1.669811320754717,23.408451435617543,0.06389764753973065,23.344553788077814,,,,,,,-44.21049264165893,24.440769524379515,0.15469613259668508,0.0,0.4649905549752771,97.0,0.5
TJS,0,2021-01…2021-06,WINDOW_CLOSING,14,10,10.0,4,4,0.75,0.4491525423728814,1.669811320754717,,,0.75,0.4491525423728814,1.669811320754717,23.408451435617543,0.06389764753973065,23.344553788077814,,,,,,,-44.21049264165893,24.440769524379515,0.15469613259668508,0.0,0.4649905549752771,97.0,0.5
TJS,0,2021-01…2021-06,WINDOW_CLOSING,14,10,25.0,4,4,0.75,0.4491525423728814,1.669811320754717,,,0.75,0.4491525423728814,1.669811320754717,23.408451435617543,0.06389764753973065,23.344553788077814,,,,,,,-44.21049264165893,24.440769524379515,0.15469613259668508,0.0,0.4649905549752771,97.0,0.5
TJS,0,2021-01…2021-06,WINDOW_CLOSING,14,10,50.0,4,4,0.75,0.4491525423728814,1.669811320754717,,,0.75,0.4491525423728814,1.669811320754717,23.408451435617543,0.06389764753973065,23.344553788077814,,,,,,,-44.21049264165893,24.440769524379515,0.15469613259668508,0.0,0.4649905549752771,97.0,0.5
TJS,0,2021-01…2021-06,WINDOW_CLOSING,14,20,0.0,4,4,0.75,0.4067796610169492,1.8437499999999998,,,0.75,0.4067796610169492,1.8437499999999998,29.311471564304203,-2.594269522656172,31.905741086960376,,,,,,,-34.1466079835756,24.440769524379515,0.15469613259668508,0.0,0.4649905549752771,97.0,0.5
TJS,0,2021-01…2021-06,WINDOW_CLOSING,14,20,10.0,4,4,0.75,0.4067796610169492,1.8437499999999998,,,0.75,0.4067796610169492,1.8437499999999998,29.311471564304203,-2.594269522656172,31.905741086960376,,,,,,,-34.1466079835756,24.440769524379515,0.15469613259668508,0.0,0.4649905549752771,97.0,0.5
TJS,0,2021-01…2021-06,WINDOW_CLOSING,14,20,25.0,4,4,0.75,0.4067796610169492,1.8437499999999998,,,0.75,0.4067796610169492,1.8437499999999998,29.311471564304203,-2.594269522656172,31.905741086960376,,,,,,,-34.1466079835756,24.440769524379515,0.15469613259668508,0.0,0.4649905549752771,97.0,0.5
TJS,0,2021-01…2021-06,WINDOW_CLOSING,14,20,50.0,4,4,0.75,0.4067796610169492,1.8437499999999998,,,0.75,0.4067796610169492,1.8437499999999998,29.311471564304203,-2.594269522656172,31.905741086960376,,,,,,,-34.1466079835756,24.440769524379515,0.15469613259668508,0.0,0.4649905549752771,97.0,0.5
TJS,1,2021-07…2021-12,BUY_NOW,12,1,0.0,11,11,0.45454545454545453,0.4573643410852713,0.9938366718027735,0.39753466872110943,1.5901386748844377,0.45454545454545453,0.4573643410852713,0.9938366718027735,0.6440665455651675,3.244671194201681,-2.600604648636513,-25.661948413701182,21.3170667129044,-22.417277219499503,24.561737907106078,-16.697013692794638,9.180042105843158,13.649401523919993,24.24329585775582,0.41847826086956524,0.0,0.9429994534754286,46.0,0.3333333333333333
TJS,1,2021-07…2021-12,BUY_NOW,12,1,10.0,11,11,0.5454545454545454,0.5503875968992248,0.9910371318822022,0.4955185659411011,1.4865556978233037,0.5454545454545454,0.5503875968992248,0.9910371318822022,0.6440665455651675,3.244671194201681,-2.600604648636513,-25.661948413701182,21.3170667129044,-22.417277219499503,24.561737907106078,-16.697013692794638,9.180042105843158,13.649401523919993,24.24329585775582,0.41847826086956524,0.0,0.9429994534754286,46.0,0.3333333333333333
TJS,1,2021-07…2021-12,BUY_NOW,12,1,25.0,11,11,0.7272727272727273,0.6821705426356589,1.0661157024793388,0.6663223140495868,1.4659090909090908,0.7272727272727273,0.6821705426356589,1.0661157024793388,0.6440665455651675,3.244671194201681,-2.600604648636513,-25.661948413701182,21.3170667129044,-22.417277219499503,24.561737907106078,-16.697013692794638,9.180042105843158,13.649401523919993,24.24329585775582,0.41847826086956524,0.0,0.9429994534754286,46.0,0.3333333333333333
TJS,1,2021-07…2021-12,BUY_NOW,12,1,50.0,11,11,0.9090909090909091,0.8527131782945736,1.0661157024793388,0.8528925619834712,1.1727272727272728,0.9090909090909091,0.8527131782945736,1.0661157024793388,0.6440665455651675,3.244671194201681,-2.600604648636513,-25.661948413701182,21.3170667129044,-22.417277219499503,24.561737907106078,-16.697013692794638,9.180042105843158,13.649401523919993,24.24329585775582,0.41847826086956524,0.0,0.9429994534754286,46.0,0.3333333333333333
TJS,1,2021-07…2021-12,BUY_NOW,12,3,0.0,11,11,0.36363636363636365,0.32558139534883723,1.1168831168831168,0.2792207792207792,1.9545454545454544,0.36363636363636365,0.4728682170542636,0.7690014903129657,-1.1717420212886678,5.032106860265486,-6.203848881554154,-36.401654393316235,25.70743103117321,-31.369547533050746,30.739537891438697,-31.92595522794814,22.829283983533326,14.412385455894082,24.24329585775582,0.41847826086956524,0.0,0.9429994534754286,46.0,0.3333333333333333
TJS,1,2021-07…2021-12,BUY_NOW,12,3,10.0,11,11,0.36363636363636365,0.3875968992248062,0.9381818181818181,0.23454545454545453,1.6418181818181816,0.5454545454545454,0.5348837209302325,1.0197628458498025,-1.1717420212886678,5.032106860265486,-6.203848881554154,-36.401654393316235,25.70743103117321,-31.369547533050746,30.739537891438697,-31.92595522794814,22.829283983533326,14.412385455894082,24.24329585775582,0.41847826086956524,0.0,0.9429994534754286,46.0,0.3333333333333333
TJS,1,2021-07…2021-12,BUY_NOW,12,3,25.0,11,11,0.36363636363636365,0.4573643410852713,0.7950693374422189,0.19876733436055471,1.391371340523883,0.6363636363636364,0.6511627906976745,0.9772727272727272,-1.1717420212886678,5.032106860265486,-6.203848881554154,-36.401654393316235,25.70743103117321,-31.369547533050746,30.739537891438697,-31.92595522794814,22.829283983533326,14.412385455894082,24.24329585775582,0.41847826086956524,0.0,0.9429994534754286,46.0,0.3333333333333333
TJS,1,2021-07…2021-12,BUY_NOW,12,3,50.0,11,11,0.6363636363636364,0.627906976744186,1.0134680134680134,0.5791245791245792,1.4478114478114477,0.8181818181818182,0.7674418604651163,1.0661157024793388,-1.1717420212886678,5.032106860265486,-6.203848881554154,-36.401654393316235,25.70743103117321,-31.369547533050746,30.739537891438697,-31.92595522794814,22.829283983533326,14.412385455894082,24.24329585775582,0.41847826086956524,0.0,0.9429994534754286,46.0,0.3333333333333333
TJS,1,2021-07…2021-12,BUY_NOW,12,5,0.0,11,11,0.2727272727272727,0.23255813953488372,1.1727272727272726,0.0,2.3454545454545452,0.5454545454545454,0.4883720930232558,1.1168831168831168,5.24925777679183,7.26750496338902,-2.01824718659719,-42.80133636849303,36.69602125865741,-35.53383140510401,43.96352622204643,-33.940053769932824,48.10902556221407,25.431683219820115,24.24329585775582,0.41847826086956524,0.0,0.9429994534754286,46.0,0.3333333333333333
TJS,1,2021-07…2021-12,BUY_NOW,12,5,10.0,11,11,0.2727272727272727,0.2713178294573643,1.0051948051948052,0.0,2.0103896103896104,0.5454545454545454,0.5503875968992248,0.9910371318822022,5.24925777679183,7.26750496338902,-2.01824718659719,-42.80133636849303,36.69602125865741,-35.53383140510401,43.96352622204643,-33.940053769932824,48.10902556221407,25.431683219820115,24.24329585775582,0.41847826086956524,0.0,0.9429994534754286,46.0,0.3333333333333333
TJS,1,2021-07…2021-12,BUY_NOW,12,5,25.0,11,11,0.2727272727272727,0.3488372093023256,0.7818181818181817,0.0,1.5636363636363635,0.6363636363636364,0.627906976744186,1.0134680134680134,5.24925777679183,7.26750496338902,-2.01824718659719,-42.80133636849303,36.69602125865741,-35.53383140510401,43.96352622204643,-33.940053769932824,48.10902556221407,25.431683219820115,24.24329585775582,0.41847826086956524,0.0,0.9429994534754286,46.0,0.3333333333333333
TJS,1,2021-07…2021-12,BUY_NOW,12,5,50.0,11,11,0.5454545454545454,0.4883720930232558,1.1168831168831168,0.5584415584415584,1.6753246753246755,0.7272727272727273,0.751937984496124,0.9671977507029054,5.24925777679183,7.26750496338902,-2.01824718659719,-42.80133636849303,36.69602125865741,-35.53383140510401,43.96352622204643,-33.940053769932824,48.10902556221407,25.431683219820115,24.24329585775582,0.41847826086956524,0.0,0.9429994534754286,46.0,0.3333333333333333
TJS,1,2021-07…2021-12,BUY_NOW,12,10,0.0,11,11,0.09090909090909091,0.17829457364341086,0.5098814229249011,0.0,1.5296442687747034,0.5454545454545454,0.4806201550387597,1.1348973607038122,10.563081262200605,13.570695609273773,-3.0076143470731687,-61.826570414458644,53.479520240172434,-48.255874805184874,67.0502158494462,-24.735623133315627,70.63495276514232,37.716788201343654,24.24329585775582,0.41847826086956524,0.0,0.9429994534754286,46.0,0.3333333333333333
TJS,1,2021-07…2021-12,BUY_NOW,12,10,10.0,11,11,0.09090909090909091,0.20155038759689922,0.45104895104895104,0.0,1.3531468531468531,0.6363636363636364,0.5426356589147286,1.1727272727272728,10.563081262200605,13.570695609273773,-3.0076143470731687,-61.826570414458644,53.479520240172434,-48.255874805184874,67.0502158494462,-24.735623133315627,70.63495276514232,37.716788201343654,24.24329585775582,0.41847826086956524,0.0,0.9429994534754286,46.0,0.3333333333333333
TJS,1,2021-07…2021-12,BUY_NOW,12,10,25.0,11,11,0.18181818181818182,0.2558139534883721,0.7107438016528925,0.0,1.7768595041322313,0.7272727272727273,0.5813953488372093,1.250909090909091,10.563081262200605,13.570695609273773,-3.0076143470731687,-61.826570414458644,53.479520240172434,-48.255874805184874,67.0502158494462,-24.735623133315627,70.63495276514232,37.716788201343654,24.24329585775582,0.41847826086956524,0.0,0.9429994534754286,46.0,0.3333333333333333
TJS,1,2021-07…2021-12,BUY_NOW,12,10,50.0,11,11,0.45454545454545453,0.37209302325581395,1.2215909090909092,0.48863636363636365,1.9545454545454546,0.7272727272727273,0.7286821705426356,0.9980657640232109,10.563081262200605,13.570695609273773,-3.0076143470731687,-61.826570414458644,53.479520240172434,-48.255874805184874,67.0502158494462,-24.735623133315627,70.63495276514232,37.716788201343654,24.24329585775582,0.41847826086956524,0.0,0.9429994534754286,46.0,0.3333333333333333
TJS,1,2021-07…2021-12,BUY_NOW,12,20,0.0,11,11,0.09090909090909091,0.13178294573643412,0.6898395721925134,0.0,2.06951871657754,0.5454545454545454,0.49612403100775193,1.0994318181818181,66.94057408938359,33.342203091136966,33.59837099824662,-65.09730061819158,133.55577682110078,-31.75509752705462,166.89797991223773,-29.82864519943812,175.6466918141977,77.83577181672017,24.24329585775582,0.41847826086956524,0.0,0.9429994534754286,46.0,0.3333333333333333
TJS,1,2021-07…2021-12,BUY_NOW,12,20,10.0,11,11,0.09090909090909091,0.14728682170542637,0.6172248803827751,0.0,1.8516746411483251,0.6363636363636364,0.5271317829457365,1.2072192513368982,66.94057408938359,33.342203091136966,33.59837099824662,-65.09730061819158,133.55577682110078,-31.75509752705462,166.89797991223773,-29.82864519943812,175.6466918141977,77.83577181672017,24.24329585775582,0.41847826086956524,0.0,0.9429994534754286,46.0,0.3333333333333333
TJS,1,2021-07…2021-12,BUY_NOW,12,20,25.0,11,11,0.18181818181818182,0.17829457364341086,1.0197628458498023,0.0,2.549407114624506,0.6363636363636364,0.5581395348837209,1.1401515151515151,66.94057408938359,33.342203091136966,33.59837099824662,-65.09730061819158,133.55577682110078,-31.75509752705462,166.89797991223773,-29.82864519943812,175.6466918141977,77.83577181672017,24.24329585775582,0.41847826086956524,0.0,0.9429994534754286,46.0,0.3333333333333333
TJS,1,2021-07…2021-12,BUY_NOW,12,20,50.0,11,11,0.36363636363636365,0.27906976744186046,1.303030303030303,0.32575757575757575,2.2803030303030303,0.6363636363636364,0.6511627906976745,0.9772727272727272,66.94057408938359,33.342203091136966,33.59837099824662,-65.09730061819158,133.55577682110078,-31.75509752705462,166.89797991223773,-29.82864519943812,175.6466918141977,77.83577181672017,24.24329585775582,0.41847826086956524,0.0,0.9429994534754286,46.0,0.3333333333333333
TJS,1,2021-07…2021-12,WINDOW_CLOSING,12,1,0.0,1,1,0.0,0.4573643410852713,0.0,,,0.0,0.4573643410852713,0.0,-15.532313209728477,3.244671194201681,-18.776984403930157,,,,,,,0.765566250682248,109.08924450449663,0.03804347826086957,0.0,,130.0,0.8333333333333334
TJS,1,2021-07…2021-12,WINDOW_CLOSING,12,1,10.0,1,1,0.0,0.4573643410852713,0.0,,,0.0,0.4573643410852713,0.0,-15.532313209728477,3.244671194201681,-18.776984403930157,,,,,,,0.765566250682248,109.08924450449663,0.03804347826086957,0.0,,130.0,0.8333333333333334
TJS,1,2021-07…2021-12,WINDOW_CLOSING,12,1,25.0,1,1,0.0,0.4573643410852713,0.0,,,0.0,0.4573643410852713,0.0,-15.532313209728477,3.244671194201681,-18.776984403930157,,,,,,,0.765566250682248,109.08924450449663,0.03804347826086957,0.0,,130.0,0.8333333333333334
TJS,1,2021-07…2021-12,WINDOW_CLOSING,12,1,50.0,1,1,0.0,0.4573643410852713,0.0,,,0.0,0.4573643410852713,0.0,-15.532313209728477,3.244671194201681,-18.776984403930157,,,,,,,0.765566250682248,109.08924450449663,0.03804347826086957,0.0,,130.0,0.8333333333333334
TJS,1,2021-07…2021-12,WINDOW_CLOSING,12,3,0.0,1,1,0.0,0.5038759689922481,0.0,,,0.0,0.5038759689922481,0.0,-56.16783316864549,5.032106860265486,-61.19994002891097,,,,,,,-18.76295017137153,109.08924450449663,0.03804347826086957,0.0,,130.0,0.8333333333333334
TJS,1,2021-07…2021-12,WINDOW_CLOSING,12,3,10.0,1,1,0.0,0.5038759689922481,0.0,,,0.0,0.5038759689922481,0.0,-56.16783316864549,5.032106860265486,-61.19994002891097,,,,,,,-18.76295017137153,109.08924450449663,0.03804347826086957,0.0,,130.0,0.8333333333333334
TJS,1,2021-07…2021-12,WINDOW_CLOSING,12,3,25.0,1,1,0.0,0.5038759689922481,0.0,,,0.0,0.5038759689922481,0.0,-56.16783316864549,5.032106860265486,-61.19994002891097,,,,,,,-18.76295017137153,109.08924450449663,0.03804347826086957,0.0,,130.0,0.8333333333333334
TJS,1,2021-07…2021-12,WINDOW_CLOSING,12,3,50.0,1,1,0.0,0.5038759689922481,0.0,,,0.0,0.5038759689922481,0.0,-56.16783316864549,5.032106860265486,-61.19994002891097,,,,,,,-18.76295017137153,109.08924450449663,0.03804347826086957,0.0,,130.0,0.8333333333333334
TJS,1,2021-07…2021-12,WINDOW_CLOSING,12,5,0.0,1,1,1.0,0.4263565891472868,2.3454545454545457,,,1.0,0.4263565891472868,2.3454545454545457,-2.951770904695561,7.26750496338902,-10.21927586808458,,,,,,,-15.622286975270905,109.08924450449663,0.03804347826086957,0.0,,130.0,0.8333333333333334
TJS,1,2021-07…2021-12,WINDOW_CLOSING,12,5,10.0,1,1,1.0,0.4263565891472868,2.3454545454545457,,,1.0,0.4263565891472868,2.3454545454545457,-2.951770904695561,7.26750496338902,-10.21927586808458,,,,,,,-15.622286975270905,109.08924450449663,0.03804347826086957,0.0,,130.0,0.8333333333333334
TJS,1,2021-07…2021-12,WINDOW_CLOSING,12,5,25.0,1,1,1.0,0.4263565891472868,2.3454545454545457,,,1.0,0.4263565891472868,2.3454545454545457,-2.951770904695561,7.26750496338902,-10.21927586808458,,,,,,,-15.622286975270905,109.08924450449663,0.03804347826086957,0.0,,130.0,0.8333333333333334
TJS,1,2021-07…2021-12,WINDOW_CLOSING,12,5,50.0,1,1,1.0,0.4263565891472868,2.3454545454545457,,,1.0,0.4263565891472868,2.3454545454545457,-2.951770904695561,7.26750496338902,-10.21927586808458,,,,,,,-15.622286975270905,109.08924450449663,0.03804347826086957,0.0,,130.0,0.8333333333333334
TJS,1,2021-07…2021-12,WINDOW_CLOSING,12,10,0.0,1,1,1.0,0.4883720930232558,2.047619047619048,,,1.0,0.4883720930232558,2.047619047619048,90.85298286710008,13.570695609273773,77.28228725782631,,,,,,,0.06156099747745003,109.08924450449663,0.03804347826086957,0.0,,130.0,0.8333333333333334
TJS,1,2021-07…2021-12,WINDOW_CLOSING,12,10,10.0,1,1,1.0,0.4883720930232558,2.047619047619048,,,1.0,0.4883720930232558,2.047619047619048,90.85298286710008,13.570695609273773,77.28228725782631,,,,,,,0.06156099747745003,109.08924450449663,0.03804347826086957,0.0,,130.0,0.8333333333333334
TJS,1,2021-07…2021-12,WINDOW_CLOSING,12,10,25.0,1,1,1.0,0.4883720930232558,2.047619047619048,,,1.0,0.4883720930232558,2.047619047619048,90.85298286710008,13.570695609273773,77.28228725782631,,,,,,,0.06156099747745003,109.08924450449663,0.03804347826086957,0.0,,130.0,0.8333333333333334
TJS,1,2021-07…2021-12,WINDOW_CLOSING,12,10,50.0,1,1,1.0,0.4883720930232558,2.047619047619048,,,1.0,0.4883720930232558,2.047619047619048,90.85298286710008,13.570695609273773,77.28228725782631,,,,,,,0.06156099747745003,109.08924450449663,0.03804347826086957,0.0,,130.0,0.8333333333333334
TJS,1,2021-07…2021-12,WINDOW_CLOSING,12,20,0.0,1,1,1.0,0.5116279069767442,1.9545454545454544,,,1.0,0.5116279069767442,1.9545454545454544,251.48377788792197,33.342203091136966,218.141574796785,,,,,,,101.0050227459991,109.08924450449663,0.03804347826086957,0.0,,130.0,0.8333333333333334
TJS,1,2021-07…2021-12,WINDOW_CLOSING,12,20,10.0,1,1,1.0,0.5116279069767442,1.9545454545454544,,,1.0,0.5116279069767442,1.9545454545454544,251.48377788792197,33.342203091136966,218.141574796785,,,,,,,101.0050227459991,109.08924450449663,0.03804347826086957,0.0,,130.0,0.8333333333333334
TJS,1,2021-07…2021-12,WINDOW_CLOSING,12,20,25.0,1,1,1.0,0.5116279069767442,1.9545454545454544,,,1.0,0.5116279069767442,1.9545454545454544,251.48377788792197,33.342203091136966,218.141574796785,,,,,,,101.0050227459991,109.08924450449663,0.03804347826086957,0.0,,130.0,0.8333333333333334
TJS,1,2021-07…2021-12,WINDOW_CLOSING,12,20,50.0,1,1,1.0,0.5116279069767442,1.9545454545454544,,,1.0,0.5116279069767442,1.9545454545454544,251.48377788792197,33.342203091136966,218.141574796785,,,,,,,101.0050227459991,109.08924450449663,0.03804347826086957,0.0,,130.0,0.8333333333333334
TJS,2,2022-01…2022-06,BUY_NOW,13,1,0.0,12,12,0.16666666666666666,0.47863247863247865,0.3482142857142857,0.0,0.8705357142857143,0.16666666666666666,0.47863247863247865,0.3482142857142857,-159.29549499480854,-14.273040468855912,-145.0224545259526,-244.7151515027751,-57.65666856735129,-258.988191971631,-71.9297090362072,-308.88453670277966,-53.60591728953047,22.64174848092881,-43.64959593207836,0.46408839779005523,0.0,1.1056430679414109,57.0,0.3333333333333333
TJS,2,2022-01…2022-06,BUY_NOW,13,1,10.0,12,12,0.16666666666666666,0.47863247863247865,0.3482142857142857,0.0,0.8705357142857143,0.16666666666666666,0.47863247863247865,0.3482142857142857,-159.29549499480854,-14.273040468855912,-145.0224545259526,-244.7151515027751,-57.65666856735129,-258.988191971631,-71.9297090362072,-308.88453670277966,-53.60591728953047,22.64174848092881,-43.64959593207836,0.46408839779005523,0.0,1.1056430679414109,57.0,0.3333333333333333
TJS,2,2022-01…2022-06,BUY_NOW,13,1,25.0,12,12,0.3333333333333333,0.5042735042735043,0.6610169491525424,0.1652542372881356,1.1567796610169492,0.3333333333333333,0.5042735042735043,0.6610169491525424,-159.29549499480854,-14.273040468855912,-145.0224545259526,-244.7151515027751,-57.65666856735129,-258.988191971631,-71.9297090362072,-308.88453670277966,-53.60591728953047,22.64174848092881,-43.64959593207836,0.46408839779005523,0.0,1.1056430679414109,57.0,0.3333333333333333
TJS,2,2022-01…2022-06,BUY_NOW,13,1,50.0,12,12,0.4166666666666667,0.5726495726495726,0.7276119402985075,0.291044776119403,1.164179104477612,0.4166666666666667,0.5726495726495726,0.7276119402985075,-159.29549499480854,-14.273040468855912,-145.0224545259526,-244.7151515027751,-57.65666856735129,-258.988191971631,-71.9297090362072,-308.88453670277966,-53.60591728953047,22.64174848092881,-43.64959593207836,0.46408839779005523,0.0,1.1056430679414109,57.0,0.3333333333333333
TJS,2,2022-01…2022-06,BUY_NOW,13,3,0.0,12,12,0.08333333333333333,0.2905982905982906,0.2867647058823529,0.0,0.8602941176470588,0.25,0.41025641025641024,0.609375,-133.51848227728405,-25.14152414759963,-108.37695812968443,-225.07181238546156,5.307422150355642,-250.21333653306118,-19.834101997243987,-273.93065635845187,-39.15346291172162,45.83130499657704,-43.64959593207836,0.46408839779005523,0.0,1.1056430679414109,57.0,0.3333333333333333
TJS,2,2022-01…2022-06,BUY_NOW,13,3,10.0,12,12,0.08333333333333333,0.29914529914529914,0.2785714285714286,0.0,0.8357142857142857,0.25,0.4358974358974359,0.5735294117647058,-133.51848227728405,-25.14152414759963,-108.37695812968443,-225.07181238546156,5.307422150355642,-250.21333653306118,-19.834101997243987,-273.93065635845187,-39.15346291172162,45.83130499657704,-43.64959593207836,0.46408839779005523,0.0,1.1056430679414109,57.0,0.3333333333333333
TJS,2,2022-01…2022-06,BUY_NOW,13,3,25.0,12,12,0.16666666666666666,0.3247863247863248,0.513157894736842,0.0,1.2828947368421053,0.25,0.4358974358974359,0.5735294117647058,-133.51848227728405,-25.14152414759963,-108.37695812968443,-225.07181238546156,5.307422150355642,-250.21333653306118,-19.834101997243987,-273.93065635845187,-39.15346291172162,45.83130499657704,-43.64959593207836,0.46408839779005523,0.0,1.1056430679414109,57.0,0.3333333333333333
TJS,2,2022-01…2022-06,BUY_NOW,13,3,50.0,12,12,0.16666666666666666,0.3333333333333333,0.5,0.0,1.2500000000000002,0.3333333333333333,0.4700854700854701,0.7090909090909091,-133.51848227728405,-25.14152414759963,-108.37695812968443,-225.07181238546156,5.307422150355642,-250.21333653306118,-19.834101997243987,-273.93065635845187,-39.15346291172162,45.83130499657704,-43.64959593207836,0.46408839779005523,0.0,1.1056430679414109,57.0,0.3333333333333333
TJS,2,2022-01…2022-06,BUY_NOW,13,5,0.0,12,12,0.08333333333333333,0.23076923076923078,0.36111111111111105,0.0,1.0833333333333333,0.3333333333333333,0.38461538461538464,0.8666666666666666,-106.91647371102992,-27.72887635378301,-79.18759735724691,-224.85046725271468,63.571257557687574,-252.5793436064977,35.842381203904566,-190.315625904429,-23.517321517630776,76.22376951535956,-43.64959593207836,0.46408839779005523,0.0,1.1056430679414109,57.0,0.3333333333333333
TJS,2,2022-01…2022-06,BUY_NOW,13,5,10.0,12,12,0.08333333333333333,0.23076923076923078,0.36111111111111105,0.0,1.0833333333333333,0.3333333333333333,0.38461538461538464,0.8666666666666666,-106.91647371102992,-27.72887635378301,-79.18759735724691,-224.85046725271468,63.571257557687574,-252.5793436064977,35.842381203904566,-190.315625904429,-23.517321517630776,76.22376951535956,-43.64959593207836,0.46408839779005523,0.0,1.1056430679414109,57.0,0.3333333333333333
TJS,2,2022-01…2022-06,BUY_NOW,13,5,25.0,12,12,0.16666666666666666,0.24786324786324787,0.6724137931034482,0.0,1.6810344827586208,0.3333333333333333,0.38461538461538464,0.8666666666666666,-106.91647371102992,-27.72887635378301,-79.18759735724691,-224.85046725271468,63.571257557687574,-252.5793436064977,35.842381203904566,-190.315625904429,-23.517321517630776,76.22376951535956,-43.64959593207836,0.46408839779005523,0.0,1.1056430679414109,57.0,0.3333333333333333
TJS,2,2022-01…2022-06,BUY_NOW,13,5,50.0,12,12,0.16666666666666666,0.2564102564102564,0.65,0.0,1.6250000000000002,0.3333333333333333,0.4444444444444444,0.75,-106.91647371102992,-27.72887635378301,-79.18759735724691,-224.85046725271468,63.571257557687574,-252.5793436064977,35.842381203904566,-190.315625904429,-23.517321517630776,76.22376951535956,-43.64959593207836,0.46408839779005523,0.0,1.1056430679414109,57.0,0.3333333333333333
TJS,2,2022-01…2022-06,BUY_NOW,13,10,0.0,12,12,0.0,0.1794871794871795,0.0,0.0,0.0,0.3333333333333333,0.41025641025641024,0.8125,-77.56433946133892,-29.553303867559784,-48.011035593779134,-312.35888302472296,245.12811450009536,-341.91218689228276,215.5748106325356,-334.30415708329843,119.63145036901528,187.95693382318373,-43.64959593207836,0.46408839779005523,0.0,1.1056430679414109,57.0,0.3333333333333333
TJS,2,2022-01…2022-06,BUY_NOW,13,10,10.0,12,12,0.0,0.1794871794871795,0.0,0.0,0.0,0.3333333333333333,0.4188034188034188,0.7959183673469387,-77.56433946133892,-29.553303867559784,-48.011035593779134,-312.35888302472296,245.12811450009536,-341.91218689228276,215.5748106325356,-334.30415708329843,119.63145036901528,187.95693382318373,-43.64959593207836,0.46408839779005523,0.0,1.1056430679414109,57.0,0.3333333333333333
TJS,2,2022-01…2022-06,BUY_NOW,13,10,25.0,12,12,0.08333333333333333,0.18803418803418803,0.4431818181818182,0.0,1.3295454545454546,0.3333333333333333,0.4188034188034188,0.7959183673469387,-77.56433946133892,-29.553303867559784,-48.011035593779134,-312.35888302472296,245.12811450009536,-341.91218689228276,215.5748106325356,-334.30415708329843,119.63145036901528,187.95693382318373,-43.64959593207836,0.46408839779005523,0.0,1.1056430679414109,57.0,0.3333333333333333
TJS,2,2022-01…2022-06,BUY_NOW,13,10,50.0,12,12,0.08333333333333333,0.19658119658119658,0.42391304347826086,0.0,1.2717391304347827,0.4166666666666667,0.452991452991453,0.919811320754717,-77.56433946133892,-29.553303867559784,-48.011035593779134,-312.35888302472296,245.12811450009536,-341.91218689228276,215.5748106325356,-334.30415708329843,119.63145036901528,187.95693382318373,-43.64959593207836,0.46408839779005523,0.0,1.1056430679414109,57.0,0.3333333333333333
TJS,2,2022-01…2022-06,BUY_NOW,13,20,0.0,12,12,0.0,0.13675213675213677,0.0,0.0,0.0,0.5,0.46153846153846156,1.0833333333333333,107.52580463727718,-53.00503542290707,160.53084006018423,-311.2558167886349,699.3930879856659,-364.260852211542,646.3880525627588,-520.0988517185658,968.7690413414132,488.17991208790676,-43.64959593207836,0.46408839779005523,0.0,1.1056430679414109,57.0,0.3333333333333333
TJS,2,2022-01…2022-06,BUY_NOW,13,20,10.0,12,12,0.0,0.13675213675213677,0.0,0.0,0.0,0.5,0.46153846153846156,1.0833333333333333,107.52580463727718,-53.00503542290707,160.53084006018423,-311.2558167886349,699.3930879856659,-364.260852211542,646.3880525627588,-520.0988517185658,968.7690413414132,488.17991208790676,-43.64959593207836,0.46408839779005523,0.0,1.1056430679414109,57.0,0.3333333333333333
TJS,2,2022-01…2022-06,BUY_NOW,13,20,25.0,12,12,0.08333333333333333,0.1452991452991453,0.5735294117647058,0.0,1.7205882352941175,0.5,0.4700854700854701,1.0636363636363637,107.52580463727718,-53.00503542290707,160.53084006018423,-311.2558167886349,699.3930879856659,-364.260852211542,646.3880525627588,-520.0988517185658,968.7690413414132,488.17991208790676,-43.64959593207836,0.46408839779005523,0.0,1.1056430679414109,57.0,0.3333333333333333
TJS,2,2022-01…2022-06,BUY_NOW,13,20,50.0,12,12,0.08333333333333333,0.15384615384615385,0.5416666666666666,0.0,1.625,0.5,0.47863247863247865,1.0446428571428572,107.52580463727718,-53.00503542290707,160.53084006018423,-311.2558167886349,699.3930879856659,-364.260852211542,646.3880525627588,-520.0988517185658,968.7690413414132,488.17991208790676,-43.64959593207836,0.46408839779005523,0.0,1.1056430679414109,57.0,0.3333333333333333
TJS,2,2022-01…2022-06,WINDOW_CLOSING,13,1,0.0,1,1,0.0,0.47863247863247865,0.0,,,0.0,0.47863247863247865,0.0,-236.24764447945367,-14.273040468855912,-221.97460401059774,,,,,,,143.8064489319535,-315.0932180882282,0.03867403314917127,0.0,,140.0,0.8333333333333334
TJS,2,2022-01…2022-06,WINDOW_CLOSING,13,1,10.0,1,1,0.0,0.47863247863247865,0.0,,,0.0,0.47863247863247865,0.0,-236.24764447945367,-14.273040468855912,-221.97460401059774,,,,,,,143.8064489319535,-315.0932180882282,0.03867403314917127,0.0,,140.0,0.8333333333333334
TJS,2,2022-01…2022-06,WINDOW_CLOSING,13,1,25.0,1,1,0.0,0.47863247863247865,0.0,,,0.0,0.47863247863247865,0.0,-236.24764447945367,-14.273040468855912,-221.97460401059774,,,,,,,143.8064489319535,-315.0932180882282,0.03867403314917127,0.0,,140.0,0.8333333333333334
TJS,2,2022-01…2022-06,WINDOW_CLOSING,13,1,50.0,1,1,0.0,0.47863247863247865,0.0,,,0.0,0.47863247863247865,0.0,-236.24764447945367,-14.273040468855912,-221.97460401059774,,,,,,,143.8064489319535,-315.0932180882282,0.03867403314917127,0.0,,140.0,0.8333333333333334
TJS,2,2022-01…2022-06,WINDOW_CLOSING,13,3,0.0,1,1,0.0,0.38461538461538464,0.0,,,0.0,0.38461538461538464,0.0,-244.9861815483767,-25.14152414759963,-219.84465740077707,,,,,,,-242.42665139379892,-315.0932180882282,0.03867403314917127,0.0,,140.0,0.8333333333333334
TJS,2,2022-01…2022-06,WINDOW_CLOSING,13,3,10.0,1,1,0.0,0.38461538461538464,0.0,,,0.0,0.38461538461538464,0.0,-244.9861815483767,-25.14152414759963,-219.84465740077707,,,,,,,-242.42665139379892,-315.0932180882282,0.03867403314917127,0.0,,140.0,0.8333333333333334
TJS,2,2022-01…2022-06,WINDOW_CLOSING,13,3,25.0,1,1,0.0,0.38461538461538464,0.0,,,0.0,0.38461538461538464,0.0,-244.9861815483767,-25.14152414759963,-219.84465740077707,,,,,,,-242.42665139379892,-315.0932180882282,0.03867403314917127,0.0,,140.0,0.8333333333333334
TJS,2,2022-01…2022-06,WINDOW_CLOSING,13,3,50.0,1,1,0.0,0.38461538461538464,0.0,,,0.0,0.38461538461538464,0.0,-244.9861815483767,-25.14152414759963,-219.84465740077707,,,,,,,-242.42665139379892,-315.0932180882282,0.03867403314917127,0.0,,140.0,0.8333333333333334
TJS,2,2022-01…2022-06,WINDOW_CLOSING,13,5,0.0,1,1,0.0,0.4017094017094017,0.0,,,0.0,0.4017094017094017,0.0,-245.87750028455812,-27.72887635378301,-218.1486239307751,,,,,,,-453.4812922435405,-315.0932180882282,0.03867403314917127,0.0,,140.0,0.8333333333333334
TJS,2,2022-01…2022-06,WINDOW_CLOSING,13,5,10.0,1,1,0.0,0.4017094017094017,0.0,,,0.0,0.4017094017094017,0.0,-245.87750028455812,-27.72887635378301,-218.1486239307751,,,,,,,-453.4812922435405,-315.0932180882282,0.03867403314917127,0.0,,140.0,0.8333333333333334
TJS,2,2022-01…2022-06,WINDOW_CLOSING,13,5,25.0,1,1,0.0,0.4017094017094017,0.0,,,0.0,0.4017094017094017,0.0,-245.87750028455812,-27.72887635378301,-218.1486239307751,,,,,,,-453.4812922435405,-315.0932180882282,0.03867403314917127,0.0,,140.0,0.8333333333333334
TJS,2,2022-01…2022-06,WINDOW_CLOSING,13,5,50.0,1,1,0.0,0.4017094017094017,0.0,,,0.0,0.4017094017094017,0.0,-245.87750028455812,-27.72887635378301,-218.1486239307751,,,,,,,-453.4812922435405,-315.0932180882282,0.03867403314917127,0.0,,140.0,0.8333333333333334
TJS,2,2022-01…2022-06,WINDOW_CLOSING,13,10,0.0,1,1,0.0,0.38461538461538464,0.0,,,0.0,0.38461538461538464,0.0,-411.28337250920134,-29.553303867559784,-381.73006864164154,,,,,,,-614.8256417946574,-315.0932180882282,0.03867403314917127,0.0,,140.0,0.8333333333333334
TJS,2,2022-01…2022-06,WINDOW_CLOSING,13,10,10.0,1,1,0.0,0.38461538461538464,0.0,,,0.0,0.38461538461538464,0.0,-411.28337250920134,-29.553303867559784,-381.73006864164154,,,,,,,-614.8256417946574,-315.0932180882282,0.03867403314917127,0.0,,140.0,0.8333333333333334
TJS,2,2022-01…2022-06,WINDOW_CLOSING,13,10,25.0,1,1,0.0,0.38461538461538464,0.0,,,0.0,0.38461538461538464,0.0,-411.28337250920134,-29.553303867559784,-381.73006864164154,,,,,,,-614.8256417946574,-315.0932180882282,0.03867403314917127,0.0,,140.0,0.8333333333333334
TJS,2,2022-01…2022-06,WINDOW_CLOSING,13,10,50.0,1,1,0.0,0.38461538461538464,0.0,,,0.0,0.38461538461538464,0.0,-411.28337250920134,-29.553303867559784,-381.73006864164154,,,,,,,-614.8256417946574,-315.0932180882282,0.03867403314917127,0.0,,140.0,0.8333333333333334
TJS,2,2022-01…2022-06,WINDOW_CLOSING,13,20,0.0,1,1,0.0,0.4700854700854701,0.0,,,0.0,0.4700854700854701,0.0,-594.2434058975166,-53.00503542290707,-541.2383704746095,,,,,,,-506.42065667305667,-315.0932180882282,0.03867403314917127,0.0,,140.0,0.8333333333333334
TJS,2,2022-01…2022-06,WINDOW_CLOSING,13,20,10.0,1,1,0.0,0.4700854700854701,0.0,,,0.0,0.4700854700854701,0.0,-594.2434058975166,-53.00503542290707,-541.2383704746095,,,,,,,-506.42065667305667,-315.0932180882282,0.03867403314917127,0.0,,140.0,0.8333333333333334
TJS,2,2022-01…2022-06,WINDOW_CLOSING,13,20,25.0,1,1,0.0,0.4700854700854701,0.0,,,0.0,0.4700854700854701,0.0,-594.2434058975166,-53.00503542290707,-541.2383704746095,,,,,,,-506.42065667305667,-315.0932180882282,0.03867403314917127,0.0,,140.0,0.8333333333333334
TJS,2,2022-01…2022-06,WINDOW_CLOSING,13,20,50.0,1,1,0.0,0.4700854700854701,0.0,,,0.0,0.4700854700854701,0.0,-594.2434058975166,-53.00503542290707,-541.2383704746095,,,,,,,-506.42065667305667,-315.0932180882282,0.03867403314917127,0.0,,140.0,0.8333333333333334
TJS,3,2022-07…2022-12,BUY_NOW,5,1,0.0,5,5,0.4,0.5769230769230769,0.6933333333333335,0.0,1.386666666666667,0.4,0.5769230769230769,0.6933333333333335,-16.310368272153703,24.55859581374374,-40.868964085897446,-146.51627510178608,53.98409038881293,-121.95767928804234,78.54268620255667,-48.695652173914574,5.278773379759349,-5.433937463515945,167.0735601528963,0.19021739130434784,0.0,0.7520388210823941,67.0,0.5
TJS,3,2022-07…2022-12,BUY_NOW,5,1,10.0,5,5,0.4,0.6307692307692307,0.6341463414634146,0.0,1.2682926829268293,0.4,0.6307692307692307,0.6341463414634146,-16.310368272153703,24.55859581374374,-40.868964085897446,-146.51627510178608,53.98409038881293,-121.95767928804234,78.54268620255667,-48.695652173914574,5.278773379759349,-5.433937463515945,167.0735601528963,0.19021739130434784,0.0,0.7520388210823941,67.0,0.5
TJS,3,2022-07…2022-12,BUY_NOW,5,1,25.0,5,5,0.6,0.7230769230769231,0.8297872340425532,0.2765957446808511,1.3829787234042554,0.6,0.7230769230769231,0.8297872340425532,-16.310368272153703,24.55859581374374,-40.868964085897446,-146.51627510178608,53.98409038881293,-121.95767928804234,78.54268620255667,-48.695652173914574,5.278773379759349,-5.433937463515945,167.0735601528963,0.19021739130434784,0.0,0.7520388210823941,67.0,0.5
TJS,3,2022-07…2022-12,BUY_NOW,5,1,50.0,5,5,0.8,0.8153846153846154,0.9811320754716982,0.4905660377358491,1.2264150943396226,0.8,0.8153846153846154,0.9811320754716982,-16.310368272153703,24.55859581374374,-40.868964085897446,-146.51627510178608,53.98409038881293,-121.95767928804234,78.54268620255667,-48.695652173914574,5.278773379759349,-5.433937463515945,167.0735601528963,0.19021739130434784,0.0,0.7520388210823941,67.0,0.5
TJS,3,2022-07…2022-12,BUY_NOW,5,3,0.0,5,5,0.4,0.4076923076923077,0.9811320754716982,0.0,1.9622641509433965,0.4,0.5923076923076923,0.6753246753246753,-9.751509549584375,44.922888956476505,-54.67439850606088,-246.33817708230896,138.34343899640427,-201.41528812583246,183.26632795288077,-39.06791702188106,-0.7298340237388459,1.6278057606866654,167.0735601528963,0.19021739130434784,0.0,0.7520388210823941,67.0,0.5
TJS,3,2022-07…2022-12,BUY_NOW,5,3,10.0,5,5,0.4,0.45384615384615384,0.8813559322033899,0.0,1.7627118644067798,0.4,0.6076923076923076,0.6582278481012659,-9.751509549584375,44.922888956476505,-54.67439850606088,-246.33817708230896,138.34343899640427,-201.41528812583246,183.26632795288077,-39.06791702188106,-0.7298340237388459,1.6278057606866654,167.0735601528963,0.19021739130434784,0.0,0.7520388210823941,67.0,0.5
TJS,3,2022-07…2022-12,BUY_NOW,5,3,25.0,5,5,0.4,0.5384615384615384,0.7428571428571429,0.0,1.4857142857142858,0.4,0.6384615384615384,0.6265060240963857,-9.751509549584375,44.922888956476505,-54.67439850606088,-246.33817708230896,138.34343899640427,-201.41528812583246,183.26632795288077,-39.06791702188106,-0.7298340237388459,1.6278057606866654,167.0735601528963,0.19021739130434784,0.0,0.7520388210823941,67.0,0.5
TJS,3,2022-07…2022-12,BUY_NOW,5,3,50.0,5,5,0.4,0.6153846153846154,0.65,0.0,1.3,0.8,0.7230769230769231,1.1063829787234043,-9.751509549584375,44.922888956476505,-54.67439850606088,-246.33817708230896,138.34343899640427,-201.41528812583246,183.26632795288077,-39.06791702188106,-0.7298340237388459,1.6278057606866654,167.0735601528963,0.19021739130434784,0.0,0.7520388210823941,67.0,0.5
TJS,3,2022-07…2022-12,BUY_NOW,5,5,0.0,5,5,0.4,0.38461538461538464,1.04,0.0,2.08,0.4,0.5692307692307692,0.7027027027027027,48.67125459295373,57.35999665095657,-8.688742058002838,-172.44301194229814,210.14067185687836,-115.08301529134158,267.5006685078349,-19.92497868712695,134.66424295120626,53.36977991277037,167.0735601528963,0.19021739130434784,0.0,0.7520388210823941,67.0,0.5
TJS,3,2022-07…2022-12,BUY_NOW,5,5,10.0,5,5,0.4,0.4230769230769231,0.9454545454545455,0.0,1.890909090909091,0.4,0.5846153846153846,0.6842105263157895,48.67125459295373,57.35999665095657,-8.688742058002838,-172.44301194229814,210.14067185687836,-115.08301529134158,267.5006685078349,-19.92497868712695,134.66424295120626,53.36977991277037,167.0735601528963,0.19021739130434784,0.0,0.7520388210823941,67.0,0.5
TJS,3,2022-07…2022-12,BUY_NOW,5,5,25.0,5,5,0.4,0.47692307692307695,0.8387096774193549,0.0,1.6774193548387097,0.6,0.6230769230769231,0.9629629629629629,48.67125459295373,57.35999665095657,-8.688742058002838,-172.44301194229814,210.14067185687836,-115.08301529134158,267.5006685078349,-19.92497868712695,134.66424295120626,53.36977991277037,167.0735601528963,0.19021739130434784,0.0,0.7520388210823941,67.0,0.5
TJS,3,2022-07…2022-12,BUY_NOW,5,5,50.0,5,5,0.4,0.5230769230769231,0.7647058823529411,0.0,1.5294117647058822,0.6,0.676923076923077,0.8863636363636362,48.67125459295373,57.35999665095657,-8.688742058002838,-172.44301194229814,210.14067185687836,-115.08301529134158,267.5006685078349,-19.92497868712695,134.66424295120626,53.36977991277037,167.0735601528963,0.19021739130434784,0.0,0.7520388210823941,67.0,0.5
TJS,3,2022-07…2022-12,BUY_NOW,5,10,0.0,5,5,0.2,0.27692307692307694,0.7222222222222222,0.0,2.1666666666666665,0.6,0.5846153846153846,1.026315789473684,100.51949419660966,88.6700869471183,11.84940724949135,-134.2689349113607,192.14204412867946,-45.5988479642424,280.81213107579777,-94.78772378516574,295.7067455414486,76.66304937925705,167.0735601528963,0.19021739130434784,0.0,0.7520388210823941,67.0,0.5
TJS,3,2022-07…2022-12,BUY_NOW,5,10,10.0,5,5,0.2,0.3153846153846154,0.6341463414634146,0.0,1.9024390243902438,0.6,0.6230769230769231,0.9629629629629629,100.51949419660966,88.6700869471183,11.84940724949135,-134.2689349113607,192.14204412867946,-45.5988479642424,280.81213107579777,-94.78772378516574,295.7067455414486,76.66304937925705,167.0735601528963,0.19021739130434784,0.0,0.7520388210823941,67.0,0.5
TJS,3,2022-07…2022-12,BUY_NOW,5,10,25.0,5,5,0.2,0.34615384615384615,0.5777777777777778,0.0,1.7333333333333334,0.6,0.6230769230769231,0.9629629629629629,100.51949419660966,88.6700869471183,11.84940724949135,-134.2689349113607,192.14204412867946,-45.5988479642424,280.81213107579777,-94.78772378516574,295.7067455414486,76.66304937925705,167.0735601528963,0.19021739130434784,0.0,0.7520388210823941,67.0,0.5
TJS,3,2022-07…2022-12,BUY_NOW,5,10,50.0,5,5,0.4,0.4,1.0,0.0,2.0,0.8,0.6461538461538462,1.2380952380952381,100.51949419660966,88.6700869471183,11.84940724949135,-134.2689349113607,192.14204412867946,-45.5988479642424,280.81213107579777,-94.78772378516574,295.7067455414486,76.66304937925705,167.0735601528963,0.19021739130434784,0.0,0.7520388210823941,67.0,0.5
TJS,3,2022-07…2022-12,BUY_NOW,5,20,0.0,5,5,0.2,0.23846153846153847,0.8387096774193549,0.0,2.5161290322580645,0.4,0.5692307692307692,0.7027027027027027,133.61410020631382,163.51128752215095,-29.89718731583713,-235.44679370402966,176.5688539495518,-71.93550618187871,340.08014147170275,-88.9522591645342,429.1291521615281,-37.79187948911544,167.0735601528963,0.19021739130434784,0.0,0.7520388210823941,67.0,0.5
TJS,3,2022-07…2022-12,BUY_NOW,5,20,10.0,5,5,0.2,0.26153846153846155,0.7647058823529411,0.0,2.2941176470588234,0.4,0.5923076923076923,0.6753246753246753,133.61410020631382,163.51128752215095,-29.89718731583713,-235.44679370402966,176.5688539495518,-71.93550618187871,340.08014147170275,-88.9522591645342,429.1291521615281,-37.79187948911544,167.0735601528963,0.19021739130434784,0.0,0.7520388210823941,67.0,0.5
TJS,3,2022-07…2022-12,BUY_NOW,5,20,25.0,5,5,0.2,0.2846153846153846,0.7027027027027027,0.0,2.1081081081081083,0.6,0.6230769230769231,0.9629629629629629,133.61410020631382,163.51128752215095,-29.89718731583713,-235.44679370402966,176.5688539495518,-71.93550618187871,340.08014147170275,-88.9522591645342,429.1291521615281,-37.79187948911544,167.0735601528963,0.19021739130434784,0.0,0.7520388210823941,67.0,0.5
TJS,3,2022-07…2022-12,BUY_NOW,5,20,50.0,5,5,0.2,0.3230769230769231,0.6190476190476191,0.0,1.857142857142857,0.6,0.6538461538461539,0.9176470588235294,133.61410020631382,163.51128752215095,-29.89718731583713,-235.44679370402966,176.5688539495518,-71.93550618187871,340.08014147170275,-88.9522591645342,429.1291521615281,-37.79187948911544,167.0735601528963,0.19021739130434784,0.0,0.7520388210823941,67.0,0.5
TJS,4,2023-01…2023-06,BUY_NOW,2,1,0.0,2,2,0.5,0.6016949152542372,0.8309859154929579,,,0.5,0.6016949152542372,0.8309859154929579,-108.41171413816852,14.999430383772784,-123.41114452194131,,,,,,,-31.59337982381882,88.28027788996052,0.07734806629834254,0.0,0.0,115.0,0.8333333333333334
TJS,4,2023-01…2023-06,BUY_NOW,2,1,10.0,2,2,0.5,0.6864406779661016,0.7283950617283951,,,0.5,0.6864406779661016,0.7283950617283951,-108.41171413816852,14.999430383772784,-123.41114452194131,,,,,,,-31.59337982381882,88.28027788996052,0.07734806629834254,0.0,0.0,115.0,0.8333333333333334
TJS,4,2023-01…2023-06,BUY_NOW,2,1,25.0,2,2,0.5,0.7627118644067796,0.6555555555555556,,,0.5,0.7627118644067796,0.6555555555555556,-108.41171413816852,14.999430383772784,-123.41114452194131,,,,,,,-31.59337982381882,88.28027788996052,0.07734806629834254,0.0,0.0,115.0,0.8333333333333334
TJS,4,2023-01…2023-06,BUY_NOW,2,1,50.0,2,2,0.5,0.8305084745762712,0.6020408163265306,,,0.5,0.8305084745762712,0.6020408163265306,-108.41171413816852,14.999430383772784,-123.41114452194131,,,,,,,-31.59337982381882,88.28027788996052,0.07734806629834254,0.0,0.0,115.0,0.8333333333333334
TJS,4,2023-01…2023-06,BUY_NOW,2,3,0.0,2,2,0.5,0.5,1.0,,,0.5,0.635593220338983,0.7866666666666667,-97.9943516800874,31.863557547732114,-129.8579092278195,,,,,,,-4.944110102745313,88.28027788996052,0.07734806629834254,0.0,0.0,115.0,0.8333333333333334
TJS,4,2023-01…2023-06,BUY_NOW,2,3,10.0,2,2,0.5,0.576271186440678,0.8676470588235294,,,0.5,0.6864406779661016,0.7283950617283951,-97.9943516800874,31.863557547732114,-129.8579092278195,,,,,,,-4.944110102745313,88.28027788996052,0.07734806629834254,0.0,0.0,115.0,0.8333333333333334
TJS,4,2023-01…2023-06,BUY_NOW,2,3,25.0,2,2,0.5,0.635593220338983,0.7866666666666667,,,0.5,0.7288135593220338,0.686046511627907,-97.9943516800874,31.863557547732114,-129.8579092278195,,,,,,,-4.944110102745313,88.28027788996052,0.07734806629834254,0.0,0.0,115.0,0.8333333333333334
TJS,4,2023-01…2023-06,BUY_NOW,2,3,50.0,2,2,0.5,0.7288135593220338,0.686046511627907,,,0.5,0.8135593220338984,0.6145833333333333,-97.9943516800874,31.863557547732114,-129.8579092278195,,,,,,,-4.944110102745313,88.28027788996052,0.07734806629834254,0.0,0.0,115.0,0.8333333333333334
TJS,4,2023-01…2023-06,BUY_NOW,2,5,0.0,2,2,0.5,0.4322033898305085,1.156862745098039,,,0.5,0.652542372881356,0.7662337662337662,-46.443505580031626,51.74543005669356,-98.18893563672518,,,,,,,40.58160255902998,88.28027788996052,0.07734806629834254,0.0,0.0,115.0,0.8333333333333334
TJS,4,2023-01…2023-06,BUY_NOW,2,5,10.0,2,2,0.5,0.5,1.0,,,0.5,0.6949152542372882,0.7195121951219512,-46.443505580031626,51.74543005669356,-98.18893563672518,,,,,,,40.58160255902998,88.28027788996052,0.07734806629834254,0.0,0.0,115.0,0.8333333333333334
TJS,4,2023-01…2023-06,BUY_NOW,2,5,25.0,2,2,0.5,0.559322033898305,0.893939393939394,,,0.5,0.7711864406779662,0.6483516483516483,-46.443505580031626,51.74543005669356,-98.18893563672518,,,,,,,40.58160255902998,88.28027788996052,0.07734806629834254,0.0,0.0,115.0,0.8333333333333334
TJS,4,2023-01…2023-06,BUY_NOW,2,5,50.0,2,2,0.5,0.6949152542372882,0.7195121951219512,,,0.5,0.8305084745762712,0.6020408163265306,-46.443505580031626,51.74543005669356,-98.18893563672518,,,,,,,40.58160255902998,88.28027788996052,0.07734806629834254,0.0,0.0,115.0,0.8333333333333334
TJS,4,2023-01…2023-06,BUY_NOW,2,10,0.0,2,2,0.5,0.3983050847457627,1.2553191489361701,,,1.0,0.7203389830508474,1.388235294117647,81.1463429449677,100.6162968625604,-19.469953917592704,,,,,,,110.0962847202358,88.28027788996052,0.07734806629834254,0.0,0.0,115.0,0.8333333333333334
TJS,4,2023-01…2023-06,BUY_NOW,2,10,10.0,2,2,0.5,0.4661016949152542,1.0727272727272728,,,1.0,0.7542372881355932,1.3258426966292136,81.1463429449677,100.6162968625604,-19.469953917592704,,,,,,,110.0962847202358,88.28027788996052,0.07734806629834254,0.0,0.0,115.0,0.8333333333333334
TJS,4,2023-01…2023-06,BUY_NOW,2,10,25.0,2,2,0.5,0.5169491525423728,0.9672131147540984,,,1.0,0.7711864406779662,1.2967032967032965,81.1463429449677,100.6162968625604,-19.469953917592704,,,,,,,110.0962847202358,88.28027788996052,0.07734806629834254,0.0,0.0,115.0,0.8333333333333334
TJS,4,2023-01…2023-06,BUY_NOW,2,10,50.0,2,2,0.5,0.6271186440677966,0.7972972972972973,,,1.0,0.788135593220339,1.2688172043010753,81.1463429449677,100.6162968625604,-19.469953917592704,,,,,,,110.0962847202358,88.28027788996052,0.07734806629834254,0.0,0.0,115.0,0.8333333333333334
TJS,4,2023-01…2023-06,BUY_NOW,2,20,0.0,2,2,0.5,0.3559322033898305,1.4047619047619049,,,1.0,0.7627118644067796,1.3111111111111111,228.1207123624984,194.18642689935936,33.93428546313905,,,,,,,183.59804689230594,88.28027788996052,0.07734806629834254,0.0,0.0,115.0,0.8333333333333334
TJS,4,2023-01…2023-06,BUY_NOW,2,20,10.0,2,2,0.5,0.4406779661016949,1.1346153846153846,,,1.0,0.7627118644067796,1.3111111111111111,228.1207123624984,194.18642689935936,33.93428546313905,,,,,,,183.59804689230594,88.28027788996052,0.07734806629834254,0.0,0.0,115.0,0.8333333333333334
TJS,4,2023-01…2023-06,BUY_NOW,2,20,25.0,2,2,0.5,0.4915254237288136,1.0172413793103448,,,1.0,0.7627118644067796,1.3111111111111111,228.1207123624984,194.18642689935936,33.93428546313905,,,,,,,183.59804689230594,88.28027788996052,0.07734806629834254,0.0,0.0,115.0,0.8333333333333334
TJS,4,2023-01…2023-06,BUY_NOW,2,20,50.0,2,2,0.5,0.5932203389830508,0.8428571428571429,,,1.0,0.7711864406779662,1.2967032967032965,228.1207123624984,194.18642689935936,33.93428546313905,,,,,,,183.59804689230594,88.28027788996052,0.07734806629834254,0.0,0.0,115.0,0.8333333333333334
TJS,5,2023-07…2023-12,BUY_NOW,12,1,0.0,12,12,0.3333333333333333,0.5426356589147286,0.6142857142857143,0.15357142857142858,1.0750000000000002,0.3333333333333333,0.5426356589147286,0.6142857142857143,-21.7262848168324,1.0368924686202663,-22.763177285452667,-62.67833667489957,18.448557796152663,-61.6414442062793,19.48545026477293,-51.546476222325666,38.40379838117077,21.02914627341662,-15.315623495957917,0.4565217391304348,0.0,0.7335569966587047,38.0,0.0
TJS,5,2023-07…2023-12,BUY_NOW,12,1,10.0,12,12,0.4166666666666667,0.627906976744186,0.6635802469135803,0.26543209876543206,1.0617283950617282,0.4166666666666667,0.627906976744186,0.6635802469135803,-21.7262848168324,1.0368924686202663,-22.763177285452667,-62.67833667489957,18.448557796152663,-61.6414442062793,19.48545026477293,-51.546476222325666,38.40379838117077,21.02914627341662,-15.315623495957917,0.4565217391304348,0.0,0.7335569966587047,38.0,0.0
TJS,5,2023-07…2023-12,BUY_NOW,12,1,25.0,12,12,0.4166666666666667,0.689922480620155,0.6039325842696629,0.24157303370786515,0.9662921348314606,0.4166666666666667,0.689922480620155,0.6039325842696629,-21.7262848168324,1.0368924686202663,-22.763177285452667,-62.67833667489957,18.448557796152663,-61.6414442062793,19.48545026477293,-51.546476222325666,38.40379838117077,21.02914627341662,-15.315623495957917,0.4565217391304348,0.0,0.7335569966587047,38.0,0.0
TJS,5,2023-07…2023-12,BUY_NOW,12,1,50.0,12,12,0.5833333333333334,0.7984496124031008,0.7305825242718448,0.4174757281553398,1.0436893203883495,0.5833333333333334,0.7984496124031008,0.7305825242718448,-21.7262848168324,1.0368924686202663,-22.763177285452667,-62.67833667489957,18.448557796152663,-61.6414442062793,19.48545026477293,-51.546476222325666,38.40379838117077,21.02914627341662,-15.315623495957917,0.4565217391304348,0.0,0.7335569966587047,38.0,0.0
TJS,5,2023-07…2023-12,BUY_NOW,12,3,0.0,12,12,0.25,0.3953488372093023,0.6323529411764707,0.0,1.2647058823529413,0.3333333333333333,0.5581395348837209,0.5972222222222222,-32.86091615110777,0.8443323016044321,-33.705248452712205,-104.08468341202781,31.643433528436525,-103.24035111042338,32.487765830040956,-88.53544112165758,51.68943289947007,29.39923094685446,-15.315623495957917,0.4565217391304348,0.0,0.7335569966587047,38.0,0.0
TJS,5,2023-07…2023-12,BUY_NOW,12,3,10.0,12,12,0.25,0.4806201550387597,0.5201612903225806,0.0,1.0403225806451613,0.3333333333333333,0.5736434108527132,0.581081081081081,-32.86091615110777,0.8443323016044321,-33.705248452712205,-104.08468341202781,31.643433528436525,-103.24035111042338,32.487765830040956,-88.53544112165758,51.68943289947007,29.39923094685446,-15.315623495957917,0.4565217391304348,0.0,0.7335569966587047,38.0,0.0
TJS,5,2023-07…2023-12,BUY_NOW,12,3,25.0,12,12,0.3333333333333333,0.5193798449612403,0.6417910447761194,0.16044776119402984,1.123134328358209,0.3333333333333333,0.6356589147286822,0.5243902439024389,-32.86091615110777,0.8443323016044321,-33.705248452712205,-104.08468341202781,31.643433528436525,-103.24035111042338,32.487765830040956,-88.53544112165758,51.68943289947007,29.39923094685446,-15.315623495957917,0.4565217391304348,0.0,0.7335569966587047,38.0,0.0
TJS,5,2023-07…2023-12,BUY_NOW,12,3,50.0,12,12,0.3333333333333333,0.5968992248062015,0.5584415584415584,0.1396103896103896,0.9772727272727274,0.6666666666666666,0.7286821705426356,0.9148936170212766,-32.86091615110777,0.8443323016044321,-33.705248452712205,-104.08468341202781,31.643433528436525,-103.24035111042338,32.487765830040956,-88.53544112165758,51.68943289947007,29.39923094685446,-15.315623495957917,0.4565217391304348,0.0,0.7335569966587047,38.0,0.0
TJS,5,2023-07…2023-12,BUY_NOW,12,5,0.0,12,12,0.25,0.3333333333333333,0.75,0.0,1.5,0.4166666666666667,0.5116279069767442,0.8143939393939394,-24.244300334351298,-1.3567943552337887,-22.88750597911751,-106.76707627302648,49.68193577659964,-108.12387062826026,48.32514142136585,-78.64772448737641,63.73595635845539,50.88858083114045,-15.315623495957917,0.4565217391304348,0.0,0.7335569966587047,38.0,0.0
TJS,5,2023-07…2023-12,BUY_NOW,12,5,10.0,12,12,0.25,0.4186046511627907,0.5972222222222222,0.0,1.1944444444444444,0.4166666666666667,0.5426356589147286,0.7678571428571429,-24.244300334351298,-1.3567943552337887,-22.88750597911751,-106.76707627302648,49.68193577659964,-108.12387062826026,48.32514142136585,-78.64772448737641,63.73595635845539,50.88858083114045,-15.315623495957917,0.4565217391304348,0.0,0.7335569966587047,38.0,0.0
TJS,5,2023-07…2023-12,BUY_NOW,12,5,25.0,12,12,0.3333333333333333,0.4496124031007752,0.7413793103448275,0.18534482758620688,1.2974137931034484,0.5833333333333334,0.5813953488372093,1.0033333333333334,-24.244300334351298,-1.3567943552337887,-22.88750597911751,-106.76707627302648,49.68193577659964,-108.12387062826026,48.32514142136585,-78.64772448737641,63.73595635845539,50.88858083114045,-15.315623495957917,0.4565217391304348,0.0,0.7335569966587047,38.0,0.0
TJS,5,2023-07…2023-12,BUY_NOW,12,5,50.0,12,12,0.3333333333333333,0.4883720930232558,0.6825396825396826,0.17063492063492064,1.1944444444444446,0.6666666666666666,0.6356589147286822,1.0487804878048779,-24.244300334351298,-1.3567943552337887,-22.88750597911751,-106.76707627302648,49.68193577659964,-108.12387062826026,48.32514142136585,-78.64772448737641,63.73595635845539,50.88858083114045,-15.315623495957917,0.4565217391304348,0.0,0.7335569966587047,38.0,0.0
TJS,5,2023-07…2023-12,BUY_NOW,12,10,0.0,12,12,0.16666666666666666,0.17054263565891473,0.9772727272727272,0.0,2.4431818181818183,0.5833333333333334,0.5193798449612403,1.123134328358209,-12.36355724736552,-6.624721135510256,-5.738836111855264,-116.44133123094706,94.55834407845579,-123.06605236645731,87.93362294294553,-84.38540826929297,111.53747910208078,71.87261331963032,-15.315623495957917,0.4565217391304348,0.0,0.7335569966587047,38.0,0.0
TJS,5,2023-07…2023-12,BUY_NOW,12,10,10.0,12,12,0.16666666666666666,0.24806201550387597,0.671875,0.0,1.6796875,0.5833333333333334,0.5193798449612403,1.123134328358209,-12.36355724736552,-6.624721135510256,-5.738836111855264,-116.44133123094706,94.55834407845579,-123.06605236645731,87.93362294294553,-84.38540826929297,111.53747910208078,71.87261331963032,-15.315623495957917,0.4565217391304348,0.0,0.7335569966587047,38.0,0.0
TJS,5,2023-07…2023-12,BUY_NOW,12,10,25.0,12,12,0.25,0.3023255813953488,0.826923076923077,0.0,1.653846153846154,0.5833333333333334,0.5426356589147286,1.0750000000000002,-12.36355724736552,-6.624721135510256,-5.738836111855264,-116.44133123094706,94.55834407845579,-123.06605236645731,87.93362294294553,-84.38540826929297,111.53747910208078,71.87261331963032,-15.315623495957917,0.4565217391304348,0.0,0.7335569966587047,38.0,0.0
TJS,5,2023-07…2023-12,BUY_NOW,12,10,50.0,12,12,0.25,0.3643410852713178,0.6861702127659575,0.0,1.372340425531915,0.5833333333333334,0.5891472868217055,0.9901315789473684,-12.36355724736552,-6.624721135510256,-5.738836111855264,-116.44133123094706,94.55834407845579,-123.06605236645731,87.93362294294553,-84.38540826929297,111.53747910208078,71.87261331963032,-15.315623495957917,0.4565217391304348,0.0,0.7335569966587047,38.0,0.0
TJS,5,2023-07…2023-12,BUY_NOW,12,20,0.0,12,12,0.16666666666666666,0.11627906976744186,1.4333333333333333,0.0,3.5833333333333335,0.4166666666666667,0.5116279069767442,0.8143939393939394,-10.630966487931437,-14.369798255992611,3.738831768061175,-145.2923231533091,154.6434356286131,-159.6621214093017,140.2736373726205,-147.75310152405396,183.20582736867163,79.3356968614466,-15.315623495957917,0.4565217391304348,0.0,0.7335569966587047,38.0,0.0
TJS,5,2023-07…2023-12,BUY_NOW,12,20,10.0,12,12,0.16666666666666666,0.18604651162790697,0.8958333333333333,0.0,2.2395833333333335,0.4166666666666667,0.5116279069767442,0.8143939393939394,-10.630966487931437,-14.369798255992611,3.738831768061175,-145.2923231533091,154.6434356286131,-159.6621214093017,140.2736373726205,-147.75310152405396,183.20582736867163,79.3356968614466,-15.315623495957917,0.4565217391304348,0.0,0.7335569966587047,38.0,0.0
TJS,5,2023-07…2023-12,BUY_NOW,12,20,25.0,12,12,0.25,0.24031007751937986,1.0403225806451613,0.0,2.0806451612903225,0.5,0.5426356589147286,0.9214285714285715,-10.630966487931437,-14.369798255992611,3.738831768061175,-145.2923231533091,154.6434356286131,-159.6621214093017,140.2736373726205,-147.75310152405396,183.20582736867163,79.3356968614466,-15.315623495957917,0.4565217391304348,0.0,0.7335569966587047,38.0,0.0
TJS,5,2023-07…2023-12,BUY_NOW,12,20,50.0,12,12,0.25,0.27906976744186046,0.8958333333333334,0.0,1.7916666666666667,0.5,0.5426356589147286,0.9214285714285715,-10.630966487931437,-14.369798255992611,3.738831768061175,-145.2923231533091,154.6434356286131,-159.6621214093017,140.2736373726205,-147.75310152405396,183.20582736867163,79.3356968614466,-15.315623495957917,0.4565217391304348,0.0,0.7335569966587047,38.0,0.0
TJS,6,2024-01…2024-06,BUY_NOW,5,1,0.0,4,4,0.5,0.5128205128205128,0.9750000000000001,,,0.5,0.5128205128205128,0.9750000000000001,13.746604977207532,-0.2450485494214336,13.991653526628966,,,,,,,47.63818841131307,-8.12438689731465,0.15384615384615385,0.0,1.1621755017521476,133.0,0.5
TJS,6,2024-01…2024-06,BUY_NOW,5,1,10.0,4,4,0.75,0.5726495726495726,1.3097014925373136,,,0.75,0.5726495726495726,1.3097014925373136,13.746604977207532,-0.2450485494214336,13.991653526628966,,,,,,,47.63818841131307,-8.12438689731465,0.15384615384615385,0.0,1.1621755017521476,133.0,0.5
TJS,6,2024-01…2024-06,BUY_NOW,5,1,25.0,4,4,1.0,0.7521367521367521,1.3295454545454546,,,1.0,0.7521367521367521,1.3295454545454546,13.746604977207532,-0.2450485494214336,13.991653526628966,,,,,,,47.63818841131307,-8.12438689731465,0.15384615384615385,0.0,1.1621755017521476,133.0,0.5
TJS,6,2024-01…2024-06,BUY_NOW,5,1,50.0,4,4,1.0,0.8205128205128205,1.21875,,,1.0,0.8205128205128205,1.21875,13.746604977207532,-0.2450485494214336,13.991653526628966,,,,,,,47.63818841131307,-8.12438689731465,0.15384615384615385,0.0,1.1621755017521476,133.0,0.5
TJS,6,2024-01…2024-06,BUY_NOW,5,3,0.0,4,4,0.25,0.3504273504273504,0.7134146341463415,,,0.75,0.5128205128205128,1.4625000000000001,38.632486675502506,1.167738813870282,37.464747861632226,,,,,,,76.12967611091646,-8.12438689731465,0.15384615384615385,0.0,1.1621755017521476,133.0,0.5
TJS,6,2024-01…2024-06,BUY_NOW,5,3,10.0,4,4,0.5,0.4188034188034188,1.193877551020408,,,1.0,0.5470085470085471,1.8281249999999998,38.632486675502506,1.167738813870282,37.464747861632226,,,,,,,76.12967611091646,-8.12438689731465,0.15384615384615385,0.0,1.1621755017521476,133.0,0.5
TJS,6,2024-01…2024-06,BUY_NOW,5,3,25.0,4,4,0.75,0.47863247863247865,1.5669642857142856,,,1.0,0.6239316239316239,1.6027397260273972,38.632486675502506,1.167738813870282,37.464747861632226,,,,,,,76.12967611091646,-8.12438689731465,0.15384615384615385,0.0,1.1621755017521476,133.0,0.5
TJS,6,2024-01…2024-06,BUY_NOW,5,3,50.0,4,4,0.75,0.6239316239316239,1.202054794520548,,,1.0,0.7606837606837606,1.3146067415730338,38.632486675502506,1.167738813870282,37.464747861632226,,,,,,,76.12967611091646,-8.12438689731465,0.15384615384615385,0.0,1.1621755017521476,133.0,0.5
TJS,6,2024-01…2024-06,BUY_NOW,5,5,0.0,4,4,0.25,0.28205128205128205,0.8863636363636364,,,0.75,0.49572649572649574,1.5129310344827587,8.787823196192143,3.2843525704186893,5.503470625773454,,,,,,,61.28788249184254,-8.12438689731465,0.15384615384615385,0.0,1.1621755017521476,133.0,0.5
TJS,6,2024-01…2024-06,BUY_NOW,5,5,10.0,4,4,0.5,0.3418803418803419,1.4625,,,0.75,0.5470085470085471,1.3710937499999998,8.787823196192143,3.2843525704186893,5.503470625773454,,,,,,,61.28788249184254,-8.12438689731465,0.15384615384615385,0.0,1.1621755017521476,133.0,0.5
TJS,6,2024-01…2024-06,BUY_NOW,5,5,25.0,4,4,0.75,0.38461538461538464,1.95,,,0.75,0.6239316239316239,1.202054794520548,8.787823196192143,3.2843525704186893,5.503470625773454,,,,,,,61.28788249184254,-8.12438689731465,0.15384615384615385,0.0,1.1621755017521476,133.0,0.5
TJS,6,2024-01…2024-06,BUY_NOW,5,5,50.0,4,4,0.75,0.5042735042735043,1.4872881355932204,,,0.75,0.7264957264957265,1.0323529411764707,8.787823196192143,3.2843525704186893,5.503470625773454,,,,,,,61.28788249184254,-8.12438689731465,0.15384615384615385,0.0,1.1621755017521476,133.0,0.5
TJS,6,2024-01…2024-06,BUY_NOW,5,10,0.0,4,4,0.0,0.23931623931623933,0.0,,,0.5,0.48717948717948717,1.0263157894736843,1.79237611533906,8.875416221837805,-7.0830401064987445,,,,,,,79.90836490775088,-8.12438689731465,0.15384615384615385,0.0,1.1621755017521476,133.0,0.5
TJS,6,2024-01…2024-06,BUY_NOW,5,10,10.0,4,4,0.25,0.2905982905982906,0.8602941176470588,,,0.5,0.5213675213675214,0.9590163934426229,1.79237611533906,8.875416221837805,-7.0830401064987445,,,,,,,79.90836490775088,-8.12438689731465,0.15384615384615385,0.0,1.1621755017521476,133.0,0.5
TJS,6,2024-01…2024-06,BUY_NOW,5,10,25.0,4,4,0.5,0.3162393162393162,1.5810810810810811,,,0.5,0.5726495726495726,0.873134328358209,1.79237611533906,8.875416221837805,-7.0830401064987445,,,,,,,79.90836490775088,-8.12438689731465,0.15384615384615385,0.0,1.1621755017521476,133.0,0.5
TJS,6,2024-01…2024-06,BUY_NOW,5,10,50.0,4,4,0.5,0.39316239316239315,1.2717391304347827,,,0.5,0.6410256410256411,0.7799999999999999,1.79237611533906,8.875416221837805,-7.0830401064987445,,,,,,,79.90836490775088,-8.12438689731465,0.15384615384615385,0.0,1.1621755017521476,133.0,0.5
TJS,6,2024-01…2024-06,BUY_NOW,5,20,0.0,4,4,0.0,0.15384615384615385,0.0,,,0.5,0.5299145299145299,0.9435483870967741,22.45169563607152,16.838282384351277,5.613413251720242,,,,,,,103.12768482390767,-8.12438689731465,0.15384615384615385,0.0,1.1621755017521476,133.0,0.5
TJS,6,2024-01…2024-06,BUY_NOW,5,20,10.0,4,4,0.25,0.1794871794871795,1.3928571428571428,,,0.5,0.5299145299145299,0.9435483870967741,22.45169563607152,16.838282384351277,5.613413251720242,,,,,,,103.12768482390767,-8.12438689731465,0.15384615384615385,0.0,1.1621755017521476,133.0,0.5
TJS,6,2024-01…2024-06,BUY_NOW,5,20,25.0,4,4,0.25,0.19658119658119658,1.2717391304347827,,,0.5,0.5555555555555556,0.8999999999999999,22.45169563607152,16.838282384351277,5.613413251720242,,,,,,,103.12768482390767,-8.12438689731465,0.15384615384615385,0.0,1.1621755017521476,133.0,0.5
TJS,6,2024-01…2024-06,BUY_NOW,5,20,50.0,4,4,0.25,0.28205128205128205,0.8863636363636364,,,0.5,0.5897435897435898,0.8478260869565217,22.45169563607152,16.838282384351277,5.613413251720242,,,,,,,103.12768482390767,-8.12438689731465,0.15384615384615385,0.0,1.1621755017521476,133.0,0.5
TJS,6,2024-01…2024-06,WINDOW_CLOSING,5,1,0.0,1,1,1.0,0.5128205128205128,1.9500000000000002,,,1.0,0.5128205128205128,1.9500000000000002,44.4804534152543,-0.2450485494214336,44.725501964675736,,,,,,,2.0410138317461524,151.68020725285558,0.038461538461538464,0.0,,156.0,0.8333333333333334
TJS,6,2024-01…2024-06,WINDOW_CLOSING,5,1,10.0,1,1,1.0,0.5128205128205128,1.9500000000000002,,,1.0,0.5128205128205128,1.9500000000000002,44.4804534152543,-0.2450485494214336,44.725501964675736,,,,,,,2.0410138317461524,151.68020725285558,0.038461538461538464,0.0,,156.0,0.8333333333333334
TJS,6,2024-01…2024-06,WINDOW_CLOSING,5,1,25.0,1,1,1.0,0.5128205128205128,1.9500000000000002,,,1.0,0.5128205128205128,1.9500000000000002,44.4804534152543,-0.2450485494214336,44.725501964675736,,,,,,,2.0410138317461524,151.68020725285558,0.038461538461538464,0.0,,156.0,0.8333333333333334
TJS,6,2024-01…2024-06,WINDOW_CLOSING,5,1,50.0,1,1,1.0,0.5128205128205128,1.9500000000000002,,,1.0,0.5128205128205128,1.9500000000000002,44.4804534152543,-0.2450485494214336,44.725501964675736,,,,,,,2.0410138317461524,151.68020725285558,0.038461538461538464,0.0,,156.0,0.8333333333333334
TJS,6,2024-01…2024-06,WINDOW_CLOSING,5,3,0.0,1,1,1.0,0.49572649572649574,2.0172413793103448,,,1.0,0.49572649572649574,2.0172413793103448,111.29418888001119,1.167738813870282,110.1264500661409,,,,,,,48.35362353365458,151.68020725285558,0.038461538461538464,0.0,,156.0,0.8333333333333334
TJS,6,2024-01…2024-06,WINDOW_CLOSING,5,3,10.0,1,1,1.0,0.49572649572649574,2.0172413793103448,,,1.0,0.49572649572649574,2.0172413793103448,111.29418888001119,1.167738813870282,110.1264500661409,,,,,,,48.35362353365458,151.68020725285558,0.038461538461538464,0.0,,156.0,0.8333333333333334
TJS,6,2024-01…2024-06,WINDOW_CLOSING,5,3,25.0,1,1,1.0,0.49572649572649574,2.0172413793103448,,,1.0,0.49572649572649574,2.0172413793103448,111.29418888001119,1.167738813870282,110.1264500661409,,,,,,,48.35362353365458,151.68020725285558,0.038461538461538464,0.0,,156.0,0.8333333333333334
TJS,6,2024-01…2024-06,WINDOW_CLOSING,5,3,50.0,1,1,1.0,0.49572649572649574,2.0172413793103448,,,1.0,0.49572649572649574,2.0172413793103448,111.29418888001119,1.167738813870282,110.1264500661409,,,,,,,48.35362353365458,151.68020725285558,0.038461538461538464,0.0,,156.0,0.8333333333333334
TJS,6,2024-01…2024-06,WINDOW_CLOSING,5,5,0.0,1,1,1.0,0.5128205128205128,1.9500000000000002,,,1.0,0.5128205128205128,1.9500000000000002,119.8056508166534,3.2843525704186893,116.52129824623471,,,,,,,61.226692738707285,151.68020725285558,0.038461538461538464,0.0,,156.0,0.8333333333333334
TJS,6,2024-01…2024-06,WINDOW_CLOSING,5,5,10.0,1,1,1.0,0.5128205128205128,1.9500000000000002,,,1.0,0.5128205128205128,1.9500000000000002,119.8056508166534,3.2843525704186893,116.52129824623471,,,,,,,61.226692738707285,151.68020725285558,0.038461538461538464,0.0,,156.0,0.8333333333333334
TJS,6,2024-01…2024-06,WINDOW_CLOSING,5,5,25.0,1,1,1.0,0.5128205128205128,1.9500000000000002,,,1.0,0.5128205128205128,1.9500000000000002,119.8056508166534,3.2843525704186893,116.52129824623471,,,,,,,61.226692738707285,151.68020725285558,0.038461538461538464,0.0,,156.0,0.8333333333333334
TJS,6,2024-01…2024-06,WINDOW_CLOSING,5,5,50.0,1,1,1.0,0.5128205128205128,1.9500000000000002,,,1.0,0.5128205128205128,1.9500000000000002,119.8056508166534,3.2843525704186893,116.52129824623471,,,,,,,61.226692738707285,151.68020725285558,0.038461538461538464,0.0,,156.0,0.8333333333333334
TJS,6,2024-01…2024-06,WINDOW_CLOSING,5,10,0.0,1,1,1.0,0.5213675213675214,1.9180327868852458,,,1.0,0.5213675213675214,1.9180327868852458,200.699279875729,8.875416221837805,191.82386365389118,,,,,,,102.57800519124504,151.68020725285558,0.038461538461538464,0.0,,156.0,0.8333333333333334
TJS,6,2024-01…2024-06,WINDOW_CLOSING,5,10,10.0,1,1,1.0,0.5213675213675214,1.9180327868852458,,,1.0,0.5213675213675214,1.9180327868852458,200.699279875729,8.875416221837805,191.82386365389118,,,,,,,102.57800519124504,151.68020725285558,0.038461538461538464,0.0,,156.0,0.8333333333333334
TJS,6,2024-01…2024-06,WINDOW_CLOSING,5,10,25.0,1,1,1.0,0.5213675213675214,1.9180327868852458,,,1.0,0.5213675213675214,1.9180327868852458,200.699279875729,8.875416221837805,191.82386365389118,,,,,,,102.57800519124504,151.68020725285558,0.038461538461538464,0.0,,156.0,0.8333333333333334
TJS,6,2024-01…2024-06,WINDOW_CLOSING,5,10,50.0,1,1,1.0,0.5213675213675214,1.9180327868852458,,,1.0,0.5213675213675214,1.9180327868852458,200.699279875729,8.875416221837805,191.82386365389118,,,,,,,102.57800519124504,151.68020725285558,0.038461538461538464,0.0,,156.0,0.8333333333333334
TJS,6,2024-01…2024-06,WINDOW_CLOSING,5,20,0.0,1,1,1.0,0.5128205128205128,1.9500000000000002,,,1.0,0.5128205128205128,1.9500000000000002,295.04188731122036,16.838282384351277,278.2036049268691,,,,,,,224.4550679179902,151.68020725285558,0.038461538461538464,0.0,,156.0,0.8333333333333334
TJS,6,2024-01…2024-06,WINDOW_CLOSING,5,20,10.0,1,1,1.0,0.5128205128205128,1.9500000000000002,,,1.0,0.5128205128205128,1.9500000000000002,295.04188731122036,16.838282384351277,278.2036049268691,,,,,,,224.4550679179902,151.68020725285558,0.038461538461538464,0.0,,156.0,0.8333333333333334
TJS,6,2024-01…2024-06,WINDOW_CLOSING,5,20,25.0,1,1,1.0,0.5128205128205128,1.9500000000000002,,,1.0,0.5128205128205128,1.9500000000000002,295.04188731122036,16.838282384351277,278.2036049268691,,,,,,,224.4550679179902,151.68020725285558,0.038461538461538464,0.0,,156.0,0.8333333333333334
TJS,6,2024-01…2024-06,WINDOW_CLOSING,5,20,50.0,1,1,1.0,0.5128205128205128,1.9500000000000002,,,1.0,0.5128205128205128,1.9500000000000002,295.04188731122036,16.838282384351277,278.2036049268691,,,,,,,224.4550679179902,151.68020725285558,0.038461538461538464,0.0,,156.0,0.8333333333333334
TJS,7,2024-07…2024-12,BUY_NOW,6,1,0.0,6,6,0.5,0.5801526717557252,0.861842105263158,0.28728070175438597,1.43640350877193,0.5,0.5801526717557252,0.861842105263158,-23.543442228390145,10.62629200515131,-34.169734233541455,-100.05167105726879,18.030175384451134,-89.42537905211748,28.656467389602444,-34.10189546023512,27.88296642810995,28.316680493204093,141.45587406786692,0.2282608695652174,0.0,1.4385983516573706,123.0,0.5
TJS,7,2024-07…2024-12,BUY_NOW,6,1,10.0,6,6,0.5,0.6717557251908397,0.7443181818181818,0.24810606060606058,1.240530303030303,0.5,0.6717557251908397,0.7443181818181818,-23.543442228390145,10.62629200515131,-34.169734233541455,-100.05167105726879,18.030175384451134,-89.42537905211748,28.656467389602444,-34.10189546023512,27.88296642810995,28.316680493204093,141.45587406786692,0.2282608695652174,0.0,1.4385983516573706,123.0,0.5
TJS,7,2024-07…2024-12,BUY_NOW,6,1,25.0,6,6,0.6666666666666666,0.7633587786259542,0.8733333333333332,0.4366666666666666,1.3099999999999998,0.6666666666666666,0.7633587786259542,0.8733333333333332,-23.543442228390145,10.62629200515131,-34.169734233541455,-100.05167105726879,18.030175384451134,-89.42537905211748,28.656467389602444,-34.10189546023512,27.88296642810995,28.316680493204093,141.45587406786692,0.2282608695652174,0.0,1.4385983516573706,123.0,0.5
TJS,7,2024-07…2024-12,BUY_NOW,6,1,50.0,6,6,0.6666666666666666,0.8473282442748091,0.7867867867867868,0.3933933933933934,1.1801801801801801,0.6666666666666666,0.8473282442748091,0.7867867867867868,-23.543442228390145,10.62629200515131,-34.169734233541455,-100.05167105726879,18.030175384451134,-89.42537905211748,28.656467389602444,-34.10189546023512,27.88296642810995,28.316680493204093,141.45587406786692,0.2282608695652174,0.0,1.4385983516573706,123.0,0.5
TJS,7,2024-07…2024-12,BUY_NOW,6,3,0.0,6,6,0.5,0.4580152671755725,1.0916666666666668,0.3638888888888889,1.8194444444444446,0.5,0.5572519083969466,0.8972602739726027,-10.920888553776114,20.864679861233146,-31.78556841500926,-142.12728429490036,74.55826496703989,-121.26260443366722,95.42294482827303,-96.39843047132835,120.15636428084787,38.79244305522814,141.45587406786692,0.2282608695652174,0.0,1.4385983516573706,123.0,0.5
TJS,7,2024-07…2024-12,BUY_NOW,6,3,10.0,6,6,0.5,0.4961832061068702,1.0076923076923077,0.33589743589743587,1.6794871794871795,0.5,0.6412213740458015,0.7797619047619048,-10.920888553776114,20.864679861233146,-31.78556841500926,-142.12728429490036,74.55826496703989,-121.26260443366722,95.42294482827303,-96.39843047132835,120.15636428084787,38.79244305522814,141.45587406786692,0.2282608695652174,0.0,1.4385983516573706,123.0,0.5
TJS,7,2024-07…2024-12,BUY_NOW,6,3,25.0,6,6,0.5,0.5877862595419847,0.8506493506493507,0.28354978354978355,1.4177489177489178,0.5,0.7251908396946565,0.6894736842105263,-10.920888553776114,20.864679861233146,-31.78556841500926,-142.12728429490036,74.55826496703989,-121.26260443366722,95.42294482827303,-96.39843047132835,120.15636428084787,38.79244305522814,141.45587406786692,0.2282608695652174,0.0,1.4385983516573706,123.0,0.5
TJS,7,2024-07…2024-12,BUY_NOW,6,3,50.0,6,6,0.5,0.7175572519083969,0.6968085106382979,0.2322695035460993,1.1613475177304966,0.6666666666666666,0.7938931297709924,0.8397435897435898,-10.920888553776114,20.864679861233146,-31.78556841500926,-142.12728429490036,74.55826496703989,-121.26260443366722,95.42294482827303,-96.39843047132835,120.15636428084787,38.79244305522814,141.45587406786692,0.2282608695652174,0.0,1.4385983516573706,123.0,0.5
TJS,7,2024-07…2024-12,BUY_NOW,6,5,0.0,6,6,0.5,0.4198473282442748,1.190909090909091,0.396969696969697,1.984848484848485,0.5,0.6106870229007634,0.81875,38.64549355992859,31.47642016460822,7.169073395320368,-128.87003307051322,147.62719183899705,-97.393612905905,179.10361200360526,-117.35498028040416,266.4308554853534,82.50179945391828,141.45587406786692,0.2282608695652174,0.0,1.4385983516573706,123.0,0.5
TJS,7,2024-07…2024-12,BUY_NOW,6,5,10.0,6,6,0.5,0.4732824427480916,1.0564516129032258,0.35215053763440857,1.760752688172043,0.5,0.6412213740458015,0.7797619047619048,38.64549355992859,31.47642016460822,7.169073395320368,-128.87003307051322,147.62719183899705,-97.393612905905,179.10361200360526,-117.35498028040416,266.4308554853534,82.50179945391828,141.45587406786692,0.2282608695652174,0.0,1.4385983516573706,123.0,0.5
TJS,7,2024-07…2024-12,BUY_NOW,6,5,25.0,6,6,0.5,0.5343511450381679,0.9357142857142857,0.3119047619047619,1.5595238095238095,0.5,0.7099236641221374,0.7043010752688172,38.64549355992859,31.47642016460822,7.169073395320368,-128.87003307051322,147.62719183899705,-97.393612905905,179.10361200360526,-117.35498028040416,266.4308554853534,82.50179945391828,141.45587406786692,0.2282608695652174,0.0,1.4385983516573706,123.0,0.5
TJS,7,2024-07…2024-12,BUY_NOW,6,5,50.0,6,6,0.5,0.6641221374045801,0.7528735632183908,0.2509578544061303,1.2547892720306515,0.5,0.7709923664122137,0.6485148514851485,38.64549355992859,31.47642016460822,7.169073395320368,-128.87003307051322,147.62719183899705,-97.393612905905,179.10361200360526,-117.35498028040416,266.4308554853534,82.50179945391828,141.45587406786692,0.2282608695652174,0.0,1.4385983516573706,123.0,0.5
TJS,7,2024-07…2024-12,BUY_NOW,6,10,0.0,6,6,0.3333333333333333,0.3435114503816794,0.9703703703703702,0.0,1.9407407407407404,0.6666666666666666,0.6412213740458015,1.0396825396825398,104.71367827199113,56.16007308229302,48.55360518969811,-104.51351210921067,213.52153266552256,-48.35343902691765,269.6816057478156,-29.596056486614348,410.09927534242144,141.18597383224258,141.45587406786692,0.2282608695652174,0.0,1.4385983516573706,123.0,0.5
TJS,7,2024-07…2024-12,BUY_NOW,6,10,10.0,6,6,0.3333333333333333,0.3816793893129771,0.8733333333333332,0.0,1.7466666666666664,0.6666666666666666,0.6412213740458015,1.0396825396825398,104.71367827199113,56.16007308229302,48.55360518969811,-104.51351210921067,213.52153266552256,-48.35343902691765,269.6816057478156,-29.596056486614348,410.09927534242144,141.18597383224258,141.45587406786692,0.2282608695652174,0.0,1.4385983516573706,123.0,0.5
TJS,7,2024-07…2024-12,BUY_NOW,6,10,25.0,6,6,0.3333333333333333,0.44274809160305345,0.7528735632183907,0.0,1.5057471264367814,0.6666666666666666,0.6870229007633588,0.9703703703703702,104.71367827199113,56.16007308229302,48.55360518969811,-104.51351210921067,213.52153266552256,-48.35343902691765,269.6816057478156,-29.596056486614348,410.09927534242144,141.18597383224258,141.45587406786692,0.2282608695652174,0.0,1.4385983516573706,123.0,0.5
TJS,7,2024-07…2024-12,BUY_NOW,6,10,50.0,6,6,0.3333333333333333,0.549618320610687,0.6064814814814814,0.0,1.2129629629629628,0.8333333333333334,0.7251908396946565,1.1491228070175439,104.71367827199113,56.16007308229302,48.55360518969811,-104.51351210921067,213.52153266552256,-48.35343902691765,269.6816057478156,-29.596056486614348,410.09927534242144,141.18597383224258,141.45587406786692,0.2282608695652174,0.0,1.4385983516573706,123.0,0.5
TJS,7,2024-07…2024-12,BUY_NOW,6,20,0.0,6,6,0.16666666666666666,0.21374045801526717,0.7797619047619048,0.0,2.3392857142857144,0.5,0.648854961832061,0.7705882352941177,125.28859827229233,95.96472466495561,29.323873607336722,-157.08187962387925,241.63266956694878,-61.11715495892363,337.5973942319044,-17.764227389743066,542.9883201074381,159.12184864367632,141.45587406786692,0.2282608695652174,0.0,1.4385983516573706,123.0,0.5
TJS,7,2024-07…2024-12,BUY_NOW,6,20,10.0,6,6,0.16666666666666666,0.25190839694656486,0.6616161616161617,0.0,1.984848484848485,0.5,0.6564885496183206,0.7616279069767442,125.28859827229233,95.96472466495561,29.323873607336722,-157.08187962387925,241.63266956694878,-61.11715495892363,337.5973942319044,-17.764227389743066,542.9883201074381,159.12184864367632,141.45587406786692,0.2282608695652174,0.0,1.4385983516573706,123.0,0.5
TJS,7,2024-07…2024-12,BUY_NOW,6,20,25.0,6,6,0.16666666666666666,0.29770992366412213,0.5598290598290598,0.0,1.6794871794871795,0.6666666666666666,0.6717557251908397,0.9924242424242423,125.28859827229233,95.96472466495561,29.323873607336722,-157.08187962387925,241.63266956694878,-61.11715495892363,337.5973942319044,-17.764227389743066,542.9883201074381,159.12184864367632,141.45587406786692,0.2282608695652174,0.0,1.4385983516573706,123.0,0.5
TJS,7,2024-07…2024-12,BUY_NOW,6,20,50.0,6,6,0.3333333333333333,0.3893129770992366,0.8562091503267973,0.0,1.7124183006535947,0.6666666666666666,0.732824427480916,0.9097222222222222,125.28859827229233,95.96472466495561,29.323873607336722,-157.08187962387925,241.63266956694878,-61.11715495892363,337.5973942319044,-17.764227389743066,542.9883201074381,159.12184864367632,141.45587406786692,0.2282608695652174,0.0,1.4385983516573706,123.0,0.5
TJS,8,2025-01…2025-06,BUY_NOW,11,1,0.0,7,7,0.14285714285714285,0.49572649572649574,0.2881773399014778,0.0,0.8645320197044334,0.14285714285714285,0.49572649572649574,0.2881773399014778,-51.15528437066149,-13.226345670018512,-37.92893870064298,-82.81170507662983,2.3343912692209265,-96.03805074664835,-10.891954400797585,-89.85622819741052,-31.836665180508536,26.46462545795496,-56.67307308143035,0.27071823204419887,0.0,0.8703054802844112,67.0,0.3333333333333333
TJS,8,2025-01…2025-06,BUY_NOW,11,1,10.0,7,7,0.14285714285714285,0.5042735042735043,0.28329297820823246,0.0,0.8498789346246973,0.14285714285714285,0.5042735042735043,0.28329297820823246,-51.15528437066149,-13.226345670018512,-37.92893870064298,-82.81170507662983,2.3343912692209265,-96.03805074664835,-10.891954400797585,-89.85622819741052,-31.836665180508536,26.46462545795496,-56.67307308143035,0.27071823204419887,0.0,0.8703054802844112,67.0,0.3333333333333333
TJS,8,2025-01…2025-06,BUY_NOW,11,1,25.0,7,7,0.42857142857142855,0.5897435897435898,0.7267080745341614,0.24223602484472048,1.2111801242236024,0.42857142857142855,0.5897435897435898,0.7267080745341614,-51.15528437066149,-13.226345670018512,-37.92893870064298,-82.81170507662983,2.3343912692209265,-96.03805074664835,-10.891954400797585,-89.85622819741052,-31.836665180508536,26.46462545795496,-56.67307308143035,0.27071823204419887,0.0,0.8703054802844112,67.0,0.3333333333333333
TJS,8,2025-01…2025-06,BUY_NOW,11,1,50.0,7,7,0.5714285714285714,0.717948717948718,0.7959183673469388,0.1989795918367347,1.193877551020408,0.5714285714285714,0.717948717948718,0.7959183673469388,-51.15528437066149,-13.226345670018512,-37.92893870064298,-82.81170507662983,2.3343912692209265,-96.03805074664835,-10.891954400797585,-89.85622819741052,-31.836665180508536,26.46462545795496,-56.67307308143035,0.27071823204419887,0.0,0.8703054802844112,67.0,0.3333333333333333
TJS,8,2025-01…2025-06,BUY_NOW,11,3,0.0,7,7,0.14285714285714285,0.3076923076923077,0.46428571428571425,0.0,1.3928571428571428,0.2857142857142857,0.452991452991453,0.6307277628032345,-43.45480868480427,-25.67608422696345,-17.77872445784082,-134.4721492795245,85.1110021954681,-160.14823350648794,59.43491796850465,-209.11308069199254,26.01605951417813,62.25746722582518,-56.67307308143035,0.27071823204419887,0.0,0.8703054802844112,67.0,0.3333333333333333
TJS,8,2025-01…2025-06,BUY_NOW,11,3,10.0,7,7,0.14285714285714285,0.3333333333333333,0.42857142857142855,0.0,1.2857142857142858,0.5714285714285714,0.48717948717948717,1.1729323308270676,-43.45480868480427,-25.67608422696345,-17.77872445784082,-134.4721492795245,85.1110021954681,-160.14823350648794,59.43491796850465,-209.11308069199254,26.01605951417813,62.25746722582518,-56.67307308143035,0.27071823204419887,0.0,0.8703054802844112,67.0,0.3333333333333333
TJS,8,2025-01…2025-06,BUY_NOW,11,3,25.0,7,7,0.42857142857142855,0.4017094017094017,1.066869300911854,0.35562310030395133,1.7781155015197567,0.5714285714285714,0.5384615384615384,1.0612244897959184,-43.45480868480427,-25.67608422696345,-17.77872445784082,-134.4721492795245,85.1110021954681,-160.14823350648794,59.43491796850465,-209.11308069199254,26.01605951417813,62.25746722582518,-56.67307308143035,0.27071823204419887,0.0,0.8703054802844112,67.0,0.3333333333333333
TJS,8,2025-01…2025-06,BUY_NOW,11,3,50.0,7,7,0.42857142857142855,0.48717948717948717,0.8796992481203008,0.2932330827067669,1.4661654135338347,0.5714285714285714,0.6239316239316239,0.9158512720156555,-43.45480868480427,-25.67608422696345,-17.77872445784082,-134.4721492795245,85.1110021954681,-160.14823350648794,59.43491796850465,-209.11308069199254,26.01605951417813,62.25746722582518,-56.67307308143035,0.27071823204419887,0.0,0.8703054802844112,67.0,0.3333333333333333
TJS,8,2025-01…2025-06,BUY_NOW,11,5,0.0,7,7,0.14285714285714285,0.26495726495726496,0.5391705069124424,0.0,1.6175115207373272,0.42857142857142855,0.4358974358974359,0.9831932773109243,-48.50980984022146,-38.220062010811844,-10.289747829409613,-143.18809931269828,116.12354855891022,-181.40816132351014,77.90348654809837,-234.94016521164318,46.25861218642447,64.21182894954129,-56.67307308143035,0.27071823204419887,0.0,0.8703054802844112,67.0,0.3333333333333333
TJS,8,2025-01…2025-06,BUY_NOW,11,5,10.0,7,7,0.14285714285714285,0.28205128205128205,0.5064935064935064,0.0,1.5194805194805194,0.42857142857142855,0.47863247863247865,0.895408163265306,-48.50980984022146,-38.220062010811844,-10.289747829409613,-143.18809931269828,116.12354855891022,-181.40816132351014,77.90348654809837,-234.94016521164318,46.25861218642447,64.21182894954129,-56.67307308143035,0.27071823204419887,0.0,0.8703054802844112,67.0,0.3333333333333333
TJS,8,2025-01…2025-06,BUY_NOW,11,5,25.0,7,7,0.42857142857142855,0.3333333333333333,1.2857142857142858,0.42857142857142855,2.1428571428571432,0.42857142857142855,0.5470085470085471,0.7834821428571427,-48.50980984022146,-38.220062010811844,-10.289747829409613,-143.18809931269828,116.12354855891022,-181.40816132351014,77.90348654809837,-234.94016521164318,46.25861218642447,64.21182894954129,-56.67307308143035,0.27071823204419887,0.0,0.8703054802844112,67.0,0.3333333333333333
TJS,8,2025-01…2025-06,BUY_NOW,11,5,50.0,7,7,0.42857142857142855,0.4188034188034188,1.0233236151603498,0.3411078717201166,1.7055393586005831,0.42857142857142855,0.6068376068376068,0.7062374245472837,-48.50980984022146,-38.220062010811844,-10.289747829409613,-143.18809931269828,116.12354855891022,-181.40816132351014,77.90348654809837,-234.94016521164318,46.25861218642447,64.21182894954129,-56.67307308143035,0.27071823204419887,0.0,0.8703054802844112,67.0,0.3333333333333333
TJS,8,2025-01…2025-06,BUY_NOW,11,10,0.0,7,7,0.14285714285714285,0.20512820512820512,0.6964285714285714,0.0,2.0892857142857144,0.2857142857142857,0.42735042735042733,0.6685714285714286,-43.60315528577568,-67.38616713893451,23.783011853158833,-110.11941584969644,158.3421023544417,-177.50558298863095,90.95593521550718,-200.46259825531487,62.1161046331925,109.73187569621021,-56.67307308143035,0.27071823204419887,0.0,0.8703054802844112,67.0,0.3333333333333333
TJS,8,2025-01…2025-06,BUY_NOW,11,10,10.0,7,7,0.14285714285714285,0.21367521367521367,0.6685714285714286,0.0,2.005714285714286,0.2857142857142857,0.4358974358974359,0.6554621848739496,-43.60315528577568,-67.38616713893451,23.783011853158833,-110.11941584969644,158.3421023544417,-177.50558298863095,90.95593521550718,-200.46259825531487,62.1161046331925,109.73187569621021,-56.67307308143035,0.27071823204419887,0.0,0.8703054802844112,67.0,0.3333333333333333
TJS,8,2025-01…2025-06,BUY_NOW,11,10,25.0,7,7,0.2857142857142857,0.24786324786324787,1.1527093596059113,0.0,2.3054187192118225,0.42857142857142855,0.49572649572649574,0.8645320197044334,-43.60315528577568,-67.38616713893451,23.783011853158833,-110.11941584969644,158.3421023544417,-177.50558298863095,90.95593521550718,-200.46259825531487,62.1161046331925,109.73187569621021,-56.67307308143035,0.27071823204419887,0.0,0.8703054802844112,67.0,0.3333333333333333
TJS,8,2025-01…2025-06,BUY_NOW,11,10,50.0,7,7,0.2857142857142857,0.3076923076923077,0.9285714285714285,0.0,1.857142857142857,0.5714285714285714,0.5641025641025641,1.0129870129870129,-43.60315528577568,-67.38616713893451,23.783011853158833,-110.11941584969644,158.3421023544417,-177.50558298863095,90.95593521550718,-200.46259825531487,62.1161046331925,109.73187569621021,-56.67307308143035,0.27071823204419887,0.0,0.8703054802844112,67.0,0.3333333333333333
TJS,8,2025-01…2025-06,BUY_NOW,11,20,0.0,7,7,0.14285714285714285,0.1452991452991453,0.9831932773109242,0.0,2.949579831932773,0.2857142857142857,0.4188034188034188,0.6822157434402332,-34.77677895245652,-112.63640534071882,77.85962638826231,-61.78025912496804,219.41998094159686,-174.41666446568686,106.78357560087805,-217.33289442598115,102.14030765268693,145.5985422811477,-56.67307308143035,0.27071823204419887,0.0,0.8703054802844112,67.0,0.3333333333333333
TJS,8,2025-01…2025-06,BUY_NOW,11,20,10.0,7,7,0.14285714285714285,0.1452991452991453,0.9831932773109242,0.0,2.949579831932773,0.2857142857142857,0.4444444444444444,0.6428571428571429,-34.77677895245652,-112.63640534071882,77.85962638826231,-61.78025912496804,219.41998094159686,-174.41666446568686,106.78357560087805,-217.33289442598115,102.14030765268693,145.5985422811477,-56.67307308143035,0.27071823204419887,0.0,0.8703054802844112,67.0,0.3333333333333333
TJS,8,2025-01…2025-06,BUY_NOW,11,20,25.0,7,7,0.2857142857142857,0.19658119658119658,1.4534161490683228,0.0,2.9068322981366457,0.42857142857142855,0.4700854700854701,0.9116883116883117,-34.77677895245652,-112.63640534071882,77.85962638826231,-61.78025912496804,219.41998094159686,-174.41666446568686,106.78357560087805,-217.33289442598115,102.14030765268693,145.5985422811477,-56.67307308143035,0.27071823204419887,0.0,0.8703054802844112,67.0,0.3333333333333333
TJS,8,2025-01…2025-06,BUY_NOW,11,20,50.0,7,7,0.2857142857142857,0.2222222222222222,1.2857142857142858,0.0,2.5714285714285716,0.42857142857142855,0.49572649572649574,0.8645320197044334,-34.77677895245652,-112.63640534071882,77.85962638826231,-61.78025912496804,219.41998094159686,-174.41666446568686,106.78357560087805,-217.33289442598115,102.14030765268693,145.5985422811477,-56.67307308143035,0.27071823204419887,0.0,0.8703054802844112,67.0,0.3333333333333333
TJS,8,2025-01…2025-06,WINDOW_CLOSING,11,1,0.0,4,4,0.5,0.49572649572649574,1.0086206896551724,,,0.5,0.49572649572649574,1.0086206896551724,46.78887887916761,-13.226345670018512,60.01522454918612,,,,,,,-19.647110214217335,26.74568785830528,0.15469613259668508,0.0,0.2977291710259148,96.0,0.6666666666666666
TJS,8,2025-01…2025-06,WINDOW_CLOSING,11,1,10.0,4,4,0.5,0.49572649572649574,1.0086206896551724,,,0.5,0.49572649572649574,1.0086206896551724,46.78887887916761,-13.226345670018512,60.01522454918612,,,,,,,-19.647110214217335,26.74568785830528,0.15469613259668508,0.0,0.2977291710259148,96.0,0.6666666666666666
TJS,8,2025-01…2025-06,WINDOW_CLOSING,11,1,25.0,4,4,0.5,0.49572649572649574,1.0086206896551724,,,0.5,0.49572649572649574,1.0086206896551724,46.78887887916761,-13.226345670018512,60.01522454918612,,,,,,,-19.647110214217335,26.74568785830528,0.15469613259668508,0.0,0.2977291710259148,96.0,0.6666666666666666
TJS,8,2025-01…2025-06,WINDOW_CLOSING,11,1,50.0,4,4,0.5,0.49572649572649574,1.0086206896551724,,,0.5,0.49572649572649574,1.0086206896551724,46.78887887916761,-13.226345670018512,60.01522454918612,,,,,,,-19.647110214217335,26.74568785830528,0.15469613259668508,0.0,0.2977291710259148,96.0,0.6666666666666666
TJS,8,2025-01…2025-06,WINDOW_CLOSING,11,3,0.0,4,4,0.75,0.452991452991453,1.6556603773584906,,,0.75,0.452991452991453,1.6556603773584906,45.57060386009864,-25.67608422696345,71.2466880870621,,,,,,,24.45599094059892,26.74568785830528,0.15469613259668508,0.0,0.2977291710259148,96.0,0.6666666666666666
TJS,8,2025-01…2025-06,WINDOW_CLOSING,11,3,10.0,4,4,0.75,0.452991452991453,1.6556603773584906,,,0.75,0.452991452991453,1.6556603773584906,45.57060386009864,-25.67608422696345,71.2466880870621,,,,,,,24.45599094059892,26.74568785830528,0.15469613259668508,0.0,0.2977291710259148,96.0,0.6666666666666666
TJS,8,2025-01…2025-06,WINDOW_CLOSING,11,3,25.0,4,4,0.75,0.452991452991453,1.6556603773584906,,,0.75,0.452991452991453,1.6556603773584906,45.57060386009864,-25.67608422696345,71.2466880870621,,,,,,,24.45599094059892,26.74568785830528,0.15469613259668508,0.0,0.2977291710259148,96.0,0.6666666666666666
TJS,8,2025-01…2025-06,WINDOW_CLOSING,11,3,50.0,4,4,0.75,0.452991452991453,1.6556603773584906,,,0.75,0.452991452991453,1.6556603773584906,45.57060386009864,-25.67608422696345,71.2466880870621,,,,,,,24.45599094059892,26.74568785830528,0.15469613259668508,0.0,0.2977291710259148,96.0,0.6666666666666666
TJS,8,2025-01…2025-06,WINDOW_CLOSING,11,5,0.0,4,4,0.75,0.49572649572649574,1.5129310344827587,,,0.75,0.49572649572649574,1.5129310344827587,41.34945844182198,-38.220062010811844,79.56952045263382,,,,,,,35.006381886585615,26.74568785830528,0.15469613259668508,0.0,0.2977291710259148,96.0,0.6666666666666666
TJS,8,2025-01…2025-06,WINDOW_CLOSING,11,5,10.0,4,4,0.75,0.49572649572649574,1.5129310344827587,,,0.75,0.49572649572649574,1.5129310344827587,41.34945844182198,-38.220062010811844,79.56952045263382,,,,,,,35.006381886585615,26.74568785830528,0.15469613259668508,0.0,0.2977291710259148,96.0,0.6666666666666666
TJS,8,2025-01…2025-06,WINDOW_CLOSING,11,5,25.0,4,4,0.75,0.49572649572649574,1.5129310344827587,,,0.75,0.49572649572649574,1.5129310344827587,41.34945844182198,-38.220062010811844,79.56952045263382,,,,,,,35.006381886585615,26.74568785830528,0.15469613259668508,0.0,0.2977291710259148,96.0,0.6666666666666666
TJS,8,2025-01…2025-06,WINDOW_CLOSING,11,5,50.0,4,4,0.75,0.49572649572649574,1.5129310344827587,,,0.75,0.49572649572649574,1.5129310344827587,41.34945844182198,-38.220062010811844,79.56952045263382,,,,,,,35.006381886585615,26.74568785830528,0.15469613259668508,0.0,0.2977291710259148,96.0,0.6666666666666666
TJS,8,2025-01…2025-06,WINDOW_CLOSING,11,10,0.0,4,4,0.5,0.42735042735042733,1.1700000000000002,,,0.5,0.42735042735042733,1.1700000000000002,-15.758282898171704,-67.38616713893451,51.62788424076281,,,,,,,55.249585253706606,26.74568785830528,0.15469613259668508,0.0,0.2977291710259148,96.0,0.6666666666666666
TJS,8,2025-01…2025-06,WINDOW_CLOSING,11,10,10.0,4,4,0.5,0.42735042735042733,1.1700000000000002,,,0.5,0.42735042735042733,1.1700000000000002,-15.758282898171704,-67.38616713893451,51.62788424076281,,,,,,,55.249585253706606,26.74568785830528,0.15469613259668508,0.0,0.2977291710259148,96.0,0.6666666666666666
TJS,8,2025-01…2025-06,WINDOW_CLOSING,11,10,25.0,4,4,0.5,0.42735042735042733,1.1700000000000002,,,0.5,0.42735042735042733,1.1700000000000002,-15.758282898171704,-67.38616713893451,51.62788424076281,,,,,,,55.249585253706606,26.74568785830528,0.15469613259668508,0.0,0.2977291710259148,96.0,0.6666666666666666
TJS,8,2025-01…2025-06,WINDOW_CLOSING,11,10,50.0,4,4,0.5,0.42735042735042733,1.1700000000000002,,,0.5,0.42735042735042733,1.1700000000000002,-15.758282898171704,-67.38616713893451,51.62788424076281,,,,,,,55.249585253706606,26.74568785830528,0.15469613259668508,0.0,0.2977291710259148,96.0,0.6666666666666666
TJS,8,2025-01…2025-06,WINDOW_CLOSING,11,20,0.0,4,4,0.5,0.48717948717948717,1.0263157894736843,,,0.5,0.48717948717948717,1.0263157894736843,-116.3579011327598,-112.63640534071882,-3.721495792040983,,,,,,,140.0378243620115,26.74568785830528,0.15469613259668508,0.0,0.2977291710259148,96.0,0.6666666666666666
TJS,8,2025-01…2025-06,WINDOW_CLOSING,11,20,10.0,4,4,0.5,0.48717948717948717,1.0263157894736843,,,0.5,0.48717948717948717,1.0263157894736843,-116.3579011327598,-112.63640534071882,-3.721495792040983,,,,,,,140.0378243620115,26.74568785830528,0.15469613259668508,0.0,0.2977291710259148,96.0,0.6666666666666666
TJS,8,2025-01…2025-06,WINDOW_CLOSING,11,20,25.0,4,4,0.5,0.48717948717948717,1.0263157894736843,,,0.5,0.48717948717948717,1.0263157894736843,-116.3579011327598,-112.63640534071882,-3.721495792040983,,,,,,,140.0378243620115,26.74568785830528,0.15469613259668508,0.0,0.2977291710259148,96.0,0.6666666666666666
TJS,8,2025-01…2025-06,WINDOW_CLOSING,11,20,50.0,4,4,0.5,0.48717948717948717,1.0263157894736843,,,0.5,0.48717948717948717,1.0263157894736843,-116.3579011327598,-112.63640534071882,-3.721495792040983,,,,,,,140.0378243620115,26.74568785830528,0.15469613259668508,0.0,0.2977291710259148,96.0,0.6666666666666666
TJS,9,2025-07…2025-12,BUY_NOW,2,1,0.0,2,2,0.5,0.5076923076923077,0.9848484848484849,,,0.5,0.5076923076923077,0.9848484848484849,51.80842990815505,4.874504935801267,46.93392497235378,,,,,,,18.424158354698463,126.07221407971548,0.07608695652173914,0.0,0.0,155.0,0.6666666666666666
TJS,9,2025-07…2025-12,BUY_NOW,2,1,10.0,2,2,0.5,0.5692307692307692,0.8783783783783784,,,0.5,0.5692307692307692,0.8783783783783784,51.80842990815505,4.874504935801267,46.93392497235378,,,,,,,18.424158354698463,126.07221407971548,0.07608695652173914,0.0,0.0,155.0,0.6666666666666666
TJS,9,2025-07…2025-12,BUY_NOW,2,1,25.0,2,2,0.5,0.676923076923077,0.7386363636363636,,,0.5,0.676923076923077,0.7386363636363636,51.80842990815505,4.874504935801267,46.93392497235378,,,,,,,18.424158354698463,126.07221407971548,0.07608695652173914,0.0,0.0,155.0,0.6666666666666666
TJS,9,2025-07…2025-12,BUY_NOW,2,1,50.0,2,2,1.0,0.8307692307692308,1.2037037037037037,,,1.0,0.8307692307692308,1.2037037037037037,51.80842990815505,4.874504935801267,46.93392497235378,,,,,,,18.424158354698463,126.07221407971548,0.07608695652173914,0.0,0.0,155.0,0.6666666666666666
TJS,9,2025-07…2025-12,BUY_NOW,2,3,0.0,2,2,0.5,0.36153846153846153,1.3829787234042554,,,1.0,0.5307692307692308,1.8840579710144927,135.4752196919029,9.29726534962248,126.17795434228043,,,,,,,70.35401361014547,126.07221407971548,0.07608695652173914,0.0,0.0,155.0,0.6666666666666666
TJS,9,2025-07…2025-12,BUY_NOW,2,3,10.0,2,2,0.5,0.4,1.25,,,1.0,0.5615384615384615,1.7808219178082192,135.4752196919029,9.29726534962248,126.17795434228043,,,,,,,70.35401361014547,126.07221407971548,0.07608695652173914,0.0,0.0,155.0,0.6666666666666666
TJS,9,2025-07…2025-12,BUY_NOW,2,3,25.0,2,2,0.5,0.46153846153846156,1.0833333333333333,,,1.0,0.6153846153846154,1.625,135.4752196919029,9.29726534962248,126.17795434228043,,,,,,,70.35401361014547,126.07221407971548,0.07608695652173914,0.0,0.0,155.0,0.6666666666666666
TJS,9,2025-07…2025-12,BUY_NOW,2,3,50.0,2,2,1.0,0.5692307692307692,1.7567567567567568,,,1.0,0.7538461538461538,1.3265306122448979,135.4752196919029,9.29726534962248,126.17795434228043,,,,,,,70.35401361014547,126.07221407971548,0.07608695652173914,0.0,0.0,155.0,0.6666666666666666
TJS,9,2025-07…2025-12,BUY_NOW,2,5,0.0,2,2,0.5,0.3076923076923077,1.625,,,1.0,0.5538461538461539,1.8055555555555554,154.7338532244913,12.875036926855215,141.85881629763608,,,,,,,100.99661886606381,126.07221407971548,0.07608695652173914,0.0,0.0,155.0,0.6666666666666666
TJS,9,2025-07…2025-12,BUY_NOW,2,5,10.0,2,2,0.5,0.35384615384615387,1.4130434782608694,,,1.0,0.5615384615384615,1.7808219178082192,154.7338532244913,12.875036926855215,141.85881629763608,,,,,,,100.99661886606381,126.07221407971548,0.07608695652173914,0.0,0.0,155.0,0.6666666666666666
TJS,9,2025-07…2025-12,BUY_NOW,2,5,25.0,2,2,0.5,0.4153846153846154,1.2037037037037037,,,1.0,0.5923076923076923,1.6883116883116882,154.7338532244913,12.875036926855215,141.85881629763608,,,,,,,100.99661886606381,126.07221407971548,0.07608695652173914,0.0,0.0,155.0,0.6666666666666666
TJS,9,2025-07…2025-12,BUY_NOW,2,5,50.0,2,2,1.0,0.49230769230769234,2.03125,,,1.0,0.6538461538461539,1.5294117647058822,154.7338532244913,12.875036926855215,141.85881629763608,,,,,,,100.99661886606381,126.07221407971548,0.07608695652173914,0.0,0.0,155.0,0.6666666666666666
TJS,9,2025-07…2025-12,BUY_NOW,2,10,0.0,2,2,0.5,0.2076923076923077,2.4074074074074074,,,0.5,0.4846153846153846,1.0317460317460319,132.06056646009102,19.48535300660457,112.57521345348646,,,,,,,92.16981115259927,126.07221407971548,0.07608695652173914,0.0,0.0,155.0,0.6666666666666666
TJS,9,2025-07…2025-12,BUY_NOW,2,10,10.0,2,2,0.5,0.24615384615384617,2.03125,,,0.5,0.5076923076923077,0.9848484848484849,132.06056646009102,19.48535300660457,112.57521345348646,,,,,,,92.16981115259927,126.07221407971548,0.07608695652173914,0.0,0.0,155.0,0.6666666666666666
TJS,9,2025-07…2025-12,BUY_NOW,2,10,25.0,2,2,0.5,0.27692307692307694,1.8055555555555554,,,1.0,0.5615384615384615,1.7808219178082192,132.06056646009102,19.48535300660457,112.57521345348646,,,,,,,92.16981115259927,126.07221407971548,0.07608695652173914,0.0,0.0,155.0,0.6666666666666666
TJS,9,2025-07…2025-12,BUY_NOW,2,10,50.0,2,2,0.5,0.3384615384615385,1.4772727272727273,,,1.0,0.6230769230769231,1.6049382716049383,132.06056646009102,19.48535300660457,112.57521345348646,,,,,,,92.16981115259927,126.07221407971548,0.07608695652173914,0.0,0.0,155.0,0.6666666666666666
TJS,9,2025-07…2025-12,BUY_NOW,2,20,0.0,2,2,0.5,0.14615384615384616,3.4210526315789473,,,0.5,0.5384615384615384,0.9285714285714286,87.55965217546293,24.64574363935889,62.91390853610404,,,,,,,21.233755264613016,126.07221407971548,0.07608695652173914,0.0,0.0,155.0,0.6666666666666666
TJS,9,2025-07…2025-12,BUY_NOW,2,20,10.0,2,2,0.5,0.17692307692307693,2.826086956521739,,,0.5,0.5461538461538461,0.915492957746479,87.55965217546293,24.64574363935889,62.91390853610404,,,,,,,21.233755264613016,126.07221407971548,0.07608695652173914,0.0,0.0,155.0,0.6666666666666666
TJS,9,2025-07…2025-12,BUY_NOW,2,20,25.0,2,2,0.5,0.2,2.5,,,0.5,0.5692307692307692,0.8783783783783784,87.55965217546293,24.64574363935889,62.91390853610404,,,,,,,21.233755264613016,126.07221407971548,0.07608695652173914,0.0,0.0,155.0,0.6666666666666666
TJS,9,2025-07…2025-12,BUY_NOW,2,20,50.0,2,2,0.5,0.23846153846153847,2.096774193548387,,,0.5,0.6076923076923076,0.8227848101265823,87.55965217546293,24.64574363935889,62.91390853610404,,,,,,,21.233755264613016,126.07221407971548,0.07608695652173914,0.0,0.0,155.0,0.6666666666666666
TJS,10,2026-01…2026-06,BUY_NOW,16,1,0.0,16,16,0.5625,0.49572649572649574,1.134698275862069,0.6303879310344828,1.639008620689655,0.5625,0.49572649572649574,1.134698275862069,15.715401787224845,0.353865427151634,15.361536360073211,-23.59307983085282,55.66355647923409,-23.239214403701183,56.01742190638572,-9.963368097441762,48.495697679424254,21.998098588046908,26.996788180098235,0.6187845303867403,0.0,0.8037975708966928,39.0,0.0
TJS,10,2026-01…2026-06,BUY_NOW,16,1,10.0,16,16,0.625,0.5384615384615384,1.1607142857142858,0.6964285714285715,1.625,0.625,0.5384615384615384,1.1607142857142858,15.715401787224845,0.353865427151634,15.361536360073211,-23.59307983085282,55.66355647923409,-23.239214403701183,56.01742190638572,-9.963368097441762,48.495697679424254,21.998098588046908,26.996788180098235,0.6187845303867403,0.0,0.8037975708966928,39.0,0.0
TJS,10,2026-01…2026-06,BUY_NOW,16,1,25.0,16,16,0.6875,0.6153846153846154,1.1171875,0.7109375,1.421875,0.6875,0.6153846153846154,1.1171875,15.715401787224845,0.353865427151634,15.361536360073211,-23.59307983085282,55.66355647923409,-23.239214403701183,56.01742190638572,-9.963368097441762,48.495697679424254,21.998098588046908,26.996788180098235,0.6187845303867403,0.0,0.8037975708966928,39.0,0.0
TJS,10,2026-01…2026-06,BUY_NOW,16,1,50.0,16,16,0.75,0.7350427350427351,1.0203488372093024,0.6802325581395349,1.275436046511628,0.75,0.7350427350427351,1.0203488372093024,15.715401787224845,0.353865427151634,15.361536360073211,-23.59307983085282,55.66355647923409,-23.239214403701183,56.01742190638572,-9.963368097441762,48.495697679424254,21.998098588046908,26.996788180098235,0.6187845303867403,0.0,0.8037975708966928,39.0,0.0
TJS,10,2026-01…2026-06,BUY_NOW,16,3,0.0,16,16,0.4375,0.3504273504273504,1.2484756097560976,0.5350609756097562,1.9618902439024393,0.5625,0.47863247863247865,1.1752232142857142,16.923703648726026,0.3319014120378486,16.591802236688178,-44.534467875358324,83.59256138056233,-44.20256646332047,83.92446279260018,-35.406512102844495,93.90707656257632,31.909742783098185,26.996788180098235,0.6187845303867403,0.0,0.8037975708966928,39.0,0.0
TJS,10,2026-01…2026-06,BUY_NOW,16,3,10.0,16,16,0.5,0.358974358974359,1.3928571428571428,0.6964285714285714,2.0892857142857144,0.5625,0.5128205128205128,1.096875,16.923703648726026,0.3319014120378486,16.591802236688178,-44.534467875358324,83.59256138056233,-44.20256646332047,83.92446279260018,-35.406512102844495,93.90707656257632,31.909742783098185,26.996788180098235,0.6187845303867403,0.0,0.8037975708966928,39.0,0.0
TJS,10,2026-01…2026-06,BUY_NOW,16,3,25.0,16,16,0.5625,0.4188034188034188,1.343112244897959,0.7461734693877551,1.9400510204081631,0.6875,0.5811965811965812,1.1829044117647058,16.923703648726026,0.3319014120378486,16.591802236688178,-44.534467875358324,83.59256138056233,-44.20256646332047,83.92446279260018,-35.406512102844495,93.90707656257632,31.909742783098185,26.996788180098235,0.6187845303867403,0.0,0.8037975708966928,39.0,0.0
TJS,10,2026-01…2026-06,BUY_NOW,16,3,50.0,16,16,0.5625,0.49572649572649574,1.134698275862069,0.6303879310344828,1.639008620689655,0.6875,0.6324786324786325,1.0869932432432432,16.923703648726026,0.3319014120378486,16.591802236688178,-44.534467875358324,83.59256138056233,-44.20256646332047,83.92446279260018,-35.406512102844495,93.90707656257632,31.909742783098185,26.996788180098235,0.6187845303867403,0.0,0.8037975708966928,39.0,0.0
TJS,10,2026-01…2026-06,BUY_NOW,16,5,0.0,16,16,0.3125,0.27350427350427353,1.1425781249999998,0.45703124999999994,2.056640625,0.5625,0.5213675213675214,1.0788934426229508,20.942859295773893,0.3391630826619502,20.60369621311194,-48.28739166938679,100.06948038936541,-47.948228586724845,100.40864347202736,-30.8073631986735,110.24159825198477,40.01818629866885,26.996788180098235,0.6187845303867403,0.0,0.8037975708966928,39.0,0.0
TJS,10,2026-01…2026-06,BUY_NOW,16,5,10.0,16,16,0.375,0.28205128205128205,1.3295454545454546,0.4431818181818182,2.215909090909091,0.5625,0.5384615384615384,1.0446428571428572,20.942859295773893,0.3391630826619502,20.60369621311194,-48.28739166938679,100.06948038936541,-47.948228586724845,100.40864347202736,-30.8073631986735,110.24159825198477,40.01818629866885,26.996788180098235,0.6187845303867403,0.0,0.8037975708966928,39.0,0.0
TJS,10,2026-01…2026-06,BUY_NOW,16,5,25.0,16,16,0.4375,0.3247863247863248,1.3470394736842104,0.5773026315789473,2.1167763157894735,0.625,0.5811965811965812,1.0753676470588234,20.942859295773893,0.3391630826619502,20.60369621311194,-48.28739166938679,100.06948038936541,-47.948228586724845,100.40864347202736,-30.8073631986735,110.24159825198477,40.01818629866885,26.996788180098235,0.6187845303867403,0.0,0.8037975708966928,39.0,0.0
TJS,10,2026-01…2026-06,BUY_NOW,16,5,50.0,16,16,0.5,0.4358974358974359,1.1470588235294117,0.5735294117647058,1.7205882352941175,0.625,0.6068376068376068,1.0299295774647887,20.942859295773893,0.3391630826619502,20.60369621311194,-48.28739166938679,100.06948038936541,-47.948228586724845,100.40864347202736,-30.8073631986735,110.24159825198477,40.01818629866885,26.996788180098235,0.6187845303867403,0.0,0.8037975708966928,39.0,0.0
TJS,10,2026-01…2026-06,BUY_NOW,16,10,0.0,16,16,0.25,0.2222222222222222,1.125,0.28125,1.96875,0.5625,0.47863247863247865,1.1752232142857142,27.537334820629532,0.5953112824386947,26.94202353819084,-56.84975250540585,111.98405475998936,-56.25444122296716,112.57936604242806,-35.45569716187196,143.38938820639848,56.857308618649405,26.996788180098235,0.6187845303867403,0.0,0.8037975708966928,39.0,0.0
TJS,10,2026-01…2026-06,BUY_NOW,16,10,10.0,16,16,0.375,0.23931623931623933,1.5669642857142856,0.5223214285714286,2.611607142857143,0.5625,0.48717948717948717,1.1546052631578947,27.537334820629532,0.5953112824386947,26.94202353819084,-56.84975250540585,111.98405475998936,-56.25444122296716,112.57936604242806,-35.45569716187196,143.38938820639848,56.857308618649405,26.996788180098235,0.6187845303867403,0.0,0.8037975708966928,39.0,0.0
TJS,10,2026-01…2026-06,BUY_NOW,16,10,25.0,16,16,0.4375,0.27350427350427353,1.5996093749999998,0.6855468749999999,2.5136718749999996,0.5625,0.5128205128205128,1.096875,27.537334820629532,0.5953112824386947,26.94202353819084,-56.84975250540585,111.98405475998936,-56.25444122296716,112.57936604242806,-35.45569716187196,143.38938820639848,56.857308618649405,26.996788180098235,0.6187845303867403,0.0,0.8037975708966928,39.0,0.0
TJS,10,2026-01…2026-06,BUY_NOW,16,10,50.0,16,16,0.5,0.3333333333333333,1.5,0.75,2.25,0.5625,0.5555555555555556,1.0125,27.537334820629532,0.5953112824386947,26.94202353819084,-56.84975250540585,111.98405475998936,-56.25444122296716,112.57936604242806,-35.45569716187196,143.38938820639848,56.857308618649405,26.996788180098235,0.6187845303867403,0.0,0.8037975708966928,39.0,0.0
TJS,10,2026-01…2026-06,BUY_NOW,16,20,0.0,16,16,0.1875,0.1794871794871795,1.0446428571428572,0.0,2.0892857142857144,0.5625,0.4700854700854701,1.196590909090909,82.02515143349902,12.647688147121416,69.3774632863776,-42.94870975557295,185.84247474014083,-30.30102160845153,198.49016288726224,-28.852487148470964,260.67380089281403,129.8284086663794,26.996788180098235,0.6187845303867403,0.0,0.8037975708966928,39.0,0.0
TJS,10,2026-01…2026-06,BUY_NOW,16,20,10.0,16,16,0.25,0.18803418803418803,1.3295454545454546,0.33238636363636365,2.659090909090909,0.5625,0.48717948717948717,1.1546052631578947,82.02515143349902,12.647688147121416,69.3774632863776,-42.94870975557295,185.84247474014083,-30.30102160845153,198.49016288726224,-28.852487148470964,260.67380089281403,129.8284086663794,26.996788180098235,0.6187845303867403,0.0,0.8037975708966928,39.0,0.0
TJS,10,2026-01…2026-06,BUY_NOW,16,20,25.0,16,16,0.3125,0.20512820512820512,1.5234375,0.609375,2.7421875,0.5625,0.5042735042735043,1.1154661016949152,82.02515143349902,12.647688147121416,69.3774632863776,-42.94870975557295,185.84247474014083,-30.30102160845153,198.49016288726224,-28.852487148470964,260.67380089281403,129.8284086663794,26.996788180098235,0.6187845303867403,0.0,0.8037975708966928,39.0,0.0
TJS,10,2026-01…2026-06,BUY_NOW,16,20,50.0,16,16,0.375,0.26495726495726496,1.4153225806451613,0.47177419354838707,2.3588709677419355,0.5625,0.5299145299145299,1.061491935483871,82.02515143349902,12.647688147121416,69.3774632863776,-42.94870975557295,185.84247474014083,-30.30102160845153,198.49016288726224,-28.852487148470964,260.67380089281403,129.8284086663794,26.996788180098235,0.6187845303867403,0.0,0.8037975708966928,39.0,0.0
UZS,0,2021-01…2021-06,BUY_NOW,16,1,0.0,13,13,0.46153846153846156,0.4661016949152542,0.9902097902097903,0.49510489510489514,1.6503496503496504,0.46153846153846156,0.4661016949152542,0.9902097902097903,8.463493676549819,-2.7203511631751507,11.18384483972497,-21.274928800102437,45.89813919454024,-23.995279963277586,43.17778803136509,-10.382917668937397,40.0825349019703,22.514829746012126,14.297226644520372,0.5027624309392265,0.0,1.0368995518030182,61.0,0.16666666666666666
UZS,0,2021-01…2021-06,BUY_NOW,16,1,10.0,13,13,0.5384615384615384,0.5254237288135594,1.0248138957816375,0.5856079404466501,1.6104218362282876,0.5384615384615384,0.5254237288135594,1.0248138957816375,8.463493676549819,-2.7203511631751507,11.18384483972497,-21.274928800102437,45.89813919454024,-23.995279963277586,43.17778803136509,-10.382917668937397,40.0825349019703,22.514829746012126,14.297226644520372,0.5027624309392265,0.0,1.0368995518030182,61.0,0.16666666666666666
UZS,0,2021-01…2021-06,BUY_NOW,16,1,25.0,13,13,0.7692307692307693,0.6271186440677966,1.2266112266112268,0.8586278586278586,1.5945945945945945,0.7692307692307693,0.6271186440677966,1.2266112266112268,8.463493676549819,-2.7203511631751507,11.18384483972497,-21.274928800102437,45.89813919454024,-23.995279963277586,43.17778803136509,-10.382917668937397,40.0825349019703,22.514829746012126,14.297226644520372,0.5027624309392265,0.0,1.0368995518030182,61.0,0.16666666666666666
UZS,0,2021-01…2021-06,BUY_NOW,16,1,50.0,13,13,0.9230769230769231,0.8135593220338984,1.1346153846153846,0.9455128205128205,1.2291666666666665,0.9230769230769231,0.8135593220338984,1.1346153846153846,8.463493676549819,-2.7203511631751507,11.18384483972497,-21.274928800102437,45.89813919454024,-23.995279963277586,43.17778803136509,-10.382917668937397,40.0825349019703,22.514829746012126,14.297226644520372,0.5027624309392265,0.0,1.0368995518030182,61.0,0.16666666666666666
UZS,0,2021-01…2021-06,BUY_NOW,16,3,0.0,13,13,0.46153846153846156,0.3135593220338983,1.471933471933472,0.735966735966736,2.4532224532224536,0.46153846153846156,0.423728813559322,1.0892307692307694,14.28421487952943,-4.083036626374455,18.367251505903884,-24.669672476843548,62.165656151332726,-28.752709103218002,58.08261952495827,-14.75568265056041,54.00014341238675,33.6139882667319,14.297226644520372,0.5027624309392265,0.0,1.0368995518030182,61.0,0.16666666666666666
UZS,0,2021-01…2021-06,BUY_NOW,16,3,10.0,13,13,0.46153846153846156,0.3474576271186441,1.3283302063789868,0.6641651031894934,2.2138836772983113,0.5384615384615384,0.5169491525423728,1.0416141235813368,14.28421487952943,-4.083036626374455,18.367251505903884,-24.669672476843548,62.165656151332726,-28.752709103218002,58.08261952495827,-14.75568265056041,54.00014341238675,33.6139882667319,14.297226644520372,0.5027624309392265,0.0,1.0368995518030182,61.0,0.16666666666666666
UZS,0,2021-01…2021-06,BUY_NOW,16,3,25.0,13,13,0.5384615384615384,0.3983050847457627,1.3518821603927986,0.5793780687397709,1.9312602291325698,0.6153846153846154,0.5847457627118644,1.0523968784838351,14.28421487952943,-4.083036626374455,18.367251505903884,-24.669672476843548,62.165656151332726,-28.752709103218002,58.08261952495827,-14.75568265056041,54.00014341238675,33.6139882667319,14.297226644520372,0.5027624309392265,0.0,1.0368995518030182,61.0,0.16666666666666666
UZS,0,2021-01…2021-06,BUY_NOW,16,3,50.0,13,13,0.6923076923076923,0.576271186440678,1.2013574660633484,0.8009049773755657,1.6018099547511313,0.7692307692307693,0.6949152542372882,1.1069418386491556,14.28421487952943,-4.083036626374455,18.367251505903884,-24.669672476843548,62.165656151332726,-28.752709103218002,58.08261952495827,-14.75568265056041,54.00014341238675,33.6139882667319,14.297226644520372,0.5027624309392265,0.0,1.0368995518030182,61.0,0.16666666666666666
UZS,0,2021-01…2021-06,BUY_NOW,16,5,0.0,13,13,0.3076923076923077,0.2288135593220339,1.3447293447293447,0.33618233618233617,2.353276353276353,0.46153846153846156,0.4406779661016949,1.047337278106509,12.423032244106484,-5.194482060730622,17.617514304837105,-29.96046272789195,69.75157016371786,-35.15494478862257,64.55708810298724,-18.809081537085678,53.98705236558746,34.84994636011109,14.297226644520372,0.5027624309392265,0.0,1.0368995518030182,61.0,0.16666666666666666
UZS,0,2021-01…2021-06,BUY_NOW,16,5,10.0,13,13,0.3076923076923077,0.2711864406779661,1.1346153846153846,0.28365384615384615,1.985576923076923,0.5384615384615384,0.4830508474576271,1.1147098515519567,12.423032244106484,-5.194482060730622,17.617514304837105,-29.96046272789195,69.75157016371786,-35.15494478862257,64.55708810298724,-18.809081537085678,53.98705236558746,34.84994636011109,14.297226644520372,0.5027624309392265,0.0,1.0368995518030182,61.0,0.16666666666666666
UZS,0,2021-01…2021-06,BUY_NOW,16,5,25.0,13,13,0.46153846153846156,0.3220338983050847,1.4331983805668018,0.4777327935222673,2.1557692307691982,0.5384615384615384,0.5338983050847458,1.0085470085470085,12.423032244106484,-5.194482060730622,17.617514304837105,-29.96046272789195,69.75157016371786,-35.15494478862257,64.55708810298724,-18.809081537085678,53.98705236558746,34.84994636011109,14.297226644520372,0.5027624309392265,0.0,1.0368995518030182,61.0,0.16666666666666666
UZS,0,2021-01…2021-06,BUY_NOW,16,5,50.0,13,13,0.5384615384615384,0.4322033898305085,1.2458521870286574,0.5339366515837104,1.7797888386123681,0.9230769230769231,0.6949152542372882,1.3283302063789868,12.423032244106484,-5.194482060730622,17.617514304837105,-29.96046272789195,69.75157016371786,-35.15494478862257,64.55708810298724,-18.809081537085678,53.98705236558746,34.84994636011109,14.297226644520372,0.5027624309392265,0.0,1.0368995518030182,61.0,0.16666666666666666
UZS,0,2021-01…2021-06,BUY_NOW,16,10,0.0,13,13,0.3076923076923077,0.16101694915254236,1.910931174089069,0.4777327935222673,3.3441295546558707,0.5384615384615384,0.4322033898305085,1.2458521870286574,35.23161535789388,-5.812939425458904,41.04455478335278,-14.795922135559401,106.27534307323734,-20.608861561018305,100.46240364777843,-15.318342658286188,117.06960526275135,56.38761464554118,14.297226644520372,0.5027624309392265,0.0,1.0368995518030182,61.0,0.16666666666666666
UZS,0,2021-01…2021-06,BUY_NOW,16,10,10.0,13,13,0.3076923076923077,0.2033898305084746,1.5128205128205128,0.3782051282051282,2.6474358974358974,0.6153846153846154,0.4830508474576271,1.2739541160593792,35.23161535789388,-5.812939425458904,41.04455478335278,-14.795922135559401,106.27534307323734,-20.608861561018305,100.46240364777843,-15.318342658286188,117.06960526275135,56.38761464554118,14.297226644520372,0.5027624309392265,0.0,1.0368995518030182,61.0,0.16666666666666666
UZS,0,2021-01…2021-06,BUY_NOW,16,10,25.0,13,13,0.3076923076923077,0.2288135593220339,1.3447293447293447,0.33618233618233617,2.353276353276353,0.6923076923076923,0.559322033898305,1.237762237762238,35.23161535789388,-5.812939425458904,41.04455478335278,-14.795922135559401,106.27534307323734,-20.608861561018305,100.46240364777843,-15.318342658286188,117.06960526275135,56.38761464554118,14.297226644520372,0.5027624309392265,0.0,1.0368995518030182,61.0,0.16666666666666666
UZS,0,2021-01…2021-06,BUY_NOW,16,10,50.0,13,13,0.46153846153846156,0.288135593220339,1.6018099547511313,0.8009049773755657,2.4027149321266967,0.7692307692307693,0.6271186440677966,1.2266112266112268,35.23161535789388,-5.812939425458904,41.04455478335278,-14.795922135559401,106.27534307323734,-20.608861561018305,100.46240364777843,-15.318342658286188,117.06960526275135,56.38761464554118,14.297226644520372,0.5027624309392265,0.0,1.0368995518030182,61.0,0.16666666666666666
UZS,0,2021-01…2021-06,BUY_NOW,16,20,0.0,13,13,0.15384615384615385,0.1016949152542373,1.5128205128205128,0.0,3.782051282051282,0.6153846153846154,0.4745762711864407,1.2967032967032968,53.594320850317054,-12.978020395404887,66.57234124572194,-3.3484332813532838,137.74865950890367,-16.32645367675817,124.77063911349877,-28.725728590673615,158.86704562190212,86.39496835168617,14.297226644520372,0.5027624309392265,0.0,1.0368995518030182,61.0,0.16666666666666666
UZS,0,2021-01…2021-06,BUY_NOW,16,20,10.0,13,13,0.15384615384615385,0.1271186440677966,1.2102564102564104,0.0,3.025641025641026,0.6153846153846154,0.5,1.2307692307692308,53.594320850317054,-12.978020395404887,66.57234124572194,-3.3484332813532838,137.74865950890367,-16.32645367675817,124.77063911349877,-28.725728590673615,158.86704562190212,86.39496835168617,14.297226644520372,0.5027624309392265,0.0,1.0368995518030182,61.0,0.16666666666666666
UZS,0,2021-01…2021-06,BUY_NOW,16,20,25.0,13,13,0.15384615384615385,0.13559322033898305,1.1346153846153846,0.0,2.8365384615384617,0.6153846153846154,0.5169491525423728,1.1904161412358136,53.594320850317054,-12.978020395404887,66.57234124572194,-3.3484332813532838,137.74865950890367,-16.32645367675817,124.77063911349877,-28.725728590673615,158.86704562190212,86.39496835168617,14.297226644520372,0.5027624309392265,0.0,1.0368995518030182,61.0,0.16666666666666666
UZS,0,2021-01…2021-06,BUY_NOW,16,20,50.0,13,13,0.38461538461538464,0.19491525423728814,1.9732441471571907,0.7892976588628763,3.551839464882943,0.6153846153846154,0.5338983050847458,1.1526251526251527,53.594320850317054,-12.978020395404887,66.57234124572194,-3.3484332813532838,137.74865950890367,-16.32645367675817,124.77063911349877,-28.725728590673615,158.86704562190212,86.39496835168617,14.297226644520372,0.5027624309392265,0.0,1.0368995518030182,61.0,0.16666666666666666
UZS,0,2021-01…2021-06,WINDOW_CLOSING,16,1,0.0,3,3,0.6666666666666666,0.4661016949152542,1.4303030303030302,,,0.6666666666666666,0.4661016949152542,1.4303030303030302,14.45406499156735,-2.7203511631751507,17.174416154742502,,,,,,,-18.74330050266863,88.3672804580345,0.11602209944751381,0.0,0.5833333333333334,97.0,0.6666666666666666
UZS,0,2021-01…2021-06,WINDOW_CLOSING,16,1,10.0,3,3,0.6666666666666666,0.4661016949152542,1.4303030303030302,,,0.6666666666666666,0.4661016949152542,1.4303030303030302,14.45406499156735,-2.7203511631751507,17.174416154742502,,,,,,,-18.74330050266863,88.3672804580345,0.11602209944751381,0.0,0.5833333333333334,97.0,0.6666666666666666
UZS,0,2021-01…2021-06,WINDOW_CLOSING,16,1,25.0,3,3,0.6666666666666666,0.4661016949152542,1.4303030303030302,,,0.6666666666666666,0.4661016949152542,1.4303030303030302,14.45406499156735,-2.7203511631751507,17.174416154742502,,,,,,,-18.74330050266863,88.3672804580345,0.11602209944751381,0.0,0.5833333333333334,97.0,0.6666666666666666
UZS,0,2021-01…2021-06,WINDOW_CLOSING,16,1,50.0,3,3,0.6666666666666666,0.4661016949152542,1.4303030303030302,,,0.6666666666666666,0.4661016949152542,1.4303030303030302,14.45406499156735,-2.7203511631751507,17.174416154742502,,,,,,,-18.74330050266863,88.3672804580345,0.11602209944751381,0.0,0.5833333333333334,97.0,0.6666666666666666
UZS,0,2021-01…2021-06,WINDOW_CLOSING,16,3,0.0,3,3,0.6666666666666666,0.4491525423728814,1.4842767295597483,,,0.6666666666666666,0.4491525423728814,1.4842767295597483,46.671923390452974,-4.083036626374455,50.75496001682743,,,,,,,-14.162585330591932,88.3672804580345,0.11602209944751381,0.0,0.5833333333333334,97.0,0.6666666666666666
UZS,0,2021-01…2021-06,WINDOW_CLOSING,16,3,10.0,3,3,0.6666666666666666,0.4491525423728814,1.4842767295597483,,,0.6666666666666666,0.4491525423728814,1.4842767295597483,46.671923390452974,-4.083036626374455,50.75496001682743,,,,,,,-14.162585330591932,88.3672804580345,0.11602209944751381,0.0,0.5833333333333334,97.0,0.6666666666666666
UZS,0,2021-01…2021-06,WINDOW_CLOSING,16,3,25.0,3,3,0.6666666666666666,0.4491525423728814,1.4842767295597483,,,0.6666666666666666,0.4491525423728814,1.4842767295597483,46.671923390452974,-4.083036626374455,50.75496001682743,,,,,,,-14.162585330591932,88.3672804580345,0.11602209944751381,0.0,0.5833333333333334,97.0,0.6666666666666666
UZS,0,2021-01…2021-06,WINDOW_CLOSING,16,3,50.0,3,3,0.6666666666666666,0.4491525423728814,1.4842767295597483,,,0.6666666666666666,0.4491525423728814,1.4842767295597483,46.671923390452974,-4.083036626374455,50.75496001682743,,,,,,,-14.162585330591932,88.3672804580345,0.11602209944751381,0.0,0.5833333333333334,97.0,0.6666666666666666
UZS,0,2021-01…2021-06,WINDOW_CLOSING,16,5,0.0,3,3,0.3333333333333333,0.4576271186440678,0.728395061728395,,,0.3333333333333333,0.4576271186440678,0.728395061728395,66.3414955431781,-5.194482060730622,71.53597760390872,,,,,,,-10.263832760710741,88.3672804580345,0.11602209944751381,0.0,0.5833333333333334,97.0,0.6666666666666666
UZS,0,2021-01…2021-06,WINDOW_CLOSING,16,5,10.0,3,3,0.3333333333333333,0.4576271186440678,0.728395061728395,,,0.3333333333333333,0.4576271186440678,0.728395061728395,66.3414955431781,-5.194482060730622,71.53597760390872,,,,,,,-10.263832760710741,88.3672804580345,0.11602209944751381,0.0,0.5833333333333334,97.0,0.6666666666666666
UZS,0,2021-01…2021-06,WINDOW_CLOSING,16,5,25.0,3,3,0.3333333333333333,0.4576271186440678,0.728395061728395,,,0.3333333333333333,0.4576271186440678,0.728395061728395,66.3414955431781,-5.194482060730622,71.53597760390872,,,,,,,-10.263832760710741,88.3672804580345,0.11602209944751381,0.0,0.5833333333333334,97.0,0.6666666666666666
UZS,0,2021-01…2021-06,WINDOW_CLOSING,16,5,50.0,3,3,0.3333333333333333,0.4576271186440678,0.728395061728395,,,0.3333333333333333,0.4576271186440678,0.728395061728395,66.3414955431781,-5.194482060730622,71.53597760390872,,,,,,,-10.263832760710741,88.3672804580345,0.11602209944751381,0.0,0.5833333333333334,97.0,0.6666666666666666
UZS,0,2021-01…2021-06,WINDOW_CLOSING,16,10,0.0,3,3,1.0,0.4406779661016949,2.269230769230769,,,1.0,0.4406779661016949,2.269230769230769,114.27836134030831,-5.812939425458904,120.09130076576722,,,,,,,25.307673505015426,88.3672804580345,0.11602209944751381,0.0,0.5833333333333334,97.0,0.6666666666666666
UZS,0,2021-01…2021-06,WINDOW_CLOSING,16,10,10.0,3,3,1.0,0.4406779661016949,2.269230769230769,,,1.0,0.4406779661016949,2.269230769230769,114.27836134030831,-5.812939425458904,120.09130076576722,,,,,,,25.307673505015426,88.3672804580345,0.11602209944751381,0.0,0.5833333333333334,97.0,0.6666666666666666
UZS,0,2021-01…2021-06,WINDOW_CLOSING,16,10,25.0,3,3,1.0,0.4406779661016949,2.269230769230769,,,1.0,0.4406779661016949,2.269230769230769,114.27836134030831,-5.812939425458904,120.09130076576722,,,,,,,25.307673505015426,88.3672804580345,0.11602209944751381,0.0,0.5833333333333334,97.0,0.6666666666666666
UZS,0,2021-01…2021-06,WINDOW_CLOSING,16,10,50.0,3,3,1.0,0.4406779661016949,2.269230769230769,,,1.0,0.4406779661016949,2.269230769230769,114.27836134030831,-5.812939425458904,120.09130076576722,,,,,,,25.307673505015426,88.3672804580345,0.11602209944751381,0.0,0.5833333333333334,97.0,0.6666666666666666
UZS,0,2021-01…2021-06,WINDOW_CLOSING,16,20,0.0,3,3,0.6666666666666666,0.3898305084745763,1.7101449275362317,,,0.6666666666666666,0.3898305084745763,1.7101449275362317,146.76326661373344,-12.978020395404887,159.74128700913832,,,,,,,51.84589472762493,88.3672804580345,0.11602209944751381,0.0,0.5833333333333334,97.0,0.6666666666666666
UZS,0,2021-01…2021-06,WINDOW_CLOSING,16,20,10.0,3,3,0.6666666666666666,0.3898305084745763,1.7101449275362317,,,0.6666666666666666,0.3898305084745763,1.7101449275362317,146.76326661373344,-12.978020395404887,159.74128700913832,,,,,,,51.84589472762493,88.3672804580345,0.11602209944751381,0.0,0.5833333333333334,97.0,0.6666666666666666
UZS,0,2021-01…2021-06,WINDOW_CLOSING,16,20,25.0,3,3,0.6666666666666666,0.3898305084745763,1.7101449275362317,,,0.6666666666666666,0.3898305084745763,1.7101449275362317,146.76326661373344,-12.978020395404887,159.74128700913832,,,,,,,51.84589472762493,88.3672804580345,0.11602209944751381,0.0,0.5833333333333334,97.0,0.6666666666666666
UZS,0,2021-01…2021-06,WINDOW_CLOSING,16,20,50.0,3,3,0.6666666666666666,0.3898305084745763,1.7101449275362317,,,0.6666666666666666,0.3898305084745763,1.7101449275362317,146.76326661373344,-12.978020395404887,159.74128700913832,,,,,,,51.84589472762493,88.3672804580345,0.11602209944751381,0.0,0.5833333333333334,97.0,0.6666666666666666
UZS,1,2021-07…2021-12,BUY_NOW,12,1,0.0,10,10,0.1,0.4883720930232558,0.20476190476190478,0.0,0.6142857142857143,0.1,0.4883720930232558,0.20476190476190478,-13.955132929776235,0.8318785804066443,-14.78701151018288,-38.30691698778078,17.16140747577904,-37.475038407374136,17.993286056185685,-32.735351158190824,16.903790298771085,6.6604578144829905,-20.729642624534808,0.3804347826086957,0.0,0.8546136814871219,49.0,0.16666666666666666
UZS,1,2021-07…2021-12,BUY_NOW,12,1,10.0,10,10,0.4,0.5426356589147286,0.7371428571428572,0.1842857142857143,1.29,0.4,0.5426356589147286,0.7371428571428572,-13.955132929776235,0.8318785804066443,-14.78701151018288,-38.30691698778078,17.16140747577904,-37.475038407374136,17.993286056185685,-32.735351158190824,16.903790298771085,6.6604578144829905,-20.729642624534808,0.3804347826086957,0.0,0.8546136814871219,49.0,0.16666666666666666
UZS,1,2021-07…2021-12,BUY_NOW,12,1,25.0,10,10,0.6,0.6589147286821705,0.9105882352941177,0.45529411764705885,1.3658823529411765,0.6,0.6589147286821705,0.9105882352941177,-13.955132929776235,0.8318785804066443,-14.78701151018288,-38.30691698778078,17.16140747577904,-37.475038407374136,17.993286056185685,-32.735351158190824,16.903790298771085,6.6604578144829905,-20.729642624534808,0.3804347826086957,0.0,0.8546136814871219,49.0,0.16666666666666666
UZS,1,2021-07…2021-12,BUY_NOW,12,1,50.0,10,10,0.9,0.8449612403100775,1.0651376146788991,0.828440366972477,1.18348623853211,0.9,0.8449612403100775,1.0651376146788991,-13.955132929776235,0.8318785804066443,-14.78701151018288,-38.30691698778078,17.16140747577904,-37.475038407374136,17.993286056185685,-32.735351158190824,16.903790298771085,6.6604578144829905,-20.729642624534808,0.3804347826086957,0.0,0.8546136814871219,49.0,0.16666666666666666
UZS,1,2021-07…2021-12,BUY_NOW,12,3,0.0,10,10,0.1,0.32558139534883723,0.30714285714285716,0.0,0.9214285714285714,0.3,0.46511627906976744,0.645,-14.40126126205621,0.6426953635608399,-15.04395662561705,-41.74907873331926,13.89586153609608,-41.10638336975842,14.53855689965692,-35.8149882867151,14.038210739518027,16.985658848411077,-20.729642624534808,0.3804347826086957,0.0,0.8546136814871219,49.0,0.16666666666666666
UZS,1,2021-07…2021-12,BUY_NOW,12,3,10.0,10,10,0.3,0.37209302325581395,0.80625,0.0,1.6125,0.4,0.5116279069767442,0.7818181818181819,-14.40126126205621,0.6426953635608399,-15.04395662561705,-41.74907873331926,13.89586153609608,-41.10638336975842,14.53855689965692,-35.8149882867151,14.038210739518027,16.985658848411077,-20.729642624534808,0.3804347826086957,0.0,0.8546136814871219,49.0,0.16666666666666666
UZS,1,2021-07…2021-12,BUY_NOW,12,3,25.0,10,10,0.4,0.4573643410852713,0.8745762711864408,0.2186440677966102,1.5305084745762711,0.6,0.6046511627906976,0.9923076923076923,-14.40126126205621,0.6426953635608399,-15.04395662561705,-41.74907873331926,13.89586153609608,-41.10638336975842,14.53855689965692,-35.8149882867151,14.038210739518027,16.985658848411077,-20.729642624534808,0.3804347826086957,0.0,0.8546136814871219,49.0,0.16666666666666666
UZS,1,2021-07…2021-12,BUY_NOW,12,3,50.0,10,10,0.5,0.5968992248062015,0.8376623376623378,0.3350649350649351,1.3402597402597405,0.7,0.7674418604651163,0.912121212121212,-14.40126126205621,0.6426953635608399,-15.04395662561705,-41.74907873331926,13.89586153609608,-41.10638336975842,14.53855689965692,-35.8149882867151,14.038210739518027,16.985658848411077,-20.729642624534808,0.3804347826086957,0.0,0.8546136814871219,49.0,0.16666666666666666
UZS,1,2021-07…2021-12,BUY_NOW,12,5,0.0,10,10,0.1,0.2248062015503876,0.44482758620689655,0.0,1.3344827586206895,0.4,0.4418604651162791,0.9052631578947369,-18.492009728797278,0.603685616873775,-19.095695345671054,-56.50371736117152,18.898210491291284,-55.90003174429774,19.50189610816506,-44.767582953097524,14.464582714082265,21.687984979017692,-20.729642624534808,0.3804347826086957,0.0,0.8546136814871219,49.0,0.16666666666666666
UZS,1,2021-07…2021-12,BUY_NOW,12,5,10.0,10,10,0.3,0.26356589147286824,1.138235294117647,0.0,2.276470588235294,0.4,0.4806201550387597,0.832258064516129,-18.492009728797278,0.603685616873775,-19.095695345671054,-56.50371736117152,18.898210491291284,-55.90003174429774,19.50189610816506,-44.767582953097524,14.464582714082265,21.687984979017692,-20.729642624534808,0.3804347826086957,0.0,0.8546136814871219,49.0,0.16666666666666666
UZS,1,2021-07…2021-12,BUY_NOW,12,5,25.0,10,10,0.3,0.32558139534883723,0.9214285714285714,0.0,1.8428571428571427,0.4,0.5813953488372093,0.688,-18.492009728797278,0.603685616873775,-19.095695345671054,-56.50371736117152,18.898210491291284,-55.90003174429774,19.50189610816506,-44.767582953097524,14.464582714082265,21.687984979017692,-20.729642624534808,0.3804347826086957,0.0,0.8546136814871219,49.0,0.16666666666666666
UZS,1,2021-07…2021-12,BUY_NOW,12,5,50.0,10,10,0.3,0.4496124031007752,0.6672413793103448,0.0,1.3344827586206895,0.6,0.7131782945736435,0.8413043478260869,-18.492009728797278,0.603685616873775,-19.095695345671054,-56.50371736117152,18.898210491291284,-55.90003174429774,19.50189610816506,-44.767582953097524,14.464582714082265,21.687984979017692,-20.729642624534808,0.3804347826086957,0.0,0.8546136814871219,49.0,0.16666666666666666
UZS,1,2021-07…2021-12,BUY_NOW,12,10,0.0,10,10,0.1,0.17054263565891473,0.5863636363636364,0.0,1.759090909090909,0.4,0.4418604651162791,0.9052631578947369,-27.24032140103727,1.2971541818611467,-28.537475582898416,-78.17006811964399,22.041697238471603,-76.87291393778284,23.338851420332748,-57.083766496967705,10.374401291099852,34.08185463227842,-20.729642624534808,0.3804347826086957,0.0,0.8546136814871219,49.0,0.16666666666666666
UZS,1,2021-07…2021-12,BUY_NOW,12,10,10.0,10,10,0.2,0.1937984496124031,1.032,0.0,2.58,0.4,0.4806201550387597,0.832258064516129,-27.24032140103727,1.2971541818611467,-28.537475582898416,-78.17006811964399,22.041697238471603,-76.87291393778284,23.338851420332748,-57.083766496967705,10.374401291099852,34.08185463227842,-20.729642624534808,0.3804347826086957,0.0,0.8546136814871219,49.0,0.16666666666666666
UZS,1,2021-07…2021-12,BUY_NOW,12,10,25.0,10,10,0.2,0.21705426356589147,0.9214285714285715,0.0,2.303571428571429,0.4,0.5426356589147286,0.7371428571428572,-27.24032140103727,1.2971541818611467,-28.537475582898416,-78.17006811964399,22.041697238471603,-76.87291393778284,23.338851420332748,-57.083766496967705,10.374401291099852,34.08185463227842,-20.729642624534808,0.3804347826086957,0.0,0.8546136814871219,49.0,0.16666666666666666
UZS,1,2021-07…2021-12,BUY_NOW,12,10,50.0,10,10,0.3,0.29457364341085274,1.018421052631579,0.0,2.036842105263158,0.5,0.6434108527131783,0.7771084337349398,-27.24032140103727,1.2971541818611467,-28.537475582898416,-78.17006811964399,22.041697238471603,-76.87291393778284,23.338851420332748,-57.083766496967705,10.374401291099852,34.08185463227842,-20.729642624534808,0.3804347826086957,0.0,0.8546136814871219,49.0,0.16666666666666666
UZS,1,2021-07…2021-12,BUY_NOW,12,20,0.0,10,10,0.0,0.12403100775193798,0.0,0.0,0.0,0.3,0.4186046511627907,0.7166666666666666,-8.844372247380662,10.345720517709584,-19.190092765090245,-93.65001251882401,59.949863599455995,-83.30429200111443,70.29558411716557,-33.14346571893593,39.69662230671666,55.56827254345908,-20.729642624534808,0.3804347826086957,0.0,0.8546136814871219,49.0,0.16666666666666666
UZS,1,2021-07…2021-12,BUY_NOW,12,20,10.0,10,10,0.1,0.13953488372093023,0.7166666666666667,0.0,2.15,0.4,0.46511627906976744,0.8600000000000001,-8.844372247380662,10.345720517709584,-19.190092765090245,-93.65001251882401,59.949863599455995,-83.30429200111443,70.29558411716557,-33.14346571893593,39.69662230671666,55.56827254345908,-20.729642624534808,0.3804347826086957,0.0,0.8546136814871219,49.0,0.16666666666666666
UZS,1,2021-07…2021-12,BUY_NOW,12,20,25.0,10,10,0.1,0.14728682170542637,0.6789473684210526,0.0,2.036842105263158,0.5,0.5116279069767442,0.9772727272727272,-8.844372247380662,10.345720517709584,-19.190092765090245,-93.65001251882401,59.949863599455995,-83.30429200111443,70.29558411716557,-33.14346571893593,39.69662230671666,55.56827254345908,-20.729642624534808,0.3804347826086957,0.0,0.8546136814871219,49.0,0.16666666666666666
UZS,1,2021-07…2021-12,BUY_NOW,12,20,50.0,10,10,0.2,0.1937984496124031,1.032,0.0,2.58,0.7,0.5968992248062015,1.1727272727272728,-8.844372247380662,10.345720517709584,-19.190092765090245,-93.65001251882401,59.949863599455995,-83.30429200111443,70.29558411716557,-33.14346571893593,39.69662230671666,55.56827254345908,-20.729642624534808,0.3804347826086957,0.0,0.8546136814871219,49.0,0.16666666666666666
UZS,1,2021-07…2021-12,WINDOW_CLOSING,12,1,0.0,2,2,0.0,0.4883720930232558,0.0,,,0.0,0.4883720930232558,0.0,-19.898877911954106,0.8318785804066443,-20.73075649236075,,,,,,,-1.1306268805988395,44.67387768821995,0.07608695652173914,0.0,0.0,88.0,0.6666666666666666
UZS,1,2021-07…2021-12,WINDOW_CLOSING,12,1,10.0,2,2,0.0,0.4883720930232558,0.0,,,0.0,0.4883720930232558,0.0,-19.898877911954106,0.8318785804066443,-20.73075649236075,,,,,,,-1.1306268805988395,44.67387768821995,0.07608695652173914,0.0,0.0,88.0,0.6666666666666666
UZS,1,2021-07…2021-12,WINDOW_CLOSING,12,1,25.0,2,2,0.0,0.4883720930232558,0.0,,,0.0,0.4883720930232558,0.0,-19.898877911954106,0.8318785804066443,-20.73075649236075,,,,,,,-1.1306268805988395,44.67387768821995,0.07608695652173914,0.0,0.0,88.0,0.6666666666666666
UZS,1,2021-07…2021-12,WINDOW_CLOSING,12,1,50.0,2,2,0.0,0.4883720930232558,0.0,,,0.0,0.4883720930232558,0.0,-19.898877911954106,0.8318785804066443,-20.73075649236075,,,,,,,-1.1306268805988395,44.67387768821995,0.07608695652173914,0.0,0.0,88.0,0.6666666666666666
UZS,1,2021-07…2021-12,WINDOW_CLOSING,12,3,0.0,2,2,0.0,0.4573643410852713,0.0,,,0.0,0.4573643410852713,0.0,-33.55922986590821,0.6426953635608399,-34.20192522946905,,,,,,,-14.929857379185062,44.67387768821995,0.07608695652173914,0.0,0.0,88.0,0.6666666666666666
UZS,1,2021-07…2021-12,WINDOW_CLOSING,12,3,10.0,2,2,0.0,0.4573643410852713,0.0,,,0.0,0.4573643410852713,0.0,-33.55922986590821,0.6426953635608399,-34.20192522946905,,,,,,,-14.929857379185062,44.67387768821995,0.07608695652173914,0.0,0.0,88.0,0.6666666666666666
UZS,1,2021-07…2021-12,WINDOW_CLOSING,12,3,25.0,2,2,0.0,0.4573643410852713,0.0,,,0.0,0.4573643410852713,0.0,-33.55922986590821,0.6426953635608399,-34.20192522946905,,,,,,,-14.929857379185062,44.67387768821995,0.07608695652173914,0.0,0.0,88.0,0.6666666666666666
UZS,1,2021-07…2021-12,WINDOW_CLOSING,12,3,50.0,2,2,0.0,0.4573643410852713,0.0,,,0.0,0.4573643410852713,0.0,-33.55922986590821,0.6426953635608399,-34.20192522946905,,,,,,,-14.929857379185062,44.67387768821995,0.07608695652173914,0.0,0.0,88.0,0.6666666666666666
UZS,1,2021-07…2021-12,WINDOW_CLOSING,12,5,0.0,2,2,0.5,0.3953488372093023,1.2647058823529413,,,0.5,0.3953488372093023,1.2647058823529413,-8.262771263000124,0.603685616873775,-8.8664568798739,,,,,,,-7.4219488078613995,44.67387768821995,0.07608695652173914,0.0,0.0,88.0,0.6666666666666666
UZS,1,2021-07…2021-12,WINDOW_CLOSING,12,5,10.0,2,2,0.5,0.3953488372093023,1.2647058823529413,,,0.5,0.3953488372093023,1.2647058823529413,-8.262771263000124,0.603685616873775,-8.8664568798739,,,,,,,-7.4219488078613995,44.67387768821995,0.07608695652173914,0.0,0.0,88.0,0.6666666666666666
UZS,1,2021-07…2021-12,WINDOW_CLOSING,12,5,25.0,2,2,0.5,0.3953488372093023,1.2647058823529413,,,0.5,0.3953488372093023,1.2647058823529413,-8.262771263000124,0.603685616873775,-8.8664568798739,,,,,,,-7.4219488078613995,44.67387768821995,0.07608695652173914,0.0,0.0,88.0,0.6666666666666666
UZS,1,2021-07…2021-12,WINDOW_CLOSING,12,5,50.0,2,2,0.5,0.3953488372093023,1.2647058823529413,,,0.5,0.3953488372093023,1.2647058823529413,-8.262771263000124,0.603685616873775,-8.8664568798739,,,,,,,-7.4219488078613995,44.67387768821995,0.07608695652173914,0.0,0.0,88.0,0.6666666666666666
UZS,1,2021-07…2021-12,WINDOW_CLOSING,12,10,0.0,2,2,0.5,0.46511627906976744,1.075,,,0.5,0.46511627906976744,1.075,14.541099038052895,1.2971541818611467,13.243944856191748,,,,,,,-14.664267750633675,44.67387768821995,0.07608695652173914,0.0,0.0,88.0,0.6666666666666666
UZS,1,2021-07…2021-12,WINDOW_CLOSING,12,10,10.0,2,2,0.5,0.46511627906976744,1.075,,,0.5,0.46511627906976744,1.075,14.541099038052895,1.2971541818611467,13.243944856191748,,,,,,,-14.664267750633675,44.67387768821995,0.07608695652173914,0.0,0.0,88.0,0.6666666666666666
UZS,1,2021-07…2021-12,WINDOW_CLOSING,12,10,25.0,2,2,0.5,0.46511627906976744,1.075,,,0.5,0.46511627906976744,1.075,14.541099038052895,1.2971541818611467,13.243944856191748,,,,,,,-14.664267750633675,44.67387768821995,0.07608695652173914,0.0,0.0,88.0,0.6666666666666666
UZS,1,2021-07…2021-12,WINDOW_CLOSING,12,10,50.0,2,2,0.5,0.46511627906976744,1.075,,,0.5,0.46511627906976744,1.075,14.541099038052895,1.2971541818611467,13.243944856191748,,,,,,,-14.664267750633675,44.67387768821995,0.07608695652173914,0.0,0.0,88.0,0.6666666666666666
UZS,1,2021-07…2021-12,WINDOW_CLOSING,12,20,0.0,2,2,0.5,0.4263565891472868,1.1727272727272728,,,0.5,0.4263565891472868,1.1727272727272728,39.398828902185144,10.345720517709584,29.05310838447556,,,,,,,19.375896351684354,44.67387768821995,0.07608695652173914,0.0,0.0,88.0,0.6666666666666666
UZS,1,2021-07…2021-12,WINDOW_CLOSING,12,20,10.0,2,2,0.5,0.4263565891472868,1.1727272727272728,,,0.5,0.4263565891472868,1.1727272727272728,39.398828902185144,10.345720517709584,29.05310838447556,,,,,,,19.375896351684354,44.67387768821995,0.07608695652173914,0.0,0.0,88.0,0.6666666666666666
UZS,1,2021-07…2021-12,WINDOW_CLOSING,12,20,25.0,2,2,0.5,0.4263565891472868,1.1727272727272728,,,0.5,0.4263565891472868,1.1727272727272728,39.398828902185144,10.345720517709584,29.05310838447556,,,,,,,19.375896351684354,44.67387768821995,0.07608695652173914,0.0,0.0,88.0,0.6666666666666666
UZS,1,2021-07…2021-12,WINDOW_CLOSING,12,20,50.0,2,2,0.5,0.4263565891472868,1.1727272727272728,,,0.5,0.4263565891472868,1.1727272727272728,39.398828902185144,10.345720517709584,29.05310838447556,,,,,,,19.375896351684354,44.67387768821995,0.07608695652173914,0.0,0.0,88.0,0.6666666666666666
UZS,2,2022-01…2022-06,BUY_NOW,14,1,0.0,13,13,0.6153846153846154,0.37606837606837606,1.6363636363636365,1.0227272727272727,2.25,0.6153846153846154,0.37606837606837606,1.6363636363636365,-29.160683932175978,-23.59492605855246,-5.565757873623518,-82.91571884356412,59.16761516627288,-106.51064490211658,35.57268910772042,-47.76554097066635,0.6070873294086242,34.505407462886566,-314.7579743187234,0.5027624309392265,0.0,1.1409509150856383,55.0,0.3333333333333333
UZS,2,2022-01…2022-06,BUY_NOW,14,1,10.0,13,13,0.6923076923076923,0.41025641025641024,1.6875,0.9375000000000001,2.25,0.6923076923076923,0.41025641025641024,1.6875,-29.160683932175978,-23.59492605855246,-5.565757873623518,-82.91571884356412,59.16761516627288,-106.51064490211658,35.57268910772042,-47.76554097066635,0.6070873294086242,34.505407462886566,-314.7579743187234,0.5027624309392265,0.0,1.1409509150856383,55.0,0.3333333333333333
UZS,2,2022-01…2022-06,BUY_NOW,14,1,25.0,13,13,0.6923076923076923,0.4188034188034188,1.6530612244897958,0.9183673469387755,2.2040816326530615,0.6923076923076923,0.4188034188034188,1.6530612244897958,-29.160683932175978,-23.59492605855246,-5.565757873623518,-82.91571884356412,59.16761516627288,-106.51064490211658,35.57268910772042,-47.76554097066635,0.6070873294086242,34.505407462886566,-314.7579743187234,0.5027624309392265,0.0,1.1409509150856383,55.0,0.3333333333333333
UZS,2,2022-01…2022-06,BUY_NOW,14,1,50.0,13,13,0.6923076923076923,0.5128205128205128,1.35,0.7500000000000001,1.8000000000000003,0.6923076923076923,0.5128205128205128,1.35,-29.160683932175978,-23.59492605855246,-5.565757873623518,-82.91571884356412,59.16761516627288,-106.51064490211658,35.57268910772042,-47.76554097066635,0.6070873294086242,34.505407462886566,-314.7579743187234,0.5027624309392265,0.0,1.1409509150856383,55.0,0.3333333333333333
UZS,2,2022-01…2022-06,BUY_NOW,14,3,0.0,13,13,0.15384615384615385,0.2222222222222222,0.6923076923076924,0.0,1.730769230769231,0.46153846153846156,0.3504273504273504,1.3170731707317074,-90.95332967720616,-41.032594481952486,-49.92073519525367,-191.00762212120614,66.30468188067636,-232.04021660315863,25.272087398723862,-218.3090547478363,38.57485038570708,69.37505890865076,-314.7579743187234,0.5027624309392265,0.0,1.1409509150856383,55.0,0.3333333333333333
UZS,2,2022-01…2022-06,BUY_NOW,14,3,10.0,13,13,0.23076923076923078,0.24786324786324787,0.9310344827586207,0.0,1.8620689655172413,0.5384615384615384,0.36752136752136755,1.4651162790697672,-90.95332967720616,-41.032594481952486,-49.92073519525367,-191.00762212120614,66.30468188067636,-232.04021660315863,25.272087398723862,-218.3090547478363,38.57485038570708,69.37505890865076,-314.7579743187234,0.5027624309392265,0.0,1.1409509150856383,55.0,0.3333333333333333
UZS,2,2022-01…2022-06,BUY_NOW,14,3,25.0,13,13,0.23076923076923078,0.2564102564102564,0.9000000000000001,0.0,1.8000000000000003,0.5384615384615384,0.38461538461538464,1.4,-90.95332967720616,-41.032594481952486,-49.92073519525367,-191.00762212120614,66.30468188067636,-232.04021660315863,25.272087398723862,-218.3090547478363,38.57485038570708,69.37505890865076,-314.7579743187234,0.5027624309392265,0.0,1.1409509150856383,55.0,0.3333333333333333
UZS,2,2022-01…2022-06,BUY_NOW,14,3,50.0,13,13,0.23076923076923078,0.28205128205128205,0.8181818181818182,0.0,1.6363636363636365,0.6923076923076923,0.42735042735042733,1.62,-90.95332967720616,-41.032594481952486,-49.92073519525367,-191.00762212120614,66.30468188067636,-232.04021660315863,25.272087398723862,-218.3090547478363,38.57485038570708,69.37505890865076,-314.7579743187234,0.5027624309392265,0.0,1.1409509150856383,55.0,0.3333333333333333
UZS,2,2022-01…2022-06,BUY_NOW,14,5,0.0,13,13,0.0,0.19658119658119658,0.0,0.0,0.0,0.23076923076923078,0.3418803418803419,0.675,-149.6399641477814,-49.97551735587604,-99.66444679190536,-253.67784810975843,51.05784516384603,-303.65336546563447,1.0823278079699865,-291.156710170081,19.193351426227913,76.5639122869874,-314.7579743187234,0.5027624309392265,0.0,1.1409509150856383,55.0,0.3333333333333333
UZS,2,2022-01…2022-06,BUY_NOW,14,5,10.0,13,13,0.07692307692307693,0.2222222222222222,0.3461538461538462,0.0,1.0384615384615385,0.23076923076923078,0.3504273504273504,0.6585365853658537,-149.6399641477814,-49.97551735587604,-99.66444679190536,-253.67784810975843,51.05784516384603,-303.65336546563447,1.0823278079699865,-291.156710170081,19.193351426227913,76.5639122869874,-314.7579743187234,0.5027624309392265,0.0,1.1409509150856383,55.0,0.3333333333333333
UZS,2,2022-01…2022-06,BUY_NOW,14,5,25.0,13,13,0.07692307692307693,0.23076923076923078,0.3333333333333333,0.0,1.0,0.3076923076923077,0.36752136752136755,0.8372093023255813,-149.6399641477814,-49.97551735587604,-99.66444679190536,-253.67784810975843,51.05784516384603,-303.65336546563447,1.0823278079699865,-291.156710170081,19.193351426227913,76.5639122869874,-314.7579743187234,0.5027624309392265,0.0,1.1409509150856383,55.0,0.3333333333333333
UZS,2,2022-01…2022-06,BUY_NOW,14,5,50.0,13,13,0.15384615384615385,0.24786324786324787,0.6206896551724138,0.0,1.5517241379310345,0.3076923076923077,0.38461538461538464,0.8,-149.6399641477814,-49.97551735587604,-99.66444679190536,-253.67784810975843,51.05784516384603,-303.65336546563447,1.0823278079699865,-291.156710170081,19.193351426227913,76.5639122869874,-314.7579743187234,0.5027624309392265,0.0,1.1409509150856383,55.0,0.3333333333333333
UZS,2,2022-01…2022-06,BUY_NOW,14,10,0.0,13,13,0.0,0.1452991452991453,0.0,0.0,0.0,0.23076923076923078,0.3504273504273504,0.6585365853658537,-234.12584252765424,-68.80694870380078,-165.31889382385344,-364.55336678366655,51.24875148587814,-433.36031548746735,-17.558197217922647,-435.0595334506076,15.391617200432687,137.48206965726678,-314.7579743187234,0.5027624309392265,0.0,1.1409509150856383,55.0,0.3333333333333333
UZS,2,2022-01…2022-06,BUY_NOW,14,10,10.0,13,13,0.07692307692307693,0.1623931623931624,0.4736842105263158,0.0,1.4210526315789473,0.23076923076923078,0.36752136752136755,0.627906976744186,-234.12584252765424,-68.80694870380078,-165.31889382385344,-364.55336678366655,51.24875148587814,-433.36031548746735,-17.558197217922647,-435.0595334506076,15.391617200432687,137.48206965726678,-314.7579743187234,0.5027624309392265,0.0,1.1409509150856383,55.0,0.3333333333333333
UZS,2,2022-01…2022-06,BUY_NOW,14,10,25.0,13,13,0.07692307692307693,0.1623931623931624,0.4736842105263158,0.0,1.4210526315789473,0.23076923076923078,0.37606837606837606,0.6136363636363636,-234.12584252765424,-68.80694870380078,-165.31889382385344,-364.55336678366655,51.24875148587814,-433.36031548746735,-17.558197217922647,-435.0595334506076,15.391617200432687,137.48206965726678,-314.7579743187234,0.5027624309392265,0.0,1.1409509150856383,55.0,0.3333333333333333
UZS,2,2022-01…2022-06,BUY_NOW,14,10,50.0,13,13,0.07692307692307693,0.17094017094017094,0.45,0.0,1.35,0.23076923076923078,0.37606837606837606,0.6136363636363636,-234.12584252765424,-68.80694870380078,-165.31889382385344,-364.55336678366655,51.24875148587814,-433.36031548746735,-17.558197217922647,-435.0595334506076,15.391617200432687,137.48206965726678,-314.7579743187234,0.5027624309392265,0.0,1.1409509150856383,55.0,0.3333333333333333
UZS,2,2022-01…2022-06,BUY_NOW,14,20,0.0,13,13,0.0,0.09401709401709402,0.0,0.0,0.0,0.38461538461538464,0.39316239316239315,0.9782608695652175,-187.33344527257364,-133.26289884507412,-54.07054642749952,-517.3065477177714,478.74698138480403,-650.5694465628455,345.4840825397299,-787.0149500282964,771.5134090295412,391.88944813965185,-314.7579743187234,0.5027624309392265,0.0,1.1409509150856383,55.0,0.3333333333333333
UZS,2,2022-01…2022-06,BUY_NOW,14,20,10.0,13,13,0.07692307692307693,0.1111111111111111,0.6923076923076924,0.0,2.076923076923077,0.38461538461538464,0.4017094017094017,0.9574468085106383,-187.33344527257364,-133.26289884507412,-54.07054642749952,-517.3065477177714,478.74698138480403,-650.5694465628455,345.4840825397299,-787.0149500282964,771.5134090295412,391.88944813965185,-314.7579743187234,0.5027624309392265,0.0,1.1409509150856383,55.0,0.3333333333333333
UZS,2,2022-01…2022-06,BUY_NOW,14,20,25.0,13,13,0.07692307692307693,0.1111111111111111,0.6923076923076924,0.0,2.076923076923077,0.38461538461538464,0.41025641025641024,0.9375000000000001,-187.33344527257364,-133.26289884507412,-54.07054642749952,-517.3065477177714,478.74698138480403,-650.5694465628455,345.4840825397299,-787.0149500282964,771.5134090295412,391.88944813965185,-314.7579743187234,0.5027624309392265,0.0,1.1409509150856383,55.0,0.3333333333333333
UZS,2,2022-01…2022-06,BUY_NOW,14,20,50.0,13,13,0.07692307692307693,0.11965811965811966,0.6428571428571429,0.0,1.9285714285714286,0.38461538461538464,0.42735042735042733,0.9000000000000001,-187.33344527257364,-133.26289884507412,-54.07054642749952,-517.3065477177714,478.74698138480403,-650.5694465628455,345.4840825397299,-787.0149500282964,771.5134090295412,391.88944813965185,-314.7579743187234,0.5027624309392265,0.0,1.1409509150856383,55.0,0.3333333333333333
UZS,2,2022-01…2022-06,WINDOW_CLOSING,14,1,0.0,1,1,1.0,0.37606837606837606,2.659090909090909,,,1.0,0.37606837606837606,2.659090909090909,233.6782978441798,-23.59492605855246,257.2732239027323,,,,,,,14.807829122616134,1993.8452375043437,0.03867403314917127,0.0,,171.0,0.8333333333333334
UZS,2,2022-01…2022-06,WINDOW_CLOSING,14,1,10.0,1,1,1.0,0.37606837606837606,2.659090909090909,,,1.0,0.37606837606837606,2.659090909090909,233.6782978441798,-23.59492605855246,257.2732239027323,,,,,,,14.807829122616134,1993.8452375043437,0.03867403314917127,0.0,,171.0,0.8333333333333334
UZS,2,2022-01…2022-06,WINDOW_CLOSING,14,1,25.0,1,1,1.0,0.37606837606837606,2.659090909090909,,,1.0,0.37606837606837606,2.659090909090909,233.6782978441798,-23.59492605855246,257.2732239027323,,,,,,,14.807829122616134,1993.8452375043437,0.03867403314917127,0.0,,171.0,0.8333333333333334
UZS,2,2022-01…2022-06,WINDOW_CLOSING,14,1,50.0,1,1,1.0,0.37606837606837606,2.659090909090909,,,1.0,0.37606837606837606,2.659090909090909,233.6782978441798,-23.59492605855246,257.2732239027323,,,,,,,14.807829122616134,1993.8452375043437,0.03867403314917127,0.0,,171.0,0.8333333333333334
UZS,2,2022-01…2022-06,WINDOW_CLOSING,14,3,0.0,1,1,1.0,0.3247863247863248,3.0789473684210527,,,1.0,0.3247863247863248,3.0789473684210527,633.4276401780259,-41.032594481952486,674.4602346599784,,,,,,,333.1416863828629,1993.8452375043437,0.03867403314917127,0.0,,171.0,0.8333333333333334
UZS,2,2022-01…2022-06,WINDOW_CLOSING,14,3,10.0,1,1,1.0,0.3247863247863248,3.0789473684210527,,,1.0,0.3247863247863248,3.0789473684210527,633.4276401780259,-41.032594481952486,674.4602346599784,,,,,,,333.1416863828629,1993.8452375043437,0.03867403314917127,0.0,,171.0,0.8333333333333334
UZS,2,2022-01…2022-06,WINDOW_CLOSING,14,3,25.0,1,1,1.0,0.3247863247863248,3.0789473684210527,,,1.0,0.3247863247863248,3.0789473684210527,633.4276401780259,-41.032594481952486,674.4602346599784,,,,,,,333.1416863828629,1993.8452375043437,0.03867403314917127,0.0,,171.0,0.8333333333333334
UZS,2,2022-01…2022-06,WINDOW_CLOSING,14,3,50.0,1,1,1.0,0.3247863247863248,3.0789473684210527,,,1.0,0.3247863247863248,3.0789473684210527,633.4276401780259,-41.032594481952486,674.4602346599784,,,,,,,333.1416863828629,1993.8452375043437,0.03867403314917127,0.0,,171.0,0.8333333333333334
UZS,2,2022-01…2022-06,WINDOW_CLOSING,14,5,0.0,1,1,1.0,0.37606837606837606,2.659090909090909,,,1.0,0.37606837606837606,2.659090909090909,1174.8978342515825,-49.97551735587604,1224.8733516074585,,,,,,,632.9044026405928,1993.8452375043437,0.03867403314917127,0.0,,171.0,0.8333333333333334
UZS,2,2022-01…2022-06,WINDOW_CLOSING,14,5,10.0,1,1,1.0,0.37606837606837606,2.659090909090909,,,1.0,0.37606837606837606,2.659090909090909,1174.8978342515825,-49.97551735587604,1224.8733516074585,,,,,,,632.9044026405928,1993.8452375043437,0.03867403314917127,0.0,,171.0,0.8333333333333334
UZS,2,2022-01…2022-06,WINDOW_CLOSING,14,5,25.0,1,1,1.0,0.37606837606837606,2.659090909090909,,,1.0,0.37606837606837606,2.659090909090909,1174.8978342515825,-49.97551735587604,1224.8733516074585,,,,,,,632.9044026405928,1993.8452375043437,0.03867403314917127,0.0,,171.0,0.8333333333333334
UZS,2,2022-01…2022-06,WINDOW_CLOSING,14,5,50.0,1,1,1.0,0.37606837606837606,2.659090909090909,,,1.0,0.37606837606837606,2.659090909090909,1174.8978342515825,-49.97551735587604,1224.8733516074585,,,,,,,632.9044026405928,1993.8452375043437,0.03867403314917127,0.0,,171.0,0.8333333333333334
UZS,2,2022-01…2022-06,WINDOW_CLOSING,14,10,0.0,1,1,1.0,0.3333333333333333,3.0,,,1.0,0.3333333333333333,3.0,1236.1703975778048,-68.80694870380078,1304.9773462816056,,,,,,,765.7271140451028,1993.8452375043437,0.03867403314917127,0.0,,171.0,0.8333333333333334
UZS,2,2022-01…2022-06,WINDOW_CLOSING,14,10,10.0,1,1,1.0,0.3333333333333333,3.0,,,1.0,0.3333333333333333,3.0,1236.1703975778048,-68.80694870380078,1304.9773462816056,,,,,,,765.7271140451028,1993.8452375043437,0.03867403314917127,0.0,,171.0,0.8333333333333334
UZS,2,2022-01…2022-06,WINDOW_CLOSING,14,10,25.0,1,1,1.0,0.3333333333333333,3.0,,,1.0,0.3333333333333333,3.0,1236.1703975778048,-68.80694870380078,1304.9773462816056,,,,,,,765.7271140451028,1993.8452375043437,0.03867403314917127,0.0,,171.0,0.8333333333333334
UZS,2,2022-01…2022-06,WINDOW_CLOSING,14,10,50.0,1,1,1.0,0.3333333333333333,3.0,,,1.0,0.3333333333333333,3.0,1236.1703975778048,-68.80694870380078,1304.9773462816056,,,,,,,765.7271140451028,1993.8452375043437,0.03867403314917127,0.0,,171.0,0.8333333333333334
UZS,2,2022-01…2022-06,WINDOW_CLOSING,14,20,0.0,1,1,1.0,0.38461538461538464,2.5999999999999996,,,1.0,0.38461538461538464,2.5999999999999996,1057.2572839628758,-133.26289884507412,1190.5201828079498,,,,,,,907.5963542959231,1993.8452375043437,0.03867403314917127,0.0,,171.0,0.8333333333333334
UZS,2,2022-01…2022-06,WINDOW_CLOSING,14,20,10.0,1,1,1.0,0.38461538461538464,2.5999999999999996,,,1.0,0.38461538461538464,2.5999999999999996,1057.2572839628758,-133.26289884507412,1190.5201828079498,,,,,,,907.5963542959231,1993.8452375043437,0.03867403314917127,0.0,,171.0,0.8333333333333334
UZS,2,2022-01…2022-06,WINDOW_CLOSING,14,20,25.0,1,1,1.0,0.38461538461538464,2.5999999999999996,,,1.0,0.38461538461538464,2.5999999999999996,1057.2572839628758,-133.26289884507412,1190.5201828079498,,,,,,,907.5963542959231,1993.8452375043437,0.03867403314917127,0.0,,171.0,0.8333333333333334
UZS,2,2022-01…2022-06,WINDOW_CLOSING,14,20,50.0,1,1,1.0,0.38461538461538464,2.5999999999999996,,,1.0,0.38461538461538464,2.5999999999999996,1057.2572839628758,-133.26289884507412,1190.5201828079498,,,,,,,907.5963542959231,1993.8452375043437,0.03867403314917127,0.0,,171.0,0.8333333333333334
UZS,3,2022-07…2022-12,WINDOW_CLOSING,6,1,0.0,1,1,0.0,0.5769230769230769,0.0,,,0.0,0.5769230769230769,0.0,-318.8627710643932,18.935896238661574,-337.7986673030548,,,,,,,-165.05269546984613,-813.7104783976157,0.03804347826086957,0.0,,176.0,0.8333333333333334
UZS,3,2022-07…2022-12,WINDOW_CLOSING,6,1,10.0,1,1,0.0,0.5769230769230769,0.0,,,0.0,0.5769230769230769,0.0,-318.8627710643932,18.935896238661574,-337.7986673030548,,,,,,,-165.05269546984613,-813.7104783976157,0.03804347826086957,0.0,,176.0,0.8333333333333334
UZS,3,2022-07…2022-12,WINDOW_CLOSING,6,1,25.0,1,1,0.0,0.5769230769230769,0.0,,,0.0,0.5769230769230769,0.0,-318.8627710643932,18.935896238661574,-337.7986673030548,,,,,,,-165.05269546984613,-813.7104783976157,0.03804347826086957,0.0,,176.0,0.8333333333333334
UZS,3,2022-07…2022-12,WINDOW_CLOSING,6,1,50.0,1,1,0.0,0.5769230769230769,0.0,,,0.0,0.5769230769230769,0.0,-318.8627710643932,18.935896238661574,-337.7986673030548,,,,,,,-165.05269546984613,-813.7104783976157,0.03804347826086957,0.0,,176.0,0.8333333333333334
UZS,3,2022-07…2022-12,WINDOW_CLOSING,6,3,0.0,1,1,0.0,0.5692307692307692,0.0,,,0.0,0.5692307692307692,0.0,-443.9225477753872,34.22408743390864,-478.1466352092959,,,,,,,-546.3735078813303,-813.7104783976157,0.03804347826086957,0.0,,176.0,0.8333333333333334
UZS,3,2022-07…2022-12,WINDOW_CLOSING,6,3,10.0,1,1,0.0,0.5692307692307692,0.0,,,0.0,0.5692307692307692,0.0,-443.9225477753872,34.22408743390864,-478.1466352092959,,,,,,,-546.3735078813303,-813.7104783976157,0.03804347826086957,0.0,,176.0,0.8333333333333334
UZS,3,2022-07…2022-12,WINDOW_CLOSING,6,3,25.0,1,1,0.0,0.5692307692307692,0.0,,,0.0,0.5692307692307692,0.0,-443.9225477753872,34.22408743390864,-478.1466352092959,,,,,,,-546.3735078813303,-813.7104783976157,0.03804347826086957,0.0,,176.0,0.8333333333333334
UZS,3,2022-07…2022-12,WINDOW_CLOSING,6,3,50.0,1,1,0.0,0.5692307692307692,0.0,,,0.0,0.5692307692307692,0.0,-443.9225477753872,34.22408743390864,-478.1466352092959,,,,,,,-546.3735078813303,-813.7104783976157,0.03804347826086957,0.0,,176.0,0.8333333333333334
UZS,3,2022-07…2022-12,WINDOW_CLOSING,6,5,0.0,1,1,0.0,0.5384615384615384,0.0,,,0.0,0.5384615384615384,0.0,-580.6330353694211,41.72049353241231,-622.3535289018334,,,,,,,-797.9587402747878,-813.7104783976157,0.03804347826086957,0.0,,176.0,0.8333333333333334
UZS,3,2022-07…2022-12,WINDOW_CLOSING,6,5,10.0,1,1,0.0,0.5384615384615384,0.0,,,0.0,0.5384615384615384,0.0,-580.6330353694211,41.72049353241231,-622.3535289018334,,,,,,,-797.9587402747878,-813.7104783976157,0.03804347826086957,0.0,,176.0,0.8333333333333334
UZS,3,2022-07…2022-12,WINDOW_CLOSING,6,5,25.0,1,1,0.0,0.5384615384615384,0.0,,,0.0,0.5384615384615384,0.0,-580.6330353694211,41.72049353241231,-622.3535289018334,,,,,,,-797.9587402747878,-813.7104783976157,0.03804347826086957,0.0,,176.0,0.8333333333333334
UZS,3,2022-07…2022-12,WINDOW_CLOSING,6,5,50.0,1,1,0.0,0.5384615384615384,0.0,,,0.0,0.5384615384615384,0.0,-580.6330353694211,41.72049353241231,-622.3535289018334,,,,,,,-797.9587402747878,-813.7104783976157,0.03804347826086957,0.0,,176.0,0.8333333333333334
UZS,3,2022-07…2022-12,WINDOW_CLOSING,6,10,0.0,1,1,0.0,0.5,0.0,,,0.0,0.5,0.0,-859.1327318876574,60.75501350817667,-919.8877453958341,,,,,,,-1080.0355556475172,-813.7104783976157,0.03804347826086957,0.0,,176.0,0.8333333333333334
UZS,3,2022-07…2022-12,WINDOW_CLOSING,6,10,10.0,1,1,0.0,0.5,0.0,,,0.0,0.5,0.0,-859.1327318876574,60.75501350817667,-919.8877453958341,,,,,,,-1080.0355556475172,-813.7104783976157,0.03804347826086957,0.0,,176.0,0.8333333333333334
UZS,3,2022-07…2022-12,WINDOW_CLOSING,6,10,25.0,1,1,0.0,0.5,0.0,,,0.0,0.5,0.0,-859.1327318876574,60.75501350817667,-919.8877453958341,,,,,,,-1080.0355556475172,-813.7104783976157,0.03804347826086957,0.0,,176.0,0.8333333333333334
UZS,3,2022-07…2022-12,WINDOW_CLOSING,6,10,50.0,1,1,0.0,0.5,0.0,,,0.0,0.5,0.0,-859.1327318876574,60.75501350817667,-919.8877453958341,,,,,,,-1080.0355556475172,-813.7104783976157,0.03804347826086957,0.0,,176.0,0.8333333333333334
UZS,3,2022-07…2022-12,WINDOW_CLOSING,6,20,0.0,1,1,0.0,0.5769230769230769,0.0,,,0.0,0.5769230769230769,0.0,-712.668294432488,116.21310466761958,-828.8813991001075,,,,,,,-951.8158038128377,-813.7104783976157,0.03804347826086957,0.0,,176.0,0.8333333333333334
UZS,3,2022-07…2022-12,WINDOW_CLOSING,6,20,10.0,1,1,0.0,0.5769230769230769,0.0,,,0.0,0.5769230769230769,0.0,-712.668294432488,116.21310466761958,-828.8813991001075,,,,,,,-951.8158038128377,-813.7104783976157,0.03804347826086957,0.0,,176.0,0.8333333333333334
UZS,3,2022-07…2022-12,WINDOW_CLOSING,6,20,25.0,1,1,0.0,0.5769230769230769,0.0,,,0.0,0.5769230769230769,0.0,-712.668294432488,116.21310466761958,-828.8813991001075,,,,,,,-951.8158038128377,-813.7104783976157,0.03804347826086957,0.0,,176.0,0.8333333333333334
UZS,3,2022-07…2022-12,WINDOW_CLOSING,6,20,50.0,1,1,0.0,0.5769230769230769,0.0,,,0.0,0.5769230769230769,0.0,-712.668294432488,116.21310466761958,-828.8813991001075,,,,,,,-951.8158038128377,-813.7104783976157,0.03804347826086957,0.0,,176.0,0.8333333333333334
UZS,3,2022-07…2022-12,BUY_NOW,6,1,0.0,5,5,0.6,0.5769230769230769,1.04,0.34666666666666673,1.7333333333333334,0.6,0.5769230769230769,1.04,21.036089561776272,18.935896238661574,2.1001933231146985,-155.99122528150448,124.57426073686531,-137.0553290428429,143.51015697552688,-148.15900308588536,109.55352858948258,18.66864156071002,157.17675337679935,0.19021739130434784,0.0,0.5562896894147218,74.0,0.3333333333333333
UZS,3,2022-07…2022-12,BUY_NOW,6,1,10.0,5,5,0.6,0.6461538461538462,0.9285714285714285,0.30952380952380953,1.5476190476190474,0.6,0.6461538461538462,0.9285714285714285,21.036089561776272,18.935896238661574,2.1001933231146985,-155.99122528150448,124.57426073686531,-137.0553290428429,143.51015697552688,-148.15900308588536,109.55352858948258,18.66864156071002,157.17675337679935,0.19021739130434784,0.0,0.5562896894147218,74.0,0.3333333333333333
UZS,3,2022-07…2022-12,BUY_NOW,6,1,25.0,5,5,0.8,0.6923076923076923,1.1555555555555557,0.5777777777777778,1.4444444444444444,0.8,0.6923076923076923,1.1555555555555557,21.036089561776272,18.935896238661574,2.1001933231146985,-155.99122528150448,124.57426073686531,-137.0553290428429,143.51015697552688,-148.15900308588536,109.55352858948258,18.66864156071002,157.17675337679935,0.19021739130434784,0.0,0.5562896894147218,74.0,0.3333333333333333
UZS,3,2022-07…2022-12,BUY_NOW,6,1,50.0,5,5,0.8,0.7769230769230769,1.0297029702970297,0.5148514851485149,1.2871287128712872,0.8,0.7769230769230769,1.0297029702970297,21.036089561776272,18.935896238661574,2.1001933231146985,-155.99122528150448,124.57426073686531,-137.0553290428429,143.51015697552688,-148.15900308588536,109.55352858948258,18.66864156071002,157.17675337679935,0.19021739130434784,0.0,0.5562896894147218,74.0,0.3333333333333333
UZS,3,2022-07…2022-12,BUY_NOW,6,3,0.0,5,5,0.4,0.4076923076923077,0.9811320754716982,0.0,1.9622641509433965,0.6,0.5461538461538461,1.0985915492957747,13.73284572688748,34.22408743390864,-20.491241707021164,-260.60740280382095,166.89734086992794,-226.38331536991228,201.12142830383658,-247.20190638550548,147.68106296581723,100.09596447929559,157.17675337679935,0.19021739130434784,0.0,0.5562896894147218,74.0,0.3333333333333333
UZS,3,2022-07…2022-12,BUY_NOW,6,3,10.0,5,5,0.4,0.46153846153846156,0.8666666666666667,0.0,1.7333333333333334,0.6,0.5769230769230769,1.04,13.73284572688748,34.22408743390864,-20.491241707021164,-260.60740280382095,166.89734086992794,-226.38331536991228,201.12142830383658,-247.20190638550548,147.68106296581723,100.09596447929559,157.17675337679935,0.19021739130434784,0.0,0.5562896894147218,74.0,0.3333333333333333
UZS,3,2022-07…2022-12,BUY_NOW,6,3,25.0,5,5,0.4,0.5153846153846153,0.7761194029850748,0.0,1.5522388059701495,0.6,0.6307692307692307,0.9512195121951219,13.73284572688748,34.22408743390864,-20.491241707021164,-260.60740280382095,166.89734086992794,-226.38331536991228,201.12142830383658,-247.20190638550548,147.68106296581723,100.09596447929559,157.17675337679935,0.19021739130434784,0.0,0.5562896894147218,74.0,0.3333333333333333
UZS,3,2022-07…2022-12,BUY_NOW,6,3,50.0,5,5,0.4,0.5923076923076923,0.6753246753246753,0.0,1.3506493506493507,0.8,0.7384615384615385,1.0833333333333333,13.73284572688748,34.22408743390864,-20.491241707021164,-260.60740280382095,166.89734086992794,-226.38331536991228,201.12142830383658,-247.20190638550548,147.68106296581723,100.09596447929559,157.17675337679935,0.19021739130434784,0.0,0.5562896894147218,74.0,0.3333333333333333
UZS,3,2022-07…2022-12,BUY_NOW,6,5,0.0,5,5,0.4,0.3230769230769231,1.2380952380952381,0.0,2.4761904761904763,0.4,0.5769230769230769,0.6933333333333335,38.75945407795722,41.72049353241231,-2.96103945445509,-229.72154642206175,240.98797200044612,-188.00105288964943,282.70846553285844,-185.31283408559472,188.1409795203252,144.5775745979807,157.17675337679935,0.19021739130434784,0.0,0.5562896894147218,74.0,0.3333333333333333
UZS,3,2022-07…2022-12,BUY_NOW,6,5,10.0,5,5,0.4,0.38461538461538464,1.04,0.0,2.08,0.4,0.5846153846153846,0.6842105263157895,38.75945407795722,41.72049353241231,-2.96103945445509,-229.72154642206175,240.98797200044612,-188.00105288964943,282.70846553285844,-185.31283408559472,188.1409795203252,144.5775745979807,157.17675337679935,0.19021739130434784,0.0,0.5562896894147218,74.0,0.3333333333333333
UZS,3,2022-07…2022-12,BUY_NOW,6,5,25.0,5,5,0.4,0.45384615384615384,0.8813559322033899,0.0,1.7627118644067798,0.4,0.6384615384615384,0.6265060240963857,38.75945407795722,41.72049353241231,-2.96103945445509,-229.72154642206175,240.98797200044612,-188.00105288964943,282.70846553285844,-185.31283408559472,188.1409795203252,144.5775745979807,157.17675337679935,0.19021739130434784,0.0,0.5562896894147218,74.0,0.3333333333333333
UZS,3,2022-07…2022-12,BUY_NOW,6,5,50.0,5,5,0.4,0.5384615384615384,0.7428571428571429,0.0,1.4857142857142858,0.4,0.6846153846153846,0.5842696629213483,38.75945407795722,41.72049353241231,-2.96103945445509,-229.72154642206175,240.98797200044612,-188.00105288964943,282.70846553285844,-185.31283408559472,188.1409795203252,144.5775745979807,157.17675337679935,0.19021739130434784,0.0,0.5562896894147218,74.0,0.3333333333333333
UZS,3,2022-07…2022-12,BUY_NOW,6,10,0.0,5,5,0.4,0.26153846153846155,1.5294117647058822,0.0,3.0588235294117645,0.8,0.5461538461538461,1.4647887323943665,195.3828329005456,60.75501350817667,134.62781939236893,-58.13011426216993,380.5503330370304,2.6248992460067315,441.30534654520704,63.7905355750823,284.0384273449914,213.006958597441,157.17675337679935,0.19021739130434784,0.0,0.5562896894147218,74.0,0.3333333333333333
UZS,3,2022-07…2022-12,BUY_NOW,6,10,10.0,5,5,0.4,0.2846153846153846,1.4054054054054055,0.0,2.810810810810811,0.8,0.5538461538461539,1.4444444444444444,195.3828329005456,60.75501350817667,134.62781939236893,-58.13011426216993,380.5503330370304,2.6248992460067315,441.30534654520704,63.7905355750823,284.0384273449914,213.006958597441,157.17675337679935,0.19021739130434784,0.0,0.5562896894147218,74.0,0.3333333333333333
UZS,3,2022-07…2022-12,BUY_NOW,6,10,25.0,5,5,0.4,0.3384615384615385,1.1818181818181819,0.0,2.3636363636363638,0.8,0.6076923076923076,1.3164556962025318,195.3828329005456,60.75501350817667,134.62781939236893,-58.13011426216993,380.5503330370304,2.6248992460067315,441.30534654520704,63.7905355750823,284.0384273449914,213.006958597441,157.17675337679935,0.19021739130434784,0.0,0.5562896894147218,74.0,0.3333333333333333
UZS,3,2022-07…2022-12,BUY_NOW,6,10,50.0,5,5,0.4,0.3769230769230769,1.0612244897959184,0.0,2.122448979591837,0.8,0.6230769230769231,1.2839506172839508,195.3828329005456,60.75501350817667,134.62781939236893,-58.13011426216993,380.5503330370304,2.6248992460067315,441.30534654520704,63.7905355750823,284.0384273449914,213.006958597441,157.17675337679935,0.19021739130434784,0.0,0.5562896894147218,74.0,0.3333333333333333
UZS,3,2022-07…2022-12,BUY_NOW,6,20,0.0,5,5,0.4,0.2076923076923077,1.9259259259259258,0.0,3.8518518518518516,0.8,0.5076923076923077,1.575757575757576,272.99622577236994,116.21310466761958,156.78312110475036,-59.03744672556653,354.10055623452985,57.17565794205304,470.3136609021494,213.9581443423222,352.25861772789244,201.23915934832092,157.17675337679935,0.19021739130434784,0.0,0.5562896894147218,74.0,0.3333333333333333
UZS,3,2022-07…2022-12,BUY_NOW,6,20,10.0,5,5,0.4,0.2153846153846154,1.8571428571428572,0.0,3.7142857142857144,0.8,0.5153846153846153,1.5522388059701495,272.99622577236994,116.21310466761958,156.78312110475036,-59.03744672556653,354.10055623452985,57.17565794205304,470.3136609021494,213.9581443423222,352.25861772789244,201.23915934832092,157.17675337679935,0.19021739130434784,0.0,0.5562896894147218,74.0,0.3333333333333333
UZS,3,2022-07…2022-12,BUY_NOW,6,20,25.0,5,5,0.4,0.25384615384615383,1.575757575757576,0.0,3.151515151515152,0.8,0.5307692307692308,1.5072463768115942,272.99622577236994,116.21310466761958,156.78312110475036,-59.03744672556653,354.10055623452985,57.17565794205304,470.3136609021494,213.9581443423222,352.25861772789244,201.23915934832092,157.17675337679935,0.19021739130434784,0.0,0.5562896894147218,74.0,0.3333333333333333
UZS,3,2022-07…2022-12,BUY_NOW,6,20,50.0,5,5,0.4,0.27692307692307694,1.4444444444444444,0.0,2.888888888888889,0.8,0.5692307692307692,1.4054054054054055,272.99622577236994,116.21310466761958,156.78312110475036,-59.03744672556653,354.10055623452985,57.17565794205304,470.3136609021494,213.9581443423222,352.25861772789244,201.23915934832092,157.17675337679935,0.19021739130434784,0.0,0.5562896894147218,74.0,0.3333333333333333
UZS,4,2023-01…2023-06,BUY_NOW,1,1,0.0,1,1,0.0,0.6186440677966102,0.0,,,0.0,0.6186440677966102,0.0,-6.167928559296376,18.965912641281374,-25.13384120057775,,,,,,,107.18638169048944,436.6416671881113,0.03867403314917127,0.0,,116.0,0.8333333333333334
UZS,4,2023-01…2023-06,BUY_NOW,1,1,10.0,1,1,1.0,0.6864406779661016,1.4567901234567902,,,1.0,0.6864406779661016,1.4567901234567902,-6.167928559296376,18.965912641281374,-25.13384120057775,,,,,,,107.18638169048944,436.6416671881113,0.03867403314917127,0.0,,116.0,0.8333333333333334
UZS,4,2023-01…2023-06,BUY_NOW,1,1,25.0,1,1,1.0,0.788135593220339,1.2688172043010753,,,1.0,0.788135593220339,1.2688172043010753,-6.167928559296376,18.965912641281374,-25.13384120057775,,,,,,,107.18638169048944,436.6416671881113,0.03867403314917127,0.0,,116.0,0.8333333333333334
UZS,4,2023-01…2023-06,BUY_NOW,1,1,50.0,1,1,1.0,0.847457627118644,1.1800000000000002,,,1.0,0.847457627118644,1.1800000000000002,-6.167928559296376,18.965912641281374,-25.13384120057775,,,,,,,107.18638169048944,436.6416671881113,0.03867403314917127,0.0,,116.0,0.8333333333333334
UZS,4,2023-01…2023-06,BUY_NOW,1,3,0.0,1,1,0.0,0.4915254237288136,0.0,,,0.0,0.6610169491525424,0.0,-34.18184563095061,39.58446454054043,-73.76631017149104,,,,,,,146.5950749934697,436.6416671881113,0.03867403314917127,0.0,,116.0,0.8333333333333334
UZS,4,2023-01…2023-06,BUY_NOW,1,3,10.0,1,1,0.0,0.5508474576271186,0.0,,,0.0,0.7457627118644068,0.0,-34.18184563095061,39.58446454054043,-73.76631017149104,,,,,,,146.5950749934697,436.6416671881113,0.03867403314917127,0.0,,116.0,0.8333333333333334
UZS,4,2023-01…2023-06,BUY_NOW,1,3,25.0,1,1,0.0,0.6440677966101694,0.0,,,0.0,0.8135593220338984,0.0,-34.18184563095061,39.58446454054043,-73.76631017149104,,,,,,,146.5950749934697,436.6416671881113,0.03867403314917127,0.0,,116.0,0.8333333333333334
UZS,4,2023-01…2023-06,BUY_NOW,1,3,50.0,1,1,0.0,0.7542372881355932,0.0,,,1.0,0.847457627118644,1.1800000000000002,-34.18184563095061,39.58446454054043,-73.76631017149104,,,,,,,146.5950749934697,436.6416671881113,0.03867403314917127,0.0,,116.0,0.8333333333333334
UZS,4,2023-01…2023-06,BUY_NOW,1,5,0.0,1,1,0.0,0.4491525423728814,0.0,,,1.0,0.7288135593220338,1.372093023255814,128.33462949223272,63.26606191286509,65.06856757936762,,,,,,,283.4699514610839,436.6416671881113,0.03867403314917127,0.0,,116.0,0.8333333333333334
UZS,4,2023-01…2023-06,BUY_NOW,1,5,10.0,1,1,0.0,0.5169491525423728,0.0,,,1.0,0.7627118644067796,1.3111111111111111,128.33462949223272,63.26606191286509,65.06856757936762,,,,,,,283.4699514610839,436.6416671881113,0.03867403314917127,0.0,,116.0,0.8333333333333334
UZS,4,2023-01…2023-06,BUY_NOW,1,5,25.0,1,1,0.0,0.6016949152542372,0.0,,,1.0,0.8305084745762712,1.2040816326530612,128.33462949223272,63.26606191286509,65.06856757936762,,,,,,,283.4699514610839,436.6416671881113,0.03867403314917127,0.0,,116.0,0.8333333333333334
UZS,4,2023-01…2023-06,BUY_NOW,1,5,50.0,1,1,0.0,0.7033898305084746,0.0,,,1.0,0.864406779661017,1.156862745098039,128.33462949223272,63.26606191286509,65.06856757936762,,,,,,,283.4699514610839,436.6416671881113,0.03867403314917127,0.0,,116.0,0.8333333333333334
UZS,4,2023-01…2023-06,BUY_NOW,1,10,0.0,1,1,0.0,0.4406779661016949,0.0,,,1.0,0.7796610169491526,1.2826086956521738,275.0076726647532,121.1238575686359,153.8838150961173,,,,,,,406.76967405328446,436.6416671881113,0.03867403314917127,0.0,,116.0,0.8333333333333334
UZS,4,2023-01…2023-06,BUY_NOW,1,10,10.0,1,1,0.0,0.4830508474576271,0.0,,,1.0,0.8050847457627118,1.2421052631578948,275.0076726647532,121.1238575686359,153.8838150961173,,,,,,,406.76967405328446,436.6416671881113,0.03867403314917127,0.0,,116.0,0.8333333333333334
UZS,4,2023-01…2023-06,BUY_NOW,1,10,25.0,1,1,0.0,0.5423728813559322,0.0,,,1.0,0.8305084745762712,1.2040816326530612,275.0076726647532,121.1238575686359,153.8838150961173,,,,,,,406.76967405328446,436.6416671881113,0.03867403314917127,0.0,,116.0,0.8333333333333334
UZS,4,2023-01…2023-06,BUY_NOW,1,10,50.0,1,1,0.0,0.6186440677966102,0.0,,,1.0,0.8559322033898306,1.1683168316831682,275.0076726647532,121.1238575686359,153.8838150961173,,,,,,,406.76967405328446,436.6416671881113,0.03867403314917127,0.0,,116.0,0.8333333333333334
UZS,4,2023-01…2023-06,BUY_NOW,1,20,0.0,1,1,0.0,0.4067796610169492,0.0,,,1.0,0.8305084745762712,1.2040816326530612,395.48936702750393,230.9240759258275,164.56529110167642,,,,,,,498.7071932349418,436.6416671881113,0.03867403314917127,0.0,,116.0,0.8333333333333334
UZS,4,2023-01…2023-06,BUY_NOW,1,20,10.0,1,1,0.0,0.4406779661016949,0.0,,,1.0,0.8389830508474576,1.191919191919192,395.48936702750393,230.9240759258275,164.56529110167642,,,,,,,498.7071932349418,436.6416671881113,0.03867403314917127,0.0,,116.0,0.8333333333333334
UZS,4,2023-01…2023-06,BUY_NOW,1,20,25.0,1,1,0.0,0.5,0.0,,,1.0,0.8389830508474576,1.191919191919192,395.48936702750393,230.9240759258275,164.56529110167642,,,,,,,498.7071932349418,436.6416671881113,0.03867403314917127,0.0,,116.0,0.8333333333333334
UZS,4,2023-01…2023-06,BUY_NOW,1,20,50.0,1,1,0.0,0.5932203389830508,0.0,,,1.0,0.8389830508474576,1.191919191919192,395.48936702750393,230.9240759258275,164.56529110167642,,,,,,,498.7071932349418,436.6416671881113,0.03867403314917127,0.0,,116.0,0.8333333333333334
UZS,5,2023-07…2023-12,BUY_NOW,13,1,0.0,11,11,0.2727272727272727,0.5116279069767442,0.5330578512396693,0.0,1.0661157024793386,0.2727272727272727,0.5116279069767442,0.5330578512396693,-26.584225097217633,-4.227014112910296,-22.357210984307336,-57.65679746308972,17.44872393977758,-61.883811576000014,13.221709826867283,-67.71390241237519,23.09134726802742,34.569537873920005,-34.22689730389516,0.41847826086956524,0.0,0.6059162070594953,45.0,0.16666666666666666
UZS,5,2023-07…2023-12,BUY_NOW,13,1,10.0,11,11,0.2727272727272727,0.5658914728682171,0.48194271481942713,0.0,0.9638854296388543,0.2727272727272727,0.5658914728682171,0.48194271481942713,-26.584225097217633,-4.227014112910296,-22.357210984307336,-57.65679746308972,17.44872393977758,-61.883811576000014,13.221709826867283,-67.71390241237519,23.09134726802742,34.569537873920005,-34.22689730389516,0.41847826086956524,0.0,0.6059162070594953,45.0,0.16666666666666666
UZS,5,2023-07…2023-12,BUY_NOW,13,1,25.0,11,11,0.5454545454545454,0.689922480620155,0.790602655771195,0.3953013278855975,1.1859039836567926,0.5454545454545454,0.689922480620155,0.790602655771195,-26.584225097217633,-4.227014112910296,-22.357210984307336,-57.65679746308972,17.44872393977758,-61.883811576000014,13.221709826867283,-67.71390241237519,23.09134726802742,34.569537873920005,-34.22689730389516,0.41847826086956524,0.0,0.6059162070594953,45.0,0.16666666666666666
UZS,5,2023-07…2023-12,BUY_NOW,13,1,50.0,11,11,0.5454545454545454,0.7751937984496124,0.7036363636363635,0.35181818181818175,1.0554545454545454,0.5454545454545454,0.7751937984496124,0.7036363636363635,-26.584225097217633,-4.227014112910296,-22.357210984307336,-57.65679746308972,17.44872393977758,-61.883811576000014,13.221709826867283,-67.71390241237519,23.09134726802742,34.569537873920005,-34.22689730389516,0.41847826086956524,0.0,0.6059162070594953,45.0,0.16666666666666666
UZS,5,2023-07…2023-12,BUY_NOW,13,3,0.0,11,11,0.2727272727272727,0.40310077519379844,0.6765734265734266,0.0,1.3531468531468531,0.36363636363636365,0.5271317829457365,0.6898395721925134,-40.8349133453755,-9.792873723509038,-31.042039621866458,-99.22826178801249,36.64425942955417,-109.02113551152152,26.851385706045132,-116.76628325372131,50.28273054463949,41.5489914482925,-34.22689730389516,0.41847826086956524,0.0,0.6059162070594953,45.0,0.16666666666666666
UZS,5,2023-07…2023-12,BUY_NOW,13,3,10.0,11,11,0.2727272727272727,0.4186046511627907,0.6515151515151514,0.0,1.3030303030303028,0.36363636363636365,0.5503875968992248,0.6606914212548016,-40.8349133453755,-9.792873723509038,-31.042039621866458,-99.22826178801249,36.64425942955417,-109.02113551152152,26.851385706045132,-116.76628325372131,50.28273054463949,41.5489914482925,-34.22689730389516,0.41847826086956524,0.0,0.6059162070594953,45.0,0.16666666666666666
UZS,5,2023-07…2023-12,BUY_NOW,13,3,25.0,11,11,0.45454545454545453,0.4883720930232558,0.9307359307359307,0.37229437229437234,1.4891774891774894,0.45454545454545453,0.5891472868217055,0.7715311004784688,-40.8349133453755,-9.792873723509038,-31.042039621866458,-99.22826178801249,36.64425942955417,-109.02113551152152,26.851385706045132,-116.76628325372131,50.28273054463949,41.5489914482925,-34.22689730389516,0.41847826086956524,0.0,0.6059162070594953,45.0,0.16666666666666666
UZS,5,2023-07…2023-12,BUY_NOW,13,3,50.0,11,11,0.45454545454545453,0.5581395348837209,0.8143939393939393,0.32575757575757575,1.303030303030303,0.5454545454545454,0.6589147286821705,0.827807486631016,-40.8349133453755,-9.792873723509038,-31.042039621866458,-99.22826178801249,36.64425942955417,-109.02113551152152,26.851385706045132,-116.76628325372131,50.28273054463949,41.5489914482925,-34.22689730389516,0.41847826086956524,0.0,0.6059162070594953,45.0,0.16666666666666666
UZS,5,2023-07…2023-12,BUY_NOW,13,5,0.0,11,11,0.2727272727272727,0.32558139534883723,0.8376623376623376,0.0,1.675324675324675,0.45454545454545453,0.4883720930232558,0.9307359307359307,-38.691709626069,-17.369813495445502,-21.321896130623497,-104.23675773472186,57.816596678024084,-121.60657123016736,40.44678318257858,-124.77519480930964,64.60847259381974,58.51335968900255,-34.22689730389516,0.41847826086956524,0.0,0.6059162070594953,45.0,0.16666666666666666
UZS,5,2023-07…2023-12,BUY_NOW,13,5,10.0,11,11,0.2727272727272727,0.3488372093023256,0.7818181818181817,0.0,1.5636363636363635,0.45454545454545453,0.49612403100775193,0.9161931818181818,-38.691709626069,-17.369813495445502,-21.321896130623497,-104.23675773472186,57.816596678024084,-121.60657123016736,40.44678318257858,-124.77519480930964,64.60847259381974,58.51335968900255,-34.22689730389516,0.41847826086956524,0.0,0.6059162070594953,45.0,0.16666666666666666
UZS,5,2023-07…2023-12,BUY_NOW,13,5,25.0,11,11,0.45454545454545453,0.4108527131782946,1.1063464837049741,0.4425385934819897,1.7701543739279588,0.5454545454545454,0.5503875968992248,0.9910371318822022,-38.691709626069,-17.369813495445502,-21.321896130623497,-104.23675773472186,57.816596678024084,-121.60657123016736,40.44678318257858,-124.77519480930964,64.60847259381974,58.51335968900255,-34.22689730389516,0.41847826086956524,0.0,0.6059162070594953,45.0,0.16666666666666666
UZS,5,2023-07…2023-12,BUY_NOW,13,5,50.0,11,11,0.45454545454545453,0.4573643410852713,0.9938366718027735,0.39753466872110943,1.5901386748844377,0.6363636363636364,0.5968992248062015,1.0661157024793388,-38.691709626069,-17.369813495445502,-21.321896130623497,-104.23675773472186,57.816596678024084,-121.60657123016736,40.44678318257858,-124.77519480930964,64.60847259381974,58.51335968900255,-34.22689730389516,0.41847826086956524,0.0,0.6059162070594953,45.0,0.16666666666666666
UZS,5,2023-07…2023-12,BUY_NOW,13,10,0.0,11,11,0.2727272727272727,0.17829457364341086,1.5296442687747034,0.0,3.0592885375494068,0.5454545454545454,0.46511627906976744,1.1727272727272726,-38.509243646074125,-35.8037699131304,-2.705473732943723,-121.40438740097582,109.23831096360172,-157.20815731410622,73.43454105047131,-169.09142333647836,118.18937198241096,89.54093428586249,-34.22689730389516,0.41847826086956524,0.0,0.6059162070594953,45.0,0.16666666666666666
UZS,5,2023-07…2023-12,BUY_NOW,13,10,10.0,11,11,0.2727272727272727,0.20155038759689922,1.3531468531468531,0.0,2.7062937062937062,0.5454545454545454,0.4806201550387597,1.1348973607038122,-38.509243646074125,-35.8037699131304,-2.705473732943723,-121.40438740097582,109.23831096360172,-157.20815731410622,73.43454105047131,-169.09142333647836,118.18937198241096,89.54093428586249,-34.22689730389516,0.41847826086956524,0.0,0.6059162070594953,45.0,0.16666666666666666
UZS,5,2023-07…2023-12,BUY_NOW,13,10,25.0,11,11,0.45454545454545453,0.24806201550387597,1.8323863636363635,0.7329545454545455,2.931818181818182,0.5454545454545454,0.49612403100775193,1.0994318181818181,-38.509243646074125,-35.8037699131304,-2.705473732943723,-121.40438740097582,109.23831096360172,-157.20815731410622,73.43454105047131,-169.09142333647836,118.18937198241096,89.54093428586249,-34.22689730389516,0.41847826086956524,0.0,0.6059162070594953,45.0,0.16666666666666666
UZS,5,2023-07…2023-12,BUY_NOW,13,10,50.0,11,11,0.45454545454545453,0.31007751937984496,1.4659090909090908,0.5863636363636364,2.3454545454545457,0.5454545454545454,0.5426356589147286,1.0051948051948052,-38.509243646074125,-35.8037699131304,-2.705473732943723,-121.40438740097582,109.23831096360172,-157.20815731410622,73.43454105047131,-169.09142333647836,118.18937198241096,89.54093428586249,-34.22689730389516,0.41847826086956524,0.0,0.6059162070594953,45.0,0.16666666666666666
UZS,5,2023-07…2023-12,BUY_NOW,13,20,0.0,11,11,0.09090909090909091,0.05426356589147287,1.6753246753246753,0.0,5.025974025974025,0.5454545454545454,0.4496124031007752,1.2131661442006267,-54.52901540012999,-69.49233690529937,14.963321505169375,-130.8061236745964,158.88563098065853,-200.29846057989576,89.39329407535917,-225.2524567230167,150.33911418733402,98.81896088378993,-34.22689730389516,0.41847826086956524,0.0,0.6059162070594953,45.0,0.16666666666666666
UZS,5,2023-07…2023-12,BUY_NOW,13,20,10.0,11,11,0.09090909090909091,0.07751937984496124,1.1727272727272728,0.0,3.518181818181818,0.5454545454545454,0.4573643410852713,1.192604006163328,-54.52901540012999,-69.49233690529937,14.963321505169375,-130.8061236745964,158.88563098065853,-200.29846057989576,89.39329407535917,-225.2524567230167,150.33911418733402,98.81896088378993,-34.22689730389516,0.41847826086956524,0.0,0.6059162070594953,45.0,0.16666666666666666
UZS,5,2023-07…2023-12,BUY_NOW,13,20,25.0,11,11,0.2727272727272727,0.13953488372093023,1.9545454545454544,0.6515151515151515,3.9090909090909087,0.5454545454545454,0.4728682170542636,1.1535022354694484,-54.52901540012999,-69.49233690529937,14.963321505169375,-130.8061236745964,158.88563098065853,-200.29846057989576,89.39329407535917,-225.2524567230167,150.33911418733402,98.81896088378993,-34.22689730389516,0.41847826086956524,0.0,0.6059162070594953,45.0,0.16666666666666666
UZS,5,2023-07…2023-12,BUY_NOW,13,20,50.0,11,11,0.36363636363636365,0.20155038759689922,1.8041958041958042,0.45104895104895104,3.1573426573426575,0.5454545454545454,0.5193798449612403,1.050203527815468,-54.52901540012999,-69.49233690529937,14.963321505169375,-130.8061236745964,158.88563098065853,-200.29846057989576,89.39329407535917,-225.2524567230167,150.33911418733402,98.81896088378993,-34.22689730389516,0.41847826086956524,0.0,0.6059162070594953,45.0,0.16666666666666666
UZS,5,2023-07…2023-12,WINDOW_CLOSING,13,1,0.0,2,2,0.5,0.5116279069767442,0.9772727272727272,,,0.5,0.5116279069767442,0.9772727272727272,39.94969352207389,-4.227014112910296,44.17670763498419,,,,,,,-27.662198028773897,157.86834695382777,0.07608695652173914,0.0,0.0,144.0,0.6666666666666666
UZS,5,2023-07…2023-12,WINDOW_CLOSING,13,1,10.0,2,2,0.5,0.5116279069767442,0.9772727272727272,,,0.5,0.5116279069767442,0.9772727272727272,39.94969352207389,-4.227014112910296,44.17670763498419,,,,,,,-27.662198028773897,157.86834695382777,0.07608695652173914,0.0,0.0,144.0,0.6666666666666666
UZS,5,2023-07…2023-12,WINDOW_CLOSING,13,1,25.0,2,2,0.5,0.5116279069767442,0.9772727272727272,,,0.5,0.5116279069767442,0.9772727272727272,39.94969352207389,-4.227014112910296,44.17670763498419,,,,,,,-27.662198028773897,157.86834695382777,0.07608695652173914,0.0,0.0,144.0,0.6666666666666666
UZS,5,2023-07…2023-12,WINDOW_CLOSING,13,1,50.0,2,2,0.5,0.5116279069767442,0.9772727272727272,,,0.5,0.5116279069767442,0.9772727272727272,39.94969352207389,-4.227014112910296,44.17670763498419,,,,,,,-27.662198028773897,157.86834695382777,0.07608695652173914,0.0,0.0,144.0,0.6666666666666666
UZS,5,2023-07…2023-12,WINDOW_CLOSING,13,3,0.0,2,2,0.5,0.4883720930232558,1.023809523809524,,,0.5,0.4883720930232558,1.023809523809524,98.47412294836599,-9.792873723509038,108.26699667187502,,,,,,,-0.5658067838021346,157.86834695382777,0.07608695652173914,0.0,0.0,144.0,0.6666666666666666
UZS,5,2023-07…2023-12,WINDOW_CLOSING,13,3,10.0,2,2,0.5,0.4883720930232558,1.023809523809524,,,0.5,0.4883720930232558,1.023809523809524,98.47412294836599,-9.792873723509038,108.26699667187502,,,,,,,-0.5658067838021346,157.86834695382777,0.07608695652173914,0.0,0.0,144.0,0.6666666666666666
UZS,5,2023-07…2023-12,WINDOW_CLOSING,13,3,25.0,2,2,0.5,0.4883720930232558,1.023809523809524,,,0.5,0.4883720930232558,1.023809523809524,98.47412294836599,-9.792873723509038,108.26699667187502,,,,,,,-0.5658067838021346,157.86834695382777,0.07608695652173914,0.0,0.0,144.0,0.6666666666666666
UZS,5,2023-07…2023-12,WINDOW_CLOSING,13,3,50.0,2,2,0.5,0.4883720930232558,1.023809523809524,,,0.5,0.4883720930232558,1.023809523809524,98.47412294836599,-9.792873723509038,108.26699667187502,,,,,,,-0.5658067838021346,157.86834695382777,0.07608695652173914,0.0,0.0,144.0,0.6666666666666666
UZS,5,2023-07…2023-12,WINDOW_CLOSING,13,5,0.0,2,2,1.0,0.4573643410852713,2.1864406779661016,,,1.0,0.4573643410852713,2.1864406779661016,119.20373902756575,-17.369813495445502,136.57355252301124,,,,,,,19.29077813678126,157.86834695382777,0.07608695652173914,0.0,0.0,144.0,0.6666666666666666
UZS,5,2023-07…2023-12,WINDOW_CLOSING,13,5,10.0,2,2,1.0,0.4573643410852713,2.1864406779661016,,,1.0,0.4573643410852713,2.1864406779661016,119.20373902756575,-17.369813495445502,136.57355252301124,,,,,,,19.29077813678126,157.86834695382777,0.07608695652173914,0.0,0.0,144.0,0.6666666666666666
UZS,5,2023-07…2023-12,WINDOW_CLOSING,13,5,25.0,2,2,1.0,0.4573643410852713,2.1864406779661016,,,1.0,0.4573643410852713,2.1864406779661016,119.20373902756575,-17.369813495445502,136.57355252301124,,,,,,,19.29077813678126,157.86834695382777,0.07608695652173914,0.0,0.0,144.0,0.6666666666666666
UZS,5,2023-07…2023-12,WINDOW_CLOSING,13,5,50.0,2,2,1.0,0.4573643410852713,2.1864406779661016,,,1.0,0.4573643410852713,2.1864406779661016,119.20373902756575,-17.369813495445502,136.57355252301124,,,,,,,19.29077813678126,157.86834695382777,0.07608695652173914,0.0,0.0,144.0,0.6666666666666666
UZS,5,2023-07…2023-12,WINDOW_CLOSING,13,10,0.0,2,2,0.5,0.40310077519379844,1.2403846153846154,,,0.5,0.40310077519379844,1.2403846153846154,143.79391337003943,-35.8037699131304,179.59768328316983,,,,,,,62.42562675511598,157.86834695382777,0.07608695652173914,0.0,0.0,144.0,0.6666666666666666
UZS,5,2023-07…2023-12,WINDOW_CLOSING,13,10,10.0,2,2,0.5,0.40310077519379844,1.2403846153846154,,,0.5,0.40310077519379844,1.2403846153846154,143.79391337003943,-35.8037699131304,179.59768328316983,,,,,,,62.42562675511598,157.86834695382777,0.07608695652173914,0.0,0.0,144.0,0.6666666666666666
UZS,5,2023-07…2023-12,WINDOW_CLOSING,13,10,25.0,2,2,0.5,0.40310077519379844,1.2403846153846154,,,0.5,0.40310077519379844,1.2403846153846154,143.79391337003943,-35.8037699131304,179.59768328316983,,,,,,,62.42562675511598,157.86834695382777,0.07608695652173914,0.0,0.0,144.0,0.6666666666666666
UZS,5,2023-07…2023-12,WINDOW_CLOSING,13,10,50.0,2,2,0.5,0.40310077519379844,1.2403846153846154,,,0.5,0.40310077519379844,1.2403846153846154,143.79391337003943,-35.8037699131304,179.59768328316983,,,,,,,62.42562675511598,157.86834695382777,0.07608695652173914,0.0,0.0,144.0,0.6666666666666666
UZS,5,2023-07…2023-12,WINDOW_CLOSING,13,20,0.0,2,2,0.5,0.43410852713178294,1.1517857142857144,,,0.5,0.43410852713178294,1.1517857142857144,124.89140773767838,-69.49233690529937,194.38374464297775,,,,,,,147.6008261357975,157.86834695382777,0.07608695652173914,0.0,0.0,144.0,0.6666666666666666
UZS,5,2023-07…2023-12,WINDOW_CLOSING,13,20,10.0,2,2,0.5,0.43410852713178294,1.1517857142857144,,,0.5,0.43410852713178294,1.1517857142857144,124.89140773767838,-69.49233690529937,194.38374464297775,,,,,,,147.6008261357975,157.86834695382777,0.07608695652173914,0.0,0.0,144.0,0.6666666666666666
UZS,5,2023-07…2023-12,WINDOW_CLOSING,13,20,25.0,2,2,0.5,0.43410852713178294,1.1517857142857144,,,0.5,0.43410852713178294,1.1517857142857144,124.89140773767838,-69.49233690529937,194.38374464297775,,,,,,,147.6008261357975,157.86834695382777,0.07608695652173914,0.0,0.0,144.0,0.6666666666666666
UZS,5,2023-07…2023-12,WINDOW_CLOSING,13,20,50.0,2,2,0.5,0.43410852713178294,1.1517857142857144,,,0.5,0.43410852713178294,1.1517857142857144,124.89140773767838,-69.49233690529937,194.38374464297775,,,,,,,147.6008261357975,157.86834695382777,0.07608695652173914,0.0,0.0,144.0,0.6666666666666666
UZS,6,2024-01…2024-06,WINDOW_CLOSING,7,1,0.0,3,3,1.0,0.5042735042735043,1.9830508474576272,,,1.0,0.5042735042735043,1.9830508474576272,42.77802877619437,-3.740699651830933,46.5187284280253,,,,,,,-12.51357058454842,-8.336401593233381,0.11538461538461539,0.0,0.8541666666666666,133.0,0.5
UZS,6,2024-01…2024-06,WINDOW_CLOSING,7,1,10.0,3,3,1.0,0.5042735042735043,1.9830508474576272,,,1.0,0.5042735042735043,1.9830508474576272,42.77802877619437,-3.740699651830933,46.5187284280253,,,,,,,-12.51357058454842,-8.336401593233381,0.11538461538461539,0.0,0.8541666666666666,133.0,0.5
UZS,6,2024-01…2024-06,WINDOW_CLOSING,7,1,25.0,3,3,1.0,0.5042735042735043,1.9830508474576272,,,1.0,0.5042735042735043,1.9830508474576272,42.77802877619437,-3.740699651830933,46.5187284280253,,,,,,,-12.51357058454842,-8.336401593233381,0.11538461538461539,0.0,0.8541666666666666,133.0,0.5
UZS,6,2024-01…2024-06,WINDOW_CLOSING,7,1,50.0,3,3,1.0,0.5042735042735043,1.9830508474576272,,,1.0,0.5042735042735043,1.9830508474576272,42.77802877619437,-3.740699651830933,46.5187284280253,,,,,,,-12.51357058454842,-8.336401593233381,0.11538461538461539,0.0,0.8541666666666666,133.0,0.5
UZS,6,2024-01…2024-06,WINDOW_CLOSING,7,3,0.0,3,3,0.3333333333333333,0.49572649572649574,0.6724137931034482,,,0.3333333333333333,0.49572649572649574,0.6724137931034482,34.84001562590396,-5.781070995701275,40.62108662160524,,,,,,,-3.290530340009923,-8.336401593233381,0.11538461538461539,0.0,0.8541666666666666,133.0,0.5
UZS,6,2024-01…2024-06,WINDOW_CLOSING,7,3,10.0,3,3,0.3333333333333333,0.49572649572649574,0.6724137931034482,,,0.3333333333333333,0.49572649572649574,0.6724137931034482,34.84001562590396,-5.781070995701275,40.62108662160524,,,,,,,-3.290530340009923,-8.336401593233381,0.11538461538461539,0.0,0.8541666666666666,133.0,0.5
UZS,6,2024-01…2024-06,WINDOW_CLOSING,7,3,25.0,3,3,0.3333333333333333,0.49572649572649574,0.6724137931034482,,,0.3333333333333333,0.49572649572649574,0.6724137931034482,34.84001562590396,-5.781070995701275,40.62108662160524,,,,,,,-3.290530340009923,-8.336401593233381,0.11538461538461539,0.0,0.8541666666666666,133.0,0.5
UZS,6,2024-01…2024-06,WINDOW_CLOSING,7,3,50.0,3,3,0.3333333333333333,0.49572649572649574,0.6724137931034482,,,0.3333333333333333,0.49572649572649574,0.6724137931034482,34.84001562590396,-5.781070995701275,40.62108662160524,,,,,,,-3.290530340009923,-8.336401593233381,0.11538461538461539,0.0,0.8541666666666666,133.0,0.5
UZS,6,2024-01…2024-06,WINDOW_CLOSING,7,5,0.0,3,3,0.3333333333333333,0.4700854700854701,0.7090909090909091,,,0.3333333333333333,0.4700854700854701,0.7090909090909091,18.59217576197632,-7.12994799069307,25.72212375266939,,,,,,,16.81319730383805,-8.336401593233381,0.11538461538461539,0.0,0.8541666666666666,133.0,0.5
UZS,6,2024-01…2024-06,WINDOW_CLOSING,7,5,10.0,3,3,0.3333333333333333,0.4700854700854701,0.7090909090909091,,,0.3333333333333333,0.4700854700854701,0.7090909090909091,18.59217576197632,-7.12994799069307,25.72212375266939,,,,,,,16.81319730383805,-8.336401593233381,0.11538461538461539,0.0,0.8541666666666666,133.0,0.5
UZS,6,2024-01…2024-06,WINDOW_CLOSING,7,5,25.0,3,3,0.3333333333333333,0.4700854700854701,0.7090909090909091,,,0.3333333333333333,0.4700854700854701,0.7090909090909091,18.59217576197632,-7.12994799069307,25.72212375266939,,,,,,,16.81319730383805,-8.336401593233381,0.11538461538461539,0.0,0.8541666666666666,133.0,0.5
UZS,6,2024-01…2024-06,WINDOW_CLOSING,7,5,50.0,3,3,0.3333333333333333,0.4700854700854701,0.7090909090909091,,,0.3333333333333333,0.4700854700854701,0.7090909090909091,18.59217576197632,-7.12994799069307,25.72212375266939,,,,,,,16.81319730383805,-8.336401593233381,0.11538461538461539,0.0,0.8541666666666666,133.0,0.5
UZS,6,2024-01…2024-06,WINDOW_CLOSING,7,10,0.0,3,3,0.3333333333333333,0.452991452991453,0.7358490566037735,,,0.3333333333333333,0.452991452991453,0.7358490566037735,-27.980287375788762,-10.533303702401687,-17.446983673387074,,,,,,,30.20214148864922,-8.336401593233381,0.11538461538461539,0.0,0.8541666666666666,133.0,0.5
UZS,6,2024-01…2024-06,WINDOW_CLOSING,7,10,10.0,3,3,0.3333333333333333,0.452991452991453,0.7358490566037735,,,0.3333333333333333,0.452991452991453,0.7358490566037735,-27.980287375788762,-10.533303702401687,-17.446983673387074,,,,,,,30.20214148864922,-8.336401593233381,0.11538461538461539,0.0,0.8541666666666666,133.0,0.5
UZS,6,2024-01…2024-06,WINDOW_CLOSING,7,10,25.0,3,3,0.3333333333333333,0.452991452991453,0.7358490566037735,,,0.3333333333333333,0.452991452991453,0.7358490566037735,-27.980287375788762,-10.533303702401687,-17.446983673387074,,,,,,,30.20214148864922,-8.336401593233381,0.11538461538461539,0.0,0.8541666666666666,133.0,0.5
UZS,6,2024-01…2024-06,WINDOW_CLOSING,7,10,50.0,3,3,0.3333333333333333,0.452991452991453,0.7358490566037735,,,0.3333333333333333,0.452991452991453,0.7358490566037735,-27.980287375788762,-10.533303702401687,-17.446983673387074,,,,,,,30.20214148864922,-8.336401593233381,0.11538461538461539,0.0,0.8541666666666666,133.0,0.5
UZS,6,2024-01…2024-06,WINDOW_CLOSING,7,20,0.0,3,3,0.3333333333333333,0.3418803418803419,0.975,,,0.3333333333333333,0.3418803418803419,0.975,-27.161624899441808,-20.683669886704273,-6.477955012737535,,,,,,,71.85968589601633,-8.336401593233381,0.11538461538461539,0.0,0.8541666666666666,133.0,0.5
UZS,6,2024-01…2024-06,WINDOW_CLOSING,7,20,10.0,3,3,0.3333333333333333,0.3418803418803419,0.975,,,0.3333333333333333,0.3418803418803419,0.975,-27.161624899441808,-20.683669886704273,-6.477955012737535,,,,,,,71.85968589601633,-8.336401593233381,0.11538461538461539,0.0,0.8541666666666666,133.0,0.5
UZS,6,2024-01…2024-06,WINDOW_CLOSING,7,20,25.0,3,3,0.3333333333333333,0.3418803418803419,0.975,,,0.3333333333333333,0.3418803418803419,0.975,-27.161624899441808,-20.683669886704273,-6.477955012737535,,,,,,,71.85968589601633,-8.336401593233381,0.11538461538461539,0.0,0.8541666666666666,133.0,0.5
UZS,6,2024-01…2024-06,WINDOW_CLOSING,7,20,50.0,3,3,0.3333333333333333,0.3418803418803419,0.975,,,0.3333333333333333,0.3418803418803419,0.975,-27.161624899441808,-20.683669886704273,-6.477955012737535,,,,,,,71.85968589601633,-8.336401593233381,0.11538461538461539,0.0,0.8541666666666666,133.0,0.5
UZS,6,2024-01…2024-06,BUY_NOW,7,1,0.0,4,4,0.5,0.5042735042735043,0.9915254237288136,,,0.5,0.5042735042735043,0.9915254237288136,-125.14189710656433,-3.740699651830933,-121.40119745473339,,,,,,,-30.08398726815548,35.90338355639683,0.15384615384615385,0.0,0.9453107947503216,113.0,0.5
UZS,6,2024-01…2024-06,BUY_NOW,7,1,10.0,4,4,0.5,0.5982905982905983,0.8357142857142857,,,0.5,0.5982905982905983,0.8357142857142857,-125.14189710656433,-3.740699651830933,-121.40119745473339,,,,,,,-30.08398726815548,35.90338355639683,0.15384615384615385,0.0,0.9453107947503216,113.0,0.5
UZS,6,2024-01…2024-06,BUY_NOW,7,1,25.0,4,4,0.5,0.6752136752136753,0.740506329113924,,,0.5,0.6752136752136753,0.740506329113924,-125.14189710656433,-3.740699651830933,-121.40119745473339,,,,,,,-30.08398726815548,35.90338355639683,0.15384615384615385,0.0,0.9453107947503216,113.0,0.5
UZS,6,2024-01…2024-06,BUY_NOW,7,1,50.0,4,4,0.5,0.811965811965812,0.6157894736842106,,,0.5,0.811965811965812,0.6157894736842106,-125.14189710656433,-3.740699651830933,-121.40119745473339,,,,,,,-30.08398726815548,35.90338355639683,0.15384615384615385,0.0,0.9453107947503216,113.0,0.5
UZS,6,2024-01…2024-06,BUY_NOW,7,3,0.0,4,4,0.25,0.3418803418803419,0.73125,,,0.25,0.452991452991453,0.5518867924528302,-53.19026337166244,-5.781070995701275,-47.40919237596116,,,,,,,12.08530387679346,35.90338355639683,0.15384615384615385,0.0,0.9453107947503216,113.0,0.5
UZS,6,2024-01…2024-06,BUY_NOW,7,3,10.0,4,4,0.25,0.38461538461538464,0.6499999999999999,,,0.5,0.5213675213675214,0.9590163934426229,-53.19026337166244,-5.781070995701275,-47.40919237596116,,,,,,,12.08530387679346,35.90338355639683,0.15384615384615385,0.0,0.9453107947503216,113.0,0.5
UZS,6,2024-01…2024-06,BUY_NOW,7,3,25.0,4,4,0.25,0.42735042735042733,0.5850000000000001,,,0.5,0.5982905982905983,0.8357142857142857,-53.19026337166244,-5.781070995701275,-47.40919237596116,,,,,,,12.08530387679346,35.90338355639683,0.15384615384615385,0.0,0.9453107947503216,113.0,0.5
UZS,6,2024-01…2024-06,BUY_NOW,7,3,50.0,4,4,0.5,0.5811965811965812,0.8602941176470588,,,0.5,0.7350427350427351,0.6802325581395349,-53.19026337166244,-5.781070995701275,-47.40919237596116,,,,,,,12.08530387679346,35.90338355639683,0.15384615384615385,0.0,0.9453107947503216,113.0,0.5
UZS,6,2024-01…2024-06,BUY_NOW,7,5,0.0,4,4,0.25,0.2564102564102564,0.9750000000000001,,,0.25,0.4358974358974359,0.5735294117647058,-22.92599834526093,-7.12994799069307,-15.796050354567859,,,,,,,33.2825773732498,35.90338355639683,0.15384615384615385,0.0,0.9453107947503216,113.0,0.5
UZS,6,2024-01…2024-06,BUY_NOW,7,5,10.0,4,4,0.25,0.29914529914529914,0.8357142857142857,,,0.25,0.48717948717948717,0.5131578947368421,-22.92599834526093,-7.12994799069307,-15.796050354567859,,,,,,,33.2825773732498,35.90338355639683,0.15384615384615385,0.0,0.9453107947503216,113.0,0.5
UZS,6,2024-01…2024-06,BUY_NOW,7,5,25.0,4,4,0.25,0.3333333333333333,0.75,,,0.25,0.5641025641025641,0.4431818181818182,-22.92599834526093,-7.12994799069307,-15.796050354567859,,,,,,,33.2825773732498,35.90338355639683,0.15384615384615385,0.0,0.9453107947503216,113.0,0.5
UZS,6,2024-01…2024-06,BUY_NOW,7,5,50.0,4,4,0.25,0.4700854700854701,0.5318181818181819,,,0.5,0.6666666666666666,0.75,-22.92599834526093,-7.12994799069307,-15.796050354567859,,,,,,,33.2825773732498,35.90338355639683,0.15384615384615385,0.0,0.9453107947503216,113.0,0.5
UZS,6,2024-01…2024-06,BUY_NOW,7,10,0.0,4,4,0.25,0.21367521367521367,1.1700000000000002,,,0.25,0.4444444444444444,0.5625,-2.7548737641150396,-10.533303702401687,7.7784299382866475,,,,,,,53.96107548119644,35.90338355639683,0.15384615384615385,0.0,0.9453107947503216,113.0,0.5
UZS,6,2024-01…2024-06,BUY_NOW,7,10,10.0,4,4,0.25,0.24786324786324787,1.0086206896551724,,,0.25,0.4700854700854701,0.5318181818181819,-2.7548737641150396,-10.533303702401687,7.7784299382866475,,,,,,,53.96107548119644,35.90338355639683,0.15384615384615385,0.0,0.9453107947503216,113.0,0.5
UZS,6,2024-01…2024-06,BUY_NOW,7,10,25.0,4,4,0.25,0.27350427350427353,0.9140624999999999,,,0.25,0.5042735042735043,0.4957627118644068,-2.7548737641150396,-10.533303702401687,7.7784299382866475,,,,,,,53.96107548119644,35.90338355639683,0.15384615384615385,0.0,0.9453107947503216,113.0,0.5
UZS,6,2024-01…2024-06,BUY_NOW,7,10,50.0,4,4,0.25,0.36752136752136755,0.6802325581395349,,,0.25,0.5641025641025641,0.4431818181818182,-2.7548737641150396,-10.533303702401687,7.7784299382866475,,,,,,,53.96107548119644,35.90338355639683,0.15384615384615385,0.0,0.9453107947503216,113.0,0.5
UZS,6,2024-01…2024-06,BUY_NOW,7,20,0.0,4,4,0.25,0.10256410256410256,2.4375,,,0.5,0.47863247863247865,1.0446428571428572,12.15766917017303,-20.683669886704273,32.8413390568773,,,,,,,108.93675065487773,35.90338355639683,0.15384615384615385,0.0,0.9453107947503216,113.0,0.5
UZS,6,2024-01…2024-06,BUY_NOW,7,20,10.0,4,4,0.25,0.1282051282051282,1.9500000000000002,,,0.5,0.5042735042735043,0.9915254237288136,12.15766917017303,-20.683669886704273,32.8413390568773,,,,,,,108.93675065487773,35.90338355639683,0.15384615384615385,0.0,0.9453107947503216,113.0,0.5
UZS,6,2024-01…2024-06,BUY_NOW,7,20,25.0,4,4,0.25,0.15384615384615385,1.625,,,0.5,0.5128205128205128,0.9750000000000001,12.15766917017303,-20.683669886704273,32.8413390568773,,,,,,,108.93675065487773,35.90338355639683,0.15384615384615385,0.0,0.9453107947503216,113.0,0.5
UZS,6,2024-01…2024-06,BUY_NOW,7,20,50.0,4,4,0.25,0.20512820512820512,1.21875,,,0.5,0.5555555555555556,0.8999999999999999,12.15766917017303,-20.683669886704273,32.8413390568773,,,,,,,108.93675065487773,35.90338355639683,0.15384615384615385,0.0,0.9453107947503216,113.0,0.5
UZS,7,2024-07…2024-12,BUY_NOW,3,1,0.0,3,3,0.6666666666666666,0.5725190839694656,1.1644444444444444,,,0.6666666666666666,0.5725190839694656,1.1644444444444444,-0.7123183058614208,10.134347093301205,-10.846665399162626,,,,,,,5.012219392684554,200.52068658288752,0.1141304347826087,0.0,0.0,144.0,0.6666666666666666
UZS,7,2024-07…2024-12,BUY_NOW,3,1,10.0,3,3,0.6666666666666666,0.648854961832061,1.0274509803921568,,,0.6666666666666666,0.648854961832061,1.0274509803921568,-0.7123183058614208,10.134347093301205,-10.846665399162626,,,,,,,5.012219392684554,200.52068658288752,0.1141304347826087,0.0,0.0,144.0,0.6666666666666666
UZS,7,2024-07…2024-12,BUY_NOW,3,1,25.0,3,3,0.6666666666666666,0.7175572519083969,0.9290780141843972,,,0.6666666666666666,0.7175572519083969,0.9290780141843972,-0.7123183058614208,10.134347093301205,-10.846665399162626,,,,,,,5.012219392684554,200.52068658288752,0.1141304347826087,0.0,0.0,144.0,0.6666666666666666
UZS,7,2024-07…2024-12,BUY_NOW,3,1,50.0,3,3,0.6666666666666666,0.8396946564885496,0.793939393939394,,,0.6666666666666666,0.8396946564885496,0.793939393939394,-0.7123183058614208,10.134347093301205,-10.846665399162626,,,,,,,5.012219392684554,200.52068658288752,0.1141304347826087,0.0,0.0,144.0,0.6666666666666666
UZS,7,2024-07…2024-12,BUY_NOW,3,3,0.0,3,3,0.3333333333333333,0.4351145038167939,0.7660818713450291,,,0.3333333333333333,0.5572519083969466,0.5981735159817351,-19.227218893515715,20.14046824692962,-39.367687140445334,,,,,,,-4.646512555718242,200.52068658288752,0.1141304347826087,0.0,0.0,144.0,0.6666666666666666
UZS,7,2024-07…2024-12,BUY_NOW,3,3,10.0,3,3,0.3333333333333333,0.5190839694656488,0.642156862745098,,,0.3333333333333333,0.6106870229007634,0.5458333333333333,-19.227218893515715,20.14046824692962,-39.367687140445334,,,,,,,-4.646512555718242,200.52068658288752,0.1141304347826087,0.0,0.0,144.0,0.6666666666666666
UZS,7,2024-07…2024-12,BUY_NOW,3,3,25.0,3,3,0.3333333333333333,0.549618320610687,0.6064814814814814,,,0.3333333333333333,0.6793893129770993,0.49063670411985016,-19.227218893515715,20.14046824692962,-39.367687140445334,,,,,,,-4.646512555718242,200.52068658288752,0.1141304347826087,0.0,0.0,144.0,0.6666666666666666
UZS,7,2024-07…2024-12,BUY_NOW,3,3,50.0,3,3,0.3333333333333333,0.6412213740458015,0.5198412698412699,,,0.6666666666666666,0.7709923664122137,0.8646864686468647,-19.227218893515715,20.14046824692962,-39.367687140445334,,,,,,,-4.646512555718242,200.52068658288752,0.1141304347826087,0.0,0.0,144.0,0.6666666666666666
UZS,7,2024-07…2024-12,BUY_NOW,3,5,0.0,3,3,0.3333333333333333,0.40458015267175573,0.8238993710691823,,,0.3333333333333333,0.5801526717557252,0.5745614035087719,46.222189615911326,30.444255254624398,15.777934361286928,,,,,,,46.73622964340115,200.52068658288752,0.1141304347826087,0.0,0.0,144.0,0.6666666666666666
UZS,7,2024-07…2024-12,BUY_NOW,3,5,10.0,3,3,0.3333333333333333,0.46564885496183206,0.7158469945355191,,,0.3333333333333333,0.6183206106870229,0.5390946502057613,46.222189615911326,30.444255254624398,15.777934361286928,,,,,,,46.73622964340115,200.52068658288752,0.1141304347826087,0.0,0.0,144.0,0.6666666666666666
UZS,7,2024-07…2024-12,BUY_NOW,3,5,25.0,3,3,0.3333333333333333,0.4961832061068702,0.6717948717948717,,,0.3333333333333333,0.6641221374045801,0.5019157088122606,46.222189615911326,30.444255254624398,15.777934361286928,,,,,,,46.73622964340115,200.52068658288752,0.1141304347826087,0.0,0.0,144.0,0.6666666666666666
UZS,7,2024-07…2024-12,BUY_NOW,3,5,50.0,3,3,0.3333333333333333,0.5877862595419847,0.5670995670995671,,,0.3333333333333333,0.732824427480916,0.4548611111111111,46.222189615911326,30.444255254624398,15.777934361286928,,,,,,,46.73622964340115,200.52068658288752,0.1141304347826087,0.0,0.0,144.0,0.6666666666666666
UZS,7,2024-07…2024-12,BUY_NOW,3,10,0.0,3,3,0.3333333333333333,0.3053435114503817,1.0916666666666666,,,0.6666666666666666,0.6183206106870229,1.0781893004115226,109.32986242768357,54.69565549823834,54.63420692944523,,,,,,,93.91529088588275,200.52068658288752,0.1141304347826087,0.0,0.0,144.0,0.6666666666666666
UZS,7,2024-07…2024-12,BUY_NOW,3,10,10.0,3,3,0.3333333333333333,0.3511450381679389,0.9492753623188406,,,0.6666666666666666,0.6259541984732825,1.065040650406504,109.32986242768357,54.69565549823834,54.63420692944523,,,,,,,93.91529088588275,200.52068658288752,0.1141304347826087,0.0,0.0,144.0,0.6666666666666666
UZS,7,2024-07…2024-12,BUY_NOW,3,10,25.0,3,3,0.3333333333333333,0.3816793893129771,0.8733333333333332,,,0.6666666666666666,0.6717557251908397,0.9924242424242423,109.32986242768357,54.69565549823834,54.63420692944523,,,,,,,93.91529088588275,200.52068658288752,0.1141304347826087,0.0,0.0,144.0,0.6666666666666666
UZS,7,2024-07…2024-12,BUY_NOW,3,10,50.0,3,3,0.3333333333333333,0.48091603053435117,0.693121693121693,,,0.6666666666666666,0.7175572519083969,0.9290780141843972,109.32986242768357,54.69565549823834,54.63420692944523,,,,,,,93.91529088588275,200.52068658288752,0.1141304347826087,0.0,0.0,144.0,0.6666666666666666
UZS,7,2024-07…2024-12,BUY_NOW,3,20,0.0,3,3,0.3333333333333333,0.25190839694656486,1.3232323232323233,,,1.0,0.6335877862595419,1.5783132530120483,262.14425584273414,93.66515844300025,168.4790973997339,,,,,,,190.96572030838107,200.52068658288752,0.1141304347826087,0.0,0.0,144.0,0.6666666666666666
UZS,7,2024-07…2024-12,BUY_NOW,3,20,10.0,3,3,0.3333333333333333,0.2748091603053435,1.2129629629629628,,,1.0,0.648854961832061,1.5411764705882354,262.14425584273414,93.66515844300025,168.4790973997339,,,,,,,190.96572030838107,200.52068658288752,0.1141304347826087,0.0,0.0,144.0,0.6666666666666666
UZS,7,2024-07…2024-12,BUY_NOW,3,20,25.0,3,3,0.3333333333333333,0.31297709923664124,1.065040650406504,,,1.0,0.6641221374045801,1.5057471264367817,262.14425584273414,93.66515844300025,168.4790973997339,,,,,,,190.96572030838107,200.52068658288752,0.1141304347826087,0.0,0.0,144.0,0.6666666666666666
UZS,7,2024-07…2024-12,BUY_NOW,3,20,50.0,3,3,0.3333333333333333,0.3969465648854962,0.8397435897435898,,,1.0,0.6717557251908397,1.4886363636363635,262.14425584273414,93.66515844300025,168.4790973997339,,,,,,,190.96572030838107,200.52068658288752,0.1141304347826087,0.0,0.0,144.0,0.6666666666666666
UZS,8,2025-01…2025-06,BUY_NOW,17,1,0.0,13,13,0.38461538461538464,0.4017094017094017,0.9574468085106383,0.3829787234042553,1.5319148936170213,0.38461538461538464,0.4017094017094017,0.9574468085106383,-20.314216604056227,-20.417674532393306,0.1034579283370789,-37.26465853150456,35.38865902793088,-57.682333063897865,14.970984495537573,-73.32053713184472,25.77237531219939,33.028823912859984,-64.45545486508587,0.5027624309392265,0.0,0.5480980958129164,35.0,0.16666666666666666
UZS,8,2025-01…2025-06,BUY_NOW,17,1,10.0,13,13,0.46153846153846156,0.4444444444444444,1.0384615384615385,0.5192307692307693,1.5576923076923077,0.46153846153846156,0.4444444444444444,1.0384615384615385,-20.314216604056227,-20.417674532393306,0.1034579283370789,-37.26465853150456,35.38865902793088,-57.682333063897865,14.970984495537573,-73.32053713184472,25.77237531219939,33.028823912859984,-64.45545486508587,0.5027624309392265,0.0,0.5480980958129164,35.0,0.16666666666666666
UZS,8,2025-01…2025-06,BUY_NOW,17,1,25.0,13,13,0.6153846153846154,0.5470085470085471,1.125,0.5625,1.5468749999999998,0.6153846153846154,0.5470085470085471,1.125,-20.314216604056227,-20.417674532393306,0.1034579283370789,-37.26465853150456,35.38865902793088,-57.682333063897865,14.970984495537573,-73.32053713184472,25.77237531219939,33.028823912859984,-64.45545486508587,0.5027624309392265,0.0,0.5480980958129164,35.0,0.16666666666666666
UZS,8,2025-01…2025-06,BUY_NOW,17,1,50.0,13,13,0.7692307692307693,0.6324786324786325,1.2162162162162162,0.8513513513513513,1.5810810810810811,0.7692307692307693,0.6324786324786325,1.2162162162162162,-20.314216604056227,-20.417674532393306,0.1034579283370789,-37.26465853150456,35.38865902793088,-57.682333063897865,14.970984495537573,-73.32053713184472,25.77237531219939,33.028823912859984,-64.45545486508587,0.5027624309392265,0.0,0.5480980958129164,35.0,0.16666666666666666
UZS,8,2025-01…2025-06,BUY_NOW,17,3,0.0,13,13,0.3076923076923077,0.19658119658119658,1.565217391304348,0.391304347826087,2.7391304347826084,0.6153846153846154,0.38461538461538464,1.6,-19.526336876565242,-40.0951257209853,20.56878884442006,-53.15459922339732,79.63188188599582,-93.24972494438262,39.53675616501053,-114.56534209377482,33.9744279497578,51.0499405805872,-64.45545486508587,0.5027624309392265,0.0,0.5480980958129164,35.0,0.16666666666666666
UZS,8,2025-01…2025-06,BUY_NOW,17,3,10.0,13,13,0.3076923076923077,0.2222222222222222,1.3846153846153848,0.3461538461538462,2.423076923076923,0.6923076923076923,0.42735042735042733,1.62,-19.526336876565242,-40.0951257209853,20.56878884442006,-53.15459922339732,79.63188188599582,-93.24972494438262,39.53675616501053,-114.56534209377482,33.9744279497578,51.0499405805872,-64.45545486508587,0.5027624309392265,0.0,0.5480980958129164,35.0,0.16666666666666666
UZS,8,2025-01…2025-06,BUY_NOW,17,3,25.0,13,13,0.5384615384615384,0.2905982905982906,1.852941176470588,1.0588235294117647,2.6470588235294117,0.6923076923076923,0.48717948717948717,1.4210526315789473,-19.526336876565242,-40.0951257209853,20.56878884442006,-53.15459922339732,79.63188188599582,-93.24972494438262,39.53675616501053,-114.56534209377482,33.9744279497578,51.0499405805872,-64.45545486508587,0.5027624309392265,0.0,0.5480980958129164,35.0,0.16666666666666666
UZS,8,2025-01…2025-06,BUY_NOW,17,3,50.0,13,13,0.6153846153846154,0.39316239316239315,1.565217391304348,0.782608695652174,2.1521739130434785,0.6923076923076923,0.5641025641025641,1.2272727272727273,-19.526336876565242,-40.0951257209853,20.56878884442006,-53.15459922339732,79.63188188599582,-93.24972494438262,39.53675616501053,-114.56534209377482,33.9744279497578,51.0499405805872,-64.45545486508587,0.5027624309392265,0.0,0.5480980958129164,35.0,0.16666666666666666
UZS,8,2025-01…2025-06,BUY_NOW,17,5,0.0,13,13,0.07692307692307693,0.11965811965811966,0.6428571428571429,0.0,1.9285714285714286,0.46153846153846156,0.3504273504273504,1.3170731707317074,-31.70378434812016,-59.845795952261966,28.142011604141807,-52.37829475321979,95.35127992401011,-112.22409070548176,35.50548397174815,-145.81040276062265,28.321983954515407,48.376878490759175,-64.45545486508587,0.5027624309392265,0.0,0.5480980958129164,35.0,0.16666666666666666
UZS,8,2025-01…2025-06,BUY_NOW,17,5,10.0,13,13,0.07692307692307693,0.1282051282051282,0.6000000000000001,0.0,1.8000000000000003,0.5384615384615384,0.38461538461538464,1.4,-31.70378434812016,-59.845795952261966,28.142011604141807,-52.37829475321979,95.35127992401011,-112.22409070548176,35.50548397174815,-145.81040276062265,28.321983954515407,48.376878490759175,-64.45545486508587,0.5027624309392265,0.0,0.5480980958129164,35.0,0.16666666666666666
UZS,8,2025-01…2025-06,BUY_NOW,17,5,25.0,13,13,0.3076923076923077,0.19658119658119658,1.565217391304348,0.391304347826087,2.7391304347826084,0.5384615384615384,0.4444444444444444,1.2115384615384615,-31.70378434812016,-59.845795952261966,28.142011604141807,-52.37829475321979,95.35127992401011,-112.22409070548176,35.50548397174815,-145.81040276062265,28.321983954515407,48.376878490759175,-64.45545486508587,0.5027624309392265,0.0,0.5480980958129164,35.0,0.16666666666666666
UZS,8,2025-01…2025-06,BUY_NOW,17,5,50.0,13,13,0.46153846153846156,0.28205128205128205,1.6363636363636365,0.8181818181818182,2.4545454545454546,0.6153846153846154,0.5470085470085471,1.125,-31.70378434812016,-59.845795952261966,28.142011604141807,-52.37829475321979,95.35127992401011,-112.22409070548176,35.50548397174815,-145.81040276062265,28.321983954515407,48.376878490759175,-64.45545486508587,0.5027624309392265,0.0,0.5480980958129164,35.0,0.16666666666666666
UZS,8,2025-01…2025-06,BUY_NOW,17,10,0.0,13,13,0.07692307692307693,0.05128205128205128,1.5000000000000002,0.0,4.5,0.38461538461538464,0.28205128205128205,1.3636363636363638,-49.23662190935131,-109.41838578830297,60.181763878951664,-17.51792139027863,131.32213082920018,-126.9363071785816,21.903745040897206,-136.96787300404554,25.53837438300467,68.64311841548258,-64.45545486508587,0.5027624309392265,0.0,0.5480980958129164,35.0,0.16666666666666666
UZS,8,2025-01…2025-06,BUY_NOW,17,10,10.0,13,13,0.07692307692307693,0.06837606837606838,1.125,0.0,3.375,0.46153846153846156,0.3162393162393162,1.4594594594594597,-49.23662190935131,-109.41838578830297,60.181763878951664,-17.51792139027863,131.32213082920018,-126.9363071785816,21.903745040897206,-136.96787300404554,25.53837438300467,68.64311841548258,-64.45545486508587,0.5027624309392265,0.0,0.5480980958129164,35.0,0.16666666666666666
UZS,8,2025-01…2025-06,BUY_NOW,17,10,25.0,13,13,0.23076923076923078,0.10256410256410256,2.25,0.0,4.5,0.5384615384615384,0.36752136752136755,1.4651162790697672,-49.23662190935131,-109.41838578830297,60.181763878951664,-17.51792139027863,131.32213082920018,-126.9363071785816,21.903745040897206,-136.96787300404554,25.53837438300467,68.64311841548258,-64.45545486508587,0.5027624309392265,0.0,0.5480980958129164,35.0,0.16666666666666666
UZS,8,2025-01…2025-06,BUY_NOW,17,10,50.0,13,13,0.3076923076923077,0.15384615384615385,2.0,0.5,3.4999999999999996,0.5384615384615384,0.42735042735042733,1.26,-49.23662190935131,-109.41838578830297,60.181763878951664,-17.51792139027863,131.32213082920018,-126.9363071785816,21.903745040897206,-136.96787300404554,25.53837438300467,68.64311841548258,-64.45545486508587,0.5027624309392265,0.0,0.5480980958129164,35.0,0.16666666666666666
UZS,8,2025-01…2025-06,BUY_NOW,17,20,0.0,13,13,0.0,0.017094017094017096,0.0,0.0,0.0,0.38461538461538464,0.18803418803418803,2.0454545454545454,-81.22341875572816,-198.85952062411175,117.63610186838359,38.22311387289119,197.26469530824343,-160.63640675122056,-1.5948253158683123,-193.88144627578583,18.841741841113706,94.13234400026565,-64.45545486508587,0.5027624309392265,0.0,0.5480980958129164,35.0,0.16666666666666666
UZS,8,2025-01…2025-06,BUY_NOW,17,20,10.0,13,13,0.07692307692307693,0.02564102564102564,3.0000000000000004,0.0,9.0,0.38461538461538464,0.20512820512820512,1.8750000000000002,-81.22341875572816,-198.85952062411175,117.63610186838359,38.22311387289119,197.26469530824343,-160.63640675122056,-1.5948253158683123,-193.88144627578583,18.841741841113706,94.13234400026565,-64.45545486508587,0.5027624309392265,0.0,0.5480980958129164,35.0,0.16666666666666666
UZS,8,2025-01…2025-06,BUY_NOW,17,20,25.0,13,13,0.23076923076923078,0.042735042735042736,5.4,0.0,10.8,0.46153846153846156,0.24786324786324787,1.8620689655172413,-81.22341875572816,-198.85952062411175,117.63610186838359,38.22311387289119,197.26469530824343,-160.63640675122056,-1.5948253158683123,-193.88144627578583,18.841741841113706,94.13234400026565,-64.45545486508587,0.5027624309392265,0.0,0.5480980958129164,35.0,0.16666666666666666
UZS,8,2025-01…2025-06,BUY_NOW,17,20,50.0,13,13,0.23076923076923078,0.05128205128205128,4.5,0.0,9.0,0.46153846153846156,0.2905982905982906,1.588235294117647,-81.22341875572816,-198.85952062411175,117.63610186838359,38.22311387289119,197.26469530824343,-160.63640675122056,-1.5948253158683123,-193.88144627578583,18.841741841113706,94.13234400026565,-64.45545486508587,0.5027624309392265,0.0,0.5480980958129164,35.0,0.16666666666666666
UZS,8,2025-01…2025-06,WINDOW_CLOSING,17,1,0.0,4,4,0.5,0.4017094017094017,1.2446808510638296,,,0.5,0.4017094017094017,1.2446808510638296,42.16342431767329,-20.417674532393306,62.581098850066596,,,,,,,-24.820737462502574,16.61119105675929,0.15469613259668508,0.0,0.2977291710259148,96.0,0.6666666666666666
UZS,8,2025-01…2025-06,WINDOW_CLOSING,17,1,10.0,4,4,0.5,0.4017094017094017,1.2446808510638296,,,0.5,0.4017094017094017,1.2446808510638296,42.16342431767329,-20.417674532393306,62.581098850066596,,,,,,,-24.820737462502574,16.61119105675929,0.15469613259668508,0.0,0.2977291710259148,96.0,0.6666666666666666
UZS,8,2025-01…2025-06,WINDOW_CLOSING,17,1,25.0,4,4,0.5,0.4017094017094017,1.2446808510638296,,,0.5,0.4017094017094017,1.2446808510638296,42.16342431767329,-20.417674532393306,62.581098850066596,,,,,,,-24.820737462502574,16.61119105675929,0.15469613259668508,0.0,0.2977291710259148,96.0,0.6666666666666666
UZS,8,2025-01…2025-06,WINDOW_CLOSING,17,1,50.0,4,4,0.5,0.4017094017094017,1.2446808510638296,,,0.5,0.4017094017094017,1.2446808510638296,42.16342431767329,-20.417674532393306,62.581098850066596,,,,,,,-24.820737462502574,16.61119105675929,0.15469613259668508,0.0,0.2977291710259148,96.0,0.6666666666666666
UZS,8,2025-01…2025-06,WINDOW_CLOSING,17,3,0.0,4,4,0.75,0.358974358974359,2.0892857142857144,,,0.75,0.358974358974359,2.0892857142857144,37.388271006372484,-40.0951257209853,77.48339672735779,,,,,,,16.93923843632677,16.61119105675929,0.15469613259668508,0.0,0.2977291710259148,96.0,0.6666666666666666
UZS,8,2025-01…2025-06,WINDOW_CLOSING,17,3,10.0,4,4,0.75,0.358974358974359,2.0892857142857144,,,0.75,0.358974358974359,2.0892857142857144,37.388271006372484,-40.0951257209853,77.48339672735779,,,,,,,16.93923843632677,16.61119105675929,0.15469613259668508,0.0,0.2977291710259148,96.0,0.6666666666666666
UZS,8,2025-01…2025-06,WINDOW_CLOSING,17,3,25.0,4,4,0.75,0.358974358974359,2.0892857142857144,,,0.75,0.358974358974359,2.0892857142857144,37.388271006372484,-40.0951257209853,77.48339672735779,,,,,,,16.93923843632677,16.61119105675929,0.15469613259668508,0.0,0.2977291710259148,96.0,0.6666666666666666
UZS,8,2025-01…2025-06,WINDOW_CLOSING,17,3,50.0,4,4,0.75,0.358974358974359,2.0892857142857144,,,0.75,0.358974358974359,2.0892857142857144,37.388271006372484,-40.0951257209853,77.48339672735779,,,,,,,16.93923843632677,16.61119105675929,0.15469613259668508,0.0,0.2977291710259148,96.0,0.6666666666666666
UZS,8,2025-01…2025-06,WINDOW_CLOSING,17,5,0.0,4,4,0.75,0.358974358974359,2.0892857142857144,,,0.75,0.358974358974359,2.0892857142857144,30.397350520127436,-59.845795952261966,90.2431464723894,,,,,,,27.00810510821272,16.61119105675929,0.15469613259668508,0.0,0.2977291710259148,96.0,0.6666666666666666
UZS,8,2025-01…2025-06,WINDOW_CLOSING,17,5,10.0,4,4,0.75,0.358974358974359,2.0892857142857144,,,0.75,0.358974358974359,2.0892857142857144,30.397350520127436,-59.845795952261966,90.2431464723894,,,,,,,27.00810510821272,16.61119105675929,0.15469613259668508,0.0,0.2977291710259148,96.0,0.6666666666666666
UZS,8,2025-01…2025-06,WINDOW_CLOSING,17,5,25.0,4,4,0.75,0.358974358974359,2.0892857142857144,,,0.75,0.358974358974359,2.0892857142857144,30.397350520127436,-59.845795952261966,90.2431464723894,,,,,,,27.00810510821272,16.61119105675929,0.15469613259668508,0.0,0.2977291710259148,96.0,0.6666666666666666
UZS,8,2025-01…2025-06,WINDOW_CLOSING,17,5,50.0,4,4,0.75,0.358974358974359,2.0892857142857144,,,0.75,0.358974358974359,2.0892857142857144,30.397350520127436,-59.845795952261966,90.2431464723894,,,,,,,27.00810510821272,16.61119105675929,0.15469613259668508,0.0,0.2977291710259148,96.0,0.6666666666666666
UZS,8,2025-01…2025-06,WINDOW_CLOSING,17,10,0.0,4,4,0.5,0.27350427350427353,1.8281249999999998,,,0.5,0.27350427350427353,1.8281249999999998,-36.612607368409485,-109.41838578830297,72.80577841989349,,,,,,,39.860340499294765,16.61119105675929,0.15469613259668508,0.0,0.2977291710259148,96.0,0.6666666666666666
UZS,8,2025-01…2025-06,WINDOW_CLOSING,17,10,10.0,4,4,0.5,0.27350427350427353,1.8281249999999998,,,0.5,0.27350427350427353,1.8281249999999998,-36.612607368409485,-109.41838578830297,72.80577841989349,,,,,,,39.860340499294765,16.61119105675929,0.15469613259668508,0.0,0.2977291710259148,96.0,0.6666666666666666
UZS,8,2025-01…2025-06,WINDOW_CLOSING,17,10,25.0,4,4,0.5,0.27350427350427353,1.8281249999999998,,,0.5,0.27350427350427353,1.8281249999999998,-36.612607368409485,-109.41838578830297,72.80577841989349,,,,,,,39.860340499294765,16.61119105675929,0.15469613259668508,0.0,0.2977291710259148,96.0,0.6666666666666666
UZS,8,2025-01…2025-06,WINDOW_CLOSING,17,10,50.0,4,4,0.5,0.27350427350427353,1.8281249999999998,,,0.5,0.27350427350427353,1.8281249999999998,-36.612607368409485,-109.41838578830297,72.80577841989349,,,,,,,39.860340499294765,16.61119105675929,0.15469613259668508,0.0,0.2977291710259148,96.0,0.6666666666666666
UZS,8,2025-01…2025-06,WINDOW_CLOSING,17,20,0.0,4,4,0.0,0.1452991452991453,0.0,,,0.0,0.1452991452991453,0.0,-160.71490140412453,-198.85952062411175,38.14461921998722,,,,,,,110.26313324914494,16.61119105675929,0.15469613259668508,0.0,0.2977291710259148,96.0,0.6666666666666666
UZS,8,2025-01…2025-06,WINDOW_CLOSING,17,20,10.0,4,4,0.0,0.1452991452991453,0.0,,,0.0,0.1452991452991453,0.0,-160.71490140412453,-198.85952062411175,38.14461921998722,,,,,,,110.26313324914494,16.61119105675929,0.15469613259668508,0.0,0.2977291710259148,96.0,0.6666666666666666
UZS,8,2025-01…2025-06,WINDOW_CLOSING,17,20,25.0,4,4,0.0,0.1452991452991453,0.0,,,0.0,0.1452991452991453,0.0,-160.71490140412453,-198.85952062411175,38.14461921998722,,,,,,,110.26313324914494,16.61119105675929,0.15469613259668508,0.0,0.2977291710259148,96.0,0.6666666666666666
UZS,8,2025-01…2025-06,WINDOW_CLOSING,17,20,50.0,4,4,0.0,0.1452991452991453,0.0,,,0.0,0.1452991452991453,0.0,-160.71490140412453,-198.85952062411175,38.14461921998722,,,,,,,110.26313324914494,16.61119105675929,0.15469613259668508,0.0,0.2977291710259148,96.0,0.6666666666666666
UZS,9,2025-07…2025-12,BUY_NOW,3,1,0.0,3,3,0.3333333333333333,0.5076923076923077,0.6565656565656566,,,0.3333333333333333,0.5076923076923077,0.6565656565656566,28.485582436313198,4.584461316536895,23.901121119776302,,,,,,,54.18260152875905,123.62220681678399,0.1141304347826087,0.0,0.16666666666666666,159.0,0.8333333333333334
UZS,9,2025-07…2025-12,BUY_NOW,3,1,10.0,3,3,0.3333333333333333,0.5846153846153846,0.5701754385964911,,,0.3333333333333333,0.5846153846153846,0.5701754385964911,28.485582436313198,4.584461316536895,23.901121119776302,,,,,,,54.18260152875905,123.62220681678399,0.1141304347826087,0.0,0.16666666666666666,159.0,0.8333333333333334
UZS,9,2025-07…2025-12,BUY_NOW,3,1,25.0,3,3,0.3333333333333333,0.6153846153846154,0.5416666666666666,,,0.3333333333333333,0.6153846153846154,0.5416666666666666,28.485582436313198,4.584461316536895,23.901121119776302,,,,,,,54.18260152875905,123.62220681678399,0.1141304347826087,0.0,0.16666666666666666,159.0,0.8333333333333334
UZS,9,2025-07…2025-12,BUY_NOW,3,1,50.0,3,3,0.6666666666666666,0.6846153846153846,0.9737827715355805,,,0.6666666666666666,0.6846153846153846,0.9737827715355805,28.485582436313198,4.584461316536895,23.901121119776302,,,,,,,54.18260152875905,123.62220681678399,0.1141304347826087,0.0,0.16666666666666666,159.0,0.8333333333333334
UZS,9,2025-07…2025-12,BUY_NOW,3,3,0.0,3,3,0.3333333333333333,0.34615384615384615,0.9629629629629629,,,0.3333333333333333,0.5307692307692308,0.6280193236714976,110.67691985374421,9.118220666799118,101.55869918694509,,,,,,,96.60931868767189,123.62220681678399,0.1141304347826087,0.0,0.16666666666666666,159.0,0.8333333333333334
UZS,9,2025-07…2025-12,BUY_NOW,3,3,10.0,3,3,0.3333333333333333,0.4076923076923077,0.8176100628930817,,,0.6666666666666666,0.5615384615384615,1.187214611872146,110.67691985374421,9.118220666799118,101.55869918694509,,,,,,,96.60931868767189,123.62220681678399,0.1141304347826087,0.0,0.16666666666666666,159.0,0.8333333333333334
UZS,9,2025-07…2025-12,BUY_NOW,3,3,25.0,3,3,0.3333333333333333,0.46923076923076923,0.7103825136612022,,,1.0,0.6076923076923076,1.6455696202531647,110.67691985374421,9.118220666799118,101.55869918694509,,,,,,,96.60931868767189,123.62220681678399,0.1141304347826087,0.0,0.16666666666666666,159.0,0.8333333333333334
UZS,9,2025-07…2025-12,BUY_NOW,3,3,50.0,3,3,0.6666666666666666,0.5153846153846153,1.2935323383084578,,,1.0,0.676923076923077,1.4772727272727273,110.67691985374421,9.118220666799118,101.55869918694509,,,,,,,96.60931868767189,123.62220681678399,0.1141304347826087,0.0,0.16666666666666666,159.0,0.8333333333333334
UZS,9,2025-07…2025-12,BUY_NOW,3,5,0.0,3,3,0.3333333333333333,0.2692307692307692,1.2380952380952381,,,0.6666666666666666,0.5384615384615384,1.2380952380952381,145.38972328054123,12.965705078224314,132.42401820231692,,,,,,,99.84892130544988,123.62220681678399,0.1141304347826087,0.0,0.16666666666666666,159.0,0.8333333333333334
UZS,9,2025-07…2025-12,BUY_NOW,3,5,10.0,3,3,0.3333333333333333,0.3153846153846154,1.056910569105691,,,1.0,0.5538461538461539,1.8055555555555554,145.38972328054123,12.965705078224314,132.42401820231692,,,,,,,99.84892130544988,123.62220681678399,0.1141304347826087,0.0,0.16666666666666666,159.0,0.8333333333333334
UZS,9,2025-07…2025-12,BUY_NOW,3,5,25.0,3,3,0.3333333333333333,0.3769230769230769,0.8843537414965986,,,1.0,0.5846153846153846,1.7105263157894737,145.38972328054123,12.965705078224314,132.42401820231692,,,,,,,99.84892130544988,123.62220681678399,0.1141304347826087,0.0,0.16666666666666666,159.0,0.8333333333333334
UZS,9,2025-07…2025-12,BUY_NOW,3,5,50.0,3,3,0.6666666666666666,0.4,1.6666666666666665,,,1.0,0.6615384615384615,1.5116279069767442,145.38972328054123,12.965705078224314,132.42401820231692,,,,,,,99.84892130544988,123.62220681678399,0.1141304347826087,0.0,0.16666666666666666,159.0,0.8333333333333334
UZS,9,2025-07…2025-12,BUY_NOW,3,10,0.0,3,3,0.3333333333333333,0.18461538461538463,1.8055555555555554,,,0.6666666666666666,0.5076923076923077,1.3131313131313131,161.32796840075108,21.35720884389153,139.97075955685955,,,,,,,115.59558276034166,123.62220681678399,0.1141304347826087,0.0,0.16666666666666666,159.0,0.8333333333333334
UZS,9,2025-07…2025-12,BUY_NOW,3,10,10.0,3,3,0.3333333333333333,0.2230769230769231,1.4942528735632181,,,1.0,0.5461538461538461,1.830985915492958,161.32796840075108,21.35720884389153,139.97075955685955,,,,,,,115.59558276034166,123.62220681678399,0.1141304347826087,0.0,0.16666666666666666,159.0,0.8333333333333334
UZS,9,2025-07…2025-12,BUY_NOW,3,10,25.0,3,3,0.3333333333333333,0.2692307692307692,1.2380952380952381,,,1.0,0.5769230769230769,1.7333333333333334,161.32796840075108,21.35720884389153,139.97075955685955,,,,,,,115.59558276034166,123.62220681678399,0.1141304347826087,0.0,0.16666666666666666,159.0,0.8333333333333334
UZS,9,2025-07…2025-12,BUY_NOW,3,10,50.0,3,3,0.3333333333333333,0.2923076923076923,1.1403508771929822,,,1.0,0.6461538461538462,1.5476190476190474,161.32796840075108,21.35720884389153,139.97075955685955,,,,,,,115.59558276034166,123.62220681678399,0.1141304347826087,0.0,0.16666666666666666,159.0,0.8333333333333334
UZS,9,2025-07…2025-12,BUY_NOW,3,20,0.0,3,3,0.3333333333333333,0.14615384615384616,2.2807017543859645,,,1.0,0.5230769230769231,1.9117647058823528,239.45805576660743,31.661039927311496,207.79701583929594,,,,,,,161.5944008943182,123.62220681678399,0.1141304347826087,0.0,0.16666666666666666,159.0,0.8333333333333334
UZS,9,2025-07…2025-12,BUY_NOW,3,20,10.0,3,3,0.3333333333333333,0.16923076923076924,1.9696969696969695,,,1.0,0.5384615384615384,1.8571428571428572,239.45805576660743,31.661039927311496,207.79701583929594,,,,,,,161.5944008943182,123.62220681678399,0.1141304347826087,0.0,0.16666666666666666,159.0,0.8333333333333334
UZS,9,2025-07…2025-12,BUY_NOW,3,20,25.0,3,3,0.3333333333333333,0.2,1.6666666666666665,,,1.0,0.5384615384615384,1.8571428571428572,239.45805576660743,31.661039927311496,207.79701583929594,,,,,,,161.5944008943182,123.62220681678399,0.1141304347826087,0.0,0.16666666666666666,159.0,0.8333333333333334
UZS,9,2025-07…2025-12,BUY_NOW,3,20,50.0,3,3,0.3333333333333333,0.23076923076923078,1.4444444444444442,,,1.0,0.5692307692307692,1.7567567567567568,239.45805576660743,31.661039927311496,207.79701583929594,,,,,,,161.5944008943182,123.62220681678399,0.1141304347826087,0.0,0.16666666666666666,159.0,0.8333333333333334
UZS,10,2026-01…2026-06,BUY_NOW,12,1,0.0,11,11,0.36363636363636365,0.5470085470085471,0.6647727272727272,0.1661931818181818,1.1633522727272725,0.36363636363636365,0.5470085470085471,0.6647727272727272,-26.63333366504554,0.9782422551992023,-27.611575920244743,-80.83216807741286,19.73540158047355,-79.85392582221365,20.71364383567275,-83.39670933882283,13.148192219209427,11.938838931818081,21.58298648851258,0.42541436464088395,0.0,1.0829834650610175,60.0,0.16666666666666666
UZS,10,2026-01…2026-06,BUY_NOW,12,1,10.0,11,11,0.45454545454545453,0.5897435897435898,0.7707509881422925,0.308300395256917,1.233201581027668,0.45454545454545453,0.5897435897435898,0.7707509881422925,-26.63333366504554,0.9782422551992023,-27.611575920244743,-80.83216807741286,19.73540158047355,-79.85392582221365,20.71364383567275,-83.39670933882283,13.148192219209427,11.938838931818081,21.58298648851258,0.42541436464088395,0.0,1.0829834650610175,60.0,0.16666666666666666
UZS,10,2026-01…2026-06,BUY_NOW,12,1,25.0,11,11,0.45454545454545453,0.6410256410256411,0.709090909090909,0.28363636363636363,1.1345454545454545,0.45454545454545453,0.6410256410256411,0.709090909090909,-26.63333366504554,0.9782422551992023,-27.611575920244743,-80.83216807741286,19.73540158047355,-79.85392582221365,20.71364383567275,-83.39670933882283,13.148192219209427,11.938838931818081,21.58298648851258,0.42541436464088395,0.0,1.0829834650610175,60.0,0.16666666666666666
UZS,10,2026-01…2026-06,BUY_NOW,12,1,50.0,11,11,0.5454545454545454,0.7008547008547008,0.7782705099778271,0.38913525498891355,1.1674057649667406,0.5454545454545454,0.7008547008547008,0.7782705099778271,-26.63333366504554,0.9782422551992023,-27.611575920244743,-80.83216807741286,19.73540158047355,-79.85392582221365,20.71364383567275,-83.39670933882283,13.148192219209427,11.938838931818081,21.58298648851258,0.42541436464088395,0.0,1.0829834650610175,60.0,0.16666666666666666
UZS,10,2026-01…2026-06,BUY_NOW,12,3,0.0,11,11,0.2727272727272727,0.38461538461538464,0.709090909090909,0.0,1.418181818181818,0.5454545454545454,0.5213675213675214,1.0461997019374067,-5.073534693058504,1.1611564090988882,-6.2346911021573925,-72.61489390341683,52.25664525255369,-71.45373749431793,53.417801661652575,-60.454029255160975,38.355607431643236,39.28296894530771,21.58298648851258,0.42541436464088395,0.0,1.0829834650610175,60.0,0.16666666666666666
UZS,10,2026-01…2026-06,BUY_NOW,12,3,10.0,11,11,0.45454545454545453,0.4188034188034188,1.085343228200371,0.43413729128014844,1.7365491651205938,0.6363636363636364,0.5555555555555556,1.1454545454545453,-5.073534693058504,1.1611564090988882,-6.2346911021573925,-72.61489390341683,52.25664525255369,-71.45373749431793,53.417801661652575,-60.454029255160975,38.355607431643236,39.28296894530771,21.58298648851258,0.42541436464088395,0.0,1.0829834650610175,60.0,0.16666666666666666
UZS,10,2026-01…2026-06,BUY_NOW,12,3,25.0,11,11,0.45454545454545453,0.452991452991453,1.0034305317324186,0.4013722126929674,1.6054888507718696,0.6363636363636364,0.6410256410256411,0.9927272727272727,-5.073534693058504,1.1611564090988882,-6.2346911021573925,-72.61489390341683,52.25664525255369,-71.45373749431793,53.417801661652575,-60.454029255160975,38.355607431643236,39.28296894530771,21.58298648851258,0.42541436464088395,0.0,1.0829834650610175,60.0,0.16666666666666666
UZS,10,2026-01…2026-06,BUY_NOW,12,3,50.0,11,11,0.5454545454545454,0.5042735042735043,1.081664098613251,0.5408320493066255,1.622496147919877,0.7272727272727273,0.6923076923076923,1.0505050505050506,-5.073534693058504,1.1611564090988882,-6.2346911021573925,-72.61489390341683,52.25664525255369,-71.45373749431793,53.417801661652575,-60.454029255160975,38.355607431643236,39.28296894530771,21.58298648851258,0.42541436464088395,0.0,1.0829834650610175,60.0,0.16666666666666666
UZS,10,2026-01…2026-06,BUY_NOW,12,5,0.0,11,11,0.2727272727272727,0.3333333333333333,0.8181818181818181,0.0,1.6363636363636362,0.6363636363636364,0.5042735042735043,1.2619414483821263,6.779932308728595,0.5390404475671167,6.2408918611614785,-65.4012366647401,72.28949265587214,-64.86219621717298,72.82853310343926,-49.41263239065807,47.536802491190976,49.45344779655106,21.58298648851258,0.42541436464088395,0.0,1.0829834650610175,60.0,0.16666666666666666
UZS,10,2026-01…2026-06,BUY_NOW,12,5,10.0,11,11,0.36363636363636365,0.3504273504273504,1.0376940133037695,0.2594235033259424,1.8159645232815966,0.6363636363636364,0.5213675213675214,1.2205663189269746,6.779932308728595,0.5390404475671167,6.2408918611614785,-65.4012366647401,72.28949265587214,-64.86219621717298,72.82853310343926,-49.41263239065807,47.536802491190976,49.45344779655106,21.58298648851258,0.42541436464088395,0.0,1.0829834650610175,60.0,0.16666666666666666
UZS,10,2026-01…2026-06,BUY_NOW,12,5,25.0,11,11,0.45454545454545453,0.38461538461538464,1.1818181818181817,0.4727272727272727,1.8909090909090909,0.7272727272727273,0.5641025641025641,1.2892561983471076,6.779932308728595,0.5390404475671167,6.2408918611614785,-65.4012366647401,72.28949265587214,-64.86219621717298,72.82853310343926,-49.41263239065807,47.536802491190976,49.45344779655106,21.58298648851258,0.42541436464088395,0.0,1.0829834650610175,60.0,0.16666666666666666
UZS,10,2026-01…2026-06,BUY_NOW,12,5,50.0,11,11,0.5454545454545454,0.42735042735042733,1.2763636363636364,0.6381818181818182,1.9145454545454548,0.7272727272727273,0.6324786324786325,1.14987714987715,6.779932308728595,0.5390404475671167,6.2408918611614785,-65.4012366647401,72.28949265587214,-64.86219621717298,72.82853310343926,-49.41263239065807,47.536802491190976,49.45344779655106,21.58298648851258,0.42541436464088395,0.0,1.0829834650610175,60.0,0.16666666666666666
UZS,10,2026-01…2026-06,BUY_NOW,12,10,0.0,11,11,0.18181818181818182,0.26495726495726496,0.686217008797654,0.0,1.715542521994135,0.5454545454545454,0.46153846153846156,1.1818181818181817,6.135197388269905,-0.28915454028810794,6.424351928558012,-92.16129088475212,95.03801752870339,-92.45044542504023,94.74886298841528,-51.620989397947795,77.2366032302982,69.38095328247749,21.58298648851258,0.42541436464088395,0.0,1.0829834650610175,60.0,0.16666666666666666
UZS,10,2026-01…2026-06,BUY_NOW,12,10,10.0,11,11,0.2727272727272727,0.27350427350427353,0.9971590909090907,0.0,1.9943181818181814,0.6363636363636364,0.5042735042735043,1.2619414483821263,6.135197388269905,-0.28915454028810794,6.424351928558012,-92.16129088475212,95.03801752870339,-92.45044542504023,94.74886298841528,-51.620989397947795,77.2366032302982,69.38095328247749,21.58298648851258,0.42541436464088395,0.0,1.0829834650610175,60.0,0.16666666666666666
UZS,10,2026-01…2026-06,BUY_NOW,12,10,25.0,11,11,0.36363636363636365,0.3162393162393162,1.14987714987715,0.2874692874692875,2.0122850122850124,0.6363636363636364,0.5384615384615384,1.1818181818181819,6.135197388269905,-0.28915454028810794,6.424351928558012,-92.16129088475212,95.03801752870339,-92.45044542504023,94.74886298841528,-51.620989397947795,77.2366032302982,69.38095328247749,21.58298648851258,0.42541436464088395,0.0,1.0829834650610175,60.0,0.16666666666666666
UZS,10,2026-01…2026-06,BUY_NOW,12,10,50.0,11,11,0.45454545454545453,0.358974358974359,1.2662337662337662,0.5064935064935066,2.025974025974026,0.7272727272727273,0.6068376068376068,1.1984635083226634,6.135197388269905,-0.28915454028810794,6.424351928558012,-92.16129088475212,95.03801752870339,-92.45044542504023,94.74886298841528,-51.620989397947795,77.2366032302982,69.38095328247749,21.58298648851258,0.42541436464088395,0.0,1.0829834650610175,60.0,0.16666666666666666
UZS,10,2026-01…2026-06,BUY_NOW,12,20,0.0,11,11,0.18181818181818182,0.2222222222222222,0.8181818181818182,0.0,2.0454545454545454,0.5454545454545454,0.5213675213675214,1.0461997019374067,32.323172795302376,10.996849225985803,21.32632356931657,-120.56245309338748,169.25826837563574,-109.56560386740168,180.25511760162155,-92.8520401392136,237.2570647439176,147.70358226232545,21.58298648851258,0.42541436464088395,0.0,1.0829834650610175,60.0,0.16666666666666666
UZS,10,2026-01…2026-06,BUY_NOW,12,20,10.0,11,11,0.2727272727272727,0.23076923076923078,1.1818181818181817,0.0,2.3636363636363633,0.5454545454545454,0.5470085470085471,0.9971590909090907,32.323172795302376,10.996849225985803,21.32632356931657,-120.56245309338748,169.25826837563574,-109.56560386740168,180.25511760162155,-92.8520401392136,237.2570647439176,147.70358226232545,21.58298648851258,0.42541436464088395,0.0,1.0829834650610175,60.0,0.16666666666666666
UZS,10,2026-01…2026-06,BUY_NOW,12,20,25.0,11,11,0.36363636363636365,0.2564102564102564,1.4181818181818184,0.3545454545454546,2.481818181818182,0.5454545454545454,0.5470085470085471,0.9971590909090907,32.323172795302376,10.996849225985803,21.32632356931657,-120.56245309338748,169.25826837563574,-109.56560386740168,180.25511760162155,-92.8520401392136,237.2570647439176,147.70358226232545,21.58298648851258,0.42541436464088395,0.0,1.0829834650610175,60.0,0.16666666666666666
UZS,10,2026-01…2026-06,BUY_NOW,12,20,50.0,11,11,0.45454545454545453,0.3162393162393162,1.4373464373464373,0.574938574938575,2.2997542997543,0.5454545454545454,0.5555555555555556,0.9818181818181817,32.323172795302376,10.996849225985803,21.32632356931657,-120.56245309338748,169.25826837563574,-109.56560386740168,180.25511760162155,-92.8520401392136,237.2570647439176,147.70358226232545,21.58298648851258,0.42541436464088395,0.0,1.0829834650610175,60.0,0.16666666666666666
UZS,10,2026-01…2026-06,WINDOW_CLOSING,12,1,0.0,1,1,0.0,0.5470085470085471,0.0,,,0.0,0.5470085470085471,0.0,-10.642791882660152,0.9782422551992023,-11.621034137859354,,,,,,,-32.13304472264866,-358.0071454067346,0.03867403314917127,0.0,,122.0,0.8333333333333334
UZS,10,2026-01…2026-06,WINDOW_CLOSING,12,1,10.0,1,1,0.0,0.5470085470085471,0.0,,,0.0,0.5470085470085471,0.0,-10.642791882660152,0.9782422551992023,-11.621034137859354,,,,,,,-32.13304472264866,-358.0071454067346,0.03867403314917127,0.0,,122.0,0.8333333333333334
UZS,10,2026-01…2026-06,WINDOW_CLOSING,12,1,25.0,1,1,0.0,0.5470085470085471,0.0,,,0.0,0.5470085470085471,0.0,-10.642791882660152,0.9782422551992023,-11.621034137859354,,,,,,,-32.13304472264866,-358.0071454067346,0.03867403314917127,0.0,,122.0,0.8333333333333334
UZS,10,2026-01…2026-06,WINDOW_CLOSING,12,1,50.0,1,1,0.0,0.5470085470085471,0.0,,,0.0,0.5470085470085471,0.0,-10.642791882660152,0.9782422551992023,-11.621034137859354,,,,,,,-32.13304472264866,-358.0071454067346,0.03867403314917127,0.0,,122.0,0.8333333333333334
UZS,10,2026-01…2026-06,WINDOW_CLOSING,12,3,0.0,1,1,0.0,0.5384615384615384,0.0,,,0.0,0.5384615384615384,0.0,-157.35504244563714,1.1611564090988882,-158.51619885473602,,,,,,,-93.23904365509561,-358.0071454067346,0.03867403314917127,0.0,,122.0,0.8333333333333334
UZS,10,2026-01…2026-06,WINDOW_CLOSING,12,3,10.0,1,1,0.0,0.5384615384615384,0.0,,,0.0,0.5384615384615384,0.0,-157.35504244563714,1.1611564090988882,-158.51619885473602,,,,,,,-93.23904365509561,-358.0071454067346,0.03867403314917127,0.0,,122.0,0.8333333333333334
UZS,10,2026-01…2026-06,WINDOW_CLOSING,12,3,25.0,1,1,0.0,0.5384615384615384,0.0,,,0.0,0.5384615384615384,0.0,-157.35504244563714,1.1611564090988882,-158.51619885473602,,,,,,,-93.23904365509561,-358.0071454067346,0.03867403314917127,0.0,,122.0,0.8333333333333334
UZS,10,2026-01…2026-06,WINDOW_CLOSING,12,3,50.0,1,1,0.0,0.5384615384615384,0.0,,,0.0,0.5384615384615384,0.0,-157.35504244563714,1.1611564090988882,-158.51619885473602,,,,,,,-93.23904365509561,-358.0071454067346,0.03867403314917127,0.0,,122.0,0.8333333333333334
UZS,10,2026-01…2026-06,WINDOW_CLOSING,12,5,0.0,1,1,0.0,0.5213675213675214,0.0,,,0.0,0.5213675213675214,0.0,-242.0334609376784,0.5390404475671167,-242.57250138524552,,,,,,,-101.1474567002102,-358.0071454067346,0.03867403314917127,0.0,,122.0,0.8333333333333334
UZS,10,2026-01…2026-06,WINDOW_CLOSING,12,5,10.0,1,1,0.0,0.5213675213675214,0.0,,,0.0,0.5213675213675214,0.0,-242.0334609376784,0.5390404475671167,-242.57250138524552,,,,,,,-101.1474567002102,-358.0071454067346,0.03867403314917127,0.0,,122.0,0.8333333333333334
UZS,10,2026-01…2026-06,WINDOW_CLOSING,12,5,25.0,1,1,0.0,0.5213675213675214,0.0,,,0.0,0.5213675213675214,0.0,-242.0334609376784,0.5390404475671167,-242.57250138524552,,,,,,,-101.1474567002102,-358.0071454067346,0.03867403314917127,0.0,,122.0,0.8333333333333334
UZS,10,2026-01…2026-06,WINDOW_CLOSING,12,5,50.0,1,1,0.0,0.5213675213675214,0.0,,,0.0,0.5213675213675214,0.0,-242.0334609376784,0.5390404475671167,-242.57250138524552,,,,,,,-101.1474567002102,-358.0071454067346,0.03867403314917127,0.0,,122.0,0.8333333333333334
UZS,10,2026-01…2026-06,WINDOW_CLOSING,12,10,0.0,1,1,0.0,0.48717948717948717,0.0,,,0.0,0.48717948717948717,0.0,-252.68771428852088,-0.28915454028810794,-252.39855974823277,,,,,,,-55.75758667325958,-358.0071454067346,0.03867403314917127,0.0,,122.0,0.8333333333333334
UZS,10,2026-01…2026-06,WINDOW_CLOSING,12,10,10.0,1,1,0.0,0.48717948717948717,0.0,,,0.0,0.48717948717948717,0.0,-252.68771428852088,-0.28915454028810794,-252.39855974823277,,,,,,,-55.75758667325958,-358.0071454067346,0.03867403314917127,0.0,,122.0,0.8333333333333334
UZS,10,2026-01…2026-06,WINDOW_CLOSING,12,10,25.0,1,1,0.0,0.48717948717948717,0.0,,,0.0,0.48717948717948717,0.0,-252.68771428852088,-0.28915454028810794,-252.39855974823277,,,,,,,-55.75758667325958,-358.0071454067346,0.03867403314917127,0.0,,122.0,0.8333333333333334
UZS,10,2026-01…2026-06,WINDOW_CLOSING,12,10,50.0,1,1,0.0,0.48717948717948717,0.0,,,0.0,0.48717948717948717,0.0,-252.68771428852088,-0.28915454028810794,-252.39855974823277,,,,,,,-55.75758667325958,-358.0071454067346,0.03867403314917127,0.0,,122.0,0.8333333333333334
UZS,10,2026-01…2026-06,WINDOW_CLOSING,12,20,0.0,1,1,0.0,0.5128205128205128,0.0,,,0.0,0.5128205128205128,0.0,-173.56592472762443,10.996849225985803,-184.56277395361025,,,,,,,-1.9893834057593818,-358.0071454067346,0.03867403314917127,0.0,,122.0,0.8333333333333334
UZS,10,2026-01…2026-06,WINDOW_CLOSING,12,20,10.0,1,1,0.0,0.5128205128205128,0.0,,,0.0,0.5128205128205128,0.0,-173.56592472762443,10.996849225985803,-184.56277395361025,,,,,,,-1.9893834057593818,-358.0071454067346,0.03867403314917127,0.0,,122.0,0.8333333333333334
UZS,10,2026-01…2026-06,WINDOW_CLOSING,12,20,25.0,1,1,0.0,0.5128205128205128,0.0,,,0.0,0.5128205128205128,0.0,-173.56592472762443,10.996849225985803,-184.56277395361025,,,,,,,-1.9893834057593818,-358.0071454067346,0.03867403314917127,0.0,,122.0,0.8333333333333334
UZS,10,2026-01…2026-06,WINDOW_CLOSING,12,20,50.0,1,1,0.0,0.5128205128205128,0.0,,,0.0,0.5128205128205128,0.0,-173.56592472762443,10.996849225985803,-184.56277395361025,,,,,,,-1.9893834057593818,-358.0071454067346,0.03867403314917127,0.0,,122.0,0.8333333333333334
