date,corridor,indicator,indicator_label,scenario,direction,strength,speed,split,rate,params,facts,decision,push_scenario
2021-01-12,AMD,level,"level(pct=0.1,rearm=5,stall_days=0,window=120)",BUY_NOW,down,0.08333333333333348,medium,0,0.141933,"{""window"": 120, ""pct"": 0.1, ""stall_days"": 0, ""rearm"": 5, ""_feasible"": null, ""_n_feasible"": 0, ""_fixed"": true}","{""pct_rank"": 0.09166666666666666, ""window"": 120.0, ""days_since_min"": 12.0}",sent,BUY_NOW
2021-01-20,AMD,level,"level(pct=0.1,rearm=5,stall_days=0,window=120)",BUY_NOW,down,0.41666666666666674,medium,0,0.140486,"{""window"": 120, ""pct"": 0.1, ""stall_days"": 0, ""rearm"": 5, ""_feasible"": null, ""_n_feasible"": 0, ""_fixed"": true}","{""pct_rank"": 0.058333333333333334, ""window"": 120.0, ""days_since_min"": 18.0}",sent,BUY_NOW
2021-02-08,AMD,momentum,"momentum(n=4,rearm=3)",BUY_NOW,down,0.5,fast,0,0.141921,"{""n"": 4, ""rearm"": 3, ""_feasible"": null, ""_n_feasible"": 0, ""_fixed"": true}","{""streak"": 4.0, ""drop_pct"": -3.0647232391672663}",sent,BUY_NOW
2021-02-10,AMD,level,"level(pct=0.1,rearm=5,stall_days=0,window=120)",BUY_NOW,down,0.16666666666666674,medium,0,0.140927,"{""window"": 120, ""pct"": 0.1, ""stall_days"": 0, ""rearm"": 5, ""_feasible"": null, ""_n_feasible"": 0, ""_fixed"": true}","{""pct_rank"": 0.08333333333333333, ""window"": 120.0, ""days_since_min"": 33.0}",cooldown,
2021-02-11,AMD,momentum,"momentum(n=4,rearm=3)",BUY_NOW,down,0.875,fast,0,0.140746,"{""n"": 4, ""rearm"": 3, ""_feasible"": null, ""_n_feasible"": 0, ""_fixed"": true}","{""streak"": 7.0, ""drop_pct"": -3.8672750122944133}",cooldown,
2021-02-18,AMD,level,"level(pct=0.1,rearm=5,stall_days=0,window=120)",BUY_NOW,down,0.0,medium,0,0.140704,"{""window"": 120, ""pct"": 0.1, ""stall_days"": 0, ""rearm"": 5, ""_feasible"": null, ""_n_feasible"": 0, ""_fixed"": true}","{""pct_rank"": 0.1, ""window"": 120.0, ""days_since_min"": 39.0}",sent,BUY_NOW
2021-02-26,AMD,reversal,"reversal(max_days_since_min=10,rearm=5,rise_bps=50,window=120)",WINDOW_CLOSING,up,1.0,slow,0,0.141047,"{""window"": 120, ""rise_bps"": 50, ""max_days_since_min"": 10, ""rearm"": 5, ""_feasible"": null, ""_n_feasible"": 0, ""_fixed"": true}","{""rise_pct"": 1.2141652613828047, ""min_rate"": 0.139355, ""days_since_min"": 1.0, ""window"": 120.0}",sent,WINDOW_CLOSING
2021-03-01,AMD,level,"level(pct=0.1,rearm=5,stall_days=0,window=120)",BUY_NOW,down,0.2500000000000001,medium,0,0.140236,"{""window"": 120, ""pct"": 0.1, ""stall_days"": 0, ""rearm"": 5, ""_feasible"": null, ""_n_feasible"": 0, ""_fixed"": true}","{""pct_rank"": 0.075, ""window"": 120.0, ""days_since_min"": 2.0}",cooldown,
2021-03-05,AMD,reversal,"reversal(max_days_since_min=10,rearm=5,rise_bps=50,window=120)",WINDOW_CLOSING,up,1.0,slow,0,0.141807,"{""window"": 120, ""rise_bps"": 50, ""max_days_since_min"": 10, ""rearm"": 5, ""_feasible"": null, ""_n_feasible"": 0, ""_fixed"": true}","{""rise_pct"": 1.7595350005381816, ""min_rate"": 0.139355, ""days_since_min"": 6.0, ""window"": 120.0}",sent,WINDOW_CLOSING
2021-03-11,AMD,level,"level(pct=0.1,rearm=5,stall_days=0,window=120)",BUY_NOW,down,0.8333333333333334,medium,0,0.139402,"{""window"": 120, ""pct"": 0.1, ""stall_days"": 0, ""rearm"": 5, ""_feasible"": null, ""_n_feasible"": 0, ""_fixed"": true}","{""pct_rank"": 0.016666666666666666, ""window"": 120.0, ""days_since_min"": 9.0}",cooldown,
2021-03-18,AMD,level,"level(pct=0.1,rearm=5,stall_days=0,window=120)",BUY_NOW,down,0.33333333333333337,medium,0,0.13957,"{""window"": 120, ""pct"": 0.1, ""stall_days"": 0, ""rearm"": 5, ""_feasible"": null, ""_n_feasible"": 0, ""_fixed"": true}","{""pct_rank"": 0.06666666666666667, ""window"": 120.0, ""days_since_min"": 2.0}",sent,BUY_NOW
2021-03-18,AMD,reversal,"reversal(max_days_since_min=10,rearm=5,rise_bps=50,window=120)",WINDOW_CLOSING,up,0.9066196246276581,slow,0,0.13957,"{""window"": 120, ""rise_bps"": 50, ""max_days_since_min"": 10, ""rearm"": 5, ""_feasible"": null, ""_n_feasible"": 0, ""_fixed"": true}","{""rise_pct"": 0.9066196246276581, ""min_rate"": 0.138316, ""days_since_min"": 2.0, ""window"": 120.0}",thinned,
2021-03-25,AMD,reversal,"reversal(max_days_since_min=10,rearm=5,rise_bps=50,window=120)",WINDOW_CLOSING,up,1.0,slow,0,0.144269,"{""window"": 120, ""rise_bps"": 50, ""max_days_since_min"": 10, ""rearm"": 5, ""_feasible"": null, ""_n_feasible"": 0, ""_fixed"": true}","{""rise_pct"": 4.303912779432606, ""min_rate"": 0.138316, ""days_since_min"": 7.0, ""window"": 120.0}",sent,WINDOW_CLOSING
2021-03-31,AMD,momentum,"momentum(n=4,rearm=3)",BUY_NOW,down,0.5,fast,0,0.142914,"{""n"": 4, ""rearm"": 3, ""_feasible"": null, ""_n_feasible"": 0, ""_fixed"": true}","{""streak"": 4.0, ""drop_pct"": -0.939217711358642}",sent,BUY_NOW
2021-05-11,AMD,momentum,"momentum(n=4,rearm=3)",BUY_NOW,down,0.5,fast,0,0.141962,"{""n"": 4, ""rearm"": 3, ""_feasible"": null, ""_n_feasible"": 0, ""_fixed"": true}","{""streak"": 4.0, ""drop_pct"": -1.7897045292599834}",sent,BUY_NOW
2021-06-09,AMD,level,"level(pct=0.1,rearm=5,stall_days=0,window=120)",BUY_NOW,down,0.75,medium,0,0.138666,"{""window"": 120, ""pct"": 0.1, ""stall_days"": 0, ""rearm"": 5, ""_feasible"": null, ""_n_feasible"": 0, ""_fixed"": true}","{""pct_rank"": 0.025, ""window"": 120.0, ""days_since_min"": 59.0}",sent,BUY_NOW
2021-06-16,AMD,reversal,"reversal(max_days_since_min=10,rearm=5,rise_bps=50,window=120)",WINDOW_CLOSING,up,1.0,slow,0,0.139684,"{""window"": 120, ""rise_bps"": 50, ""max_days_since_min"": 10, ""rearm"": 5, ""_feasible"": null, ""_n_feasible"": 0, ""_fixed"": true}","{""rise_pct"": 1.1931583560929493, ""min_rate"": 0.138037, ""days_since_min"": 2.0, ""window"": 120.0}",sent,WINDOW_CLOSING
2021-06-18,AMD,level,"level(pct=0.1,rearm=5,stall_days=0,window=120)",BUY_NOW,down,0.16666666666666674,medium,0,0.13941,"{""window"": 120, ""pct"": 0.1, ""stall_days"": 0, ""rearm"": 5, ""_feasible"": null, ""_n_feasible"": 0, ""_fixed"": true}","{""pct_rank"": 0.08333333333333333, ""window"": 120.0, ""days_since_min"": 4.0}",cooldown,
2021-06-23,AMD,reversal,"reversal(max_days_since_min=10,rearm=5,rise_bps=50,window=120)",WINDOW_CLOSING,up,1.0,slow,0,0.141637,"{""window"": 120, ""rise_bps"": 50, ""max_days_since_min"": 10, ""rearm"": 5, ""_feasible"": null, ""_n_feasible"": 0, ""_fixed"": true}","{""rise_pct"": 2.6079964067605266, ""min_rate"": 0.138037, ""days_since_min"": 7.0, ""window"": 120.0}",sent,WINDOW_CLOSING
2021-07-26,AMD,seasonality,"seasonality(from_day=24,min_share=0.7,min_years=4,rearm=20)",BUY_NOW,down,0.8333333333333334,slow,1,0.152011,"{""min_share"": 0.7, ""min_years"": 4, ""from_day"": 24, ""rearm"": 20, ""_feasible"": null, ""_n_feasible"": 0, ""_fixed"": true}","{""k_years"": 5.0, ""n_years"": 6.0, ""target_month"": 8.0}",sent,BUY_NOW
2021-08-04,AMD,momentum,"momentum(n=4,rearm=3)",BUY_NOW,down,0.5,fast,1,0.14877,"{""n"": 4, ""rearm"": 3, ""_feasible"": null, ""_n_feasible"": 0, ""_fixed"": true}","{""streak"": 4.0, ""drop_pct"": -1.9618180260565166}",sent,BUY_NOW
2021-09-02,AMD,momentum,"momentum(n=4,rearm=3)",BUY_NOW,down,0.5,fast,1,0.147587,"{""n"": 4, ""rearm"": 3, ""_feasible"": null, ""_n_feasible"": 0, ""_fixed"": true}","{""streak"": 4.0, ""drop_pct"": -1.8070164933500998}",sent,BUY_NOW
2021-10-26,AMD,momentum,"momentum(n=4,rearm=3)",BUY_NOW,down,0.5,fast,1,0.145782,"{""n"": 4, ""rearm"": 3, ""_feasible"": null, ""_n_feasible"": 0, ""_fixed"": true}","{""streak"": 4.0, ""drop_pct"": -2.0328344768727247}",sent,BUY_NOW
2021-12-09,AMD,dip_vs_trend,"dip_vs_trend(pct=0.1,rearm=5,span=40,window=120)",BUY_NOW,down,0.2500000000000001,medium,1,0.148686,"{""span"": 40, ""window"": 120, ""pct"": 0.1, ""rearm"": 5, ""_feasible"": null, ""_n_feasible"": 0, ""_fixed"": true}","{""dev_pct"": -1.3064519099945548, ""pct_rank"": 0.075, ""window"": 120.0, ""span"": 40.0}",sent,BUY_NOW
2021-12-23,AMD,dip_vs_trend,"dip_vs_trend(pct=0.1,rearm=5,span=40,window=120)",BUY_NOW,down,0.8333333333333334,medium,1,0.148348,"{""span"": 40, ""window"": 120, ""pct"": 0.1, ""rearm"": 5, ""_feasible"": null, ""_n_feasible"": 0, ""_fixed"": true}","{""dev_pct"": -1.6569225493905382, ""pct_rank"": 0.016666666666666666, ""window"": 120.0, ""span"": 40.0}",sent,BUY_NOW
2021-12-23,AMD,ml_localmin,"ml_localmin(fp_cost=3.0,gate_pct=0.2,gate_window=120,h=10,min_pos_rate=0.25,rearm=5,seed=0,tol_bps=10.0)",BUY_NOW,down,0.017661634250361692,medium,1,0.148348,"{""threshold"": 0.0014, ""_fitted"": true}","{""proba"": 0.017661634250361692, ""pct_rank"": 0.19166666666666668, ""window"": 120.0}",thinned,
2022-02-02,AMD,momentum,"momentum(n=4,rearm=3)",BUY_NOW,down,0.5,fast,2,0.158354,"{""n"": 4, ""rearm"": 3, ""_feasible"": null, ""_n_feasible"": 0, ""_fixed"": true}","{""streak"": 4.0, ""drop_pct"": -3.1687212601506642}",sent,BUY_NOW
2022-02-09,AMD,momentum,"momentum(n=4,rearm=3)",BUY_NOW,down,0.5,fast,2,0.155918,"{""n"": 4, ""rearm"": 3, ""_feasible"": null, ""_n_feasible"": 0, ""_fixed"": true}","{""streak"": 4.0, ""drop_pct"": -1.6891870590238112}",sent,BUY_NOW
2022-03-25,AMD,momentum,"momentum(n=4,rearm=3)",BUY_NOW,down,0.5,fast,2,0.194805,"{""n"": 4, ""rearm"": 3, ""_feasible"": null, ""_n_feasible"": 0, ""_fixed"": true}","{""streak"": 4.0, ""drop_pct"": -8.977707586709583}",storm,
2022-03-29,AMD,dip_vs_trend,"dip_vs_trend(pct=0.1,rearm=5,span=40,window=120)",BUY_NOW,down,0.9166666666666666,medium,2,0.176948,"{""span"": 40, ""window"": 120, ""pct"": 0.1, ""rearm"": 5, ""_feasible"": null, ""_n_feasible"": 0, ""_fixed"": true}","{""dev_pct"": -5.227756557106944, ""pct_rank"": 0.008333333333333333, ""window"": 120.0, ""span"": 40.0}",sent,BUY_NOW
2022-03-30,AMD,momentum,"momentum(n=4,rearm=3)",BUY_NOW,down,0.875,fast,2,0.173193,"{""n"": 4, ""rearm"": 3, ""_feasible"": null, ""_n_feasible"": 0, ""_fixed"": true}","{""streak"": 7.0, ""drop_pct"": -19.075876440876737}",cooldown,
2022-04-05,AMD,dip_vs_trend,"dip_vs_trend(pct=0.1,rearm=5,span=40,window=120)",BUY_NOW,down,0.9166666666666666,medium,2,0.173077,"{""span"": 40, ""window"": 120, ""pct"": 0.1, ""rearm"": 5, ""_feasible"": null, ""_n_feasible"": 0, ""_fixed"": true}","{""dev_pct"": -8.161804746267254, ""pct_rank"": 0.008333333333333333, ""window"": 120.0, ""span"": 40.0}",sent,BUY_NOW
2022-04-12,AMD,dip_vs_trend,"dip_vs_trend(pct=0.1,rearm=5,span=40,window=120)",BUY_NOW,down,0.6666666666666667,medium,2,0.168299,"{""span"": 40, ""window"": 120, ""pct"": 0.1, ""rearm"": 5, ""_feasible"": null, ""_n_feasible"": 0, ""_fixed"": true}","{""dev_pct"": -11.218210239745218, ""pct_rank"": 0.03333333333333333, ""window"": 120.0, ""span"": 40.0}",sent,BUY_NOW
2022-04-19,AMD,dip_vs_trend,"dip_vs_trend(pct=0.1,rearm=5,span=40,window=120)",BUY_NOW,down,0.75,medium,2,0.16785,"{""span"": 40, ""window"": 120, ""pct"": 0.1, ""rearm"": 5, ""_feasible"": null, ""_n_feasible"": 0, ""_fixed"": true}","{""dev_pct"": -12.112884023433956, ""pct_rank"": 0.025, ""window"": 120.0, ""span"": 40.0}",sent,BUY_NOW
2022-04-20,AMD,momentum,"momentum(n=4,rearm=3)",BUY_NOW,down,0.5,fast,2,0.164278,"{""n"": 4, ""rearm"": 3, ""_feasible"": null, ""_n_feasible"": 0, ""_fixed"": true}","{""streak"": 4.0, ""drop_pct"": -4.710584168121623}",cooldown,
2022-04-25,AMD,momentum,"momentum(n=4,rearm=3)",BUY_NOW,down,0.875,fast,2,0.157252,"{""n"": 4, ""rearm"": 3, ""_feasible"": null, ""_n_feasible"": 0, ""_fixed"": true}","{""streak"": 7.0, ""drop_pct"": -8.786013839987472}",sent,BUY_NOW
2022-04-26,AMD,dip_vs_trend,"dip_vs_trend(pct=0.1,rearm=5,span=40,window=120)",BUY_NOW,down,0.75,medium,2,0.156991,"{""span"": 40, ""window"": 120, ""pct"": 0.1, ""rearm"": 5, ""_feasible"": null, ""_n_feasible"": 0, ""_fixed"": true}","{""dev_pct"": -16.919857332104005, ""pct_rank"": 0.025, ""window"": 120.0, ""span"": 40.0}",cooldown,
2022-05-05,AMD,dip_vs_trend,"dip_vs_trend(pct=0.1,rearm=5,span=40,window=120)",BUY_NOW,down,0.9166666666666666,medium,2,0.145696,"{""span"": 40, ""window"": 120, ""pct"": 0.1, ""rearm"": 5, ""_feasible"": null, ""_n_feasible"": 0, ""_fixed"": true}","{""dev_pct"": -19.981117881292263, ""pct_rank"": 0.008333333333333333, ""window"": 120.0, ""span"": 40.0}",thinned,
2022-05-05,AMD,level,"level(pct=0.1,rearm=5,stall_days=0,window=120)",BUY_NOW,down,0.9166666666666666,medium,2,0.145696,"{""window"": 120, ""pct"": 0.1, ""stall_days"": 0, ""rearm"": 5, ""_feasible"": null, ""_n_feasible"": 0, ""_fixed"": true}","{""pct_rank"": 0.008333333333333333, ""window"": 120.0, ""days_since_min"": 0.0}",sent,BUY_NOW
2022-05-05,AMD,ml_localmin,"ml_localmin(fp_cost=3.0,gate_pct=0.2,gate_window=120,h=10,min_pos_rate=0.25,rearm=5,seed=0,tol_bps=10.0)",BUY_NOW,down,0.059859563167159006,medium,2,0.145696,"{""threshold"": 0.0172, ""_fitted"": true}","{""proba"": 0.059859563167159006, ""pct_rank"": 0.008333333333333333, ""window"": 120.0}",thinned,
2022-05-05,AMD,momentum,"momentum(n=4,rearm=3)",BUY_NOW,down,0.5,fast,2,0.145696,"{""n"": 4, ""rearm"": 3, ""_feasible"": null, ""_n_feasible"": 0, ""_fixed"": true}","{""streak"": 4.0, ""drop_pct"": -8.039940921771837}",thinned,
2022-05-11,AMD,reversal,"reversal(max_days_since_min=10,rearm=5,rise_bps=50,window=120)",WINDOW_CLOSING,up,1.0,slow,2,0.147448,"{""window"": 120, ""rise_bps"": 50, ""max_days_since_min"": 10, ""rearm"": 5, ""_feasible"": null, ""_n_feasible"": 0, ""_fixed"": true}","{""rise_pct"": 3.802262631382569, ""min_rate"": 0.142047, ""days_since_min"": 1.0, ""window"": 120.0}",cooldown,
2022-05-16,AMD,dip_vs_trend,"dip_vs_trend(pct=0.1,rearm=5,span=40,window=120)",BUY_NOW,down,0.5833333333333334,medium,2,0.139442,"{""span"": 40, ""window"": 120, ""pct"": 0.1, ""rearm"": 5, ""_feasible"": null, ""_n_feasible"": 0, ""_fixed"": true}","{""dev_pct"": -18.682445918099845, ""pct_rank"": 0.041666666666666664, ""window"": 120.0, ""span"": 40.0}",thinned,
2022-05-16,AMD,level,"level(pct=0.1,rearm=5,stall_days=0,window=120)",BUY_NOW,down,0.9166666666666666,medium,2,0.139442,"{""window"": 120, ""pct"": 0.1, ""stall_days"": 0, ""rearm"": 5, ""_feasible"": null, ""_n_feasible"": 0, ""_fixed"": true}","{""pct_rank"": 0.008333333333333333, ""window"": 120.0, ""days_since_min"": 0.0}",sent,BUY_NOW
2022-05-16,AMD,ml_localmin,"ml_localmin(fp_cost=3.0,gate_pct=0.2,gate_window=120,h=10,min_pos_rate=0.25,rearm=5,seed=0,tol_bps=10.0)",BUY_NOW,down,0.18717776435039446,medium,2,0.139442,"{""threshold"": 0.0172, ""_fitted"": true}","{""proba"": 0.18717776435039446, ""pct_rank"": 0.008333333333333333, ""window"": 120.0}",thinned,
2022-05-23,AMD,dip_vs_trend,"dip_vs_trend(pct=0.1,rearm=5,span=40,window=120)",BUY_NOW,down,0.75,medium,2,0.127726,"{""span"": 40, ""window"": 120, ""pct"": 0.1, ""rearm"": 5, ""_feasible"": null, ""_n_feasible"": 0, ""_fixed"": true}","{""dev_pct"": -20.840616796903923, ""pct_rank"": 0.025, ""window"": 120.0, ""span"": 40.0}",thinned,
2022-05-23,AMD,level,"level(pct=0.1,rearm=5,stall_days=0,window=120)",BUY_NOW,down,0.9166666666666666,medium,2,0.127726,"{""window"": 120, ""pct"": 0.1, ""stall_days"": 0, ""rearm"": 5, ""_feasible"": null, ""_n_feasible"": 0, ""_fixed"": true}","{""pct_rank"": 0.008333333333333333, ""window"": 120.0, ""days_since_min"": 0.0}",sent,BUY_NOW
2022-05-23,AMD,ml_localmin,"ml_localmin(fp_cost=3.0,gate_pct=0.2,gate_window=120,h=10,min_pos_rate=0.25,rearm=5,seed=0,tol_bps=10.0)",BUY_NOW,down,0.2130428774461638,medium,2,0.127726,"{""threshold"": 0.0172, ""_fitted"": true}","{""proba"": 0.2130428774461638, ""pct_rank"": 0.008333333333333333, ""window"": 120.0}",thinned,
2022-05-23,AMD,momentum,"momentum(n=4,rearm=3)",BUY_NOW,down,0.5,fast,2,0.127726,"{""n"": 4, ""rearm"": 3, ""_feasible"": null, ""_n_feasible"": 0, ""_fixed"": true}","{""streak"": 4.0, ""drop_pct"": -8.56926061404324}",thinned,
2022-05-26,AMD,reversal,"reversal(max_days_since_min=10,rearm=5,rise_bps=50,window=120)",WINDOW_CLOSING,up,1.0,slow,2,0.13876,"{""window"": 120, ""rise_bps"": 50, ""max_days_since_min"": 10, ""rearm"": 5, ""_feasible"": null, ""_n_feasible"": 0, ""_fixed"": true}","{""rise_pct"": 11.085315379504122, ""min_rate"": 0.124913, ""days_since_min"": 1.0, ""window"": 120.0}",cooldown,
2022-05-30,AMD,level,"level(pct=0.1,rearm=5,stall_days=0,window=120)",BUY_NOW,down,0.08333333333333348,medium,2,0.140354,"{""window"": 120, ""pct"": 0.1, ""stall_days"": 0, ""rearm"": 5, ""_feasible"": null, ""_n_feasible"": 0, ""_fixed"": true}","{""pct_rank"": 0.09166666666666666, ""window"": 120.0, ""days_since_min"": 3.0}",sent,BUY_NOW
2022-06-02,AMD,reversal,"reversal(max_days_since_min=10,rearm=5,rise_bps=50,window=120)",WINDOW_CLOSING,up,1.0,slow,2,0.138914,"{""window"": 120, ""rise_bps"": 50, ""max_days_since_min"": 10, ""rearm"": 5, ""_feasible"": null, ""_n_feasible"": 0, ""_fixed"": true}","{""rise_pct"": 11.208601186425772, ""min_rate"": 0.124913, ""days_since_min"": 6.0, ""window"": 120.0}",cooldown,
2022-06-06,AMD,level,"level(pct=0.1,rearm=5,stall_days=0,window=120)",BUY_NOW,down,0.0,medium,2,0.13964,"{""window"": 120, ""pct"": 0.1, ""stall_days"": 0, ""rearm"": 5, ""_feasible"": null, ""_n_feasible"": 0, ""_fixed"": true}","{""pct_rank"": 0.1, ""window"": 120.0, ""days_since_min"": 8.0}",sent,BUY_NOW
2022-06-14,AMD,level,"level(pct=0.1,rearm=5,stall_days=0,window=120)",BUY_NOW,down,0.5,medium,2,0.136055,"{""window"": 120, ""pct"": 0.1, ""stall_days"": 0, ""rearm"": 5, ""_feasible"": null, ""_n_feasible"": 0, ""_fixed"": true}","{""pct_rank"": 0.05, ""window"": 120.0, ""days_since_min"": 13.0}",sent,BUY_NOW
2022-06-15,AMD,ml_localmin,"ml_localmin(fp_cost=3.0,gate_pct=0.2,gate_window=120,h=10,min_pos_rate=0.25,rearm=5,seed=0,tol_bps=10.0)",BUY_NOW,down,0.03221409644342044,medium,2,0.133505,"{""threshold"": 0.0172, ""_fitted"": true}","{""proba"": 0.03221409644342044, ""pct_rank"": 0.041666666666666664, ""window"": 120.0}",cooldown,
2022-06-21,AMD,level,"level(pct=0.1,rearm=5,stall_days=0,window=120)",BUY_NOW,down,0.5833333333333334,medium,2,0.131191,"{""window"": 120, ""pct"": 0.1, ""stall_days"": 0, ""rearm"": 5, ""_feasible"": null, ""_n_feasible"": 0, ""_fixed"": true}","{""pct_rank"": 0.041666666666666664, ""window"": 120.0, ""days_since_min"": 18.0}",sent,BUY_NOW
2022-06-22,AMD,ml_localmin,"ml_localmin(fp_cost=3.0,gate_pct=0.2,gate_window=120,h=10,min_pos_rate=0.25,rearm=5,seed=0,tol_bps=10.0)",BUY_NOW,down,0.04834350911488649,medium,2,0.129123,"{""threshold"": 0.0172, ""_fitted"": true}","{""proba"": 0.04834350911488649, ""pct_rank"": 0.041666666666666664, ""window"": 120.0}",cooldown,
2022-06-24,AMD,seasonality,"seasonality(from_day=24,min_share=0.7,min_years=4,rearm=20)",BUY_NOW,down,0.7142857142857143,slow,2,0.130515,"{""min_share"": 0.7, ""min_years"": 4, ""from_day"": 24, ""rearm"": 20, ""_feasible"": null, ""_n_feasible"": 0, ""_fixed"": true}","{""k_years"": 5.0, ""n_years"": 7.0, ""target_month"": 7.0}",cooldown,
2022-06-28,AMD,level,"level(pct=0.1,rearm=5,stall_days=0,window=120)",BUY_NOW,down,0.5,medium,2,0.129704,"{""window"": 120, ""pct"": 0.1, ""stall_days"": 0, ""rearm"": 5, ""_feasible"": null, ""_n_feasible"": 0, ""_fixed"": true}","{""pct_rank"": 0.05, ""window"": 120.0, ""days_since_min"": 23.0}",sent,BUY_NOW
2022-06-29,AMD,ml_localmin,"ml_localmin(fp_cost=3.0,gate_pct=0.2,gate_window=120,h=10,min_pos_rate=0.25,rearm=5,seed=0,tol_bps=10.0)",BUY_NOW,down,0.09203625893777999,medium,2,0.125292,"{""threshold"": 0.0172, ""_fitted"": true}","{""proba"": 0.09203625893777999, ""pct_rank"": 0.016666666666666666, ""window"": 120.0}",cooldown,
2022-07-13,AMD,momentum,"momentum(n=4,rearm=3)",BUY_NOW,down,0.5,fast,3,0.142124,"{""n"": 4, ""rearm"": 3, ""_feasible"": null, ""_n_feasible"": 0, ""_fixed"": true}","{""streak"": 4.0, ""drop_pct"": -8.120967637665977}",sent,BUY_NOW
2022-07-18,AMD,momentum,"momentum(n=4,rearm=3)",BUY_NOW,down,0.875,fast,3,0.136277,"{""n"": 4, ""rearm"": 3, ""_feasible"": null, ""_n_feasible"": 0, ""_fixed"": true}","{""streak"": 7.0, ""drop_pct"": -11.900883079270253}",cooldown,
2022-07-25,AMD,seasonality,"seasonality(from_day=24,min_share=0.7,min_years=4,rearm=20)",BUY_NOW,down,0.7142857142857143,slow,3,0.14048,"{""min_share"": 0.7, ""min_years"": 4, ""from_day"": 24, ""rearm"": 20, ""_feasible"": null, ""_n_feasible"": 0, ""_fixed"": true}","{""k_years"": 5.0, ""n_years"": 7.0, ""target_month"": 8.0}",sent,BUY_NOW
2022-09-13,AMD,momentum,"momentum(n=4,rearm=3)",BUY_NOW,down,0.5,fast,3,0.148143,"{""n"": 4, ""rearm"": 3, ""_feasible"": null, ""_n_feasible"": 0, ""_fixed"": true}","{""streak"": 4.0, ""drop_pct"": -1.9582798374607857}",sent,BUY_NOW
2022-09-16,AMD,momentum,"momentum(n=4,rearm=3)",BUY_NOW,down,0.875,fast,3,0.144317,"{""n"": 4, ""rearm"": 3, ""_feasible"": null, ""_n_feasible"": 0, ""_fixed"": true}","{""streak"": 7.0, ""drop_pct"": -4.490344270757496}",cooldown,
2022-10-18,AMD,momentum,"momentum(n=4,rearm=3)",BUY_NOW,down,0.5,fast,3,0.152746,"{""n"": 4, ""rearm"": 3, ""_feasible"": null, ""_n_feasible"": 0, ""_fixed"": true}","{""streak"": 4.0, ""drop_pct"": -3.2745049614671062}",sent,BUY_NOW
2022-10-21,AMD,momentum,"momentum(n=4,rearm=3)",BUY_NOW,down,0.875,fast,3,0.151847,"{""n"": 4, ""rearm"": 3, ""_feasible"": null, ""_n_feasible"": 0, ""_fixed"": true}","{""streak"": 7.0, ""drop_pct"": -3.843791358751747}",cooldown,
2022-10-24,AMD,seasonality,"seasonality(from_day=24,min_share=0.7,min_years=4,rearm=20)",BUY_NOW,down,0.7142857142857143,slow,3,0.152022,"{""min_share"": 0.7, ""min_years"": 4, ""from_day"": 24, ""rearm"": 20, ""_feasible"": null, ""_n_feasible"": 0, ""_fixed"": true}","{""k_years"": 5.0, ""n_years"": 7.0, ""target_month"": 11.0}",sent,BUY_NOW
2023-01-11,AMD,momentum,"momentum(n=4,rearm=3)",BUY_NOW,down,0.5,fast,4,0.174311,"{""n"": 4, ""rearm"": 3, ""_feasible"": null, ""_n_feasible"": 0, ""_fixed"": true}","{""streak"": 4.0, ""drop_pct"": -4.726742056963595}",sent,BUY_NOW
2023-05-04,AMD,dip_vs_trend,"dip_vs_trend(pct=0.1,rearm=5,span=40,window=120)",BUY_NOW,down,0.9166666666666666,medium,4,0.202974,"{""span"": 40, ""window"": 120, ""pct"": 0.1, ""rearm"": 5, ""_feasible"": null, ""_n_feasible"": 0, ""_fixed"": true}","{""dev_pct"": -0.3599528244576433, ""pct_rank"": 0.008333333333333333, ""window"": 120.0, ""span"": 40.0}",thinned,
2023-05-04,AMD,momentum,"momentum(n=4,rearm=3)",BUY_NOW,down,0.5,fast,4,0.202974,"{""n"": 4, ""rearm"": 3, ""_feasible"": null, ""_n_feasible"": 0, ""_fixed"": true}","{""streak"": 4.0, ""drop_pct"": -3.831138065005213}",sent,BUY_NOW
2023-05-11,AMD,momentum,"momentum(n=4,rearm=3)",BUY_NOW,down,0.875,fast,4,0.196424,"{""n"": 4, ""rearm"": 3, ""_feasible"": null, ""_n_feasible"": 0, ""_fixed"": true}","{""streak"": 7.0, ""drop_pct"": -6.934520989292148}",cooldown,
2023-05-15,AMD,dip_vs_trend,"dip_vs_trend(pct=0.1,rearm=5,span=40,window=120)",BUY_NOW,down,0.5,medium,4,0.204272,"{""span"": 40, ""window"": 120, ""pct"": 0.1, ""rearm"": 5, ""_feasible"": null, ""_n_feasible"": 0, ""_fixed"": true}","{""dev_pct"": -0.018819399595071395, ""pct_rank"": 0.05, ""window"": 120.0, ""span"": 40.0}",sent,BUY_NOW
2023-06-26,AMD,seasonality,"seasonality(from_day=24,min_share=0.7,min_years=4,rearm=20)",BUY_NOW,down,0.75,slow,4,0.219025,"{""min_share"": 0.7, ""min_years"": 4, ""from_day"": 24, ""rearm"": 20, ""_feasible"": null, ""_n_feasible"": 0, ""_fixed"": true}","{""k_years"": 6.0, ""n_years"": 8.0, ""target_month"": 7.0}",sent,BUY_NOW
2023-07-24,AMD,seasonality,"seasonality(from_day=24,min_share=0.7,min_years=4,rearm=20)",BUY_NOW,down,0.75,slow,5,0.233767,"{""min_share"": 0.7, ""min_years"": 4, ""from_day"": 24, ""rearm"": 20, ""_feasible"": null, ""_n_feasible"": 0, ""_fixed"": true}","{""k_years"": 6.0, ""n_years"": 8.0, ""target_month"": 8.0}",sent,BUY_NOW
2023-07-25,AMD,momentum,"momentum(n=4,rearm=3)",BUY_NOW,down,0.5,fast,5,0.232959,"{""n"": 4, ""rearm"": 3, ""_feasible"": null, ""_n_feasible"": 0, ""_fixed"": true}","{""streak"": 4.0, ""drop_pct"": -1.0789808917197385}",cooldown,
2023-08-18,AMD,momentum,"momentum(n=4,rearm=3)",BUY_NOW,down,0.5,fast,5,0.2419,"{""n"": 4, ""rearm"": 3, ""_feasible"": null, ""_n_feasible"": 0, ""_fixed"": true}","{""streak"": 4.0, ""drop_pct"": -7.441419104029878}",sent,BUY_NOW
2023-09-22,AMD,dip_vs_trend,"dip_vs_trend(pct=0.1,rearm=5,span=40,window=120)",BUY_NOW,down,0.5,medium,5,0.248016,"{""span"": 40, ""window"": 120, ""pct"": 0.1, ""rearm"": 5, ""_feasible"": null, ""_n_feasible"": 0, ""_fixed"": true}","{""dev_pct"": -0.08415755228424748, ""pct_rank"": 0.05, ""window"": 120.0, ""span"": 40.0}",sent,BUY_NOW
2023-09-29,AMD,dip_vs_trend,"dip_vs_trend(pct=0.1,rearm=5,span=40,window=120)",BUY_NOW,down,0.5833333333333334,medium,5,0.247623,"{""span"": 40, ""window"": 120, ""pct"": 0.1, ""rearm"": 5, ""_feasible"": null, ""_n_feasible"": 0, ""_fixed"": true}","{""dev_pct"": -0.6161148282957662, ""pct_rank"": 0.041666666666666664, ""window"": 120.0, ""span"": 40.0}",sent,BUY_NOW
2023-10-03,AMD,momentum,"momentum(n=4,rearm=3)",BUY_NOW,down,0.5,fast,5,0.240096,"{""n"": 4, ""rearm"": 3, ""_feasible"": null, ""_n_feasible"": 0, ""_fixed"": true}","{""streak"": 4.0, ""drop_pct"": -3.3173065307207206}",cooldown,
2023-10-06,AMD,dip_vs_trend,"dip_vs_trend(pct=0.1,rearm=5,span=40,window=120)",BUY_NOW,down,0.2500000000000001,medium,5,0.245029,"{""span"": 40, ""window"": 120, ""pct"": 0.1, ""rearm"": 5, ""_feasible"": null, ""_n_feasible"": 0, ""_fixed"": true}","{""dev_pct"": -1.0862871561212684, ""pct_rank"": 0.075, ""window"": 120.0, ""span"": 40.0}",sent,BUY_NOW
2023-10-13,AMD,dip_vs_trend,"dip_vs_trend(pct=0.1,rearm=5,span=40,window=120)",BUY_NOW,down,0.41666666666666674,medium,5,0.241932,"{""span"": 40, ""window"": 120, ""pct"": 0.1, ""rearm"": 5, ""_feasible"": null, ""_n_feasible"": 0, ""_fixed"": true}","{""dev_pct"": -2.262412728525809, ""pct_rank"": 0.058333333333333334, ""window"": 120.0, ""span"": 40.0}",sent,BUY_NOW
2023-10-20,AMD,dip_vs_trend,"dip_vs_trend(pct=0.1,rearm=5,span=40,window=120)",BUY_NOW,down,0.5833333333333334,medium,5,0.238891,"{""span"": 40, ""window"": 120, ""pct"": 0.1, ""rearm"": 5, ""_feasible"": null, ""_n_feasible"": 0, ""_fixed"": true}","{""dev_pct"": -3.3584702473250627, ""pct_rank"": 0.041666666666666664, ""window"": 120.0, ""span"": 40.0}",sent,BUY_NOW
2023-10-24,AMD,momentum,"momentum(n=4,rearm=3)",BUY_NOW,down,0.5,fast,5,0.232435,"{""n"": 4, ""rearm"": 3, ""_feasible"": null, ""_n_feasible"": 0, ""_fixed"": true}","{""streak"": 4.0, ""drop_pct"": -4.11848906232597}",cooldown,
2023-10-24,AMD,seasonality,"seasonality(from_day=24,min_share=0.7,min_years=4,rearm=20)",BUY_NOW,down,0.75,slow,5,0.232435,"{""min_share"": 0.7, ""min_years"": 4, ""from_day"": 24, ""rearm"": 20, ""_feasible"": null, ""_n_feasible"": 0, ""_fixed"": true}","{""k_years"": 6.0, ""n_years"": 8.0, ""target_month"": 11.0}",thinned,
2023-10-27,AMD,dip_vs_trend,"dip_vs_trend(pct=0.1,rearm=5,span=40,window=120)",BUY_NOW,down,0.6666666666666667,medium,5,0.231567,"{""span"": 40, ""window"": 120, ""pct"": 0.1, ""rearm"": 5, ""_feasible"": null, ""_n_feasible"": 0, ""_fixed"": true}","{""dev_pct"": -5.560422873091286, ""pct_rank"": 0.03333333333333333, ""window"": 120.0, ""span"": 40.0}",sent,BUY_NOW
2023-11-03,AMD,dip_vs_trend,"dip_vs_trend(pct=0.1,rearm=5,span=40,window=120)",BUY_NOW,down,0.08333333333333348,medium,5,0.231304,"{""span"": 40, ""window"": 120, ""pct"": 0.1, ""rearm"": 5, ""_feasible"": null, ""_n_feasible"": 0, ""_fixed"": true}","{""dev_pct"": -4.59439346047742, ""pct_rank"": 0.09166666666666666, ""window"": 120.0, ""span"": 40.0}",sent,BUY_NOW
2023-11-08,AMD,momentum,"momentum(n=4,rearm=3)",BUY_NOW,down,0.5,fast,5,0.229056,"{""n"": 4, ""rearm"": 3, ""_feasible"": null, ""_n_feasible"": 0, ""_fixed"": true}","{""streak"": 4.0, ""drop_pct"": -1.1901731984556574}",cooldown,
2023-11-14,AMD,dip_vs_trend,"dip_vs_trend(pct=0.1,rearm=5,span=40,window=120)",BUY_NOW,down,0.5,medium,5,0.226337,"{""span"": 40, ""window"": 120, ""pct"": 0.1, ""rearm"": 5, ""_feasible"": null, ""_n_feasible"": 0, ""_fixed"": true}","{""dev_pct"": -5.440096975945985, ""pct_rank"": 0.05, ""window"": 120.0, ""span"": 40.0}",thinned,
2023-11-14,AMD,ml_localmin,"ml_localmin(fp_cost=3.0,gate_pct=0.2,gate_window=120,h=10,min_pos_rate=0.25,rearm=5,seed=0,tol_bps=10.0)",BUY_NOW,down,0.04852229991702123,medium,5,0.226337,"{""threshold"": 0.0311, ""_fitted"": true}","{""proba"": 0.04852229991702123, ""pct_rank"": 0.2, ""window"": 120.0}",sent,BUY_NOW
2023-11-16,AMD,momentum,"momentum(n=4,rearm=3)",BUY_NOW,down,0.5,fast,5,0.220865,"{""n"": 4, ""rearm"": 3, ""_feasible"": null, ""_n_feasible"": 0, ""_fixed"": true}","{""streak"": 4.0, ""drop_pct"": -3.406034471447994}",cooldown,
2023-11-21,AMD,dip_vs_trend,"dip_vs_trend(pct=0.1,rearm=5,span=40,window=120)",BUY_NOW,down,0.9166666666666666,medium,5,0.218278,"{""span"": 40, ""window"": 120, ""pct"": 0.1, ""rearm"": 5, ""_feasible"": null, ""_n_feasible"": 0, ""_fixed"": true}","{""dev_pct"": -7.439882335455472, ""pct_rank"": 0.008333333333333333, ""window"": 120.0, ""span"": 40.0}",thinned,
2023-11-21,AMD,ml_localmin,"ml_localmin(fp_cost=3.0,gate_pct=0.2,gate_window=120,h=10,min_pos_rate=0.25,rearm=5,seed=0,tol_bps=10.0)",BUY_NOW,down,0.2389093484600928,medium,5,0.218278,"{""threshold"": 0.0311, ""_fitted"": true}","{""proba"": 0.2389093484600928, ""pct_rank"": 0.125, ""window"": 120.0}",sent,BUY_NOW
2023-12-12,AMD,momentum,"momentum(n=4,rearm=3)",BUY_NOW,down,0.5,fast,5,0.223533,"{""n"": 4, ""rearm"": 3, ""_feasible"": null, ""_n_feasible"": 0, ""_fixed"": true}","{""streak"": 4.0, ""drop_pct"": -2.884786660468419}",sent,BUY_NOW
2023-12-14,AMD,level,"level(pct=0.1,rearm=5,stall_days=0,window=120)",BUY_NOW,down,0.0,medium,5,0.221647,"{""window"": 120, ""pct"": 0.1, ""stall_days"": 0, ""rearm"": 5, ""_feasible"": null, ""_n_feasible"": 0, ""_fixed"": true}","{""pct_rank"": 0.1, ""window"": 120.0, ""days_since_min"": 17.0}",cooldown,
2023-12-15,AMD,momentum,"momentum(n=4,rearm=3)",BUY_NOW,down,0.875,fast,5,0.221309,"{""n"": 4, ""rearm"": 3, ""_feasible"": null, ""_n_feasible"": 0, ""_fixed"": true}","{""streak"": 7.0, ""drop_pct"": -3.8510164093964017}",cooldown,
2024-01-10,AMD,level,"level(pct=0.1,rearm=5,stall_days=0,window=120)",BUY_NOW,down,0.41666666666666674,medium,6,0.220464,"{""window"": 120, ""pct"": 0.1, ""stall_days"": 0, ""rearm"": 5, ""_feasible"": null, ""_n_feasible"": 0, ""_fixed"": true}","{""pct_rank"": 0.058333333333333334, ""window"": 120.0, ""days_since_min"": 30.0}",sent,BUY_NOW
2024-01-10,AMD,ml_localmin,"ml_localmin(fp_cost=3.0,gate_pct=0.2,gate_window=120,h=10,min_pos_rate=0.25,rearm=5,seed=0,tol_bps=10.0)",BUY_NOW,down,0.10005999213346568,medium,6,0.220464,"{""threshold"": 0.063, ""_fitted"": true}","{""proba"": 0.10005999213346568, ""pct_rank"": 0.058333333333333334, ""window"": 120.0}",thinned,
2024-01-15,AMD,momentum,"momentum(n=4,rearm=3)",BUY_NOW,down,0.5,fast,6,0.216225,"{""n"": 4, ""rearm"": 3, ""_feasible"": null, ""_n_feasible"": 0, ""_fixed"": true}","{""streak"": 4.0, ""drop_pct"": -2.987652770050786}",cooldown,
2024-01-17,AMD,level,"level(pct=0.1,rearm=5,stall_days=0,window=120)",BUY_NOW,down,0.6666666666666667,medium,6,0.217894,"{""window"": 120, ""pct"": 0.1, ""stall_days"": 0, ""rearm"": 5, ""_feasible"": null, ""_n_feasible"": 0, ""_fixed"": true}","{""pct_rank"": 0.03333333333333333, ""window"": 120.0, ""days_since_min"": 1.0}",thinned,
2024-01-17,AMD,reversal,"reversal(max_days_since_min=10,rearm=5,rise_bps=50,window=120)",WINDOW_CLOSING,up,0.8376372151570609,slow,6,0.217894,"{""window"": 120, ""rise_bps"": 50, ""max_days_since_min"": 10, ""rearm"": 5, ""_feasible"": null, ""_n_feasible"": 0, ""_fixed"": true}","{""rise_pct"": 0.8376372151570609, ""min_rate"": 0.216084, ""days_since_min"": 1.0, ""window"": 120.0}",sent,WINDOW_CLOSING
2024-01-24,AMD,level,"level(pct=0.1,rearm=5,stall_days=0,window=120)",BUY_NOW,down,0.41666666666666674,medium,6,0.218112,"{""window"": 120, ""pct"": 0.1, ""stall_days"": 0, ""rearm"": 5, ""_feasible"": null, ""_n_feasible"": 0, ""_fixed"": true}","{""pct_rank"": 0.058333333333333334, ""window"": 120.0, ""days_since_min"": 6.0}",thinned,
2024-01-24,AMD,reversal,"reversal(max_days_since_min=10,rearm=5,rise_bps=50,window=120)",WINDOW_CLOSING,up,0.9385239073693485,slow,6,0.218112,"{""window"": 120, ""rise_bps"": 50, ""max_days_since_min"": 10, ""rearm"": 5, ""_feasible"": null, ""_n_feasible"": 0, ""_fixed"": true}","{""rise_pct"": 0.9385239073693485, ""min_rate"": 0.216084, ""days_since_min"": 6.0, ""window"": 120.0}",sent,WINDOW_CLOSING
2024-02-29,AMD,momentum,"momentum(n=4,rearm=3)",BUY_NOW,down,0.5,fast,6,0.224768,"{""n"": 4, ""rearm"": 3, ""_feasible"": null, ""_n_feasible"": 0, ""_fixed"": true}","{""streak"": 4.0, ""drop_pct"": -2.0106373703025593}",sent,BUY_NOW
2024-05-16,AMD,momentum,"momentum(n=4,rearm=3)",BUY_NOW,down,0.5,fast,6,0.234286,"{""n"": 4, ""rearm"": 3, ""_feasible"": null, ""_n_feasible"": 0, ""_fixed"": true}","{""streak"": 4.0, ""drop_pct"": -1.000198603017921}",sent,BUY_NOW
2024-05-27,AMD,dip_vs_trend,"dip_vs_trend(pct=0.1,rearm=5,span=40,window=120)",BUY_NOW,down,0.41666666666666674,medium,6,0.228552,"{""span"": 40, ""window"": 120, ""pct"": 0.1, ""rearm"": 5, ""_feasible"": null, ""_n_feasible"": 0, ""_fixed"": true}","{""dev_pct"": -3.197124698102516, ""pct_rank"": 0.058333333333333334, ""window"": 120.0, ""span"": 40.0}",sent,BUY_NOW
2024-06-04,AMD,dip_vs_trend,"dip_vs_trend(pct=0.1,rearm=5,span=40,window=120)",BUY_NOW,down,0.5833333333333334,medium,6,0.229146,"{""span"": 40, ""window"": 120, ""pct"": 0.1, ""rearm"": 5, ""_feasible"": null, ""_n_feasible"": 0, ""_fixed"": true}","{""dev_pct"": -2.6319057423002, ""pct_rank"": 0.041666666666666664, ""window"": 120.0, ""span"": 40.0}",sent,BUY_NOW
2024-06-13,AMD,dip_vs_trend,"dip_vs_trend(pct=0.1,rearm=5,span=40,window=120)",BUY_NOW,down,0.5833333333333334,medium,6,0.227317,"{""span"": 40, ""window"": 120, ""pct"": 0.1, ""rearm"": 5, ""_feasible"": null, ""_n_feasible"": 0, ""_fixed"": true}","{""dev_pct"": -2.825844383145759, ""pct_rank"": 0.041666666666666664, ""window"": 120.0, ""span"": 40.0}",sent,BUY_NOW
2024-06-19,AMD,level,"level(pct=0.1,rearm=5,stall_days=0,window=120)",BUY_NOW,down,0.9166666666666666,medium,6,0.212641,"{""window"": 120, ""pct"": 0.1, ""stall_days"": 0, ""rearm"": 5, ""_feasible"": null, ""_n_feasible"": 0, ""_fixed"": true}","{""pct_rank"": 0.008333333333333333, ""window"": 120.0, ""days_since_min"": 0.0}",sent,BUY_NOW
2024-06-20,AMD,dip_vs_trend,"dip_vs_trend(pct=0.1,rearm=5,span=40,window=120)",BUY_NOW,down,0.8333333333333334,medium,6,0.220058,"{""span"": 40, ""window"": 120, ""pct"": 0.1, ""rearm"": 5, ""_feasible"": null, ""_n_feasible"": 0, ""_fixed"": true}","{""dev_pct"": -5.1754422157329945, ""pct_rank"": 0.016666666666666666, ""window"": 120.0, ""span"": 40.0}",thinned,
2024-06-20,AMD,reversal,"reversal(max_days_since_min=10,rearm=5,rise_bps=50,window=120)",WINDOW_CLOSING,up,1.0,slow,6,0.220058,"{""window"": 120, ""rise_bps"": 50, ""max_days_since_min"": 10, ""rearm"": 5, ""_feasible"": null, ""_n_feasible"": 0, ""_fixed"": true}","{""rise_pct"": 3.4880385250257495, ""min_rate"": 0.212641, ""days_since_min"": 1.0, ""window"": 120.0}",cooldown,
2024-06-24,AMD,seasonality,"seasonality(from_day=24,min_share=0.7,min_years=4,rearm=20)",BUY_NOW,down,0.7777777777777778,slow,6,0.225159,"{""min_share"": 0.7, ""min_years"": 4, ""from_day"": 24, ""rearm"": 20, ""_feasible"": null, ""_n_feasible"": 0, ""_fixed"": true}","{""k_years"": 7.0, ""n_years"": 9.0, ""target_month"": 7.0}",storm,
2024-06-27,AMD,dip_vs_trend,"dip_vs_trend(pct=0.1,rearm=5,span=40,window=120)",BUY_NOW,down,0.75,medium,6,0.218912,"{""span"": 40, ""window"": 120, ""pct"": 0.1, ""rearm"": 5, ""_feasible"": null, ""_n_feasible"": 0, ""_fixed"": true}","{""dev_pct"": -4.970386267258853, ""pct_rank"": 0.025, ""window"": 120.0, ""span"": 40.0}",thinned,
2024-06-27,AMD,level,"level(pct=0.1,rearm=5,stall_days=0,window=120)",BUY_NOW,down,0.08333333333333348,medium,6,0.218912,"{""window"": 120, ""pct"": 0.1, ""stall_days"": 0, ""rearm"": 5, ""_feasible"": null, ""_n_feasible"": 0, ""_fixed"": true}","{""pct_rank"": 0.09166666666666666, ""window"": 120.0, ""days_since_min"": 6.0}",thinned,
2024-06-27,AMD,reversal,"reversal(max_days_since_min=10,rearm=5,rise_bps=50,window=120)",WINDOW_CLOSING,up,1.0,slow,6,0.218912,"{""window"": 120, ""rise_bps"": 50, ""max_days_since_min"": 10, ""rearm"": 5, ""_feasible"": null, ""_n_feasible"": 0, ""_fixed"": true}","{""rise_pct"": 2.9491020076090724, ""min_rate"": 0.212641, ""days_since_min"": 6.0, ""window"": 120.0}",storm,
2024-07-23,AMD,ml_localmin,"ml_localmin(fp_cost=3.0,gate_pct=0.2,gate_window=120,h=10,min_pos_rate=0.25,rearm=5,seed=0,tol_bps=10.0)",BUY_NOW,down,0.01880729416368939,medium,7,0.22505,"{""threshold"": 0.0018, ""_fitted"": true}","{""proba"": 0.01880729416368939, ""pct_rank"": 0.15833333333333333, ""window"": 120.0}",sent,BUY_NOW
2024-07-24,AMD,level,"level(pct=0.1,rearm=5,stall_days=0,window=120)",BUY_NOW,down,0.41666666666666674,medium,7,0.222844,"{""window"": 120, ""pct"": 0.1, ""stall_days"": 0, ""rearm"": 5, ""_feasible"": null, ""_n_feasible"": 0, ""_fixed"": true}","{""pct_rank"": 0.058333333333333334, ""window"": 120.0, ""days_since_min"": 25.0}",cooldown,
2024-07-24,AMD,seasonality,"seasonality(from_day=24,min_share=0.7,min_years=4,rearm=20)",BUY_NOW,down,0.7777777777777778,slow,7,0.222844,"{""min_share"": 0.7, ""min_years"": 4, ""from_day"": 24, ""rearm"": 20, ""_feasible"": null, ""_n_feasible"": 0, ""_fixed"": true}","{""k_years"": 7.0, ""n_years"": 9.0, ""target_month"": 8.0}",thinned,
2024-07-25,AMD,dip_vs_trend,"dip_vs_trend(pct=0.1,rearm=5,span=40,window=120)",BUY_NOW,down,0.0,medium,7,0.220191,"{""span"": 40, ""window"": 120, ""pct"": 0.1, ""rearm"": 5, ""_feasible"": null, ""_n_feasible"": 0, ""_fixed"": true}","{""dev_pct"": -2.661027819107886, ""pct_rank"": 0.1, ""window"": 120.0, ""span"": 40.0}",muted,
2024-07-25,AMD,momentum,"momentum(n=4,rearm=3)",BUY_NOW,down,0.5,fast,7,0.220191,"{""n"": 4, ""rearm"": 3, ""_feasible"": null, ""_n_feasible"": 0, ""_fixed"": true}","{""streak"": 4.0, ""drop_pct"": -2.845910492805803}",cooldown,
2024-07-30,AMD,ml_localmin,"ml_localmin(fp_cost=3.0,gate_pct=0.2,gate_window=120,h=10,min_pos_rate=0.25,rearm=5,seed=0,tol_bps=10.0)",BUY_NOW,down,0.10189628707584308,medium,7,0.222282,"{""threshold"": 0.0018, ""_fitted"": true}","{""proba"": 0.10189628707584308, ""pct_rank"": 0.058333333333333334, ""window"": 120.0}",sent,BUY_NOW
2024-07-31,AMD,level,"level(pct=0.1,rearm=5,stall_days=0,window=120)",BUY_NOW,down,0.41666666666666674,medium,7,0.221873,"{""window"": 120, ""pct"": 0.1, ""stall_days"": 0, ""rearm"": 5, ""_feasible"": null, ""_n_feasible"": 0, ""_fixed"": true}","{""pct_rank"": 0.058333333333333334, ""window"": 120.0, ""days_since_min"": 30.0}",cooldown,
2024-08-02,AMD,momentum,"momentum(n=4,rearm=3)",BUY_NOW,down,0.5,fast,7,0.220968,"{""n"": 4, ""rearm"": 3, ""_feasible"": null, ""_n_feasible"": 0, ""_fixed"": true}","{""streak"": 4.0, ""drop_pct"": -1.0363576105552719}",cooldown,
2024-08-06,AMD,ml_localmin,"ml_localmin(fp_cost=3.0,gate_pct=0.2,gate_window=120,h=10,min_pos_rate=0.25,rearm=5,seed=0,tol_bps=10.0)",BUY_NOW,down,0.015787163131224954,medium,7,0.219378,"{""threshold"": 0.0018, ""_fitted"": true}","{""proba"": 0.015787163131224954, ""pct_rank"": 0.03333333333333333, ""window"": 120.0}",sent,BUY_NOW
2024-08-07,AMD,level,"level(pct=0.1,rearm=5,stall_days=0,window=120)",BUY_NOW,down,0.08333333333333348,medium,7,0.221686,"{""window"": 120, ""pct"": 0.1, ""stall_days"": 0, ""rearm"": 5, ""_feasible"": null, ""_n_feasible"": 0, ""_fixed"": true}","{""pct_rank"": 0.09166666666666666, ""window"": 120.0, ""days_since_min"": 35.0}",cooldown,
2024-12-04,AMD,momentum,"momentum(n=4,rearm=3)",BUY_NOW,down,0.5,fast,7,0.25883,"{""n"": 4, ""rearm"": 3, ""_feasible"": null, ""_n_feasible"": 0, ""_fixed"": true}","{""streak"": 4.0, ""drop_pct"": -7.178155684499677}",sent,BUY_NOW
2024-12-06,AMD,dip_vs_trend,"dip_vs_trend(pct=0.1,rearm=5,span=40,window=120)",BUY_NOW,down,0.75,medium,7,0.247742,"{""span"": 40, ""window"": 120, ""pct"": 0.1, ""rearm"": 5, ""_feasible"": null, ""_n_feasible"": 0, ""_fixed"": true}","{""dev_pct"": -3.248608531424624, ""pct_rank"": 0.025, ""window"": 120.0, ""span"": 40.0}",muted,
2024-12-18,AMD,momentum,"momentum(n=4,rearm=3)",BUY_NOW,down,0.5,fast,7,0.260444,"{""n"": 4, ""rearm"": 3, ""_feasible"": null, ""_n_feasible"": 0, ""_fixed"": true}","{""streak"": 4.0, ""drop_pct"": -1.206638217164524}",sent,BUY_NOW
2024-12-24,AMD,dip_vs_trend,"dip_vs_trend(pct=0.1,rearm=5,span=40,window=120)",BUY_NOW,down,0.5833333333333334,medium,7,0.252364,"{""span"": 40, ""window"": 120, ""pct"": 0.1, ""rearm"": 5, ""_feasible"": null, ""_n_feasible"": 0, ""_fixed"": true}","{""dev_pct"": -2.460008792992674, ""pct_rank"": 0.041666666666666664, ""window"": 120.0, ""span"": 40.0}",muted,
2024-12-25,AMD,momentum,"momentum(n=4,rearm=3)",BUY_NOW,down,0.5,fast,7,0.251509,"{""n"": 4, ""rearm"": 3, ""_feasible"": null, ""_n_feasible"": 0, ""_fixed"": true}","{""streak"": 4.0, ""drop_pct"": -3.961677689358656}",sent,BUY_NOW
2025-01-20,AMD,dip_vs_trend,"dip_vs_trend(pct=0.1,rearm=5,span=40,window=120)",BUY_NOW,down,0.0,medium,8,0.255764,"{""span"": 40, ""window"": 120, ""pct"": 0.1, ""rearm"": 5, ""_feasible"": null, ""_n_feasible"": 0, ""_fixed"": true}","{""dev_pct"": -1.5351115908004087, ""pct_rank"": 0.1, ""window"": 120.0, ""span"": 40.0}",muted,
2025-01-20,AMD,momentum,"momentum(n=4,rearm=3)",BUY_NOW,down,0.5,fast,8,0.255764,"{""n"": 4, ""rearm"": 3, ""_feasible"": null, ""_n_feasible"": 0, ""_fixed"": true}","{""streak"": 4.0, ""drop_pct"": -1.643605934517267}",sent,BUY_NOW
2025-01-27,AMD,dip_vs_trend,"dip_vs_trend(pct=0.1,rearm=5,span=40,window=120)",BUY_NOW,down,0.9166666666666666,medium,8,0.24383,"{""span"": 40, ""window"": 120, ""pct"": 0.1, ""rearm"": 5, ""_feasible"": null, ""_n_feasible"": 0, ""_fixed"": true}","{""dev_pct"": -5.655768920670168, ""pct_rank"": 0.008333333333333333, ""window"": 120.0, ""span"": 40.0}",muted,
2025-02-06,AMD,dip_vs_trend,"dip_vs_trend(pct=0.1,rearm=5,span=40,window=120)",BUY_NOW,down,0.2500000000000001,medium,8,0.244211,"{""span"": 40, ""window"": 120, ""pct"": 0.1, ""rearm"": 5, ""_feasible"": null, ""_n_feasible"": 0, ""_fixed"": true}","{""dev_pct"": -3.789534707238562, ""pct_rank"": 0.075, ""window"": 120.0, ""span"": 40.0}",muted,
2025-02-12,AMD,ml_localmin,"ml_localmin(fp_cost=3.0,gate_pct=0.2,gate_window=120,h=10,min_pos_rate=0.25,rearm=5,seed=0,tol_bps=10.0)",BUY_NOW,down,0.20359330415927337,medium,8,0.237161,"{""threshold"": 0.0005, ""_fitted"": true}","{""proba"": 0.20359330415927337, ""pct_rank"": 0.19166666666666668, ""window"": 120.0}",sent,BUY_NOW
2025-02-13,AMD,dip_vs_trend,"dip_vs_trend(pct=0.1,rearm=5,span=40,window=120)",BUY_NOW,down,0.9166666666666666,medium,8,0.229633,"{""span"": 40, ""window"": 120, ""pct"": 0.1, ""rearm"": 5, ""_feasible"": null, ""_n_feasible"": 0, ""_fixed"": true}","{""dev_pct"": -8.906555762319945, ""pct_rank"": 0.008333333333333333, ""window"": 120.0, ""span"": 40.0}",muted,
2025-02-13,AMD,level,"level(pct=0.1,rearm=5,stall_days=0,window=120)",BUY_NOW,down,0.75,medium,8,0.229633,"{""window"": 120, ""pct"": 0.1, ""stall_days"": 0, ""rearm"": 5, ""_feasible"": null, ""_n_feasible"": 0, ""_fixed"": true}","{""pct_rank"": 0.025, ""window"": 120.0, ""days_since_min"": 110.0}",cooldown,
2025-02-13,AMD,momentum,"momentum(n=4,rearm=3)",BUY_NOW,down,0.5,fast,8,0.229633,"{""n"": 4, ""rearm"": 3, ""_feasible"": null, ""_n_feasible"": 0, ""_fixed"": true}","{""streak"": 4.0, ""drop_pct"": -6.339527523085453}",thinned,
2025-02-17,AMD,reversal,"reversal(max_days_since_min=10,rearm=5,rise_bps=50,window=120)",WINDOW_CLOSING,up,1.0,slow,8,0.230669,"{""window"": 120, ""rise_bps"": 50, ""max_days_since_min"": 10, ""rearm"": 5, ""_feasible"": null, ""_n_feasible"": 0, ""_fixed"": true}","{""rise_pct"": 1.2763323117991776, ""min_rate"": 0.227762, ""days_since_min"": 1.0, ""window"": 120.0}",cooldown,
2025-02-19,AMD,ml_localmin,"ml_localmin(fp_cost=3.0,gate_pct=0.2,gate_window=120,h=10,min_pos_rate=0.25,rearm=5,seed=0,tol_bps=10.0)",BUY_NOW,down,0.15311271591886824,medium,8,0.228512,"{""threshold"": 0.0005, ""_fitted"": true}","{""proba"": 0.15311271591886824, ""pct_rank"": 0.016666666666666666, ""window"": 120.0}",sent,BUY_NOW
2025-02-20,AMD,dip_vs_trend,"dip_vs_trend(pct=0.1,rearm=5,span=40,window=120)",BUY_NOW,down,0.9166666666666666,medium,8,0.223901,"{""span"": 40, ""window"": 120, ""pct"": 0.1, ""rearm"": 5, ""_feasible"": null, ""_n_feasible"": 0, ""_fixed"": true}","{""dev_pct"": -9.666507907978051, ""pct_rank"": 0.008333333333333333, ""window"": 120.0, ""span"": 40.0}",muted,
2025-02-20,AMD,level,"level(pct=0.1,rearm=5,stall_days=0,window=120)",BUY_NOW,down,0.9166666666666666,medium,8,0.223901,"{""window"": 120, ""pct"": 0.1, ""stall_days"": 0, ""rearm"": 5, ""_feasible"": null, ""_n_feasible"": 0, ""_fixed"": true}","{""pct_rank"": 0.008333333333333333, ""window"": 120.0, ""days_since_min"": 0.0}",cooldown,
2025-02-21,AMD,momentum,"momentum(n=4,rearm=3)",BUY_NOW,down,0.5,fast,8,0.223543,"{""n"": 4, ""rearm"": 3, ""_feasible"": null, ""_n_feasible"": 0, ""_fixed"": true}","{""streak"": 4.0, ""drop_pct"": -3.089275108488798}",cooldown,
2025-02-26,AMD,ml_localmin,"ml_localmin(fp_cost=3.0,gate_pct=0.2,gate_window=120,h=10,min_pos_rate=0.25,rearm=5,seed=0,tol_bps=10.0)",BUY_NOW,down,0.23465834476460784,medium,8,0.218363,"{""threshold"": 0.0005, ""_fitted"": true}","{""proba"": 0.23465834476460784, ""pct_rank"": 0.008333333333333333, ""window"": 120.0}",sent,BUY_NOW
2025-02-27,AMD,dip_vs_trend,"dip_vs_trend(pct=0.1,rearm=5,span=40,window=120)",BUY_NOW,down,0.33333333333333337,medium,8,0.222999,"{""span"": 40, ""window"": 120, ""pct"": 0.1, ""rearm"": 5, ""_feasible"": null, ""_n_feasible"": 0, ""_fixed"": true}","{""dev_pct"": -8.351101517844084, ""pct_rank"": 0.06666666666666667, ""window"": 120.0, ""span"": 40.0}",muted,
2025-02-27,AMD,level,"level(pct=0.1,rearm=5,stall_days=0,window=120)",BUY_NOW,down,0.75,medium,8,0.222999,"{""window"": 120, ""pct"": 0.1, ""stall_days"": 0, ""rearm"": 5, ""_feasible"": null, ""_n_feasible"": 0, ""_fixed"": true}","{""pct_rank"": 0.025, ""window"": 120.0, ""days_since_min"": 1.0}",thinned,
2025-02-27,AMD,reversal,"reversal(max_days_since_min=10,rearm=5,rise_bps=50,window=120)",WINDOW_CLOSING,up,1.0,slow,8,0.222999,"{""window"": 120, ""rise_bps"": 50, ""max_days_since_min"": 10, ""rearm"": 5, ""_feasible"": null, ""_n_feasible"": 0, ""_fixed"": true}","{""rise_pct"": 2.123070300371399, ""min_rate"": 0.218363, ""days_since_min"": 1.0, ""window"": 120.0}",cooldown,
2025-03-06,AMD,level,"level(pct=0.1,rearm=5,stall_days=0,window=120)",BUY_NOW,down,0.16666666666666674,medium,8,0.227007,"{""window"": 120, ""pct"": 0.1, ""stall_days"": 0, ""rearm"": 5, ""_feasible"": null, ""_n_feasible"": 0, ""_fixed"": true}","{""pct_rank"": 0.08333333333333333, ""window"": 120.0, ""days_since_min"": 6.0}",thinned,
2025-03-06,AMD,ml_localmin,"ml_localmin(fp_cost=3.0,gate_pct=0.2,gate_window=120,h=10,min_pos_rate=0.25,rearm=5,seed=0,tol_bps=10.0)",BUY_NOW,down,0.000542184282957495,medium,8,0.227007,"{""threshold"": 0.0005, ""_fitted"": true}","{""proba"": 0.000542184282957495, ""pct_rank"": 0.08333333333333333, ""window"": 120.0}",thinned,
2025-03-06,AMD,reversal,"reversal(max_days_since_min=10,rearm=5,rise_bps=50,window=120)",WINDOW_CLOSING,up,1.0,slow,8,0.227007,"{""window"": 120, ""rise_bps"": 50, ""max_days_since_min"": 10, ""rearm"": 5, ""_feasible"": null, ""_n_feasible"": 0, ""_fixed"": true}","{""rise_pct"": 3.9585460906838454, ""min_rate"": 0.218363, ""days_since_min"": 6.0, ""window"": 120.0}",sent,WINDOW_CLOSING
2025-03-11,AMD,momentum,"momentum(n=4,rearm=3)",BUY_NOW,down,0.5,fast,8,0.219691,"{""n"": 4, ""rearm"": 3, ""_feasible"": null, ""_n_feasible"": 0, ""_fixed"": true}","{""streak"": 4.0, ""drop_pct"": -3.5232792011031355}",cooldown,
2025-03-13,AMD,level,"level(pct=0.1,rearm=5,stall_days=0,window=120)",BUY_NOW,down,0.5833333333333334,medium,8,0.22055,"{""window"": 120, ""pct"": 0.1, ""stall_days"": 0, ""rearm"": 5, ""_feasible"": null, ""_n_feasible"": 0, ""_fixed"": true}","{""pct_rank"": 0.041666666666666664, ""window"": 120.0, ""days_since_min"": 11.0}",sent,BUY_NOW
2025-03-13,AMD,ml_localmin,"ml_localmin(fp_cost=3.0,gate_pct=0.2,gate_window=120,h=10,min_pos_rate=0.25,rearm=5,seed=0,tol_bps=10.0)",BUY_NOW,down,0.004458867089359527,medium,8,0.22055,"{""threshold"": 0.0005, ""_fitted"": true}","{""proba"": 0.004458867089359527, ""pct_rank"": 0.041666666666666664, ""window"": 120.0}",thinned,
2025-03-17,AMD,dip_vs_trend,"dip_vs_trend(pct=0.1,rearm=5,span=40,window=120)",BUY_NOW,down,0.16666666666666674,medium,8,0.21488,"{""span"": 40, ""window"": 120, ""pct"": 0.1, ""rearm"": 5, ""_feasible"": null, ""_n_feasible"": 0, ""_fixed"": true}","{""dev_pct"": -7.931197336825912, ""pct_rank"": 0.08333333333333333, ""window"": 120.0, ""span"": 40.0}",muted,
2025-03-19,AMD,reversal,"reversal(max_days_since_min=10,rearm=5,rise_bps=50,window=120)",WINDOW_CLOSING,up,1.0,slow,8,0.211581,"{""window"": 120, ""rise_bps"": 50, ""max_days_since_min"": 10, ""rearm"": 5, ""_feasible"": null, ""_n_feasible"": 0, ""_fixed"": true}","{""rise_pct"": 1.6502839353146337, ""min_rate"": 0.208146, ""days_since_min"": 1.0, ""window"": 120.0}",sent,WINDOW_CLOSING
2025-03-20,AMD,level,"level(pct=0.1,rearm=5,stall_days=0,window=120)",BUY_NOW,down,0.6666666666666667,medium,8,0.215152,"{""window"": 120, ""pct"": 0.1, ""stall_days"": 0, ""rearm"": 5, ""_feasible"": null, ""_n_feasible"": 0, ""_fixed"": true}","{""pct_rank"": 0.03333333333333333, ""window"": 120.0, ""days_since_min"": 2.0}",cooldown,
2025-03-20,AMD,ml_localmin,"ml_localmin(fp_cost=3.0,gate_pct=0.2,gate_window=120,h=10,min_pos_rate=0.25,rearm=5,seed=0,tol_bps=10.0)",BUY_NOW,down,0.003036338380871259,medium,8,0.215152,"{""threshold"": 0.0005, ""_fitted"": true}","{""proba"": 0.003036338380871259, ""pct_rank"": 0.03333333333333333, ""window"": 120.0}",thinned,
2025-03-26,AMD,reversal,"reversal(max_days_since_min=10,rearm=5,rise_bps=50,window=120)",WINDOW_CLOSING,up,1.0,slow,8,0.214922,"{""window"": 120, ""rise_bps"": 50, ""max_days_since_min"": 10, ""rearm"": 5, ""_feasible"": null, ""_n_feasible"": 0, ""_fixed"": true}","{""rise_pct"": 3.255407262210186, ""min_rate"": 0.208146, ""days_since_min"": 6.0, ""window"": 120.0}",sent,WINDOW_CLOSING
2025-03-27,AMD,level,"level(pct=0.1,rearm=5,stall_days=0,window=120)",BUY_NOW,down,0.75,medium,8,0.213968,"{""window"": 120, ""pct"": 0.1, ""stall_days"": 0, ""rearm"": 5, ""_feasible"": null, ""_n_feasible"": 0, ""_fixed"": true}","{""pct_rank"": 0.025, ""window"": 120.0, ""days_since_min"": 7.0}",cooldown,
2025-03-27,AMD,ml_localmin,"ml_localmin(fp_cost=3.0,gate_pct=0.2,gate_window=120,h=10,min_pos_rate=0.25,rearm=5,seed=0,tol_bps=10.0)",BUY_NOW,down,0.04214216531341867,medium,8,0.213968,"{""threshold"": 0.0005, ""_fitted"": true}","{""proba"": 0.04214216531341867, ""pct_rank"": 0.025, ""window"": 120.0}",thinned,
2025-04-03,AMD,level,"level(pct=0.1,rearm=5,stall_days=0,window=120)",BUY_NOW,down,0.08333333333333348,medium,8,0.215637,"{""window"": 120, ""pct"": 0.1, ""stall_days"": 0, ""rearm"": 5, ""_feasible"": null, ""_n_feasible"": 0, ""_fixed"": true}","{""pct_rank"": 0.09166666666666666, ""window"": 120.0, ""days_since_min"": 12.0}",sent,BUY_NOW
2025-04-03,AMD,ml_localmin,"ml_localmin(fp_cost=3.0,gate_pct=0.2,gate_window=120,h=10,min_pos_rate=0.25,rearm=5,seed=0,tol_bps=10.0)",BUY_NOW,down,0.001020521241417514,medium,8,0.215637,"{""threshold"": 0.0005, ""_fitted"": true}","{""proba"": 0.001020521241417514, ""pct_rank"": 0.09166666666666666, ""window"": 120.0}",thinned,
2025-04-04,AMD,momentum,"momentum(n=4,rearm=3)",BUY_NOW,down,0.5,fast,8,0.215422,"{""n"": 4, ""rearm"": 3, ""_feasible"": null, ""_n_feasible"": 0, ""_fixed"": true}","{""streak"": 4.0, ""drop_pct"": -1.3373514944444942}",cooldown,
2025-04-11,AMD,level,"level(pct=0.1,rearm=5,stall_days=0,window=120)",BUY_NOW,down,0.5,medium,8,0.214806,"{""window"": 120, ""pct"": 0.1, ""stall_days"": 0, ""rearm"": 5, ""_feasible"": null, ""_n_feasible"": 0, ""_fixed"": true}","{""pct_rank"": 0.05, ""window"": 120.0, ""days_since_min"": 18.0}",sent,BUY_NOW
2025-04-11,AMD,ml_localmin,"ml_localmin(fp_cost=3.0,gate_pct=0.2,gate_window=120,h=10,min_pos_rate=0.25,rearm=5,seed=0,tol_bps=10.0)",BUY_NOW,down,0.017811515343496807,medium,8,0.214806,"{""threshold"": 0.0005, ""_fitted"": true}","{""proba"": 0.017811515343496807, ""pct_rank"": 0.05, ""window"": 120.0}",thinned,
2025-04-15,AMD,momentum,"momentum(n=4,rearm=3)",BUY_NOW,down,0.5,fast,8,0.210659,"{""n"": 4, ""rearm"": 3, ""_feasible"": null, ""_n_feasible"": 0, ""_fixed"": true}","{""streak"": 4.0, ""drop_pct"": -4.135665105780728}",cooldown,
2025-04-18,AMD,level,"level(pct=0.1,rearm=5,stall_days=0,window=120)",BUY_NOW,down,0.9166666666666666,medium,8,0.207565,"{""window"": 120, ""pct"": 0.1, ""stall_days"": 0, ""rearm"": 5, ""_feasible"": null, ""_n_feasible"": 0, ""_fixed"": true}","{""pct_rank"": 0.008333333333333333, ""window"": 120.0, ""days_since_min"": 0.0}",sent,BUY_NOW
2025-04-18,AMD,ml_localmin,"ml_localmin(fp_cost=3.0,gate_pct=0.2,gate_window=120,h=10,min_pos_rate=0.25,rearm=5,seed=0,tol_bps=10.0)",BUY_NOW,down,0.3315981397302527,medium,8,0.207565,"{""threshold"": 0.0005, ""_fitted"": true}","{""proba"": 0.3315981397302527, ""pct_rank"": 0.008333333333333333, ""window"": 120.0}",thinned,
2025-04-22,AMD,reversal,"reversal(max_days_since_min=10,rearm=5,rise_bps=50,window=120)",WINDOW_CLOSING,up,0.9675734746574127,slow,8,0.208807,"{""window"": 120, ""rise_bps"": 50, ""max_days_since_min"": 10, ""rearm"": 5, ""_feasible"": null, ""_n_feasible"": 0, ""_fixed"": true}","{""rise_pct"": 0.9675734746574127, ""min_rate"": 0.206806, ""days_since_min"": 1.0, ""window"": 120.0}",cooldown,
2025-04-25,AMD,level,"level(pct=0.1,rearm=5,stall_days=0,window=120)",BUY_NOW,down,0.08333333333333348,medium,8,0.211756,"{""window"": 120, ""pct"": 0.1, ""stall_days"": 0, ""rearm"": 5, ""_feasible"": null, ""_n_feasible"": 0, ""_fixed"": true}","{""pct_rank"": 0.09166666666666666, ""window"": 120.0, ""days_since_min"": 4.0}",sent,BUY_NOW
2025-04-25,AMD,ml_localmin,"ml_localmin(fp_cost=3.0,gate_pct=0.2,gate_window=120,h=10,min_pos_rate=0.25,rearm=5,seed=0,tol_bps=10.0)",BUY_NOW,down,0.001423152639634158,medium,8,0.211756,"{""threshold"": 0.0005, ""_fitted"": true}","{""proba"": 0.001423152639634158, ""pct_rank"": 0.09166666666666666, ""window"": 120.0}",thinned,
2025-04-29,AMD,reversal,"reversal(max_days_since_min=10,rearm=5,rise_bps=50,window=120)",WINDOW_CLOSING,up,1.0,slow,8,0.209428,"{""window"": 120, ""rise_bps"": 50, ""max_days_since_min"": 10, ""rearm"": 5, ""_feasible"": null, ""_n_feasible"": 0, ""_fixed"": true}","{""rise_pct"": 1.2678548978269477, ""min_rate"": 0.206806, ""days_since_min"": 6.0, ""window"": 120.0}",cooldown,
2025-05-06,AMD,level,"level(pct=0.1,rearm=5,stall_days=0,window=120)",BUY_NOW,down,0.75,medium,8,0.207889,"{""window"": 120, ""pct"": 0.1, ""stall_days"": 0, ""rearm"": 5, ""_feasible"": null, ""_n_feasible"": 0, ""_fixed"": true}","{""pct_rank"": 0.025, ""window"": 120.0, ""days_since_min"": 9.0}",sent,BUY_NOW
2025-05-06,AMD,ml_localmin,"ml_localmin(fp_cost=3.0,gate_pct=0.2,gate_window=120,h=10,min_pos_rate=0.25,rearm=5,seed=0,tol_bps=10.0)",BUY_NOW,down,0.22103537382429125,medium,8,0.207889,"{""threshold"": 0.0005, ""_fitted"": true}","{""proba"": 0.22103537382429125, ""pct_rank"": 0.025, ""window"": 120.0}",thinned,
2025-05-15,AMD,level,"level(pct=0.1,rearm=5,stall_days=0,window=120)",BUY_NOW,down,0.6666666666666667,medium,8,0.20756,"{""window"": 120, ""pct"": 0.1, ""stall_days"": 0, ""rearm"": 5, ""_feasible"": null, ""_n_feasible"": 0, ""_fixed"": true}","{""pct_rank"": 0.03333333333333333, ""window"": 120.0, ""days_since_min"": 1.0}",sent,BUY_NOW
2025-05-15,AMD,ml_localmin,"ml_localmin(fp_cost=3.0,gate_pct=0.2,gate_window=120,h=10,min_pos_rate=0.25,rearm=5,seed=0,tol_bps=10.0)",BUY_NOW,down,0.0015383184151895211,medium,8,0.20756,"{""threshold"": 0.0005, ""_fitted"": true}","{""proba"": 0.0015383184151895211, ""pct_rank"": 0.03333333333333333, ""window"": 120.0}",thinned,
2025-05-16,AMD,reversal,"reversal(max_days_since_min=10,rearm=5,rise_bps=50,window=120)",WINDOW_CLOSING,up,1.0,slow,8,0.209067,"{""window"": 120, ""rise_bps"": 50, ""max_days_since_min"": 10, ""rearm"": 5, ""_feasible"": null, ""_n_feasible"": 0, ""_fixed"": true}","{""rise_pct"": 1.112363191418364, ""min_rate"": 0.206767, ""days_since_min"": 2.0, ""window"": 120.0}",cooldown,
2025-05-22,AMD,level,"level(pct=0.1,rearm=5,stall_days=0,window=120)",BUY_NOW,down,0.6666666666666667,medium,8,0.207407,"{""window"": 120, ""pct"": 0.1, ""stall_days"": 0, ""rearm"": 5, ""_feasible"": null, ""_n_feasible"": 0, ""_fixed"": true}","{""pct_rank"": 0.03333333333333333, ""window"": 120.0, ""days_since_min"": 6.0}",sent,BUY_NOW
2025-05-22,AMD,ml_localmin,"ml_localmin(fp_cost=3.0,gate_pct=0.2,gate_window=120,h=10,min_pos_rate=0.25,rearm=5,seed=0,tol_bps=10.0)",BUY_NOW,down,0.0027838720058071943,medium,8,0.207407,"{""threshold"": 0.0005, ""_fitted"": true}","{""proba"": 0.0027838720058071943, ""pct_rank"": 0.03333333333333333, ""window"": 120.0}",thinned,
2025-05-29,AMD,level,"level(pct=0.1,rearm=5,stall_days=0,window=120)",BUY_NOW,down,0.9166666666666666,medium,8,0.204339,"{""window"": 120, ""pct"": 0.1, ""stall_days"": 0, ""rearm"": 5, ""_feasible"": null, ""_n_feasible"": 0, ""_fixed"": true}","{""pct_rank"": 0.008333333333333333, ""window"": 120.0, ""days_since_min"": 0.0}",sent,BUY_NOW
2025-05-29,AMD,ml_localmin,"ml_localmin(fp_cost=3.0,gate_pct=0.2,gate_window=120,h=10,min_pos_rate=0.25,rearm=5,seed=0,tol_bps=10.0)",BUY_NOW,down,0.2747994444173906,medium,8,0.204339,"{""threshold"": 0.0005, ""_fitted"": true}","{""proba"": 0.2747994444173906, ""pct_rank"": 0.008333333333333333, ""window"": 120.0}",thinned,
2025-05-29,AMD,momentum,"momentum(n=4,rearm=3)",BUY_NOW,down,0.5,fast,8,0.204339,"{""n"": 4, ""rearm"": 3, ""_feasible"": null, ""_n_feasible"": 0, ""_fixed"": true}","{""streak"": 4.0, ""drop_pct"": -1.6205676319780538}",thinned,
2025-06-02,AMD,reversal,"reversal(max_days_since_min=10,rearm=5,rise_bps=50,window=120)",WINDOW_CLOSING,up,0.857398734455983,slow,8,0.206091,"{""window"": 120, ""rise_bps"": 50, ""max_days_since_min"": 10, ""rearm"": 5, ""_feasible"": null, ""_n_feasible"": 0, ""_fixed"": true}","{""rise_pct"": 0.857398734455983, ""min_rate"": 0.204339, ""days_since_min"": 2.0, ""window"": 120.0}",cooldown,
2025-06-05,AMD,level,"level(pct=0.1,rearm=5,stall_days=0,window=120)",BUY_NOW,down,0.5,medium,8,0.206383,"{""window"": 120, ""pct"": 0.1, ""stall_days"": 0, ""rearm"": 5, ""_feasible"": null, ""_n_feasible"": 0, ""_fixed"": true}","{""pct_rank"": 0.05, ""window"": 120.0, ""days_since_min"": 5.0}",sent,BUY_NOW
2025-06-06,AMD,ml_localmin,"ml_localmin(fp_cost=3.0,gate_pct=0.2,gate_window=120,h=10,min_pos_rate=0.25,rearm=5,seed=0,tol_bps=10.0)",BUY_NOW,down,0.0014392684850301966,medium,8,0.206463,"{""threshold"": 0.0005, ""_fitted"": true}","{""proba"": 0.0014392684850301966, ""pct_rank"": 0.058333333333333334, ""window"": 120.0}",cooldown,
2025-06-09,AMD,reversal,"reversal(max_days_since_min=10,rearm=5,rise_bps=50,window=120)",WINDOW_CLOSING,up,1.0,slow,8,0.206615,"{""window"": 120, ""rise_bps"": 50, ""max_days_since_min"": 10, ""rearm"": 5, ""_feasible"": null, ""_n_feasible"": 0, ""_fixed"": true}","{""rise_pct"": 1.1138353422498914, ""min_rate"": 0.204339, ""days_since_min"": 7.0, ""window"": 120.0}",cooldown,
2025-06-16,AMD,level,"level(pct=0.1,rearm=5,stall_days=0,window=120)",BUY_NOW,down,0.75,medium,8,0.204572,"{""window"": 120, ""pct"": 0.1, ""stall_days"": 0, ""rearm"": 5, ""_feasible"": null, ""_n_feasible"": 0, ""_fixed"": true}","{""pct_rank"": 0.025, ""window"": 120.0, ""days_since_min"": 10.0}",sent,BUY_NOW
2025-06-17,AMD,ml_localmin,"ml_localmin(fp_cost=3.0,gate_pct=0.2,gate_window=120,h=10,min_pos_rate=0.25,rearm=5,seed=0,tol_bps=10.0)",BUY_NOW,down,0.026463853501839506,medium,8,0.204834,"{""threshold"": 0.0005, ""_fitted"": true}","{""proba"": 0.026463853501839506, ""pct_rank"": 0.041666666666666664, ""window"": 120.0}",cooldown,
2025-06-23,AMD,level,"level(pct=0.1,rearm=5,stall_days=0,window=120)",BUY_NOW,down,0.9166666666666666,medium,8,0.202788,"{""window"": 120, ""pct"": 0.1, ""stall_days"": 0, ""rearm"": 5, ""_feasible"": null, ""_n_feasible"": 0, ""_fixed"": true}","{""pct_rank"": 0.008333333333333333, ""window"": 120.0, ""days_since_min"": 0.0}",sent,BUY_NOW
2025-06-23,AMD,momentum,"momentum(n=4,rearm=3)",BUY_NOW,down,0.5,fast,8,0.202788,"{""n"": 4, ""rearm"": 3, ""_feasible"": null, ""_n_feasible"": 0, ""_fixed"": true}","{""streak"": 4.0, ""drop_pct"": -0.9988576115293357}",thinned,
2025-06-24,AMD,ml_localmin,"ml_localmin(fp_cost=3.0,gate_pct=0.2,gate_window=120,h=10,min_pos_rate=0.25,rearm=5,seed=0,tol_bps=10.0)",BUY_NOW,down,0.015208942555022777,medium,8,0.203281,"{""threshold"": 0.0005, ""_fitted"": true}","{""proba"": 0.015208942555022777, ""pct_rank"": 0.016666666666666666, ""window"": 120.0}",cooldown,
2025-06-24,AMD,seasonality,"seasonality(from_day=24,min_share=0.7,min_years=4,rearm=20)",BUY_NOW,down,0.7,slow,8,0.203281,"{""min_share"": 0.7, ""min_years"": 4, ""from_day"": 24, ""rearm"": 20, ""_feasible"": null, ""_n_feasible"": 0, ""_fixed"": true}","{""k_years"": 7.0, ""n_years"": 10.0, ""target_month"": 7.0}",thinned,
2025-06-27,AMD,reversal,"reversal(max_days_since_min=10,rearm=5,rise_bps=50,window=120)",WINDOW_CLOSING,up,0.683965520642249,slow,8,0.204175,"{""window"": 120, ""rise_bps"": 50, ""max_days_since_min"": 10, ""rearm"": 5, ""_feasible"": null, ""_n_feasible"": 0, ""_fixed"": true}","{""rise_pct"": 0.683965520642249, ""min_rate"": 0.202788, ""days_since_min"": 4.0, ""window"": 120.0}",sent,WINDOW_CLOSING
2025-06-30,AMD,level,"level(pct=0.1,rearm=5,stall_days=0,window=120)",BUY_NOW,down,0.33333333333333337,medium,8,0.204251,"{""window"": 120, ""pct"": 0.1, ""stall_days"": 0, ""rearm"": 5, ""_feasible"": null, ""_n_feasible"": 0, ""_fixed"": true}","{""pct_rank"": 0.06666666666666667, ""window"": 120.0, ""days_since_min"": 5.0}",cooldown,
2025-07-04,AMD,reversal,"reversal(max_days_since_min=10,rearm=5,rise_bps=50,window=120)",WINDOW_CLOSING,up,1.0,slow,9,0.205162,"{""window"": 120, ""rise_bps"": 50, ""max_days_since_min"": 10, ""rearm"": 5, ""_feasible"": null, ""_n_feasible"": 0, ""_fixed"": true}","{""rise_pct"": 1.1706807108901929, ""min_rate"": 0.202788, ""days_since_min"": 9.0, ""window"": 120.0}",sent,WINDOW_CLOSING
2025-07-08,AMD,level,"level(pct=0.1,rearm=5,stall_days=0,window=120)",BUY_NOW,down,0.5833333333333334,medium,9,0.203462,"{""window"": 120, ""pct"": 0.1, ""stall_days"": 0, ""rearm"": 5, ""_feasible"": null, ""_n_feasible"": 0, ""_fixed"": true}","{""pct_rank"": 0.041666666666666664, ""window"": 120.0, ""days_since_min"": 11.0}",thinned,
2025-07-08,AMD,ml_localmin,"ml_localmin(fp_cost=3.0,gate_pct=0.2,gate_window=120,h=10,min_pos_rate=0.25,rearm=5,seed=0,tol_bps=10.0)",BUY_NOW,down,0.015886187525510687,medium,9,0.203462,"{""threshold"": 0.0039, ""_fitted"": true}","{""proba"": 0.015886187525510687, ""pct_rank"": 0.041666666666666664, ""window"": 120.0}",cooldown,
2025-07-15,AMD,level,"level(pct=0.1,rearm=5,stall_days=0,window=120)",BUY_NOW,down,0.6666666666666667,medium,9,0.202953,"{""window"": 120, ""pct"": 0.1, ""stall_days"": 0, ""rearm"": 5, ""_feasible"": null, ""_n_feasible"": 0, ""_fixed"": true}","{""pct_rank"": 0.03333333333333333, ""window"": 120.0, ""days_since_min"": 16.0}",thinned,
2025-07-15,AMD,ml_localmin,"ml_localmin(fp_cost=3.0,gate_pct=0.2,gate_window=120,h=10,min_pos_rate=0.25,rearm=5,seed=0,tol_bps=10.0)",BUY_NOW,down,0.010328431236469345,medium,9,0.202953,"{""threshold"": 0.0039, ""_fitted"": true}","{""proba"": 0.010328431236469345, ""pct_rank"": 0.03333333333333333, ""window"": 120.0}",sent,BUY_NOW
2025-07-22,AMD,level,"level(pct=0.1,rearm=5,stall_days=0,window=120)",BUY_NOW,down,0.2500000000000001,medium,9,0.203371,"{""window"": 120, ""pct"": 0.1, ""stall_days"": 0, ""rearm"": 5, ""_feasible"": null, ""_n_feasible"": 0, ""_fixed"": true}","{""pct_rank"": 0.075, ""window"": 120.0, ""days_since_min"": 21.0}",sent,BUY_NOW
2025-07-24,AMD,seasonality,"seasonality(from_day=24,min_share=0.7,min_years=4,rearm=20)",BUY_NOW,down,0.8,slow,9,0.20551,"{""min_share"": 0.7, ""min_years"": 4, ""from_day"": 24, ""rearm"": 20, ""_feasible"": null, ""_n_feasible"": 0, ""_fixed"": true}","{""k_years"": 8.0, ""n_years"": 10.0, ""target_month"": 8.0}",cooldown,
2025-08-28,AMD,momentum,"momentum(n=4,rearm=3)",BUY_NOW,down,0.5,fast,9,0.209656,"{""n"": 4, ""rearm"": 3, ""_feasible"": null, ""_n_feasible"": 0, ""_fixed"": true}","{""streak"": 4.0, ""drop_pct"": -0.6576827580978328}",sent,BUY_NOW
2025-10-02,AMD,momentum,"momentum(n=4,rearm=3)",BUY_NOW,down,0.5,fast,9,0.211323,"{""n"": 4, ""rearm"": 3, ""_feasible"": null, ""_n_feasible"": 0, ""_fixed"": true}","{""streak"": 4.0, ""drop_pct"": -3.2727156216099895}",sent,BUY_NOW
2025-10-10,AMD,momentum,"momentum(n=4,rearm=3)",BUY_NOW,down,0.5,fast,9,0.212161,"{""n"": 4, ""rearm"": 3, ""_feasible"": null, ""_n_feasible"": 0, ""_fixed"": true}","{""streak"": 4.0, ""drop_pct"": -2.206519534635032}",sent,BUY_NOW
2025-10-14,AMD,dip_vs_trend,"dip_vs_trend(pct=0.1,rearm=5,span=40,window=120)",BUY_NOW,down,0.16666666666666674,medium,9,0.208895,"{""span"": 40, ""window"": 120, ""pct"": 0.1, ""rearm"": 5, ""_feasible"": null, ""_n_feasible"": 0, ""_fixed"": true}","{""dev_pct"": -2.568925739559902, ""pct_rank"": 0.08333333333333333, ""window"": 120.0, ""span"": 40.0}",muted,
2025-10-15,AMD,momentum,"momentum(n=4,rearm=3)",BUY_NOW,down,0.875,fast,9,0.206023,"{""n"": 4, ""rearm"": 3, ""_feasible"": null, ""_n_feasible"": 0, ""_fixed"": true}","{""streak"": 7.0, ""drop_pct"": -5.035768940022489}",cooldown,
2025-10-24,AMD,seasonality,"seasonality(from_day=24,min_share=0.7,min_years=4,rearm=20)",BUY_NOW,down,0.7,slow,9,0.211386,"{""min_share"": 0.7, ""min_years"": 4, ""from_day"": 24, ""rearm"": 20, ""_feasible"": null, ""_n_feasible"": 0, ""_fixed"": true}","{""k_years"": 7.0, ""n_years"": 10.0, ""target_month"": 11.0}",sent,BUY_NOW
2025-10-27,AMD,dip_vs_trend,"dip_vs_trend(pct=0.1,rearm=5,span=40,window=120)",BUY_NOW,down,0.8333333333333334,medium,9,0.206388,"{""span"": 40, ""window"": 120, ""pct"": 0.1, ""rearm"": 5, ""_feasible"": null, ""_n_feasible"": 0, ""_fixed"": true}","{""dev_pct"": -3.7562316974944165, ""pct_rank"": 0.016666666666666666, ""window"": 120.0, ""span"": 40.0}",muted,
2025-11-21,AMD,dip_vs_trend,"dip_vs_trend(pct=0.1,rearm=5,span=40,window=120)",BUY_NOW,down,0.33333333333333337,medium,9,0.207082,"{""span"": 40, ""window"": 120, ""pct"": 0.1, ""rearm"": 5, ""_feasible"": null, ""_n_feasible"": 0, ""_fixed"": true}","{""dev_pct"": -2.2533828119274957, ""pct_rank"": 0.06666666666666667, ""window"": 120.0, ""span"": 40.0}",muted,
2025-11-28,AMD,dip_vs_trend,"dip_vs_trend(pct=0.1,rearm=5,span=40,window=120)",BUY_NOW,down,0.5,medium,9,0.205092,"{""span"": 40, ""window"": 120, ""pct"": 0.1, ""rearm"": 5, ""_feasible"": null, ""_n_feasible"": 0, ""_fixed"": true}","{""dev_pct"": -2.6800335389738805, ""pct_rank"": 0.05, ""window"": 120.0, ""span"": 40.0}",muted,
2025-12-01,AMD,ml_localmin,"ml_localmin(fp_cost=3.0,gate_pct=0.2,gate_window=120,h=10,min_pos_rate=0.25,rearm=5,seed=0,tol_bps=10.0)",BUY_NOW,down,0.20418488677442573,medium,9,0.203842,"{""threshold"": 0.0039, ""_fitted"": true}","{""proba"": 0.20418488677442573, ""pct_rank"": 0.13333333333333333, ""window"": 120.0}",sent,BUY_NOW
2025-12-01,AMD,momentum,"momentum(n=4,rearm=3)",BUY_NOW,down,0.5,fast,9,0.203842,"{""n"": 4, ""rearm"": 3, ""_feasible"": null, ""_n_feasible"": 0, ""_fixed"": true}","{""streak"": 4.0, ""drop_pct"": -1.5636468997488828}",thinned,
2025-12-02,AMD,level,"level(pct=0.1,rearm=5,stall_days=0,window=120)",BUY_NOW,down,0.41666666666666674,medium,9,0.203187,"{""window"": 120, ""pct"": 0.1, ""stall_days"": 0, ""rearm"": 5, ""_feasible"": null, ""_n_feasible"": 0, ""_fixed"": true}","{""pct_rank"": 0.058333333333333334, ""window"": 120.0, ""days_since_min"": 115.0}",cooldown,
2025-12-05,AMD,dip_vs_trend,"dip_vs_trend(pct=0.1,rearm=5,span=40,window=120)",BUY_NOW,down,0.9166666666666666,medium,9,0.199459,"{""span"": 40, ""window"": 120, ""pct"": 0.1, ""rearm"": 5, ""_feasible"": null, ""_n_feasible"": 0, ""_fixed"": true}","{""dev_pct"": -4.69751486510731, ""pct_rank"": 0.008333333333333333, ""window"": 120.0, ""span"": 40.0}",muted,
2025-12-08,AMD,reversal,"reversal(max_days_since_min=10,rearm=5,rise_bps=50,window=120)",WINDOW_CLOSING,up,1.0,slow,9,0.202525,"{""window"": 120, ""rise_bps"": 50, ""max_days_since_min"": 10, ""rearm"": 5, ""_feasible"": null, ""_n_feasible"": 0, ""_fixed"": true}","{""rise_pct"": 1.5371580124236228, ""min_rate"": 0.199459, ""days_since_min"": 1.0, ""window"": 120.0}",sent,WINDOW_CLOSING
2025-12-09,AMD,level,"level(pct=0.1,rearm=5,stall_days=0,window=120)",BUY_NOW,down,0.8333333333333334,medium,9,0.201248,"{""window"": 120, ""pct"": 0.1, ""stall_days"": 0, ""rearm"": 5, ""_feasible"": null, ""_n_feasible"": 0, ""_fixed"": true}","{""pct_rank"": 0.016666666666666666, ""window"": 120.0, ""days_since_min"": 2.0}",thinned,
2025-12-09,AMD,ml_localmin,"ml_localmin(fp_cost=3.0,gate_pct=0.2,gate_window=120,h=10,min_pos_rate=0.25,rearm=5,seed=0,tol_bps=10.0)",BUY_NOW,down,0.06850069883653963,medium,9,0.201248,"{""threshold"": 0.0039, ""_fitted"": true}","{""proba"": 0.06850069883653963, ""pct_rank"": 0.016666666666666666, ""window"": 120.0}",cooldown,
2025-12-15,AMD,reversal,"reversal(max_days_since_min=10,rearm=5,rise_bps=50,window=120)",WINDOW_CLOSING,up,1.0,slow,9,0.208146,"{""window"": 120, ""rise_bps"": 50, ""max_days_since_min"": 10, ""rearm"": 5, ""_feasible"": null, ""_n_feasible"": 0, ""_fixed"": true}","{""rise_pct"": 4.35528103520022, ""min_rate"": 0.199459, ""days_since_min"": 6.0, ""window"": 120.0}",sent,WINDOW_CLOSING
2025-12-23,AMD,ml_localmin,"ml_localmin(fp_cost=3.0,gate_pct=0.2,gate_window=120,h=10,min_pos_rate=0.25,rearm=5,seed=0,tol_bps=10.0)",BUY_NOW,down,0.017540146733963837,medium,9,0.205963,"{""threshold"": 0.0039, ""_fitted"": true}","{""proba"": 0.017540146733963837, ""pct_rank"": 0.2, ""window"": 120.0}",sent,BUY_NOW
2025-12-25,AMD,momentum,"momentum(n=4,rearm=3)",BUY_NOW,down,0.5,fast,9,0.204148,"{""n"": 4, ""rearm"": 3, ""_feasible"": null, ""_n_feasible"": 0, ""_fixed"": true}","{""streak"": 4.0, ""drop_pct"": -3.525386563835009}",cooldown,
2025-12-26,AMD,level,"level(pct=0.1,rearm=5,stall_days=0,window=120)",BUY_NOW,down,0.08333333333333348,medium,9,0.203666,"{""window"": 120, ""pct"": 0.1, ""stall_days"": 0, ""rearm"": 5, ""_feasible"": null, ""_n_feasible"": 0, ""_fixed"": true}","{""pct_rank"": 0.09166666666666666, ""window"": 120.0, ""days_since_min"": 15.0}",cooldown,
2026-01-21,AMD,level,"level(pct=0.1,rearm=5,stall_days=0,window=120)",BUY_NOW,down,0.08333333333333348,medium,10,0.204452,"{""window"": 120, ""pct"": 0.1, ""stall_days"": 0, ""rearm"": 5, ""_feasible"": null, ""_n_feasible"": 0, ""_fixed"": true}","{""pct_rank"": 0.09166666666666666, ""window"": 120.0, ""days_since_min"": 25.0}",thinned,
2026-01-21,AMD,ml_localmin,"ml_localmin(fp_cost=3.0,gate_pct=0.2,gate_window=120,h=10,min_pos_rate=0.25,rearm=5,seed=0,tol_bps=10.0)",BUY_NOW,down,0.09959391063511913,medium,10,0.204452,"{""threshold"": 0.0919, ""_fitted"": true}","{""proba"": 0.09959391063511913, ""pct_rank"": 0.09166666666666666, ""window"": 120.0}",sent,BUY_NOW
2026-01-28,AMD,level,"level(pct=0.1,rearm=5,stall_days=0,window=120)",BUY_NOW,down,0.5,medium,10,0.201304,"{""window"": 120, ""pct"": 0.1, ""stall_days"": 0, ""rearm"": 5, ""_feasible"": null, ""_n_feasible"": 0, ""_fixed"": true}","{""pct_rank"": 0.05, ""window"": 120.0, ""days_since_min"": 30.0}",thinned,
2026-01-28,AMD,ml_localmin,"ml_localmin(fp_cost=3.0,gate_pct=0.2,gate_window=120,h=10,min_pos_rate=0.25,rearm=5,seed=0,tol_bps=10.0)",BUY_NOW,down,0.09297622005210998,medium,10,0.201304,"{""threshold"": 0.0919, ""_fitted"": true}","{""proba"": 0.09297622005210998, ""pct_rank"": 0.05, ""window"": 120.0}",sent,BUY_NOW
2026-02-05,AMD,level,"level(pct=0.1,rearm=5,stall_days=0,window=120)",BUY_NOW,down,0.08333333333333348,medium,10,0.202514,"{""window"": 120, ""pct"": 0.1, ""stall_days"": 0, ""rearm"": 5, ""_feasible"": null, ""_n_feasible"": 0, ""_fixed"": true}","{""pct_rank"": 0.09166666666666666, ""window"": 120.0, ""days_since_min"": 36.0}",sent,BUY_NOW
2026-02-18,AMD,level,"level(pct=0.1,rearm=5,stall_days=0,window=120)",BUY_NOW,down,0.2500000000000001,medium,10,0.201627,"{""window"": 120, ""pct"": 0.1, ""stall_days"": 0, ""rearm"": 5, ""_feasible"": null, ""_n_feasible"": 0, ""_fixed"": true}","{""pct_rank"": 0.075, ""window"": 120.0, ""days_since_min"": 45.0}",sent,BUY_NOW
2026-03-25,AMD,momentum,"momentum(n=4,rearm=3)",BUY_NOW,down,0.5,fast,10,0.213996,"{""n"": 4, ""rearm"": 3, ""_feasible"": null, ""_n_feasible"": 0, ""_fixed"": true}","{""streak"": 4.0, ""drop_pct"": -4.778940623665095}",sent,BUY_NOW
2026-04-06,AMD,momentum,"momentum(n=4,rearm=3)",BUY_NOW,down,0.5,fast,10,0.209037,"{""n"": 4, ""rearm"": 3, ""_feasible"": null, ""_n_feasible"": 0, ""_fixed"": true}","{""streak"": 4.0, ""drop_pct"": -2.9662020081048346}",storm,
2026-04-13,AMD,dip_vs_trend,"dip_vs_trend(pct=0.1,rearm=5,span=40,window=120)",BUY_NOW,down,0.33333333333333337,medium,10,0.203227,"{""span"": 40, ""window"": 120, ""pct"": 0.1, ""rearm"": 5, ""_feasible"": null, ""_n_feasible"": 0, ""_fixed"": true}","{""dev_pct"": -3.1878271055696072, ""pct_rank"": 0.06666666666666667, ""window"": 120.0, ""span"": 40.0}",muted,
2026-04-13,AMD,momentum,"momentum(n=4,rearm=3)",BUY_NOW,down,0.5,fast,10,0.203227,"{""n"": 4, ""rearm"": 3, ""_feasible"": null, ""_n_feasible"": 0, ""_fixed"": true}","{""streak"": 4.0, ""drop_pct"": -2.845409912084873}",sent,BUY_NOW
2026-04-14,AMD,level,"level(pct=0.1,rearm=5,stall_days=0,window=120)",BUY_NOW,down,0.0,medium,10,0.202173,"{""window"": 120, ""pct"": 0.1, ""stall_days"": 0, ""rearm"": 5, ""_feasible"": null, ""_n_feasible"": 0, ""_fixed"": true}","{""pct_rank"": 0.1, ""window"": 120.0, ""days_since_min"": 82.0}",cooldown,
2026-04-15,AMD,ml_localmin,"ml_localmin(fp_cost=3.0,gate_pct=0.2,gate_window=120,h=10,min_pos_rate=0.25,rearm=5,seed=0,tol_bps=10.0)",BUY_NOW,down,0.1242095097672219,medium,10,0.200904,"{""threshold"": 0.0919, ""_fitted"": true}","{""proba"": 0.1242095097672219, ""pct_rank"": 0.058333333333333334, ""window"": 120.0}",cooldown,
2026-04-20,AMD,dip_vs_trend,"dip_vs_trend(pct=0.1,rearm=5,span=40,window=120)",BUY_NOW,down,0.75,medium,10,0.201789,"{""span"": 40, ""window"": 120, ""pct"": 0.1, ""rearm"": 5, ""_feasible"": null, ""_n_feasible"": 0, ""_fixed"": true}","{""dev_pct"": -3.8203009807003308, ""pct_rank"": 0.025, ""window"": 120.0, ""span"": 40.0}",muted,
2026-04-21,AMD,level,"level(pct=0.1,rearm=5,stall_days=0,window=120)",BUY_NOW,down,0.75,medium,10,0.200192,"{""window"": 120, ""pct"": 0.1, ""stall_days"": 0, ""rearm"": 5, ""_feasible"": null, ""_n_feasible"": 0, ""_fixed"": true}","{""pct_rank"": 0.025, ""window"": 120.0, ""days_since_min"": 87.0}",sent,BUY_NOW
2026-04-27,AMD,dip_vs_trend,"dip_vs_trend(pct=0.1,rearm=5,span=40,window=120)",BUY_NOW,down,0.5,medium,10,0.201335,"{""span"": 40, ""window"": 120, ""pct"": 0.1, ""rearm"": 5, ""_feasible"": null, ""_n_feasible"": 0, ""_fixed"": true}","{""dev_pct"": -3.9041174676526347, ""pct_rank"": 0.05, ""window"": 120.0, ""span"": 40.0}",muted,
2026-04-28,AMD,level,"level(pct=0.1,rearm=5,stall_days=0,window=120)",BUY_NOW,down,0.2500000000000001,medium,10,0.201117,"{""window"": 120, ""pct"": 0.1, ""stall_days"": 0, ""rearm"": 5, ""_feasible"": null, ""_n_feasible"": 0, ""_fixed"": true}","{""pct_rank"": 0.075, ""window"": 120.0, ""days_since_min"": 92.0}",sent,BUY_NOW
2026-05-08,AMD,momentum,"momentum(n=4,rearm=3)",BUY_NOW,down,0.5,fast,10,0.20134,"{""n"": 4, ""rearm"": 3, ""_feasible"": null, ""_n_feasible"": 0, ""_fixed"": true}","{""streak"": 4.0, ""drop_pct"": -1.041973852354272}",sent,BUY_NOW
2026-05-12,AMD,dip_vs_trend,"dip_vs_trend(pct=0.1,rearm=5,span=40,window=120)",BUY_NOW,down,0.33333333333333337,medium,10,0.200173,"{""span"": 40, ""window"": 120, ""pct"": 0.1, ""rearm"": 5, ""_feasible"": null, ""_n_feasible"": 0, ""_fixed"": true}","{""dev_pct"": -3.824847285736399, ""pct_rank"": 0.06666666666666667, ""window"": 120.0, ""span"": 40.0}",muted,
2026-05-12,AMD,level,"level(pct=0.1,rearm=5,stall_days=0,window=120)",BUY_NOW,down,0.75,medium,10,0.200173,"{""window"": 120, ""pct"": 0.1, ""stall_days"": 0, ""rearm"": 5, ""_feasible"": null, ""_n_feasible"": 0, ""_fixed"": true}","{""pct_rank"": 0.025, ""window"": 120.0, ""days_since_min"": 100.0}",thinned,
2026-05-12,AMD,ml_localmin,"ml_localmin(fp_cost=3.0,gate_pct=0.2,gate_window=120,h=10,min_pos_rate=0.25,rearm=5,seed=0,tol_bps=10.0)",BUY_NOW,down,0.38033924439524724,medium,10,0.200173,"{""threshold"": 0.0919, ""_fitted"": true}","{""proba"": 0.38033924439524724, ""pct_rank"": 0.025, ""window"": 120.0}",cooldown,
2026-05-14,AMD,momentum,"momentum(n=4,rearm=3)",BUY_NOW,down,0.875,fast,10,0.198326,"{""n"": 4, ""rearm"": 3, ""_feasible"": null, ""_n_feasible"": 0, ""_fixed"": true}","{""streak"": 7.0, ""drop_pct"": -2.5233461122579404}",cooldown,
2026-05-19,AMD,dip_vs_trend,"dip_vs_trend(pct=0.1,rearm=5,span=40,window=120)",BUY_NOW,down,0.9166666666666666,medium,10,0.193619,"{""span"": 40, ""window"": 120, ""pct"": 0.1, ""rearm"": 5, ""_feasible"": null, ""_n_feasible"": 0, ""_fixed"": true}","{""dev_pct"": -5.691479445158876, ""pct_rank"": 0.008333333333333333, ""window"": 120.0, ""span"": 40.0}",muted,
2026-05-19,AMD,level,"level(pct=0.1,rearm=5,stall_days=0,window=120)",BUY_NOW,down,0.9166666666666666,medium,10,0.193619,"{""window"": 120, ""pct"": 0.1, ""stall_days"": 0, ""rearm"": 5, ""_feasible"": null, ""_n_feasible"": 0, ""_fixed"": true}","{""pct_rank"": 0.008333333333333333, ""window"": 120.0, ""days_since_min"": 0.0}",thinned,
2026-05-19,AMD,ml_localmin,"ml_localmin(fp_cost=3.0,gate_pct=0.2,gate_window=120,h=10,min_pos_rate=0.25,rearm=5,seed=0,tol_bps=10.0)",BUY_NOW,down,0.24205434662825284,medium,10,0.193619,"{""threshold"": 0.0919, ""_fitted"": true}","{""proba"": 0.24205434662825284, ""pct_rank"": 0.008333333333333333, ""window"": 120.0}",sent,BUY_NOW
2026-05-21,AMD,momentum,"momentum(n=4,rearm=3)",BUY_NOW,down,0.5,fast,10,0.192438,"{""n"": 4, ""rearm"": 3, ""_feasible"": null, ""_n_feasible"": 0, ""_fixed"": true}","{""streak"": 4.0, ""drop_pct"": -3.098815662262322}",cooldown,
2026-05-22,AMD,reversal,"reversal(max_days_since_min=10,rearm=5,rise_bps=50,window=120)",WINDOW_CLOSING,up,0.5612197175194122,slow,10,0.193518,"{""window"": 120, ""rise_bps"": 50, ""max_days_since_min"": 10, ""rearm"": 5, ""_feasible"": null, ""_n_feasible"": 0, ""_fixed"": true}","{""rise_pct"": 0.5612197175194122, ""min_rate"": 0.192438, ""days_since_min"": 1.0, ""window"": 120.0}",cooldown,
2026-05-26,AMD,level,"level(pct=0.1,rearm=5,stall_days=0,window=120)",BUY_NOW,down,0.5,medium,10,0.194888,"{""window"": 120, ""pct"": 0.1, ""stall_days"": 0, ""rearm"": 5, ""_feasible"": null, ""_n_feasible"": 0, ""_fixed"": true}","{""pct_rank"": 0.05, ""window"": 120.0, ""days_since_min"": 3.0}",sent,BUY_NOW
2026-05-27,AMD,dip_vs_trend,"dip_vs_trend(pct=0.1,rearm=5,span=40,window=120)",BUY_NOW,down,0.5,medium,10,0.19264,"{""span"": 40, ""window"": 120, ""pct"": 0.1, ""rearm"": 5, ""_feasible"": null, ""_n_feasible"": 0, ""_fixed"": true}","{""dev_pct"": -4.625223642933751, ""pct_rank"": 0.05, ""window"": 120.0, ""span"": 40.0}",muted,
2026-06-01,AMD,reversal,"reversal(max_days_since_min=10,rearm=5,rise_bps=50,window=120)",WINDOW_CLOSING,up,0.9431609141645758,slow,10,0.194253,"{""window"": 120, ""rise_bps"": 50, ""max_days_since_min"": 10, ""rearm"": 5, ""_feasible"": null, ""_n_feasible"": 0, ""_fixed"": true}","{""rise_pct"": 0.9431609141645758, ""min_rate"": 0.192438, ""days_since_min"": 7.0, ""window"": 120.0}",sent,WINDOW_CLOSING
2026-06-02,AMD,level,"level(pct=0.1,rearm=5,stall_days=0,window=120)",BUY_NOW,down,0.0,medium,10,0.19689,"{""window"": 120, ""pct"": 0.1, ""stall_days"": 0, ""rearm"": 5, ""_feasible"": null, ""_n_feasible"": 0, ""_fixed"": true}","{""pct_rank"": 0.1, ""window"": 120.0, ""days_since_min"": 8.0}",cooldown,
2026-06-09,AMD,level,"level(pct=0.1,rearm=5,stall_days=0,window=120)",BUY_NOW,down,0.16666666666666674,medium,10,0.194685,"{""window"": 120, ""pct"": 0.1, ""stall_days"": 0, ""rearm"": 5, ""_feasible"": null, ""_n_feasible"": 0, ""_fixed"": true}","{""pct_rank"": 0.08333333333333333, ""window"": 120.0, ""days_since_min"": 13.0}",sent,BUY_NOW
2026-06-24,AMD,seasonality,"seasonality(from_day=24,min_share=0.7,min_years=4,rearm=20)",BUY_NOW,down,0.7272727272727273,slow,10,0.203228,"{""min_share"": 0.7, ""min_years"": 4, ""from_day"": 24, ""rearm"": 20, ""_feasible"": null, ""_n_feasible"": 0, ""_fixed"": true}","{""k_years"": 8.0, ""n_years"": 11.0, ""target_month"": 7.0}",sent,BUY_NOW
2021-01-14,KGS,level,"level(pct=0.1,rearm=5,stall_days=0,window=120)",BUY_NOW,down,0.16666666666666674,medium,0,0.880126,"{""window"": 120, ""pct"": 0.1, ""stall_days"": 0, ""rearm"": 5, ""_feasible"": null, ""_n_feasible"": 0, ""_fixed"": true}","{""pct_rank"": 0.08333333333333333, ""window"": 120.0, ""days_since_min"": 17.0}",sent,BUY_NOW
2021-01-14,KGS,ml_localmin,"ml_localmin(fp_cost=3.0,gate_pct=0.2,gate_window=120,h=10,min_pos_rate=0.25,rearm=5,seed=0,tol_bps=10.0)",BUY_NOW,down,0.025202170824593664,medium,0,0.880126,"{""threshold"": 0.0249, ""_fitted"": true}","{""proba"": 0.025202170824593664, ""pct_rank"": 0.08333333333333333, ""window"": 120.0}",thinned,
2021-01-15,KGS,momentum,"momentum(n=4,rearm=3)",BUY_NOW,down,0.5,fast,0,0.870079,"{""n"": 4, ""rearm"": 3, ""_feasible"": null, ""_n_feasible"": 0, ""_fixed"": true}","{""streak"": 4.0, ""drop_pct"": -2.963471852482169}",cooldown,
2021-01-21,KGS,level,"level(pct=0.1,rearm=5,stall_days=0,window=120)",BUY_NOW,down,0.5833333333333334,medium,0,0.864928,"{""window"": 120, ""pct"": 0.1, ""stall_days"": 0, ""rearm"": 5, ""_feasible"": null, ""_n_feasible"": 0, ""_fixed"": true}","{""pct_rank"": 0.041666666666666664, ""window"": 120.0, ""days_since_min"": 22.0}",sent,BUY_NOW
2021-01-21,KGS,ml_localmin,"ml_localmin(fp_cost=3.0,gate_pct=0.2,gate_window=120,h=10,min_pos_rate=0.25,rearm=5,seed=0,tol_bps=10.0)",BUY_NOW,down,0.04701146531533104,medium,0,0.864928,"{""threshold"": 0.0249, ""_fitted"": true}","{""proba"": 0.04701146531533104, ""pct_rank"": 0.041666666666666664, ""window"": 120.0}",thinned,
2021-02-09,KGS,level,"level(pct=0.1,rearm=5,stall_days=0,window=120)",BUY_NOW,down,0.0,medium,0,0.873818,"{""window"": 120, ""pct"": 0.1, ""stall_days"": 0, ""rearm"": 5, ""_feasible"": null, ""_n_feasible"": 0, ""_fixed"": true}","{""pct_rank"": 0.1, ""window"": 120.0, ""days_since_min"": 35.0}",sent,BUY_NOW
2021-02-09,KGS,momentum,"momentum(n=4,rearm=3)",BUY_NOW,down,0.5,fast,0,0.873818,"{""n"": 4, ""rearm"": 3, ""_feasible"": null, ""_n_feasible"": 0, ""_fixed"": true}","{""streak"": 4.0, ""drop_pct"": -2.575486276337413}",thinned,
2021-02-15,KGS,ml_localmin,"ml_localmin(fp_cost=3.0,gate_pct=0.2,gate_window=120,h=10,min_pos_rate=0.25,rearm=5,seed=0,tol_bps=10.0)",BUY_NOW,down,0.15753746159347265,medium,0,0.867179,"{""threshold"": 0.0249, ""_fitted"": true}","{""proba"": 0.15753746159347265, ""pct_rank"": 0.058333333333333334, ""window"": 120.0}",sent,BUY_NOW
2021-02-16,KGS,level,"level(pct=0.1,rearm=5,stall_days=0,window=120)",BUY_NOW,down,0.33333333333333337,medium,0,0.867415,"{""window"": 120, ""pct"": 0.1, ""stall_days"": 0, ""rearm"": 5, ""_feasible"": null, ""_n_feasible"": 0, ""_fixed"": true}","{""pct_rank"": 0.06666666666666667, ""window"": 120.0, ""days_since_min"": 40.0}",cooldown,
2021-02-25,KGS,level,"level(pct=0.1,rearm=5,stall_days=0,window=120)",BUY_NOW,down,0.2500000000000001,medium,0,0.868033,"{""window"": 120, ""pct"": 0.1, ""stall_days"": 0, ""rearm"": 5, ""_feasible"": null, ""_n_feasible"": 0, ""_fixed"": true}","{""pct_rank"": 0.075, ""window"": 120.0, ""days_since_min"": 46.0}",sent,BUY_NOW
2021-02-25,KGS,ml_localmin,"ml_localmin(fp_cost=3.0,gate_pct=0.2,gate_window=120,h=10,min_pos_rate=0.25,rearm=5,seed=0,tol_bps=10.0)",BUY_NOW,down,0.04890454425206114,medium,0,0.868033,"{""threshold"": 0.0249, ""_fitted"": true}","{""proba"": 0.04890454425206114, ""pct_rank"": 0.075, ""window"": 120.0}",thinned,
2021-03-11,KGS,level,"level(pct=0.1,rearm=5,stall_days=0,window=120)",BUY_NOW,down,0.41666666666666674,medium,0,0.866463,"{""window"": 120, ""pct"": 0.1, ""stall_days"": 0, ""rearm"": 5, ""_feasible"": null, ""_n_feasible"": 0, ""_fixed"": true}","{""pct_rank"": 0.058333333333333334, ""window"": 120.0, ""days_since_min"": 55.0}",sent,BUY_NOW
2021-03-11,KGS,ml_localmin,"ml_localmin(fp_cost=3.0,gate_pct=0.2,gate_window=120,h=10,min_pos_rate=0.25,rearm=5,seed=0,tol_bps=10.0)",BUY_NOW,down,0.22891674609297993,medium,0,0.866463,"{""threshold"": 0.0249, ""_fitted"": true}","{""proba"": 0.22891674609297993, ""pct_rank"": 0.058333333333333334, ""window"": 120.0}",thinned,
2021-04-26,KGS,seasonality,"seasonality(from_day=24,min_share=0.7,min_years=4,rearm=20)",BUY_NOW,down,1.0,slow,0,0.881421,"{""min_share"": 0.7, ""min_years"": 4, ""from_day"": 24, ""rearm"": 20, ""_feasible"": null, ""_n_feasible"": 0, ""_fixed"": true}","{""k_years"": 6.0, ""n_years"": 6.0, ""target_month"": 5.0}",sent,BUY_NOW
2021-05-17,KGS,ml_localmin,"ml_localmin(fp_cost=3.0,gate_pct=0.2,gate_window=120,h=10,min_pos_rate=0.25,rearm=5,seed=0,tol_bps=10.0)",BUY_NOW,down,0.08431616698149778,medium,0,0.872475,"{""threshold"": 0.0249, ""_fitted"": true}","{""proba"": 0.08431616698149778, ""pct_rank"": 0.2, ""window"": 120.0}",sent,BUY_NOW
2021-06-02,KGS,momentum,"momentum(n=4,rearm=3)",BUY_NOW,down,0.5,fast,0,0.870837,"{""n"": 4, ""rearm"": 3, ""_feasible"": null, ""_n_feasible"": 0, ""_fixed"": true}","{""streak"": 4.0, ""drop_pct"": -1.5565121647377556}",sent,BUY_NOW
2021-06-04,KGS,level,"level(pct=0.1,rearm=5,stall_days=0,window=120)",BUY_NOW,down,0.2500000000000001,medium,0,0.865075,"{""window"": 120, ""pct"": 0.1, ""stall_days"": 0, ""rearm"": 5, ""_feasible"": null, ""_n_feasible"": 0, ""_fixed"": true}","{""pct_rank"": 0.075, ""window"": 120.0, ""days_since_min"": 114.0}",cooldown,
2021-06-07,KGS,dip_vs_trend,"dip_vs_trend(pct=0.1,rearm=5,span=40,window=120)",BUY_NOW,down,0.08333333333333348,medium,0,0.861036,"{""span"": 40, ""window"": 120, ""pct"": 0.1, ""rearm"": 5, ""_feasible"": null, ""_n_feasible"": 0, ""_fixed"": true}","{""dev_pct"": -2.53021988704506, ""pct_rank"": 0.09166666666666666, ""window"": 120.0, ""span"": 40.0}",cooldown,
2021-06-07,KGS,ml_localmin,"ml_localmin(fp_cost=3.0,gate_pct=0.2,gate_window=120,h=10,min_pos_rate=0.25,rearm=5,seed=0,tol_bps=10.0)",BUY_NOW,down,0.08531127796560253,medium,0,0.861036,"{""threshold"": 0.0249, ""_fitted"": true}","{""proba"": 0.08531127796560253, ""pct_rank"": 0.025, ""window"": 120.0}",thinned,
2021-06-07,KGS,momentum,"momentum(n=4,rearm=3)",BUY_NOW,down,0.875,fast,0,0.861036,"{""n"": 4, ""rearm"": 3, ""_feasible"": null, ""_n_feasible"": 0, ""_fixed"": true}","{""streak"": 7.0, ""drop_pct"": -2.664463049086263}",thinned,
2021-06-11,KGS,level,"level(pct=0.1,rearm=5,stall_days=0,window=120)",BUY_NOW,down,0.9166666666666666,medium,0,0.84828,"{""window"": 120, ""pct"": 0.1, ""stall_days"": 0, ""rearm"": 5, ""_feasible"": null, ""_n_feasible"": 0, ""_fixed"": true}","{""pct_rank"": 0.008333333333333333, ""window"": 120.0, ""days_since_min"": 0.0}",sent,BUY_NOW
2021-06-15,KGS,dip_vs_trend,"dip_vs_trend(pct=0.1,rearm=5,span=40,window=120)",BUY_NOW,down,0.5833333333333334,medium,0,0.847735,"{""span"": 40, ""window"": 120, ""pct"": 0.1, ""rearm"": 5, ""_feasible"": null, ""_n_feasible"": 0, ""_fixed"": true}","{""dev_pct"": -3.289967532689775, ""pct_rank"": 0.041666666666666664, ""window"": 120.0, ""span"": 40.0}",cooldown,
2021-06-15,KGS,ml_localmin,"ml_localmin(fp_cost=3.0,gate_pct=0.2,gate_window=120,h=10,min_pos_rate=0.25,rearm=5,seed=0,tol_bps=10.0)",BUY_NOW,down,0.09679826711520902,medium,0,0.847735,"{""threshold"": 0.0249, ""_fitted"": true}","{""proba"": 0.09679826711520902, ""pct_rank"": 0.008333333333333333, ""window"": 120.0}",thinned,
2021-06-17,KGS,reversal,"reversal(max_days_since_min=10,rearm=5,rise_bps=50,window=120)",WINDOW_CLOSING,up,1.0,slow,0,0.857008,"{""window"": 120, ""rise_bps"": 50, ""max_days_since_min"": 10, ""rearm"": 5, ""_feasible"": null, ""_n_feasible"": 0, ""_fixed"": true}","{""rise_pct"": 1.0938559809374304, ""min_rate"": 0.847735, ""days_since_min"": 2.0, ""window"": 120.0}",cooldown,
2021-06-23,KGS,level,"level(pct=0.1,rearm=5,stall_days=0,window=120)",BUY_NOW,down,0.33333333333333337,medium,0,0.859034,"{""window"": 120, ""pct"": 0.1, ""stall_days"": 0, ""rearm"": 5, ""_feasible"": null, ""_n_feasible"": 0, ""_fixed"": true}","{""pct_rank"": 0.06666666666666667, ""window"": 120.0, ""days_since_min"": 6.0}",sent,BUY_NOW
2021-06-24,KGS,ml_localmin,"ml_localmin(fp_cost=3.0,gate_pct=0.2,gate_window=120,h=10,min_pos_rate=0.25,rearm=5,seed=0,tol_bps=10.0)",BUY_NOW,down,0.13543967088322645,medium,0,0.854157,"{""threshold"": 0.0249, ""_fitted"": true}","{""proba"": 0.13543967088322645, ""pct_rank"": 0.058333333333333334, ""window"": 120.0}",thinned,
2021-06-24,KGS,reversal,"reversal(max_days_since_min=10,rearm=5,rise_bps=50,window=120)",WINDOW_CLOSING,up,0.7575480545217504,slow,0,0.854157,"{""window"": 120, ""rise_bps"": 50, ""max_days_since_min"": 10, ""rearm"": 5, ""_feasible"": null, ""_n_feasible"": 0, ""_fixed"": true}","{""rise_pct"": 0.7575480545217504, ""min_rate"": 0.847735, ""days_since_min"": 7.0, ""window"": 120.0}",cooldown,
2021-06-30,KGS,level,"level(pct=0.1,rearm=5,stall_days=0,window=120)",BUY_NOW,down,0.0,medium,0,0.858689,"{""window"": 120, ""pct"": 0.1, ""stall_days"": 0, ""rearm"": 5, ""_feasible"": null, ""_n_feasible"": 0, ""_fixed"": true}","{""pct_rank"": 0.1, ""window"": 120.0, ""days_since_min"": 11.0}",sent,BUY_NOW
2021-07-30,KGS,ml_localmin,"ml_localmin(fp_cost=3.0,gate_pct=0.2,gate_window=120,h=10,min_pos_rate=0.25,rearm=5,seed=0,tol_bps=10.0)",BUY_NOW,down,0.23402821212552744,medium,1,0.862352,"{""threshold"": 0.0393, ""_fitted"": true}","{""proba"": 0.23402821212552744, ""pct_rank"": 0.15833333333333333, ""window"": 120.0}",thinned,
2021-07-30,KGS,momentum,"momentum(n=4,rearm=3)",BUY_NOW,down,0.5,fast,1,0.862352,"{""n"": 4, ""rearm"": 3, ""_feasible"": null, ""_n_feasible"": 0, ""_fixed"": true}","{""streak"": 4.0, ""drop_pct"": -1.9042375542036583}",sent,BUY_NOW
2021-08-04,KGS,momentum,"momentum(n=4,rearm=3)",BUY_NOW,down,0.875,fast,1,0.859006,"{""n"": 4, ""rearm"": 3, ""_feasible"": null, ""_n_feasible"": 0, ""_fixed"": true}","{""streak"": 7.0, ""drop_pct"": -2.284857557570763}",cooldown,
2021-09-01,KGS,momentum,"momentum(n=4,rearm=3)",BUY_NOW,down,0.5,fast,1,0.863845,"{""n"": 4, ""rearm"": 3, ""_feasible"": null, ""_n_feasible"": 0, ""_fixed"": true}","{""streak"": 4.0, ""drop_pct"": -1.0849402280950882}",sent,BUY_NOW
2021-09-10,KGS,level,"level(pct=0.1,rearm=5,stall_days=0,window=120)",BUY_NOW,down,0.0,medium,1,0.857744,"{""window"": 120, ""pct"": 0.1, ""stall_days"": 0, ""rearm"": 5, ""_feasible"": null, ""_n_feasible"": 0, ""_fixed"": true}","{""pct_rank"": 0.1, ""window"": 120.0, ""days_since_min"": 63.0}",sent,BUY_NOW
2021-09-10,KGS,ml_localmin,"ml_localmin(fp_cost=3.0,gate_pct=0.2,gate_window=120,h=10,min_pos_rate=0.25,rearm=5,seed=0,tol_bps=10.0)",BUY_NOW,down,0.05876764135624342,medium,1,0.857744,"{""threshold"": 0.0393, ""_fitted"": true}","{""proba"": 0.05876764135624342, ""pct_rank"": 0.1, ""window"": 120.0}",thinned,
2021-09-17,KGS,level,"level(pct=0.1,rearm=5,stall_days=0,window=120)",BUY_NOW,down,0.0,medium,1,0.855429,"{""window"": 120, ""pct"": 0.1, ""stall_days"": 0, ""rearm"": 5, ""_feasible"": null, ""_n_feasible"": 0, ""_fixed"": true}","{""pct_rank"": 0.1, ""window"": 120.0, ""days_since_min"": 68.0}",sent,BUY_NOW
2021-09-22,KGS,ml_localmin,"ml_localmin(fp_cost=3.0,gate_pct=0.2,gate_window=120,h=10,min_pos_rate=0.25,rearm=5,seed=0,tol_bps=10.0)",BUY_NOW,down,0.4117553340743648,medium,1,0.859165,"{""threshold"": 0.0393, ""_fitted"": true}","{""proba"": 0.4117553340743648, ""pct_rank"": 0.16666666666666666, ""window"": 120.0}",cooldown,
2021-09-28,KGS,level,"level(pct=0.1,rearm=5,stall_days=0,window=120)",BUY_NOW,down,0.0,medium,1,0.854782,"{""window"": 120, ""pct"": 0.1, ""stall_days"": 0, ""rearm"": 5, ""_feasible"": null, ""_n_feasible"": 0, ""_fixed"": true}","{""pct_rank"": 0.1, ""window"": 120.0, ""days_since_min"": 75.0}",sent,BUY_NOW
2021-09-29,KGS,ml_localmin,"ml_localmin(fp_cost=3.0,gate_pct=0.2,gate_window=120,h=10,min_pos_rate=0.25,rearm=5,seed=0,tol_bps=10.0)",BUY_NOW,down,0.08205894204987672,medium,1,0.857753,"{""threshold"": 0.0393, ""_fitted"": true}","{""proba"": 0.08205894204987672, ""pct_rank"": 0.15833333333333333, ""window"": 120.0}",cooldown,
2021-10-06,KGS,ml_localmin,"ml_localmin(fp_cost=3.0,gate_pct=0.2,gate_window=120,h=10,min_pos_rate=0.25,rearm=5,seed=0,tol_bps=10.0)",BUY_NOW,down,0.3151218011501404,medium,1,0.855483,"{""threshold"": 0.0393, ""_fitted"": true}","{""proba"": 0.3151218011501404, ""pct_rank"": 0.11666666666666667, ""window"": 120.0}",sent,BUY_NOW
2021-10-07,KGS,level,"level(pct=0.1,rearm=5,stall_days=0,window=120)",BUY_NOW,down,0.5833333333333334,medium,1,0.852149,"{""window"": 120, ""pct"": 0.1, ""stall_days"": 0, ""rearm"": 5, ""_feasible"": null, ""_n_feasible"": 0, ""_fixed"": true}","{""pct_rank"": 0.041666666666666664, ""window"": 120.0, ""days_since_min"": 82.0}",cooldown,
2021-10-08,KGS,momentum,"momentum(n=4,rearm=3)",BUY_NOW,down,0.5,fast,1,0.848726,"{""n"": 4, ""rearm"": 3, ""_feasible"": null, ""_n_feasible"": 0, ""_fixed"": true}","{""streak"": 4.0, ""drop_pct"": -1.2756879490702033}",cooldown,
2021-10-11,KGS,dip_vs_trend,"dip_vs_trend(pct=0.1,rearm=5,span=40,window=120)",BUY_NOW,down,0.0,medium,1,0.844509,"{""span"": 40, ""window"": 120, ""pct"": 0.1, ""rearm"": 5, ""_feasible"": null, ""_n_feasible"": 0, ""_fixed"": true}","{""dev_pct"": -2.012524684792194, ""pct_rank"": 0.1, ""window"": 120.0, ""span"": 40.0}",cooldown,
2021-10-13,KGS,ml_localmin,"ml_localmin(fp_cost=3.0,gate_pct=0.2,gate_window=120,h=10,min_pos_rate=0.25,rearm=5,seed=0,tol_bps=10.0)",BUY_NOW,down,0.5766409229814484,medium,1,0.847107,"{""threshold"": 0.0393, ""_fitted"": true}","{""proba"": 0.5766409229814484, ""pct_rank"": 0.016666666666666666, ""window"": 120.0}",sent,BUY_NOW
2021-10-14,KGS,level,"level(pct=0.1,rearm=5,stall_days=0,window=120)",BUY_NOW,down,0.8333333333333334,medium,1,0.846245,"{""window"": 120, ""pct"": 0.1, ""stall_days"": 0, ""rearm"": 5, ""_feasible"": null, ""_n_feasible"": 0, ""_fixed"": true}","{""pct_rank"": 0.016666666666666666, ""window"": 120.0, ""days_since_min"": 3.0}",cooldown,
2021-10-18,KGS,dip_vs_trend,"dip_vs_trend(pct=0.1,rearm=5,span=40,window=120)",BUY_NOW,down,0.16666666666666674,medium,1,0.839016,"{""span"": 40, ""window"": 120, ""pct"": 0.1, ""rearm"": 5, ""_feasible"": null, ""_n_feasible"": 0, ""_fixed"": true}","{""dev_pct"": -2.2425925562358007, ""pct_rank"": 0.08333333333333333, ""window"": 120.0, ""span"": 40.0}",thinned,
2021-10-18,KGS,momentum,"momentum(n=4,rearm=3)",BUY_NOW,down,0.5,fast,1,0.839016,"{""n"": 4, ""rearm"": 3, ""_feasible"": null, ""_n_feasible"": 0, ""_fixed"": true}","{""streak"": 4.0, ""drop_pct"": -0.9859907879783525}",cooldown,
2021-10-21,KGS,level,"level(pct=0.1,rearm=5,stall_days=0,window=120)",BUY_NOW,down,0.8333333333333334,medium,1,0.836951,"{""window"": 120, ""pct"": 0.1, ""stall_days"": 0, ""rearm"": 5, ""_feasible"": null, ""_n_feasible"": 0, ""_fixed"": true}","{""pct_rank"": 0.016666666666666666, ""window"": 120.0, ""days_since_min"": 2.0}",sent,BUY_NOW
2021-10-25,KGS,dip_vs_trend,"dip_vs_trend(pct=0.1,rearm=5,span=40,window=120)",BUY_NOW,down,0.6666666666666667,medium,1,0.826988,"{""span"": 40, ""window"": 120, ""pct"": 0.1, ""rearm"": 5, ""_feasible"": null, ""_n_feasible"": 0, ""_fixed"": true}","{""dev_pct"": -3.1185700351171186, ""pct_rank"": 0.03333333333333333, ""window"": 120.0, ""span"": 40.0}",cooldown,
2021-10-26,KGS,momentum,"momentum(n=4,rearm=3)",BUY_NOW,down,0.5,fast,1,0.819991,"{""n"": 4, ""rearm"": 3, ""_feasible"": null, ""_n_feasible"": 0, ""_fixed"": true}","{""streak"": 4.0, ""drop_pct"": -2.1156385114728837}",cooldown,
2021-10-28,KGS,level,"level(pct=0.1,rearm=5,stall_days=0,window=120)",BUY_NOW,down,0.6666666666666667,medium,1,0.831452,"{""window"": 120, ""pct"": 0.1, ""stall_days"": 0, ""rearm"": 5, ""_feasible"": null, ""_n_feasible"": 0, ""_fixed"": true}","{""pct_rank"": 0.03333333333333333, ""window"": 120.0, ""days_since_min"": 2.0}",thinned,
2021-10-28,KGS,reversal,"reversal(max_days_since_min=10,rearm=5,rise_bps=50,window=120)",WINDOW_CLOSING,up,1.0,slow,1,0.831452,"{""window"": 120, ""rise_bps"": 50, ""max_days_since_min"": 10, ""rearm"": 5, ""_feasible"": null, ""_n_feasible"": 0, ""_fixed"": true}","{""rise_pct"": 1.39769826742, ""min_rate"": 0.819991, ""days_since_min"": 2.0, ""window"": 120.0}",sent,WINDOW_CLOSING
2021-11-08,KGS,reversal,"reversal(max_days_since_min=10,rearm=5,rise_bps=50,window=120)",WINDOW_CLOSING,up,1.0,slow,1,0.841684,"{""window"": 120, ""rise_bps"": 50, ""max_days_since_min"": 10, ""rearm"": 5, ""_feasible"": null, ""_n_feasible"": 0, ""_fixed"": true}","{""rise_pct"": 2.645516841038487, ""min_rate"": 0.819991, ""days_since_min"": 7.0, ""window"": 120.0}",sent,WINDOW_CLOSING
2021-11-10,KGS,level,"level(pct=0.1,rearm=5,stall_days=0,window=120)",BUY_NOW,down,0.5,medium,1,0.833402,"{""window"": 120, ""pct"": 0.1, ""stall_days"": 0, ""rearm"": 5, ""_feasible"": null, ""_n_feasible"": 0, ""_fixed"": true}","{""pct_rank"": 0.05, ""window"": 120.0, ""days_since_min"": 9.0}",cooldown,
2021-12-24,KGS,momentum,"momentum(n=4,rearm=3)",BUY_NOW,down,0.5,fast,1,0.862885,"{""n"": 4, ""rearm"": 3, ""_feasible"": null, ""_n_feasible"": 0, ""_fixed"": true}","{""streak"": 4.0, ""drop_pct"": -1.4793764172076673}",sent,BUY_NOW
2022-02-02,KGS,momentum,"momentum(n=4,rearm=3)",BUY_NOW,down,0.5,fast,2,0.901694,"{""n"": 4, ""rearm"": 3, ""_feasible"": null, ""_n_feasible"": 0, ""_fixed"": true}","{""streak"": 4.0, ""drop_pct"": -3.1216794216270993}",sent,BUY_NOW
2022-02-09,KGS,momentum,"momentum(n=4,rearm=3)",BUY_NOW,down,0.5,fast,2,0.881899,"{""n"": 4, ""rearm"": 3, ""_feasible"": null, ""_n_feasible"": 0, ""_fixed"": true}","{""streak"": 4.0, ""drop_pct"": -2.409391903256941}",sent,BUY_NOW
2022-03-16,KGS,momentum,"momentum(n=4,rearm=3)",BUY_NOW,down,0.5,fast,2,1.03915,"{""n"": 4, ""rearm"": 3, ""_feasible"": null, ""_n_feasible"": 0, ""_fixed"": true}","{""streak"": 4.0, ""drop_pct"": -15.70882779990428}",storm,
2022-03-25,KGS,dip_vs_trend,"dip_vs_trend(pct=0.1,rearm=5,span=40,window=120)",BUY_NOW,down,0.6666666666666667,medium,2,0.965109,"{""span"": 40, ""window"": 120, ""pct"": 0.1, ""rearm"": 5, ""_feasible"": null, ""_n_feasible"": 0, ""_fixed"": true}","{""dev_pct"": -2.5160247070230346, ""pct_rank"": 0.03333333333333333, ""window"": 120.0, ""span"": 40.0}",storm,
2022-03-28,KGS,momentum,"momentum(n=4,rearm=3)",BUY_NOW,down,0.5,fast,2,0.950403,"{""n"": 4, ""rearm"": 3, ""_feasible"": null, ""_n_feasible"": 0, ""_fixed"": true}","{""streak"": 4.0, ""drop_pct"": -7.367225801421062}",storm,
2022-03-31,KGS,momentum,"momentum(n=4,rearm=3)",BUY_NOW,down,0.875,fast,2,0.873632,"{""n"": 4, ""rearm"": 3, ""_feasible"": null, ""_n_feasible"": 0, ""_fixed"": true}","{""streak"": 7.0, ""drop_pct"": -14.849852337742087}",sent,BUY_NOW
2022-04-06,KGS,dip_vs_trend,"dip_vs_trend(pct=0.1,rearm=5,span=40,window=120)",BUY_NOW,down,0.6666666666666667,medium,2,0.908094,"{""span"": 40, ""window"": 120, ""pct"": 0.1, ""rearm"": 5, ""_feasible"": null, ""_n_feasible"": 0, ""_fixed"": true}","{""dev_pct"": -8.664601724717613, ""pct_rank"": 0.03333333333333333, ""window"": 120.0, ""span"": 40.0}",sent,BUY_NOW
2022-04-07,KGS,level,"level(pct=0.1,rearm=5,stall_days=0,window=120)",BUY_NOW,down,0.0,medium,2,0.838373,"{""window"": 120, ""pct"": 0.1, ""stall_days"": 0, ""rearm"": 5, ""_feasible"": null, ""_n_feasible"": 0, ""_fixed"": true}","{""pct_rank"": 0.1, ""window"": 120.0, ""days_since_min"": 107.0}",cooldown,
2022-04-07,KGS,ml_localmin,"ml_localmin(fp_cost=3.0,gate_pct=0.2,gate_window=120,h=10,min_pos_rate=0.25,rearm=5,seed=0,tol_bps=10.0)",BUY_NOW,down,0.14757986685746194,medium,2,0.838373,"{""threshold"": 0.0001, ""_fitted"": true}","{""proba"": 0.14757986685746194, ""pct_rank"": 0.1, ""window"": 120.0}",thinned,
2022-04-08,KGS,momentum,"momentum(n=4,rearm=3)",BUY_NOW,down,0.5,fast,2,0.807754,"{""n"": 4, ""rearm"": 3, ""_feasible"": null, ""_n_feasible"": 0, ""_fixed"": true}","{""streak"": 4.0, ""drop_pct"": -17.124365674934182}",cooldown,
2022-04-11,KGS,reversal,"reversal(max_days_since_min=10,rearm=5,rise_bps=50,window=120)",WINDOW_CLOSING,up,1.0,slow,2,0.918935,"{""window"": 120, ""rise_bps"": 50, ""max_days_since_min"": 10, ""rearm"": 5, ""_feasible"": null, ""_n_feasible"": 0, ""_fixed"": true}","{""rise_pct"": 13.76421534279, ""min_rate"": 0.807754, ""days_since_min"": 1.0, ""window"": 120.0}",storm,
2022-04-13,KGS,dip_vs_trend,"dip_vs_trend(pct=0.1,rearm=5,span=40,window=120)",BUY_NOW,down,0.16666666666666674,medium,2,0.956224,"{""span"": 40, ""window"": 120, ""pct"": 0.1, ""rearm"": 5, ""_feasible"": null, ""_n_feasible"": 0, ""_fixed"": true}","{""dev_pct"": -3.8467861831239403, ""pct_rank"": 0.08333333333333333, ""window"": 120.0, ""span"": 40.0}",storm,
2022-04-18,KGS,reversal,"reversal(max_days_since_min=10,rearm=5,rise_bps=50,window=120)",WINDOW_CLOSING,up,1.0,slow,2,0.987637,"{""window"": 120, ""rise_bps"": 50, ""max_days_since_min"": 10, ""rearm"": 5, ""_feasible"": null, ""_n_feasible"": 0, ""_fixed"": true}","{""rise_pct"": 22.269527603701135, ""min_rate"": 0.807754, ""days_since_min"": 6.0, ""window"": 120.0}",storm,
2022-04-20,KGS,dip_vs_trend,"dip_vs_trend(pct=0.1,rearm=5,span=40,window=120)",BUY_NOW,down,0.33333333333333337,medium,2,0.933663,"{""span"": 40, ""window"": 120, ""pct"": 0.1, ""rearm"": 5, ""_feasible"": null, ""_n_feasible"": 0, ""_fixed"": true}","{""dev_pct"": -7.061431175301902, ""pct_rank"": 0.06666666666666667, ""window"": 120.0, ""span"": 40.0}",storm,
2022-04-22,KGS,momentum,"momentum(n=4,rearm=3)",BUY_NOW,down,0.5,fast,2,0.908983,"{""n"": 4, ""rearm"": 3, ""_feasible"": null, ""_n_feasible"": 0, ""_fixed"": true}","{""streak"": 4.0, ""drop_pct"": -7.96385716614505}",storm,
2022-04-25,KGS,seasonality,"seasonality(from_day=24,min_share=0.7,min_years=4,rearm=20)",BUY_NOW,down,0.8571428571428571,slow,2,0.882912,"{""min_share"": 0.7, ""min_years"": 4, ""from_day"": 24, ""rearm"": 20, ""_feasible"": null, ""_n_feasible"": 0, ""_fixed"": true}","{""k_years"": 6.0, ""n_years"": 7.0, ""target_month"": 5.0}",storm,
2022-04-26,KGS,ml_localmin,"ml_localmin(fp_cost=3.0,gate_pct=0.2,gate_window=120,h=10,min_pos_rate=0.25,rearm=5,seed=0,tol_bps=10.0)",BUY_NOW,down,0.023958569721456106,medium,2,0.863552,"{""threshold"": 0.0001, ""_fitted"": true}","{""proba"": 0.023958569721456106, ""pct_rank"": 0.175, ""window"": 120.0}",sent,BUY_NOW
2022-04-27,KGS,dip_vs_trend,"dip_vs_trend(pct=0.1,rearm=5,span=40,window=120)",BUY_NOW,down,0.6666666666666667,medium,2,0.866234,"{""span"": 40, ""window"": 120, ""pct"": 0.1, ""rearm"": 5, ""_feasible"": null, ""_n_feasible"": 0, ""_fixed"": true}","{""dev_pct"": -12.282808284979774, ""pct_rank"": 0.03333333333333333, ""window"": 120.0, ""span"": 40.0}",cooldown,
2022-05-04,KGS,level,"level(pct=0.1,rearm=5,stall_days=0,window=120)",BUY_NOW,down,0.2500000000000001,medium,2,0.846537,"{""window"": 120, ""pct"": 0.1, ""stall_days"": 0, ""rearm"": 5, ""_feasible"": null, ""_n_feasible"": 0, ""_fixed"": true}","{""pct_rank"": 0.075, ""window"": 120.0, ""days_since_min"": 16.0}",sent,BUY_NOW
2022-05-05,KGS,ml_localmin,"ml_localmin(fp_cost=3.0,gate_pct=0.2,gate_window=120,h=10,min_pos_rate=0.25,rearm=5,seed=0,tol_bps=10.0)",BUY_NOW,down,0.10631121472848334,medium,2,0.807778,"{""threshold"": 0.0001, ""_fitted"": true}","{""proba"": 0.10631121472848334, ""pct_rank"": 0.016666666666666666, ""window"": 120.0}",cooldown,
2022-05-06,KGS,dip_vs_trend,"dip_vs_trend(pct=0.1,rearm=5,span=40,window=120)",BUY_NOW,down,0.6666666666666667,medium,2,0.82176,"{""span"": 40, ""window"": 120, ""pct"": 0.1, ""rearm"": 5, ""_feasible"": null, ""_n_feasible"": 0, ""_fixed"": true}","{""dev_pct"": -13.715245083784444, ""pct_rank"": 0.03333333333333333, ""window"": 120.0, ""span"": 40.0}",cooldown,
2022-05-13,KGS,level,"level(pct=0.1,rearm=5,stall_days=0,window=120)",BUY_NOW,down,0.9166666666666666,medium,2,0.768094,"{""window"": 120, ""pct"": 0.1, ""stall_days"": 0, ""rearm"": 5, ""_feasible"": null, ""_n_feasible"": 0, ""_fixed"": true}","{""pct_rank"": 0.008333333333333333, ""window"": 120.0, ""days_since_min"": 0.0}",sent,BUY_NOW
2022-05-16,KGS,ml_localmin,"ml_localmin(fp_cost=3.0,gate_pct=0.2,gate_window=120,h=10,min_pos_rate=0.25,rearm=5,seed=0,tol_bps=10.0)",BUY_NOW,down,0.005567140609207225,medium,2,0.770114,"{""threshold"": 0.0001, ""_fitted"": true}","{""proba"": 0.005567140609207225, ""pct_rank"": 0.016666666666666666, ""window"": 120.0}",cooldown,
2022-05-17,KGS,dip_vs_trend,"dip_vs_trend(pct=0.1,rearm=5,span=40,window=120)",BUY_NOW,down,0.5,medium,2,0.772269,"{""span"": 40, ""window"": 120, ""pct"": 0.1, ""rearm"": 5, ""_feasible"": null, ""_n_feasible"": 0, ""_fixed"": true}","{""dev_pct"": -15.092534079723697, ""pct_rank"": 0.05, ""window"": 120.0, ""span"": 40.0}",thinned,
2022-05-17,KGS,reversal,"reversal(max_days_since_min=10,rearm=5,rise_bps=50,window=120)",WINDOW_CLOSING,up,0.5435532630120754,slow,2,0.772269,"{""window"": 120, ""rise_bps"": 50, ""max_days_since_min"": 10, ""rearm"": 5, ""_feasible"": null, ""_n_feasible"": 0, ""_fixed"": true}","{""rise_pct"": 0.5435532630120754, ""min_rate"": 0.768094, ""days_since_min"": 2.0, ""window"": 120.0}",cooldown,
2022-05-20,KGS,level,"level(pct=0.1,rearm=5,stall_days=0,window=120)",BUY_NOW,down,0.9166666666666666,medium,2,0.737279,"{""window"": 120, ""pct"": 0.1, ""stall_days"": 0, ""rearm"": 5, ""_feasible"": null, ""_n_feasible"": 0, ""_fixed"": true}","{""pct_rank"": 0.008333333333333333, ""window"": 120.0, ""days_since_min"": 0.0}",sent,BUY_NOW
2022-05-23,KGS,ml_localmin,"ml_localmin(fp_cost=3.0,gate_pct=0.2,gate_window=120,h=10,min_pos_rate=0.25,rearm=5,seed=0,tol_bps=10.0)",BUY_NOW,down,0.029094075796102875,medium,2,0.732185,"{""threshold"": 0.0001, ""_fitted"": true}","{""proba"": 0.029094075796102875, ""pct_rank"": 0.008333333333333333, ""window"": 120.0}",cooldown,
2022-05-24,KGS,dip_vs_trend,"dip_vs_trend(pct=0.1,rearm=5,span=40,window=120)",BUY_NOW,down,0.8333333333333334,medium,2,0.716591,"{""span"": 40, ""window"": 120, ""pct"": 0.1, ""rearm"": 5, ""_feasible"": null, ""_n_feasible"": 0, ""_fixed"": true}","{""dev_pct"": -18.252458367736267, ""pct_rank"": 0.016666666666666666, ""window"": 120.0, ""span"": 40.0}",thinned,
2022-05-24,KGS,momentum,"momentum(n=4,rearm=3)",BUY_NOW,down,0.5,fast,2,0.716591,"{""n"": 4, ""rearm"": 3, ""_feasible"": null, ""_n_feasible"": 0, ""_fixed"": true}","{""streak"": 4.0, ""drop_pct"": -9.499284547875941}",cooldown,
2022-05-26,KGS,reversal,"reversal(max_days_since_min=10,rearm=5,rise_bps=50,window=120)",WINDOW_CLOSING,up,1.0,slow,2,0.780497,"{""window"": 120, ""rise_bps"": 50, ""max_days_since_min"": 10, ""rearm"": 5, ""_feasible"": null, ""_n_feasible"": 0, ""_fixed"": true}","{""rise_pct"": 10.213070007102809, ""min_rate"": 0.708171, ""days_since_min"": 1.0, ""window"": 120.0}",sent,WINDOW_CLOSING
2022-05-30,KGS,level,"level(pct=0.1,rearm=5,stall_days=0,window=120)",BUY_NOW,down,0.5833333333333334,medium,2,0.764188,"{""window"": 120, ""pct"": 0.1, ""stall_days"": 0, ""rearm"": 5, ""_feasible"": null, ""_n_feasible"": 0, ""_fixed"": true}","{""pct_rank"": 0.041666666666666664, ""window"": 120.0, ""days_since_min"": 3.0}",cooldown,
2022-05-30,KGS,ml_localmin,"ml_localmin(fp_cost=3.0,gate_pct=0.2,gate_window=120,h=10,min_pos_rate=0.25,rearm=5,seed=0,tol_bps=10.0)",BUY_NOW,down,0.006944505733358091,medium,2,0.764188,"{""threshold"": 0.0001, ""_fitted"": true}","{""proba"": 0.006944505733358091, ""pct_rank"": 0.041666666666666664, ""window"": 120.0}",thinned,
2022-06-02,KGS,reversal,"reversal(max_days_since_min=10,rearm=5,rise_bps=50,window=120)",WINDOW_CLOSING,up,1.0,slow,2,0.774528,"{""window"": 120, ""rise_bps"": 50, ""max_days_since_min"": 10, ""rearm"": 5, ""_feasible"": null, ""_n_feasible"": 0, ""_fixed"": true}","{""rise_pct"": 9.370194486924778, ""min_rate"": 0.708171, ""days_since_min"": 6.0, ""window"": 120.0}",sent,WINDOW_CLOSING
2022-06-06,KGS,level,"level(pct=0.1,rearm=5,stall_days=0,window=120)",BUY_NOW,down,0.33333333333333337,medium,2,0.768672,"{""window"": 120, ""pct"": 0.1, ""stall_days"": 0, ""rearm"": 5, ""_feasible"": null, ""_n_feasible"": 0, ""_fixed"": true}","{""pct_rank"": 0.06666666666666667, ""window"": 120.0, ""days_since_min"": 8.0}",cooldown,
2022-06-06,KGS,ml_localmin,"ml_localmin(fp_cost=3.0,gate_pct=0.2,gate_window=120,h=10,min_pos_rate=0.25,rearm=5,seed=0,tol_bps=10.0)",BUY_NOW,down,0.004306479710896492,medium,2,0.768672,"{""threshold"": 0.0001, ""_fitted"": true}","{""proba"": 0.004306479710896492, ""pct_rank"": 0.06666666666666667, ""window"": 120.0}",thinned,
2022-06-09,KGS,momentum,"momentum(n=4,rearm=3)",BUY_NOW,down,0.5,fast,2,0.73437,"{""n"": 4, ""rearm"": 3, ""_feasible"": null, ""_n_feasible"": 0, ""_fixed"": true}","{""streak"": 4.0, ""drop_pct"": -5.782960952985794}",sent,BUY_NOW
2022-06-14,KGS,level,"level(pct=0.1,rearm=5,stall_days=0,window=120)",BUY_NOW,down,0.75,medium,2,0.718137,"{""window"": 120, ""pct"": 0.1, ""stall_days"": 0, ""rearm"": 5, ""_feasible"": null, ""_n_feasible"": 0, ""_fixed"": true}","{""pct_rank"": 0.025, ""window"": 120.0, ""days_since_min"": 13.0}",cooldown,
2022-06-14,KGS,ml_localmin,"ml_localmin(fp_cost=3.0,gate_pct=0.2,gate_window=120,h=10,min_pos_rate=0.25,rearm=5,seed=0,tol_bps=10.0)",BUY_NOW,down,0.01705782257496522,medium,2,0.718137,"{""threshold"": 0.0001, ""_fitted"": true}","{""proba"": 0.01705782257496522, ""pct_rank"": 0.025, ""window"": 120.0}",thinned,
2022-06-15,KGS,momentum,"momentum(n=4,rearm=3)",BUY_NOW,down,0.875,fast,2,0.712726,"{""n"": 4, ""rearm"": 3, ""_feasible"": null, ""_n_feasible"": 0, ""_fixed"": true}","{""streak"": 7.0, ""drop_pct"": -8.559808581747275}",cooldown,
2022-06-21,KGS,level,"level(pct=0.1,rearm=5,stall_days=0,window=120)",BUY_NOW,down,0.9166666666666666,medium,2,0.688109,"{""window"": 120, ""pct"": 0.1, ""stall_days"": 0, ""rearm"": 5, ""_feasible"": null, ""_n_feasible"": 0, ""_fixed"": true}","{""pct_rank"": 0.008333333333333333, ""window"": 120.0, ""days_since_min"": 0.0}",sent,BUY_NOW
2022-06-21,KGS,ml_localmin,"ml_localmin(fp_cost=3.0,gate_pct=0.2,gate_window=120,h=10,min_pos_rate=0.25,rearm=5,seed=0,tol_bps=10.0)",BUY_NOW,down,0.03464761766885925,medium,2,0.688109,"{""threshold"": 0.0001, ""_fitted"": true}","{""proba"": 0.03464761766885925, ""pct_rank"": 0.008333333333333333, ""window"": 120.0}",thinned,
2022-06-22,KGS,dip_vs_trend,"dip_vs_trend(pct=0.1,rearm=5,span=40,window=120)",BUY_NOW,down,0.0,medium,2,0.670174,"{""span"": 40, ""window"": 120, ""pct"": 0.1, ""rearm"": 5, ""_feasible"": null, ""_n_feasible"": 0, ""_fixed"": true}","{""dev_pct"": -14.089585400149485, ""pct_rank"": 0.1, ""window"": 120.0, ""span"": 40.0}",thinned,
2022-06-22,KGS,momentum,"momentum(n=4,rearm=3)",BUY_NOW,down,0.5,fast,2,0.670174,"{""n"": 4, ""rearm"": 3, ""_feasible"": null, ""_n_feasible"": 0, ""_fixed"": true}","{""streak"": 4.0, ""drop_pct"": -6.312087076381956}",cooldown,
2022-06-28,KGS,level,"level(pct=0.1,rearm=5,stall_days=0,window=120)",BUY_NOW,down,0.9166666666666666,medium,2,0.666288,"{""window"": 120, ""pct"": 0.1, ""stall_days"": 0, ""rearm"": 5, ""_feasible"": null, ""_n_feasible"": 0, ""_fixed"": true}","{""pct_rank"": 0.008333333333333333, ""window"": 120.0, ""days_since_min"": 0.0}",sent,BUY_NOW
2022-06-28,KGS,ml_localmin,"ml_localmin(fp_cost=3.0,gate_pct=0.2,gate_window=120,h=10,min_pos_rate=0.25,rearm=5,seed=0,tol_bps=10.0)",BUY_NOW,down,0.033570367586460925,medium,2,0.666288,"{""threshold"": 0.0001, ""_fitted"": true}","{""proba"": 0.033570367586460925, ""pct_rank"": 0.008333333333333333, ""window"": 120.0}",thinned,
2022-06-29,KGS,dip_vs_trend,"dip_vs_trend(pct=0.1,rearm=5,span=40,window=120)",BUY_NOW,down,0.0,medium,2,0.643497,"{""span"": 40, ""window"": 120, ""pct"": 0.1, ""rearm"": 5, ""_feasible"": null, ""_n_feasible"": 0, ""_fixed"": true}","{""dev_pct"": -14.403975877371666, ""pct_rank"": 0.1, ""window"": 120.0, ""span"": 40.0}",cooldown,
2022-06-30,KGS,reversal,"reversal(max_days_since_min=10,rearm=5,rise_bps=50,window=120)",WINDOW_CLOSING,up,1.0,slow,2,0.660532,"{""window"": 120, ""rise_bps"": 50, ""max_days_since_min"": 10, ""rearm"": 5, ""_feasible"": null, ""_n_feasible"": 0, ""_fixed"": true}","{""rise_pct"": 2.6472539887520963, ""min_rate"": 0.643497, ""days_since_min"": 1.0, ""window"": 120.0}",cooldown,
2022-07-07,KGS,reversal,"reversal(max_days_since_min=10,rearm=5,rise_bps=50,window=120)",WINDOW_CLOSING,up,1.0,slow,3,0.766527,"{""window"": 120, ""rise_bps"": 50, ""max_days_since_min"": 10, ""rearm"": 5, ""_feasible"": null, ""_n_feasible"": 0, ""_fixed"": true}","{""rise_pct"": 19.118970251609557, ""min_rate"": 0.643497, ""days_since_min"": 6.0, ""window"": 120.0}",sent,WINDOW_CLOSING
2022-07-18,KGS,level,"level(pct=0.1,rearm=5,stall_days=0,window=120)",BUY_NOW,down,0.08333333333333348,medium,3,0.706304,"{""window"": 120, ""pct"": 0.1, ""stall_days"": 0, ""rearm"": 5, ""_feasible"": null, ""_n_feasible"": 0, ""_fixed"": true}","{""pct_rank"": 0.09166666666666666, ""window"": 120.0, ""days_since_min"": 13.0}",sent,BUY_NOW
2022-07-19,KGS,momentum,"momentum(n=4,rearm=3)",BUY_NOW,down,0.5,fast,3,0.696319,"{""n"": 4, ""rearm"": 3, ""_feasible"": null, ""_n_feasible"": 0, ""_fixed"": true}","{""streak"": 4.0, ""drop_pct"": -3.6735309334683497}",cooldown,
2022-09-23,KGS,ml_localmin,"ml_localmin(fp_cost=3.0,gate_pct=0.2,gate_window=120,h=10,min_pos_rate=0.25,rearm=5,seed=0,tol_bps=10.0)",BUY_NOW,down,0.09699565620860678,medium,3,0.712317,"{""threshold"": 0.0815, ""_fitted"": true}","{""proba"": 0.09699565620860678, ""pct_rank"": 0.14166666666666666, ""window"": 120.0}",sent,BUY_NOW
2022-09-30,KGS,level,"level(pct=0.1,rearm=5,stall_days=0,window=120)",BUY_NOW,down,0.08333333333333348,medium,3,0.689707,"{""window"": 120, ""pct"": 0.1, ""stall_days"": 0, ""rearm"": 5, ""_feasible"": null, ""_n_feasible"": 0, ""_fixed"": true}","{""pct_rank"": 0.09166666666666666, ""window"": 120.0, ""days_since_min"": 67.0}",sent,BUY_NOW
2022-09-30,KGS,ml_localmin,"ml_localmin(fp_cost=3.0,gate_pct=0.2,gate_window=120,h=10,min_pos_rate=0.25,rearm=5,seed=0,tol_bps=10.0)",BUY_NOW,down,0.3138112112889616,medium,3,0.689707,"{""threshold"": 0.0815, ""_fitted"": true}","{""proba"": 0.3138112112889616, ""pct_rank"": 0.09166666666666666, ""window"": 120.0}",thinned,
2022-10-17,KGS,momentum,"momentum(n=4,rearm=3)",BUY_NOW,down,0.5,fast,3,0.746677,"{""n"": 4, ""rearm"": 3, ""_feasible"": null, ""_n_feasible"": 0, ""_fixed"": true}","{""streak"": 4.0, ""drop_pct"": -3.4473974476845193}",sent,BUY_NOW
2022-10-24,KGS,momentum,"momentum(n=4,rearm=3)",BUY_NOW,down,0.5,fast,3,0.740195,"{""n"": 4, ""rearm"": 3, ""_feasible"": null, ""_n_feasible"": 0, ""_fixed"": true}","{""streak"": 4.0, ""drop_pct"": -1.4634152835242165}",sent,BUY_NOW
2022-10-24,KGS,seasonality,"seasonality(from_day=24,min_share=0.7,min_years=4,rearm=20)",BUY_NOW,down,0.7142857142857143,slow,3,0.740195,"{""min_share"": 0.7, ""min_years"": 4, ""from_day"": 24, ""rearm"": 20, ""_feasible"": null, ""_n_feasible"": 0, ""_fixed"": true}","{""k_years"": 5.0, ""n_years"": 7.0, ""target_month"": 11.0}",thinned,
2022-11-01,KGS,momentum,"momentum(n=4,rearm=3)",BUY_NOW,down,0.5,fast,3,0.735697,"{""n"": 4, ""rearm"": 3, ""_feasible"": null, ""_n_feasible"": 0, ""_fixed"": true}","{""streak"": 4.0, ""drop_pct"": -0.9301054128445285}",sent,BUY_NOW
2022-11-11,KGS,ml_localmin,"ml_localmin(fp_cost=3.0,gate_pct=0.2,gate_window=120,h=10,min_pos_rate=0.25,rearm=5,seed=0,tol_bps=10.0)",BUY_NOW,down,0.31782383605583364,medium,3,0.714323,"{""threshold"": 0.0815, ""_fitted"": true}","{""proba"": 0.31782383605583364, ""pct_rank"": 0.18333333333333332, ""window"": 120.0}",sent,BUY_NOW
2023-01-11,KGS,momentum,"momentum(n=4,rearm=3)",BUY_NOW,down,0.5,fast,4,0.805558,"{""n"": 4, ""rearm"": 3, ""_feasible"": null, ""_n_feasible"": 0, ""_fixed"": true}","{""streak"": 4.0, ""drop_pct"": -4.109028100995504}",sent,BUY_NOW
2023-04-24,KGS,seasonality,"seasonality(from_day=24,min_share=0.7,min_years=4,rearm=20)",BUY_NOW,down,0.75,slow,4,0.928639,"{""min_share"": 0.7, ""min_years"": 4, ""from_day"": 24, ""rearm"": 20, ""_feasible"": null, ""_n_feasible"": 0, ""_fixed"": true}","{""k_years"": 6.0, ""n_years"": 8.0, ""target_month"": 5.0}",sent,BUY_NOW
2023-05-03,KGS,momentum,"momentum(n=4,rearm=3)",BUY_NOW,down,0.5,fast,4,0.90616,"{""n"": 4, ""rearm"": 3, ""_feasible"": null, ""_n_feasible"": 0, ""_fixed"": true}","{""streak"": 4.0, ""drop_pct"": -2.842481432359323}",sent,BUY_NOW
2023-05-05,KGS,dip_vs_trend,"dip_vs_trend(pct=0.1,rearm=5,span=40,window=120)",BUY_NOW,down,0.5,medium,4,0.879902,"{""span"": 40, ""window"": 120, ""pct"": 0.1, ""rearm"": 5, ""_feasible"": null, ""_n_feasible"": 0, ""_fixed"": true}","{""dev_pct"": -2.6592472951744717, ""pct_rank"": 0.05, ""window"": 120.0, ""span"": 40.0}",cooldown,
2023-05-10,KGS,momentum,"momentum(n=4,rearm=3)",BUY_NOW,down,0.875,fast,4,0.878498,"{""n"": 4, ""rearm"": 3, ""_feasible"": null, ""_n_feasible"": 0, ""_fixed"": true}","{""streak"": 7.0, ""drop_pct"": -5.808371869608897}",cooldown,
2023-05-26,KGS,dip_vs_trend,"dip_vs_trend(pct=0.1,rearm=5,span=40,window=120)",BUY_NOW,down,0.0,medium,4,0.912966,"{""span"": 40, ""window"": 120, ""pct"": 0.1, ""rearm"": 5, ""_feasible"": null, ""_n_feasible"": 0, ""_fixed"": true}","{""dev_pct"": -0.1621004664205561, ""pct_rank"": 0.1, ""window"": 120.0, ""span"": 40.0}",sent,BUY_NOW
2023-07-12,KGS,momentum,"momentum(n=4,rearm=3)",BUY_NOW,down,0.5,fast,5,1.03142,"{""n"": 4, ""rearm"": 3, ""_feasible"": null, ""_n_feasible"": 0, ""_fixed"": true}","{""streak"": 4.0, ""drop_pct"": -2.40620712494678}",sent,BUY_NOW
2023-08-18,KGS,momentum,"momentum(n=4,rearm=3)",BUY_NOW,down,0.5,fast,5,1.05817,"{""n"": 4, ""rearm"": 3, ""_feasible"": null, ""_n_feasible"": 0, ""_fixed"": true}","{""streak"": 4.0, ""drop_pct"": -7.556763084557128}",sent,BUY_NOW
2023-09-12,KGS,dip_vs_trend,"dip_vs_trend(pct=0.1,rearm=5,span=40,window=120)",BUY_NOW,down,0.5,medium,5,1.07143,"{""span"": 40, ""window"": 120, ""pct"": 0.1, ""rearm"": 5, ""_feasible"": null, ""_n_feasible"": 0, ""_fixed"": true}","{""dev_pct"": -0.3515360607546425, ""pct_rank"": 0.05, ""window"": 120.0, ""span"": 40.0}",sent,BUY_NOW
2023-09-21,KGS,dip_vs_trend,"dip_vs_trend(pct=0.1,rearm=5,span=40,window=120)",BUY_NOW,down,0.41666666666666674,medium,5,1.08304,"{""span"": 40, ""window"": 120, ""pct"": 0.1, ""rearm"": 5, ""_feasible"": null, ""_n_feasible"": 0, ""_fixed"": true}","{""dev_pct"": -0.18834951679997936, ""pct_rank"": 0.058333333333333334, ""window"": 120.0, ""span"": 40.0}",sent,BUY_NOW
2023-10-12,KGS,dip_vs_trend,"dip_vs_trend(pct=0.1,rearm=5,span=40,window=120)",BUY_NOW,down,0.5833333333333334,medium,5,1.08775,"{""span"": 40, ""window"": 120, ""pct"": 0.1, ""rearm"": 5, ""_feasible"": null, ""_n_feasible"": 0, ""_fixed"": true}","{""dev_pct"": -0.5503444738585328, ""pct_rank"": 0.041666666666666664, ""window"": 120.0, ""span"": 40.0}",sent,BUY_NOW
2023-10-19,KGS,dip_vs_trend,"dip_vs_trend(pct=0.1,rearm=5,span=40,window=120)",BUY_NOW,down,0.5833333333333334,medium,5,1.08942,"{""span"": 40, ""window"": 120, ""pct"": 0.1, ""rearm"": 5, ""_feasible"": null, ""_n_feasible"": 0, ""_fixed"": true}","{""dev_pct"": -0.665711698782101, ""pct_rank"": 0.041666666666666664, ""window"": 120.0, ""span"": 40.0}",sent,BUY_NOW
2023-10-24,KGS,momentum,"momentum(n=4,rearm=3)",BUY_NOW,down,0.5,fast,5,1.04705,"{""n"": 4, ""rearm"": 3, ""_feasible"": null, ""_n_feasible"": 0, ""_fixed"": true}","{""streak"": 4.0, ""drop_pct"": -3.9535843691235084}",cooldown,
2023-10-26,KGS,dip_vs_trend,"dip_vs_trend(pct=0.1,rearm=5,span=40,window=120)",BUY_NOW,down,0.75,medium,5,1.04749,"{""span"": 40, ""window"": 120, ""pct"": 0.1, ""rearm"": 5, ""_feasible"": null, ""_n_feasible"": 0, ""_fixed"": true}","{""dev_pct"": -4.167780717321312, ""pct_rank"": 0.025, ""window"": 120.0, ""span"": 40.0}",sent,BUY_NOW
2023-11-02,KGS,dip_vs_trend,"dip_vs_trend(pct=0.1,rearm=5,span=40,window=120)",BUY_NOW,down,0.33333333333333337,medium,5,1.04314,"{""span"": 40, ""window"": 120, ""pct"": 0.1, ""rearm"": 5, ""_feasible"": null, ""_n_feasible"": 0, ""_fixed"": true}","{""dev_pct"": -3.894093159085299, ""pct_rank"": 0.06666666666666667, ""window"": 120.0, ""span"": 40.0}",sent,BUY_NOW
2023-11-08,KGS,momentum,"momentum(n=4,rearm=3)",BUY_NOW,down,0.5,fast,5,1.03221,"{""n"": 4, ""rearm"": 3, ""_feasible"": null, ""_n_feasible"": 0, ""_fixed"": true}","{""streak"": 4.0, ""drop_pct"": -1.1614991286362675}",cooldown,
2023-11-10,KGS,dip_vs_trend,"dip_vs_trend(pct=0.1,rearm=5,span=40,window=120)",BUY_NOW,down,0.5833333333333334,medium,5,1.0306,"{""span"": 40, ""window"": 120, ""pct"": 0.1, ""rearm"": 5, ""_feasible"": null, ""_n_feasible"": 0, ""_fixed"": true}","{""dev_pct"": -4.44779918647119, ""pct_rank"": 0.041666666666666664, ""window"": 120.0, ""span"": 40.0}",sent,BUY_NOW
2023-11-15,KGS,ml_localmin,"ml_localmin(fp_cost=3.0,gate_pct=0.2,gate_window=120,h=10,min_pos_rate=0.25,rearm=5,seed=0,tol_bps=10.0)",BUY_NOW,down,0.07899595573613427,medium,5,1.00165,"{""threshold"": 0.0764, ""_fitted"": true}","{""proba"": 0.07899595573613427, ""pct_rank"": 0.19166666666666668, ""window"": 120.0}",cooldown,
2023-11-17,KGS,dip_vs_trend,"dip_vs_trend(pct=0.1,rearm=5,span=40,window=120)",BUY_NOW,down,0.75,medium,5,0.999976,"{""span"": 40, ""window"": 120, ""pct"": 0.1, ""rearm"": 5, ""_feasible"": null, ""_n_feasible"": 0, ""_fixed"": true}","{""dev_pct"": -6.453009879992, ""pct_rank"": 0.025, ""window"": 120.0, ""span"": 40.0}",sent,BUY_NOW
2023-11-23,KGS,ml_localmin,"ml_localmin(fp_cost=3.0,gate_pct=0.2,gate_window=120,h=10,min_pos_rate=0.25,rearm=5,seed=0,tol_bps=10.0)",BUY_NOW,down,0.1724622550627248,medium,5,0.992152,"{""threshold"": 0.0764, ""_fitted"": true}","{""proba"": 0.1724622550627248, ""pct_rank"": 0.15, ""window"": 120.0}",sent,BUY_NOW
2023-11-24,KGS,dip_vs_trend,"dip_vs_trend(pct=0.1,rearm=5,span=40,window=120)",BUY_NOW,down,0.2500000000000001,medium,5,1.0021,"{""span"": 40, ""window"": 120, ""pct"": 0.1, ""rearm"": 5, ""_feasible"": null, ""_n_feasible"": 0, ""_fixed"": true}","{""dev_pct"": -5.219642082374875, ""pct_rank"": 0.075, ""window"": 120.0, ""span"": 40.0}",cooldown,
2023-12-12,KGS,momentum,"momentum(n=4,rearm=3)",BUY_NOW,down,0.5,fast,5,1.01003,"{""n"": 4, ""rearm"": 3, ""_feasible"": null, ""_n_feasible"": 0, ""_fixed"": true}","{""streak"": 4.0, ""drop_pct"": -2.766733733165183}",sent,BUY_NOW
2023-12-29,KGS,momentum,"momentum(n=4,rearm=3)",BUY_NOW,down,0.5,fast,5,1.00677,"{""n"": 4, ""rearm"": 3, ""_feasible"": null, ""_n_feasible"": 0, ""_fixed"": true}","{""streak"": 4.0, ""drop_pct"": -2.393694374963651}",sent,BUY_NOW
2024-01-10,KGS,level,"level(pct=0.1,rearm=5,stall_days=0,window=120)",BUY_NOW,down,0.08333333333333348,medium,6,1.00086,"{""window"": 120, ""pct"": 0.1, ""stall_days"": 0, ""rearm"": 5, ""_feasible"": null, ""_n_feasible"": 0, ""_fixed"": true}","{""pct_rank"": 0.09166666666666666, ""window"": 120.0, ""days_since_min"": 30.0}",cooldown,
2024-01-12,KGS,ml_localmin,"ml_localmin(fp_cost=3.0,gate_pct=0.2,gate_window=120,h=10,min_pos_rate=0.25,rearm=5,seed=0,tol_bps=10.0)",BUY_NOW,down,0.2455123583835751,medium,6,0.986704,"{""threshold"": 0.003, ""_fitted"": true}","{""proba"": 0.2455123583835751, ""pct_rank"": 0.008333333333333333, ""window"": 120.0}",sent,BUY_NOW
2024-01-15,KGS,momentum,"momentum(n=4,rearm=3)",BUY_NOW,down,0.5,fast,6,0.981608,"{""n"": 4, ""rearm"": 3, ""_feasible"": null, ""_n_feasible"": 0, ""_fixed"": true}","{""streak"": 4.0, ""drop_pct"": -3.0577639076804553}",cooldown,
2024-01-17,KGS,level,"level(pct=0.1,rearm=5,stall_days=0,window=120)",BUY_NOW,down,0.5833333333333334,medium,6,0.989479,"{""window"": 120, ""pct"": 0.1, ""stall_days"": 0, ""rearm"": 5, ""_feasible"": null, ""_n_feasible"": 0, ""_fixed"": true}","{""pct_rank"": 0.041666666666666664, ""window"": 120.0, ""days_since_min"": 1.0}",thinned,
2024-01-17,KGS,reversal,"reversal(max_days_since_min=10,rearm=5,rise_bps=50,window=120)",WINDOW_CLOSING,up,0.8339999694281452,slow,6,0.989479,"{""window"": 120, ""rise_bps"": 50, ""max_days_since_min"": 10, ""rearm"": 5, ""_feasible"": null, ""_n_feasible"": 0, ""_fixed"": true}","{""rise_pct"": 0.8339999694281452, ""min_rate"": 0.981295, ""days_since_min"": 1.0, ""window"": 120.0}",cooldown,
2024-01-19,KGS,ml_localmin,"ml_localmin(fp_cost=3.0,gate_pct=0.2,gate_window=120,h=10,min_pos_rate=0.25,rearm=5,seed=0,tol_bps=10.0)",BUY_NOW,down,0.006541259796836464,medium,6,0.99185,"{""threshold"": 0.003, ""_fitted"": true}","{""proba"": 0.006541259796836464, ""pct_rank"": 0.058333333333333334, ""window"": 120.0}",sent,BUY_NOW
2024-01-24,KGS,level,"level(pct=0.1,rearm=5,stall_days=0,window=120)",BUY_NOW,down,0.41666666666666674,medium,6,0.988444,"{""window"": 120, ""pct"": 0.1, ""stall_days"": 0, ""rearm"": 5, ""_feasible"": null, ""_n_feasible"": 0, ""_fixed"": true}","{""pct_rank"": 0.058333333333333334, ""window"": 120.0, ""days_since_min"": 6.0}",thinned,
2024-01-24,KGS,reversal,"reversal(max_days_since_min=10,rearm=5,rise_bps=50,window=120)",WINDOW_CLOSING,up,0.7285270993941717,slow,6,0.988444,"{""window"": 120, ""rise_bps"": 50, ""max_days_since_min"": 10, ""rearm"": 5, ""_feasible"": null, ""_n_feasible"": 0, ""_fixed"": true}","{""rise_pct"": 0.7285270993941717, ""min_rate"": 0.981295, ""days_since_min"": 6.0, ""window"": 120.0}",cooldown,
2024-02-29,KGS,momentum,"momentum(n=4,rearm=3)",BUY_NOW,down,0.5,fast,6,1.0159,"{""n"": 4, ""rearm"": 3, ""_feasible"": null, ""_n_feasible"": 0, ""_fixed"": true}","{""streak"": 4.0, ""drop_pct"": -2.048883960854264}",sent,BUY_NOW
2024-04-27,KGS,momentum,"momentum(n=4,rearm=3)",BUY_NOW,down,0.5,fast,6,1.03347,"{""n"": 4, ""rearm"": 3, ""_feasible"": null, ""_n_feasible"": 0, ""_fixed"": true}","{""streak"": 4.0, ""drop_pct"": -1.5733483176030072}",sent,BUY_NOW
2024-05-16,KGS,momentum,"momentum(n=4,rearm=3)",BUY_NOW,down,0.5,fast,6,1.03016,"{""n"": 4, ""rearm"": 3, ""_feasible"": null, ""_n_feasible"": 0, ""_fixed"": true}","{""streak"": 4.0, ""drop_pct"": -0.8393654705067033}",sent,BUY_NOW
2024-05-27,KGS,dip_vs_trend,"dip_vs_trend(pct=0.1,rearm=5,span=40,window=120)",BUY_NOW,down,0.33333333333333337,medium,6,1.00877,"{""span"": 40, ""window"": 120, ""pct"": 0.1, ""rearm"": 5, ""_feasible"": null, ""_n_feasible"": 0, ""_fixed"": true}","{""dev_pct"": -2.721712951087474, ""pct_rank"": 0.06666666666666667, ""window"": 120.0, ""span"": 40.0}",muted,
2024-05-28,KGS,ml_localmin,"ml_localmin(fp_cost=3.0,gate_pct=0.2,gate_window=120,h=10,min_pos_rate=0.25,rearm=5,seed=0,tol_bps=10.0)",BUY_NOW,down,0.1540820384333095,medium,6,1.00611,"{""threshold"": 0.003, ""_fitted"": true}","{""proba"": 0.1540820384333095, ""pct_rank"": 0.175, ""window"": 120.0}",sent,BUY_NOW
2024-06-04,KGS,dip_vs_trend,"dip_vs_trend(pct=0.1,rearm=5,span=40,window=120)",BUY_NOW,down,0.2500000000000001,medium,6,1.01381,"{""span"": 40, ""window"": 120, ""pct"": 0.1, ""rearm"": 5, ""_feasible"": null, ""_n_feasible"": 0, ""_fixed"": true}","{""dev_pct"": -2.0212389919343154, ""pct_rank"": 0.075, ""window"": 120.0, ""span"": 40.0}",muted,
2024-06-13,KGS,dip_vs_trend,"dip_vs_trend(pct=0.1,rearm=5,span=40,window=120)",BUY_NOW,down,0.08333333333333348,medium,6,1.01251,"{""span"": 40, ""window"": 120, ""pct"": 0.1, ""rearm"": 5, ""_feasible"": null, ""_n_feasible"": 0, ""_fixed"": true}","{""dev_pct"": -1.8249471253779848, ""pct_rank"": 0.09166666666666666, ""window"": 120.0, ""span"": 40.0}",muted,
2024-06-18,KGS,level,"level(pct=0.1,rearm=5,stall_days=0,window=120)",BUY_NOW,down,0.08333333333333348,medium,6,0.993537,"{""window"": 120, ""pct"": 0.1, ""stall_days"": 0, ""rearm"": 5, ""_feasible"": null, ""_n_feasible"": 0, ""_fixed"": true}","{""pct_rank"": 0.09166666666666666, ""window"": 120.0, ""days_since_min"": 103.0}",sent,BUY_NOW
2024-06-18,KGS,ml_localmin,"ml_localmin(fp_cost=3.0,gate_pct=0.2,gate_window=120,h=10,min_pos_rate=0.25,rearm=5,seed=0,tol_bps=10.0)",BUY_NOW,down,0.4996599113277186,medium,6,0.993537,"{""threshold"": 0.003, ""_fitted"": true}","{""proba"": 0.4996599113277186, ""pct_rank"": 0.09166666666666666, ""window"": 120.0}",thinned,
2024-06-20,KGS,dip_vs_trend,"dip_vs_trend(pct=0.1,rearm=5,span=40,window=120)",BUY_NOW,down,0.8333333333333334,medium,6,0.982976,"{""span"": 40, ""window"": 120, ""pct"": 0.1, ""rearm"": 5, ""_feasible"": null, ""_n_feasible"": 0, ""_fixed"": true}","{""dev_pct"": -3.941098331365833, ""pct_rank"": 0.016666666666666666, ""window"": 120.0, ""span"": 40.0}",muted,
2024-06-20,KGS,reversal,"reversal(max_days_since_min=10,rearm=5,rise_bps=50,window=120)",WINDOW_CLOSING,up,1.0,slow,6,0.982976,"{""window"": 120, ""rise_bps"": 50, ""max_days_since_min"": 10, ""rearm"": 5, ""_feasible"": null, ""_n_feasible"": 0, ""_fixed"": true}","{""rise_pct"": 3.8553132323140504, ""min_rate"": 0.946486, ""days_since_min"": 1.0, ""window"": 120.0}",storm,
2024-06-25,KGS,ml_localmin,"ml_localmin(fp_cost=3.0,gate_pct=0.2,gate_window=120,h=10,min_pos_rate=0.25,rearm=5,seed=0,tol_bps=10.0)",BUY_NOW,down,0.003668897528028782,medium,6,1.00797,"{""threshold"": 0.003, ""_fitted"": true}","{""proba"": 0.003668897528028782, ""pct_rank"": 0.19166666666666668, ""window"": 120.0}",storm,
2024-06-27,KGS,dip_vs_trend,"dip_vs_trend(pct=0.1,rearm=5,span=40,window=120)",BUY_NOW,down,0.75,medium,6,0.982811,"{""span"": 40, ""window"": 120, ""pct"": 0.1, ""rearm"": 5, ""_feasible"": null, ""_n_feasible"": 0, ""_fixed"": true}","{""dev_pct"": -3.4883920754919084, ""pct_rank"": 0.025, ""window"": 120.0, ""span"": 40.0}",muted,
2024-06-27,KGS,level,"level(pct=0.1,rearm=5,stall_days=0,window=120)",BUY_NOW,down,0.6666666666666667,medium,6,0.982811,"{""window"": 120, ""pct"": 0.1, ""stall_days"": 0, ""rearm"": 5, ""_feasible"": null, ""_n_feasible"": 0, ""_fixed"": true}","{""pct_rank"": 0.03333333333333333, ""window"": 120.0, ""days_since_min"": 6.0}",thinned,
2024-06-27,KGS,reversal,"reversal(max_days_since_min=10,rearm=5,rise_bps=50,window=120)",WINDOW_CLOSING,up,1.0,slow,6,0.982811,"{""window"": 120, ""rise_bps"": 50, ""max_days_since_min"": 10, ""rearm"": 5, ""_feasible"": null, ""_n_feasible"": 0, ""_fixed"": true}","{""rise_pct"": 3.837880327865384, ""min_rate"": 0.946486, ""days_since_min"": 6.0, ""window"": 120.0}",storm,
2024-07-25,KGS,ml_localmin,"ml_localmin(fp_cost=3.0,gate_pct=0.2,gate_window=120,h=10,min_pos_rate=0.25,rearm=5,seed=0,tol_bps=10.0)",BUY_NOW,down,0.0560089366840214,medium,7,1.01437,"{""threshold"": 0.0029, ""_fitted"": true}","{""proba"": 0.0560089366840214, ""pct_rank"": 0.175, ""window"": 120.0}",sent,BUY_NOW
2024-07-25,KGS,momentum,"momentum(n=4,rearm=3)",BUY_NOW,down,0.5,fast,7,1.01437,"{""n"": 4, ""rearm"": 3, ""_feasible"": null, ""_n_feasible"": 0, ""_fixed"": true}","{""streak"": 4.0, ""drop_pct"": -2.4559817676529594}",thinned,
2024-08-02,KGS,momentum,"momentum(n=4,rearm=3)",BUY_NOW,down,0.5,fast,7,1.0199,"{""n"": 4, ""rearm"": 3, ""_feasible"": null, ""_n_feasible"": 0, ""_fixed"": true}","{""streak"": 4.0, ""drop_pct"": -0.9853890587835479}",sent,BUY_NOW
2024-08-05,KGS,level,"level(pct=0.1,rearm=5,stall_days=0,window=120)",BUY_NOW,down,0.5,medium,7,1.00526,"{""window"": 120, ""pct"": 0.1, ""stall_days"": 0, ""rearm"": 5, ""_feasible"": null, ""_n_feasible"": 0, ""_fixed"": true}","{""pct_rank"": 0.05, ""window"": 120.0, ""days_since_min"": 33.0}",cooldown,
2024-08-05,KGS,ml_localmin,"ml_localmin(fp_cost=3.0,gate_pct=0.2,gate_window=120,h=10,min_pos_rate=0.25,rearm=5,seed=0,tol_bps=10.0)",BUY_NOW,down,0.31730997836969027,medium,7,1.00526,"{""threshold"": 0.0029, ""_fitted"": true}","{""proba"": 0.31730997836969027, ""pct_rank"": 0.05, ""window"": 120.0}",thinned,
2024-12-04,KGS,momentum,"momentum(n=4,rearm=3)",BUY_NOW,down,0.5,fast,7,1.20088,"{""n"": 4, ""rearm"": 3, ""_feasible"": null, ""_n_feasible"": 0, ""_fixed"": true}","{""streak"": 4.0, ""drop_pct"": -4.874764341502836}",sent,BUY_NOW
2024-12-06,KGS,dip_vs_trend,"dip_vs_trend(pct=0.1,rearm=5,span=40,window=120)",BUY_NOW,down,0.5,medium,7,1.14541,"{""span"": 40, ""window"": 120, ""pct"": 0.1, ""rearm"": 5, ""_feasible"": null, ""_n_feasible"": 0, ""_fixed"": true}","{""dev_pct"": -1.122697339598766, ""pct_rank"": 0.05, ""window"": 120.0, ""span"": 40.0}",muted,
2024-12-09,KGS,momentum,"momentum(n=4,rearm=3)",BUY_NOW,down,0.875,fast,7,1.14488,"{""n"": 4, ""rearm"": 3, ""_feasible"": null, ""_n_feasible"": 0, ""_fixed"": true}","{""streak"": 7.0, ""drop_pct"": -9.310688994154104}",cooldown,
2024-12-23,KGS,dip_vs_trend,"dip_vs_trend(pct=0.1,rearm=5,span=40,window=120)",BUY_NOW,down,0.41666666666666674,medium,7,1.16798,"{""span"": 40, ""window"": 120, ""pct"": 0.1, ""rearm"": 5, ""_feasible"": null, ""_n_feasible"": 0, ""_fixed"": true}","{""dev_pct"": -0.3017460297136454, ""pct_rank"": 0.058333333333333334, ""window"": 120.0, ""span"": 40.0}",muted,
2024-12-25,KGS,momentum,"momentum(n=4,rearm=3)",BUY_NOW,down,0.5,fast,7,1.14497,"{""n"": 4, ""rearm"": 3, ""_feasible"": null, ""_n_feasible"": 0, ""_fixed"": true}","{""streak"": 4.0, ""drop_pct"": -3.682049901576445}",sent,BUY_NOW
2024-12-28,KGS,dip_vs_trend,"dip_vs_trend(pct=0.1,rearm=5,span=40,window=120)",BUY_NOW,down,0.16666666666666674,medium,7,1.16874,"{""span"": 40, ""window"": 120, ""pct"": 0.1, ""rearm"": 5, ""_feasible"": null, ""_n_feasible"": 0, ""_fixed"": true}","{""dev_pct"": -0.4256281705656617, ""pct_rank"": 0.08333333333333333, ""window"": 120.0, ""span"": 40.0}",muted,
2025-01-16,KGS,dip_vs_trend,"dip_vs_trend(pct=0.1,rearm=5,span=40,window=120)",BUY_NOW,down,0.2500000000000001,medium,8,1.17069,"{""span"": 40, ""window"": 120, ""pct"": 0.1, ""rearm"": 5, ""_feasible"": null, ""_n_feasible"": 0, ""_fixed"": true}","{""dev_pct"": -0.7418775011870049, ""pct_rank"": 0.075, ""window"": 120.0, ""span"": 40.0}",muted,
2025-01-23,KGS,dip_vs_trend,"dip_vs_trend(pct=0.1,rearm=5,span=40,window=120)",BUY_NOW,down,0.8333333333333334,medium,8,1.13322,"{""span"": 40, ""window"": 120, ""pct"": 0.1, ""rearm"": 5, ""_feasible"": null, ""_n_feasible"": 0, ""_fixed"": true}","{""dev_pct"": -3.8809135053754273, ""pct_rank"": 0.016666666666666666, ""window"": 120.0, ""span"": 40.0}",muted,
2025-01-30,KGS,dip_vs_trend,"dip_vs_trend(pct=0.1,rearm=5,span=40,window=120)",BUY_NOW,down,0.5,medium,8,1.12071,"{""span"": 40, ""window"": 120, ""pct"": 0.1, ""rearm"": 5, ""_feasible"": null, ""_n_feasible"": 0, ""_fixed"": true}","{""dev_pct"": -4.295559864271192, ""pct_rank"": 0.05, ""window"": 120.0, ""span"": 40.0}",muted,
2025-02-06,KGS,dip_vs_trend,"dip_vs_trend(pct=0.1,rearm=5,span=40,window=120)",BUY_NOW,down,0.33333333333333337,medium,8,1.10818,"{""span"": 40, ""window"": 120, ""pct"": 0.1, ""rearm"": 5, ""_feasible"": null, ""_n_feasible"": 0, ""_fixed"": true}","{""dev_pct"": -4.161259676908136, ""pct_rank"": 0.06666666666666667, ""window"": 120.0, ""span"": 40.0}",muted,
2025-02-11,KGS,ml_localmin,"ml_localmin(fp_cost=3.0,gate_pct=0.2,gate_window=120,h=10,min_pos_rate=0.25,rearm=5,seed=0,tol_bps=10.0)",BUY_NOW,down,0.10666103183806934,medium,8,1.09551,"{""threshold"": 0.0044, ""_fitted"": true}","{""proba"": 0.10666103183806934, ""pct_rank"": 0.2, ""window"": 120.0}",sent,BUY_NOW
2025-02-13,KGS,dip_vs_trend,"dip_vs_trend(pct=0.1,rearm=5,span=40,window=120)",BUY_NOW,down,0.9166666666666666,medium,8,1.04095,"{""span"": 40, ""window"": 120, ""pct"": 0.1, ""rearm"": 5, ""_feasible"": null, ""_n_feasible"": 0, ""_fixed"": true}","{""dev_pct"": -9.18283307334471, ""pct_rank"": 0.008333333333333333, ""window"": 120.0, ""span"": 40.0}",muted,
2025-02-13,KGS,level,"level(pct=0.1,rearm=5,stall_days=0,window=120)",BUY_NOW,down,0.9166666666666666,medium,8,1.04095,"{""window"": 120, ""pct"": 0.1, ""stall_days"": 0, ""rearm"": 5, ""_feasible"": null, ""_n_feasible"": 0, ""_fixed"": true}","{""pct_rank"": 0.008333333333333333, ""window"": 120.0, ""days_since_min"": 0.0}",cooldown,
2025-02-13,KGS,momentum,"momentum(n=4,rearm=3)",BUY_NOW,down,0.5,fast,8,1.04095,"{""n"": 4, ""rearm"": 3, ""_feasible"": null, ""_n_feasible"": 0, ""_fixed"": true}","{""streak"": 4.0, ""drop_pct"": -6.419684274875037}",thinned,
2025-02-17,KGS,reversal,"reversal(max_days_since_min=10,rearm=5,rise_bps=50,window=120)",WINDOW_CLOSING,up,1.0,slow,8,1.04557,"{""window"": 120, ""rise_bps"": 50, ""max_days_since_min"": 10, ""rearm"": 5, ""_feasible"": null, ""_n_feasible"": 0, ""_fixed"": true}","{""rise_pct"": 1.2462477002033623, ""min_rate"": 1.0327, ""days_since_min"": 1.0, ""window"": 120.0}",sent,WINDOW_CLOSING
2025-02-18,KGS,ml_localmin,"ml_localmin(fp_cost=3.0,gate_pct=0.2,gate_window=120,h=10,min_pos_rate=0.25,rearm=5,seed=0,tol_bps=10.0)",BUY_NOW,down,0.04206086020215587,medium,8,1.04448,"{""threshold"": 0.0044, ""_fitted"": true}","{""proba"": 0.04206086020215587, ""pct_rank"": 0.025, ""window"": 120.0}",cooldown,
2025-02-20,KGS,dip_vs_trend,"dip_vs_trend(pct=0.1,rearm=5,span=40,window=120)",BUY_NOW,down,0.9166666666666666,medium,8,1.01212,"{""span"": 40, ""window"": 120, ""pct"": 0.1, ""rearm"": 5, ""_feasible"": null, ""_n_feasible"": 0, ""_fixed"": true}","{""dev_pct"": -10.180482988895934, ""pct_rank"": 0.008333333333333333, ""window"": 120.0, ""span"": 40.0}",muted,
2025-02-20,KGS,level,"level(pct=0.1,rearm=5,stall_days=0,window=120)",BUY_NOW,down,0.9166666666666666,medium,8,1.01212,"{""window"": 120, ""pct"": 0.1, ""stall_days"": 0, ""rearm"": 5, ""_feasible"": null, ""_n_feasible"": 0, ""_fixed"": true}","{""pct_rank"": 0.008333333333333333, ""window"": 120.0, ""days_since_min"": 0.0}",cooldown,
2025-02-21,KGS,momentum,"momentum(n=4,rearm=3)",BUY_NOW,down,0.5,fast,8,1.00821,"{""n"": 4, ""rearm"": 3, ""_feasible"": null, ""_n_feasible"": 0, ""_fixed"": true}","{""streak"": 4.0, ""drop_pct"": -3.5731706150712084}",sent,BUY_NOW
2025-02-25,KGS,ml_localmin,"ml_localmin(fp_cost=3.0,gate_pct=0.2,gate_window=120,h=10,min_pos_rate=0.25,rearm=5,seed=0,tol_bps=10.0)",BUY_NOW,down,0.12537789904120783,medium,8,0.99065,"{""threshold"": 0.0044, ""_fitted"": true}","{""proba"": 0.12537789904120783, ""pct_rank"": 0.008333333333333333, ""window"": 120.0}",cooldown,
2025-02-27,KGS,dip_vs_trend,"dip_vs_trend(pct=0.1,rearm=5,span=40,window=120)",BUY_NOW,down,0.41666666666666674,medium,8,1.00282,"{""span"": 40, ""window"": 120, ""pct"": 0.1, ""rearm"": 5, ""_feasible"": null, ""_n_feasible"": 0, ""_fixed"": true}","{""dev_pct"": -9.255332602027465, ""pct_rank"": 0.058333333333333334, ""window"": 120.0, ""span"": 40.0}",muted,
2025-02-27,KGS,level,"level(pct=0.1,rearm=5,stall_days=0,window=120)",BUY_NOW,down,0.75,medium,8,1.00282,"{""window"": 120, ""pct"": 0.1, ""stall_days"": 0, ""rearm"": 5, ""_feasible"": null, ""_n_feasible"": 0, ""_fixed"": true}","{""pct_rank"": 0.025, ""window"": 120.0, ""days_since_min"": 1.0}",thinned,
2025-02-27,KGS,reversal,"reversal(max_days_since_min=10,rearm=5,rise_bps=50,window=120)",WINDOW_CLOSING,up,1.0,slow,8,1.00282,"{""window"": 120, ""rise_bps"": 50, ""max_days_since_min"": 10, ""rearm"": 5, ""_feasible"": null, ""_n_feasible"": 0, ""_fixed"": true}","{""rise_pct"": 2.0588444824392704, ""min_rate"": 0.98259, ""days_since_min"": 1.0, ""window"": 120.0}",sent,WINDOW_CLOSING
2025-03-06,KGS,level,"level(pct=0.1,rearm=5,stall_days=0,window=120)",BUY_NOW,down,0.16666666666666674,medium,8,1.02436,"{""window"": 120, ""pct"": 0.1, ""stall_days"": 0, ""rearm"": 5, ""_feasible"": null, ""_n_feasible"": 0, ""_fixed"": true}","{""pct_rank"": 0.08333333333333333, ""window"": 120.0, ""days_since_min"": 6.0}",thinned,
2025-03-06,KGS,reversal,"reversal(max_days_since_min=10,rearm=5,rise_bps=50,window=120)",WINDOW_CLOSING,up,1.0,slow,8,1.02436,"{""window"": 120, ""rise_bps"": 50, ""max_days_since_min"": 10, ""rearm"": 5, ""_feasible"": null, ""_n_feasible"": 0, ""_fixed"": true}","{""rise_pct"": 4.251010085590123, ""min_rate"": 0.98259, ""days_since_min"": 6.0, ""window"": 120.0}",sent,WINDOW_CLOSING
2025-03-10,KGS,ml_localmin,"ml_localmin(fp_cost=3.0,gate_pct=0.2,gate_window=120,h=10,min_pos_rate=0.25,rearm=5,seed=0,tol_bps=10.0)",BUY_NOW,down,0.017646923745356407,medium,8,1.01072,"{""threshold"": 0.0044, ""_fitted"": true}","{""proba"": 0.017646923745356407, ""pct_rank"": 0.058333333333333334, ""window"": 120.0}",cooldown,
2025-03-11,KGS,momentum,"momentum(n=4,rearm=3)",BUY_NOW,down,0.5,fast,8,0.98991,"{""n"": 4, ""rearm"": 3, ""_feasible"": null, ""_n_feasible"": 0, ""_fixed"": true}","{""streak"": 4.0, ""drop_pct"": -3.586142413292681}",cooldown,
2025-03-13,KGS,level,"level(pct=0.1,rearm=5,stall_days=0,window=120)",BUY_NOW,down,0.75,medium,8,0.9905,"{""window"": 120, ""pct"": 0.1, ""stall_days"": 0, ""rearm"": 5, ""_feasible"": null, ""_n_feasible"": 0, ""_fixed"": true}","{""pct_rank"": 0.025, ""window"": 120.0, ""days_since_min"": 11.0}",sent,BUY_NOW
2025-03-17,KGS,dip_vs_trend,"dip_vs_trend(pct=0.1,rearm=5,span=40,window=120)",BUY_NOW,down,0.2500000000000001,medium,8,0.96464,"{""span"": 40, ""window"": 120, ""pct"": 0.1, ""rearm"": 5, ""_feasible"": null, ""_n_feasible"": 0, ""_fixed"": true}","{""dev_pct"": -8.676897093468805, ""pct_rank"": 0.075, ""window"": 120.0, ""span"": 40.0}",muted,
2025-03-17,KGS,ml_localmin,"ml_localmin(fp_cost=3.0,gate_pct=0.2,gate_window=120,h=10,min_pos_rate=0.25,rearm=5,seed=0,tol_bps=10.0)",BUY_NOW,down,0.09142531082413634,medium,8,0.96464,"{""threshold"": 0.0044, ""_fitted"": true}","{""proba"": 0.09142531082413634, ""pct_rank"": 0.008333333333333333, ""window"": 120.0}",cooldown,
2025-03-18,KGS,momentum,"momentum(n=4,rearm=3)",BUY_NOW,down,0.5,fast,8,0.93664,"{""n"": 4, ""rearm"": 3, ""_feasible"": null, ""_n_feasible"": 0, ""_fixed"": true}","{""streak"": 4.0, ""drop_pct"": -5.438612431979484}",cooldown,
2025-03-19,KGS,reversal,"reversal(max_days_since_min=10,rearm=5,rise_bps=50,window=120)",WINDOW_CLOSING,up,1.0,slow,8,0.96775,"{""window"": 120, ""rise_bps"": 50, ""max_days_since_min"": 10, ""rearm"": 5, ""_feasible"": null, ""_n_feasible"": 0, ""_fixed"": true}","{""rise_pct"": 3.3214468739323433, ""min_rate"": 0.93664, ""days_since_min"": 1.0, ""window"": 120.0}",sent,WINDOW_CLOSING
2025-03-20,KGS,level,"level(pct=0.1,rearm=5,stall_days=0,window=120)",BUY_NOW,down,0.5833333333333334,medium,8,0.98243,"{""window"": 120, ""pct"": 0.1, ""stall_days"": 0, ""rearm"": 5, ""_feasible"": null, ""_n_feasible"": 0, ""_fixed"": true}","{""pct_rank"": 0.041666666666666664, ""window"": 120.0, ""days_since_min"": 2.0}",cooldown,
2025-03-24,KGS,ml_localmin,"ml_localmin(fp_cost=3.0,gate_pct=0.2,gate_window=120,h=10,min_pos_rate=0.25,rearm=5,seed=0,tol_bps=10.0)",BUY_NOW,down,0.01067942241241339,medium,8,0.96751,"{""threshold"": 0.0044, ""_fitted"": true}","{""proba"": 0.01067942241241339, ""pct_rank"": 0.025, ""window"": 120.0}",cooldown,
2025-03-26,KGS,reversal,"reversal(max_days_since_min=10,rearm=5,rise_bps=50,window=120)",WINDOW_CLOSING,up,1.0,slow,8,0.973974,"{""window"": 120, ""rise_bps"": 50, ""max_days_since_min"": 10, ""rearm"": 5, ""_feasible"": null, ""_n_feasible"": 0, ""_fixed"": true}","{""rise_pct"": 3.9859497779296094, ""min_rate"": 0.93664, ""days_since_min"": 6.0, ""window"": 120.0}",sent,WINDOW_CLOSING
2025-03-27,KGS,level,"level(pct=0.1,rearm=5,stall_days=0,window=120)",BUY_NOW,down,0.5833333333333334,medium,8,0.969187,"{""window"": 120, ""pct"": 0.1, ""stall_days"": 0, ""rearm"": 5, ""_feasible"": null, ""_n_feasible"": 0, ""_fixed"": true}","{""pct_rank"": 0.041666666666666664, ""window"": 120.0, ""days_since_min"": 7.0}",cooldown,
2025-04-03,KGS,level,"level(pct=0.1,rearm=5,stall_days=0,window=120)",BUY_NOW,down,0.41666666666666674,medium,8,0.973145,"{""window"": 120, ""pct"": 0.1, ""stall_days"": 0, ""rearm"": 5, ""_feasible"": null, ""_n_feasible"": 0, ""_fixed"": true}","{""pct_rank"": 0.058333333333333334, ""window"": 120.0, ""days_since_min"": 12.0}",sent,BUY_NOW
2025-04-04,KGS,momentum,"momentum(n=4,rearm=3)",BUY_NOW,down,0.5,fast,8,0.971287,"{""n"": 4, ""rearm"": 3, ""_feasible"": null, ""_n_feasible"": 0, ""_fixed"": true}","{""streak"": 4.0, ""drop_pct"": -1.725219509924747}",cooldown,
2025-04-10,KGS,level,"level(pct=0.1,rearm=5,stall_days=0,window=120)",BUY_NOW,down,0.33333333333333337,medium,8,0.972166,"{""window"": 120, ""pct"": 0.1, ""stall_days"": 0, ""rearm"": 5, ""_feasible"": null, ""_n_feasible"": 0, ""_fixed"": true}","{""pct_rank"": 0.06666666666666667, ""window"": 120.0, ""days_since_min"": 17.0}",sent,BUY_NOW
2025-04-10,KGS,ml_localmin,"ml_localmin(fp_cost=3.0,gate_pct=0.2,gate_window=120,h=10,min_pos_rate=0.25,rearm=5,seed=0,tol_bps=10.0)",BUY_NOW,down,0.007131217700427647,medium,8,0.972166,"{""threshold"": 0.0044, ""_fitted"": true}","{""proba"": 0.007131217700427647, ""pct_rank"": 0.06666666666666667, ""window"": 120.0}",thinned,
2025-04-15,KGS,momentum,"momentum(n=4,rearm=3)",BUY_NOW,down,0.5,fast,8,0.941121,"{""n"": 4, ""rearm"": 3, ""_feasible"": null, ""_n_feasible"": 0, ""_fixed"": true}","{""streak"": 4.0, ""drop_pct"": -4.468104976155618}",cooldown,
2025-04-17,KGS,level,"level(pct=0.1,rearm=5,stall_days=0,window=120)",BUY_NOW,down,0.8333333333333334,medium,8,0.940235,"{""window"": 120, ""pct"": 0.1, ""stall_days"": 0, ""rearm"": 5, ""_feasible"": null, ""_n_feasible"": 0, ""_fixed"": true}","{""pct_rank"": 0.016666666666666666, ""window"": 120.0, ""days_since_min"": 22.0}",sent,BUY_NOW
2025-04-17,KGS,ml_localmin,"ml_localmin(fp_cost=3.0,gate_pct=0.2,gate_window=120,h=10,min_pos_rate=0.25,rearm=5,seed=0,tol_bps=10.0)",BUY_NOW,down,0.09163576038222193,medium,8,0.940235,"{""threshold"": 0.0044, ""_fitted"": true}","{""proba"": 0.09163576038222193, ""pct_rank"": 0.016666666666666666, ""window"": 120.0}",thinned,
2025-04-22,KGS,reversal,"reversal(max_days_since_min=10,rearm=5,rise_bps=50,window=120)",WINDOW_CLOSING,up,0.8612594588489619,slow,8,0.937692,"{""window"": 120, ""rise_bps"": 50, ""max_days_since_min"": 10, ""rearm"": 5, ""_feasible"": null, ""_n_feasible"": 0, ""_fixed"": true}","{""rise_pct"": 0.8612594588489619, ""min_rate"": 0.929685, ""days_since_min"": 1.0, ""window"": 120.0}",cooldown,
2025-04-24,KGS,level,"level(pct=0.1,rearm=5,stall_days=0,window=120)",BUY_NOW,down,0.16666666666666674,medium,8,0.948905,"{""window"": 120, ""pct"": 0.1, ""stall_days"": 0, ""rearm"": 5, ""_feasible"": null, ""_n_feasible"": 0, ""_fixed"": true}","{""pct_rank"": 0.08333333333333333, ""window"": 120.0, ""days_since_min"": 3.0}",sent,BUY_NOW
2025-04-29,KGS,ml_localmin,"ml_localmin(fp_cost=3.0,gate_pct=0.2,gate_window=120,h=10,min_pos_rate=0.25,rearm=5,seed=0,tol_bps=10.0)",BUY_NOW,down,0.01423931096341386,medium,8,0.932666,"{""threshold"": 0.0044, ""_fitted"": true}","{""proba"": 0.01423931096341386, ""pct_rank"": 0.025, ""window"": 120.0}",cooldown,
2025-04-30,KGS,momentum,"momentum(n=4,rearm=3)",BUY_NOW,down,0.5,fast,8,0.931885,"{""n"": 4, ""rearm"": 3, ""_feasible"": null, ""_n_feasible"": 0, ""_fixed"": true}","{""streak"": 4.0, ""drop_pct"": -1.7936463608053566}",sent,BUY_NOW
2025-05-05,KGS,level,"level(pct=0.1,rearm=5,stall_days=0,window=120)",BUY_NOW,down,0.5,medium,8,0.936692,"{""window"": 120, ""pct"": 0.1, ""stall_days"": 0, ""rearm"": 5, ""_feasible"": null, ""_n_feasible"": 0, ""_fixed"": true}","{""pct_rank"": 0.05, ""window"": 120.0, ""days_since_min"": 8.0}",thinned,
2025-05-05,KGS,reversal,"reversal(max_days_since_min=10,rearm=5,rise_bps=50,window=120)",WINDOW_CLOSING,up,0.7536961443930013,slow,8,0.936692,"{""window"": 120, ""rise_bps"": 50, ""max_days_since_min"": 10, ""rearm"": 5, ""_feasible"": null, ""_n_feasible"": 0, ""_fixed"": true}","{""rise_pct"": 0.7536961443930013, ""min_rate"": 0.929685, ""days_since_min"": 8.0, ""window"": 120.0}",cooldown,
2025-05-12,KGS,ml_localmin,"ml_localmin(fp_cost=3.0,gate_pct=0.2,gate_window=120,h=10,min_pos_rate=0.25,rearm=5,seed=0,tol_bps=10.0)",BUY_NOW,down,0.02165790048706852,medium,8,0.924966,"{""threshold"": 0.0044, ""_fitted"": true}","{""proba"": 0.02165790048706852, ""pct_rank"": 0.016666666666666666, ""window"": 120.0}",sent,BUY_NOW
2025-05-14,KGS,level,"level(pct=0.1,rearm=5,stall_days=0,window=120)",BUY_NOW,down,0.9166666666666666,medium,8,0.917366,"{""window"": 120, ""pct"": 0.1, ""stall_days"": 0, ""rearm"": 5, ""_feasible"": null, ""_n_feasible"": 0, ""_fixed"": true}","{""pct_rank"": 0.008333333333333333, ""window"": 120.0, ""days_since_min"": 0.0}",cooldown,
2025-05-16,KGS,reversal,"reversal(max_days_since_min=10,rearm=5,rise_bps=50,window=120)",WINDOW_CLOSING,up,0.6796632968738779,slow,8,0.923601,"{""window"": 120, ""rise_bps"": 50, ""max_days_since_min"": 10, ""rearm"": 5, ""_feasible"": null, ""_n_feasible"": 0, ""_fixed"": true}","{""rise_pct"": 0.6796632968738779, ""min_rate"": 0.917366, ""days_since_min"": 2.0, ""window"": 120.0}",sent,WINDOW_CLOSING
2025-05-19,KGS,ml_localmin,"ml_localmin(fp_cost=3.0,gate_pct=0.2,gate_window=120,h=10,min_pos_rate=0.25,rearm=5,seed=0,tol_bps=10.0)",BUY_NOW,down,0.067884271820002,medium,8,0.919539,"{""threshold"": 0.0044, ""_fitted"": true}","{""proba"": 0.067884271820002, ""pct_rank"": 0.025, ""window"": 120.0}",cooldown,
2025-05-21,KGS,level,"level(pct=0.1,rearm=5,stall_days=0,window=120)",BUY_NOW,down,0.9166666666666666,medium,8,0.911984,"{""window"": 120, ""pct"": 0.1, ""stall_days"": 0, ""rearm"": 5, ""_feasible"": null, ""_n_feasible"": 0, ""_fixed"": true}","{""pct_rank"": 0.008333333333333333, ""window"": 120.0, ""days_since_min"": 0.0}",cooldown,
2025-05-22,KGS,momentum,"momentum(n=4,rearm=3)",BUY_NOW,down,0.5,fast,8,0.911786,"{""n"": 4, ""rearm"": 3, ""_feasible"": null, ""_n_feasible"": 0, ""_fixed"": true}","{""streak"": 4.0, ""drop_pct"": -1.27923204933732}",sent,BUY_NOW
2025-05-26,KGS,ml_localmin,"ml_localmin(fp_cost=3.0,gate_pct=0.2,gate_window=120,h=10,min_pos_rate=0.25,rearm=5,seed=0,tol_bps=10.0)",BUY_NOW,down,0.1758003989244464,medium,8,0.910907,"{""threshold"": 0.0044, ""_fitted"": true}","{""proba"": 0.1758003989244464, ""pct_rank"": 0.008333333333333333, ""window"": 120.0}",cooldown,
2025-05-27,KGS,momentum,"momentum(n=4,rearm=3)",BUY_NOW,down,0.875,fast,8,0.910436,"{""n"": 4, ""rearm"": 3, ""_feasible"": null, ""_n_feasible"": 0, ""_fixed"": true}","{""streak"": 7.0, ""drop_pct"": -1.425399063015309}",cooldown,
2025-05-28,KGS,level,"level(pct=0.1,rearm=5,stall_days=0,window=120)",BUY_NOW,down,0.9166666666666666,medium,8,0.910277,"{""window"": 120, ""pct"": 0.1, ""stall_days"": 0, ""rearm"": 5, ""_feasible"": null, ""_n_feasible"": 0, ""_fixed"": true}","{""pct_rank"": 0.008333333333333333, ""window"": 120.0, ""days_since_min"": 0.0}",sent,BUY_NOW
2025-06-02,KGS,reversal,"reversal(max_days_since_min=10,rearm=5,rise_bps=50,window=120)",WINDOW_CLOSING,up,0.8045711943013734,slow,8,0.904843,"{""window"": 120, ""rise_bps"": 50, ""max_days_since_min"": 10, ""rearm"": 5, ""_feasible"": null, ""_n_feasible"": 0, ""_fixed"": true}","{""rise_pct"": 0.8045711943013734, ""min_rate"": 0.897621, ""days_since_min"": 2.0, ""window"": 120.0}",cooldown,
2025-06-03,KGS,ml_localmin,"ml_localmin(fp_cost=3.0,gate_pct=0.2,gate_window=120,h=10,min_pos_rate=0.25,rearm=5,seed=0,tol_bps=10.0)",BUY_NOW,down,0.09232456109249194,medium,8,0.901714,"{""threshold"": 0.0044, ""_fitted"": true}","{""proba"": 0.09232456109249194, ""pct_rank"": 0.025, ""window"": 120.0}",sent,BUY_NOW
2025-06-04,KGS,level,"level(pct=0.1,rearm=5,stall_days=0,window=120)",BUY_NOW,down,0.8333333333333334,medium,8,0.897684,"{""window"": 120, ""pct"": 0.1, ""stall_days"": 0, ""rearm"": 5, ""_feasible"": null, ""_n_feasible"": 0, ""_fixed"": true}","{""pct_rank"": 0.016666666666666666, ""window"": 120.0, ""days_since_min"": 4.0}",cooldown,
2025-06-09,KGS,reversal,"reversal(max_days_since_min=10,rearm=5,rise_bps=50,window=120)",WINDOW_CLOSING,up,0.8374358443040021,slow,8,0.905138,"{""window"": 120, ""rise_bps"": 50, ""max_days_since_min"": 10, ""rearm"": 5, ""_feasible"": null, ""_n_feasible"": 0, ""_fixed"": true}","{""rise_pct"": 0.8374358443040021, ""min_rate"": 0.897621, ""days_since_min"": 7.0, ""window"": 120.0}",sent,WINDOW_CLOSING
2025-06-10,KGS,ml_localmin,"ml_localmin(fp_cost=3.0,gate_pct=0.2,gate_window=120,h=10,min_pos_rate=0.25,rearm=5,seed=0,tol_bps=10.0)",BUY_NOW,down,0.05743855883312262,medium,8,0.898803,"{""threshold"": 0.0044, ""_fitted"": true}","{""proba"": 0.05743855883312262, ""pct_rank"": 0.025, ""window"": 120.0}",cooldown,
2025-06-11,KGS,level,"level(pct=0.1,rearm=5,stall_days=0,window=120)",BUY_NOW,down,0.5,medium,8,0.903405,"{""window"": 120, ""pct"": 0.1, ""stall_days"": 0, ""rearm"": 5, ""_feasible"": null, ""_n_feasible"": 0, ""_fixed"": true}","{""pct_rank"": 0.05, ""window"": 120.0, ""days_since_min"": 9.0}",cooldown,
2025-06-19,KGS,ml_localmin,"ml_localmin(fp_cost=3.0,gate_pct=0.2,gate_window=120,h=10,min_pos_rate=0.25,rearm=5,seed=0,tol_bps=10.0)",BUY_NOW,down,0.13433635725510218,medium,8,0.897472,"{""threshold"": 0.0044, ""_fitted"": true}","{""proba"": 0.13433635725510218, ""pct_rank"": 0.008333333333333333, ""window"": 120.0}",sent,BUY_NOW
2025-06-20,KGS,level,"level(pct=0.1,rearm=5,stall_days=0,window=120)",BUY_NOW,down,0.75,medium,8,0.897674,"{""window"": 120, ""pct"": 0.1, ""stall_days"": 0, ""rearm"": 5, ""_feasible"": null, ""_n_feasible"": 0, ""_fixed"": true}","{""pct_rank"": 0.025, ""window"": 120.0, ""days_since_min"": 1.0}",cooldown,
2025-06-24,KGS,seasonality,"seasonality(from_day=24,min_share=0.7,min_years=4,rearm=20)",BUY_NOW,down,0.7,slow,8,0.898272,"{""min_share"": 0.7, ""min_years"": 4, ""from_day"": 24, ""rearm"": 20, ""_feasible"": null, ""_n_feasible"": 0, ""_fixed"": true}","{""k_years"": 7.0, ""n_years"": 10.0, ""target_month"": 7.0}",cooldown,
2025-06-26,KGS,ml_localmin,"ml_localmin(fp_cost=3.0,gate_pct=0.2,gate_window=120,h=10,min_pos_rate=0.25,rearm=5,seed=0,tol_bps=10.0)",BUY_NOW,down,0.11131998911133258,medium,8,0.89599,"{""threshold"": 0.0044, ""_fitted"": true}","{""proba"": 0.11131998911133258, ""pct_rank"": 0.016666666666666666, ""window"": 120.0}",sent,BUY_NOW
2025-06-27,KGS,level,"level(pct=0.1,rearm=5,stall_days=0,window=120)",BUY_NOW,down,0.2500000000000001,medium,8,0.897871,"{""window"": 120, ""pct"": 0.1, ""stall_days"": 0, ""rearm"": 5, ""_feasible"": null, ""_n_feasible"": 0, ""_fixed"": true}","{""pct_rank"": 0.075, ""window"": 120.0, ""days_since_min"": 4.0}",cooldown,
2025-07-03,KGS,reversal,"reversal(max_days_since_min=10,rearm=5,rise_bps=50,window=120)",WINDOW_CLOSING,up,0.5849357006165512,slow,9,0.900893,"{""window"": 120, ""rise_bps"": 50, ""max_days_since_min"": 10, ""rearm"": 5, ""_feasible"": null, ""_n_feasible"": 0, ""_fixed"": true}","{""rise_pct"": 0.5849357006165512, ""min_rate"": 0.895654, ""days_since_min"": 8.0, ""window"": 120.0}",sent,WINDOW_CLOSING
2025-07-08,KGS,level,"level(pct=0.1,rearm=5,stall_days=0,window=120)",BUY_NOW,down,0.9166666666666666,medium,9,0.893862,"{""window"": 120, ""pct"": 0.1, ""stall_days"": 0, ""rearm"": 5, ""_feasible"": null, ""_n_feasible"": 0, ""_fixed"": true}","{""pct_rank"": 0.008333333333333333, ""window"": 120.0, ""days_since_min"": 0.0}",cooldown,
2025-07-14,KGS,reversal,"reversal(max_days_since_min=10,rearm=5,rise_bps=50,window=120)",WINDOW_CLOSING,up,0.6326989127908522,slow,9,0.896264,"{""window"": 120, ""rise_bps"": 50, ""max_days_since_min"": 10, ""rearm"": 5, ""_feasible"": null, ""_n_feasible"": 0, ""_fixed"": true}","{""rise_pct"": 0.6326989127908522, ""min_rate"": 0.890629, ""days_since_min"": 1.0, ""window"": 120.0}",sent,WINDOW_CLOSING
2025-07-15,KGS,level,"level(pct=0.1,rearm=5,stall_days=0,window=120)",BUY_NOW,down,0.75,medium,9,0.891463,"{""window"": 120, ""pct"": 0.1, ""stall_days"": 0, ""rearm"": 5, ""_feasible"": null, ""_n_feasible"": 0, ""_fixed"": true}","{""pct_rank"": 0.025, ""window"": 120.0, ""days_since_min"": 2.0}",cooldown,
2025-07-21,KGS,reversal,"reversal(max_days_since_min=10,rearm=5,rise_bps=50,window=120)",WINDOW_CLOSING,up,0.5673518378584097,slow,9,0.895682,"{""window"": 120, ""rise_bps"": 50, ""max_days_since_min"": 10, ""rearm"": 5, ""_feasible"": null, ""_n_feasible"": 0, ""_fixed"": true}","{""rise_pct"": 0.5673518378584097, ""min_rate"": 0.890629, ""days_since_min"": 6.0, ""window"": 120.0}",sent,WINDOW_CLOSING
2025-07-22,KGS,level,"level(pct=0.1,rearm=5,stall_days=0,window=120)",BUY_NOW,down,0.5833333333333334,medium,9,0.892947,"{""window"": 120, ""pct"": 0.1, ""stall_days"": 0, ""rearm"": 5, ""_feasible"": null, ""_n_feasible"": 0, ""_fixed"": true}","{""pct_rank"": 0.041666666666666664, ""window"": 120.0, ""days_since_min"": 7.0}",cooldown,
2025-07-24,KGS,seasonality,"seasonality(from_day=24,min_share=0.7,min_years=4,rearm=20)",BUY_NOW,down,0.7,slow,9,0.90332,"{""min_share"": 0.7, ""min_years"": 4, ""from_day"": 24, ""rearm"": 20, ""_feasible"": null, ""_n_feasible"": 0, ""_fixed"": true}","{""k_years"": 7.0, ""n_years"": 10.0, ""target_month"": 8.0}",cooldown,
2025-08-28,KGS,momentum,"momentum(n=4,rearm=3)",BUY_NOW,down,0.5,fast,9,0.91913,"{""n"": 4, ""rearm"": 3, ""_feasible"": null, ""_n_feasible"": 0, ""_fixed"": true}","{""streak"": 4.0, ""drop_pct"": -0.4862384029813094}",sent,BUY_NOW
2025-10-02,KGS,momentum,"momentum(n=4,rearm=3)",BUY_NOW,down,0.5,fast,9,0.926341,"{""n"": 4, ""rearm"": 3, ""_feasible"": null, ""_n_feasible"": 0, ""_fixed"": true}","{""streak"": 4.0, ""drop_pct"": -3.113553879783715}",sent,BUY_NOW
2025-10-10,KGS,momentum,"momentum(n=4,rearm=3)",BUY_NOW,down,0.5,fast,9,0.928414,"{""n"": 4, ""rearm"": 3, ""_feasible"": null, ""_n_feasible"": 0, ""_fixed"": true}","{""streak"": 4.0, ""drop_pct"": -2.180981420566974}",sent,BUY_NOW
2025-10-15,KGS,dip_vs_trend,"dip_vs_trend(pct=0.1,rearm=5,span=40,window=120)",BUY_NOW,down,0.5833333333333334,medium,9,0.901532,"{""span"": 40, ""window"": 120, ""pct"": 0.1, ""rearm"": 5, ""_feasible"": null, ""_n_feasible"": 0, ""_fixed"": true}","{""dev_pct"": -3.915353016877554, ""pct_rank"": 0.041666666666666664, ""window"": 120.0, ""span"": 40.0}",muted,
2025-10-15,KGS,momentum,"momentum(n=4,rearm=3)",BUY_NOW,down,0.875,fast,9,0.901532,"{""n"": 4, ""rearm"": 3, ""_feasible"": null, ""_n_feasible"": 0, ""_fixed"": true}","{""streak"": 7.0, ""drop_pct"": -5.013307147508095}",cooldown,
2025-10-27,KGS,dip_vs_trend,"dip_vs_trend(pct=0.1,rearm=5,span=40,window=120)",BUY_NOW,down,0.41666666666666674,medium,9,0.9032,"{""span"": 40, ""window"": 120, ""pct"": 0.1, ""rearm"": 5, ""_feasible"": null, ""_n_feasible"": 0, ""_fixed"": true}","{""dev_pct"": -3.7806368971854742, ""pct_rank"": 0.058333333333333334, ""window"": 120.0, ""span"": 40.0}",muted,
2025-11-21,KGS,dip_vs_trend,"dip_vs_trend(pct=0.1,rearm=5,span=40,window=120)",BUY_NOW,down,0.08333333333333348,medium,9,0.903655,"{""span"": 40, ""window"": 120, ""pct"": 0.1, ""rearm"": 5, ""_feasible"": null, ""_n_feasible"": 0, ""_fixed"": true}","{""dev_pct"": -2.4895984040171903, ""pct_rank"": 0.09166666666666666, ""window"": 120.0, ""span"": 40.0}",muted,
2025-11-21,KGS,momentum,"momentum(n=4,rearm=3)",BUY_NOW,down,0.5,fast,9,0.903655,"{""n"": 4, ""rearm"": 3, ""_feasible"": null, ""_n_feasible"": 0, ""_fixed"": true}","{""streak"": 4.0, ""drop_pct"": -2.595253801744468}",sent,BUY_NOW
2025-11-26,KGS,ml_localmin,"ml_localmin(fp_cost=3.0,gate_pct=0.2,gate_window=120,h=10,min_pos_rate=0.25,rearm=5,seed=0,tol_bps=10.0)",BUY_NOW,down,0.23288312442407433,medium,9,0.898732,"{""threshold"": 0.0418, ""_fitted"": true}","{""proba"": 0.23288312442407433, ""pct_rank"": 0.19166666666666668, ""window"": 120.0}",cooldown,
2025-11-27,KGS,level,"level(pct=0.1,rearm=5,stall_days=0,window=120)",BUY_NOW,down,0.2500000000000001,medium,9,0.8948,"{""window"": 120, ""pct"": 0.1, ""stall_days"": 0, ""rearm"": 5, ""_feasible"": null, ""_n_feasible"": 0, ""_fixed"": true}","{""pct_rank"": 0.075, ""window"": 120.0, ""days_since_min"": 98.0}",sent,BUY_NOW
2025-11-28,KGS,dip_vs_trend,"dip_vs_trend(pct=0.1,rearm=5,span=40,window=120)",BUY_NOW,down,0.5,medium,9,0.89455,"{""span"": 40, ""window"": 120, ""pct"": 0.1, ""rearm"": 5, ""_feasible"": null, ""_n_feasible"": 0, ""_fixed"": true}","{""dev_pct"": -2.911356891253236, ""pct_rank"": 0.05, ""window"": 120.0, ""span"": 40.0}",muted,
2025-12-01,KGS,momentum,"momentum(n=4,rearm=3)",BUY_NOW,down,0.5,fast,9,0.888539,"{""n"": 4, ""rearm"": 3, ""_feasible"": null, ""_n_feasible"": 0, ""_fixed"": true}","{""streak"": 4.0, ""drop_pct"": -1.594138214020313}",cooldown,
2025-12-03,KGS,reversal,"reversal(max_days_since_min=10,rearm=5,rise_bps=50,window=120)",WINDOW_CLOSING,up,0.6358101555770546,slow,9,0.891431,"{""window"": 120, ""rise_bps"": 50, ""max_days_since_min"": 10, ""rearm"": 5, ""_feasible"": null, ""_n_feasible"": 0, ""_fixed"": true}","{""rise_pct"": 0.6358101555770546, ""min_rate"": 0.885799, ""days_since_min"": 1.0, ""window"": 120.0}",sent,WINDOW_CLOSING
2025-12-04,KGS,level,"level(pct=0.1,rearm=5,stall_days=0,window=120)",BUY_NOW,down,0.9166666666666666,medium,9,0.880169,"{""window"": 120, ""pct"": 0.1, ""stall_days"": 0, ""rearm"": 5, ""_feasible"": null, ""_n_feasible"": 0, ""_fixed"": true}","{""pct_rank"": 0.008333333333333333, ""window"": 120.0, ""days_since_min"": 0.0}",thinned,
2025-12-04,KGS,ml_localmin,"ml_localmin(fp_cost=3.0,gate_pct=0.2,gate_window=120,h=10,min_pos_rate=0.25,rearm=5,seed=0,tol_bps=10.0)",BUY_NOW,down,0.13112122318824407,medium,9,0.880169,"{""threshold"": 0.0418, ""_fitted"": true}","{""proba"": 0.13112122318824407, ""pct_rank"": 0.008333333333333333, ""window"": 120.0}",cooldown,
2025-12-05,KGS,dip_vs_trend,"dip_vs_trend(pct=0.1,rearm=5,span=40,window=120)",BUY_NOW,down,0.9166666666666666,medium,9,0.87014,"{""span"": 40, ""window"": 120, ""pct"": 0.1, ""rearm"": 5, ""_feasible"": null, ""_n_feasible"": 0, ""_fixed"": true}","{""dev_pct"": -4.863546939073949, ""pct_rank"": 0.008333333333333333, ""window"": 120.0, ""span"": 40.0}",muted,
2025-12-10,KGS,reversal,"reversal(max_days_since_min=10,rearm=5,rise_bps=50,window=120)",WINDOW_CLOSING,up,1.0,slow,9,0.890792,"{""window"": 120, ""rise_bps"": 50, ""max_days_since_min"": 10, ""rearm"": 5, ""_feasible"": null, ""_n_feasible"": 0, ""_fixed"": true}","{""rise_pct"": 2.3734111752131914, ""min_rate"": 0.87014, ""days_since_min"": 3.0, ""window"": 120.0}",sent,WINDOW_CLOSING
2025-12-17,KGS,reversal,"reversal(max_days_since_min=10,rearm=5,rise_bps=50,window=120)",WINDOW_CLOSING,up,1.0,slow,9,0.919162,"{""window"": 120, ""rise_bps"": 50, ""max_days_since_min"": 10, ""rearm"": 5, ""_feasible"": null, ""_n_feasible"": 0, ""_fixed"": true}","{""rise_pct"": 5.633806054198164, ""min_rate"": 0.87014, ""days_since_min"": 8.0, ""window"": 120.0}",sent,WINDOW_CLOSING
2025-12-25,KGS,level,"level(pct=0.1,rearm=5,stall_days=0,window=120)",BUY_NOW,down,0.41666666666666674,medium,9,0.890616,"{""window"": 120, ""pct"": 0.1, ""stall_days"": 0, ""rearm"": 5, ""_feasible"": null, ""_n_feasible"": 0, ""_fixed"": true}","{""pct_rank"": 0.058333333333333334, ""window"": 120.0, ""days_since_min"": 14.0}",thinned,
2025-12-25,KGS,ml_localmin,"ml_localmin(fp_cost=3.0,gate_pct=0.2,gate_window=120,h=10,min_pos_rate=0.25,rearm=5,seed=0,tol_bps=10.0)",BUY_NOW,down,0.08254057009675846,medium,9,0.890616,"{""threshold"": 0.0418, ""_fitted"": true}","{""proba"": 0.08254057009675846, ""pct_rank"": 0.058333333333333334, ""window"": 120.0}",sent,BUY_NOW
2025-12-25,KGS,momentum,"momentum(n=4,rearm=3)",BUY_NOW,down,0.5,fast,9,0.890616,"{""n"": 4, ""rearm"": 3, ""_feasible"": null, ""_n_feasible"": 0, ""_fixed"": true}","{""streak"": 4.0, ""drop_pct"": -3.515353739985816}",thinned,
2026-01-16,KGS,level,"level(pct=0.1,rearm=5,stall_days=0,window=120)",BUY_NOW,down,0.2500000000000001,medium,10,0.890031,"{""window"": 120, ""pct"": 0.1, ""stall_days"": 0, ""rearm"": 5, ""_feasible"": null, ""_n_feasible"": 0, ""_fixed"": true}","{""pct_rank"": 0.075, ""window"": 120.0, ""days_since_min"": 22.0}",sent,BUY_NOW
2026-01-19,KGS,momentum,"momentum(n=4,rearm=3)",BUY_NOW,down,0.5,fast,10,0.889178,"{""n"": 4, ""rearm"": 3, ""_feasible"": null, ""_n_feasible"": 0, ""_fixed"": true}","{""streak"": 4.0, ""drop_pct"": -1.3886008523908755}",cooldown,
2026-01-20,KGS,ml_localmin,"ml_localmin(fp_cost=3.0,gate_pct=0.2,gate_window=120,h=10,min_pos_rate=0.25,rearm=5,seed=0,tol_bps=10.0)",BUY_NOW,down,0.07211755168518769,medium,10,0.889934,"{""threshold"": 0.0603, ""_fitted"": true}","{""proba"": 0.07211755168518769, ""pct_rank"": 0.08333333333333333, ""window"": 120.0}",cooldown,
2026-01-22,KGS,dip_vs_trend,"dip_vs_trend(pct=0.1,rearm=5,span=40,window=120)",BUY_NOW,down,0.16666666666666674,medium,10,0.869505,"{""span"": 40, ""window"": 120, ""pct"": 0.1, ""rearm"": 5, ""_feasible"": null, ""_n_feasible"": 0, ""_fixed"": true}","{""dev_pct"": -3.177661372025886, ""pct_rank"": 0.08333333333333333, ""window"": 120.0, ""span"": 40.0}",muted,
2026-01-23,KGS,level,"level(pct=0.1,rearm=5,stall_days=0,window=120)",BUY_NOW,down,0.9166666666666666,medium,10,0.86821,"{""window"": 120, ""pct"": 0.1, ""stall_days"": 0, ""rearm"": 5, ""_feasible"": null, ""_n_feasible"": 0, ""_fixed"": true}","{""pct_rank"": 0.008333333333333333, ""window"": 120.0, ""days_since_min"": 0.0}",sent,BUY_NOW
2026-01-27,KGS,reversal,"reversal(max_days_since_min=10,rearm=5,rise_bps=50,window=120)",WINDOW_CLOSING,up,0.8268736826343881,slow,10,0.875389,"{""window"": 120, ""rise_bps"": 50, ""max_days_since_min"": 10, ""rearm"": 5, ""_feasible"": null, ""_n_feasible"": 0, ""_fixed"": true}","{""rise_pct"": 0.8268736826343881, ""min_rate"": 0.86821, ""days_since_min"": 2.0, ""window"": 120.0}",muted,
2026-01-28,KGS,ml_localmin,"ml_localmin(fp_cost=3.0,gate_pct=0.2,gate_window=120,h=10,min_pos_rate=0.25,rearm=5,seed=0,tol_bps=10.0)",BUY_NOW,down,0.07794933483719263,medium,10,0.872112,"{""threshold"": 0.0603, ""_fitted"": true}","{""proba"": 0.07794933483719263, ""pct_rank"": 0.041666666666666664, ""window"": 120.0}",cooldown,
2026-01-30,KGS,level,"level(pct=0.1,rearm=5,stall_days=0,window=120)",BUY_NOW,down,0.9166666666666666,medium,10,0.866011,"{""window"": 120, ""pct"": 0.1, ""stall_days"": 0, ""rearm"": 5, ""_feasible"": null, ""_n_feasible"": 0, ""_fixed"": true}","{""pct_rank"": 0.008333333333333333, ""window"": 120.0, ""days_since_min"": 0.0}",sent,BUY_NOW
2026-02-03,KGS,reversal,"reversal(max_days_since_min=10,rearm=5,rise_bps=50,window=120)",WINDOW_CLOSING,up,1.0,slow,10,0.880294,"{""window"": 120, ""rise_bps"": 50, ""max_days_since_min"": 10, ""rearm"": 5, ""_feasible"": null, ""_n_feasible"": 0, ""_fixed"": true}","{""rise_pct"": 1.6492862099904082, ""min_rate"": 0.866011, ""days_since_min"": 2.0, ""window"": 120.0}",muted,
2026-02-10,KGS,reversal,"reversal(max_days_since_min=10,rearm=5,rise_bps=50,window=120)",WINDOW_CLOSING,up,1.0,slow,10,0.882894,"{""window"": 120, ""rise_bps"": 50, ""max_days_since_min"": 10, ""rearm"": 5, ""_feasible"": null, ""_n_feasible"": 0, ""_fixed"": true}","{""rise_pct"": 1.9495133433639955, ""min_rate"": 0.866011, ""days_since_min"": 7.0, ""window"": 120.0}",muted,
2026-02-16,KGS,level,"level(pct=0.1,rearm=5,stall_days=0,window=120)",BUY_NOW,down,0.16666666666666674,medium,10,0.876159,"{""window"": 120, ""pct"": 0.1, ""stall_days"": 0, ""rearm"": 5, ""_feasible"": null, ""_n_feasible"": 0, ""_fixed"": true}","{""pct_rank"": 0.08333333333333333, ""window"": 120.0, ""days_since_min"": 11.0}",sent,BUY_NOW
2026-02-18,KGS,ml_localmin,"ml_localmin(fp_cost=3.0,gate_pct=0.2,gate_window=120,h=10,min_pos_rate=0.25,rearm=5,seed=0,tol_bps=10.0)",BUY_NOW,down,0.07364670621037347,medium,10,0.870811,"{""threshold"": 0.0603, ""_fitted"": true}","{""proba"": 0.07364670621037347, ""pct_rank"": 0.058333333333333334, ""window"": 120.0}",cooldown,
2026-02-24,KGS,level,"level(pct=0.1,rearm=5,stall_days=0,window=120)",BUY_NOW,down,0.0,medium,10,0.87632,"{""window"": 120, ""pct"": 0.1, ""stall_days"": 0, ""rearm"": 5, ""_feasible"": null, ""_n_feasible"": 0, ""_fixed"": true}","{""pct_rank"": 0.1, ""window"": 120.0, ""days_since_min"": 16.0}",sent,BUY_NOW
2026-03-25,KGS,momentum,"momentum(n=4,rearm=3)",BUY_NOW,down,0.5,fast,10,0.923041,"{""n"": 4, ""rearm"": 3, ""_feasible"": null, ""_n_feasible"": 0, ""_fixed"": true}","{""streak"": 4.0, ""drop_pct"": -4.856239318706102}",sent,BUY_NOW
2026-04-03,KGS,momentum,"momentum(n=4,rearm=3)",BUY_NOW,down,0.5,fast,10,0.911713,"{""n"": 4, ""rearm"": 3, ""_feasible"": null, ""_n_feasible"": 0, ""_fixed"": true}","{""streak"": 4.0, ""drop_pct"": -1.9265874445877462}",sent,BUY_NOW
2026-04-13,KGS,dip_vs_trend,"dip_vs_trend(pct=0.1,rearm=5,span=40,window=120)",BUY_NOW,down,0.5,medium,10,0.871914,"{""span"": 40, ""window"": 120, ""pct"": 0.1, ""rearm"": 5, ""_feasible"": null, ""_n_feasible"": 0, ""_fixed"": true}","{""dev_pct"": -3.6795154425002585, ""pct_rank"": 0.05, ""window"": 120.0, ""span"": 40.0}",muted,
2026-04-13,KGS,level,"level(pct=0.1,rearm=5,stall_days=0,window=120)",BUY_NOW,down,0.33333333333333337,medium,10,0.871914,"{""window"": 120, ""pct"": 0.1, ""stall_days"": 0, ""rearm"": 5, ""_feasible"": null, ""_n_feasible"": 0, ""_fixed"": true}","{""pct_rank"": 0.06666666666666667, ""window"": 120.0, ""days_since_min"": 49.0}",sent,BUY_NOW
2026-04-13,KGS,momentum,"momentum(n=4,rearm=3)",BUY_NOW,down,0.5,fast,10,0.871914,"{""n"": 4, ""rearm"": 3, ""_feasible"": null, ""_n_feasible"": 0, ""_fixed"": true}","{""streak"": 4.0, ""drop_pct"": -3.1755338641436537}",thinned,
2026-04-14,KGS,ml_localmin,"ml_localmin(fp_cost=3.0,gate_pct=0.2,gate_window=120,h=10,min_pos_rate=0.25,rearm=5,seed=0,tol_bps=10.0)",BUY_NOW,down,0.08168432003895641,medium,10,0.867389,"{""threshold"": 0.0603, ""_fitted"": true}","{""proba"": 0.08168432003895641, ""pct_rank"": 0.016666666666666666, ""window"": 120.0}",cooldown,
2026-04-16,KGS,reversal,"reversal(max_days_since_min=10,rearm=5,rise_bps=50,window=120)",WINDOW_CLOSING,up,1.0,slow,10,0.870053,"{""window"": 120, ""rise_bps"": 50, ""max_days_since_min"": 10, ""rearm"": 5, ""_feasible"": null, ""_n_feasible"": 0, ""_fixed"": true}","{""rise_pct"": 1.1317934340405067, ""min_rate"": 0.860316, ""days_since_min"": 1.0, ""window"": 120.0}",muted,
2026-04-20,KGS,dip_vs_trend,"dip_vs_trend(pct=0.1,rearm=5,span=40,window=120)",BUY_NOW,down,0.75,medium,10,0.860343,"{""span"": 40, ""window"": 120, ""pct"": 0.1, ""rearm"": 5, ""_feasible"": null, ""_n_feasible"": 0, ""_fixed"": true}","{""dev_pct"": -4.811010811896443, ""pct_rank"": 0.025, ""window"": 120.0, ""span"": 40.0}",muted,
2026-04-20,KGS,level,"level(pct=0.1,rearm=5,stall_days=0,window=120)",BUY_NOW,down,0.8333333333333334,medium,10,0.860343,"{""window"": 120, ""pct"": 0.1, ""stall_days"": 0, ""rearm"": 5, ""_feasible"": null, ""_n_feasible"": 0, ""_fixed"": true}","{""pct_rank"": 0.016666666666666666, ""window"": 120.0, ""days_since_min"": 3.0}",sent,BUY_NOW
2026-04-21,KGS,ml_localmin,"ml_localmin(fp_cost=3.0,gate_pct=0.2,gate_window=120,h=10,min_pos_rate=0.25,rearm=5,seed=0,tol_bps=10.0)",BUY_NOW,down,0.11246727165524759,medium,10,0.852956,"{""threshold"": 0.0603, ""_fitted"": true}","{""proba"": 0.11246727165524759, ""pct_rank"": 0.008333333333333333, ""window"": 120.0}",cooldown,
2026-04-24,KGS,reversal,"reversal(max_days_since_min=10,rearm=5,rise_bps=50,window=120)",WINDOW_CLOSING,up,1.0,slow,10,0.864125,"{""window"": 120, ""rise_bps"": 50, ""max_days_since_min"": 10, ""rearm"": 5, ""_feasible"": null, ""_n_feasible"": 0, ""_fixed"": true}","{""rise_pct"": 1.309446208245202, ""min_rate"": 0.852956, ""days_since_min"": 3.0, ""window"": 120.0}",muted,
2026-04-27,KGS,dip_vs_trend,"dip_vs_trend(pct=0.1,rearm=5,span=40,window=120)",BUY_NOW,down,0.75,medium,10,0.855627,"{""span"": 40, ""window"": 120, ""pct"": 0.1, ""rearm"": 5, ""_feasible"": null, ""_n_feasible"": 0, ""_fixed"": true}","{""dev_pct"": -5.0510187634284165, ""pct_rank"": 0.025, ""window"": 120.0, ""span"": 40.0}",muted,
2026-04-27,KGS,level,"level(pct=0.1,rearm=5,stall_days=0,window=120)",BUY_NOW,down,0.8333333333333334,medium,10,0.855627,"{""window"": 120, ""pct"": 0.1, ""stall_days"": 0, ""rearm"": 5, ""_feasible"": null, ""_n_feasible"": 0, ""_fixed"": true}","{""pct_rank"": 0.016666666666666666, ""window"": 120.0, ""days_since_min"": 4.0}",sent,BUY_NOW
2026-05-04,KGS,reversal,"reversal(max_days_since_min=10,rearm=5,rise_bps=50,window=120)",WINDOW_CLOSING,up,1.0,slow,10,0.862942,"{""window"": 120, ""rise_bps"": 50, ""max_days_since_min"": 10, ""rearm"": 5, ""_feasible"": null, ""_n_feasible"": 0, ""_fixed"": true}","{""rise_pct"": 1.1707520669295812, ""min_rate"": 0.852956, ""days_since_min"": 8.0, ""window"": 120.0}",muted,
2026-05-05,KGS,level,"level(pct=0.1,rearm=5,stall_days=0,window=120)",BUY_NOW,down,0.16666666666666674,medium,10,0.861866,"{""window"": 120, ""pct"": 0.1, ""stall_days"": 0, ""rearm"": 5, ""_feasible"": null, ""_n_feasible"": 0, ""_fixed"": true}","{""pct_rank"": 0.08333333333333333, ""window"": 120.0, ""days_since_min"": 9.0}",sent,BUY_NOW
2026-05-07,KGS,dip_vs_trend,"dip_vs_trend(pct=0.1,rearm=5,span=40,window=120)",BUY_NOW,down,0.08333333333333348,medium,10,0.853586,"{""span"": 40, ""window"": 120, ""pct"": 0.1, ""rearm"": 5, ""_feasible"": null, ""_n_feasible"": 0, ""_fixed"": true}","{""dev_pct"": -4.594270309118064, ""pct_rank"": 0.09166666666666666, ""window"": 120.0, ""span"": 40.0}",muted,
2026-05-08,KGS,ml_localmin,"ml_localmin(fp_cost=3.0,gate_pct=0.2,gate_window=120,h=10,min_pos_rate=0.25,rearm=5,seed=0,tol_bps=10.0)",BUY_NOW,down,0.23743186731866578,medium,10,0.849873,"{""threshold"": 0.0603, ""_fitted"": true}","{""proba"": 0.23743186731866578, ""pct_rank"": 0.008333333333333333, ""window"": 120.0}",cooldown,
2026-05-08,KGS,momentum,"momentum(n=4,rearm=3)",BUY_NOW,down,0.5,fast,10,0.849873,"{""n"": 4, ""rearm"": 3, ""_feasible"": null, ""_n_feasible"": 0, ""_fixed"": true}","{""streak"": 4.0, ""drop_pct"": -1.5144702656725517}",thinned,
2026-05-13,KGS,level,"level(pct=0.1,rearm=5,stall_days=0,window=120)",BUY_NOW,down,0.9166666666666666,medium,10,0.838674,"{""window"": 120, ""pct"": 0.1, ""stall_days"": 0, ""rearm"": 5, ""_feasible"": null, ""_n_feasible"": 0, ""_fixed"": true}","{""pct_rank"": 0.008333333333333333, ""window"": 120.0, ""days_since_min"": 0.0}",sent,BUY_NOW
2026-05-14,KGS,momentum,"momentum(n=4,rearm=3)",BUY_NOW,down,0.875,fast,10,0.836346,"{""n"": 4, ""rearm"": 3, ""_feasible"": null, ""_n_feasible"": 0, ""_fixed"": true}","{""streak"": 7.0, ""drop_pct"": -3.0820147819899724}",cooldown,
2026-05-15,KGS,dip_vs_trend,"dip_vs_trend(pct=0.1,rearm=5,span=40,window=120)",BUY_NOW,down,0.6666666666666667,medium,10,0.836221,"{""span"": 40, ""window"": 120, ""pct"": 0.1, ""rearm"": 5, ""_feasible"": null, ""_n_feasible"": 0, ""_fixed"": true}","{""dev_pct"": -5.396661373409817, ""pct_rank"": 0.03333333333333333, ""window"": 120.0, ""span"": 40.0}",muted,
2026-05-18,KGS,ml_localmin,"ml_localmin(fp_cost=3.0,gate_pct=0.2,gate_window=120,h=10,min_pos_rate=0.25,rearm=5,seed=0,tol_bps=10.0)",BUY_NOW,down,0.24015467938915985,medium,10,0.827326,"{""threshold"": 0.0603, ""_fitted"": true}","{""proba"": 0.24015467938915985, ""pct_rank"": 0.008333333333333333, ""window"": 120.0}",cooldown,
2026-05-19,KGS,momentum,"momentum(n=4,rearm=3)",BUY_NOW,down,1.0,fast,10,0.815238,"{""n"": 4, ""rearm"": 3, ""_feasible"": null, ""_n_feasible"": 0, ""_fixed"": true}","{""streak"": 10.0, ""drop_pct"": -5.528065617387956}",sent,BUY_NOW
2026-05-20,KGS,level,"level(pct=0.1,rearm=5,stall_days=0,window=120)",BUY_NOW,down,0.9166666666666666,medium,10,0.811331,"{""window"": 120, ""pct"": 0.1, ""stall_days"": 0, ""rearm"": 5, ""_feasible"": null, ""_n_feasible"": 0, ""_fixed"": true}","{""pct_rank"": 0.008333333333333333, ""window"": 120.0, ""days_since_min"": 0.0}",cooldown,
2026-05-22,KGS,dip_vs_trend,"dip_vs_trend(pct=0.1,rearm=5,span=40,window=120)",BUY_NOW,down,0.6666666666666667,medium,10,0.814282,"{""span"": 40, ""window"": 120, ""pct"": 0.1, ""rearm"": 5, ""_feasible"": null, ""_n_feasible"": 0, ""_fixed"": true}","{""dev_pct"": -6.185432112014744, ""pct_rank"": 0.03333333333333333, ""window"": 120.0, ""span"": 40.0}",muted,
2026-05-22,KGS,reversal,"reversal(max_days_since_min=10,rearm=5,rise_bps=50,window=120)",WINDOW_CLOSING,up,0.5916048687264697,slow,10,0.814282,"{""window"": 120, ""rise_bps"": 50, ""max_days_since_min"": 10, ""rearm"": 5, ""_feasible"": null, ""_n_feasible"": 0, ""_fixed"": true}","{""rise_pct"": 0.5916048687264697, ""min_rate"": 0.809493, ""days_since_min"": 1.0, ""window"": 120.0}",muted,
2026-05-27,KGS,level,"level(pct=0.1,rearm=5,stall_days=0,window=120)",BUY_NOW,down,0.8333333333333334,medium,10,0.810763,"{""window"": 120, ""pct"": 0.1, ""stall_days"": 0, ""rearm"": 5, ""_feasible"": null, ""_n_feasible"": 0, ""_fixed"": true}","{""pct_rank"": 0.016666666666666666, ""window"": 120.0, ""days_since_min"": 4.0}",sent,BUY_NOW
2026-06-01,KGS,reversal,"reversal(max_days_since_min=10,rearm=5,rise_bps=50,window=120)",WINDOW_CLOSING,up,1.0,slow,10,0.818218,"{""window"": 120, ""rise_bps"": 50, ""max_days_since_min"": 10, ""rearm"": 5, ""_feasible"": null, ""_n_feasible"": 0, ""_fixed"": true}","{""rise_pct"": 1.0778351387843887, ""min_rate"": 0.809493, ""days_since_min"": 7.0, ""window"": 120.0}",muted,
2026-06-09,KGS,level,"level(pct=0.1,rearm=5,stall_days=0,window=120)",BUY_NOW,down,0.08333333333333348,medium,10,0.820264,"{""window"": 120, ""pct"": 0.1, ""stall_days"": 0, ""rearm"": 5, ""_feasible"": null, ""_n_feasible"": 0, ""_fixed"": true}","{""pct_rank"": 0.09166666666666666, ""window"": 120.0, ""days_since_min"": 13.0}",sent,BUY_NOW
2026-06-24,KGS,seasonality,"seasonality(from_day=24,min_share=0.7,min_years=4,rearm=20)",BUY_NOW,down,0.7272727272727273,slow,10,0.855046,"{""min_share"": 0.7, ""min_years"": 4, ""from_day"": 24, ""rearm"": 20, ""_feasible"": null, ""_n_feasible"": 0, ""_fixed"": true}","{""k_years"": 8.0, ""n_years"": 11.0, ""target_month"": 7.0}",sent,BUY_NOW
2021-02-09,KZT,momentum,"momentum(n=4,rearm=3)",BUY_NOW,down,0.5,fast,0,0.177153,"{""n"": 4, ""rearm"": 3, ""_feasible"": null, ""_n_feasible"": 0, ""_fixed"": true}","{""streak"": 4.0, ""drop_pct"": -1.3553319560992705}",sent,BUY_NOW
2021-02-12,KZT,momentum,"momentum(n=4,rearm=3)",BUY_NOW,down,0.875,fast,0,0.176362,"{""n"": 4, ""rearm"": 3, ""_feasible"": null, ""_n_feasible"": 0, ""_fixed"": true}","{""streak"": 7.0, ""drop_pct"": -1.7957870001726217}",cooldown,
2021-03-03,KZT,level,"level(pct=0.1,rearm=5,stall_days=0,window=120)",BUY_NOW,down,0.08333333333333348,medium,0,0.175216,"{""window"": 120, ""pct"": 0.1, ""stall_days"": 0, ""rearm"": 5, ""_feasible"": null, ""_n_feasible"": 0, ""_fixed"": true}","{""pct_rank"": 0.09166666666666666, ""window"": 120.0, ""days_since_min"": 47.0}",sent,BUY_NOW
2021-03-15,KZT,level,"level(pct=0.1,rearm=5,stall_days=0,window=120)",BUY_NOW,down,0.5,medium,0,0.174756,"{""window"": 120, ""pct"": 0.1, ""stall_days"": 0, ""rearm"": 5, ""_feasible"": null, ""_n_feasible"": 0, ""_fixed"": true}","{""pct_rank"": 0.05, ""window"": 120.0, ""days_since_min"": 54.0}",sent,BUY_NOW
2021-04-23,KZT,level,"level(pct=0.1,rearm=5,stall_days=0,window=120)",BUY_NOW,down,0.6666666666666667,medium,0,0.174361,"{""window"": 120, ""pct"": 0.1, ""stall_days"": 0, ""rearm"": 5, ""_feasible"": null, ""_n_feasible"": 0, ""_fixed"": true}","{""pct_rank"": 0.03333333333333333, ""window"": 120.0, ""days_since_min"": 83.0}",sent,BUY_NOW
2021-04-26,KZT,dip_vs_trend,"dip_vs_trend(pct=0.1,rearm=5,span=40,window=120)",BUY_NOW,down,0.08333333333333348,medium,0,0.173816,"{""span"": 40, ""window"": 120, ""pct"": 0.1, ""rearm"": 5, ""_feasible"": null, ""_n_feasible"": 0, ""_fixed"": true}","{""dev_pct"": -1.8277393568727485, ""pct_rank"": 0.09166666666666666, ""window"": 120.0, ""span"": 40.0}",cooldown,
2021-04-30,KZT,level,"level(pct=0.1,rearm=5,stall_days=0,window=120)",BUY_NOW,down,0.5833333333333334,medium,0,0.174178,"{""window"": 120, ""pct"": 0.1, ""stall_days"": 0, ""rearm"": 5, ""_feasible"": null, ""_n_feasible"": 0, ""_fixed"": true}","{""pct_rank"": 0.041666666666666664, ""window"": 120.0, ""days_since_min"": 1.0}",sent,BUY_NOW
2021-05-04,KZT,reversal,"reversal(max_days_since_min=10,rearm=5,rise_bps=50,window=120)",WINDOW_CLOSING,up,0.951043962050302,slow,0,0.175462,"{""window"": 120, ""rise_bps"": 50, ""max_days_since_min"": 10, ""rearm"": 5, ""_feasible"": null, ""_n_feasible"": 0, ""_fixed"": true}","{""rise_pct"": 0.951043962050302, ""min_rate"": 0.173809, ""days_since_min"": 2.0, ""window"": 120.0}",cooldown,
2021-05-11,KZT,level,"level(pct=0.1,rearm=5,stall_days=0,window=120)",BUY_NOW,down,0.9166666666666666,medium,0,0.173525,"{""window"": 120, ""pct"": 0.1, ""stall_days"": 0, ""rearm"": 5, ""_feasible"": null, ""_n_feasible"": 0, ""_fixed"": true}","{""pct_rank"": 0.008333333333333333, ""window"": 120.0, ""days_since_min"": 0.0}",sent,BUY_NOW
2021-05-11,KZT,momentum,"momentum(n=4,rearm=3)",BUY_NOW,down,0.5,fast,0,0.173525,"{""n"": 4, ""rearm"": 3, ""_feasible"": null, ""_n_feasible"": 0, ""_fixed"": true}","{""streak"": 4.0, ""drop_pct"": -1.103942734039276}",thinned,
2021-05-14,KZT,dip_vs_trend,"dip_vs_trend(pct=0.1,rearm=5,span=40,window=120)",BUY_NOW,down,0.5,medium,0,0.172626,"{""span"": 40, ""window"": 120, ""pct"": 0.1, ""rearm"": 5, ""_feasible"": null, ""_n_feasible"": 0, ""_fixed"": true}","{""dev_pct"": -2.232346138249597, ""pct_rank"": 0.05, ""window"": 120.0, ""span"": 40.0}",cooldown,
2021-05-18,KZT,level,"level(pct=0.1,rearm=5,stall_days=0,window=120)",BUY_NOW,down,0.75,medium,0,0.173001,"{""window"": 120, ""pct"": 0.1, ""stall_days"": 0, ""rearm"": 5, ""_feasible"": null, ""_n_feasible"": 0, ""_fixed"": true}","{""pct_rank"": 0.025, ""window"": 120.0, ""days_since_min"": 1.0}",sent,BUY_NOW
2021-05-21,KZT,dip_vs_trend,"dip_vs_trend(pct=0.1,rearm=5,span=40,window=120)",BUY_NOW,down,0.5833333333333334,medium,0,0.171534,"{""span"": 40, ""window"": 120, ""pct"": 0.1, ""rearm"": 5, ""_feasible"": null, ""_n_feasible"": 0, ""_fixed"": true}","{""dev_pct"": -2.4646532879244343, ""pct_rank"": 0.041666666666666664, ""window"": 120.0, ""span"": 40.0}",cooldown,
2021-05-25,KZT,level,"level(pct=0.1,rearm=5,stall_days=0,window=120)",BUY_NOW,down,0.6666666666666667,medium,0,0.171967,"{""window"": 120, ""pct"": 0.1, ""stall_days"": 0, ""rearm"": 5, ""_feasible"": null, ""_n_feasible"": 0, ""_fixed"": true}","{""pct_rank"": 0.03333333333333333, ""window"": 120.0, ""days_since_min"": 2.0}",sent,BUY_NOW
2021-05-31,KZT,dip_vs_trend,"dip_vs_trend(pct=0.1,rearm=5,span=40,window=120)",BUY_NOW,down,0.2500000000000001,medium,0,0.170912,"{""span"": 40, ""window"": 120, ""pct"": 0.1, ""rearm"": 5, ""_feasible"": null, ""_n_feasible"": 0, ""_fixed"": true}","{""dev_pct"": -2.246583553499004, ""pct_rank"": 0.075, ""window"": 120.0, ""span"": 40.0}",sent,BUY_NOW
2021-06-01,KZT,level,"level(pct=0.1,rearm=5,stall_days=0,window=120)",BUY_NOW,down,0.8333333333333334,medium,0,0.171242,"{""window"": 120, ""pct"": 0.1, ""stall_days"": 0, ""rearm"": 5, ""_feasible"": null, ""_n_feasible"": 0, ""_fixed"": true}","{""pct_rank"": 0.016666666666666666, ""window"": 120.0, ""days_since_min"": 1.0}",cooldown,
2021-06-08,KZT,level,"level(pct=0.1,rearm=5,stall_days=0,window=120)",BUY_NOW,down,0.9166666666666666,medium,0,0.170175,"{""window"": 120, ""pct"": 0.1, ""stall_days"": 0, ""rearm"": 5, ""_feasible"": null, ""_n_feasible"": 0, ""_fixed"": true}","{""pct_rank"": 0.008333333333333333, ""window"": 120.0, ""days_since_min"": 0.0}",sent,BUY_NOW
2021-06-08,KZT,momentum,"momentum(n=4,rearm=3)",BUY_NOW,down,0.5,fast,0,0.170175,"{""n"": 4, ""rearm"": 3, ""_feasible"": null, ""_n_feasible"": 0, ""_fixed"": true}","{""streak"": 4.0, ""drop_pct"": -0.808454086569288}",thinned,
2021-06-09,KZT,dip_vs_trend,"dip_vs_trend(pct=0.1,rearm=5,span=40,window=120)",BUY_NOW,down,0.9166666666666666,medium,0,0.168814,"{""span"": 40, ""window"": 120, ""pct"": 0.1, ""rearm"": 5, ""_feasible"": null, ""_n_feasible"": 0, ""_fixed"": true}","{""dev_pct"": -2.686211396384619, ""pct_rank"": 0.008333333333333333, ""window"": 120.0, ""span"": 40.0}",cooldown,
2021-06-16,KZT,level,"level(pct=0.1,rearm=5,stall_days=0,window=120)",BUY_NOW,down,0.5833333333333334,medium,0,0.169052,"{""window"": 120, ""pct"": 0.1, ""stall_days"": 0, ""rearm"": 5, ""_feasible"": null, ""_n_feasible"": 0, ""_fixed"": true}","{""pct_rank"": 0.041666666666666664, ""window"": 120.0, ""days_since_min"": 2.0}",thinned,
2021-06-16,KZT,reversal,"reversal(max_days_since_min=10,rearm=5,rise_bps=50,window=120)",WINDOW_CLOSING,up,0.7557335621990235,slow,0,0.169052,"{""window"": 120, ""rise_bps"": 50, ""max_days_since_min"": 10, ""rearm"": 5, ""_feasible"": null, ""_n_feasible"": 0, ""_fixed"": true}","{""rise_pct"": 0.7557335621990235, ""min_rate"": 0.167784, ""days_since_min"": 2.0, ""window"": 120.0}",sent,WINDOW_CLOSING
2021-06-23,KZT,level,"level(pct=0.1,rearm=5,stall_days=0,window=120)",BUY_NOW,down,0.33333333333333337,medium,0,0.170003,"{""window"": 120, ""pct"": 0.1, ""stall_days"": 0, ""rearm"": 5, ""_feasible"": null, ""_n_feasible"": 0, ""_fixed"": true}","{""pct_rank"": 0.06666666666666667, ""window"": 120.0, ""days_since_min"": 7.0}",thinned,
2021-06-23,KZT,reversal,"reversal(max_days_since_min=10,rearm=5,rise_bps=50,window=120)",WINDOW_CLOSING,up,1.0,slow,0,0.170003,"{""window"": 120, ""rise_bps"": 50, ""max_days_since_min"": 10, ""rearm"": 5, ""_feasible"": null, ""_n_feasible"": 0, ""_fixed"": true}","{""rise_pct"": 1.3225337338482746, ""min_rate"": 0.167784, ""days_since_min"": 7.0, ""window"": 120.0}",sent,WINDOW_CLOSING
2021-06-30,KZT,level,"level(pct=0.1,rearm=5,stall_days=0,window=120)",BUY_NOW,down,0.0,medium,0,0.169778,"{""window"": 120, ""pct"": 0.1, ""stall_days"": 0, ""rearm"": 5, ""_feasible"": null, ""_n_feasible"": 0, ""_fixed"": true}","{""pct_rank"": 0.1, ""window"": 120.0, ""days_since_min"": 12.0}",sent,BUY_NOW
2021-07-26,KZT,seasonality,"seasonality(from_day=24,min_share=0.7,min_years=4,rearm=20)",BUY_NOW,down,0.8333333333333334,slow,1,0.173819,"{""min_share"": 0.7, ""min_years"": 4, ""from_day"": 24, ""rearm"": 20, ""_feasible"": null, ""_n_feasible"": 0, ""_fixed"": true}","{""k_years"": 5.0, ""n_years"": 6.0, ""target_month"": 8.0}",sent,BUY_NOW
2021-07-30,KZT,momentum,"momentum(n=4,rearm=3)",BUY_NOW,down,0.5,fast,1,0.171891,"{""n"": 4, ""rearm"": 3, ""_feasible"": null, ""_n_feasible"": 0, ""_fixed"": true}","{""streak"": 4.0, ""drop_pct"": -1.109199799791749}",sent,BUY_NOW
2021-09-01,KZT,momentum,"momentum(n=4,rearm=3)",BUY_NOW,down,0.5,fast,1,0.171607,"{""n"": 4, ""rearm"": 3, ""_feasible"": null, ""_n_feasible"": 0, ""_fixed"": true}","{""streak"": 4.0, ""drop_pct"": -1.0351668377527323}",sent,BUY_NOW
2021-09-02,KZT,ml_localmin,"ml_localmin(fp_cost=3.0,gate_pct=0.2,gate_window=120,h=10,min_pos_rate=0.25,rearm=5,seed=0,tol_bps=10.0)",BUY_NOW,down,0.08085522806779645,medium,1,0.170905,"{""threshold"": 0.0745, ""_fitted"": true}","{""proba"": 0.08085522806779645, ""pct_rank"": 0.14166666666666666, ""window"": 120.0}",cooldown,
2021-10-07,KZT,level,"level(pct=0.1,rearm=5,stall_days=0,window=120)",BUY_NOW,down,0.0,medium,1,0.169704,"{""window"": 120, ""pct"": 0.1, ""stall_days"": 0, ""rearm"": 5, ""_feasible"": null, ""_n_feasible"": 0, ""_fixed"": true}","{""pct_rank"": 0.1, ""window"": 120.0, ""days_since_min"": 83.0}",sent,BUY_NOW
2021-10-08,KZT,ml_localmin,"ml_localmin(fp_cost=3.0,gate_pct=0.2,gate_window=120,h=10,min_pos_rate=0.25,rearm=5,seed=0,tol_bps=10.0)",BUY_NOW,down,0.18279225842425398,medium,1,0.169245,"{""threshold"": 0.0745, ""_fitted"": true}","{""proba"": 0.18279225842425398, ""pct_rank"": 0.08333333333333333, ""window"": 120.0}",thinned,
2021-10-08,KZT,momentum,"momentum(n=4,rearm=3)",BUY_NOW,down,0.5,fast,1,0.169245,"{""n"": 4, ""rearm"": 3, ""_feasible"": null, ""_n_feasible"": 0, ""_fixed"": true}","{""streak"": 4.0, ""drop_pct"": -1.2134902290397154}",cooldown,
2021-10-14,KZT,level,"level(pct=0.1,rearm=5,stall_days=0,window=120)",BUY_NOW,down,0.75,medium,1,0.168489,"{""window"": 120, ""pct"": 0.1, ""stall_days"": 0, ""rearm"": 5, ""_feasible"": null, ""_n_feasible"": 0, ""_fixed"": true}","{""pct_rank"": 0.025, ""window"": 120.0, ""days_since_min"": 88.0}",sent,BUY_NOW
2021-10-15,KZT,dip_vs_trend,"dip_vs_trend(pct=0.1,rearm=5,span=40,window=120)",BUY_NOW,down,0.16666666666666674,medium,1,0.167223,"{""span"": 40, ""window"": 120, ""pct"": 0.1, ""rearm"": 5, ""_feasible"": null, ""_n_feasible"": 0, ""_fixed"": true}","{""dev_pct"": -2.21886454409822, ""pct_rank"": 0.08333333333333333, ""window"": 120.0, ""span"": 40.0}",cooldown,
2021-10-15,KZT,ml_localmin,"ml_localmin(fp_cost=3.0,gate_pct=0.2,gate_window=120,h=10,min_pos_rate=0.25,rearm=5,seed=0,tol_bps=10.0)",BUY_NOW,down,0.32954083657371674,medium,1,0.167223,"{""threshold"": 0.0745, ""_fitted"": true}","{""proba"": 0.32954083657371674, ""pct_rank"": 0.008333333333333333, ""window"": 120.0}",thinned,
2021-10-21,KZT,level,"level(pct=0.1,rearm=5,stall_days=0,window=120)",BUY_NOW,down,0.9166666666666666,medium,1,0.166527,"{""window"": 120, ""pct"": 0.1, ""stall_days"": 0, ""rearm"": 5, ""_feasible"": null, ""_n_feasible"": 0, ""_fixed"": true}","{""pct_rank"": 0.008333333333333333, ""window"": 120.0, ""days_since_min"": 0.0}",sent,BUY_NOW
2021-10-22,KZT,dip_vs_trend,"dip_vs_trend(pct=0.1,rearm=5,span=40,window=120)",BUY_NOW,down,0.08333333333333348,medium,1,0.166363,"{""span"": 40, ""window"": 120, ""pct"": 0.1, ""rearm"": 5, ""_feasible"": null, ""_n_feasible"": 0, ""_fixed"": true}","{""dev_pct"": -2.238323578497037, ""pct_rank"": 0.09166666666666666, ""window"": 120.0, ""span"": 40.0}",thinned,
2021-10-22,KZT,momentum,"momentum(n=4,rearm=3)",BUY_NOW,down,0.5,fast,1,0.166363,"{""n"": 4, ""rearm"": 3, ""_feasible"": null, ""_n_feasible"": 0, ""_fixed"": true}","{""streak"": 4.0, ""drop_pct"": -0.5279647943747467}",cooldown,
2021-10-25,KZT,ml_localmin,"ml_localmin(fp_cost=3.0,gate_pct=0.2,gate_window=120,h=10,min_pos_rate=0.25,rearm=5,seed=0,tol_bps=10.0)",BUY_NOW,down,0.2207279332553142,medium,1,0.164945,"{""threshold"": 0.0745, ""_fitted"": true}","{""proba"": 0.2207279332553142, ""pct_rank"": 0.008333333333333333, ""window"": 120.0}",cooldown,
2021-10-28,KZT,level,"level(pct=0.1,rearm=5,stall_days=0,window=120)",BUY_NOW,down,0.75,medium,1,0.164941,"{""window"": 120, ""pct"": 0.1, ""stall_days"": 0, ""rearm"": 5, ""_feasible"": null, ""_n_feasible"": 0, ""_fixed"": true}","{""pct_rank"": 0.025, ""window"": 120.0, ""days_since_min"": 2.0}",thinned,
2021-10-28,KZT,reversal,"reversal(max_days_since_min=10,rearm=5,rise_bps=50,window=120)",WINDOW_CLOSING,up,0.9647109233924089,slow,1,0.164941,"{""window"": 120, ""rise_bps"": 50, ""max_days_since_min"": 10, ""rearm"": 5, ""_feasible"": null, ""_n_feasible"": 0, ""_fixed"": true}","{""rise_pct"": 0.9647109233924089, ""min_rate"": 0.163365, ""days_since_min"": 2.0, ""window"": 120.0}",sent,WINDOW_CLOSING
2021-10-29,KZT,dip_vs_trend,"dip_vs_trend(pct=0.1,rearm=5,span=40,window=120)",BUY_NOW,down,0.2500000000000001,medium,1,0.16494,"{""span"": 40, ""window"": 120, ""pct"": 0.1, ""rearm"": 5, ""_feasible"": null, ""_n_feasible"": 0, ""_fixed"": true}","{""dev_pct"": -2.560489855958603, ""pct_rank"": 0.075, ""window"": 120.0, ""span"": 40.0}",cooldown,
2021-11-08,KZT,level,"level(pct=0.1,rearm=5,stall_days=0,window=120)",BUY_NOW,down,0.41666666666666674,medium,1,0.166292,"{""window"": 120, ""pct"": 0.1, ""stall_days"": 0, ""rearm"": 5, ""_feasible"": null, ""_n_feasible"": 0, ""_fixed"": true}","{""pct_rank"": 0.058333333333333334, ""window"": 120.0, ""days_since_min"": 7.0}",thinned,
2021-11-08,KZT,reversal,"reversal(max_days_since_min=10,rearm=5,rise_bps=50,window=120)",WINDOW_CLOSING,up,1.0,slow,1,0.166292,"{""window"": 120, ""rise_bps"": 50, ""max_days_since_min"": 10, ""rearm"": 5, ""_feasible"": null, ""_n_feasible"": 0, ""_fixed"": true}","{""rise_pct"": 1.7916934471887913, ""min_rate"": 0.163365, ""days_since_min"": 7.0, ""window"": 120.0}",sent,WINDOW_CLOSING
2021-11-10,KZT,momentum,"momentum(n=4,rearm=3)",BUY_NOW,down,0.5,fast,1,0.164867,"{""n"": 4, ""rearm"": 3, ""_feasible"": null, ""_n_feasible"": 0, ""_fixed"": true}","{""streak"": 4.0, ""drop_pct"": -1.349903962949428}",cooldown,
2021-12-02,KZT,momentum,"momentum(n=4,rearm=3)",BUY_NOW,down,0.5,fast,1,0.167926,"{""n"": 4, ""rearm"": 3, ""_feasible"": null, ""_n_feasible"": 0, ""_fixed"": true}","{""streak"": 4.0, ""drop_pct"": -3.1484845863252398}",sent,BUY_NOW
2022-01-24,KZT,seasonality,"seasonality(from_day=24,min_share=0.7,min_years=4,rearm=20)",BUY_NOW,down,0.7142857142857143,slow,2,0.177402,"{""min_share"": 0.7, ""min_years"": 4, ""from_day"": 24, ""rearm"": 20, ""_feasible"": null, ""_n_feasible"": 0, ""_fixed"": true}","{""k_years"": 5.0, ""n_years"": 7.0, ""target_month"": 2.0}",sent,BUY_NOW
2022-02-02,KZT,momentum,"momentum(n=4,rearm=3)",BUY_NOW,down,0.5,fast,2,0.176253,"{""n"": 4, ""rearm"": 3, ""_feasible"": null, ""_n_feasible"": 0, ""_fixed"": true}","{""streak"": 4.0, ""drop_pct"": -2.984450254575488}",storm,
2022-03-16,KZT,momentum,"momentum(n=4,rearm=3)",BUY_NOW,down,0.5,fast,2,0.212006,"{""n"": 4, ""rearm"": 3, ""_feasible"": null, ""_n_feasible"": 0, ""_fixed"": true}","{""streak"": 4.0, ""drop_pct"": -8.415987005805913}",storm,
2022-03-25,KZT,momentum,"momentum(n=4,rearm=3)",BUY_NOW,down,0.5,fast,2,0.193977,"{""n"": 4, ""rearm"": 3, ""_feasible"": null, ""_n_feasible"": 0, ""_fixed"": true}","{""streak"": 4.0, ""drop_pct"": -5.987466740334691}",storm,
2022-03-29,KZT,dip_vs_trend,"dip_vs_trend(pct=0.1,rearm=5,span=40,window=120)",BUY_NOW,down,0.9166666666666666,medium,2,0.184763,"{""span"": 40, ""window"": 120, ""pct"": 0.1, ""rearm"": 5, ""_feasible"": null, ""_n_feasible"": 0, ""_fixed"": true}","{""dev_pct"": -4.532168199642117, ""pct_rank"": 0.008333333333333333, ""window"": 120.0, ""span"": 40.0}",storm,
2022-04-01,KZT,momentum,"momentum(n=4,rearm=3)",BUY_NOW,down,0.5,fast,2,0.175449,"{""n"": 4, ""rearm"": 3, ""_feasible"": null, ""_n_feasible"": 0, ""_fixed"": true}","{""streak"": 4.0, ""drop_pct"": -9.901864623506274}",sent,BUY_NOW
2022-04-05,KZT,dip_vs_trend,"dip_vs_trend(pct=0.1,rearm=5,span=40,window=120)",BUY_NOW,down,0.8333333333333334,medium,2,0.176309,"{""span"": 40, ""window"": 120, ""pct"": 0.1, ""rearm"": 5, ""_feasible"": null, ""_n_feasible"": 0, ""_fixed"": true}","{""dev_pct"": -8.924492159214893, ""pct_rank"": 0.016666666666666666, ""window"": 120.0, ""span"": 40.0}",cooldown,
2022-04-07,KZT,level,"level(pct=0.1,rearm=5,stall_days=0,window=120)",BUY_NOW,down,0.41666666666666674,medium,2,0.164975,"{""window"": 120, ""pct"": 0.1, ""stall_days"": 0, ""rearm"": 5, ""_feasible"": null, ""_n_feasible"": 0, ""_fixed"": true}","{""pct_rank"": 0.058333333333333334, ""window"": 120.0, ""days_since_min"": 107.0}",thinned,
2022-04-07,KZT,ml_localmin,"ml_localmin(fp_cost=3.0,gate_pct=0.2,gate_window=120,h=10,min_pos_rate=0.25,rearm=5,seed=0,tol_bps=10.0)",BUY_NOW,down,0.5332149488049862,medium,2,0.164975,"{""threshold"": 0.0001, ""_fitted"": true}","{""proba"": 0.5332149488049862, ""pct_rank"": 0.058333333333333334, ""window"": 120.0}",sent,BUY_NOW
2022-04-11,KZT,reversal,"reversal(max_days_since_min=10,rearm=5,rise_bps=50,window=120)",WINDOW_CLOSING,up,1.0,slow,2,0.177134,"{""window"": 120, ""rise_bps"": 50, ""max_days_since_min"": 10, ""rearm"": 5, ""_feasible"": null, ""_n_feasible"": 0, ""_fixed"": true}","{""rise_pct"": 8.59255263061096, ""min_rate"": 0.163118, ""days_since_min"": 1.0, ""window"": 120.0}",cooldown,
2022-04-12,KZT,dip_vs_trend,"dip_vs_trend(pct=0.1,rearm=5,span=40,window=120)",BUY_NOW,down,0.41666666666666674,medium,2,0.177135,"{""span"": 40, ""window"": 120, ""pct"": 0.1, ""rearm"": 5, ""_feasible"": null, ""_n_feasible"": 0, ""_fixed"": true}","{""dev_pct"": -8.307054251206647, ""pct_rank"": 0.058333333333333334, ""window"": 120.0, ""span"": 40.0}",cooldown,
2022-04-18,KZT,reversal,"reversal(max_days_since_min=10,rearm=5,rise_bps=50,window=120)",WINDOW_CLOSING,up,1.0,slow,2,0.174902,"{""window"": 120, ""rise_bps"": 50, ""max_days_since_min"": 10, ""rearm"": 5, ""_feasible"": null, ""_n_feasible"": 0, ""_fixed"": true}","{""rise_pct"": 7.224218050736275, ""min_rate"": 0.163118, ""days_since_min"": 6.0, ""window"": 120.0}",sent,WINDOW_CLOSING
2022-04-19,KZT,dip_vs_trend,"dip_vs_trend(pct=0.1,rearm=5,span=40,window=120)",BUY_NOW,down,0.5833333333333334,medium,2,0.175678,"{""span"": 40, ""window"": 120, ""pct"": 0.1, ""rearm"": 5, ""_feasible"": null, ""_n_feasible"": 0, ""_fixed"": true}","{""dev_pct"": -9.101739507134688, ""pct_rank"": 0.041666666666666664, ""window"": 120.0, ""span"": 40.0}",cooldown,
2022-04-22,KZT,level,"level(pct=0.1,rearm=5,stall_days=0,window=120)",BUY_NOW,down,0.2500000000000001,medium,2,0.165537,"{""window"": 120, ""pct"": 0.1, ""stall_days"": 0, ""rearm"": 5, ""_feasible"": null, ""_n_feasible"": 0, ""_fixed"": true}","{""pct_rank"": 0.075, ""window"": 120.0, ""days_since_min"": 10.0}",thinned,
2022-04-22,KZT,ml_localmin,"ml_localmin(fp_cost=3.0,gate_pct=0.2,gate_window=120,h=10,min_pos_rate=0.25,rearm=5,seed=0,tol_bps=10.0)",BUY_NOW,down,0.14948462036709034,medium,2,0.165537,"{""threshold"": 0.0001, ""_fitted"": true}","{""proba"": 0.14948462036709034, ""pct_rank"": 0.075, ""window"": 120.0}",sent,BUY_NOW
2022-04-25,KZT,momentum,"momentum(n=4,rearm=3)",BUY_NOW,down,0.5,fast,2,0.165231,"{""n"": 4, ""rearm"": 3, ""_feasible"": null, ""_n_feasible"": 0, ""_fixed"": true}","{""streak"": 4.0, ""drop_pct"": -5.946675167067028}",cooldown,
2022-04-26,KZT,dip_vs_trend,"dip_vs_trend(pct=0.1,rearm=5,span=40,window=120)",BUY_NOW,down,0.8333333333333334,medium,2,0.162203,"{""span"": 40, ""window"": 120, ""pct"": 0.1, ""rearm"": 5, ""_feasible"": null, ""_n_feasible"": 0, ""_fixed"": true}","{""dev_pct"": -15.17105242169876, ""pct_rank"": 0.016666666666666666, ""window"": 120.0, ""span"": 40.0}",cooldown,
2022-04-29,KZT,level,"level(pct=0.1,rearm=5,stall_days=0,window=120)",BUY_NOW,down,0.9166666666666666,medium,2,0.158362,"{""window"": 120, ""pct"": 0.1, ""stall_days"": 0, ""rearm"": 5, ""_feasible"": null, ""_n_feasible"": 0, ""_fixed"": true}","{""pct_rank"": 0.008333333333333333, ""window"": 120.0, ""days_since_min"": 0.0}",thinned,
2022-04-29,KZT,ml_localmin,"ml_localmin(fp_cost=3.0,gate_pct=0.2,gate_window=120,h=10,min_pos_rate=0.25,rearm=5,seed=0,tol_bps=10.0)",BUY_NOW,down,0.7358243542523717,medium,2,0.158362,"{""threshold"": 0.0001, ""_fitted"": true}","{""proba"": 0.7358243542523717, ""pct_rank"": 0.008333333333333333, ""window"": 120.0}",sent,BUY_NOW
2022-05-05,KZT,dip_vs_trend,"dip_vs_trend(pct=0.1,rearm=5,span=40,window=120)",BUY_NOW,down,0.9166666666666666,medium,2,0.151626,"{""span"": 40, ""window"": 120, ""pct"": 0.1, ""rearm"": 5, ""_feasible"": null, ""_n_feasible"": 0, ""_fixed"": true}","{""dev_pct"": -18.007191796609423, ""pct_rank"": 0.008333333333333333, ""window"": 120.0, ""span"": 40.0}",cooldown,
2022-05-06,KZT,reversal,"reversal(max_days_since_min=10,rearm=5,rise_bps=50,window=120)",WINDOW_CLOSING,up,1.0,slow,2,0.157514,"{""window"": 120, ""rise_bps"": 50, ""max_days_since_min"": 10, ""rearm"": 5, ""_feasible"": null, ""_n_feasible"": 0, ""_fixed"": true}","{""rise_pct"": 3.883239022331253, ""min_rate"": 0.151626, ""days_since_min"": 1.0, ""window"": 120.0}",cooldown,
2022-05-12,KZT,level,"level(pct=0.1,rearm=5,stall_days=0,window=120)",BUY_NOW,down,0.9166666666666666,medium,2,0.148645,"{""window"": 120, ""pct"": 0.1, ""stall_days"": 0, ""rearm"": 5, ""_feasible"": null, ""_n_feasible"": 0, ""_fixed"": true}","{""pct_rank"": 0.008333333333333333, ""window"": 120.0, ""days_since_min"": 0.0}",thinned,
2022-05-12,KZT,ml_localmin,"ml_localmin(fp_cost=3.0,gate_pct=0.2,gate_window=120,h=10,min_pos_rate=0.25,rearm=5,seed=0,tol_bps=10.0)",BUY_NOW,down,0.6032237585350403,medium,2,0.148645,"{""threshold"": 0.0001, ""_fitted"": true}","{""proba"": 0.6032237585350403, ""pct_rank"": 0.008333333333333333, ""window"": 120.0}",sent,BUY_NOW
2022-05-16,KZT,dip_vs_trend,"dip_vs_trend(pct=0.1,rearm=5,span=40,window=120)",BUY_NOW,down,0.41666666666666674,medium,2,0.14829,"{""span"": 40, ""window"": 120, ""pct"": 0.1, ""rearm"": 5, ""_feasible"": null, ""_n_feasible"": 0, ""_fixed"": true}","{""dev_pct"": -15.554111013969962, ""pct_rank"": 0.058333333333333334, ""window"": 120.0, ""span"": 40.0}",cooldown,
2022-05-17,KZT,reversal,"reversal(max_days_since_min=10,rearm=5,rise_bps=50,window=120)",WINDOW_CLOSING,up,0.8323051649272939,slow,2,0.147922,"{""window"": 120, ""rise_bps"": 50, ""max_days_since_min"": 10, ""rearm"": 5, ""_feasible"": null, ""_n_feasible"": 0, ""_fixed"": true}","{""rise_pct"": 0.8323051649272939, ""min_rate"": 0.146701, ""days_since_min"": 2.0, ""window"": 120.0}",cooldown,
2022-05-19,KZT,level,"level(pct=0.1,rearm=5,stall_days=0,window=120)",BUY_NOW,down,0.9166666666666666,medium,2,0.144221,"{""window"": 120, ""pct"": 0.1, ""stall_days"": 0, ""rearm"": 5, ""_feasible"": null, ""_n_feasible"": 0, ""_fixed"": true}","{""pct_rank"": 0.008333333333333333, ""window"": 120.0, ""days_since_min"": 0.0}",thinned,
2022-05-19,KZT,ml_localmin,"ml_localmin(fp_cost=3.0,gate_pct=0.2,gate_window=120,h=10,min_pos_rate=0.25,rearm=5,seed=0,tol_bps=10.0)",BUY_NOW,down,0.6408067807356966,medium,2,0.144221,"{""threshold"": 0.0001, ""_fitted"": true}","{""proba"": 0.6408067807356966, ""pct_rank"": 0.008333333333333333, ""window"": 120.0}",sent,BUY_NOW
2022-05-20,KZT,momentum,"momentum(n=4,rearm=3)",BUY_NOW,down,0.5,fast,2,0.136497,"{""n"": 4, ""rearm"": 3, ""_feasible"": null, ""_n_feasible"": 0, ""_fixed"": true}","{""streak"": 4.0, ""drop_pct"": -7.952660327736194}",cooldown,
2022-05-23,KZT,dip_vs_trend,"dip_vs_trend(pct=0.1,rearm=5,span=40,window=120)",BUY_NOW,down,0.8333333333333334,medium,2,0.136955,"{""span"": 40, ""window"": 120, ""pct"": 0.1, ""rearm"": 5, ""_feasible"": null, ""_n_feasible"": 0, ""_fixed"": true}","{""dev_pct"": -18.261501423806394, ""pct_rank"": 0.016666666666666666, ""window"": 120.0, ""span"": 40.0}",cooldown,
2022-05-25,KZT,reversal,"reversal(max_days_since_min=10,rearm=5,rise_bps=50,window=120)",WINDOW_CLOSING,up,0.7047242626496254,slow,2,0.13504,"{""window"": 120, ""rise_bps"": 50, ""max_days_since_min"": 10, ""rearm"": 5, ""_feasible"": null, ""_n_feasible"": 0, ""_fixed"": true}","{""rise_pct"": 0.7047242626496254, ""min_rate"": 0.134095, ""days_since_min"": 1.0, ""window"": 120.0}",sent,WINDOW_CLOSING
2022-05-26,KZT,level,"level(pct=0.1,rearm=5,stall_days=0,window=120)",BUY_NOW,down,0.08333333333333348,medium,2,0.149474,"{""window"": 120, ""pct"": 0.1, ""stall_days"": 0, ""rearm"": 5, ""_feasible"": null, ""_n_feasible"": 0, ""_fixed"": true}","{""pct_rank"": 0.09166666666666666, ""window"": 120.0, ""days_since_min"": 2.0}",thinned,
2022-05-26,KZT,ml_localmin,"ml_localmin(fp_cost=3.0,gate_pct=0.2,gate_window=120,h=10,min_pos_rate=0.25,rearm=5,seed=0,tol_bps=10.0)",BUY_NOW,down,0.0016741822946512318,medium,2,0.149474,"{""threshold"": 0.0001, ""_fitted"": true}","{""proba"": 0.0016741822946512318, ""pct_rank"": 0.09166666666666666, ""window"": 120.0}",cooldown,
2022-06-01,KZT,reversal,"reversal(max_days_since_min=10,rearm=5,rise_bps=50,window=120)",WINDOW_CLOSING,up,1.0,slow,2,0.148246,"{""window"": 120, ""rise_bps"": 50, ""max_days_since_min"": 10, ""rearm"": 5, ""_feasible"": null, ""_n_feasible"": 0, ""_fixed"": true}","{""rise_pct"": 10.55296618069279, ""min_rate"": 0.134095, ""days_since_min"": 6.0, ""window"": 120.0}",sent,WINDOW_CLOSING
2022-06-02,KZT,level,"level(pct=0.1,rearm=5,stall_days=0,window=120)",BUY_NOW,down,0.41666666666666674,medium,2,0.145012,"{""window"": 120, ""pct"": 0.1, ""stall_days"": 0, ""rearm"": 5, ""_feasible"": null, ""_n_feasible"": 0, ""_fixed"": true}","{""pct_rank"": 0.058333333333333334, ""window"": 120.0, ""days_since_min"": 7.0}",thinned,
2022-06-02,KZT,ml_localmin,"ml_localmin(fp_cost=3.0,gate_pct=0.2,gate_window=120,h=10,min_pos_rate=0.25,rearm=5,seed=0,tol_bps=10.0)",BUY_NOW,down,0.016811813145116088,medium,2,0.145012,"{""threshold"": 0.0001, ""_fitted"": true}","{""proba"": 0.016811813145116088, ""pct_rank"": 0.058333333333333334, ""window"": 120.0}",cooldown,
2022-06-07,KZT,momentum,"momentum(n=4,rearm=3)",BUY_NOW,down,0.5,fast,2,0.141142,"{""n"": 4, ""rearm"": 3, ""_feasible"": null, ""_n_feasible"": 0, ""_fixed"": true}","{""streak"": 4.0, ""drop_pct"": -4.792034860974326}",sent,BUY_NOW
2022-06-09,KZT,level,"level(pct=0.1,rearm=5,stall_days=0,window=120)",BUY_NOW,down,0.8333333333333334,medium,2,0.134709,"{""window"": 120, ""pct"": 0.1, ""stall_days"": 0, ""rearm"": 5, ""_feasible"": null, ""_n_feasible"": 0, ""_fixed"": true}","{""pct_rank"": 0.016666666666666666, ""window"": 120.0, ""days_since_min"": 12.0}",thinned,
2022-06-09,KZT,ml_localmin,"ml_localmin(fp_cost=3.0,gate_pct=0.2,gate_window=120,h=10,min_pos_rate=0.25,rearm=5,seed=0,tol_bps=10.0)",BUY_NOW,down,0.5665588181008808,medium,2,0.134709,"{""threshold"": 0.0001, ""_fitted"": true}","{""proba"": 0.5665588181008808, ""pct_rank"": 0.016666666666666666, ""window"": 120.0}",cooldown,
2022-06-10,KZT,momentum,"momentum(n=4,rearm=3)",BUY_NOW,down,0.875,fast,2,0.132973,"{""n"": 4, ""rearm"": 3, ""_feasible"": null, ""_n_feasible"": 0, ""_fixed"": true}","{""streak"": 7.0, ""drop_pct"": -10.302470218420723}",cooldown,
2022-06-16,KZT,momentum,"momentum(n=4,rearm=3)",BUY_NOW,down,1.0,fast,2,0.129711,"{""n"": 4, ""rearm"": 3, ""_feasible"": null, ""_n_feasible"": 0, ""_fixed"": true}","{""streak"": 10.0, ""drop_pct"": -12.502866856441319}",sent,BUY_NOW
2022-06-17,KZT,level,"level(pct=0.1,rearm=5,stall_days=0,window=120)",BUY_NOW,down,0.9166666666666666,medium,2,0.128254,"{""window"": 120, ""pct"": 0.1, ""stall_days"": 0, ""rearm"": 5, ""_feasible"": null, ""_n_feasible"": 0, ""_fixed"": true}","{""pct_rank"": 0.008333333333333333, ""window"": 120.0, ""days_since_min"": 0.0}",thinned,
2022-06-17,KZT,ml_localmin,"ml_localmin(fp_cost=3.0,gate_pct=0.2,gate_window=120,h=10,min_pos_rate=0.25,rearm=5,seed=0,tol_bps=10.0)",BUY_NOW,down,0.5931745500421657,medium,2,0.128254,"{""threshold"": 0.0001, ""_fitted"": true}","{""proba"": 0.5931745500421657, ""pct_rank"": 0.008333333333333333, ""window"": 120.0}",cooldown,
2022-06-21,KZT,dip_vs_trend,"dip_vs_trend(pct=0.1,rearm=5,span=40,window=120)",BUY_NOW,down,0.33333333333333337,medium,2,0.123422,"{""span"": 40, ""window"": 120, ""pct"": 0.1, ""rearm"": 5, ""_feasible"": null, ""_n_feasible"": 0, ""_fixed"": true}","{""dev_pct"": -15.710670055850517, ""pct_rank"": 0.06666666666666667, ""window"": 120.0, ""span"": 40.0}",thinned,
2022-06-21,KZT,momentum,"momentum(n=4,rearm=3)",BUY_NOW,down,1.0,fast,2,0.123422,"{""n"": 4, ""rearm"": 3, ""_feasible"": null, ""_n_feasible"": 0, ""_fixed"": true}","{""streak"": 13.0, ""drop_pct"": -16.74513983513888}",cooldown,
2022-06-24,KZT,level,"level(pct=0.1,rearm=5,stall_days=0,window=120)",BUY_NOW,down,0.9166666666666666,medium,2,0.114721,"{""window"": 120, ""pct"": 0.1, ""stall_days"": 0, ""rearm"": 5, ""_feasible"": null, ""_n_feasible"": 0, ""_fixed"": true}","{""pct_rank"": 0.008333333333333333, ""window"": 120.0, ""days_since_min"": 0.0}",thinned,
2022-06-24,KZT,ml_localmin,"ml_localmin(fp_cost=3.0,gate_pct=0.2,gate_window=120,h=10,min_pos_rate=0.25,rearm=5,seed=0,tol_bps=10.0)",BUY_NOW,down,0.6014985485641289,medium,2,0.114721,"{""threshold"": 0.0001, ""_fitted"": true}","{""proba"": 0.6014985485641289, ""pct_rank"": 0.008333333333333333, ""window"": 120.0}",thinned,
2022-06-24,KZT,momentum,"momentum(n=4,rearm=3)",BUY_NOW,down,1.0,fast,2,0.114721,"{""n"": 4, ""rearm"": 3, ""_feasible"": null, ""_n_feasible"": 0, ""_fixed"": true}","{""streak"": 16.0, ""drop_pct"": -22.614438163592943}",sent,BUY_NOW
2022-06-28,KZT,dip_vs_trend,"dip_vs_trend(pct=0.1,rearm=5,span=40,window=120)",BUY_NOW,down,0.2500000000000001,medium,2,0.114915,"{""span"": 40, ""window"": 120, ""pct"": 0.1, ""rearm"": 5, ""_feasible"": null, ""_n_feasible"": 0, ""_fixed"": true}","{""dev_pct"": -17.929845247604913, ""pct_rank"": 0.075, ""window"": 120.0, ""span"": 40.0}",thinned,
2022-06-28,KZT,reversal,"reversal(max_days_since_min=10,rearm=5,rise_bps=50,window=120)",WINDOW_CLOSING,up,1.0,slow,2,0.114915,"{""window"": 120, ""rise_bps"": 50, ""max_days_since_min"": 10, ""rearm"": 5, ""_feasible"": null, ""_n_feasible"": 0, ""_fixed"": true}","{""rise_pct"": 1.4039391479298446, ""min_rate"": 0.113324, ""days_since_min"": 1.0, ""window"": 120.0}",cooldown,
2022-07-01,KZT,level,"level(pct=0.1,rearm=5,stall_days=0,window=120)",BUY_NOW,down,0.6666666666666667,medium,3,0.114316,"{""window"": 120, ""pct"": 0.1, ""stall_days"": 0, ""rearm"": 5, ""_feasible"": null, ""_n_feasible"": 0, ""_fixed"": true}","{""pct_rank"": 0.03333333333333333, ""window"": 120.0, ""days_since_min"": 2.0}",sent,BUY_NOW
2022-07-01,KZT,ml_localmin,"ml_localmin(fp_cost=3.0,gate_pct=0.2,gate_window=120,h=10,min_pos_rate=0.25,rearm=5,seed=0,tol_bps=10.0)",BUY_NOW,down,0.00348872179821457,medium,3,0.114316,"{""threshold"": 0.0001, ""_fitted"": true}","{""proba"": 0.00348872179821457, ""pct_rank"": 0.03333333333333333, ""window"": 120.0}",thinned,
2022-07-05,KZT,reversal,"reversal(max_days_since_min=10,rearm=5,rise_bps=50,window=120)",WINDOW_CLOSING,up,1.0,slow,3,0.12606,"{""window"": 120, ""rise_bps"": 50, ""max_days_since_min"": 10, ""rearm"": 5, ""_feasible"": null, ""_n_feasible"": 0, ""_fixed"": true}","{""rise_pct"": 12.376979032948231, ""min_rate"": 0.112176, ""days_since_min"": 4.0, ""window"": 120.0}",cooldown,
2022-07-08,KZT,ml_localmin,"ml_localmin(fp_cost=3.0,gate_pct=0.2,gate_window=120,h=10,min_pos_rate=0.25,rearm=5,seed=0,tol_bps=10.0)",BUY_NOW,down,0.002246611980779346,medium,3,0.128376,"{""threshold"": 0.0001, ""_fitted"": true}","{""proba"": 0.002246611980779346, ""pct_rank"": 0.11666666666666667, ""window"": 120.0}",sent,BUY_NOW
2022-07-12,KZT,reversal,"reversal(max_days_since_min=10,rearm=5,rise_bps=50,window=120)",WINDOW_CLOSING,up,1.0,slow,3,0.126609,"{""window"": 120, ""rise_bps"": 50, ""max_days_since_min"": 10, ""rearm"": 5, ""_feasible"": null, ""_n_feasible"": 0, ""_fixed"": true}","{""rise_pct"": 12.86638853230637, ""min_rate"": 0.112176, ""days_since_min"": 9.0, ""window"": 120.0}",cooldown,
2022-07-13,KZT,level,"level(pct=0.1,rearm=5,stall_days=0,window=120)",BUY_NOW,down,0.08333333333333348,medium,3,0.123647,"{""window"": 120, ""pct"": 0.1, ""stall_days"": 0, ""rearm"": 5, ""_feasible"": null, ""_n_feasible"": 0, ""_fixed"": true}","{""pct_rank"": 0.09166666666666666, ""window"": 120.0, ""days_since_min"": 10.0}",cooldown,
2022-07-15,KZT,ml_localmin,"ml_localmin(fp_cost=3.0,gate_pct=0.2,gate_window=120,h=10,min_pos_rate=0.25,rearm=5,seed=0,tol_bps=10.0)",BUY_NOW,down,0.014461836187785912,medium,3,0.120889,"{""threshold"": 0.0001, ""_fitted"": true}","{""proba"": 0.014461836187785912, ""pct_rank"": 0.08333333333333333, ""window"": 120.0}",thinned,
2022-07-15,KZT,momentum,"momentum(n=4,rearm=3)",BUY_NOW,down,0.5,fast,3,0.120889,"{""n"": 4, ""rearm"": 3, ""_feasible"": null, ""_n_feasible"": 0, ""_fixed"": true}","{""streak"": 4.0, ""drop_pct"": -6.348579219732898}",sent,BUY_NOW
2022-07-20,KZT,level,"level(pct=0.1,rearm=5,stall_days=0,window=120)",BUY_NOW,down,0.6666666666666667,medium,3,0.114183,"{""window"": 120, ""pct"": 0.1, ""stall_days"": 0, ""rearm"": 5, ""_feasible"": null, ""_n_feasible"": 0, ""_fixed"": true}","{""pct_rank"": 0.03333333333333333, ""window"": 120.0, ""days_since_min"": 15.0}",thinned,
2022-07-20,KZT,momentum,"momentum(n=4,rearm=3)",BUY_NOW,down,0.875,fast,3,0.114183,"{""n"": 4, ""rearm"": 3, ""_feasible"": null, ""_n_feasible"": 0, ""_fixed"": true}","{""streak"": 7.0, ""drop_pct"": -11.54364599795482}",cooldown,
2022-07-22,KZT,ml_localmin,"ml_localmin(fp_cost=3.0,gate_pct=0.2,gate_window=120,h=10,min_pos_rate=0.25,rearm=5,seed=0,tol_bps=10.0)",BUY_NOW,down,0.0012026530416211457,medium,3,0.11906,"{""threshold"": 0.0001, ""_fitted"": true}","{""proba"": 0.0012026530416211457, ""pct_rank"": 0.11666666666666667, ""window"": 120.0}",sent,BUY_NOW
2022-07-25,KZT,seasonality,"seasonality(from_day=24,min_share=0.7,min_years=4,rearm=20)",BUY_NOW,down,0.7142857142857143,slow,3,0.119414,"{""min_share"": 0.7, ""min_years"": 4, ""from_day"": 24, ""rearm"": 20, ""_feasible"": null, ""_n_feasible"": 0, ""_fixed"": true}","{""k_years"": 5.0, ""n_years"": 7.0, ""target_month"": 8.0}",cooldown,
2022-08-02,KZT,ml_localmin,"ml_localmin(fp_cost=3.0,gate_pct=0.2,gate_window=120,h=10,min_pos_rate=0.25,rearm=5,seed=0,tol_bps=10.0)",BUY_NOW,down,0.0005392663763886446,medium,3,0.12546,"{""threshold"": 0.0001, ""_fitted"": true}","{""proba"": 0.0005392663763886446, ""pct_rank"": 0.18333333333333332, ""window"": 120.0}",sent,BUY_NOW
2022-08-19,KZT,ml_localmin,"ml_localmin(fp_cost=3.0,gate_pct=0.2,gate_window=120,h=10,min_pos_rate=0.25,rearm=5,seed=0,tol_bps=10.0)",BUY_NOW,down,0.04459959418106626,medium,3,0.124243,"{""threshold"": 0.0001, ""_fitted"": true}","{""proba"": 0.04459959418106626, ""pct_rank"": 0.175, ""window"": 120.0}",sent,BUY_NOW
2022-09-22,KZT,ml_localmin,"ml_localmin(fp_cost=3.0,gate_pct=0.2,gate_window=120,h=10,min_pos_rate=0.25,rearm=5,seed=0,tol_bps=10.0)",BUY_NOW,down,0.18856138282219265,medium,3,0.125242,"{""threshold"": 0.0001, ""_fitted"": true}","{""proba"": 0.18856138282219265, ""pct_rank"": 0.18333333333333332, ""window"": 120.0}",sent,BUY_NOW
2022-09-29,KZT,ml_localmin,"ml_localmin(fp_cost=3.0,gate_pct=0.2,gate_window=120,h=10,min_pos_rate=0.25,rearm=5,seed=0,tol_bps=10.0)",BUY_NOW,down,0.576527834516307,medium,3,0.119763,"{""threshold"": 0.0001, ""_fitted"": true}","{""proba"": 0.576527834516307, ""pct_rank"": 0.13333333333333333, ""window"": 120.0}",sent,BUY_NOW
2022-09-30,KZT,level,"level(pct=0.1,rearm=5,stall_days=0,window=120)",BUY_NOW,down,0.2500000000000001,medium,3,0.115957,"{""window"": 120, ""pct"": 0.1, ""stall_days"": 0, ""rearm"": 5, ""_feasible"": null, ""_n_feasible"": 0, ""_fixed"": true}","{""pct_rank"": 0.075, ""window"": 120.0, ""days_since_min"": 67.0}",cooldown,
2022-10-17,KZT,momentum,"momentum(n=4,rearm=3)",BUY_NOW,down,0.5,fast,3,0.129513,"{""n"": 4, ""rearm"": 3, ""_feasible"": null, ""_n_feasible"": 0, ""_fixed"": true}","{""streak"": 4.0, ""drop_pct"": -3.7292797145618284}",sent,BUY_NOW
2022-11-25,KZT,momentum,"momentum(n=4,rearm=3)",BUY_NOW,down,0.5,fast,3,0.129799,"{""n"": 4, ""rearm"": 3, ""_feasible"": null, ""_n_feasible"": 0, ""_fixed"": true}","{""streak"": 4.0, ""drop_pct"": -1.9015228810036588}",sent,BUY_NOW
2023-01-11,KZT,momentum,"momentum(n=4,rearm=3)",BUY_NOW,down,0.5,fast,4,0.149446,"{""n"": 4, ""rearm"": 3, ""_feasible"": null, ""_n_feasible"": 0, ""_fixed"": true}","{""streak"": 4.0, ""drop_pct"": -4.235658994207214}",sent,BUY_NOW
2023-01-24,KZT,seasonality,"seasonality(from_day=24,min_share=0.7,min_years=4,rearm=20)",BUY_NOW,down,0.75,slow,4,0.148803,"{""min_share"": 0.7, ""min_years"": 4, ""from_day"": 24, ""rearm"": 20, ""_feasible"": null, ""_n_feasible"": 0, ""_fixed"": true}","{""k_years"": 6.0, ""n_years"": 8.0, ""target_month"": 2.0}",sent,BUY_NOW
2023-03-13,KZT,momentum,"momentum(n=4,rearm=3)",BUY_NOW,down,0.5,fast,4,0.169202,"{""n"": 4, ""rearm"": 3, ""_feasible"": null, ""_n_feasible"": 0, ""_fixed"": true}","{""streak"": 4.0, ""drop_pct"": -3.3562183712402605}",sent,BUY_NOW
2023-04-24,KZT,momentum,"momentum(n=4,rearm=3)",BUY_NOW,down,0.5,fast,4,0.177579,"{""n"": 4, ""rearm"": 3, ""_feasible"": null, ""_n_feasible"": 0, ""_fixed"": true}","{""streak"": 4.0, ""drop_pct"": -2.420006264321406}",sent,BUY_NOW
2023-05-05,KZT,dip_vs_trend,"dip_vs_trend(pct=0.1,rearm=5,span=40,window=120)",BUY_NOW,down,0.9166666666666666,medium,4,0.172518,"{""span"": 40, ""window"": 120, ""pct"": 0.1, ""rearm"": 5, ""_feasible"": null, ""_n_feasible"": 0, ""_fixed"": true}","{""dev_pct"": -1.1284791622071633, ""pct_rank"": 0.008333333333333333, ""window"": 120.0, ""span"": 40.0}",sent,BUY_NOW
2023-07-24,KZT,seasonality,"seasonality(from_day=24,min_share=0.7,min_years=4,rearm=20)",BUY_NOW,down,0.75,slow,5,0.203433,"{""min_share"": 0.7, ""min_years"": 4, ""from_day"": 24, ""rearm"": 20, ""_feasible"": null, ""_n_feasible"": 0, ""_fixed"": true}","{""k_years"": 6.0, ""n_years"": 8.0, ""target_month"": 8.0}",sent,BUY_NOW
2023-07-25,KZT,momentum,"momentum(n=4,rearm=3)",BUY_NOW,down,0.5,fast,5,0.20235,"{""n"": 4, ""rearm"": 3, ""_feasible"": null, ""_n_feasible"": 0, ""_fixed"": true}","{""streak"": 4.0, ""drop_pct"": -1.459000905788277}",muted,
2023-08-18,KZT,dip_vs_trend,"dip_vs_trend(pct=0.1,rearm=5,span=40,window=120)",BUY_NOW,down,0.8333333333333334,medium,5,0.201655,"{""span"": 40, ""window"": 120, ""pct"": 0.1, ""rearm"": 5, ""_feasible"": null, ""_n_feasible"": 0, ""_fixed"": true}","{""dev_pct"": -2.002615466631441, ""pct_rank"": 0.016666666666666666, ""window"": 120.0, ""span"": 40.0}",sent,BUY_NOW
2023-08-18,KZT,momentum,"momentum(n=4,rearm=3)",BUY_NOW,down,0.5,fast,5,0.201655,"{""n"": 4, ""rearm"": 3, ""_feasible"": null, ""_n_feasible"": 0, ""_fixed"": true}","{""streak"": 4.0, ""drop_pct"": -11.025268814832145}",muted,
2023-08-25,KZT,dip_vs_trend,"dip_vs_trend(pct=0.1,rearm=5,span=40,window=120)",BUY_NOW,down,0.6666666666666667,medium,5,0.204986,"{""span"": 40, ""window"": 120, ""pct"": 0.1, ""rearm"": 5, ""_feasible"": null, ""_n_feasible"": 0, ""_fixed"": true}","{""dev_pct"": -1.2843304176511805, ""pct_rank"": 0.03333333333333333, ""window"": 120.0, ""span"": 40.0}",sent,BUY_NOW
2023-09-11,KZT,dip_vs_trend,"dip_vs_trend(pct=0.1,rearm=5,span=40,window=120)",BUY_NOW,down,0.5,medium,5,0.206971,"{""span"": 40, ""window"": 120, ""pct"": 0.1, ""rearm"": 5, ""_feasible"": null, ""_n_feasible"": 0, ""_fixed"": true}","{""dev_pct"": -1.1120244798755174, ""pct_rank"": 0.05, ""window"": 120.0, ""span"": 40.0}",sent,BUY_NOW
2023-09-18,KZT,dip_vs_trend,"dip_vs_trend(pct=0.1,rearm=5,span=40,window=120)",BUY_NOW,down,0.6666666666666667,medium,5,0.206825,"{""span"": 40, ""window"": 120, ""pct"": 0.1, ""rearm"": 5, ""_feasible"": null, ""_n_feasible"": 0, ""_fixed"": true}","{""dev_pct"": -1.3421545428103698, ""pct_rank"": 0.03333333333333333, ""window"": 120.0, ""span"": 40.0}",sent,BUY_NOW
2023-09-21,KZT,momentum,"momentum(n=4,rearm=3)",BUY_NOW,down,0.5,fast,5,0.203026,"{""n"": 4, ""rearm"": 3, ""_feasible"": null, ""_n_feasible"": 0, ""_fixed"": true}","{""streak"": 4.0, ""drop_pct"": -2.056549069173952}",muted,
2023-09-25,KZT,dip_vs_trend,"dip_vs_trend(pct=0.1,rearm=5,span=40,window=120)",BUY_NOW,down,0.8333333333333334,medium,5,0.202305,"{""span"": 40, ""window"": 120, ""pct"": 0.1, ""rearm"": 5, ""_feasible"": null, ""_n_feasible"": 0, ""_fixed"": true}","{""dev_pct"": -3.4948387352984445, ""pct_rank"": 0.016666666666666666, ""window"": 120.0, ""span"": 40.0}",sent,BUY_NOW
2023-10-20,KZT,dip_vs_trend,"dip_vs_trend(pct=0.1,rearm=5,span=40,window=120)",BUY_NOW,down,0.5,medium,5,0.200053,"{""span"": 40, ""window"": 120, ""pct"": 0.1, ""rearm"": 5, ""_feasible"": null, ""_n_feasible"": 0, ""_fixed"": true}","{""dev_pct"": -3.202308013330346, ""pct_rank"": 0.05, ""window"": 120.0, ""span"": 40.0}",sent,BUY_NOW
2023-10-23,KZT,momentum,"momentum(n=4,rearm=3)",BUY_NOW,down,0.5,fast,5,0.197696,"{""n"": 4, ""rearm"": 3, ""_feasible"": null, ""_n_feasible"": 0, ""_fixed"": true}","{""streak"": 4.0, ""drop_pct"": -3.2007559992753287}",muted,
2023-10-27,KZT,dip_vs_trend,"dip_vs_trend(pct=0.1,rearm=5,span=40,window=120)",BUY_NOW,down,0.75,medium,5,0.19572,"{""span"": 40, ""window"": 120, ""pct"": 0.1, ""rearm"": 5, ""_feasible"": null, ""_n_feasible"": 0, ""_fixed"": true}","{""dev_pct"": -4.620150309032988, ""pct_rank"": 0.025, ""window"": 120.0, ""span"": 40.0}",sent,BUY_NOW
2023-11-15,KZT,dip_vs_trend,"dip_vs_trend(pct=0.1,rearm=5,span=40,window=120)",BUY_NOW,down,0.5,medium,5,0.19294,"{""span"": 40, ""window"": 120, ""pct"": 0.1, ""rearm"": 5, ""_feasible"": null, ""_n_feasible"": 0, ""_fixed"": true}","{""dev_pct"": -4.340285610734284, ""pct_rank"": 0.05, ""window"": 120.0, ""span"": 40.0}",thinned,
2023-11-15,KZT,ml_localmin,"ml_localmin(fp_cost=3.0,gate_pct=0.2,gate_window=120,h=10,min_pos_rate=0.25,rearm=5,seed=0,tol_bps=10.0)",BUY_NOW,down,0.40009612315305343,medium,5,0.19294,"{""threshold"": 0.1597, ""_fitted"": true}","{""proba"": 0.40009612315305343, ""pct_rank"": 0.18333333333333332, ""window"": 120.0}",sent,BUY_NOW
2023-11-22,KZT,dip_vs_trend,"dip_vs_trend(pct=0.1,rearm=5,span=40,window=120)",BUY_NOW,down,0.08333333333333348,medium,5,0.192063,"{""span"": 40, ""window"": 120, ""pct"": 0.1, ""rearm"": 5, ""_feasible"": null, ""_n_feasible"": 0, ""_fixed"": true}","{""dev_pct"": -4.109183813697326, ""pct_rank"": 0.09166666666666666, ""window"": 120.0, ""span"": 40.0}",sent,BUY_NOW
2024-01-11,KZT,ml_localmin,"ml_localmin(fp_cost=3.0,gate_pct=0.2,gate_window=120,h=10,min_pos_rate=0.25,rearm=5,seed=0,tol_bps=10.0)",BUY_NOW,down,0.24950212975584626,medium,6,0.195839,"{""threshold"": 0.0014, ""_fitted"": true}","{""proba"": 0.24950212975584626, ""pct_rank"": 0.14166666666666666, ""window"": 120.0}",sent,BUY_NOW
2024-01-15,KZT,momentum,"momentum(n=4,rearm=3)",BUY_NOW,down,0.5,fast,6,0.194264,"{""n"": 4, ""rearm"": 3, ""_feasible"": null, ""_n_feasible"": 0, ""_fixed"": true}","{""streak"": 4.0, ""drop_pct"": -2.571329698933267}",cooldown,
2024-01-18,KZT,ml_localmin,"ml_localmin(fp_cost=3.0,gate_pct=0.2,gate_window=120,h=10,min_pos_rate=0.25,rearm=5,seed=0,tol_bps=10.0)",BUY_NOW,down,0.021743276665511724,medium,6,0.195741,"{""threshold"": 0.0014, ""_fitted"": true}","{""proba"": 0.021743276665511724, ""pct_rank"": 0.15833333333333333, ""window"": 120.0}",sent,BUY_NOW
2024-01-24,KZT,seasonality,"seasonality(from_day=24,min_share=0.7,min_years=4,rearm=20)",BUY_NOW,down,0.7777777777777778,slow,6,0.19793,"{""min_share"": 0.7, ""min_years"": 4, ""from_day"": 24, ""rearm"": 20, ""_feasible"": null, ""_n_feasible"": 0, ""_fixed"": true}","{""k_years"": 7.0, ""n_years"": 9.0, ""target_month"": 2.0}",sent,BUY_NOW
2024-04-27,KZT,momentum,"momentum(n=4,rearm=3)",BUY_NOW,down,0.5,fast,6,0.207013,"{""n"": 4, ""rearm"": 3, ""_feasible"": null, ""_n_feasible"": 0, ""_fixed"": true}","{""streak"": 4.0, ""drop_pct"": -1.1087544307183728}",sent,BUY_NOW
2024-05-16,KZT,momentum,"momentum(n=4,rearm=3)",BUY_NOW,down,0.5,fast,6,0.205985,"{""n"": 4, ""rearm"": 3, ""_feasible"": null, ""_n_feasible"": 0, ""_fixed"": true}","{""streak"": 4.0, ""drop_pct"": -1.4241892027698988}",sent,BUY_NOW
2024-05-20,KZT,dip_vs_trend,"dip_vs_trend(pct=0.1,rearm=5,span=40,window=120)",BUY_NOW,down,0.08333333333333348,medium,6,0.204433,"{""span"": 40, ""window"": 120, ""pct"": 0.1, ""rearm"": 5, ""_feasible"": null, ""_n_feasible"": 0, ""_fixed"": true}","{""dev_pct"": -1.3690434908467997, ""pct_rank"": 0.09166666666666666, ""window"": 120.0, ""span"": 40.0}",muted,
2024-05-27,KZT,dip_vs_trend,"dip_vs_trend(pct=0.1,rearm=5,span=40,window=120)",BUY_NOW,down,0.75,medium,6,0.20012,"{""span"": 40, ""window"": 120, ""pct"": 0.1, ""rearm"": 5, ""_feasible"": null, ""_n_feasible"": 0, ""_fixed"": true}","{""dev_pct"": -3.328329951249931, ""pct_rank"": 0.025, ""window"": 120.0, ""span"": 40.0}",muted,
2024-06-03,KZT,dip_vs_trend,"dip_vs_trend(pct=0.1,rearm=5,span=40,window=120)",BUY_NOW,down,0.75,medium,6,0.199833,"{""span"": 40, ""window"": 120, ""pct"": 0.1, ""rearm"": 5, ""_feasible"": null, ""_n_feasible"": 0, ""_fixed"": true}","{""dev_pct"": -3.190715013255785, ""pct_rank"": 0.025, ""window"": 120.0, ""span"": 40.0}",muted,
2024-06-04,KZT,ml_localmin,"ml_localmin(fp_cost=3.0,gate_pct=0.2,gate_window=120,h=10,min_pos_rate=0.25,rearm=5,seed=0,tol_bps=10.0)",BUY_NOW,down,0.0851721204654071,medium,6,0.198527,"{""threshold"": 0.0014, ""_fitted"": true}","{""proba"": 0.0851721204654071, ""pct_rank"": 0.2, ""window"": 120.0}",sent,BUY_NOW
2024-06-06,KZT,momentum,"momentum(n=4,rearm=3)",BUY_NOW,down,0.5,fast,6,0.197843,"{""n"": 4, ""rearm"": 3, ""_feasible"": null, ""_n_feasible"": 0, ""_fixed"": true}","{""streak"": 4.0, ""drop_pct"": -2.4312901619051974}",cooldown,
2024-06-10,KZT,dip_vs_trend,"dip_vs_trend(pct=0.1,rearm=5,span=40,window=120)",BUY_NOW,down,0.33333333333333337,medium,6,0.198928,"{""span"": 40, ""window"": 120, ""pct"": 0.1, ""rearm"": 5, ""_feasible"": null, ""_n_feasible"": 0, ""_fixed"": true}","{""dev_pct"": -3.122755630866869, ""pct_rank"": 0.06666666666666667, ""window"": 120.0, ""span"": 40.0}",muted,
2024-06-13,KZT,level,"level(pct=0.1,rearm=5,stall_days=0,window=120)",BUY_NOW,down,0.6666666666666667,medium,6,0.19525,"{""window"": 120, ""pct"": 0.1, ""stall_days"": 0, ""rearm"": 5, ""_feasible"": null, ""_n_feasible"": 0, ""_fixed"": true}","{""pct_rank"": 0.03333333333333333, ""window"": 120.0, ""days_since_min"": 100.0}",muted,
2024-06-13,KZT,ml_localmin,"ml_localmin(fp_cost=3.0,gate_pct=0.2,gate_window=120,h=10,min_pos_rate=0.25,rearm=5,seed=0,tol_bps=10.0)",BUY_NOW,down,0.33024268922941585,medium,6,0.19525,"{""threshold"": 0.0014, ""_fitted"": true}","{""proba"": 0.33024268922941585, ""pct_rank"": 0.03333333333333333, ""window"": 120.0}",sent,BUY_NOW
2024-06-18,KZT,dip_vs_trend,"dip_vs_trend(pct=0.1,rearm=5,span=40,window=120)",BUY_NOW,down,0.9166666666666666,medium,6,0.192165,"{""span"": 40, ""window"": 120, ""pct"": 0.1, ""rearm"": 5, ""_feasible"": null, ""_n_feasible"": 0, ""_fixed"": true}","{""dev_pct"": -5.673575053233925, ""pct_rank"": 0.008333333333333333, ""window"": 120.0, ""span"": 40.0}",muted,
2024-06-20,KZT,level,"level(pct=0.1,rearm=5,stall_days=0,window=120)",BUY_NOW,down,0.8333333333333334,medium,6,0.185791,"{""window"": 120, ""pct"": 0.1, ""stall_days"": 0, ""rearm"": 5, ""_feasible"": null, ""_n_feasible"": 0, ""_fixed"": true}","{""pct_rank"": 0.016666666666666666, ""window"": 120.0, ""days_since_min"": 1.0}",muted,
2024-06-20,KZT,ml_localmin,"ml_localmin(fp_cost=3.0,gate_pct=0.2,gate_window=120,h=10,min_pos_rate=0.25,rearm=5,seed=0,tol_bps=10.0)",BUY_NOW,down,0.007796805854412854,medium,6,0.185791,"{""threshold"": 0.0014, ""_fitted"": true}","{""proba"": 0.007796805854412854, ""pct_rank"": 0.016666666666666666, ""window"": 120.0}",thinned,
2024-06-20,KZT,reversal,"reversal(max_days_since_min=10,rearm=5,rise_bps=50,window=120)",WINDOW_CLOSING,up,1.0,slow,6,0.185791,"{""window"": 120, ""rise_bps"": 50, ""max_days_since_min"": 10, ""rearm"": 5, ""_feasible"": null, ""_n_feasible"": 0, ""_fixed"": true}","{""rise_pct"": 2.9775134547913584, ""min_rate"": 0.180419, ""days_since_min"": 1.0, ""window"": 120.0}",sent,WINDOW_CLOSING
2024-06-25,KZT,dip_vs_trend,"dip_vs_trend(pct=0.1,rearm=5,span=40,window=120)",BUY_NOW,down,0.6666666666666667,medium,6,0.18758,"{""span"": 40, ""window"": 120, ""pct"": 0.1, ""rearm"": 5, ""_feasible"": null, ""_n_feasible"": 0, ""_fixed"": true}","{""dev_pct"": -6.622053533271055, ""pct_rank"": 0.03333333333333333, ""window"": 120.0, ""span"": 40.0}",muted,
2024-06-27,KZT,level,"level(pct=0.1,rearm=5,stall_days=0,window=120)",BUY_NOW,down,0.8333333333333334,medium,6,0.183203,"{""window"": 120, ""pct"": 0.1, ""stall_days"": 0, ""rearm"": 5, ""_feasible"": null, ""_n_feasible"": 0, ""_fixed"": true}","{""pct_rank"": 0.016666666666666666, ""window"": 120.0, ""days_since_min"": 6.0}",muted,
2024-06-27,KZT,ml_localmin,"ml_localmin(fp_cost=3.0,gate_pct=0.2,gate_window=120,h=10,min_pos_rate=0.25,rearm=5,seed=0,tol_bps=10.0)",BUY_NOW,down,0.3148257193434293,medium,6,0.183203,"{""threshold"": 0.0014, ""_fitted"": true}","{""proba"": 0.3148257193434293, ""pct_rank"": 0.016666666666666666, ""window"": 120.0}",thinned,
2024-06-27,KZT,reversal,"reversal(max_days_since_min=10,rearm=5,rise_bps=50,window=120)",WINDOW_CLOSING,up,1.0,slow,6,0.183203,"{""window"": 120, ""rise_bps"": 50, ""max_days_since_min"": 10, ""rearm"": 5, ""_feasible"": null, ""_n_feasible"": 0, ""_fixed"": true}","{""rise_pct"": 1.543074731597005, ""min_rate"": 0.180419, ""days_since_min"": 6.0, ""window"": 120.0}",storm,
2024-07-02,KZT,dip_vs_trend,"dip_vs_trend(pct=0.1,rearm=5,span=40,window=120)",BUY_NOW,down,0.33333333333333337,medium,7,0.185176,"{""span"": 40, ""window"": 120, ""pct"": 0.1, ""rearm"": 5, ""_feasible"": null, ""_n_feasible"": 0, ""_fixed"": true}","{""dev_pct"": -6.5096899589273445, ""pct_rank"": 0.06666666666666667, ""window"": 120.0, ""span"": 40.0}",muted,
2024-07-04,KZT,level,"level(pct=0.1,rearm=5,stall_days=0,window=120)",BUY_NOW,down,0.33333333333333337,medium,7,0.186471,"{""window"": 120, ""pct"": 0.1, ""stall_days"": 0, ""rearm"": 5, ""_feasible"": null, ""_n_feasible"": 0, ""_fixed"": true}","{""pct_rank"": 0.06666666666666667, ""window"": 120.0, ""days_since_min"": 11.0}",muted,
2024-07-04,KZT,ml_localmin,"ml_localmin(fp_cost=3.0,gate_pct=0.2,gate_window=120,h=10,min_pos_rate=0.25,rearm=5,seed=0,tol_bps=10.0)",BUY_NOW,down,0.005830279915056013,medium,7,0.186471,"{""threshold"": 0.0004, ""_fitted"": true}","{""proba"": 0.005830279915056013, ""pct_rank"": 0.06666666666666667, ""window"": 120.0}",storm,
2024-07-10,KZT,dip_vs_trend,"dip_vs_trend(pct=0.1,rearm=5,span=40,window=120)",BUY_NOW,down,0.16666666666666674,medium,7,0.182738,"{""span"": 40, ""window"": 120, ""pct"": 0.1, ""rearm"": 5, ""_feasible"": null, ""_n_feasible"": 0, ""_fixed"": true}","{""dev_pct"": -6.1446666318270555, ""pct_rank"": 0.08333333333333333, ""window"": 120.0, ""span"": 40.0}",muted,
2024-07-10,KZT,momentum,"momentum(n=4,rearm=3)",BUY_NOW,down,0.5,fast,7,0.182738,"{""n"": 4, ""rearm"": 3, ""_feasible"": null, ""_n_feasible"": 0, ""_fixed"": true}","{""streak"": 4.0, ""drop_pct"": -2.001919869577573}",storm,
2024-07-11,KZT,level,"level(pct=0.1,rearm=5,stall_days=0,window=120)",BUY_NOW,down,0.6666666666666667,medium,7,0.183891,"{""window"": 120, ""pct"": 0.1, ""stall_days"": 0, ""rearm"": 5, ""_feasible"": null, ""_n_feasible"": 0, ""_fixed"": true}","{""pct_rank"": 0.03333333333333333, ""window"": 120.0, ""days_since_min"": 16.0}",muted,
2024-07-11,KZT,ml_localmin,"ml_localmin(fp_cost=3.0,gate_pct=0.2,gate_window=120,h=10,min_pos_rate=0.25,rearm=5,seed=0,tol_bps=10.0)",BUY_NOW,down,0.0032327640618112444,medium,7,0.183891,"{""threshold"": 0.0004, ""_fitted"": true}","{""proba"": 0.0032327640618112444, ""pct_rank"": 0.03333333333333333, ""window"": 120.0}",storm,
2024-07-18,KZT,level,"level(pct=0.1,rearm=5,stall_days=0,window=120)",BUY_NOW,down,0.2500000000000001,medium,7,0.185067,"{""window"": 120, ""pct"": 0.1, ""stall_days"": 0, ""rearm"": 5, ""_feasible"": null, ""_n_feasible"": 0, ""_fixed"": true}","{""pct_rank"": 0.075, ""window"": 120.0, ""days_since_min"": 21.0}",muted,
2024-07-18,KZT,ml_localmin,"ml_localmin(fp_cost=3.0,gate_pct=0.2,gate_window=120,h=10,min_pos_rate=0.25,rearm=5,seed=0,tol_bps=10.0)",BUY_NOW,down,0.001390865663262867,medium,7,0.185067,"{""threshold"": 0.0004, ""_fitted"": true}","{""proba"": 0.001390865663262867, ""pct_rank"": 0.075, ""window"": 120.0}",sent,BUY_NOW
2024-07-22,KZT,momentum,"momentum(n=4,rearm=3)",BUY_NOW,down,0.5,fast,7,0.183419,"{""n"": 4, ""rearm"": 3, ""_feasible"": null, ""_n_feasible"": 0, ""_fixed"": true}","{""streak"": 4.0, ""drop_pct"": -1.8336053948460052}",cooldown,
2024-07-24,KZT,seasonality,"seasonality(from_day=24,min_share=0.7,min_years=4,rearm=20)",BUY_NOW,down,0.7777777777777778,slow,7,0.183129,"{""min_share"": 0.7, ""min_years"": 4, ""from_day"": 24, ""rearm"": 20, ""_feasible"": null, ""_n_feasible"": 0, ""_fixed"": true}","{""k_years"": 7.0, ""n_years"": 9.0, ""target_month"": 8.0}",sent,BUY_NOW
2024-07-25,KZT,level,"level(pct=0.1,rearm=5,stall_days=0,window=120)",BUY_NOW,down,0.9166666666666666,medium,7,0.180156,"{""window"": 120, ""pct"": 0.1, ""stall_days"": 0, ""rearm"": 5, ""_feasible"": null, ""_n_feasible"": 0, ""_fixed"": true}","{""pct_rank"": 0.008333333333333333, ""window"": 120.0, ""days_since_min"": 0.0}",muted,
2024-07-25,KZT,ml_localmin,"ml_localmin(fp_cost=3.0,gate_pct=0.2,gate_window=120,h=10,min_pos_rate=0.25,rearm=5,seed=0,tol_bps=10.0)",BUY_NOW,down,0.397158387304806,medium,7,0.180156,"{""threshold"": 0.0004, ""_fitted"": true}","{""proba"": 0.397158387304806, ""pct_rank"": 0.008333333333333333, ""window"": 120.0}",cooldown,
2024-07-29,KZT,reversal,"reversal(max_days_since_min=10,rearm=5,rise_bps=50,window=120)",WINDOW_CLOSING,up,1.0,slow,7,0.182287,"{""window"": 120, ""rise_bps"": 50, ""max_days_since_min"": 10, ""rearm"": 5, ""_feasible"": null, ""_n_feasible"": 0, ""_fixed"": true}","{""rise_pct"": 1.1828637403139552, ""min_rate"": 0.180156, ""days_since_min"": 2.0, ""window"": 120.0}",cooldown,
2024-08-01,KZT,level,"level(pct=0.1,rearm=5,stall_days=0,window=120)",BUY_NOW,down,0.6666666666666667,medium,7,0.180997,"{""window"": 120, ""pct"": 0.1, ""stall_days"": 0, ""rearm"": 5, ""_feasible"": null, ""_n_feasible"": 0, ""_fixed"": true}","{""pct_rank"": 0.03333333333333333, ""window"": 120.0, ""days_since_min"": 5.0}",muted,
2024-08-01,KZT,ml_localmin,"ml_localmin(fp_cost=3.0,gate_pct=0.2,gate_window=120,h=10,min_pos_rate=0.25,rearm=5,seed=0,tol_bps=10.0)",BUY_NOW,down,0.018733788640604668,medium,7,0.180997,"{""threshold"": 0.0004, ""_fitted"": true}","{""proba"": 0.018733788640604668, ""pct_rank"": 0.03333333333333333, ""window"": 120.0}",sent,BUY_NOW
2024-08-05,KZT,momentum,"momentum(n=4,rearm=3)",BUY_NOW,down,0.5,fast,7,0.178998,"{""n"": 4, ""rearm"": 3, ""_feasible"": null, ""_n_feasible"": 0, ""_fixed"": true}","{""streak"": 4.0, ""drop_pct"": -1.867283612201498}",cooldown,
2024-08-08,KZT,level,"level(pct=0.1,rearm=5,stall_days=0,window=120)",BUY_NOW,down,0.16666666666666674,medium,7,0.181998,"{""window"": 120, ""pct"": 0.1, ""stall_days"": 0, ""rearm"": 5, ""_feasible"": null, ""_n_feasible"": 0, ""_fixed"": true}","{""pct_rank"": 0.08333333333333333, ""window"": 120.0, ""days_since_min"": 2.0}",muted,
2024-08-08,KZT,reversal,"reversal(max_days_since_min=10,rearm=5,rise_bps=50,window=120)",WINDOW_CLOSING,up,1.0,slow,7,0.181998,"{""window"": 120, ""rise_bps"": 50, ""max_days_since_min"": 10, ""rearm"": 5, ""_feasible"": null, ""_n_feasible"": 0, ""_fixed"": true}","{""rise_pct"": 1.9676613291798706, ""min_rate"": 0.178486, ""days_since_min"": 2.0, ""window"": 120.0}",sent,WINDOW_CLOSING
2024-08-15,KZT,reversal,"reversal(max_days_since_min=10,rearm=5,rise_bps=50,window=120)",WINDOW_CLOSING,up,1.0,slow,7,0.185057,"{""window"": 120, ""rise_bps"": 50, ""max_days_since_min"": 10, ""rearm"": 5, ""_feasible"": null, ""_n_feasible"": 0, ""_fixed"": true}","{""rise_pct"": 3.6815212397610875, ""min_rate"": 0.178486, ""days_since_min"": 7.0, ""window"": 120.0}",sent,WINDOW_CLOSING
2024-08-27,KZT,momentum,"momentum(n=4,rearm=3)",BUY_NOW,down,0.5,fast,7,0.189146,"{""n"": 4, ""rearm"": 3, ""_feasible"": null, ""_n_feasible"": 0, ""_fixed"": true}","{""streak"": 4.0, ""drop_pct"": -1.635541965042553}",sent,BUY_NOW
2024-09-03,KZT,ml_localmin,"ml_localmin(fp_cost=3.0,gate_pct=0.2,gate_window=120,h=10,min_pos_rate=0.25,rearm=5,seed=0,tol_bps=10.0)",BUY_NOW,down,0.16072947824742306,medium,7,0.18364,"{""threshold"": 0.0004, ""_fitted"": true}","{""proba"": 0.16072947824742306, ""pct_rank"": 0.14166666666666666, ""window"": 120.0}",thinned,
2024-09-03,KZT,momentum,"momentum(n=4,rearm=3)",BUY_NOW,down,0.5,fast,7,0.18364,"{""n"": 4, ""rearm"": 3, ""_feasible"": null, ""_n_feasible"": 0, ""_fixed"": true}","{""streak"": 4.0, ""drop_pct"": -3.487565431268269}",sent,BUY_NOW
2024-12-04,KZT,momentum,"momentum(n=4,rearm=3)",BUY_NOW,down,0.5,fast,7,0.199239,"{""n"": 4, ""rearm"": 3, ""_feasible"": null, ""_n_feasible"": 0, ""_fixed"": true}","{""streak"": 4.0, ""drop_pct"": -9.177147389582041}",sent,BUY_NOW
2024-12-06,KZT,dip_vs_trend,"dip_vs_trend(pct=0.1,rearm=5,span=40,window=120)",BUY_NOW,down,0.2500000000000001,medium,7,0.189501,"{""span"": 40, ""window"": 120, ""pct"": 0.1, ""rearm"": 5, ""_feasible"": null, ""_n_feasible"": 0, ""_fixed"": true}","{""dev_pct"": -5.990179870346502, ""pct_rank"": 0.075, ""window"": 120.0, ""span"": 40.0}",muted,
2024-12-24,KZT,dip_vs_trend,"dip_vs_trend(pct=0.1,rearm=5,span=40,window=120)",BUY_NOW,down,0.6666666666666667,medium,7,0.190699,"{""span"": 40, ""window"": 120, ""pct"": 0.1, ""rearm"": 5, ""_feasible"": null, ""_n_feasible"": 0, ""_fixed"": true}","{""dev_pct"": -5.034126516670079, ""pct_rank"": 0.03333333333333333, ""window"": 120.0, ""span"": 40.0}",muted,
2025-01-20,KZT,dip_vs_trend,"dip_vs_trend(pct=0.1,rearm=5,span=40,window=120)",BUY_NOW,down,0.16666666666666674,medium,8,0.19233,"{""span"": 40, ""window"": 120, ""pct"": 0.1, ""rearm"": 5, ""_feasible"": null, ""_n_feasible"": 0, ""_fixed"": true}","{""dev_pct"": -3.437997396546222, ""pct_rank"": 0.08333333333333333, ""window"": 120.0, ""span"": 40.0}",muted,
2025-01-21,KZT,ml_localmin,"ml_localmin(fp_cost=3.0,gate_pct=0.2,gate_window=120,h=10,min_pos_rate=0.25,rearm=5,seed=0,tol_bps=10.0)",BUY_NOW,down,0.15466038865125206,medium,8,0.188547,"{""threshold"": 0.1259, ""_fitted"": true}","{""proba"": 0.15466038865125206, ""pct_rank"": 0.175, ""window"": 120.0}",sent,BUY_NOW
2025-01-24,KZT,seasonality,"seasonality(from_day=24,min_share=0.7,min_years=4,rearm=20)",BUY_NOW,down,0.8,slow,8,0.188093,"{""min_share"": 0.7, ""min_years"": 4, ""from_day"": 24, ""rearm"": 20, ""_feasible"": null, ""_n_feasible"": 0, ""_fixed"": true}","{""k_years"": 8.0, ""n_years"": 10.0, ""target_month"": 2.0}",cooldown,
2025-01-27,KZT,dip_vs_trend,"dip_vs_trend(pct=0.1,rearm=5,span=40,window=120)",BUY_NOW,down,0.5833333333333334,medium,8,0.187571,"{""span"": 40, ""window"": 120, ""pct"": 0.1, ""rearm"": 5, ""_feasible"": null, ""_n_feasible"": 0, ""_fixed"": true}","{""dev_pct"": -5.004145949055161, ""pct_rank"": 0.041666666666666664, ""window"": 120.0, ""span"": 40.0}",muted,
2025-02-06,KZT,level,"level(pct=0.1,rearm=5,stall_days=0,window=120)",BUY_NOW,down,0.0,medium,8,0.187822,"{""window"": 120, ""pct"": 0.1, ""stall_days"": 0, ""rearm"": 5, ""_feasible"": null, ""_n_feasible"": 0, ""_fixed"": true}","{""pct_rank"": 0.1, ""window"": 120.0, ""days_since_min"": 105.0}",muted,
2025-02-06,KZT,ml_localmin,"ml_localmin(fp_cost=3.0,gate_pct=0.2,gate_window=120,h=10,min_pos_rate=0.25,rearm=5,seed=0,tol_bps=10.0)",BUY_NOW,down,0.23169636772173074,medium,8,0.187822,"{""threshold"": 0.1259, ""_fitted"": true}","{""proba"": 0.23169636772173074, ""pct_rank"": 0.1, ""window"": 120.0}",sent,BUY_NOW
2025-02-13,KZT,dip_vs_trend,"dip_vs_trend(pct=0.1,rearm=5,span=40,window=120)",BUY_NOW,down,0.75,medium,8,0.181587,"{""span"": 40, ""window"": 120, ""pct"": 0.1, ""rearm"": 5, ""_feasible"": null, ""_n_feasible"": 0, ""_fixed"": true}","{""dev_pct"": -5.507902116142283, ""pct_rank"": 0.025, ""window"": 120.0, ""span"": 40.0}",muted,
2025-02-13,KZT,level,"level(pct=0.1,rearm=5,stall_days=0,window=120)",BUY_NOW,down,0.9166666666666666,medium,8,0.181587,"{""window"": 120, ""pct"": 0.1, ""stall_days"": 0, ""rearm"": 5, ""_feasible"": null, ""_n_feasible"": 0, ""_fixed"": true}","{""pct_rank"": 0.008333333333333333, ""window"": 120.0, ""days_since_min"": 0.0}",muted,
2025-02-13,KZT,ml_localmin,"ml_localmin(fp_cost=3.0,gate_pct=0.2,gate_window=120,h=10,min_pos_rate=0.25,rearm=5,seed=0,tol_bps=10.0)",BUY_NOW,down,0.3581645767461787,medium,8,0.181587,"{""threshold"": 0.1259, ""_fitted"": true}","{""proba"": 0.3581645767461787, ""pct_rank"": 0.008333333333333333, ""window"": 120.0}",sent,BUY_NOW
2025-02-14,KZT,momentum,"momentum(n=4,rearm=3)",BUY_NOW,down,0.5,fast,8,0.181389,"{""n"": 4, ""rearm"": 3, ""_feasible"": null, ""_n_feasible"": 0, ""_fixed"": true}","{""streak"": 4.0, ""drop_pct"": -4.194770005968385}",cooldown,
2025-02-17,KZT,reversal,"reversal(max_days_since_min=10,rearm=5,rise_bps=50,window=120)",WINDOW_CLOSING,up,1.0,slow,8,0.184612,"{""window"": 120, ""rise_bps"": 50, ""max_days_since_min"": 10, ""rearm"": 5, ""_feasible"": null, ""_n_feasible"": 0, ""_fixed"": true}","{""rise_pct"": 1.7768442408304883, ""min_rate"": 0.181389, ""days_since_min"": 1.0, ""window"": 120.0}",cooldown,
2025-02-20,KZT,dip_vs_trend,"dip_vs_trend(pct=0.1,rearm=5,span=40,window=120)",BUY_NOW,down,0.9166666666666666,medium,8,0.175752,"{""span"": 40, ""window"": 120, ""pct"": 0.1, ""rearm"": 5, ""_feasible"": null, ""_n_feasible"": 0, ""_fixed"": true}","{""dev_pct"": -7.463917590909086, ""pct_rank"": 0.008333333333333333, ""window"": 120.0, ""span"": 40.0}",muted,
2025-02-20,KZT,level,"level(pct=0.1,rearm=5,stall_days=0,window=120)",BUY_NOW,down,0.9166666666666666,medium,8,0.175752,"{""window"": 120, ""pct"": 0.1, ""stall_days"": 0, ""rearm"": 5, ""_feasible"": null, ""_n_feasible"": 0, ""_fixed"": true}","{""pct_rank"": 0.008333333333333333, ""window"": 120.0, ""days_since_min"": 0.0}",muted,
2025-02-20,KZT,ml_localmin,"ml_localmin(fp_cost=3.0,gate_pct=0.2,gate_window=120,h=10,min_pos_rate=0.25,rearm=5,seed=0,tol_bps=10.0)",BUY_NOW,down,0.44376344937724865,medium,8,0.175752,"{""threshold"": 0.1259, ""_fitted"": true}","{""proba"": 0.44376344937724865, ""pct_rank"": 0.008333333333333333, ""window"": 120.0}",sent,BUY_NOW
2025-02-27,KZT,dip_vs_trend,"dip_vs_trend(pct=0.1,rearm=5,span=40,window=120)",BUY_NOW,down,0.5,medium,8,0.174946,"{""span"": 40, ""window"": 120, ""pct"": 0.1, ""rearm"": 5, ""_feasible"": null, ""_n_feasible"": 0, ""_fixed"": true}","{""dev_pct"": -6.631453190974401, ""pct_rank"": 0.05, ""window"": 120.0, ""span"": 40.0}",muted,
2025-02-27,KZT,level,"level(pct=0.1,rearm=5,stall_days=0,window=120)",BUY_NOW,down,0.75,medium,8,0.174946,"{""window"": 120, ""pct"": 0.1, ""stall_days"": 0, ""rearm"": 5, ""_feasible"": null, ""_n_feasible"": 0, ""_fixed"": true}","{""pct_rank"": 0.025, ""window"": 120.0, ""days_since_min"": 2.0}",muted,
2025-02-27,KZT,reversal,"reversal(max_days_since_min=10,rearm=5,rise_bps=50,window=120)",WINDOW_CLOSING,up,1.0,slow,8,0.174946,"{""window"": 120, ""rise_bps"": 50, ""max_days_since_min"": 10, ""rearm"": 5, ""_feasible"": null, ""_n_feasible"": 0, ""_fixed"": true}","{""rise_pct"": 1.5545545313116582, ""min_rate"": 0.172268, ""days_since_min"": 2.0, ""window"": 120.0}",sent,WINDOW_CLOSING
2025-03-06,KZT,level,"level(pct=0.1,rearm=5,stall_days=0,window=120)",BUY_NOW,down,0.08333333333333348,medium,8,0.180331,"{""window"": 120, ""pct"": 0.1, ""stall_days"": 0, ""rearm"": 5, ""_feasible"": null, ""_n_feasible"": 0, ""_fixed"": true}","{""pct_rank"": 0.09166666666666666, ""window"": 120.0, ""days_since_min"": 7.0}",muted,
2025-03-06,KZT,reversal,"reversal(max_days_since_min=10,rearm=5,rise_bps=50,window=120)",WINDOW_CLOSING,up,1.0,slow,8,0.180331,"{""window"": 120, ""rise_bps"": 50, ""max_days_since_min"": 10, ""rearm"": 5, ""_feasible"": null, ""_n_feasible"": 0, ""_fixed"": true}","{""rise_pct"": 4.680497828964159, ""min_rate"": 0.172268, ""days_since_min"": 7.0, ""window"": 120.0}",sent,WINDOW_CLOSING
2025-03-11,KZT,ml_localmin,"ml_localmin(fp_cost=3.0,gate_pct=0.2,gate_window=120,h=10,min_pos_rate=0.25,rearm=5,seed=0,tol_bps=10.0)",BUY_NOW,down,0.13464809320625587,medium,8,0.174939,"{""threshold"": 0.1259, ""_fitted"": true}","{""proba"": 0.13464809320625587, ""pct_rank"": 0.025, ""window"": 120.0}",cooldown,
2025-03-13,KZT,level,"level(pct=0.1,rearm=5,stall_days=0,window=120)",BUY_NOW,down,0.2500000000000001,medium,8,0.177081,"{""window"": 120, ""pct"": 0.1, ""stall_days"": 0, ""rearm"": 5, ""_feasible"": null, ""_n_feasible"": 0, ""_fixed"": true}","{""pct_rank"": 0.075, ""window"": 120.0, ""days_since_min"": 12.0}",muted,
2025-03-14,KZT,dip_vs_trend,"dip_vs_trend(pct=0.1,rearm=5,span=40,window=120)",BUY_NOW,down,0.16666666666666674,medium,8,0.17277,"{""span"": 40, ""window"": 120, ""pct"": 0.1, ""rearm"": 5, ""_feasible"": null, ""_n_feasible"": 0, ""_fixed"": true}","{""dev_pct"": -5.5086974576031285, ""pct_rank"": 0.08333333333333333, ""window"": 120.0, ""span"": 40.0}",muted,
2025-03-18,KZT,ml_localmin,"ml_localmin(fp_cost=3.0,gate_pct=0.2,gate_window=120,h=10,min_pos_rate=0.25,rearm=5,seed=0,tol_bps=10.0)",BUY_NOW,down,0.22775466696922875,medium,8,0.163317,"{""threshold"": 0.1259, ""_fitted"": true}","{""proba"": 0.22775466696922875, ""pct_rank"": 0.008333333333333333, ""window"": 120.0}",thinned,
2025-03-18,KZT,momentum,"momentum(n=4,rearm=3)",BUY_NOW,down,0.5,fast,8,0.163317,"{""n"": 4, ""rearm"": 3, ""_feasible"": null, ""_n_feasible"": 0, ""_fixed"": true}","{""streak"": 4.0, ""drop_pct"": -7.890788909693869}",sent,BUY_NOW
2025-03-19,KZT,reversal,"reversal(max_days_since_min=10,rearm=5,rise_bps=50,window=120)",WINDOW_CLOSING,up,1.0,slow,8,0.166896,"{""window"": 120, ""rise_bps"": 50, ""max_days_since_min"": 10, ""rearm"": 5, ""_feasible"": null, ""_n_feasible"": 0, ""_fixed"": true}","{""rise_pct"": 2.191443634159329, ""min_rate"": 0.163317, ""days_since_min"": 1.0, ""window"": 120.0}",cooldown,
2025-03-20,KZT,level,"level(pct=0.1,rearm=5,stall_days=0,window=120)",BUY_NOW,down,0.6666666666666667,medium,8,0.168683,"{""window"": 120, ""pct"": 0.1, ""stall_days"": 0, ""rearm"": 5, ""_feasible"": null, ""_n_feasible"": 0, ""_fixed"": true}","{""pct_rank"": 0.03333333333333333, ""window"": 120.0, ""days_since_min"": 2.0}",muted,
2025-03-21,KZT,dip_vs_trend,"dip_vs_trend(pct=0.1,rearm=5,span=40,window=120)",BUY_NOW,down,0.08333333333333348,medium,8,0.168327,"{""span"": 40, ""window"": 120, ""pct"": 0.1, ""rearm"": 5, ""_feasible"": null, ""_n_feasible"": 0, ""_fixed"": true}","{""dev_pct"": -6.514993106378364, ""pct_rank"": 0.09166666666666666, ""window"": 120.0, ""span"": 40.0}",muted,
2025-03-26,KZT,reversal,"reversal(max_days_since_min=10,rearm=5,rise_bps=50,window=120)",WINDOW_CLOSING,up,1.0,slow,8,0.167465,"{""window"": 120, ""rise_bps"": 50, ""max_days_since_min"": 10, ""rearm"": 5, ""_feasible"": null, ""_n_feasible"": 0, ""_fixed"": true}","{""rise_pct"": 2.539845821316833, ""min_rate"": 0.163317, ""days_since_min"": 6.0, ""window"": 120.0}",sent,WINDOW_CLOSING
2025-03-27,KZT,level,"level(pct=0.1,rearm=5,stall_days=0,window=120)",BUY_NOW,down,0.5833333333333334,medium,8,0.167065,"{""window"": 120, ""pct"": 0.1, ""stall_days"": 0, ""rearm"": 5, ""_feasible"": null, ""_n_feasible"": 0, ""_fixed"": true}","{""pct_rank"": 0.041666666666666664, ""window"": 120.0, ""days_since_min"": 7.0}",muted,
2025-04-03,KZT,level,"level(pct=0.1,rearm=5,stall_days=0,window=120)",BUY_NOW,down,0.33333333333333337,medium,8,0.167743,"{""window"": 120, ""pct"": 0.1, ""stall_days"": 0, ""rearm"": 5, ""_feasible"": null, ""_n_feasible"": 0, ""_fixed"": true}","{""pct_rank"": 0.06666666666666667, ""window"": 120.0, ""days_since_min"": 12.0}",muted,
2025-04-10,KZT,level,"level(pct=0.1,rearm=5,stall_days=0,window=120)",BUY_NOW,down,0.8333333333333334,medium,8,0.163341,"{""window"": 120, ""pct"": 0.1, ""stall_days"": 0, ""rearm"": 5, ""_feasible"": null, ""_n_feasible"": 0, ""_fixed"": true}","{""pct_rank"": 0.016666666666666666, ""window"": 120.0, ""days_since_min"": 17.0}",muted,
2025-04-11,KZT,ml_localmin,"ml_localmin(fp_cost=3.0,gate_pct=0.2,gate_window=120,h=10,min_pos_rate=0.25,rearm=5,seed=0,tol_bps=10.0)",BUY_NOW,down,0.35113692052954065,medium,8,0.163058,"{""threshold"": 0.1259, ""_fitted"": true}","{""proba"": 0.35113692052954065, ""pct_rank"": 0.008333333333333333, ""window"": 120.0}",sent,BUY_NOW
2025-04-15,KZT,dip_vs_trend,"dip_vs_trend(pct=0.1,rearm=5,span=40,window=120)",BUY_NOW,down,0.41666666666666674,medium,8,0.158817,"{""span"": 40, ""window"": 120, ""pct"": 0.1, ""rearm"": 5, ""_feasible"": null, ""_n_feasible"": 0, ""_fixed"": true}","{""dev_pct"": -7.1701755906198645, ""pct_rank"": 0.058333333333333334, ""window"": 120.0, ""span"": 40.0}",muted,
2025-04-15,KZT,momentum,"momentum(n=4,rearm=3)",BUY_NOW,down,0.5,fast,8,0.158817,"{""n"": 4, ""rearm"": 3, ""_feasible"": null, ""_n_feasible"": 0, ""_fixed"": true}","{""streak"": 4.0, ""drop_pct"": -4.338057692191855}",cooldown,
2025-04-16,KZT,reversal,"reversal(max_days_since_min=10,rearm=5,rise_bps=50,window=120)",WINDOW_CLOSING,up,0.6032099838178429,slow,8,0.159775,"{""window"": 120, ""rise_bps"": 50, ""max_days_since_min"": 10, ""rearm"": 5, ""_feasible"": null, ""_n_feasible"": 0, ""_fixed"": true}","{""rise_pct"": 0.6032099838178429, ""min_rate"": 0.158817, ""days_since_min"": 1.0, ""window"": 120.0}",cooldown,
2025-04-17,KZT,level,"level(pct=0.1,rearm=5,stall_days=0,window=120)",BUY_NOW,down,0.9166666666666666,medium,8,0.157226,"{""window"": 120, ""pct"": 0.1, ""stall_days"": 0, ""rearm"": 5, ""_feasible"": null, ""_n_feasible"": 0, ""_fixed"": true}","{""pct_rank"": 0.008333333333333333, ""window"": 120.0, ""days_since_min"": 0.0}",muted,
2025-04-18,KZT,ml_localmin,"ml_localmin(fp_cost=3.0,gate_pct=0.2,gate_window=120,h=10,min_pos_rate=0.25,rearm=5,seed=0,tol_bps=10.0)",BUY_NOW,down,0.3570027443589037,medium,8,0.155079,"{""threshold"": 0.1259, ""_fitted"": true}","{""proba"": 0.3570027443589037, ""pct_rank"": 0.008333333333333333, ""window"": 120.0}",sent,BUY_NOW
2025-04-22,KZT,dip_vs_trend,"dip_vs_trend(pct=0.1,rearm=5,span=40,window=120)",BUY_NOW,down,0.16666666666666674,medium,8,0.156198,"{""span"": 40, ""window"": 120, ""pct"": 0.1, ""rearm"": 5, ""_feasible"": null, ""_n_feasible"": 0, ""_fixed"": true}","{""dev_pct"": -7.366517044675325, ""pct_rank"": 0.08333333333333333, ""window"": 120.0, ""span"": 40.0}",muted,
2025-04-23,KZT,reversal,"reversal(max_days_since_min=10,rearm=5,rise_bps=50,window=120)",WINDOW_CLOSING,up,1.0,slow,8,0.158982,"{""window"": 120, ""rise_bps"": 50, ""max_days_since_min"": 10, ""rearm"": 5, ""_feasible"": null, ""_n_feasible"": 0, ""_fixed"": true}","{""rise_pct"": 2.740044719597789, ""min_rate"": 0.154742, ""days_since_min"": 2.0, ""window"": 120.0}",cooldown,
2025-04-24,KZT,level,"level(pct=0.1,rearm=5,stall_days=0,window=120)",BUY_NOW,down,0.33333333333333337,medium,8,0.159849,"{""window"": 120, ""pct"": 0.1, ""stall_days"": 0, ""rearm"": 5, ""_feasible"": null, ""_n_feasible"": 0, ""_fixed"": true}","{""pct_rank"": 0.06666666666666667, ""window"": 120.0, ""days_since_min"": 3.0}",muted,
2025-04-30,KZT,reversal,"reversal(max_days_since_min=10,rearm=5,rise_bps=50,window=120)",WINDOW_CLOSING,up,1.0,slow,8,0.159067,"{""window"": 120, ""rise_bps"": 50, ""max_days_since_min"": 10, ""rearm"": 5, ""_feasible"": null, ""_n_feasible"": 0, ""_fixed"": true}","{""rise_pct"": 2.79497486138216, ""min_rate"": 0.154742, ""days_since_min"": 7.0, ""window"": 120.0}",sent,WINDOW_CLOSING
2025-05-05,KZT,level,"level(pct=0.1,rearm=5,stall_days=0,window=120)",BUY_NOW,down,0.5833333333333334,medium,8,0.158698,"{""window"": 120, ""pct"": 0.1, ""stall_days"": 0, ""rearm"": 5, ""_feasible"": null, ""_n_feasible"": 0, ""_fixed"": true}","{""pct_rank"": 0.041666666666666664, ""window"": 120.0, ""days_since_min"": 8.0}",muted,
2025-05-14,KZT,level,"level(pct=0.1,rearm=5,stall_days=0,window=120)",BUY_NOW,down,0.2500000000000001,medium,8,0.157283,"{""window"": 120, ""pct"": 0.1, ""stall_days"": 0, ""rearm"": 5, ""_feasible"": null, ""_n_feasible"": 0, ""_fixed"": true}","{""pct_rank"": 0.075, ""window"": 120.0, ""days_since_min"": 13.0}",muted,
2025-05-21,KZT,level,"level(pct=0.1,rearm=5,stall_days=0,window=120)",BUY_NOW,down,0.75,medium,8,0.155892,"{""window"": 120, ""pct"": 0.1, ""stall_days"": 0, ""rearm"": 5, ""_feasible"": null, ""_n_feasible"": 0, ""_fixed"": true}","{""pct_rank"": 0.025, ""window"": 120.0, ""days_since_min"": 18.0}",muted,
2025-05-21,KZT,momentum,"momentum(n=4,rearm=3)",BUY_NOW,down,0.5,fast,8,0.155892,"{""n"": 4, ""rearm"": 3, ""_feasible"": null, ""_n_feasible"": 0, ""_fixed"": true}","{""streak"": 4.0, ""drop_pct"": -1.7421339249697354}",sent,BUY_NOW
2025-05-26,KZT,ml_localmin,"ml_localmin(fp_cost=3.0,gate_pct=0.2,gate_window=120,h=10,min_pos_rate=0.25,rearm=5,seed=0,tol_bps=10.0)",BUY_NOW,down,0.27229468670788054,medium,8,0.155937,"{""threshold"": 0.1259, ""_fitted"": true}","{""proba"": 0.27229468670788054, ""pct_rank"": 0.03333333333333333, ""window"": 120.0}",cooldown,
2025-05-28,KZT,level,"level(pct=0.1,rearm=5,stall_days=0,window=120)",BUY_NOW,down,0.75,medium,8,0.155427,"{""window"": 120, ""pct"": 0.1, ""stall_days"": 0, ""rearm"": 5, ""_feasible"": null, ""_n_feasible"": 0, ""_fixed"": true}","{""pct_rank"": 0.025, ""window"": 120.0, ""days_since_min"": 23.0}",muted,
2025-05-29,KZT,momentum,"momentum(n=4,rearm=3)",BUY_NOW,down,0.5,fast,8,0.153117,"{""n"": 4, ""rearm"": 3, ""_feasible"": null, ""_n_feasible"": 0, ""_fixed"": true}","{""streak"": 4.0, ""drop_pct"": -2.59670863046203}",sent,BUY_NOW
2025-05-30,KZT,reversal,"reversal(max_days_since_min=10,rearm=5,rise_bps=50,window=120)",WINDOW_CLOSING,up,0.8215939444999654,slow,8,0.154375,"{""window"": 120, ""rise_bps"": 50, ""max_days_since_min"": 10, ""rearm"": 5, ""_feasible"": null, ""_n_feasible"": 0, ""_fixed"": true}","{""rise_pct"": 0.8215939444999654, ""min_rate"": 0.153117, ""days_since_min"": 1.0, ""window"": 120.0}",cooldown,
2025-06-03,KZT,ml_localmin,"ml_localmin(fp_cost=3.0,gate_pct=0.2,gate_window=120,h=10,min_pos_rate=0.25,rearm=5,seed=0,tol_bps=10.0)",BUY_NOW,down,0.23803572928258038,medium,8,0.154203,"{""threshold"": 0.1259, ""_fitted"": true}","{""proba"": 0.23803572928258038, ""pct_rank"": 0.016666666666666666, ""window"": 120.0}",cooldown,
2025-06-04,KZT,level,"level(pct=0.1,rearm=5,stall_days=0,window=120)",BUY_NOW,down,0.8333333333333334,medium,8,0.153295,"{""window"": 120, ""pct"": 0.1, ""stall_days"": 0, ""rearm"": 5, ""_feasible"": null, ""_n_feasible"": 0, ""_fixed"": true}","{""pct_rank"": 0.016666666666666666, ""window"": 120.0, ""days_since_min"": 4.0}",muted,
2025-06-06,KZT,reversal,"reversal(max_days_since_min=10,rearm=5,rise_bps=50,window=120)",WINDOW_CLOSING,up,1.0,slow,8,0.155178,"{""window"": 120, ""rise_bps"": 50, ""max_days_since_min"": 10, ""rearm"": 5, ""_feasible"": null, ""_n_feasible"": 0, ""_fixed"": true}","{""rise_pct"": 1.3460295068477013, ""min_rate"": 0.153117, ""days_since_min"": 6.0, ""window"": 120.0}",sent,WINDOW_CLOSING
2025-06-11,KZT,level,"level(pct=0.1,rearm=5,stall_days=0,window=120)",BUY_NOW,down,0.0,medium,8,0.155389,"{""window"": 120, ""pct"": 0.1, ""stall_days"": 0, ""rearm"": 5, ""_feasible"": null, ""_n_feasible"": 0, ""_fixed"": true}","{""pct_rank"": 0.1, ""window"": 120.0, ""days_since_min"": 9.0}",muted,
2025-06-19,KZT,ml_localmin,"ml_localmin(fp_cost=3.0,gate_pct=0.2,gate_window=120,h=10,min_pos_rate=0.25,rearm=5,seed=0,tol_bps=10.0)",BUY_NOW,down,0.16944218358012256,medium,8,0.151277,"{""threshold"": 0.1259, ""_fitted"": true}","{""proba"": 0.16944218358012256, ""pct_rank"": 0.008333333333333333, ""window"": 120.0}",sent,BUY_NOW
2025-06-20,KZT,level,"level(pct=0.1,rearm=5,stall_days=0,window=120)",BUY_NOW,down,0.9166666666666666,medium,8,0.151095,"{""window"": 120, ""pct"": 0.1, ""stall_days"": 0, ""rearm"": 5, ""_feasible"": null, ""_n_feasible"": 0, ""_fixed"": true}","{""pct_rank"": 0.008333333333333333, ""window"": 120.0, ""days_since_min"": 0.0}",muted,
2025-06-23,KZT,momentum,"momentum(n=4,rearm=3)",BUY_NOW,down,0.5,fast,8,0.150109,"{""n"": 4, ""rearm"": 3, ""_feasible"": null, ""_n_feasible"": 0, ""_fixed"": true}","{""streak"": 4.0, ""drop_pct"": -2.27596757918036}",cooldown,
2025-06-25,KZT,reversal,"reversal(max_days_since_min=10,rearm=5,rise_bps=50,window=120)",WINDOW_CLOSING,up,0.560259629253701,slow,8,0.150591,"{""window"": 120, ""rise_bps"": 50, ""max_days_since_min"": 10, ""rearm"": 5, ""_feasible"": null, ""_n_feasible"": 0, ""_fixed"": true}","{""rise_pct"": 0.560259629253701, ""min_rate"": 0.149752, ""days_since_min"": 1.0, ""window"": 120.0}",sent,WINDOW_CLOSING
2025-06-27,KZT,level,"level(pct=0.1,rearm=5,stall_days=0,window=120)",BUY_NOW,down,0.41666666666666674,medium,8,0.151384,"{""window"": 120, ""pct"": 0.1, ""stall_days"": 0, ""rearm"": 5, ""_feasible"": null, ""_n_feasible"": 0, ""_fixed"": true}","{""pct_rank"": 0.058333333333333334, ""window"": 120.0, ""days_since_min"": 3.0}",muted,
2025-07-02,KZT,reversal,"reversal(max_days_since_min=10,rearm=5,rise_bps=50,window=120)",WINDOW_CLOSING,up,1.0,slow,9,0.151464,"{""window"": 120, ""rise_bps"": 50, ""max_days_since_min"": 10, ""rearm"": 5, ""_feasible"": null, ""_n_feasible"": 0, ""_fixed"": true}","{""rise_pct"": 1.1432234627918092, ""min_rate"": 0.149752, ""days_since_min"": 6.0, ""window"": 120.0}",muted,
2025-07-04,KZT,level,"level(pct=0.1,rearm=5,stall_days=0,window=120)",BUY_NOW,down,0.08333333333333348,medium,9,0.151732,"{""window"": 120, ""pct"": 0.1, ""stall_days"": 0, ""rearm"": 5, ""_feasible"": null, ""_n_feasible"": 0, ""_fixed"": true}","{""pct_rank"": 0.09166666666666666, ""window"": 120.0, ""days_since_min"": 8.0}",muted,
2025-07-08,KZT,ml_localmin,"ml_localmin(fp_cost=3.0,gate_pct=0.2,gate_window=120,h=10,min_pos_rate=0.25,rearm=5,seed=0,tol_bps=10.0)",BUY_NOW,down,0.010074117312368232,medium,9,0.150465,"{""threshold"": 0.0041, ""_fitted"": true}","{""proba"": 0.010074117312368232, ""pct_rank"": 0.025, ""window"": 120.0}",sent,BUY_NOW
2025-07-09,KZT,momentum,"momentum(n=4,rearm=3)",BUY_NOW,down,0.5,fast,9,0.150454,"{""n"": 4, ""rearm"": 3, ""_feasible"": null, ""_n_feasible"": 0, ""_fixed"": true}","{""streak"": 4.0, ""drop_pct"": -1.0053822163150872}",cooldown,
2025-07-11,KZT,level,"level(pct=0.1,rearm=5,stall_days=0,window=120)",BUY_NOW,down,0.6666666666666667,medium,9,0.150259,"{""window"": 120, ""pct"": 0.1, ""stall_days"": 0, ""rearm"": 5, ""_feasible"": null, ""_n_feasible"": 0, ""_fixed"": true}","{""pct_rank"": 0.03333333333333333, ""window"": 120.0, ""days_since_min"": 13.0}",muted,
2025-07-15,KZT,ml_localmin,"ml_localmin(fp_cost=3.0,gate_pct=0.2,gate_window=120,h=10,min_pos_rate=0.25,rearm=5,seed=0,tol_bps=10.0)",BUY_NOW,down,0.05484484531238157,medium,9,0.148707,"{""threshold"": 0.0041, ""_fitted"": true}","{""proba"": 0.05484484531238157, ""pct_rank"": 0.008333333333333333, ""window"": 120.0}",sent,BUY_NOW
2025-07-18,KZT,level,"level(pct=0.1,rearm=5,stall_days=0,window=120)",BUY_NOW,down,0.9166666666666666,medium,9,0.147,"{""window"": 120, ""pct"": 0.1, ""stall_days"": 0, ""rearm"": 5, ""_feasible"": null, ""_n_feasible"": 0, ""_fixed"": true}","{""pct_rank"": 0.008333333333333333, ""window"": 120.0, ""days_since_min"": 0.0}",muted,
2025-07-23,KZT,ml_localmin,"ml_localmin(fp_cost=3.0,gate_pct=0.2,gate_window=120,h=10,min_pos_rate=0.25,rearm=5,seed=0,tol_bps=10.0)",BUY_NOW,down,0.005088606842701199,medium,9,0.147469,"{""threshold"": 0.0041, ""_fitted"": true}","{""proba"": 0.005088606842701199, ""pct_rank"": 0.025, ""window"": 120.0}",sent,BUY_NOW
2025-07-24,KZT,seasonality,"seasonality(from_day=24,min_share=0.7,min_years=4,rearm=20)",BUY_NOW,down,0.8,slow,9,0.14641,"{""min_share"": 0.7, ""min_years"": 4, ""from_day"": 24, ""rearm"": 20, ""_feasible"": null, ""_n_feasible"": 0, ""_fixed"": true}","{""k_years"": 8.0, ""n_years"": 10.0, ""target_month"": 8.0}",cooldown,
2025-07-25,KZT,level,"level(pct=0.1,rearm=5,stall_days=0,window=120)",BUY_NOW,down,0.75,medium,9,0.146795,"{""window"": 120, ""pct"": 0.1, ""stall_days"": 0, ""rearm"": 5, ""_feasible"": null, ""_n_feasible"": 0, ""_fixed"": true}","{""pct_rank"": 0.025, ""window"": 120.0, ""days_since_min"": 1.0}",muted,
2025-07-29,KZT,reversal,"reversal(max_days_since_min=10,rearm=5,rise_bps=50,window=120)",WINDOW_CLOSING,up,1.0,slow,9,0.151851,"{""window"": 120, ""rise_bps"": 50, ""max_days_since_min"": 10, ""rearm"": 5, ""_feasible"": null, ""_n_feasible"": 0, ""_fixed"": true}","{""rise_pct"": 3.9719274221157175, ""min_rate"": 0.14605, ""days_since_min"": 1.0, ""window"": 120.0}",muted,
2025-08-01,KZT,level,"level(pct=0.1,rearm=5,stall_days=0,window=120)",BUY_NOW,down,0.08333333333333348,medium,9,0.148543,"{""window"": 120, ""pct"": 0.1, ""stall_days"": 0, ""rearm"": 5, ""_feasible"": null, ""_n_feasible"": 0, ""_fixed"": true}","{""pct_rank"": 0.09166666666666666, ""window"": 120.0, ""days_since_min"": 4.0}",muted,
2025-08-05,KZT,reversal,"reversal(max_days_since_min=10,rearm=5,rise_bps=50,window=120)",WINDOW_CLOSING,up,1.0,slow,9,0.147741,"{""window"": 120, ""rise_bps"": 50, ""max_days_since_min"": 10, ""rearm"": 5, ""_feasible"": null, ""_n_feasible"": 0, ""_fixed"": true}","{""rise_pct"": 1.1578226634714195, ""min_rate"": 0.14605, ""days_since_min"": 6.0, ""window"": 120.0}",muted,
2025-08-08,KZT,level,"level(pct=0.1,rearm=5,stall_days=0,window=120)",BUY_NOW,down,0.08333333333333348,medium,9,0.14791,"{""window"": 120, ""pct"": 0.1, ""stall_days"": 0, ""rearm"": 5, ""_feasible"": null, ""_n_feasible"": 0, ""_fixed"": true}","{""pct_rank"": 0.09166666666666666, ""window"": 120.0, ""days_since_min"": 9.0}",muted,
2025-08-12,KZT,ml_localmin,"ml_localmin(fp_cost=3.0,gate_pct=0.2,gate_window=120,h=10,min_pos_rate=0.25,rearm=5,seed=0,tol_bps=10.0)",BUY_NOW,down,0.006715887339992174,medium,9,0.147185,"{""threshold"": 0.0041, ""_fitted"": true}","{""proba"": 0.006715887339992174, ""pct_rank"": 0.06666666666666667, ""window"": 120.0}",thinned,
2025-08-12,KZT,momentum,"momentum(n=4,rearm=3)",BUY_NOW,down,0.5,fast,9,0.147185,"{""n"": 4, ""rearm"": 3, ""_feasible"": null, ""_n_feasible"": 0, ""_fixed"": true}","{""streak"": 4.0, ""drop_pct"": -1.340617354291651}",sent,BUY_NOW
2025-10-01,KZT,ml_localmin,"ml_localmin(fp_cost=3.0,gate_pct=0.2,gate_window=120,h=10,min_pos_rate=0.25,rearm=5,seed=0,tol_bps=10.0)",BUY_NOW,down,0.062221533361984126,medium,9,0.148429,"{""threshold"": 0.0041, ""_fitted"": true}","{""proba"": 0.062221533361984126, ""pct_rank"": 0.15, ""window"": 120.0}",sent,BUY_NOW
2025-10-02,KZT,level,"level(pct=0.1,rearm=5,stall_days=0,window=120)",BUY_NOW,down,0.0,medium,9,0.147516,"{""window"": 120, ""pct"": 0.1, ""stall_days"": 0, ""rearm"": 5, ""_feasible"": null, ""_n_feasible"": 0, ""_fixed"": true}","{""pct_rank"": 0.1, ""window"": 120.0, ""days_since_min"": 48.0}",muted,
2025-10-02,KZT,momentum,"momentum(n=4,rearm=3)",BUY_NOW,down,0.5,fast,9,0.147516,"{""n"": 4, ""rearm"": 3, ""_feasible"": null, ""_n_feasible"": 0, ""_fixed"": true}","{""streak"": 4.0, ""drop_pct"": -4.431314623338245}",cooldown,
2025-10-14,KZT,ml_localmin,"ml_localmin(fp_cost=3.0,gate_pct=0.2,gate_window=120,h=10,min_pos_rate=0.25,rearm=5,seed=0,tol_bps=10.0)",BUY_NOW,down,0.029667563253904183,medium,9,0.148686,"{""threshold"": 0.0041, ""_fitted"": true}","{""proba"": 0.029667563253904183, ""pct_rank"": 0.18333333333333332, ""window"": 120.0}",sent,BUY_NOW
2025-10-15,KZT,level,"level(pct=0.1,rearm=5,stall_days=0,window=120)",BUY_NOW,down,0.8333333333333334,medium,9,0.146369,"{""window"": 120, ""pct"": 0.1, ""stall_days"": 0, ""rearm"": 5, ""_feasible"": null, ""_n_feasible"": 0, ""_fixed"": true}","{""pct_rank"": 0.016666666666666666, ""window"": 120.0, ""days_since_min"": 57.0}",muted,
2025-10-27,KZT,level,"level(pct=0.1,rearm=5,stall_days=0,window=120)",BUY_NOW,down,0.5,medium,9,0.146776,"{""window"": 120, ""pct"": 0.1, ""stall_days"": 0, ""rearm"": 5, ""_feasible"": null, ""_n_feasible"": 0, ""_fixed"": true}","{""pct_rank"": 0.05, ""window"": 120.0, ""days_since_min"": 65.0}",muted,
2025-10-27,KZT,ml_localmin,"ml_localmin(fp_cost=3.0,gate_pct=0.2,gate_window=120,h=10,min_pos_rate=0.25,rearm=5,seed=0,tol_bps=10.0)",BUY_NOW,down,0.07948551068668756,medium,9,0.146776,"{""threshold"": 0.0041, ""_fitted"": true}","{""proba"": 0.07948551068668756, ""pct_rank"": 0.05, ""window"": 120.0}",sent,BUY_NOW
2025-11-26,KZT,momentum,"momentum(n=4,rearm=3)",BUY_NOW,down,0.5,fast,9,0.151609,"{""n"": 4, ""rearm"": 3, ""_feasible"": null, ""_n_feasible"": 0, ""_fixed"": true}","{""streak"": 4.0, ""drop_pct"": -2.4583413755388417}",sent,BUY_NOW
2026-01-19,KZT,momentum,"momentum(n=4,rearm=3)",BUY_NOW,down,0.5,fast,10,0.151825,"{""n"": 4, ""rearm"": 3, ""_feasible"": null, ""_n_feasible"": 0, ""_fixed"": true}","{""streak"": 4.0, ""drop_pct"": -1.834322587319448}",sent,BUY_NOW
2026-01-22,KZT,dip_vs_trend,"dip_vs_trend(pct=0.1,rearm=5,span=40,window=120)",BUY_NOW,down,0.0,medium,10,0.150066,"{""span"": 40, ""window"": 120, ""pct"": 0.1, ""rearm"": 5, ""_feasible"": null, ""_n_feasible"": 0, ""_fixed"": true}","{""dev_pct"": -1.917807323844245, ""pct_rank"": 0.1, ""window"": 120.0, ""span"": 40.0}",muted,
2026-01-26,KZT,seasonality,"seasonality(from_day=24,min_share=0.7,min_years=4,rearm=20)",BUY_NOW,down,0.7272727272727273,slow,10,0.151008,"{""min_share"": 0.7, ""min_years"": 4, ""from_day"": 24, ""rearm"": 20, ""_feasible"": null, ""_n_feasible"": 0, ""_fixed"": true}","{""k_years"": 8.0, ""n_years"": 11.0, ""target_month"": 2.0}",sent,BUY_NOW
2026-03-25,KZT,momentum,"momentum(n=4,rearm=3)",BUY_NOW,down,0.5,fast,10,0.167353,"{""n"": 4, ""rearm"": 3, ""_feasible"": null, ""_n_feasible"": 0, ""_fixed"": true}","{""streak"": 4.0, ""drop_pct"": -4.822757957834989}",sent,BUY_NOW
2026-04-10,KZT,dip_vs_trend,"dip_vs_trend(pct=0.1,rearm=5,span=40,window=120)",BUY_NOW,down,0.2500000000000001,medium,10,0.160419,"{""span"": 40, ""window"": 120, ""pct"": 0.1, ""rearm"": 5, ""_feasible"": null, ""_n_feasible"": 0, ""_fixed"": true}","{""dev_pct"": -1.447048576580745, ""pct_rank"": 0.075, ""window"": 120.0, ""span"": 40.0}",muted,
2026-04-17,KZT,dip_vs_trend,"dip_vs_trend(pct=0.1,rearm=5,span=40,window=120)",BUY_NOW,down,0.08333333333333348,medium,10,0.161315,"{""span"": 40, ""window"": 120, ""pct"": 0.1, ""rearm"": 5, ""_feasible"": null, ""_n_feasible"": 0, ""_fixed"": true}","{""dev_pct"": -1.215720549154009, ""pct_rank"": 0.09166666666666666, ""window"": 120.0, ""span"": 40.0}",muted,
2026-04-27,KZT,dip_vs_trend,"dip_vs_trend(pct=0.1,rearm=5,span=40,window=120)",BUY_NOW,down,0.5,medium,10,0.160926,"{""span"": 40, ""window"": 120, ""pct"": 0.1, ""rearm"": 5, ""_feasible"": null, ""_n_feasible"": 0, ""_fixed"": true}","{""dev_pct"": -2.015004686871602, ""pct_rank"": 0.05, ""window"": 120.0, ""span"": 40.0}",muted,
2026-05-05,KZT,dip_vs_trend,"dip_vs_trend(pct=0.1,rearm=5,span=40,window=120)",BUY_NOW,down,0.33333333333333337,medium,10,0.162196,"{""span"": 40, ""window"": 120, ""pct"": 0.1, ""rearm"": 5, ""_feasible"": null, ""_n_feasible"": 0, ""_fixed"": true}","{""dev_pct"": -1.6984258178300071, ""pct_rank"": 0.06666666666666667, ""window"": 120.0, ""span"": 40.0}",muted,
2026-05-08,KZT,momentum,"momentum(n=4,rearm=3)",BUY_NOW,down,0.5,fast,10,0.160325,"{""n"": 4, ""rearm"": 3, ""_feasible"": null, ""_n_feasible"": 0, ""_fixed"": true}","{""streak"": 4.0, ""drop_pct"": -1.6205834345814463}",sent,BUY_NOW
2026-05-13,KZT,dip_vs_trend,"dip_vs_trend(pct=0.1,rearm=5,span=40,window=120)",BUY_NOW,down,0.9166666666666666,medium,10,0.158095,"{""span"": 40, ""window"": 120, ""pct"": 0.1, ""rearm"": 5, ""_feasible"": null, ""_n_feasible"": 0, ""_fixed"": true}","{""dev_pct"": -4.055963662702055, ""pct_rank"": 0.008333333333333333, ""window"": 120.0, ""span"": 40.0}",muted,
2026-05-14,KZT,momentum,"momentum(n=4,rearm=3)",BUY_NOW,down,0.875,fast,10,0.156402,"{""n"": 4, ""rearm"": 3, ""_feasible"": null, ""_n_feasible"": 0, ""_fixed"": true}","{""streak"": 7.0, ""drop_pct"": -4.027834026729494}",cooldown,
2026-05-19,KZT,ml_localmin,"ml_localmin(fp_cost=3.0,gate_pct=0.2,gate_window=120,h=10,min_pos_rate=0.25,rearm=5,seed=0,tol_bps=10.0)",BUY_NOW,down,0.1999987767577576,medium,10,0.152471,"{""threshold"": 0.0265, ""_fitted"": true}","{""proba"": 0.1999987767577576, ""pct_rank"": 0.19166666666666668, ""window"": 120.0}",thinned,
2026-05-19,KZT,momentum,"momentum(n=4,rearm=3)",BUY_NOW,down,1.0,fast,10,0.152471,"{""n"": 4, ""rearm"": 3, ""_feasible"": null, ""_n_feasible"": 0, ""_fixed"": true}","{""streak"": 10.0, ""drop_pct"": -6.439993618300754}",sent,BUY_NOW
2026-05-20,KZT,dip_vs_trend,"dip_vs_trend(pct=0.1,rearm=5,span=40,window=120)",BUY_NOW,down,0.9166666666666666,medium,10,0.150342,"{""span"": 40, ""window"": 120, ""pct"": 0.1, ""rearm"": 5, ""_feasible"": null, ""_n_feasible"": 0, ""_fixed"": true}","{""dev_pct"": -7.43556393581406, ""pct_rank"": 0.008333333333333333, ""window"": 120.0, ""span"": 40.0}",muted,
2026-05-20,KZT,level,"level(pct=0.1,rearm=5,stall_days=0,window=120)",BUY_NOW,down,0.75,medium,10,0.150342,"{""window"": 120, ""pct"": 0.1, ""stall_days"": 0, ""rearm"": 5, ""_feasible"": null, ""_n_feasible"": 0, ""_fixed"": true}","{""pct_rank"": 0.025, ""window"": 120.0, ""days_since_min"": 80.0}",muted,
2026-05-22,KZT,reversal,"reversal(max_days_since_min=10,rearm=5,rise_bps=50,window=120)",WINDOW_CLOSING,up,0.6604377149254992,slow,10,0.151043,"{""window"": 120, ""rise_bps"": 50, ""max_days_since_min"": 10, ""rearm"": 5, ""_feasible"": null, ""_n_feasible"": 0, ""_fixed"": true}","{""rise_pct"": 0.6604377149254992, ""min_rate"": 0.150052, ""days_since_min"": 1.0, ""window"": 120.0}",muted,
2026-05-27,KZT,dip_vs_trend,"dip_vs_trend(pct=0.1,rearm=5,span=40,window=120)",BUY_NOW,down,0.75,medium,10,0.14849,"{""span"": 40, ""window"": 120, ""pct"": 0.1, ""rearm"": 5, ""_feasible"": null, ""_n_feasible"": 0, ""_fixed"": true}","{""dev_pct"": -7.3040147711792125, ""pct_rank"": 0.025, ""window"": 120.0, ""span"": 40.0}",muted,
2026-05-27,KZT,level,"level(pct=0.1,rearm=5,stall_days=0,window=120)",BUY_NOW,down,0.9166666666666666,medium,10,0.14849,"{""window"": 120, ""pct"": 0.1, ""stall_days"": 0, ""rearm"": 5, ""_feasible"": null, ""_n_feasible"": 0, ""_fixed"": true}","{""pct_rank"": 0.008333333333333333, ""window"": 120.0, ""days_since_min"": 0.0}",muted,
2026-05-27,KZT,ml_localmin,"ml_localmin(fp_cost=3.0,gate_pct=0.2,gate_window=120,h=10,min_pos_rate=0.25,rearm=5,seed=0,tol_bps=10.0)",BUY_NOW,down,0.13787933118677637,medium,10,0.14849,"{""threshold"": 0.0265, ""_fitted"": true}","{""proba"": 0.13787933118677637, ""pct_rank"": 0.008333333333333333, ""window"": 120.0}",sent,BUY_NOW
2026-06-01,KZT,reversal,"reversal(max_days_since_min=10,rearm=5,rise_bps=50,window=120)",WINDOW_CLOSING,up,0.6645154233209327,slow,10,0.147244,"{""window"": 120, ""rise_bps"": 50, ""max_days_since_min"": 10, ""rearm"": 5, ""_feasible"": null, ""_n_feasible"": 0, ""_fixed"": true}","{""rise_pct"": 0.6645154233209327, ""min_rate"": 0.146272, ""days_since_min"": 1.0, ""window"": 120.0}",muted,
2026-06-03,KZT,level,"level(pct=0.1,rearm=5,stall_days=0,window=120)",BUY_NOW,down,0.5833333333333334,medium,10,0.148725,"{""window"": 120, ""pct"": 0.1, ""stall_days"": 0, ""rearm"": 5, ""_feasible"": null, ""_n_feasible"": 0, ""_fixed"": true}","{""pct_rank"": 0.041666666666666664, ""window"": 120.0, ""days_since_min"": 3.0}",muted,
2026-06-08,KZT,reversal,"reversal(max_days_since_min=10,rearm=5,rise_bps=50,window=120)",WINDOW_CLOSING,up,1.0,slow,10,0.150304,"{""window"": 120, ""rise_bps"": 50, ""max_days_since_min"": 10, ""rearm"": 5, ""_feasible"": null, ""_n_feasible"": 0, ""_fixed"": true}","{""rise_pct"": 2.756508422664616, ""min_rate"": 0.146272, ""days_since_min"": 6.0, ""window"": 120.0}",muted,
2026-06-09,KZT,ml_localmin,"ml_localmin(fp_cost=3.0,gate_pct=0.2,gate_window=120,h=10,min_pos_rate=0.25,rearm=5,seed=0,tol_bps=10.0)",BUY_NOW,down,0.03193659378136145,medium,10,0.147968,"{""threshold"": 0.0265, ""_fitted"": true}","{""proba"": 0.03193659378136145, ""pct_rank"": 0.025, ""window"": 120.0}",sent,BUY_NOW
2026-06-10,KZT,dip_vs_trend,"dip_vs_trend(pct=0.1,rearm=5,span=40,window=120)",BUY_NOW,down,0.16666666666666674,medium,10,0.146446,"{""span"": 40, ""window"": 120, ""pct"": 0.1, ""rearm"": 5, ""_feasible"": null, ""_n_feasible"": 0, ""_fixed"": true}","{""dev_pct"": -5.95846005260563, ""pct_rank"": 0.08333333333333333, ""window"": 120.0, ""span"": 40.0}",muted,
2026-06-10,KZT,level,"level(pct=0.1,rearm=5,stall_days=0,window=120)",BUY_NOW,down,0.8333333333333334,medium,10,0.146446,"{""window"": 120, ""pct"": 0.1, ""stall_days"": 0, ""rearm"": 5, ""_feasible"": null, ""_n_feasible"": 0, ""_fixed"": true}","{""pct_rank"": 0.016666666666666666, ""window"": 120.0, ""days_since_min"": 8.0}",muted,
2026-06-10,KZT,momentum,"momentum(n=4,rearm=3)",BUY_NOW,down,0.5,fast,10,0.146446,"{""n"": 4, ""rearm"": 3, ""_feasible"": null, ""_n_feasible"": 0, ""_fixed"": true}","{""streak"": 4.0, ""drop_pct"": -3.550517989686308}",cooldown,
2021-01-13,TJS,level,"level(pct=0.1,rearm=5,stall_days=0,window=120)",BUY_NOW,down,0.8333333333333334,medium,0,6.45251,"{""window"": 120, ""pct"": 0.1, ""stall_days"": 0, ""rearm"": 5, ""_feasible"": null, ""_n_feasible"": 0, ""_fixed"": true}","{""pct_rank"": 0.016666666666666666, ""window"": 120.0, ""days_since_min"": 16.0}",sent,BUY_NOW
2021-01-20,TJS,level,"level(pct=0.1,rearm=5,stall_days=0,window=120)",BUY_NOW,down,0.9166666666666666,medium,0,6.43747,"{""window"": 120, ""pct"": 0.1, ""stall_days"": 0, ""rearm"": 5, ""_feasible"": null, ""_n_feasible"": 0, ""_fixed"": true}","{""pct_rank"": 0.008333333333333333, ""window"": 120.0, ""days_since_min"": 0.0}",sent,BUY_NOW
2021-01-22,TJS,reversal,"reversal(max_days_since_min=10,rearm=5,rise_bps=50,window=120)",WINDOW_CLOSING,up,1.0,slow,0,6.5258,"{""window"": 120, ""rise_bps"": 50, ""max_days_since_min"": 10, ""rearm"": 5, ""_feasible"": null, ""_n_feasible"": 0, ""_fixed"": true}","{""rise_pct"": 1.3721228992135126, ""min_rate"": 6.43747, ""days_since_min"": 2.0, ""window"": 120.0}",cooldown,
2021-01-29,TJS,reversal,"reversal(max_days_since_min=10,rearm=5,rise_bps=50,window=120)",WINDOW_CLOSING,up,1.0,slow,0,6.69177,"{""window"": 120, ""rise_bps"": 50, ""max_days_since_min"": 10, ""rearm"": 5, ""_feasible"": null, ""_n_feasible"": 0, ""_fixed"": true}","{""rise_pct"": 3.9503096713460417, ""min_rate"": 6.43747, ""days_since_min"": 7.0, ""window"": 120.0}",sent,WINDOW_CLOSING
2021-02-09,TJS,momentum,"momentum(n=4,rearm=3)",BUY_NOW,down,0.5,fast,0,6.50454,"{""n"": 4, ""rearm"": 3, ""_feasible"": null, ""_n_feasible"": 0, ""_fixed"": true}","{""streak"": 4.0, ""drop_pct"": -2.577352013443923}",sent,BUY_NOW
2021-02-10,TJS,level,"level(pct=0.1,rearm=5,stall_days=0,window=120)",BUY_NOW,down,0.16666666666666674,medium,0,6.48114,"{""window"": 120, ""pct"": 0.1, ""stall_days"": 0, ""rearm"": 5, ""_feasible"": null, ""_n_feasible"": 0, ""_fixed"": true}","{""pct_rank"": 0.08333333333333333, ""window"": 120.0, ""days_since_min"": 15.0}",cooldown,
2021-02-17,TJS,level,"level(pct=0.1,rearm=5,stall_days=0,window=120)",BUY_NOW,down,0.0,medium,0,6.47362,"{""window"": 120, ""pct"": 0.1, ""stall_days"": 0, ""rearm"": 5, ""_feasible"": null, ""_n_feasible"": 0, ""_fixed"": true}","{""pct_rank"": 0.1, ""window"": 120.0, ""days_since_min"": 1.0}",thinned,
2021-02-17,TJS,reversal,"reversal(max_days_since_min=10,rearm=5,rise_bps=50,window=120)",WINDOW_CLOSING,up,0.6514587077795619,slow,0,6.47362,"{""window"": 120, ""rise_bps"": 50, ""max_days_since_min"": 10, ""rearm"": 5, ""_feasible"": null, ""_n_feasible"": 0, ""_fixed"": true}","{""rise_pct"": 0.6514587077795619, ""min_rate"": 6.43172, ""days_since_min"": 1.0, ""window"": 120.0}",sent,WINDOW_CLOSING
2021-02-25,TJS,level,"level(pct=0.1,rearm=5,stall_days=0,window=120)",BUY_NOW,down,0.5,medium,0,6.44798,"{""window"": 120, ""pct"": 0.1, ""stall_days"": 0, ""rearm"": 5, ""_feasible"": null, ""_n_feasible"": 0, ""_fixed"": true}","{""pct_rank"": 0.05, ""window"": 120.0, ""days_since_min"": 6.0}",sent,BUY_NOW
2021-02-26,TJS,reversal,"reversal(max_days_since_min=10,rearm=5,rise_bps=50,window=120)",WINDOW_CLOSING,up,1.0,slow,0,6.53245,"{""window"": 120, ""rise_bps"": 50, ""max_days_since_min"": 10, ""rearm"": 5, ""_feasible"": null, ""_n_feasible"": 0, ""_fixed"": true}","{""rise_pct"": 1.5661440485593259, ""min_rate"": 6.43172, ""days_since_min"": 7.0, ""window"": 120.0}",cooldown,
2021-03-11,TJS,level,"level(pct=0.1,rearm=5,stall_days=0,window=120)",BUY_NOW,down,0.41666666666666674,medium,0,6.45016,"{""window"": 120, ""pct"": 0.1, ""stall_days"": 0, ""rearm"": 5, ""_feasible"": null, ""_n_feasible"": 0, ""_fixed"": true}","{""pct_rank"": 0.058333333333333334, ""window"": 120.0, ""days_since_min"": 15.0}",sent,BUY_NOW
2021-03-18,TJS,reversal,"reversal(max_days_since_min=10,rearm=5,rise_bps=50,window=120)",WINDOW_CLOSING,up,0.9544008483563182,slow,0,6.46408,"{""window"": 120, ""rise_bps"": 50, ""max_days_since_min"": 10, ""rearm"": 5, ""_feasible"": null, ""_n_feasible"": 0, ""_fixed"": true}","{""rise_pct"": 0.9544008483563182, ""min_rate"": 6.40297, ""days_since_min"": 2.0, ""window"": 120.0}",sent,WINDOW_CLOSING
2021-03-25,TJS,reversal,"reversal(max_days_since_min=10,rearm=5,rise_bps=50,window=120)",WINDOW_CLOSING,up,1.0,slow,0,6.68194,"{""window"": 120, ""rise_bps"": 50, ""max_days_since_min"": 10, ""rearm"": 5, ""_feasible"": null, ""_n_feasible"": 0, ""_fixed"": true}","{""rise_pct"": 4.356884383340853, ""min_rate"": 6.40297, ""days_since_min"": 7.0, ""window"": 120.0}",sent,WINDOW_CLOSING
2021-05-19,TJS,momentum,"momentum(n=4,rearm=3)",BUY_NOW,down,0.5,fast,0,6.46013,"{""n"": 4, ""rearm"": 3, ""_feasible"": null, ""_n_feasible"": 0, ""_fixed"": true}","{""streak"": 4.0, ""drop_pct"": -0.9129324426924712}",sent,BUY_NOW
2021-05-21,TJS,level,"level(pct=0.1,rearm=5,stall_days=0,window=120)",BUY_NOW,down,0.0,medium,0,6.45158,"{""window"": 120, ""pct"": 0.1, ""stall_days"": 0, ""rearm"": 5, ""_feasible"": null, ""_n_feasible"": 0, ""_fixed"": true}","{""pct_rank"": 0.1, ""window"": 120.0, ""days_since_min"": 46.0}",cooldown,
2021-05-24,TJS,momentum,"momentum(n=4,rearm=3)",BUY_NOW,down,0.875,fast,0,6.44687,"{""n"": 4, ""rearm"": 3, ""_feasible"": null, ""_n_feasible"": 0, ""_fixed"": true}","{""streak"": 7.0, ""drop_pct"": -1.1163175937358716}",cooldown,
2021-06-01,TJS,level,"level(pct=0.1,rearm=5,stall_days=0,window=120)",BUY_NOW,down,0.75,medium,0,6.42184,"{""window"": 120, ""pct"": 0.1, ""stall_days"": 0, ""rearm"": 5, ""_feasible"": null, ""_n_feasible"": 0, ""_fixed"": true}","{""pct_rank"": 0.025, ""window"": 120.0, ""days_since_min"": 53.0}",sent,BUY_NOW
2021-06-08,TJS,level,"level(pct=0.1,rearm=5,stall_days=0,window=120)",BUY_NOW,down,0.9166666666666666,medium,0,6.38541,"{""window"": 120, ""pct"": 0.1, ""stall_days"": 0, ""rearm"": 5, ""_feasible"": null, ""_n_feasible"": 0, ""_fixed"": true}","{""pct_rank"": 0.008333333333333333, ""window"": 120.0, ""days_since_min"": 0.0}",sent,BUY_NOW
2021-06-09,TJS,dip_vs_trend,"dip_vs_trend(pct=0.1,rearm=5,span=40,window=120)",BUY_NOW,down,0.08333333333333348,medium,0,6.35932,"{""span"": 40, ""window"": 120, ""pct"": 0.1, ""rearm"": 5, ""_feasible"": null, ""_n_feasible"": 0, ""_fixed"": true}","{""dev_pct"": -2.553770289007218, ""pct_rank"": 0.09166666666666666, ""window"": 120.0, ""span"": 40.0}",cooldown,
2021-06-11,TJS,momentum,"momentum(n=4,rearm=3)",BUY_NOW,down,0.5,fast,0,6.28494,"{""n"": 4, ""rearm"": 3, ""_feasible"": null, ""_n_feasible"": 0, ""_fixed"": true}","{""streak"": 4.0, ""drop_pct"": -2.316754740441407}",cooldown,
2021-06-16,TJS,level,"level(pct=0.1,rearm=5,stall_days=0,window=120)",BUY_NOW,down,0.75,medium,0,6.31585,"{""window"": 120, ""pct"": 0.1, ""stall_days"": 0, ""rearm"": 5, ""_feasible"": null, ""_n_feasible"": 0, ""_fixed"": true}","{""pct_rank"": 0.025, ""window"": 120.0, ""days_since_min"": 2.0}",sent,BUY_NOW
2021-06-17,TJS,reversal,"reversal(max_days_since_min=10,rearm=5,rise_bps=50,window=120)",WINDOW_CLOSING,up,1.0,slow,0,6.35728,"{""window"": 120, ""rise_bps"": 50, ""max_days_since_min"": 10, ""rearm"": 5, ""_feasible"": null, ""_n_feasible"": 0, ""_fixed"": true}","{""rise_pct"": 1.1510054193039299, ""min_rate"": 6.28494, ""days_since_min"": 3.0, ""window"": 120.0}",cooldown,
2021-06-23,TJS,level,"level(pct=0.1,rearm=5,stall_days=0,window=120)",BUY_NOW,down,0.33333333333333337,medium,0,6.37151,"{""window"": 120, ""pct"": 0.1, ""stall_days"": 0, ""rearm"": 5, ""_feasible"": null, ""_n_feasible"": 0, ""_fixed"": true}","{""pct_rank"": 0.06666666666666667, ""window"": 120.0, ""days_since_min"": 7.0}",sent,BUY_NOW
2021-06-24,TJS,reversal,"reversal(max_days_since_min=10,rearm=5,rise_bps=50,window=120)",WINDOW_CLOSING,up,0.9015201417992946,slow,0,6.3416,"{""window"": 120, ""rise_bps"": 50, ""max_days_since_min"": 10, ""rearm"": 5, ""_feasible"": null, ""_n_feasible"": 0, ""_fixed"": true}","{""rise_pct"": 0.9015201417992946, ""min_rate"": 6.28494, ""days_since_min"": 8.0, ""window"": 120.0}",cooldown,
2021-06-25,TJS,momentum,"momentum(n=4,rearm=3)",BUY_NOW,down,0.5,fast,0,6.32787,"{""n"": 4, ""rearm"": 3, ""_feasible"": null, ""_n_feasible"": 0, ""_fixed"": true}","{""streak"": 4.0, ""drop_pct"": -1.4061750169831688}",cooldown,
2021-07-26,TJS,seasonality,"seasonality(from_day=24,min_share=0.7,min_years=4,rearm=20)",BUY_NOW,down,0.8333333333333334,slow,1,6.49698,"{""min_share"": 0.7, ""min_years"": 4, ""from_day"": 24, ""rearm"": 20, ""_feasible"": null, ""_n_feasible"": 0, ""_fixed"": true}","{""k_years"": 5.0, ""n_years"": 6.0, ""target_month"": 8.0}",sent,BUY_NOW
2021-07-29,TJS,ml_localmin,"ml_localmin(fp_cost=3.0,gate_pct=0.2,gate_window=120,h=10,min_pos_rate=0.25,rearm=5,seed=0,tol_bps=10.0)",BUY_NOW,down,0.21570154045509254,medium,1,6.4174,"{""threshold"": 0.0529, ""_fitted"": true}","{""proba"": 0.21570154045509254, ""pct_rank"": 0.15833333333333333, ""window"": 120.0}",cooldown,
2021-07-30,TJS,momentum,"momentum(n=4,rearm=3)",BUY_NOW,down,0.5,fast,1,6.41287,"{""n"": 4, ""rearm"": 3, ""_feasible"": null, ""_n_feasible"": 0, ""_fixed"": true}","{""streak"": 4.0, ""drop_pct"": -1.29460149177002}",sent,BUY_NOW
2021-08-04,TJS,momentum,"momentum(n=4,rearm=3)",BUY_NOW,down,0.875,fast,1,6.38191,"{""n"": 4, ""rearm"": 3, ""_feasible"": null, ""_n_feasible"": 0, ""_fixed"": true}","{""streak"": 7.0, ""drop_pct"": -1.771130586826486}",cooldown,
2021-09-14,TJS,ml_localmin,"ml_localmin(fp_cost=3.0,gate_pct=0.2,gate_window=120,h=10,min_pos_rate=0.25,rearm=5,seed=0,tol_bps=10.0)",BUY_NOW,down,0.583842569899174,medium,1,6.41527,"{""threshold"": 0.0529, ""_fitted"": true}","{""proba"": 0.583842569899174, ""pct_rank"": 0.18333333333333332, ""window"": 120.0}",sent,BUY_NOW
2021-09-27,TJS,ml_localmin,"ml_localmin(fp_cost=3.0,gate_pct=0.2,gate_window=120,h=10,min_pos_rate=0.25,rearm=5,seed=0,tol_bps=10.0)",BUY_NOW,down,0.18407179285509737,medium,1,6.41035,"{""threshold"": 0.0529, ""_fitted"": true}","{""proba"": 0.18407179285509737, ""pct_rank"": 0.175, ""window"": 120.0}",sent,BUY_NOW
2021-10-05,TJS,ml_localmin,"ml_localmin(fp_cost=3.0,gate_pct=0.2,gate_window=120,h=10,min_pos_rate=0.25,rearm=5,seed=0,tol_bps=10.0)",BUY_NOW,down,0.05923021879661435,medium,1,6.40782,"{""threshold"": 0.0529, ""_fitted"": true}","{""proba"": 0.05923021879661435, ""pct_rank"": 0.18333333333333332, ""window"": 120.0}",sent,BUY_NOW
2021-10-08,TJS,level,"level(pct=0.1,rearm=5,stall_days=0,window=120)",BUY_NOW,down,0.08333333333333348,medium,1,6.35798,"{""window"": 120, ""pct"": 0.1, ""stall_days"": 0, ""rearm"": 5, ""_feasible"": null, ""_n_feasible"": 0, ""_fixed"": true}","{""pct_rank"": 0.09166666666666666, ""window"": 120.0, ""days_since_min"": 84.0}",cooldown,
2021-10-08,TJS,momentum,"momentum(n=4,rearm=3)",BUY_NOW,down,0.5,fast,1,6.35798,"{""n"": 4, ""rearm"": 3, ""_feasible"": null, ""_n_feasible"": 0, ""_fixed"": true}","{""streak"": 4.0, ""drop_pct"": -1.2613368120263257}",thinned,
2021-10-13,TJS,ml_localmin,"ml_localmin(fp_cost=3.0,gate_pct=0.2,gate_window=120,h=10,min_pos_rate=0.25,rearm=5,seed=0,tol_bps=10.0)",BUY_NOW,down,0.29000430136391575,medium,1,6.35347,"{""threshold"": 0.0529, ""_fitted"": true}","{""proba"": 0.29000430136391575, ""pct_rank"": 0.1, ""window"": 120.0}",sent,BUY_NOW
2021-10-15,TJS,level,"level(pct=0.1,rearm=5,stall_days=0,window=120)",BUY_NOW,down,0.75,medium,1,6.30138,"{""window"": 120, ""pct"": 0.1, ""stall_days"": 0, ""rearm"": 5, ""_feasible"": null, ""_n_feasible"": 0, ""_fixed"": true}","{""pct_rank"": 0.025, ""window"": 120.0, ""days_since_min"": 89.0}",cooldown,
2021-10-19,TJS,momentum,"momentum(n=4,rearm=3)",BUY_NOW,down,0.5,fast,1,6.27503,"{""n"": 4, ""rearm"": 3, ""_feasible"": null, ""_n_feasible"": 0, ""_fixed"": true}","{""streak"": 4.0, ""drop_pct"": -1.2346009346073772}",sent,BUY_NOW
2021-10-22,TJS,level,"level(pct=0.1,rearm=5,stall_days=0,window=120)",BUY_NOW,down,0.75,medium,1,6.2863,"{""window"": 120, ""pct"": 0.1, ""stall_days"": 0, ""rearm"": 5, ""_feasible"": null, ""_n_feasible"": 0, ""_fixed"": true}","{""pct_rank"": 0.025, ""window"": 120.0, ""days_since_min"": 3.0}",cooldown,
2021-10-25,TJS,dip_vs_trend,"dip_vs_trend(pct=0.1,rearm=5,span=40,window=120)",BUY_NOW,down,0.6666666666666667,medium,1,6.22311,"{""span"": 40, ""window"": 120, ""pct"": 0.1, ""rearm"": 5, ""_feasible"": null, ""_n_feasible"": 0, ""_fixed"": true}","{""dev_pct"": -2.6624927346178606, ""pct_rank"": 0.03333333333333333, ""window"": 120.0, ""span"": 40.0}",sent,BUY_NOW
2021-10-26,TJS,momentum,"momentum(n=4,rearm=3)",BUY_NOW,down,0.5,fast,1,6.17971,"{""n"": 4, ""rearm"": 3, ""_feasible"": null, ""_n_feasible"": 0, ""_fixed"": true}","{""streak"": 4.0, ""drop_pct"": -1.8323892067748426}",cooldown,
2021-10-28,TJS,reversal,"reversal(max_days_since_min=10,rearm=5,rise_bps=50,window=120)",WINDOW_CLOSING,up,1.0,slow,1,6.27408,"{""window"": 120, ""rise_bps"": 50, ""max_days_since_min"": 10, ""rearm"": 5, ""_feasible"": null, ""_n_feasible"": 0, ""_fixed"": true}","{""rise_pct"": 1.5270943134871873, ""min_rate"": 6.17971, ""days_since_min"": 2.0, ""window"": 120.0}",cooldown,
2021-10-29,TJS,level,"level(pct=0.1,rearm=5,stall_days=0,window=120)",BUY_NOW,down,0.6666666666666667,medium,1,6.27123,"{""window"": 120, ""pct"": 0.1, ""stall_days"": 0, ""rearm"": 5, ""_feasible"": null, ""_n_feasible"": 0, ""_fixed"": true}","{""pct_rank"": 0.03333333333333333, ""window"": 120.0, ""days_since_min"": 3.0}",sent,BUY_NOW
2021-10-29,TJS,ml_localmin,"ml_localmin(fp_cost=3.0,gate_pct=0.2,gate_window=120,h=10,min_pos_rate=0.25,rearm=5,seed=0,tol_bps=10.0)",BUY_NOW,down,0.1432586386183202,medium,1,6.27123,"{""threshold"": 0.0529, ""_fitted"": true}","{""proba"": 0.1432586386183202, ""pct_rank"": 0.03333333333333333, ""window"": 120.0}",thinned,
2021-11-08,TJS,reversal,"reversal(max_days_since_min=10,rearm=5,rise_bps=50,window=120)",WINDOW_CLOSING,up,1.0,slow,1,6.33518,"{""window"": 120, ""rise_bps"": 50, ""max_days_since_min"": 10, ""rearm"": 5, ""_feasible"": null, ""_n_feasible"": 0, ""_fixed"": true}","{""rise_pct"": 2.515813848869941, ""min_rate"": 6.17971, ""days_since_min"": 7.0, ""window"": 120.0}",sent,WINDOW_CLOSING
2021-11-10,TJS,level,"level(pct=0.1,rearm=5,stall_days=0,window=120)",BUY_NOW,down,0.6666666666666667,medium,1,6.26451,"{""window"": 120, ""pct"": 0.1, ""stall_days"": 0, ""rearm"": 5, ""_feasible"": null, ""_n_feasible"": 0, ""_fixed"": true}","{""pct_rank"": 0.03333333333333333, ""window"": 120.0, ""days_since_min"": 9.0}",cooldown,
2021-11-10,TJS,ml_localmin,"ml_localmin(fp_cost=3.0,gate_pct=0.2,gate_window=120,h=10,min_pos_rate=0.25,rearm=5,seed=0,tol_bps=10.0)",BUY_NOW,down,0.16612341240057238,medium,1,6.26451,"{""threshold"": 0.0529, ""_fitted"": true}","{""proba"": 0.16612341240057238, ""pct_rank"": 0.03333333333333333, ""window"": 120.0}",thinned,
2021-11-10,TJS,momentum,"momentum(n=4,rearm=3)",BUY_NOW,down,0.5,fast,1,6.26451,"{""n"": 4, ""rearm"": 3, ""_feasible"": null, ""_n_feasible"": 0, ""_fixed"": true}","{""streak"": 4.0, ""drop_pct"": -1.5778624778866712}",thinned,
2021-12-13,TJS,momentum,"momentum(n=4,rearm=3)",BUY_NOW,down,0.5,fast,1,6.50228,"{""n"": 4, ""rearm"": 3, ""_feasible"": null, ""_n_feasible"": 0, ""_fixed"": true}","{""streak"": 4.0, ""drop_pct"": -0.9834228230844011}",sent,BUY_NOW
2021-12-24,TJS,momentum,"momentum(n=4,rearm=3)",BUY_NOW,down,0.5,fast,1,6.4826,"{""n"": 4, ""rearm"": 3, ""_feasible"": null, ""_n_feasible"": 0, ""_fixed"": true}","{""streak"": 4.0, ""drop_pct"": -1.4889265079977898}",sent,BUY_NOW
2022-02-02,TJS,momentum,"momentum(n=4,rearm=3)",BUY_NOW,down,0.5,fast,2,6.77157,"{""n"": 4, ""rearm"": 3, ""_feasible"": null, ""_n_feasible"": 0, ""_fixed"": true}","{""streak"": 4.0, ""drop_pct"": -3.118655707448992}",sent,BUY_NOW
2022-02-09,TJS,momentum,"momentum(n=4,rearm=3)",BUY_NOW,down,0.5,fast,2,6.62253,"{""n"": 4, ""rearm"": 3, ""_feasible"": null, ""_n_feasible"": 0, ""_fixed"": true}","{""streak"": 4.0, ""drop_pct"": -2.454928415719082}",sent,BUY_NOW
2022-03-25,TJS,dip_vs_trend,"dip_vs_trend(pct=0.1,rearm=5,span=40,window=120)",BUY_NOW,down,0.9166666666666666,medium,2,7.63517,"{""span"": 40, ""window"": 120, ""pct"": 0.1, ""rearm"": 5, ""_feasible"": null, ""_n_feasible"": 0, ""_fixed"": true}","{""dev_pct"": -3.4175694266426637, ""pct_rank"": 0.008333333333333333, ""window"": 120.0, ""span"": 40.0}",storm,
2022-03-25,TJS,momentum,"momentum(n=4,rearm=3)",BUY_NOW,down,0.5,fast,2,7.63517,"{""n"": 4, ""rearm"": 3, ""_feasible"": null, ""_n_feasible"": 0, ""_fixed"": true}","{""streak"": 4.0, ""drop_pct"": -14.829394861543687}",thinned,
2022-04-01,TJS,dip_vs_trend,"dip_vs_trend(pct=0.1,rearm=5,span=40,window=120)",BUY_NOW,down,0.8333333333333334,medium,2,6.44007,"{""span"": 40, ""window"": 120, ""pct"": 0.1, ""rearm"": 5, ""_feasible"": null, ""_n_feasible"": 0, ""_fixed"": true}","{""dev_pct"": -18.832616493858577, ""pct_rank"": 0.016666666666666666, ""window"": 120.0, ""span"": 40.0}",storm,
2022-04-07,TJS,level,"level(pct=0.1,rearm=5,stall_days=0,window=120)",BUY_NOW,down,0.9166666666666666,medium,2,6.10038,"{""window"": 120, ""pct"": 0.1, ""stall_days"": 0, ""rearm"": 5, ""_feasible"": null, ""_n_feasible"": 0, ""_fixed"": true}","{""pct_rank"": 0.008333333333333333, ""window"": 120.0, ""days_since_min"": 0.0}",sent,BUY_NOW
2022-04-07,TJS,ml_localmin,"ml_localmin(fp_cost=3.0,gate_pct=0.2,gate_window=120,h=10,min_pos_rate=0.25,rearm=5,seed=0,tol_bps=10.0)",BUY_NOW,down,0.024903865786420305,medium,2,6.10038,"{""threshold"": 0.0004, ""_fitted"": true}","{""proba"": 0.024903865786420305, ""pct_rank"": 0.008333333333333333, ""window"": 120.0}",thinned,
2022-04-08,TJS,dip_vs_trend,"dip_vs_trend(pct=0.1,rearm=5,span=40,window=120)",BUY_NOW,down,0.9166666666666666,medium,2,5.98801,"{""span"": 40, ""window"": 120, ""pct"": 0.1, ""rearm"": 5, ""_feasible"": null, ""_n_feasible"": 0, ""_fixed"": true}","{""dev_pct"": -24.180513386206826, ""pct_rank"": 0.008333333333333333, ""window"": 120.0, ""span"": 40.0}",cooldown,
2022-04-08,TJS,momentum,"momentum(n=4,rearm=3)",BUY_NOW,down,0.5,fast,2,5.98801,"{""n"": 4, ""rearm"": 3, ""_feasible"": null, ""_n_feasible"": 0, ""_fixed"": true}","{""streak"": 4.0, ""drop_pct"": -10.459127979830907}",thinned,
2022-04-11,TJS,reversal,"reversal(max_days_since_min=10,rearm=5,rise_bps=50,window=120)",WINDOW_CLOSING,up,1.0,slow,2,6.33277,"{""window"": 120, ""rise_bps"": 50, ""max_days_since_min"": 10, ""rearm"": 5, ""_feasible"": null, ""_n_feasible"": 0, ""_fixed"": true}","{""rise_pct"": 5.757505414987608, ""min_rate"": 5.98801, ""days_since_min"": 1.0, ""window"": 120.0}",cooldown,
2022-04-15,TJS,dip_vs_trend,"dip_vs_trend(pct=0.1,rearm=5,span=40,window=120)",BUY_NOW,down,0.33333333333333337,medium,2,6.40283,"{""span"": 40, ""window"": 120, ""pct"": 0.1, ""rearm"": 5, ""_feasible"": null, ""_n_feasible"": 0, ""_fixed"": true}","{""dev_pct"": -18.55780266348368, ""pct_rank"": 0.06666666666666667, ""window"": 120.0, ""span"": 40.0}",sent,BUY_NOW
2022-04-15,TJS,ml_localmin,"ml_localmin(fp_cost=3.0,gate_pct=0.2,gate_window=120,h=10,min_pos_rate=0.25,rearm=5,seed=0,tol_bps=10.0)",BUY_NOW,down,0.0011728474383058834,medium,2,6.40283,"{""threshold"": 0.0004, ""_fitted"": true}","{""proba"": 0.0011728474383058834, ""pct_rank"": 0.2, ""window"": 120.0}",thinned,
2022-04-18,TJS,reversal,"reversal(max_days_since_min=10,rearm=5,rise_bps=50,window=120)",WINDOW_CLOSING,up,1.0,slow,2,6.35242,"{""window"": 120, ""rise_bps"": 50, ""max_days_since_min"": 10, ""rearm"": 5, ""_feasible"": null, ""_n_feasible"": 0, ""_fixed"": true}","{""rise_pct"": 6.08566117959055, ""min_rate"": 5.98801, ""days_since_min"": 6.0, ""window"": 120.0}",cooldown,
2022-04-20,TJS,level,"level(pct=0.1,rearm=5,stall_days=0,window=120)",BUY_NOW,down,0.75,medium,2,6.16277,"{""window"": 120, ""pct"": 0.1, ""stall_days"": 0, ""rearm"": 5, ""_feasible"": null, ""_n_feasible"": 0, ""_fixed"": true}","{""pct_rank"": 0.025, ""window"": 120.0, ""days_since_min"": 8.0}",cooldown,
2022-04-20,TJS,momentum,"momentum(n=4,rearm=3)",BUY_NOW,down,0.5,fast,2,6.16277,"{""n"": 4, ""rearm"": 3, ""_feasible"": null, ""_n_feasible"": 0, ""_fixed"": true}","{""streak"": 4.0, ""drop_pct"": -5.175607849653952}",thinned,
2022-04-22,TJS,dip_vs_trend,"dip_vs_trend(pct=0.1,rearm=5,span=40,window=120)",BUY_NOW,down,0.9166666666666666,medium,2,5.87687,"{""span"": 40, ""window"": 120, ""pct"": 0.1, ""rearm"": 5, ""_feasible"": null, ""_n_feasible"": 0, ""_fixed"": true}","{""dev_pct"": -24.19905752334708, ""pct_rank"": 0.008333333333333333, ""window"": 120.0, ""span"": 40.0}",sent,BUY_NOW
2022-04-22,TJS,ml_localmin,"ml_localmin(fp_cost=3.0,gate_pct=0.2,gate_window=120,h=10,min_pos_rate=0.25,rearm=5,seed=0,tol_bps=10.0)",BUY_NOW,down,0.02974859645420295,medium,2,5.87687,"{""threshold"": 0.0004, ""_fitted"": true}","{""proba"": 0.02974859645420295, ""pct_rank"": 0.008333333333333333, ""window"": 120.0}",thinned,
2022-04-25,TJS,momentum,"momentum(n=4,rearm=3)",BUY_NOW,down,0.875,fast,2,5.86537,"{""n"": 4, ""rearm"": 3, ""_feasible"": null, ""_n_feasible"": 0, ""_fixed"": true}","{""streak"": 7.0, ""drop_pct"": -9.751597903722631}",cooldown,
2022-04-27,TJS,level,"level(pct=0.1,rearm=5,stall_days=0,window=120)",BUY_NOW,down,0.8333333333333334,medium,2,5.83244,"{""window"": 120, ""pct"": 0.1, ""stall_days"": 0, ""rearm"": 5, ""_feasible"": null, ""_n_feasible"": 0, ""_fixed"": true}","{""pct_rank"": 0.016666666666666666, ""window"": 120.0, ""days_since_min"": 1.0}",cooldown,
2022-04-29,TJS,dip_vs_trend,"dip_vs_trend(pct=0.1,rearm=5,span=40,window=120)",BUY_NOW,down,0.5833333333333334,medium,2,5.68417,"{""span"": 40, ""window"": 120, ""pct"": 0.1, ""rearm"": 5, ""_feasible"": null, ""_n_feasible"": 0, ""_fixed"": true}","{""dev_pct"": -23.25208872395391, ""pct_rank"": 0.041666666666666664, ""window"": 120.0, ""span"": 40.0}",sent,BUY_NOW
2022-04-29,TJS,ml_localmin,"ml_localmin(fp_cost=3.0,gate_pct=0.2,gate_window=120,h=10,min_pos_rate=0.25,rearm=5,seed=0,tol_bps=10.0)",BUY_NOW,down,0.024418595087155662,medium,2,5.68417,"{""threshold"": 0.0004, ""_fitted"": true}","{""proba"": 0.024418595087155662, ""pct_rank"": 0.008333333333333333, ""window"": 120.0}",thinned,
2022-05-05,TJS,momentum,"momentum(n=4,rearm=3)",BUY_NOW,down,0.5,fast,2,5.30114,"{""n"": 4, ""rearm"": 3, ""_feasible"": null, ""_n_feasible"": 0, ""_fixed"": true}","{""streak"": 4.0, ""drop_pct"": -9.109395038783074}",cooldown,
2022-05-06,TJS,level,"level(pct=0.1,rearm=5,stall_days=0,window=120)",BUY_NOW,down,0.8333333333333334,medium,2,5.3929,"{""window"": 120, ""pct"": 0.1, ""stall_days"": 0, ""rearm"": 5, ""_feasible"": null, ""_n_feasible"": 0, ""_fixed"": true}","{""pct_rank"": 0.016666666666666666, ""window"": 120.0, ""days_since_min"": 1.0}",thinned,
2022-05-06,TJS,reversal,"reversal(max_days_since_min=10,rearm=5,rise_bps=50,window=120)",WINDOW_CLOSING,up,1.0,slow,2,5.3929,"{""window"": 120, ""rise_bps"": 50, ""max_days_since_min"": 10, ""rearm"": 5, ""_feasible"": null, ""_n_feasible"": 0, ""_fixed"": true}","{""rise_pct"": 1.730948437505897, ""min_rate"": 5.30114, ""days_since_min"": 1.0, ""window"": 120.0}",cooldown,
2022-05-12,TJS,dip_vs_trend,"dip_vs_trend(pct=0.1,rearm=5,span=40,window=120)",BUY_NOW,down,0.33333333333333337,medium,2,5.26543,"{""span"": 40, ""window"": 120, ""pct"": 0.1, ""rearm"": 5, ""_feasible"": null, ""_n_feasible"": 0, ""_fixed"": true}","{""dev_pct"": -23.297931263588147, ""pct_rank"": 0.06666666666666667, ""window"": 120.0, ""span"": 40.0}",sent,BUY_NOW
2022-05-12,TJS,ml_localmin,"ml_localmin(fp_cost=3.0,gate_pct=0.2,gate_window=120,h=10,min_pos_rate=0.25,rearm=5,seed=0,tol_bps=10.0)",BUY_NOW,down,0.0442466298603794,medium,2,5.26543,"{""threshold"": 0.0004, ""_fitted"": true}","{""proba"": 0.0442466298603794, ""pct_rank"": 0.008333333333333333, ""window"": 120.0}",thinned,
2022-05-17,TJS,level,"level(pct=0.1,rearm=5,stall_days=0,window=120)",BUY_NOW,down,0.8333333333333334,medium,2,5.08546,"{""window"": 120, ""pct"": 0.1, ""stall_days"": 0, ""rearm"": 5, ""_feasible"": null, ""_n_feasible"": 0, ""_fixed"": true}","{""pct_rank"": 0.016666666666666666, ""window"": 120.0, ""days_since_min"": 1.0}",cooldown,
2022-05-19,TJS,ml_localmin,"ml_localmin(fp_cost=3.0,gate_pct=0.2,gate_window=120,h=10,min_pos_rate=0.25,rearm=5,seed=0,tol_bps=10.0)",BUY_NOW,down,0.0412173255712594,medium,2,4.99425,"{""threshold"": 0.0004, ""_fitted"": true}","{""proba"": 0.0412173255712594, ""pct_rank"": 0.008333333333333333, ""window"": 120.0}",sent,BUY_NOW
2022-05-20,TJS,dip_vs_trend,"dip_vs_trend(pct=0.1,rearm=5,span=40,window=120)",BUY_NOW,down,0.5,medium,2,4.72982,"{""span"": 40, ""window"": 120, ""pct"": 0.1, ""rearm"": 5, ""_feasible"": null, ""_n_feasible"": 0, ""_fixed"": true}","{""dev_pct"": -24.12571003512567, ""pct_rank"": 0.05, ""window"": 120.0, ""span"": 40.0}",cooldown,
2022-05-23,TJS,reversal,"reversal(max_days_since_min=10,rearm=5,rise_bps=50,window=120)",WINDOW_CLOSING,up,1.0,slow,2,4.81064,"{""window"": 120, ""rise_bps"": 50, ""max_days_since_min"": 10, ""rearm"": 5, ""_feasible"": null, ""_n_feasible"": 0, ""_fixed"": true}","{""rise_pct"": 1.7087331018939442, ""min_rate"": 4.72982, ""days_since_min"": 1.0, ""window"": 120.0}",cooldown,
2022-05-24,TJS,level,"level(pct=0.1,rearm=5,stall_days=0,window=120)",BUY_NOW,down,0.75,medium,2,4.82788,"{""window"": 120, ""pct"": 0.1, ""stall_days"": 0, ""rearm"": 5, ""_feasible"": null, ""_n_feasible"": 0, ""_fixed"": true}","{""pct_rank"": 0.025, ""window"": 120.0, ""days_since_min"": 2.0}",cooldown,
2022-05-30,TJS,ml_localmin,"ml_localmin(fp_cost=3.0,gate_pct=0.2,gate_window=120,h=10,min_pos_rate=0.25,rearm=5,seed=0,tol_bps=10.0)",BUY_NOW,down,0.0006937188443541728,medium,2,5.53487,"{""threshold"": 0.0004, ""_fitted"": true}","{""proba"": 0.0006937188443541728, ""pct_rank"": 0.125, ""window"": 120.0}",thinned,
2022-05-30,TJS,reversal,"reversal(max_days_since_min=10,rearm=5,rise_bps=50,window=120)",WINDOW_CLOSING,up,1.0,slow,2,5.53487,"{""window"": 120, ""rise_bps"": 50, ""max_days_since_min"": 10, ""rearm"": 5, ""_feasible"": null, ""_n_feasible"": 0, ""_fixed"": true}","{""rise_pct"": 17.02073229002372, ""min_rate"": 4.72982, ""days_since_min"": 6.0, ""window"": 120.0}",sent,WINDOW_CLOSING
2022-06-01,TJS,level,"level(pct=0.1,rearm=5,stall_days=0,window=120)",BUY_NOW,down,0.0,medium,2,5.39239,"{""window"": 120, ""pct"": 0.1, ""stall_days"": 0, ""rearm"": 5, ""_feasible"": null, ""_n_feasible"": 0, ""_fixed"": true}","{""pct_rank"": 0.1, ""window"": 120.0, ""days_since_min"": 8.0}",cooldown,
2022-06-06,TJS,ml_localmin,"ml_localmin(fp_cost=3.0,gate_pct=0.2,gate_window=120,h=10,min_pos_rate=0.25,rearm=5,seed=0,tol_bps=10.0)",BUY_NOW,down,0.0035398906269151313,medium,2,5.36047,"{""threshold"": 0.0004, ""_fitted"": true}","{""proba"": 0.0035398906269151313, ""pct_rank"": 0.1, ""window"": 120.0}",sent,BUY_NOW
2022-06-08,TJS,level,"level(pct=0.1,rearm=5,stall_days=0,window=120)",BUY_NOW,down,0.0,medium,2,5.32993,"{""window"": 120, ""pct"": 0.1, ""stall_days"": 0, ""rearm"": 5, ""_feasible"": null, ""_n_feasible"": 0, ""_fixed"": true}","{""pct_rank"": 0.1, ""window"": 120.0, ""days_since_min"": 13.0}",cooldown,
2022-06-09,TJS,momentum,"momentum(n=4,rearm=3)",BUY_NOW,down,0.5,fast,2,5.16721,"{""n"": 4, ""rearm"": 3, ""_feasible"": null, ""_n_feasible"": 0, ""_fixed"": true}","{""streak"": 4.0, ""drop_pct"": -4.937808268069266}",cooldown,
2022-06-14,TJS,ml_localmin,"ml_localmin(fp_cost=3.0,gate_pct=0.2,gate_window=120,h=10,min_pos_rate=0.25,rearm=5,seed=0,tol_bps=10.0)",BUY_NOW,down,0.000565527965152182,medium,2,5.1211,"{""threshold"": 0.0004, ""_fitted"": true}","{""proba"": 0.000565527965152182, ""pct_rank"": 0.09166666666666666, ""window"": 120.0}",sent,BUY_NOW
2022-06-21,TJS,ml_localmin,"ml_localmin(fp_cost=3.0,gate_pct=0.2,gate_window=120,h=10,min_pos_rate=0.25,rearm=5,seed=0,tol_bps=10.0)",BUY_NOW,down,0.006200424608234851,medium,2,5.15963,"{""threshold"": 0.0004, ""_fitted"": true}","{""proba"": 0.006200424608234851, ""pct_rank"": 0.10833333333333334, ""window"": 120.0}",sent,BUY_NOW
2022-06-22,TJS,level,"level(pct=0.1,rearm=5,stall_days=0,window=120)",BUY_NOW,down,0.5,medium,2,5.02531,"{""window"": 120, ""pct"": 0.1, ""stall_days"": 0, ""rearm"": 5, ""_feasible"": null, ""_n_feasible"": 0, ""_fixed"": true}","{""pct_rank"": 0.05, ""window"": 120.0, ""days_since_min"": 22.0}",cooldown,
2022-06-28,TJS,ml_localmin,"ml_localmin(fp_cost=3.0,gate_pct=0.2,gate_window=120,h=10,min_pos_rate=0.25,rearm=5,seed=0,tol_bps=10.0)",BUY_NOW,down,0.02917474755844579,medium,2,5.01357,"{""threshold"": 0.0004, ""_fitted"": true}","{""proba"": 0.02917474755844579, ""pct_rank"": 0.05, ""window"": 120.0}",sent,BUY_NOW
2022-06-29,TJS,level,"level(pct=0.1,rearm=5,stall_days=0,window=120)",BUY_NOW,down,0.6666666666666667,medium,2,4.84754,"{""window"": 120, ""pct"": 0.1, ""stall_days"": 0, ""rearm"": 5, ""_feasible"": null, ""_n_feasible"": 0, ""_fixed"": true}","{""pct_rank"": 0.03333333333333333, ""window"": 120.0, ""days_since_min"": 27.0}",cooldown,
2022-07-01,TJS,ml_localmin,"ml_localmin(fp_cost=3.0,gate_pct=0.2,gate_window=120,h=10,min_pos_rate=0.25,rearm=5,seed=0,tol_bps=10.0)",BUY_NOW,down,0.0006212608114073905,medium,3,5.08859,"{""threshold"": 0.0001, ""_fitted"": true}","{""proba"": 0.0006212608114073905, ""pct_rank"": 0.13333333333333333, ""window"": 120.0}",cooldown,
2022-07-15,TJS,momentum,"momentum(n=4,rearm=3)",BUY_NOW,down,0.5,fast,3,5.54395,"{""n"": 4, ""rearm"": 3, ""_feasible"": null, ""_n_feasible"": 0, ""_fixed"": true}","{""streak"": 4.0, ""drop_pct"": -4.8988511938355295}",sent,BUY_NOW
2022-07-20,TJS,momentum,"momentum(n=4,rearm=3)",BUY_NOW,down,0.875,fast,3,5.29994,"{""n"": 4, ""rearm"": 3, ""_feasible"": null, ""_n_feasible"": 0, ""_fixed"": true}","{""streak"": 7.0, ""drop_pct"": -9.084608879275002}",cooldown,
2022-07-25,TJS,seasonality,"seasonality(from_day=24,min_share=0.7,min_years=4,rearm=20)",BUY_NOW,down,0.7142857142857143,slow,3,5.62685,"{""min_share"": 0.7, ""min_years"": 4, ""from_day"": 24, ""rearm"": 20, ""_feasible"": null, ""_n_feasible"": 0, ""_fixed"": true}","{""k_years"": 5.0, ""n_years"": 7.0, ""target_month"": 8.0}",sent,BUY_NOW
2022-09-13,TJS,momentum,"momentum(n=4,rearm=3)",BUY_NOW,down,0.5,fast,3,5.865,"{""n"": 4, ""rearm"": 3, ""_feasible"": null, ""_n_feasible"": 0, ""_fixed"": true}","{""streak"": 4.0, ""drop_pct"": -1.8004095416850108}",sent,BUY_NOW
2022-10-18,TJS,momentum,"momentum(n=4,rearm=3)",BUY_NOW,down,0.5,fast,3,6.03868,"{""n"": 4, ""rearm"": 3, ""_feasible"": null, ""_n_feasible"": 0, ""_fixed"": true}","{""streak"": 4.0, ""drop_pct"": -3.210150409683654}",sent,BUY_NOW
2022-10-21,TJS,momentum,"momentum(n=4,rearm=3)",BUY_NOW,down,0.875,fast,3,5.98996,"{""n"": 4, ""rearm"": 3, ""_feasible"": null, ""_n_feasible"": 0, ""_fixed"": true}","{""streak"": 7.0, ""drop_pct"": -3.9910497903496656}",cooldown,
2022-10-24,TJS,seasonality,"seasonality(from_day=24,min_share=0.7,min_years=4,rearm=20)",BUY_NOW,down,0.7142857142857143,slow,3,5.98703,"{""min_share"": 0.7, ""min_years"": 4, ""from_day"": 24, ""rearm"": 20, ""_feasible"": null, ""_n_feasible"": 0, ""_fixed"": true}","{""k_years"": 5.0, ""n_years"": 7.0, ""target_month"": 11.0}",sent,BUY_NOW
2023-01-11,TJS,momentum,"momentum(n=4,rearm=3)",BUY_NOW,down,0.5,fast,4,6.74671,"{""n"": 4, ""rearm"": 3, ""_feasible"": null, ""_n_feasible"": 0, ""_fixed"": true}","{""streak"": 4.0, ""drop_pct"": -4.3809224158212645}",muted,
2023-05-03,TJS,momentum,"momentum(n=4,rearm=3)",BUY_NOW,down,0.5,fast,4,7.26621,"{""n"": 4, ""rearm"": 3, ""_feasible"": null, ""_n_feasible"": 0, ""_fixed"": true}","{""streak"": 4.0, ""drop_pct"": -2.844387038804963}",muted,
2023-05-04,TJS,dip_vs_trend,"dip_vs_trend(pct=0.1,rearm=5,span=40,window=120)",BUY_NOW,down,0.41666666666666674,medium,4,7.20283,"{""span"": 40, ""window"": 120, ""pct"": 0.1, ""rearm"": 5, ""_feasible"": null, ""_n_feasible"": 0, ""_fixed"": true}","{""dev_pct"": -0.5269688517288262, ""pct_rank"": 0.058333333333333334, ""window"": 120.0, ""span"": 40.0}",sent,BUY_NOW
2023-05-10,TJS,momentum,"momentum(n=4,rearm=3)",BUY_NOW,down,0.875,fast,4,7.02734,"{""n"": 4, ""rearm"": 3, ""_feasible"": null, ""_n_feasible"": 0, ""_fixed"": true}","{""streak"": 7.0, ""drop_pct"": -6.038288848419693}",muted,
2023-05-26,TJS,dip_vs_trend,"dip_vs_trend(pct=0.1,rearm=5,span=40,window=120)",BUY_NOW,down,0.0,medium,4,7.32685,"{""span"": 40, ""window"": 120, ""pct"": 0.1, ""rearm"": 5, ""_feasible"": null, ""_n_feasible"": 0, ""_fixed"": true}","{""dev_pct"": -0.02103121882308656, ""pct_rank"": 0.1, ""window"": 120.0, ""span"": 40.0}",sent,BUY_NOW
2023-07-24,TJS,seasonality,"seasonality(from_day=24,min_share=0.7,min_years=4,rearm=20)",BUY_NOW,down,0.75,slow,5,8.28692,"{""min_share"": 0.7, ""min_years"": 4, ""from_day"": 24, ""rearm"": 20, ""_feasible"": null, ""_n_feasible"": 0, ""_fixed"": true}","{""k_years"": 6.0, ""n_years"": 8.0, ""target_month"": 8.0}",sent,BUY_NOW
2023-08-18,TJS,momentum,"momentum(n=4,rearm=3)",BUY_NOW,down,0.5,fast,5,8.52264,"{""n"": 4, ""rearm"": 3, ""_feasible"": null, ""_n_feasible"": 0, ""_fixed"": true}","{""streak"": 4.0, ""drop_pct"": -7.627476865249427}",sent,BUY_NOW
2023-09-12,TJS,dip_vs_trend,"dip_vs_trend(pct=0.1,rearm=5,span=40,window=120)",BUY_NOW,down,0.41666666666666674,medium,5,8.64059,"{""span"": 40, ""window"": 120, ""pct"": 0.1, ""rearm"": 5, ""_feasible"": null, ""_n_feasible"": 0, ""_fixed"": true}","{""dev_pct"": -0.1235366684284589, ""pct_rank"": 0.058333333333333334, ""window"": 120.0, ""span"": 40.0}",sent,BUY_NOW
2023-10-20,TJS,dip_vs_trend,"dip_vs_trend(pct=0.1,rearm=5,span=40,window=120)",BUY_NOW,down,0.5833333333333334,medium,5,8.75056,"{""span"": 40, ""window"": 120, ""pct"": 0.1, ""rearm"": 5, ""_feasible"": null, ""_n_feasible"": 0, ""_fixed"": true}","{""dev_pct"": -1.394032934708056, ""pct_rank"": 0.041666666666666664, ""window"": 120.0, ""span"": 40.0}",sent,BUY_NOW
2023-10-24,TJS,momentum,"momentum(n=4,rearm=3)",BUY_NOW,down,0.5,fast,5,8.53369,"{""n"": 4, ""rearm"": 3, ""_feasible"": null, ""_n_feasible"": 0, ""_fixed"": true}","{""streak"": 4.0, ""drop_pct"": -3.9512648076760803}",cooldown,
2023-10-27,TJS,dip_vs_trend,"dip_vs_trend(pct=0.1,rearm=5,span=40,window=120)",BUY_NOW,down,0.8333333333333334,medium,5,8.5064,"{""span"": 40, ""window"": 120, ""pct"": 0.1, ""rearm"": 5, ""_feasible"": null, ""_n_feasible"": 0, ""_fixed"": true}","{""dev_pct"": -3.8607187474791305, ""pct_rank"": 0.016666666666666666, ""window"": 120.0, ""span"": 40.0}",sent,BUY_NOW
2023-11-03,TJS,dip_vs_trend,"dip_vs_trend(pct=0.1,rearm=5,span=40,window=120)",BUY_NOW,down,0.41666666666666674,medium,5,8.49256,"{""span"": 40, ""window"": 120, ""pct"": 0.1, ""rearm"": 5, ""_feasible"": null, ""_n_feasible"": 0, ""_fixed"": true}","{""dev_pct"": -3.4427490465216537, ""pct_rank"": 0.058333333333333334, ""window"": 120.0, ""span"": 40.0}",sent,BUY_NOW
2023-11-08,TJS,momentum,"momentum(n=4,rearm=3)",BUY_NOW,down,0.5,fast,5,8.41731,"{""n"": 4, ""rearm"": 3, ""_feasible"": null, ""_n_feasible"": 0, ""_fixed"": true}","{""streak"": 4.0, ""drop_pct"": -1.1661889738077025}",cooldown,
2023-11-13,TJS,dip_vs_trend,"dip_vs_trend(pct=0.1,rearm=5,span=40,window=120)",BUY_NOW,down,0.41666666666666674,medium,5,8.41096,"{""span"": 40, ""window"": 120, ""pct"": 0.1, ""rearm"": 5, ""_feasible"": null, ""_n_feasible"": 0, ""_fixed"": true}","{""dev_pct"": -3.8978924819566996, ""pct_rank"": 0.058333333333333334, ""window"": 120.0, ""span"": 40.0}",sent,BUY_NOW
2023-11-15,TJS,ml_localmin,"ml_localmin(fp_cost=3.0,gate_pct=0.2,gate_window=120,h=10,min_pos_rate=0.25,rearm=5,seed=0,tol_bps=10.0)",BUY_NOW,down,0.17926498804102584,medium,5,8.16686,"{""threshold"": 0.0007, ""_fitted"": true}","{""proba"": 0.17926498804102584, ""pct_rank"": 0.2, ""window"": 120.0}",cooldown,
2023-11-20,TJS,dip_vs_trend,"dip_vs_trend(pct=0.1,rearm=5,span=40,window=120)",BUY_NOW,down,0.9166666666666666,medium,5,8.0803,"{""span"": 40, ""window"": 120, ""pct"": 0.1, ""rearm"": 5, ""_feasible"": null, ""_n_feasible"": 0, ""_fixed"": true}","{""dev_pct"": -6.849804142557058, ""pct_rank"": 0.008333333333333333, ""window"": 120.0, ""span"": 40.0}",sent,BUY_NOW
2023-11-22,TJS,ml_localmin,"ml_localmin(fp_cost=3.0,gate_pct=0.2,gate_window=120,h=10,min_pos_rate=0.25,rearm=5,seed=0,tol_bps=10.0)",BUY_NOW,down,0.0061208788626525065,medium,5,8.05099,"{""threshold"": 0.0007, ""_fitted"": true}","{""proba"": 0.0061208788626525065, ""pct_rank"": 0.15833333333333333, ""window"": 120.0}",cooldown,
2023-11-27,TJS,dip_vs_trend,"dip_vs_trend(pct=0.1,rearm=5,span=40,window=120)",BUY_NOW,down,0.2500000000000001,medium,5,8.09821,"{""span"": 40, ""window"": 120, ""pct"": 0.1, ""rearm"": 5, ""_feasible"": null, ""_n_feasible"": 0, ""_fixed"": true}","{""dev_pct"": -5.617014370509155, ""pct_rank"": 0.075, ""window"": 120.0, ""span"": 40.0}",sent,BUY_NOW
2023-11-29,TJS,ml_localmin,"ml_localmin(fp_cost=3.0,gate_pct=0.2,gate_window=120,h=10,min_pos_rate=0.25,rearm=5,seed=0,tol_bps=10.0)",BUY_NOW,down,0.0011623689919856505,medium,5,8.11608,"{""threshold"": 0.0007, ""_fitted"": true}","{""proba"": 0.0011623689919856505, ""pct_rank"": 0.175, ""window"": 120.0}",cooldown,
2023-12-12,TJS,ml_localmin,"ml_localmin(fp_cost=3.0,gate_pct=0.2,gate_window=120,h=10,min_pos_rate=0.25,rearm=5,seed=0,tol_bps=10.0)",BUY_NOW,down,0.003723805046538898,medium,5,8.22724,"{""threshold"": 0.0007, ""_fitted"": true}","{""proba"": 0.003723805046538898, ""pct_rank"": 0.16666666666666666, ""window"": 120.0}",thinned,
2023-12-12,TJS,momentum,"momentum(n=4,rearm=3)",BUY_NOW,down,0.5,fast,5,8.22724,"{""n"": 4, ""rearm"": 3, ""_feasible"": null, ""_n_feasible"": 0, ""_fixed"": true}","{""streak"": 4.0, ""drop_pct"": -2.800129958354247}",sent,BUY_NOW
2023-12-19,TJS,ml_localmin,"ml_localmin(fp_cost=3.0,gate_pct=0.2,gate_window=120,h=10,min_pos_rate=0.25,rearm=5,seed=0,tol_bps=10.0)",BUY_NOW,down,0.002026418543582658,medium,5,8.22007,"{""threshold"": 0.0007, ""_fitted"": true}","{""proba"": 0.002026418543582658, ""pct_rank"": 0.15, ""window"": 120.0}",sent,BUY_NOW
2023-12-28,TJS,ml_localmin,"ml_localmin(fp_cost=3.0,gate_pct=0.2,gate_window=120,h=10,min_pos_rate=0.25,rearm=5,seed=0,tol_bps=10.0)",BUY_NOW,down,0.027220740765352924,medium,5,8.24326,"{""threshold"": 0.0007, ""_fitted"": true}","{""proba"": 0.027220740765352924, ""pct_rank"": 0.15833333333333333, ""window"": 120.0}",sent,BUY_NOW
2023-12-29,TJS,momentum,"momentum(n=4,rearm=3)",BUY_NOW,down,0.5,fast,5,8.18712,"{""n"": 4, ""rearm"": 3, ""_feasible"": null, ""_n_feasible"": 0, ""_fixed"": true}","{""streak"": 4.0, ""drop_pct"": -2.443348978869586}",cooldown,
2024-01-10,TJS,level,"level(pct=0.1,rearm=5,stall_days=0,window=120)",BUY_NOW,down,0.0,medium,6,8.16174,"{""window"": 120, ""pct"": 0.1, ""stall_days"": 0, ""rearm"": 5, ""_feasible"": null, ""_n_feasible"": 0, ""_fixed"": true}","{""pct_rank"": 0.1, ""window"": 120.0, ""days_since_min"": 30.0}",cooldown,
2024-01-15,TJS,ml_localmin,"ml_localmin(fp_cost=3.0,gate_pct=0.2,gate_window=120,h=10,min_pos_rate=0.25,rearm=5,seed=0,tol_bps=10.0)",BUY_NOW,down,0.2638530923243038,medium,6,8.00603,"{""threshold"": 0.1318, ""_fitted"": true}","{""proba"": 0.2638530923243038, ""pct_rank"": 0.008333333333333333, ""window"": 120.0}",sent,BUY_NOW
2024-01-15,TJS,momentum,"momentum(n=4,rearm=3)",BUY_NOW,down,0.5,fast,6,8.00603,"{""n"": 4, ""rearm"": 3, ""_feasible"": null, ""_n_feasible"": 0, ""_fixed"": true}","{""streak"": 4.0, ""drop_pct"": -2.947095091124652}",muted,
2024-01-17,TJS,level,"level(pct=0.1,rearm=5,stall_days=0,window=120)",BUY_NOW,down,0.41666666666666674,medium,6,8.06849,"{""window"": 120, ""pct"": 0.1, ""stall_days"": 0, ""rearm"": 5, ""_feasible"": null, ""_n_feasible"": 0, ""_fixed"": true}","{""pct_rank"": 0.058333333333333334, ""window"": 120.0, ""days_since_min"": 1.0}",thinned,
2024-01-17,TJS,reversal,"reversal(max_days_since_min=10,rearm=5,rise_bps=50,window=120)",WINDOW_CLOSING,up,0.8117678221582603,slow,6,8.06849,"{""window"": 120, ""rise_bps"": 50, ""max_days_since_min"": 10, ""rearm"": 5, ""_feasible"": null, ""_n_feasible"": 0, ""_fixed"": true}","{""rise_pct"": 0.8117678221582603, ""min_rate"": 8.00352, ""days_since_min"": 1.0, ""window"": 120.0}",cooldown,
2024-01-24,TJS,level,"level(pct=0.1,rearm=5,stall_days=0,window=120)",BUY_NOW,down,0.2500000000000001,medium,6,8.05972,"{""window"": 120, ""pct"": 0.1, ""stall_days"": 0, ""rearm"": 5, ""_feasible"": null, ""_n_feasible"": 0, ""_fixed"": true}","{""pct_rank"": 0.075, ""window"": 120.0, ""days_since_min"": 6.0}",thinned,
2024-01-24,TJS,reversal,"reversal(max_days_since_min=10,rearm=5,rise_bps=50,window=120)",WINDOW_CLOSING,up,0.7021910359441996,slow,6,8.05972,"{""window"": 120, ""rise_bps"": 50, ""max_days_since_min"": 10, ""rearm"": 5, ""_feasible"": null, ""_n_feasible"": 0, ""_fixed"": true}","{""rise_pct"": 0.7021910359441996, ""min_rate"": 8.00352, ""days_since_min"": 6.0, ""window"": 120.0}",sent,WINDOW_CLOSING
2024-02-29,TJS,momentum,"momentum(n=4,rearm=3)",BUY_NOW,down,0.5,fast,6,8.29247,"{""n"": 4, ""rearm"": 3, ""_feasible"": null, ""_n_feasible"": 0, ""_fixed"": true}","{""streak"": 4.0, ""drop_pct"": -2.017669376821851}",muted,
2024-04-23,TJS,momentum,"momentum(n=4,rearm=3)",BUY_NOW,down,0.5,fast,6,8.53406,"{""n"": 4, ""rearm"": 3, ""_feasible"": null, ""_n_feasible"": 0, ""_fixed"": true}","{""streak"": 4.0, ""drop_pct"": -1.1641562183684617}",muted,
2024-04-26,TJS,momentum,"momentum(n=4,rearm=3)",BUY_NOW,down,0.875,fast,6,8.41365,"{""n"": 4, ""rearm"": 3, ""_feasible"": null, ""_n_feasible"": 0, ""_fixed"": true}","{""streak"": 7.0, ""drop_pct"": -2.5586652738175952}",muted,
2024-05-16,TJS,momentum,"momentum(n=4,rearm=3)",BUY_NOW,down,0.5,fast,6,8.34241,"{""n"": 4, ""rearm"": 3, ""_feasible"": null, ""_n_feasible"": 0, ""_fixed"": true}","{""streak"": 4.0, ""drop_pct"": -0.8610947049687234}",muted,
2024-05-27,TJS,dip_vs_trend,"dip_vs_trend(pct=0.1,rearm=5,span=40,window=120)",BUY_NOW,down,0.41666666666666674,medium,6,8.20127,"{""span"": 40, ""window"": 120, ""pct"": 0.1, ""rearm"": 5, ""_feasible"": null, ""_n_feasible"": 0, ""_fixed"": true}","{""dev_pct"": -2.7788640195099745, ""pct_rank"": 0.058333333333333334, ""window"": 120.0, ""span"": 40.0}",sent,BUY_NOW
2024-06-04,TJS,dip_vs_trend,"dip_vs_trend(pct=0.1,rearm=5,span=40,window=120)",BUY_NOW,down,0.2500000000000001,medium,6,8.24576,"{""span"": 40, ""window"": 120, ""pct"": 0.1, ""rearm"": 5, ""_feasible"": null, ""_n_feasible"": 0, ""_fixed"": true}","{""dev_pct"": -1.9955410595486667, ""pct_rank"": 0.075, ""window"": 120.0, ""span"": 40.0}",sent,BUY_NOW
2024-06-13,TJS,dip_vs_trend,"dip_vs_trend(pct=0.1,rearm=5,span=40,window=120)",BUY_NOW,down,0.16666666666666674,medium,6,8.22169,"{""span"": 40, ""window"": 120, ""pct"": 0.1, ""rearm"": 5, ""_feasible"": null, ""_n_feasible"": 0, ""_fixed"": true}","{""dev_pct"": -1.9056898366340613, ""pct_rank"": 0.08333333333333333, ""window"": 120.0, ""span"": 40.0}",sent,BUY_NOW
2024-06-18,TJS,level,"level(pct=0.1,rearm=5,stall_days=0,window=120)",BUY_NOW,down,0.2500000000000001,medium,6,8.09353,"{""window"": 120, ""pct"": 0.1, ""stall_days"": 0, ""rearm"": 5, ""_feasible"": null, ""_n_feasible"": 0, ""_fixed"": true}","{""pct_rank"": 0.075, ""window"": 120.0, ""days_since_min"": 103.0}",cooldown,
2024-06-18,TJS,ml_localmin,"ml_localmin(fp_cost=3.0,gate_pct=0.2,gate_window=120,h=10,min_pos_rate=0.25,rearm=5,seed=0,tol_bps=10.0)",BUY_NOW,down,0.20589079740447702,medium,6,8.09353,"{""threshold"": 0.1318, ""_fitted"": true}","{""proba"": 0.20589079740447702, ""pct_rank"": 0.075, ""window"": 120.0}",thinned,
2024-06-20,TJS,dip_vs_trend,"dip_vs_trend(pct=0.1,rearm=5,span=40,window=120)",BUY_NOW,down,0.8333333333333334,medium,6,8.01832,"{""span"": 40, ""window"": 120, ""pct"": 0.1, ""rearm"": 5, ""_feasible"": null, ""_n_feasible"": 0, ""_fixed"": true}","{""dev_pct"": -3.5865125463144243, ""pct_rank"": 0.016666666666666666, ""window"": 120.0, ""span"": 40.0}",thinned,
2024-06-20,TJS,reversal,"reversal(max_days_since_min=10,rearm=5,rise_bps=50,window=120)",WINDOW_CLOSING,up,1.0,slow,6,8.01832,"{""window"": 120, ""rise_bps"": 50, ""max_days_since_min"": 10, ""rearm"": 5, ""_feasible"": null, ""_n_feasible"": 0, ""_fixed"": true}","{""rise_pct"": 4.051190415941575, ""min_rate"": 7.70613, ""days_since_min"": 1.0, ""window"": 120.0}",storm,
2024-06-27,TJS,dip_vs_trend,"dip_vs_trend(pct=0.1,rearm=5,span=40,window=120)",BUY_NOW,down,0.8333333333333334,medium,6,7.9567,"{""span"": 40, ""window"": 120, ""pct"": 0.1, ""rearm"": 5, ""_feasible"": null, ""_n_feasible"": 0, ""_fixed"": true}","{""dev_pct"": -3.845404360304616, ""pct_rank"": 0.016666666666666666, ""window"": 120.0, ""span"": 40.0}",thinned,
2024-06-27,TJS,level,"level(pct=0.1,rearm=5,stall_days=0,window=120)",BUY_NOW,down,0.8333333333333334,medium,6,7.9567,"{""window"": 120, ""pct"": 0.1, ""stall_days"": 0, ""rearm"": 5, ""_feasible"": null, ""_n_feasible"": 0, ""_fixed"": true}","{""pct_rank"": 0.016666666666666666, ""window"": 120.0, ""days_since_min"": 6.0}",thinned,
2024-06-27,TJS,reversal,"reversal(max_days_since_min=10,rearm=5,rise_bps=50,window=120)",WINDOW_CLOSING,up,1.0,slow,6,7.9567,"{""window"": 120, ""rise_bps"": 50, ""max_days_since_min"": 10, ""rearm"": 5, ""_feasible"": null, ""_n_feasible"": 0, ""_fixed"": true}","{""rise_pct"": 3.251567258792676, ""min_rate"": 7.70613, ""days_since_min"": 6.0, ""window"": 120.0}",storm,
2024-07-12,TJS,ml_localmin,"ml_localmin(fp_cost=3.0,gate_pct=0.2,gate_window=120,h=10,min_pos_rate=0.25,rearm=5,seed=0,tol_bps=10.0)",BUY_NOW,down,0.0033970246034220825,medium,7,8.23141,"{""threshold"": 0.0011, ""_fitted"": true}","{""proba"": 0.0033970246034220825, ""pct_rank"": 0.18333333333333332, ""window"": 120.0}",storm,
2024-07-22,TJS,ml_localmin,"ml_localmin(fp_cost=3.0,gate_pct=0.2,gate_window=120,h=10,min_pos_rate=0.25,rearm=5,seed=0,tol_bps=10.0)",BUY_NOW,down,0.0012328298404366842,medium,7,8.23364,"{""threshold"": 0.0011, ""_fitted"": true}","{""proba"": 0.0012328298404366842, ""pct_rank"": 0.15, ""window"": 120.0}",sent,BUY_NOW
2024-07-23,TJS,level,"level(pct=0.1,rearm=5,stall_days=0,window=120)",BUY_NOW,down,0.08333333333333348,medium,7,8.1864,"{""window"": 120, ""pct"": 0.1, ""stall_days"": 0, ""rearm"": 5, ""_feasible"": null, ""_n_feasible"": 0, ""_fixed"": true}","{""pct_rank"": 0.09166666666666666, ""window"": 120.0, ""days_since_min"": 24.0}",cooldown,
2024-07-24,TJS,seasonality,"seasonality(from_day=24,min_share=0.7,min_years=4,rearm=20)",BUY_NOW,down,0.7777777777777778,slow,7,8.1203,"{""min_share"": 0.7, ""min_years"": 4, ""from_day"": 24, ""rearm"": 20, ""_feasible"": null, ""_n_feasible"": 0, ""_fixed"": true}","{""k_years"": 7.0, ""n_years"": 9.0, ""target_month"": 8.0}",cooldown,
2024-07-25,TJS,dip_vs_trend,"dip_vs_trend(pct=0.1,rearm=5,span=40,window=120)",BUY_NOW,down,0.33333333333333337,medium,7,8.01332,"{""span"": 40, ""window"": 120, ""pct"": 0.1, ""rearm"": 5, ""_feasible"": null, ""_n_feasible"": 0, ""_fixed"": true}","{""dev_pct"": -2.3930709034315822, ""pct_rank"": 0.06666666666666667, ""window"": 120.0, ""span"": 40.0}",cooldown,
2024-07-25,TJS,momentum,"momentum(n=4,rearm=3)",BUY_NOW,down,0.5,fast,7,8.01332,"{""n"": 4, ""rearm"": 3, ""_feasible"": null, ""_n_feasible"": 0, ""_fixed"": true}","{""streak"": 4.0, ""drop_pct"": -2.9650600979876818}",muted,
2024-07-30,TJS,level,"level(pct=0.1,rearm=5,stall_days=0,window=120)",BUY_NOW,down,0.2500000000000001,medium,7,8.12602,"{""window"": 120, ""pct"": 0.1, ""stall_days"": 0, ""rearm"": 5, ""_feasible"": null, ""_n_feasible"": 0, ""_fixed"": true}","{""pct_rank"": 0.075, ""window"": 120.0, ""days_since_min"": 29.0}",sent,BUY_NOW
2024-07-30,TJS,ml_localmin,"ml_localmin(fp_cost=3.0,gate_pct=0.2,gate_window=120,h=10,min_pos_rate=0.25,rearm=5,seed=0,tol_bps=10.0)",BUY_NOW,down,0.01696767974642694,medium,7,8.12602,"{""threshold"": 0.0011, ""_fitted"": true}","{""proba"": 0.01696767974642694, ""pct_rank"": 0.075, ""window"": 120.0}",thinned,
2024-08-02,TJS,momentum,"momentum(n=4,rearm=3)",BUY_NOW,down,0.5,fast,7,8.08025,"{""n"": 4, ""rearm"": 3, ""_feasible"": null, ""_n_feasible"": 0, ""_fixed"": true}","{""streak"": 4.0, ""drop_pct"": -0.6317314385079542}",muted,
2024-08-05,TJS,dip_vs_trend,"dip_vs_trend(pct=0.1,rearm=5,span=40,window=120)",BUY_NOW,down,0.16666666666666674,medium,7,8.01206,"{""span"": 40, ""window"": 120, ""pct"": 0.1, ""rearm"": 5, ""_feasible"": null, ""_n_feasible"": 0, ""_fixed"": true}","{""dev_pct"": -1.979864671566478, ""pct_rank"": 0.08333333333333333, ""window"": 120.0, ""span"": 40.0}",sent,BUY_NOW
2024-08-06,TJS,level,"level(pct=0.1,rearm=5,stall_days=0,window=120)",BUY_NOW,down,0.5,medium,7,8.0344,"{""window"": 120, ""pct"": 0.1, ""stall_days"": 0, ""rearm"": 5, ""_feasible"": null, ""_n_feasible"": 0, ""_fixed"": true}","{""pct_rank"": 0.05, ""window"": 120.0, ""days_since_min"": 34.0}",cooldown,
2024-09-03,TJS,momentum,"momentum(n=4,rearm=3)",BUY_NOW,down,0.5,fast,7,8.29807,"{""n"": 4, ""rearm"": 3, ""_feasible"": null, ""_n_feasible"": 0, ""_fixed"": true}","{""streak"": 4.0, ""drop_pct"": -3.228827257100353}",muted,
2024-12-04,TJS,momentum,"momentum(n=4,rearm=3)",BUY_NOW,down,0.5,fast,7,9.55164,"{""n"": 4, ""rearm"": 3, ""_feasible"": null, ""_n_feasible"": 0, ""_fixed"": true}","{""streak"": 4.0, ""drop_pct"": -6.778890166324736}",muted,
2024-12-06,TJS,dip_vs_trend,"dip_vs_trend(pct=0.1,rearm=5,span=40,window=120)",BUY_NOW,down,0.75,medium,7,9.10537,"{""span"": 40, ""window"": 120, ""pct"": 0.1, ""rearm"": 5, ""_feasible"": null, ""_n_feasible"": 0, ""_fixed"": true}","{""dev_pct"": -2.4376366909155345, ""pct_rank"": 0.025, ""window"": 120.0, ""span"": 40.0}",sent,BUY_NOW
2024-12-23,TJS,dip_vs_trend,"dip_vs_trend(pct=0.1,rearm=5,span=40,window=120)",BUY_NOW,down,0.33333333333333337,medium,7,9.30014,"{""span"": 40, ""window"": 120, ""pct"": 0.1, ""rearm"": 5, ""_feasible"": null, ""_n_feasible"": 0, ""_fixed"": true}","{""dev_pct"": -1.2358737234696493, ""pct_rank"": 0.06666666666666667, ""window"": 120.0, ""span"": 40.0}",sent,BUY_NOW
2024-12-25,TJS,momentum,"momentum(n=4,rearm=3)",BUY_NOW,down,0.5,fast,7,9.11443,"{""n"": 4, ""rearm"": 3, ""_feasible"": null, ""_n_feasible"": 0, ""_fixed"": true}","{""streak"": 4.0, ""drop_pct"": -3.884003990407825}",muted,
2024-12-28,TJS,dip_vs_trend,"dip_vs_trend(pct=0.1,rearm=5,span=40,window=120)",BUY_NOW,down,0.0,medium,7,9.30026,"{""span"": 40, ""window"": 120, ""pct"": 0.1, ""rearm"": 5, ""_feasible"": null, ""_n_feasible"": 0, ""_fixed"": true}","{""dev_pct"": -1.2795432279089414, ""pct_rank"": 0.1, ""window"": 120.0, ""span"": 40.0}",sent,BUY_NOW
2025-01-20,TJS,dip_vs_trend,"dip_vs_trend(pct=0.1,rearm=5,span=40,window=120)",BUY_NOW,down,0.08333333333333348,medium,8,9.3188,"{""span"": 40, ""window"": 120, ""pct"": 0.1, ""rearm"": 5, ""_feasible"": null, ""_n_feasible"": 0, ""_fixed"": true}","{""dev_pct"": -1.391179791921815, ""pct_rank"": 0.09166666666666666, ""window"": 120.0, ""span"": 40.0}",muted,
2025-01-27,TJS,dip_vs_trend,"dip_vs_trend(pct=0.1,rearm=5,span=40,window=120)",BUY_NOW,down,0.9166666666666666,medium,8,8.87147,"{""span"": 40, ""window"": 120, ""pct"": 0.1, ""rearm"": 5, ""_feasible"": null, ""_n_feasible"": 0, ""_fixed"": true}","{""dev_pct"": -5.631702366392933, ""pct_rank"": 0.008333333333333333, ""window"": 120.0, ""span"": 40.0}",muted,
2025-02-05,TJS,dip_vs_trend,"dip_vs_trend(pct=0.1,rearm=5,span=40,window=120)",BUY_NOW,down,0.0,medium,8,8.96238,"{""span"": 40, ""window"": 120, ""pct"": 0.1, ""rearm"": 5, ""_feasible"": null, ""_n_feasible"": 0, ""_fixed"": true}","{""dev_pct"": -3.036292149045028, ""pct_rank"": 0.1, ""window"": 120.0, ""span"": 40.0}",muted,
2025-02-12,TJS,dip_vs_trend,"dip_vs_trend(pct=0.1,rearm=5,span=40,window=120)",BUY_NOW,down,0.9166666666666666,medium,8,8.59196,"{""span"": 40, ""window"": 120, ""pct"": 0.1, ""rearm"": 5, ""_feasible"": null, ""_n_feasible"": 0, ""_fixed"": true}","{""dev_pct"": -6.273385401008225, ""pct_rank"": 0.008333333333333333, ""window"": 120.0, ""span"": 40.0}",muted,
2025-02-12,TJS,ml_localmin,"ml_localmin(fp_cost=3.0,gate_pct=0.2,gate_window=120,h=10,min_pos_rate=0.25,rearm=5,seed=0,tol_bps=10.0)",BUY_NOW,down,0.027588666341496176,medium,8,8.59196,"{""threshold"": 0.0016, ""_fitted"": true}","{""proba"": 0.027588666341496176, ""pct_rank"": 0.16666666666666666, ""window"": 120.0}",muted,
2025-02-13,TJS,level,"level(pct=0.1,rearm=5,stall_days=0,window=120)",BUY_NOW,down,0.8333333333333334,medium,8,8.31959,"{""window"": 120, ""pct"": 0.1, ""stall_days"": 0, ""rearm"": 5, ""_feasible"": null, ""_n_feasible"": 0, ""_fixed"": true}","{""pct_rank"": 0.016666666666666666, ""window"": 120.0, ""days_since_min"": 110.0}",sent,BUY_NOW
2025-02-13,TJS,momentum,"momentum(n=4,rearm=3)",BUY_NOW,down,0.5,fast,8,8.31959,"{""n"": 4, ""rearm"": 3, ""_feasible"": null, ""_n_feasible"": 0, ""_fixed"": true}","{""streak"": 4.0, ""drop_pct"": -6.415468305676542}",muted,
2025-02-17,TJS,reversal,"reversal(max_days_since_min=10,rearm=5,rise_bps=50,window=120)",WINDOW_CLOSING,up,1.0,slow,8,8.35615,"{""window"": 120, ""rise_bps"": 50, ""max_days_since_min"": 10, ""rearm"": 5, ""_feasible"": null, ""_n_feasible"": 0, ""_fixed"": true}","{""rise_pct"": 1.2417521438973678, ""min_rate"": 8.25366, ""days_since_min"": 1.0, ""window"": 120.0}",cooldown,
2025-02-19,TJS,dip_vs_trend,"dip_vs_trend(pct=0.1,rearm=5,span=40,window=120)",BUY_NOW,down,0.75,medium,8,8.25717,"{""span"": 40, ""window"": 120, ""pct"": 0.1, ""rearm"": 5, ""_feasible"": null, ""_n_feasible"": 0, ""_fixed"": true}","{""dev_pct"": -8.557876830040279, ""pct_rank"": 0.025, ""window"": 120.0, ""span"": 40.0}",muted,
2025-02-19,TJS,ml_localmin,"ml_localmin(fp_cost=3.0,gate_pct=0.2,gate_window=120,h=10,min_pos_rate=0.25,rearm=5,seed=0,tol_bps=10.0)",BUY_NOW,down,0.02509203896122514,medium,8,8.25717,"{""threshold"": 0.0016, ""_fitted"": true}","{""proba"": 0.02509203896122514, ""pct_rank"": 0.016666666666666666, ""window"": 120.0}",muted,
2025-02-20,TJS,level,"level(pct=0.1,rearm=5,stall_days=0,window=120)",BUY_NOW,down,0.9166666666666666,medium,8,8.08217,"{""window"": 120, ""pct"": 0.1, ""stall_days"": 0, ""rearm"": 5, ""_feasible"": null, ""_n_feasible"": 0, ""_fixed"": true}","{""pct_rank"": 0.008333333333333333, ""window"": 120.0, ""days_since_min"": 0.0}",sent,BUY_NOW
2025-02-21,TJS,momentum,"momentum(n=4,rearm=3)",BUY_NOW,down,0.5,fast,8,8.04992,"{""n"": 4, ""rearm"": 3, ""_feasible"": null, ""_n_feasible"": 0, ""_fixed"": true}","{""streak"": 4.0, ""drop_pct"": -3.664725980266026}",muted,
2025-02-26,TJS,dip_vs_trend,"dip_vs_trend(pct=0.1,rearm=5,span=40,window=120)",BUY_NOW,down,0.9166666666666666,medium,8,7.85138,"{""span"": 40, ""window"": 120, ""pct"": 0.1, ""rearm"": 5, ""_feasible"": null, ""_n_feasible"": 0, ""_fixed"": true}","{""dev_pct"": -11.32339307759035, ""pct_rank"": 0.008333333333333333, ""window"": 120.0, ""span"": 40.0}",muted,
2025-02-26,TJS,ml_localmin,"ml_localmin(fp_cost=3.0,gate_pct=0.2,gate_window=120,h=10,min_pos_rate=0.25,rearm=5,seed=0,tol_bps=10.0)",BUY_NOW,down,0.06711527290636038,medium,8,7.85138,"{""threshold"": 0.0016, ""_fitted"": true}","{""proba"": 0.06711527290636038, ""pct_rank"": 0.008333333333333333, ""window"": 120.0}",muted,
2025-02-27,TJS,level,"level(pct=0.1,rearm=5,stall_days=0,window=120)",BUY_NOW,down,0.75,medium,8,8.01505,"{""window"": 120, ""pct"": 0.1, ""stall_days"": 0, ""rearm"": 5, ""_feasible"": null, ""_n_feasible"": 0, ""_fixed"": true}","{""pct_rank"": 0.025, ""window"": 120.0, ""days_since_min"": 1.0}",thinned,
2025-02-27,TJS,reversal,"reversal(max_days_since_min=10,rearm=5,rise_bps=50,window=120)",WINDOW_CLOSING,up,1.0,slow,8,8.01505,"{""window"": 120, ""rise_bps"": 50, ""max_days_since_min"": 10, ""rearm"": 5, ""_feasible"": null, ""_n_feasible"": 0, ""_fixed"": true}","{""rise_pct"": 2.084601687856158, ""min_rate"": 7.85138, ""days_since_min"": 1.0, ""window"": 120.0}",sent,WINDOW_CLOSING
2025-03-06,TJS,level,"level(pct=0.1,rearm=5,stall_days=0,window=120)",BUY_NOW,down,0.16666666666666674,medium,8,8.1894,"{""window"": 120, ""pct"": 0.1, ""stall_days"": 0, ""rearm"": 5, ""_feasible"": null, ""_n_feasible"": 0, ""_fixed"": true}","{""pct_rank"": 0.08333333333333333, ""window"": 120.0, ""days_since_min"": 6.0}",thinned,
2025-03-06,TJS,reversal,"reversal(max_days_since_min=10,rearm=5,rise_bps=50,window=120)",WINDOW_CLOSING,up,1.0,slow,8,8.1894,"{""window"": 120, ""rise_bps"": 50, ""max_days_since_min"": 10, ""rearm"": 5, ""_feasible"": null, ""_n_feasible"": 0, ""_fixed"": true}","{""rise_pct"": 4.305230418092099, ""min_rate"": 7.85138, ""days_since_min"": 6.0, ""window"": 120.0}",sent,WINDOW_CLOSING
2025-03-07,TJS,ml_localmin,"ml_localmin(fp_cost=3.0,gate_pct=0.2,gate_window=120,h=10,min_pos_rate=0.25,rearm=5,seed=0,tol_bps=10.0)",BUY_NOW,down,0.0017811072517462682,medium,8,8.15452,"{""threshold"": 0.0016, ""_fitted"": true}","{""proba"": 0.0017811072517462682, ""pct_rank"": 0.06666666666666667, ""window"": 120.0}",muted,
2025-03-11,TJS,dip_vs_trend,"dip_vs_trend(pct=0.1,rearm=5,span=40,window=120)",BUY_NOW,down,0.0,medium,8,7.9063,"{""span"": 40, ""window"": 120, ""pct"": 0.1, ""rearm"": 5, ""_feasible"": null, ""_n_feasible"": 0, ""_fixed"": true}","{""dev_pct"": -8.010735202933128, ""pct_rank"": 0.1, ""window"": 120.0, ""span"": 40.0}",muted,
2025-03-11,TJS,momentum,"momentum(n=4,rearm=3)",BUY_NOW,down,0.5,fast,8,7.9063,"{""n"": 4, ""rearm"": 3, ""_feasible"": null, ""_n_feasible"": 0, ""_fixed"": true}","{""streak"": 4.0, ""drop_pct"": -3.6885894921489526}",muted,
2025-03-13,TJS,level,"level(pct=0.1,rearm=5,stall_days=0,window=120)",BUY_NOW,down,0.75,medium,8,7.91641,"{""window"": 120, ""pct"": 0.1, ""stall_days"": 0, ""rearm"": 5, ""_feasible"": null, ""_n_feasible"": 0, ""_fixed"": true}","{""pct_rank"": 0.025, ""window"": 120.0, ""days_since_min"": 11.0}",sent,BUY_NOW
2025-03-14,TJS,ml_localmin,"ml_localmin(fp_cost=3.0,gate_pct=0.2,gate_window=120,h=10,min_pos_rate=0.25,rearm=5,seed=0,tol_bps=10.0)",BUY_NOW,down,0.11310752780818896,medium,8,7.82807,"{""threshold"": 0.0016, ""_fitted"": true}","{""proba"": 0.11310752780818896, ""pct_rank"": 0.008333333333333333, ""window"": 120.0}",muted,
2025-03-18,TJS,dip_vs_trend,"dip_vs_trend(pct=0.1,rearm=5,span=40,window=120)",BUY_NOW,down,0.8333333333333334,medium,8,7.45725,"{""span"": 40, ""window"": 120, ""pct"": 0.1, ""rearm"": 5, ""_feasible"": null, ""_n_feasible"": 0, ""_fixed"": true}","{""dev_pct"": -11.24265637050932, ""pct_rank"": 0.016666666666666666, ""window"": 120.0, ""span"": 40.0}",muted,
2025-03-18,TJS,momentum,"momentum(n=4,rearm=3)",BUY_NOW,down,0.5,fast,8,7.45725,"{""n"": 4, ""rearm"": 3, ""_feasible"": null, ""_n_feasible"": 0, ""_fixed"": true}","{""streak"": 4.0, ""drop_pct"": -5.801650721148388}",muted,
2025-03-19,TJS,reversal,"reversal(max_days_since_min=10,rearm=5,rise_bps=50,window=120)",WINDOW_CLOSING,up,1.0,slow,8,7.58049,"{""window"": 120, ""rise_bps"": 50, ""max_days_since_min"": 10, ""rearm"": 5, ""_feasible"": null, ""_n_feasible"": 0, ""_fixed"": true}","{""rise_pct"": 1.6526199336216463, ""min_rate"": 7.45725, ""days_since_min"": 1.0, ""window"": 120.0}",sent,WINDOW_CLOSING
2025-03-20,TJS,level,"level(pct=0.1,rearm=5,stall_days=0,window=120)",BUY_NOW,down,0.6666666666666667,medium,8,7.72251,"{""window"": 120, ""pct"": 0.1, ""stall_days"": 0, ""rearm"": 5, ""_feasible"": null, ""_n_feasible"": 0, ""_fixed"": true}","{""pct_rank"": 0.03333333333333333, ""window"": 120.0, ""days_since_min"": 2.0}",cooldown,
2025-03-21,TJS,ml_localmin,"ml_localmin(fp_cost=3.0,gate_pct=0.2,gate_window=120,h=10,min_pos_rate=0.25,rearm=5,seed=0,tol_bps=10.0)",BUY_NOW,down,0.0017768667805862044,medium,8,7.74489,"{""threshold"": 0.0016, ""_fitted"": true}","{""proba"": 0.0017768667805862044, ""pct_rank"": 0.041666666666666664, ""window"": 120.0}",muted,
2025-03-26,TJS,reversal,"reversal(max_days_since_min=10,rearm=5,rise_bps=50,window=120)",WINDOW_CLOSING,up,1.0,slow,8,7.70522,"{""window"": 120, ""rise_bps"": 50, ""max_days_since_min"": 10, ""rearm"": 5, ""_feasible"": null, ""_n_feasible"": 0, ""_fixed"": true}","{""rise_pct"": 3.3252204230782123, ""min_rate"": 7.45725, ""days_since_min"": 6.0, ""window"": 120.0}",sent,WINDOW_CLOSING
2025-03-27,TJS,level,"level(pct=0.1,rearm=5,stall_days=0,window=120)",BUY_NOW,down,0.75,medium,8,7.6712,"{""window"": 120, ""pct"": 0.1, ""stall_days"": 0, ""rearm"": 5, ""_feasible"": null, ""_n_feasible"": 0, ""_fixed"": true}","{""pct_rank"": 0.025, ""window"": 120.0, ""days_since_min"": 7.0}",cooldown,
2025-03-28,TJS,ml_localmin,"ml_localmin(fp_cost=3.0,gate_pct=0.2,gate_window=120,h=10,min_pos_rate=0.25,rearm=5,seed=0,tol_bps=10.0)",BUY_NOW,down,0.06087453583119141,medium,8,7.67423,"{""threshold"": 0.0016, ""_fitted"": true}","{""proba"": 0.06087453583119141, ""pct_rank"": 0.03333333333333333, ""window"": 120.0}",muted,
2025-04-03,TJS,level,"level(pct=0.1,rearm=5,stall_days=0,window=120)",BUY_NOW,down,0.0,medium,8,7.75843,"{""window"": 120, ""pct"": 0.1, ""stall_days"": 0, ""rearm"": 5, ""_feasible"": null, ""_n_feasible"": 0, ""_fixed"": true}","{""pct_rank"": 0.1, ""window"": 120.0, ""days_since_min"": 12.0}",sent,BUY_NOW
2025-04-11,TJS,level,"level(pct=0.1,rearm=5,stall_days=0,window=120)",BUY_NOW,down,0.2500000000000001,medium,8,7.70827,"{""window"": 120, ""pct"": 0.1, ""stall_days"": 0, ""rearm"": 5, ""_feasible"": null, ""_n_feasible"": 0, ""_fixed"": true}","{""pct_rank"": 0.075, ""window"": 120.0, ""days_since_min"": 18.0}",sent,BUY_NOW
2025-04-11,TJS,ml_localmin,"ml_localmin(fp_cost=3.0,gate_pct=0.2,gate_window=120,h=10,min_pos_rate=0.25,rearm=5,seed=0,tol_bps=10.0)",BUY_NOW,down,0.004631982189303148,medium,8,7.70827,"{""threshold"": 0.0016, ""_fitted"": true}","{""proba"": 0.004631982189303148, ""pct_rank"": 0.075, ""window"": 120.0}",muted,
2025-04-15,TJS,momentum,"momentum(n=4,rearm=3)",BUY_NOW,down,0.5,fast,8,7.56631,"{""n"": 4, ""rearm"": 3, ""_feasible"": null, ""_n_feasible"": 0, ""_fixed"": true}","{""streak"": 4.0, ""drop_pct"": -4.326379598556485}",muted,
2025-04-18,TJS,level,"level(pct=0.1,rearm=5,stall_days=0,window=120)",BUY_NOW,down,0.8333333333333334,medium,8,7.50234,"{""window"": 120, ""pct"": 0.1, ""stall_days"": 0, ""rearm"": 5, ""_feasible"": null, ""_n_feasible"": 0, ""_fixed"": true}","{""pct_rank"": 0.016666666666666666, ""window"": 120.0, ""days_since_min"": 23.0}",sent,BUY_NOW
2025-04-18,TJS,ml_localmin,"ml_localmin(fp_cost=3.0,gate_pct=0.2,gate_window=120,h=10,min_pos_rate=0.25,rearm=5,seed=0,tol_bps=10.0)",BUY_NOW,down,0.2595921256281137,medium,8,7.50234,"{""threshold"": 0.0016, ""_fitted"": true}","{""proba"": 0.2595921256281137, ""pct_rank"": 0.016666666666666666, ""window"": 120.0}",muted,
2025-04-29,TJS,ml_localmin,"ml_localmin(fp_cost=3.0,gate_pct=0.2,gate_window=120,h=10,min_pos_rate=0.25,rearm=5,seed=0,tol_bps=10.0)",BUY_NOW,down,0.004573913059918052,medium,8,7.695,"{""threshold"": 0.0016, ""_fitted"": true}","{""proba"": 0.004573913059918052, ""pct_rank"": 0.10833333333333334, ""window"": 120.0}",muted,
2025-05-14,TJS,ml_localmin,"ml_localmin(fp_cost=3.0,gate_pct=0.2,gate_window=120,h=10,min_pos_rate=0.25,rearm=5,seed=0,tol_bps=10.0)",BUY_NOW,down,0.003931342858090651,medium,8,7.71552,"{""threshold"": 0.0016, ""_fitted"": true}","{""proba"": 0.003931342858090651, ""pct_rank"": 0.15833333333333333, ""window"": 120.0}",muted,
2025-05-21,TJS,ml_localmin,"ml_localmin(fp_cost=3.0,gate_pct=0.2,gate_window=120,h=10,min_pos_rate=0.25,rearm=5,seed=0,tol_bps=10.0)",BUY_NOW,down,0.006479634973544623,medium,8,7.73287,"{""threshold"": 0.0016, ""_fitted"": true}","{""proba"": 0.006479634973544623, ""pct_rank"": 0.19166666666666668, ""window"": 120.0}",muted,
2025-06-24,TJS,seasonality,"seasonality(from_day=24,min_share=0.7,min_years=4,rearm=20)",BUY_NOW,down,0.7,slow,8,7.91418,"{""min_share"": 0.7, ""min_years"": 4, ""from_day"": 24, ""rearm"": 20, ""_feasible"": null, ""_n_feasible"": 0, ""_fixed"": true}","{""k_years"": 7.0, ""n_years"": 10.0, ""target_month"": 7.0}",sent,BUY_NOW
2025-07-24,TJS,seasonality,"seasonality(from_day=24,min_share=0.7,min_years=4,rearm=20)",BUY_NOW,down,0.8,slow,9,8.22897,"{""min_share"": 0.7, ""min_years"": 4, ""from_day"": 24, ""rearm"": 20, ""_feasible"": null, ""_n_feasible"": 0, ""_fixed"": true}","{""k_years"": 8.0, ""n_years"": 10.0, ""target_month"": 8.0}",sent,BUY_NOW
2025-08-28,TJS,momentum,"momentum(n=4,rearm=3)",BUY_NOW,down,0.5,fast,9,8.36678,"{""n"": 4, ""rearm"": 3, ""_feasible"": null, ""_n_feasible"": 0, ""_fixed"": true}","{""streak"": 4.0, ""drop_pct"": -2.5223457699154572}",muted,
2025-10-02,TJS,momentum,"momentum(n=4,rearm=3)",BUY_NOW,down,0.5,fast,9,8.64128,"{""n"": 4, ""rearm"": 3, ""_feasible"": null, ""_n_feasible"": 0, ""_fixed"": true}","{""streak"": 4.0, ""drop_pct"": -2.8127273974651867}",muted,
2025-10-10,TJS,momentum,"momentum(n=4,rearm=3)",BUY_NOW,down,0.5,fast,9,8.73798,"{""n"": 4, ""rearm"": 3, ""_feasible"": null, ""_n_feasible"": 0, ""_fixed"": true}","{""streak"": 4.0, ""drop_pct"": -1.9346019689440164}",muted,
2025-10-14,TJS,dip_vs_trend,"dip_vs_trend(pct=0.1,rearm=5,span=40,window=120)",BUY_NOW,down,0.6666666666666667,medium,9,8.64383,"{""span"": 40, ""window"": 120, ""pct"": 0.1, ""rearm"": 5, ""_feasible"": null, ""_n_feasible"": 0, ""_fixed"": true}","{""dev_pct"": -0.7165285708337743, ""pct_rank"": 0.03333333333333333, ""window"": 120.0, ""span"": 40.0}",muted,
2025-10-15,TJS,momentum,"momentum(n=4,rearm=3)",BUY_NOW,down,0.875,fast,9,8.52452,"{""n"": 4, ""rearm"": 3, ""_feasible"": null, ""_n_feasible"": 0, ""_fixed"": true}","{""streak"": 7.0, ""drop_pct"": -4.330240304544375}",muted,
2025-10-24,TJS,dip_vs_trend,"dip_vs_trend(pct=0.1,rearm=5,span=40,window=120)",BUY_NOW,down,0.5,medium,9,8.75451,"{""span"": 40, ""window"": 120, ""pct"": 0.1, ""rearm"": 5, ""_feasible"": null, ""_n_feasible"": 0, ""_fixed"": true}","{""dev_pct"": -0.10368745001874125, ""pct_rank"": 0.05, ""window"": 120.0, ""span"": 40.0}",muted,
2025-10-31,TJS,dip_vs_trend,"dip_vs_trend(pct=0.1,rearm=5,span=40,window=120)",BUY_NOW,down,0.33333333333333337,medium,9,8.72375,"{""span"": 40, ""window"": 120, ""pct"": 0.1, ""rearm"": 5, ""_feasible"": null, ""_n_feasible"": 0, ""_fixed"": true}","{""dev_pct"": -0.4952595736349541, ""pct_rank"": 0.06666666666666667, ""window"": 120.0, ""span"": 40.0}",muted,
2025-11-10,TJS,dip_vs_trend,"dip_vs_trend(pct=0.1,rearm=5,span=40,window=120)",BUY_NOW,down,0.0,medium,9,8.73401,"{""span"": 40, ""window"": 120, ""pct"": 0.1, ""rearm"": 5, ""_feasible"": null, ""_n_feasible"": 0, ""_fixed"": true}","{""dev_pct"": -0.2106354101080843, ""pct_rank"": 0.1, ""window"": 120.0, ""span"": 40.0}",muted,
2025-11-20,TJS,dip_vs_trend,"dip_vs_trend(pct=0.1,rearm=5,span=40,window=120)",BUY_NOW,down,0.08333333333333348,medium,9,8.69686,"{""span"": 40, ""window"": 120, ""pct"": 0.1, ""rearm"": 5, ""_feasible"": null, ""_n_feasible"": 0, ""_fixed"": true}","{""dev_pct"": -0.42206518595394593, ""pct_rank"": 0.09166666666666666, ""window"": 120.0, ""span"": 40.0}",muted,
2025-11-21,TJS,momentum,"momentum(n=4,rearm=3)",BUY_NOW,down,0.5,fast,9,8.50559,"{""n"": 4, ""rearm"": 3, ""_feasible"": null, ""_n_feasible"": 0, ""_fixed"": true}","{""streak"": 4.0, ""drop_pct"": -2.725331631573602}",muted,
2025-11-27,TJS,dip_vs_trend,"dip_vs_trend(pct=0.1,rearm=5,span=40,window=120)",BUY_NOW,down,0.8333333333333334,medium,9,8.42661,"{""span"": 40, ""window"": 120, ""pct"": 0.1, ""rearm"": 5, ""_feasible"": null, ""_n_feasible"": 0, ""_fixed"": true}","{""dev_pct"": -3.047255231312662, ""pct_rank"": 0.016666666666666666, ""window"": 120.0, ""span"": 40.0}",muted,
2025-12-01,TJS,momentum,"momentum(n=4,rearm=3)",BUY_NOW,down,0.5,fast,9,8.38244,"{""n"": 4, ""rearm"": 3, ""_feasible"": null, ""_n_feasible"": 0, ""_fixed"": true}","{""streak"": 4.0, ""drop_pct"": -1.3596172266820972}",muted,
2025-12-04,TJS,dip_vs_trend,"dip_vs_trend(pct=0.1,rearm=5,span=40,window=120)",BUY_NOW,down,0.9166666666666666,medium,9,8.32072,"{""span"": 40, ""window"": 120, ""pct"": 0.1, ""rearm"": 5, ""_feasible"": null, ""_n_feasible"": 0, ""_fixed"": true}","{""dev_pct"": -3.7161482918414257, ""pct_rank"": 0.008333333333333333, ""window"": 120.0, ""span"": 40.0}",muted,
2025-12-25,TJS,momentum,"momentum(n=4,rearm=3)",BUY_NOW,down,0.5,fast,9,8.42066,"{""n"": 4, ""rearm"": 3, ""_feasible"": null, ""_n_feasible"": 0, ""_fixed"": true}","{""streak"": 4.0, ""drop_pct"": -3.614405426472833}",muted,
2025-12-26,TJS,ml_localmin,"ml_localmin(fp_cost=3.0,gate_pct=0.2,gate_window=120,h=10,min_pos_rate=0.25,rearm=5,seed=0,tol_bps=10.0)",BUY_NOW,down,0.07231829217988782,medium,9,8.40162,"{""threshold"": 0.0014, ""_fitted"": true}","{""proba"": 0.07231829217988782, ""pct_rank"": 0.19166666666666668, ""window"": 120.0}",sent,BUY_NOW
2026-01-16,TJS,level,"level(pct=0.1,rearm=5,stall_days=0,window=120)",BUY_NOW,down,0.2500000000000001,medium,10,8.34315,"{""window"": 120, ""pct"": 0.1, ""stall_days"": 0, ""rearm"": 5, ""_feasible"": null, ""_n_feasible"": 0, ""_fixed"": true}","{""pct_rank"": 0.075, ""window"": 120.0, ""days_since_min"": 119.0}",sent,BUY_NOW
2026-01-16,TJS,ml_localmin,"ml_localmin(fp_cost=3.0,gate_pct=0.2,gate_window=120,h=10,min_pos_rate=0.25,rearm=5,seed=0,tol_bps=10.0)",BUY_NOW,down,0.10401735496995616,medium,10,8.34315,"{""threshold"": 0.0269, ""_fitted"": true}","{""proba"": 0.10401735496995616, ""pct_rank"": 0.075, ""window"": 120.0}",thinned,
2026-01-19,TJS,momentum,"momentum(n=4,rearm=3)",BUY_NOW,down,0.5,fast,10,8.33515,"{""n"": 4, ""rearm"": 3, ""_feasible"": null, ""_n_feasible"": 0, ""_fixed"": true}","{""streak"": 4.0, ""drop_pct"": -1.2268506448875782}",muted,
2026-01-22,TJS,dip_vs_trend,"dip_vs_trend(pct=0.1,rearm=5,span=40,window=120)",BUY_NOW,down,0.8333333333333334,medium,10,8.13556,"{""span"": 40, ""window"": 120, ""pct"": 0.1, ""rearm"": 5, ""_feasible"": null, ""_n_feasible"": 0, ""_fixed"": true}","{""dev_pct"": -3.922298506983257, ""pct_rank"": 0.016666666666666666, ""window"": 120.0, ""span"": 40.0}",muted,
2026-01-23,TJS,level,"level(pct=0.1,rearm=5,stall_days=0,window=120)",BUY_NOW,down,0.9166666666666666,medium,10,8.1155,"{""window"": 120, ""pct"": 0.1, ""stall_days"": 0, ""rearm"": 5, ""_feasible"": null, ""_n_feasible"": 0, ""_fixed"": true}","{""pct_rank"": 0.008333333333333333, ""window"": 120.0, ""days_since_min"": 0.0}",sent,BUY_NOW
2026-01-23,TJS,ml_localmin,"ml_localmin(fp_cost=3.0,gate_pct=0.2,gate_window=120,h=10,min_pos_rate=0.25,rearm=5,seed=0,tol_bps=10.0)",BUY_NOW,down,0.24040396924331991,medium,10,8.1155,"{""threshold"": 0.0269, ""_fitted"": true}","{""proba"": 0.24040396924331991, ""pct_rank"": 0.008333333333333333, ""window"": 120.0}",thinned,
2026-01-27,TJS,reversal,"reversal(max_days_since_min=10,rearm=5,rise_bps=50,window=120)",WINDOW_CLOSING,up,0.813381800258739,slow,10,8.18151,"{""window"": 120, ""rise_bps"": 50, ""max_days_since_min"": 10, ""rearm"": 5, ""_feasible"": null, ""_n_feasible"": 0, ""_fixed"": true}","{""rise_pct"": 0.813381800258739, ""min_rate"": 8.1155, ""days_since_min"": 2.0, ""window"": 120.0}",muted,
2026-01-29,TJS,dip_vs_trend,"dip_vs_trend(pct=0.1,rearm=5,span=40,window=120)",BUY_NOW,down,0.5,medium,10,8.10701,"{""span"": 40, ""window"": 120, ""pct"": 0.1, ""rearm"": 5, ""_feasible"": null, ""_n_feasible"": 0, ""_fixed"": true}","{""dev_pct"": -3.557601287665624, ""pct_rank"": 0.05, ""window"": 120.0, ""span"": 40.0}",muted,
2026-01-30,TJS,level,"level(pct=0.1,rearm=5,stall_days=0,window=120)",BUY_NOW,down,0.9166666666666666,medium,10,8.08152,"{""window"": 120, ""pct"": 0.1, ""stall_days"": 0, ""rearm"": 5, ""_feasible"": null, ""_n_feasible"": 0, ""_fixed"": true}","{""pct_rank"": 0.008333333333333333, ""window"": 120.0, ""days_since_min"": 0.0}",sent,BUY_NOW
2026-01-30,TJS,ml_localmin,"ml_localmin(fp_cost=3.0,gate_pct=0.2,gate_window=120,h=10,min_pos_rate=0.25,rearm=5,seed=0,tol_bps=10.0)",BUY_NOW,down,0.12550847724903524,medium,10,8.08152,"{""threshold"": 0.0269, ""_fitted"": true}","{""proba"": 0.12550847724903524, ""pct_rank"": 0.008333333333333333, ""window"": 120.0}",thinned,
2026-02-03,TJS,reversal,"reversal(max_days_since_min=10,rearm=5,rise_bps=50,window=120)",WINDOW_CLOSING,up,1.0,slow,10,8.22419,"{""window"": 120, ""rise_bps"": 50, ""max_days_since_min"": 10, ""rearm"": 5, ""_feasible"": null, ""_n_feasible"": 0, ""_fixed"": true}","{""rise_pct"": 1.76538571951812, ""min_rate"": 8.08152, ""days_since_min"": 2.0, ""window"": 120.0}",muted,
2026-02-06,TJS,level,"level(pct=0.1,rearm=5,stall_days=0,window=120)",BUY_NOW,down,0.2500000000000001,medium,10,8.21471,"{""window"": 120, ""pct"": 0.1, ""stall_days"": 0, ""rearm"": 5, ""_feasible"": null, ""_n_feasible"": 0, ""_fixed"": true}","{""pct_rank"": 0.075, ""window"": 120.0, ""days_since_min"": 5.0}",sent,BUY_NOW
2026-02-10,TJS,reversal,"reversal(max_days_since_min=10,rearm=5,rise_bps=50,window=120)",WINDOW_CLOSING,up,1.0,slow,10,8.21951,"{""window"": 120, ""rise_bps"": 50, ""max_days_since_min"": 10, ""rearm"": 5, ""_feasible"": null, ""_n_feasible"": 0, ""_fixed"": true}","{""rise_pct"": 1.7074758213801333, ""min_rate"": 8.08152, ""days_since_min"": 7.0, ""window"": 120.0}",muted,
2026-02-13,TJS,level,"level(pct=0.1,rearm=5,stall_days=0,window=120)",BUY_NOW,down,0.33333333333333337,medium,10,8.17201,"{""window"": 120, ""pct"": 0.1, ""stall_days"": 0, ""rearm"": 5, ""_feasible"": null, ""_n_feasible"": 0, ""_fixed"": true}","{""pct_rank"": 0.06666666666666667, ""window"": 120.0, ""days_since_min"": 10.0}",sent,BUY_NOW
2026-02-16,TJS,ml_localmin,"ml_localmin(fp_cost=3.0,gate_pct=0.2,gate_window=120,h=10,min_pos_rate=0.25,rearm=5,seed=0,tol_bps=10.0)",BUY_NOW,down,0.08482743842515394,medium,10,8.11121,"{""threshold"": 0.0269, ""_fitted"": true}","{""proba"": 0.08482743842515394, ""pct_rank"": 0.025, ""window"": 120.0}",cooldown,
2026-02-18,TJS,dip_vs_trend,"dip_vs_trend(pct=0.1,rearm=5,span=40,window=120)",BUY_NOW,down,0.0,medium,10,8.0576,"{""span"": 40, ""window"": 120, ""pct"": 0.1, ""rearm"": 5, ""_feasible"": null, ""_n_feasible"": 0, ""_fixed"": true}","{""dev_pct"": -3.176504248344758, ""pct_rank"": 0.1, ""window"": 120.0, ""span"": 40.0}",muted,
2026-02-19,TJS,reversal,"reversal(max_days_since_min=10,rearm=5,rise_bps=50,window=120)",WINDOW_CLOSING,up,0.5654289118347977,slow,10,8.10316,"{""window"": 120, ""rise_bps"": 50, ""max_days_since_min"": 10, ""rearm"": 5, ""_feasible"": null, ""_n_feasible"": 0, ""_fixed"": true}","{""rise_pct"": 0.5654289118347977, ""min_rate"": 8.0576, ""days_since_min"": 1.0, ""window"": 120.0}",muted,
2026-02-20,TJS,level,"level(pct=0.1,rearm=5,stall_days=0,window=120)",BUY_NOW,down,0.5,medium,10,8.11537,"{""window"": 120, ""pct"": 0.1, ""stall_days"": 0, ""rearm"": 5, ""_feasible"": null, ""_n_feasible"": 0, ""_fixed"": true}","{""pct_rank"": 0.05, ""window"": 120.0, ""days_since_min"": 2.0}",sent,BUY_NOW
2026-02-24,TJS,ml_localmin,"ml_localmin(fp_cost=3.0,gate_pct=0.2,gate_window=120,h=10,min_pos_rate=0.25,rearm=5,seed=0,tol_bps=10.0)",BUY_NOW,down,0.12594163089479884,medium,10,8.09736,"{""threshold"": 0.0269, ""_fitted"": true}","{""proba"": 0.12594163089479884, ""pct_rank"": 0.025, ""window"": 120.0}",cooldown,
2026-02-27,TJS,reversal,"reversal(max_days_since_min=10,rearm=5,rise_bps=50,window=120)",WINDOW_CLOSING,up,0.833250595710866,slow,10,8.12474,"{""window"": 120, ""rise_bps"": 50, ""max_days_since_min"": 10, ""rearm"": 5, ""_feasible"": null, ""_n_feasible"": 0, ""_fixed"": true}","{""rise_pct"": 0.833250595710866, ""min_rate"": 8.0576, ""days_since_min"": 6.0, ""window"": 120.0}",muted,
2026-03-02,TJS,level,"level(pct=0.1,rearm=5,stall_days=0,window=120)",BUY_NOW,down,0.5833333333333334,medium,10,8.09998,"{""window"": 120, ""pct"": 0.1, ""stall_days"": 0, ""rearm"": 5, ""_feasible"": null, ""_n_feasible"": 0, ""_fixed"": true}","{""pct_rank"": 0.041666666666666664, ""window"": 120.0, ""days_since_min"": 7.0}",sent,BUY_NOW
2026-04-01,TJS,momentum,"momentum(n=4,rearm=3)",BUY_NOW,down,0.5,fast,10,8.42187,"{""n"": 4, ""rearm"": 3, ""_feasible"": null, ""_n_feasible"": 0, ""_fixed"": true}","{""streak"": 4.0, ""drop_pct"": -2.188766284219057}",muted,
2026-04-06,TJS,momentum,"momentum(n=4,rearm=3)",BUY_NOW,down,0.875,fast,10,8.22213,"{""n"": 4, ""rearm"": 3, ""_feasible"": null, ""_n_feasible"": 0, ""_fixed"": true}","{""streak"": 7.0, ""drop_pct"": -4.5085380002857}",muted,
2026-04-08,TJS,ml_localmin,"ml_localmin(fp_cost=3.0,gate_pct=0.2,gate_window=120,h=10,min_pos_rate=0.25,rearm=5,seed=0,tol_bps=10.0)",BUY_NOW,down,0.033502402516628435,medium,10,8.19769,"{""threshold"": 0.0269, ""_fitted"": true}","{""proba"": 0.033502402516628435, ""pct_rank"": 0.2, ""window"": 120.0}",storm,
2026-04-10,TJS,level,"level(pct=0.1,rearm=5,stall_days=0,window=120)",BUY_NOW,down,0.6666666666666667,medium,10,8.08169,"{""window"": 120, ""pct"": 0.1, ""stall_days"": 0, ""rearm"": 5, ""_feasible"": null, ""_n_feasible"": 0, ""_fixed"": true}","{""pct_rank"": 0.03333333333333333, ""window"": 120.0, ""days_since_min"": 35.0}",sent,BUY_NOW
2026-04-13,TJS,dip_vs_trend,"dip_vs_trend(pct=0.1,rearm=5,span=40,window=120)",BUY_NOW,down,0.2500000000000001,medium,10,8.01903,"{""span"": 40, ""window"": 120, ""pct"": 0.1, ""rearm"": 5, ""_feasible"": null, ""_n_feasible"": 0, ""_fixed"": true}","{""dev_pct"": -3.38879782302125, ""pct_rank"": 0.075, ""window"": 120.0, ""span"": 40.0}",muted,
2026-04-13,TJS,momentum,"momentum(n=4,rearm=3)",BUY_NOW,down,0.5,fast,10,8.01903,"{""n"": 4, ""rearm"": 3, ""_feasible"": null, ""_n_feasible"": 0, ""_fixed"": true}","{""streak"": 4.0, ""drop_pct"": -2.732433317564864}",muted,
2026-04-15,TJS,ml_localmin,"ml_localmin(fp_cost=3.0,gate_pct=0.2,gate_window=120,h=10,min_pos_rate=0.25,rearm=5,seed=0,tol_bps=10.0)",BUY_NOW,down,0.06891927277133847,medium,10,7.93405,"{""threshold"": 0.0269, ""_fitted"": true}","{""proba"": 0.06891927277133847, ""pct_rank"": 0.008333333333333333, ""window"": 120.0}",cooldown,
2026-04-16,TJS,reversal,"reversal(max_days_since_min=10,rearm=5,rise_bps=50,window=120)",WINDOW_CLOSING,up,1.0,slow,10,8.02384,"{""window"": 120, ""rise_bps"": 50, ""max_days_since_min"": 10, ""rearm"": 5, ""_feasible"": null, ""_n_feasible"": 0, ""_fixed"": true}","{""rise_pct"": 1.131704488880203, ""min_rate"": 7.93405, ""days_since_min"": 1.0, ""window"": 120.0}",muted,
2026-04-17,TJS,level,"level(pct=0.1,rearm=5,stall_days=0,window=120)",BUY_NOW,down,0.5833333333333334,medium,10,8.03473,"{""window"": 120, ""pct"": 0.1, ""stall_days"": 0, ""rearm"": 5, ""_feasible"": null, ""_n_feasible"": 0, ""_fixed"": true}","{""pct_rank"": 0.041666666666666664, ""window"": 120.0, ""days_since_min"": 2.0}",sent,BUY_NOW
2026-04-20,TJS,dip_vs_trend,"dip_vs_trend(pct=0.1,rearm=5,span=40,window=120)",BUY_NOW,down,0.6666666666666667,medium,10,7.95519,"{""span"": 40, ""window"": 120, ""pct"": 0.1, ""rearm"": 5, ""_feasible"": null, ""_n_feasible"": 0, ""_fixed"": true}","{""dev_pct"": -3.976468218146989, ""pct_rank"": 0.03333333333333333, ""window"": 120.0, ""span"": 40.0}",muted,
2026-04-23,TJS,ml_localmin,"ml_localmin(fp_cost=3.0,gate_pct=0.2,gate_window=120,h=10,min_pos_rate=0.25,rearm=5,seed=0,tol_bps=10.0)",BUY_NOW,down,0.05049866425026598,medium,10,7.93053,"{""threshold"": 0.0269, ""_fitted"": true}","{""proba"": 0.05049866425026598, ""pct_rank"": 0.016666666666666666, ""window"": 120.0}",sent,BUY_NOW
2026-04-24,TJS,level,"level(pct=0.1,rearm=5,stall_days=0,window=120)",BUY_NOW,down,0.41666666666666674,medium,10,8.00866,"{""window"": 120, ""pct"": 0.1, ""stall_days"": 0, ""rearm"": 5, ""_feasible"": null, ""_n_feasible"": 0, ""_fixed"": true}","{""pct_rank"": 0.058333333333333334, ""window"": 120.0, ""days_since_min"": 3.0}",cooldown,
2026-04-24,TJS,reversal,"reversal(max_days_since_min=10,rearm=5,rise_bps=50,window=120)",WINDOW_CLOSING,up,1.0,slow,10,8.00866,"{""window"": 120, ""rise_bps"": 50, ""max_days_since_min"": 10, ""rearm"": 5, ""_feasible"": null, ""_n_feasible"": 0, ""_fixed"": true}","{""rise_pct"": 1.4846353671672086, ""min_rate"": 7.8915, ""days_since_min"": 3.0, ""window"": 120.0}",muted,
2026-04-27,TJS,dip_vs_trend,"dip_vs_trend(pct=0.1,rearm=5,span=40,window=120)",BUY_NOW,down,0.33333333333333337,medium,10,7.93939,"{""span"": 40, ""window"": 120, ""pct"": 0.1, ""rearm"": 5, ""_feasible"": null, ""_n_feasible"": 0, ""_fixed"": true}","{""dev_pct"": -3.930500356053168, ""pct_rank"": 0.06666666666666667, ""window"": 120.0, ""span"": 40.0}",muted,
2026-05-04,TJS,reversal,"reversal(max_days_since_min=10,rearm=5,rise_bps=50,window=120)",WINDOW_CLOSING,up,1.0,slow,10,8.03327,"{""window"": 120, ""rise_bps"": 50, ""max_days_since_min"": 10, ""rearm"": 5, ""_feasible"": null, ""_n_feasible"": 0, ""_fixed"": true}","{""rise_pct"": 1.7964898941899454, ""min_rate"": 7.8915, ""days_since_min"": 8.0, ""window"": 120.0}",muted,
2026-05-07,TJS,level,"level(pct=0.1,rearm=5,stall_days=0,window=120)",BUY_NOW,down,0.16666666666666674,medium,10,7.96058,"{""window"": 120, ""pct"": 0.1, ""stall_days"": 0, ""rearm"": 5, ""_feasible"": null, ""_n_feasible"": 0, ""_fixed"": true}","{""pct_rank"": 0.08333333333333333, ""window"": 120.0, ""days_since_min"": 11.0}",sent,BUY_NOW
2026-05-08,TJS,ml_localmin,"ml_localmin(fp_cost=3.0,gate_pct=0.2,gate_window=120,h=10,min_pos_rate=0.25,rearm=5,seed=0,tol_bps=10.0)",BUY_NOW,down,0.02917169645036035,medium,10,7.93162,"{""threshold"": 0.0269, ""_fitted"": true}","{""proba"": 0.02917169645036035, ""pct_rank"": 0.03333333333333333, ""window"": 120.0}",cooldown,
2026-05-12,TJS,dip_vs_trend,"dip_vs_trend(pct=0.1,rearm=5,span=40,window=120)",BUY_NOW,down,0.2500000000000001,medium,10,7.8855,"{""span"": 40, ""window"": 120, ""pct"": 0.1, ""rearm"": 5, ""_feasible"": null, ""_n_feasible"": 0, ""_fixed"": true}","{""dev_pct"": -3.9689105513116774, ""pct_rank"": 0.075, ""window"": 120.0, ""span"": 40.0}",muted,
2026-05-12,TJS,momentum,"momentum(n=4,rearm=3)",BUY_NOW,down,0.5,fast,10,7.8855,"{""n"": 4, ""rearm"": 3, ""_feasible"": null, ""_n_feasible"": 0, ""_fixed"": true}","{""streak"": 4.0, ""drop_pct"": -1.8530365753175793}",muted,
2026-05-15,TJS,level,"level(pct=0.1,rearm=5,stall_days=0,window=120)",BUY_NOW,down,0.8333333333333334,medium,10,7.82531,"{""window"": 120, ""pct"": 0.1, ""stall_days"": 0, ""rearm"": 5, ""_feasible"": null, ""_n_feasible"": 0, ""_fixed"": true}","{""pct_rank"": 0.016666666666666666, ""window"": 120.0, ""days_since_min"": 1.0}",sent,BUY_NOW
2026-05-18,TJS,ml_localmin,"ml_localmin(fp_cost=3.0,gate_pct=0.2,gate_window=120,h=10,min_pos_rate=0.25,rearm=5,seed=0,tol_bps=10.0)",BUY_NOW,down,0.23231312714581828,medium,10,7.74208,"{""threshold"": 0.0269, ""_fitted"": true}","{""proba"": 0.23231312714581828, ""pct_rank"": 0.008333333333333333, ""window"": 120.0}",cooldown,
2026-05-19,TJS,dip_vs_trend,"dip_vs_trend(pct=0.1,rearm=5,span=40,window=120)",BUY_NOW,down,0.9166666666666666,medium,10,7.6422,"{""span"": 40, ""window"": 120, ""pct"": 0.1, ""rearm"": 5, ""_feasible"": null, ""_n_feasible"": 0, ""_fixed"": true}","{""dev_pct"": -5.674245484683071, ""pct_rank"": 0.008333333333333333, ""window"": 120.0, ""span"": 40.0}",muted,
2026-05-22,TJS,level,"level(pct=0.1,rearm=5,stall_days=0,window=120)",BUY_NOW,down,0.6666666666666667,medium,10,7.67396,"{""window"": 120, ""pct"": 0.1, ""stall_days"": 0, ""rearm"": 5, ""_feasible"": null, ""_n_feasible"": 0, ""_fixed"": true}","{""pct_rank"": 0.03333333333333333, ""window"": 120.0, ""days_since_min"": 2.0}",sent,BUY_NOW
2026-05-22,TJS,reversal,"reversal(max_days_since_min=10,rearm=5,rise_bps=50,window=120)",WINDOW_CLOSING,up,0.7802168217425853,slow,10,7.67396,"{""window"": 120, ""rise_bps"": 50, ""max_days_since_min"": 10, ""rearm"": 5, ""_feasible"": null, ""_n_feasible"": 0, ""_fixed"": true}","{""rise_pct"": 0.7802168217425853, ""min_rate"": 7.61455, ""days_since_min"": 2.0, ""window"": 120.0}",muted,
2026-05-29,TJS,level,"level(pct=0.1,rearm=5,stall_days=0,window=120)",BUY_NOW,down,0.5,medium,10,7.67536,"{""window"": 120, ""pct"": 0.1, ""stall_days"": 0, ""rearm"": 5, ""_feasible"": null, ""_n_feasible"": 0, ""_fixed"": true}","{""pct_rank"": 0.05, ""window"": 120.0, ""days_since_min"": 7.0}",sent,BUY_NOW
2026-05-29,TJS,reversal,"reversal(max_days_since_min=10,rearm=5,rise_bps=50,window=120)",WINDOW_CLOSING,up,0.7986026751416686,slow,10,7.67536,"{""window"": 120, ""rise_bps"": 50, ""max_days_since_min"": 10, ""rearm"": 5, ""_feasible"": null, ""_n_feasible"": 0, ""_fixed"": true}","{""rise_pct"": 0.7986026751416686, ""min_rate"": 7.61455, ""days_since_min"": 7.0, ""window"": 120.0}",muted,
2026-06-09,TJS,level,"level(pct=0.1,rearm=5,stall_days=0,window=120)",BUY_NOW,down,0.5833333333333334,medium,10,7.66882,"{""window"": 120, ""pct"": 0.1, ""stall_days"": 0, ""rearm"": 5, ""_feasible"": null, ""_n_feasible"": 0, ""_fixed"": true}","{""pct_rank"": 0.041666666666666664, ""window"": 120.0, ""days_since_min"": 14.0}",sent,BUY_NOW
2026-06-24,TJS,seasonality,"seasonality(from_day=24,min_share=0.7,min_years=4,rearm=20)",BUY_NOW,down,0.7272727272727273,slow,10,8.04287,"{""min_share"": 0.7, ""min_years"": 4, ""from_day"": 24, ""rearm"": 20, ""_feasible"": null, ""_n_feasible"": 0, ""_fixed"": true}","{""k_years"": 8.0, ""n_years"": 11.0, ""target_month"": 7.0}",sent,BUY_NOW
2021-01-13,UZS,level,"level(pct=0.1,rearm=5,stall_days=0,window=120)",BUY_NOW,down,0.0,medium,0,0.00702043,"{""window"": 120, ""pct"": 0.1, ""stall_days"": 0, ""rearm"": 5, ""_feasible"": null, ""_n_feasible"": 0, ""_fixed"": true}","{""pct_rank"": 0.1, ""window"": 120.0, ""days_since_min"": 118.0}",sent,BUY_NOW
2021-01-20,UZS,level,"level(pct=0.1,rearm=5,stall_days=0,window=120)",BUY_NOW,down,0.8333333333333334,medium,0,0.00698565,"{""window"": 120, ""pct"": 0.1, ""stall_days"": 0, ""rearm"": 5, ""_feasible"": null, ""_n_feasible"": 0, ""_fixed"": true}","{""pct_rank"": 0.016666666666666666, ""window"": 120.0, ""days_since_min"": 18.0}",sent,BUY_NOW
2021-02-10,UZS,level,"level(pct=0.1,rearm=5,stall_days=0,window=120)",BUY_NOW,down,0.41666666666666674,medium,0,0.00701299,"{""window"": 120, ""pct"": 0.1, ""stall_days"": 0, ""rearm"": 5, ""_feasible"": null, ""_n_feasible"": 0, ""_fixed"": true}","{""pct_rank"": 0.058333333333333334, ""window"": 120.0, ""days_since_min"": 33.0}",sent,BUY_NOW
2021-02-17,UZS,level,"level(pct=0.1,rearm=5,stall_days=0,window=120)",BUY_NOW,down,0.2500000000000001,medium,0,0.00700728,"{""window"": 120, ""pct"": 0.1, ""stall_days"": 0, ""rearm"": 5, ""_feasible"": null, ""_n_feasible"": 0, ""_fixed"": true}","{""pct_rank"": 0.075, ""window"": 120.0, ""days_since_min"": 2.0}",thinned,
2021-02-17,UZS,reversal,"reversal(max_days_since_min=10,rearm=5,rise_bps=50,window=120)",WINDOW_CLOSING,up,0.7755973739276945,slow,0,0.00700728,"{""window"": 120, ""rise_bps"": 50, ""max_days_since_min"": 10, ""rearm"": 5, ""_feasible"": null, ""_n_feasible"": 0, ""_fixed"": true}","{""rise_pct"": 0.7755973739276945, ""min_rate"": 0.00695335, ""days_since_min"": 2.0, ""window"": 120.0}",sent,WINDOW_CLOSING
2021-02-25,UZS,level,"level(pct=0.1,rearm=5,stall_days=0,window=120)",BUY_NOW,down,0.75,medium,0,0.00696179,"{""window"": 120, ""pct"": 0.1, ""stall_days"": 0, ""rearm"": 5, ""_feasible"": null, ""_n_feasible"": 0, ""_fixed"": true}","{""pct_rank"": 0.025, ""window"": 120.0, ""days_since_min"": 7.0}",sent,BUY_NOW
2021-02-26,UZS,reversal,"reversal(max_days_since_min=10,rearm=5,rise_bps=50,window=120)",WINDOW_CLOSING,up,1.0,slow,0,0.00706335,"{""window"": 120, ""rise_bps"": 50, ""max_days_since_min"": 10, ""rearm"": 5, ""_feasible"": null, ""_n_feasible"": 0, ""_fixed"": true}","{""rise_pct"": 1.581971280030503, ""min_rate"": 0.00695335, ""days_since_min"": 8.0, ""window"": 120.0}",cooldown,
2021-03-11,UZS,level,"level(pct=0.1,rearm=5,stall_days=0,window=120)",BUY_NOW,down,0.33333333333333337,medium,0,0.00699735,"{""window"": 120, ""pct"": 0.1, ""stall_days"": 0, ""rearm"": 5, ""_feasible"": null, ""_n_feasible"": 0, ""_fixed"": true}","{""pct_rank"": 0.06666666666666667, ""window"": 120.0, ""days_since_min"": 16.0}",sent,BUY_NOW
2021-03-12,UZS,momentum,"momentum(n=4,rearm=3)",BUY_NOW,down,0.5,fast,0,0.00699174,"{""n"": 4, ""rearm"": 3, ""_feasible"": null, ""_n_feasible"": 0, ""_fixed"": true}","{""streak"": 4.0, ""drop_pct"": -1.5706762058814827}",cooldown,
2021-03-18,UZS,reversal,"reversal(max_days_since_min=10,rearm=5,rise_bps=50,window=120)",WINDOW_CLOSING,up,1.0,slow,0,0.00699931,"{""window"": 120, ""rise_bps"": 50, ""max_days_since_min"": 10, ""rearm"": 5, ""_feasible"": null, ""_n_feasible"": 0, ""_fixed"": true}","{""rise_pct"": 1.0018932506767664, ""min_rate"": 0.00692988, ""days_since_min"": 2.0, ""window"": 120.0}",sent,WINDOW_CLOSING
2021-03-25,UZS,reversal,"reversal(max_days_since_min=10,rearm=5,rise_bps=50,window=120)",WINDOW_CLOSING,up,1.0,slow,0,0.00724937,"{""window"": 120, ""rise_bps"": 50, ""max_days_since_min"": 10, ""rearm"": 5, ""_feasible"": null, ""_n_feasible"": 0, ""_fixed"": true}","{""rise_pct"": 4.61032514271531, ""min_rate"": 0.00692988, ""days_since_min"": 7.0, ""window"": 120.0}",sent,WINDOW_CLOSING
2021-03-30,UZS,momentum,"momentum(n=4,rearm=3)",BUY_NOW,down,0.5,fast,0,0.00721905,"{""n"": 4, ""rearm"": 3, ""_feasible"": null, ""_n_feasible"": 0, ""_fixed"": true}","{""streak"": 4.0, ""drop_pct"": -0.5001833132561639}",cooldown,
2021-05-11,UZS,momentum,"momentum(n=4,rearm=3)",BUY_NOW,down,0.5,fast,0,0.0070426,"{""n"": 4, ""rearm"": 3, ""_feasible"": null, ""_n_feasible"": 0, ""_fixed"": true}","{""streak"": 4.0, ""drop_pct"": -1.5293666928598681}",sent,BUY_NOW
2021-05-18,UZS,level,"level(pct=0.1,rearm=5,stall_days=0,window=120)",BUY_NOW,down,0.33333333333333337,medium,0,0.00697506,"{""window"": 120, ""pct"": 0.1, ""stall_days"": 0, ""rearm"": 5, ""_feasible"": null, ""_n_feasible"": 0, ""_fixed"": true}","{""pct_rank"": 0.06666666666666667, ""window"": 120.0, ""days_since_min"": 43.0}",sent,BUY_NOW
2021-05-19,UZS,momentum,"momentum(n=4,rearm=3)",BUY_NOW,down,0.5,fast,0,0.00696585,"{""n"": 4, ""rearm"": 3, ""_feasible"": null, ""_n_feasible"": 0, ""_fixed"": true}","{""streak"": 4.0, ""drop_pct"": -1.158146114846892}",cooldown,
2021-05-21,UZS,dip_vs_trend,"dip_vs_trend(pct=0.1,rearm=5,span=40,window=120)",BUY_NOW,down,0.0,medium,0,0.00694301,"{""span"": 40, ""window"": 120, ""pct"": 0.1, ""rearm"": 5, ""_feasible"": null, ""_n_feasible"": 0, ""_fixed"": true}","{""dev_pct"": -3.215700083130091, ""pct_rank"": 0.1, ""window"": 120.0, ""span"": 40.0}",cooldown,
2021-05-25,UZS,level,"level(pct=0.1,rearm=5,stall_days=0,window=120)",BUY_NOW,down,0.75,medium,0,0.0069384,"{""window"": 120, ""pct"": 0.1, ""stall_days"": 0, ""rearm"": 5, ""_feasible"": null, ""_n_feasible"": 0, ""_fixed"": true}","{""pct_rank"": 0.025, ""window"": 120.0, ""days_since_min"": 48.0}",sent,BUY_NOW
2021-06-01,UZS,level,"level(pct=0.1,rearm=5,stall_days=0,window=120)",BUY_NOW,down,0.6666666666666667,medium,0,0.00693032,"{""window"": 120, ""pct"": 0.1, ""stall_days"": 0, ""rearm"": 5, ""_feasible"": null, ""_n_feasible"": 0, ""_fixed"": true}","{""pct_rank"": 0.03333333333333333, ""window"": 120.0, ""days_since_min"": 3.0}",sent,BUY_NOW
2021-06-02,UZS,reversal,"reversal(max_days_since_min=10,rearm=5,rise_bps=50,window=120)",WINDOW_CLOSING,up,0.5289209406184492,slow,0,0.00696015,"{""window"": 120, ""rise_bps"": 50, ""max_days_since_min"": 10, ""rearm"": 5, ""_feasible"": null, ""_n_feasible"": 0, ""_fixed"": true}","{""rise_pct"": 0.5289209406184492, ""min_rate"": 0.00692353, ""days_since_min"": 4.0, ""window"": 120.0}",cooldown,
2021-06-08,UZS,level,"level(pct=0.1,rearm=5,stall_days=0,window=120)",BUY_NOW,down,0.8333333333333334,medium,0,0.00691462,"{""window"": 120, ""pct"": 0.1, ""stall_days"": 0, ""rearm"": 5, ""_feasible"": null, ""_n_feasible"": 0, ""_fixed"": true}","{""pct_rank"": 0.016666666666666666, ""window"": 120.0, ""days_since_min"": 1.0}",sent,BUY_NOW
2021-06-09,UZS,dip_vs_trend,"dip_vs_trend(pct=0.1,rearm=5,span=40,window=120)",BUY_NOW,down,0.2500000000000001,medium,0,0.00682933,"{""span"": 40, ""window"": 120, ""pct"": 0.1, ""rearm"": 5, ""_feasible"": null, ""_n_feasible"": 0, ""_fixed"": true}","{""dev_pct"": -3.2079439066895254, ""pct_rank"": 0.075, ""window"": 120.0, ""span"": 40.0}",cooldown,
2021-06-16,UZS,level,"level(pct=0.1,rearm=5,stall_days=0,window=120)",BUY_NOW,down,0.75,medium,0,0.00678525,"{""window"": 120, ""pct"": 0.1, ""stall_days"": 0, ""rearm"": 5, ""_feasible"": null, ""_n_feasible"": 0, ""_fixed"": true}","{""pct_rank"": 0.025, ""window"": 120.0, ""days_since_min"": 2.0}",sent,BUY_NOW
2021-06-17,UZS,reversal,"reversal(max_days_since_min=10,rearm=5,rise_bps=50,window=120)",WINDOW_CLOSING,up,0.8842093446126853,slow,0,0.00682975,"{""window"": 120, ""rise_bps"": 50, ""max_days_since_min"": 10, ""rearm"": 5, ""_feasible"": null, ""_n_feasible"": 0, ""_fixed"": true}","{""rise_pct"": 0.8842093446126853, ""min_rate"": 0.00676989, ""days_since_min"": 3.0, ""window"": 120.0}",cooldown,
2021-06-23,UZS,level,"level(pct=0.1,rearm=5,stall_days=0,window=120)",BUY_NOW,down,0.33333333333333337,medium,0,0.00686746,"{""window"": 120, ""pct"": 0.1, ""stall_days"": 0, ""rearm"": 5, ""_feasible"": null, ""_n_feasible"": 0, ""_fixed"": true}","{""pct_rank"": 0.06666666666666667, ""window"": 120.0, ""days_since_min"": 7.0}",sent,BUY_NOW
2021-06-24,UZS,reversal,"reversal(max_days_since_min=10,rearm=5,rise_bps=50,window=120)",WINDOW_CLOSING,up,1.0,slow,0,0.00684136,"{""window"": 120, ""rise_bps"": 50, ""max_days_since_min"": 10, ""rearm"": 5, ""_feasible"": null, ""_n_feasible"": 0, ""_fixed"": true}","{""rise_pct"": 1.0557040070075185, ""min_rate"": 0.00676989, ""days_since_min"": 8.0, ""window"": 120.0}",cooldown,
2021-06-25,UZS,momentum,"momentum(n=4,rearm=3)",BUY_NOW,down,0.5,fast,0,0.00683101,"{""n"": 4, ""rearm"": 3, ""_feasible"": null, ""_n_feasible"": 0, ""_fixed"": true}","{""streak"": 4.0, ""drop_pct"": -1.3816082960019904}",cooldown,
2021-06-30,UZS,level,"level(pct=0.1,rearm=5,stall_days=0,window=120)",BUY_NOW,down,0.0,medium,0,0.00685727,"{""window"": 120, ""pct"": 0.1, ""stall_days"": 0, ""rearm"": 5, ""_feasible"": null, ""_n_feasible"": 0, ""_fixed"": true}","{""pct_rank"": 0.1, ""window"": 120.0, ""days_since_min"": 12.0}",sent,BUY_NOW
2021-07-27,UZS,ml_localmin,"ml_localmin(fp_cost=3.0,gate_pct=0.2,gate_window=120,h=10,min_pos_rate=0.25,rearm=5,seed=0,tol_bps=10.0)",BUY_NOW,down,0.04150133538149989,medium,1,0.00692922,"{""threshold"": 0.0332, ""_fitted"": true}","{""proba"": 0.04150133538149989, ""pct_rank"": 0.19166666666666668, ""window"": 120.0}",sent,BUY_NOW
2021-08-03,UZS,level,"level(pct=0.1,rearm=5,stall_days=0,window=120)",BUY_NOW,down,0.08333333333333348,medium,1,0.00683991,"{""window"": 120, ""pct"": 0.1, ""stall_days"": 0, ""rearm"": 5, ""_feasible"": null, ""_n_feasible"": 0, ""_fixed"": true}","{""pct_rank"": 0.09166666666666666, ""window"": 120.0, ""days_since_min"": 36.0}",sent,BUY_NOW
2021-08-31,UZS,ml_localmin,"ml_localmin(fp_cost=3.0,gate_pct=0.2,gate_window=120,h=10,min_pos_rate=0.25,rearm=5,seed=0,tol_bps=10.0)",BUY_NOW,down,0.1544501354185589,medium,1,0.00687852,"{""threshold"": 0.0332, ""_fitted"": true}","{""proba"": 0.1544501354185589, ""pct_rank"": 0.15833333333333333, ""window"": 120.0}",sent,BUY_NOW
2021-09-02,UZS,level,"level(pct=0.1,rearm=5,stall_days=0,window=120)",BUY_NOW,down,0.5,medium,1,0.00682747,"{""window"": 120, ""pct"": 0.1, ""stall_days"": 0, ""rearm"": 5, ""_feasible"": null, ""_n_feasible"": 0, ""_fixed"": true}","{""pct_rank"": 0.05, ""window"": 120.0, ""days_since_min"": 58.0}",cooldown,
2021-09-02,UZS,momentum,"momentum(n=4,rearm=3)",BUY_NOW,down,0.5,fast,1,0.00682747,"{""n"": 4, ""rearm"": 3, ""_feasible"": null, ""_n_feasible"": 0, ""_fixed"": true}","{""streak"": 4.0, ""drop_pct"": -1.8073848649674762}",thinned,
2021-09-09,UZS,ml_localmin,"ml_localmin(fp_cost=3.0,gate_pct=0.2,gate_window=120,h=10,min_pos_rate=0.25,rearm=5,seed=0,tol_bps=10.0)",BUY_NOW,down,0.038986501994400194,medium,1,0.00684545,"{""threshold"": 0.0332, ""_fitted"": true}","{""proba"": 0.038986501994400194, ""pct_rank"": 0.14166666666666666, ""window"": 120.0}",sent,BUY_NOW
2021-09-10,UZS,level,"level(pct=0.1,rearm=5,stall_days=0,window=120)",BUY_NOW,down,0.6666666666666667,medium,1,0.00682034,"{""window"": 120, ""pct"": 0.1, ""stall_days"": 0, ""rearm"": 5, ""_feasible"": null, ""_n_feasible"": 0, ""_fixed"": true}","{""pct_rank"": 0.03333333333333333, ""window"": 120.0, ""days_since_min"": 64.0}",cooldown,
2021-09-17,UZS,level,"level(pct=0.1,rearm=5,stall_days=0,window=120)",BUY_NOW,down,0.5833333333333334,medium,1,0.00679335,"{""window"": 120, ""pct"": 0.1, ""stall_days"": 0, ""rearm"": 5, ""_feasible"": null, ""_n_feasible"": 0, ""_fixed"": true}","{""pct_rank"": 0.041666666666666664, ""window"": 120.0, ""days_since_min"": 1.0}",sent,BUY_NOW
2021-09-20,UZS,reversal,"reversal(max_days_since_min=10,rearm=5,rise_bps=50,window=120)",WINDOW_CLOSING,up,1.0,slow,1,0.00687005,"{""window"": 120, ""rise_bps"": 50, ""max_days_since_min"": 10, ""rearm"": 5, ""_feasible"": null, ""_n_feasible"": 0, ""_fixed"": true}","{""rise_pct"": 1.5432390727263101, ""min_rate"": 0.00676564, ""days_since_min"": 2.0, ""window"": 120.0}",cooldown,
2021-09-27,UZS,level,"level(pct=0.1,rearm=5,stall_days=0,window=120)",BUY_NOW,down,0.16666666666666674,medium,1,0.00682262,"{""window"": 120, ""pct"": 0.1, ""stall_days"": 0, ""rearm"": 5, ""_feasible"": null, ""_n_feasible"": 0, ""_fixed"": true}","{""pct_rank"": 0.08333333333333333, ""window"": 120.0, ""days_since_min"": 7.0}",thinned,
2021-09-27,UZS,reversal,"reversal(max_days_since_min=10,rearm=5,rise_bps=50,window=120)",WINDOW_CLOSING,up,0.8421967470926495,slow,1,0.00682262,"{""window"": 120, ""rise_bps"": 50, ""max_days_since_min"": 10, ""rearm"": 5, ""_feasible"": null, ""_n_feasible"": 0, ""_fixed"": true}","{""rise_pct"": 0.8421967470926495, ""min_rate"": 0.00676564, ""days_since_min"": 7.0, ""window"": 120.0}",sent,WINDOW_CLOSING
2021-09-28,UZS,ml_localmin,"ml_localmin(fp_cost=3.0,gate_pct=0.2,gate_window=120,h=10,min_pos_rate=0.25,rearm=5,seed=0,tol_bps=10.0)",BUY_NOW,down,0.04365786973448522,medium,1,0.00679825,"{""threshold"": 0.0332, ""_fitted"": true}","{""proba"": 0.04365786973448522, ""pct_rank"": 0.05, ""window"": 120.0}",cooldown,
2021-10-05,UZS,level,"level(pct=0.1,rearm=5,stall_days=0,window=120)",BUY_NOW,down,0.41666666666666674,medium,1,0.0067963,"{""window"": 120, ""pct"": 0.1, ""stall_days"": 0, ""rearm"": 5, ""_feasible"": null, ""_n_feasible"": 0, ""_fixed"": true}","{""pct_rank"": 0.058333333333333334, ""window"": 120.0, ""days_since_min"": 13.0}",sent,BUY_NOW
2021-10-05,UZS,ml_localmin,"ml_localmin(fp_cost=3.0,gate_pct=0.2,gate_window=120,h=10,min_pos_rate=0.25,rearm=5,seed=0,tol_bps=10.0)",BUY_NOW,down,0.0448881550874043,medium,1,0.0067963,"{""threshold"": 0.0332, ""_fitted"": true}","{""proba"": 0.0448881550874043, ""pct_rank"": 0.058333333333333334, ""window"": 120.0}",thinned,
2021-10-08,UZS,momentum,"momentum(n=4,rearm=3)",BUY_NOW,down,0.5,fast,1,0.0067418,"{""n"": 4, ""rearm"": 3, ""_feasible"": null, ""_n_feasible"": 0, ""_fixed"": true}","{""streak"": 4.0, ""drop_pct"": -1.1527149354438548}",cooldown,
2021-10-12,UZS,level,"level(pct=0.1,rearm=5,stall_days=0,window=120)",BUY_NOW,down,0.8333333333333334,medium,1,0.00673918,"{""window"": 120, ""pct"": 0.1, ""stall_days"": 0, ""rearm"": 5, ""_feasible"": null, ""_n_feasible"": 0, ""_fixed"": true}","{""pct_rank"": 0.016666666666666666, ""window"": 120.0, ""days_since_min"": 1.0}",sent,BUY_NOW
2021-10-13,UZS,ml_localmin,"ml_localmin(fp_cost=3.0,gate_pct=0.2,gate_window=120,h=10,min_pos_rate=0.25,rearm=5,seed=0,tol_bps=10.0)",BUY_NOW,down,0.05396954113606518,medium,1,0.00672572,"{""threshold"": 0.0332, ""_fitted"": true}","{""proba"": 0.05396954113606518, ""pct_rank"": 0.016666666666666666, ""window"": 120.0}",cooldown,
2021-10-18,UZS,momentum,"momentum(n=4,rearm=3)",BUY_NOW,down,0.5,fast,1,0.00664843,"{""n"": 4, ""rearm"": 3, ""_feasible"": null, ""_n_feasible"": 0, ""_fixed"": true}","{""streak"": 4.0, ""drop_pct"": -1.3466029991779371}",sent,BUY_NOW
2021-10-19,UZS,level,"level(pct=0.1,rearm=5,stall_days=0,window=120)",BUY_NOW,down,0.9166666666666666,medium,1,0.00663207,"{""window"": 120, ""pct"": 0.1, ""stall_days"": 0, ""rearm"": 5, ""_feasible"": null, ""_n_feasible"": 0, ""_fixed"": true}","{""pct_rank"": 0.008333333333333333, ""window"": 120.0, ""days_since_min"": 0.0}",cooldown,
2021-10-25,UZS,dip_vs_trend,"dip_vs_trend(pct=0.1,rearm=5,span=40,window=120)",BUY_NOW,down,0.75,medium,1,0.00655278,"{""span"": 40, ""window"": 120, ""pct"": 0.1, ""rearm"": 5, ""_feasible"": null, ""_n_feasible"": 0, ""_fixed"": true}","{""dev_pct"": -3.319542663804953, ""pct_rank"": 0.025, ""window"": 120.0, ""span"": 40.0}",sent,BUY_NOW
2021-10-26,UZS,level,"level(pct=0.1,rearm=5,stall_days=0,window=120)",BUY_NOW,down,0.9166666666666666,medium,1,0.00650328,"{""window"": 120, ""pct"": 0.1, ""stall_days"": 0, ""rearm"": 5, ""_feasible"": null, ""_n_feasible"": 0, ""_fixed"": true}","{""pct_rank"": 0.008333333333333333, ""window"": 120.0, ""days_since_min"": 0.0}",cooldown,
2021-10-28,UZS,reversal,"reversal(max_days_since_min=10,rearm=5,rise_bps=50,window=120)",WINDOW_CLOSING,up,1.0,slow,1,0.00660554,"{""window"": 120, ""rise_bps"": 50, ""max_days_since_min"": 10, ""rearm"": 5, ""_feasible"": null, ""_n_feasible"": 0, ""_fixed"": true}","{""rise_pct"": 1.5724372931812836, ""min_rate"": 0.00650328, ""days_since_min"": 2.0, ""window"": 120.0}",cooldown,
2021-11-08,UZS,reversal,"reversal(max_days_since_min=10,rearm=5,rise_bps=50,window=120)",WINDOW_CLOSING,up,1.0,slow,1,0.00666938,"{""window"": 120, ""rise_bps"": 50, ""max_days_since_min"": 10, ""rearm"": 5, ""_feasible"": null, ""_n_feasible"": 0, ""_fixed"": true}","{""rise_pct"": 2.5540957793605656, ""min_rate"": 0.00650328, ""days_since_min"": 7.0, ""window"": 120.0}",sent,WINDOW_CLOSING
2021-11-10,UZS,level,"level(pct=0.1,rearm=5,stall_days=0,window=120)",BUY_NOW,down,0.5,medium,1,0.00661933,"{""window"": 120, ""pct"": 0.1, ""stall_days"": 0, ""rearm"": 5, ""_feasible"": null, ""_n_feasible"": 0, ""_fixed"": true}","{""pct_rank"": 0.05, ""window"": 120.0, ""days_since_min"": 9.0}",cooldown,
2021-11-10,UZS,ml_localmin,"ml_localmin(fp_cost=3.0,gate_pct=0.2,gate_window=120,h=10,min_pos_rate=0.25,rearm=5,seed=0,tol_bps=10.0)",BUY_NOW,down,0.04106959206422978,medium,1,0.00661933,"{""threshold"": 0.0332, ""_fitted"": true}","{""proba"": 0.04106959206422978, ""pct_rank"": 0.05, ""window"": 120.0}",thinned,
2021-11-10,UZS,momentum,"momentum(n=4,rearm=3)",BUY_NOW,down,0.5,fast,1,0.00661933,"{""n"": 4, ""rearm"": 3, ""_feasible"": null, ""_n_feasible"": 0, ""_fixed"": true}","{""streak"": 4.0, ""drop_pct"": -1.003228937501599}",thinned,
2021-12-13,UZS,momentum,"momentum(n=4,rearm=3)",BUY_NOW,down,0.5,fast,1,0.00679258,"{""n"": 4, ""rearm"": 3, ""_feasible"": null, ""_n_feasible"": 0, ""_fixed"": true}","{""streak"": 4.0, ""drop_pct"": -1.3290103093082983}",sent,BUY_NOW
2022-02-02,UZS,momentum,"momentum(n=4,rearm=3)",BUY_NOW,down,0.5,fast,2,0.00707342,"{""n"": 4, ""rearm"": 3, ""_feasible"": null, ""_n_feasible"": 0, ""_fixed"": true}","{""streak"": 4.0, ""drop_pct"": -3.1995752146507073}",sent,BUY_NOW
2022-02-09,UZS,momentum,"momentum(n=4,rearm=3)",BUY_NOW,down,0.5,fast,2,0.00690044,"{""n"": 4, ""rearm"": 3, ""_feasible"": null, ""_n_feasible"": 0, ""_fixed"": true}","{""streak"": 4.0, ""drop_pct"": -2.547032181437381}",sent,BUY_NOW
2022-03-16,UZS,momentum,"momentum(n=4,rearm=3)",BUY_NOW,down,0.5,fast,2,0.00985216,"{""n"": 4, ""rearm"": 3, ""_feasible"": null, ""_n_feasible"": 0, ""_fixed"": true}","{""streak"": 4.0, ""drop_pct"": -10.911935183426923}",storm,
2022-03-21,UZS,momentum,"momentum(n=4,rearm=3)",BUY_NOW,down,0.875,fast,2,0.0091105,"{""n"": 4, ""rearm"": 3, ""_feasible"": null, ""_n_feasible"": 0, ""_fixed"": true}","{""streak"": 7.0, ""drop_pct"": -17.618388809013553}",storm,
2022-03-24,UZS,momentum,"momentum(n=4,rearm=3)",BUY_NOW,down,1.0,fast,2,0.0083391,"{""n"": 4, ""rearm"": 3, ""_feasible"": null, ""_n_feasible"": 0, ""_fixed"": true}","{""streak"": 10.0, ""drop_pct"": -24.59376610693649}",storm,
2022-03-29,UZS,dip_vs_trend,"dip_vs_trend(pct=0.1,rearm=5,span=40,window=120)",BUY_NOW,down,0.9166666666666666,medium,2,0.00752379,"{""span"": 40, ""window"": 120, ""pct"": 0.1, ""rearm"": 5, ""_feasible"": null, ""_n_feasible"": 0, ""_fixed"": true}","{""dev_pct"": -9.447550551963813, ""pct_rank"": 0.008333333333333333, ""window"": 120.0, ""span"": 40.0}",thinned,
2022-03-29,UZS,momentum,"momentum(n=4,rearm=3)",BUY_NOW,down,1.0,fast,2,0.00752379,"{""n"": 4, ""rearm"": 3, ""_feasible"": null, ""_n_feasible"": 0, ""_fixed"": true}","{""streak"": 13.0, ""drop_pct"": -31.966199169899355}",storm,
2022-04-05,UZS,dip_vs_trend,"dip_vs_trend(pct=0.1,rearm=5,span=40,window=120)",BUY_NOW,down,0.9166666666666666,medium,2,0.00730613,"{""span"": 40, ""window"": 120, ""pct"": 0.1, ""rearm"": 5, ""_feasible"": null, ""_n_feasible"": 0, ""_fixed"": true}","{""dev_pct"": -12.466698984881585, ""pct_rank"": 0.008333333333333333, ""window"": 120.0, ""span"": 40.0}",sent,BUY_NOW
2022-04-07,UZS,ml_localmin,"ml_localmin(fp_cost=3.0,gate_pct=0.2,gate_window=120,h=10,min_pos_rate=0.25,rearm=5,seed=0,tol_bps=10.0)",BUY_NOW,down,0.10304504297490065,medium,2,0.00670633,"{""threshold"": 0.0002, ""_fitted"": true}","{""proba"": 0.10304504297490065, ""pct_rank"": 0.16666666666666666, ""window"": 120.0}",cooldown,
2022-04-08,UZS,level,"level(pct=0.1,rearm=5,stall_days=0,window=120)",BUY_NOW,down,0.6666666666666667,medium,2,0.00658746,"{""window"": 120, ""pct"": 0.1, ""stall_days"": 0, ""rearm"": 5, ""_feasible"": null, ""_n_feasible"": 0, ""_fixed"": true}","{""pct_rank"": 0.03333333333333333, ""window"": 120.0, ""days_since_min"": 108.0}",cooldown,
2022-04-08,UZS,momentum,"momentum(n=4,rearm=3)",BUY_NOW,down,0.5,fast,2,0.00658746,"{""n"": 4, ""rearm"": 3, ""_feasible"": null, ""_n_feasible"": 0, ""_fixed"": true}","{""streak"": 4.0, ""drop_pct"": -10.12733005264831}",thinned,
2022-04-12,UZS,dip_vs_trend,"dip_vs_trend(pct=0.1,rearm=5,span=40,window=120)",BUY_NOW,down,0.6666666666666667,medium,2,0.0070284,"{""span"": 40, ""window"": 120, ""pct"": 0.1, ""rearm"": 5, ""_feasible"": null, ""_n_feasible"": 0, ""_fixed"": true}","{""dev_pct"": -15.777843751507259, ""pct_rank"": 0.03333333333333333, ""window"": 120.0, ""span"": 40.0}",sent,BUY_NOW
2022-04-19,UZS,dip_vs_trend,"dip_vs_trend(pct=0.1,rearm=5,span=40,window=120)",BUY_NOW,down,0.6666666666666667,medium,2,0.00700732,"{""span"": 40, ""window"": 120, ""pct"": 0.1, ""rearm"": 5, ""_feasible"": null, ""_n_feasible"": 0, ""_fixed"": true}","{""dev_pct"": -16.125284812544173, ""pct_rank"": 0.03333333333333333, ""window"": 120.0, ""span"": 40.0}",sent,BUY_NOW
2022-04-20,UZS,momentum,"momentum(n=4,rearm=3)",BUY_NOW,down,0.5,fast,2,0.00684593,"{""n"": 4, ""rearm"": 3, ""_feasible"": null, ""_n_feasible"": 0, ""_fixed"": true}","{""streak"": 4.0, ""drop_pct"": -4.530456852791875}",cooldown,
2022-04-21,UZS,level,"level(pct=0.1,rearm=5,stall_days=0,window=120)",BUY_NOW,down,0.16666666666666674,medium,2,0.00664779,"{""window"": 120, ""pct"": 0.1, ""stall_days"": 0, ""rearm"": 5, ""_feasible"": null, ""_n_feasible"": 0, ""_fixed"": true}","{""pct_rank"": 0.08333333333333333, ""window"": 120.0, ""days_since_min"": 117.0}",cooldown,
2022-04-21,UZS,ml_localmin,"ml_localmin(fp_cost=3.0,gate_pct=0.2,gate_window=120,h=10,min_pos_rate=0.25,rearm=5,seed=0,tol_bps=10.0)",BUY_NOW,down,0.024949205855329084,medium,2,0.00664779,"{""threshold"": 0.0002, ""_fitted"": true}","{""proba"": 0.024949205855329084, ""pct_rank"": 0.08333333333333333, ""window"": 120.0}",thinned,
2022-04-26,UZS,dip_vs_trend,"dip_vs_trend(pct=0.1,rearm=5,span=40,window=120)",BUY_NOW,down,0.8333333333333334,medium,2,0.00646479,"{""span"": 40, ""window"": 120, ""pct"": 0.1, ""rearm"": 5, ""_feasible"": null, ""_n_feasible"": 0, ""_fixed"": true}","{""dev_pct"": -21.233529094373647, ""pct_rank"": 0.016666666666666666, ""window"": 120.0, ""span"": 40.0}",sent,BUY_NOW
2022-04-28,UZS,level,"level(pct=0.1,rearm=5,stall_days=0,window=120)",BUY_NOW,down,0.9166666666666666,medium,2,0.0064549,"{""window"": 120, ""pct"": 0.1, ""stall_days"": 0, ""rearm"": 5, ""_feasible"": null, ""_n_feasible"": 0, ""_fixed"": true}","{""pct_rank"": 0.008333333333333333, ""window"": 120.0, ""days_since_min"": 0.0}",cooldown,
2022-04-28,UZS,ml_localmin,"ml_localmin(fp_cost=3.0,gate_pct=0.2,gate_window=120,h=10,min_pos_rate=0.25,rearm=5,seed=0,tol_bps=10.0)",BUY_NOW,down,0.26703557866648775,medium,2,0.0064549,"{""threshold"": 0.0002, ""_fitted"": true}","{""proba"": 0.26703557866648775, ""pct_rank"": 0.008333333333333333, ""window"": 120.0}",thinned,
2022-05-05,UZS,dip_vs_trend,"dip_vs_trend(pct=0.1,rearm=5,span=40,window=120)",BUY_NOW,down,0.9166666666666666,medium,2,0.00593424,"{""span"": 40, ""window"": 120, ""pct"": 0.1, ""rearm"": 5, ""_feasible"": null, ""_n_feasible"": 0, ""_fixed"": true}","{""dev_pct"": -23.954634764102632, ""pct_rank"": 0.008333333333333333, ""window"": 120.0, ""span"": 40.0}",thinned,
2022-05-05,UZS,momentum,"momentum(n=4,rearm=3)",BUY_NOW,down,0.5,fast,2,0.00593424,"{""n"": 4, ""rearm"": 3, ""_feasible"": null, ""_n_feasible"": 0, ""_fixed"": true}","{""streak"": 4.0, ""drop_pct"": -8.621618874862557}",sent,BUY_NOW
2022-05-06,UZS,reversal,"reversal(max_days_since_min=10,rearm=5,rise_bps=50,window=120)",WINDOW_CLOSING,up,1.0,slow,2,0.0060529,"{""window"": 120, ""rise_bps"": 50, ""max_days_since_min"": 10, ""rearm"": 5, ""_feasible"": null, ""_n_feasible"": 0, ""_fixed"": true}","{""rise_pct"": 1.9995820863328628, ""min_rate"": 0.00593424, ""days_since_min"": 1.0, ""window"": 120.0}",cooldown,
2022-05-11,UZS,level,"level(pct=0.1,rearm=5,stall_days=0,window=120)",BUY_NOW,down,0.75,medium,2,0.00616724,"{""window"": 120, ""pct"": 0.1, ""stall_days"": 0, ""rearm"": 5, ""_feasible"": null, ""_n_feasible"": 0, ""_fixed"": true}","{""pct_rank"": 0.025, ""window"": 120.0, ""days_since_min"": 2.0}",cooldown,
2022-05-11,UZS,ml_localmin,"ml_localmin(fp_cost=3.0,gate_pct=0.2,gate_window=120,h=10,min_pos_rate=0.25,rearm=5,seed=0,tol_bps=10.0)",BUY_NOW,down,0.004156992007919794,medium,2,0.00616724,"{""threshold"": 0.0002, ""_fitted"": true}","{""proba"": 0.004156992007919794, ""pct_rank"": 0.025, ""window"": 120.0}",thinned,
2022-05-16,UZS,dip_vs_trend,"dip_vs_trend(pct=0.1,rearm=5,span=40,window=120)",BUY_NOW,down,0.33333333333333337,medium,2,0.00569002,"{""span"": 40, ""window"": 120, ""pct"": 0.1, ""rearm"": 5, ""_feasible"": null, ""_n_feasible"": 0, ""_fixed"": true}","{""dev_pct"": -21.11483888784931, ""pct_rank"": 0.06666666666666667, ""window"": 120.0, ""span"": 40.0}",sent,BUY_NOW
2022-05-18,UZS,level,"level(pct=0.1,rearm=5,stall_days=0,window=120)",BUY_NOW,down,0.75,medium,2,0.00570328,"{""window"": 120, ""pct"": 0.1, ""stall_days"": 0, ""rearm"": 5, ""_feasible"": null, ""_n_feasible"": 0, ""_fixed"": true}","{""pct_rank"": 0.025, ""window"": 120.0, ""days_since_min"": 2.0}",cooldown,
2022-05-18,UZS,ml_localmin,"ml_localmin(fp_cost=3.0,gate_pct=0.2,gate_window=120,h=10,min_pos_rate=0.25,rearm=5,seed=0,tol_bps=10.0)",BUY_NOW,down,0.07684813143299968,medium,2,0.00570328,"{""threshold"": 0.0002, ""_fitted"": true}","{""proba"": 0.07684813143299968, ""pct_rank"": 0.025, ""window"": 120.0}",thinned,
2022-05-23,UZS,dip_vs_trend,"dip_vs_trend(pct=0.1,rearm=5,span=40,window=120)",BUY_NOW,down,0.75,medium,2,0.00524635,"{""span"": 40, ""window"": 120, ""pct"": 0.1, ""rearm"": 5, ""_feasible"": null, ""_n_feasible"": 0, ""_fixed"": true}","{""dev_pct"": -22.179441405518176, ""pct_rank"": 0.025, ""window"": 120.0, ""span"": 40.0}",sent,BUY_NOW
2022-05-24,UZS,momentum,"momentum(n=4,rearm=3)",BUY_NOW,down,0.5,fast,2,0.00513933,"{""n"": 4, ""rearm"": 3, ""_feasible"": null, ""_n_feasible"": 0, ""_fixed"": true}","{""streak"": 4.0, ""drop_pct"": -9.888169614677867}",cooldown,
2022-05-25,UZS,level,"level(pct=0.1,rearm=5,stall_days=0,window=120)",BUY_NOW,down,0.9166666666666666,medium,2,0.00508352,"{""window"": 120, ""pct"": 0.1, ""stall_days"": 0, ""rearm"": 5, ""_feasible"": null, ""_n_feasible"": 0, ""_fixed"": true}","{""pct_rank"": 0.008333333333333333, ""window"": 120.0, ""days_since_min"": 0.0}",cooldown,
2022-05-25,UZS,ml_localmin,"ml_localmin(fp_cost=3.0,gate_pct=0.2,gate_window=120,h=10,min_pos_rate=0.25,rearm=5,seed=0,tol_bps=10.0)",BUY_NOW,down,0.2622713744138443,medium,2,0.00508352,"{""threshold"": 0.0002, ""_fitted"": true}","{""proba"": 0.2622713744138443, ""pct_rank"": 0.008333333333333333, ""window"": 120.0}",thinned,
2022-05-26,UZS,reversal,"reversal(max_days_since_min=10,rearm=5,rise_bps=50,window=120)",WINDOW_CLOSING,up,1.0,slow,2,0.00560874,"{""window"": 120, ""rise_bps"": 50, ""max_days_since_min"": 10, ""rearm"": 5, ""_feasible"": null, ""_n_feasible"": 0, ""_fixed"": true}","{""rise_pct"": 10.331817323429426, ""min_rate"": 0.00508352, ""days_since_min"": 1.0, ""window"": 120.0}",cooldown,
2022-06-01,UZS,level,"level(pct=0.1,rearm=5,stall_days=0,window=120)",BUY_NOW,down,0.5,medium,2,0.00559571,"{""window"": 120, ""pct"": 0.1, ""stall_days"": 0, ""rearm"": 5, ""_feasible"": null, ""_n_feasible"": 0, ""_fixed"": true}","{""pct_rank"": 0.05, ""window"": 120.0, ""days_since_min"": 5.0}",sent,BUY_NOW
2022-06-01,UZS,ml_localmin,"ml_localmin(fp_cost=3.0,gate_pct=0.2,gate_window=120,h=10,min_pos_rate=0.25,rearm=5,seed=0,tol_bps=10.0)",BUY_NOW,down,0.0023963196460320226,medium,2,0.00559571,"{""threshold"": 0.0002, ""_fitted"": true}","{""proba"": 0.0023963196460320226, ""pct_rank"": 0.05, ""window"": 120.0}",thinned,
2022-06-02,UZS,reversal,"reversal(max_days_since_min=10,rearm=5,rise_bps=50,window=120)",WINDOW_CLOSING,up,1.0,slow,2,0.00560791,"{""window"": 120, ""rise_bps"": 50, ""max_days_since_min"": 10, ""rearm"": 5, ""_feasible"": null, ""_n_feasible"": 0, ""_fixed"": true}","{""rise_pct"": 10.3154900541357, ""min_rate"": 0.00508352, ""days_since_min"": 6.0, ""window"": 120.0}",cooldown,
2022-06-08,UZS,level,"level(pct=0.1,rearm=5,stall_days=0,window=120)",BUY_NOW,down,0.5833333333333334,medium,2,0.00545203,"{""window"": 120, ""pct"": 0.1, ""stall_days"": 0, ""rearm"": 5, ""_feasible"": null, ""_n_feasible"": 0, ""_fixed"": true}","{""pct_rank"": 0.041666666666666664, ""window"": 120.0, ""days_since_min"": 10.0}",sent,BUY_NOW
2022-06-08,UZS,ml_localmin,"ml_localmin(fp_cost=3.0,gate_pct=0.2,gate_window=120,h=10,min_pos_rate=0.25,rearm=5,seed=0,tol_bps=10.0)",BUY_NOW,down,0.007283901071841245,medium,2,0.00545203,"{""threshold"": 0.0002, ""_fitted"": true}","{""proba"": 0.007283901071841245, ""pct_rank"": 0.041666666666666664, ""window"": 120.0}",thinned,
2022-06-09,UZS,momentum,"momentum(n=4,rearm=3)",BUY_NOW,down,0.5,fast,2,0.00528892,"{""n"": 4, ""rearm"": 3, ""_feasible"": null, ""_n_feasible"": 0, ""_fixed"": true}","{""streak"": 4.0, ""drop_pct"": -6.158101770939972}",cooldown,
2022-06-15,UZS,momentum,"momentum(n=4,rearm=3)",BUY_NOW,down,0.875,fast,2,0.00516285,"{""n"": 4, ""rearm"": 3, ""_feasible"": null, ""_n_feasible"": 0, ""_fixed"": true}","{""streak"": 7.0, ""drop_pct"": -8.394975860496546}",sent,BUY_NOW
2022-06-16,UZS,level,"level(pct=0.1,rearm=5,stall_days=0,window=120)",BUY_NOW,down,0.6666666666666667,medium,2,0.00518873,"{""window"": 120, ""pct"": 0.1, ""stall_days"": 0, ""rearm"": 5, ""_feasible"": null, ""_n_feasible"": 0, ""_fixed"": true}","{""pct_rank"": 0.03333333333333333, ""window"": 120.0, ""days_since_min"": 15.0}",cooldown,
2022-06-16,UZS,ml_localmin,"ml_localmin(fp_cost=3.0,gate_pct=0.2,gate_window=120,h=10,min_pos_rate=0.25,rearm=5,seed=0,tol_bps=10.0)",BUY_NOW,down,0.004792106955010412,medium,2,0.00518873,"{""threshold"": 0.0002, ""_fitted"": true}","{""proba"": 0.004792106955010412, ""pct_rank"": 0.03333333333333333, ""window"": 120.0}",thinned,
2022-06-22,UZS,momentum,"momentum(n=4,rearm=3)",BUY_NOW,down,0.5,fast,2,0.00488976,"{""n"": 4, ""rearm"": 3, ""_feasible"": null, ""_n_feasible"": 0, ""_fixed"": true}","{""streak"": 4.0, ""drop_pct"": -5.761910910762358}",sent,BUY_NOW
2022-06-23,UZS,level,"level(pct=0.1,rearm=5,stall_days=0,window=120)",BUY_NOW,down,0.8333333333333334,medium,2,0.00491909,"{""window"": 120, ""pct"": 0.1, ""stall_days"": 0, ""rearm"": 5, ""_feasible"": null, ""_n_feasible"": 0, ""_fixed"": true}","{""pct_rank"": 0.016666666666666666, ""window"": 120.0, ""days_since_min"": 1.0}",thinned,
2022-06-23,UZS,ml_localmin,"ml_localmin(fp_cost=3.0,gate_pct=0.2,gate_window=120,h=10,min_pos_rate=0.25,rearm=5,seed=0,tol_bps=10.0)",BUY_NOW,down,0.009487987349820183,medium,2,0.00491909,"{""threshold"": 0.0002, ""_fitted"": true}","{""proba"": 0.009487987349820183, ""pct_rank"": 0.016666666666666666, ""window"": 120.0}",thinned,
2022-06-23,UZS,reversal,"reversal(max_days_since_min=10,rearm=5,rise_bps=50,window=120)",WINDOW_CLOSING,up,0.5998249402833666,slow,2,0.00491909,"{""window"": 120, ""rise_bps"": 50, ""max_days_since_min"": 10, ""rearm"": 5, ""_feasible"": null, ""_n_feasible"": 0, ""_fixed"": true}","{""rise_pct"": 0.5998249402833666, ""min_rate"": 0.00488976, ""days_since_min"": 1.0, ""window"": 120.0}",cooldown,
2022-06-30,UZS,level,"level(pct=0.1,rearm=5,stall_days=0,window=120)",BUY_NOW,down,0.8333333333333334,medium,2,0.00483528,"{""window"": 120, ""pct"": 0.1, ""stall_days"": 0, ""rearm"": 5, ""_feasible"": null, ""_n_feasible"": 0, ""_fixed"": true}","{""pct_rank"": 0.016666666666666666, ""window"": 120.0, ""days_since_min"": 1.0}",thinned,
2022-06-30,UZS,ml_localmin,"ml_localmin(fp_cost=3.0,gate_pct=0.2,gate_window=120,h=10,min_pos_rate=0.25,rearm=5,seed=0,tol_bps=10.0)",BUY_NOW,down,0.0038229597156518792,medium,2,0.00483528,"{""threshold"": 0.0002, ""_fitted"": true}","{""proba"": 0.0038229597156518792, ""pct_rank"": 0.016666666666666666, ""window"": 120.0}",thinned,
2022-06-30,UZS,reversal,"reversal(max_days_since_min=10,rearm=5,rise_bps=50,window=120)",WINDOW_CLOSING,up,1.0,slow,2,0.00483528,"{""window"": 120, ""rise_bps"": 50, ""max_days_since_min"": 10, ""rearm"": 5, ""_feasible"": null, ""_n_feasible"": 0, ""_fixed"": true}","{""rise_pct"": 2.083135406968273, ""min_rate"": 0.00473661, ""days_since_min"": 1.0, ""window"": 120.0}",sent,WINDOW_CLOSING
2022-07-07,UZS,reversal,"reversal(max_days_since_min=10,rearm=5,rise_bps=50,window=120)",WINDOW_CLOSING,up,1.0,slow,3,0.00579936,"{""window"": 120, ""rise_bps"": 50, ""max_days_since_min"": 10, ""rearm"": 5, ""_feasible"": null, ""_n_feasible"": 0, ""_fixed"": true}","{""rise_pct"": 22.43693274303775, ""min_rate"": 0.00473661, ""days_since_min"": 6.0, ""window"": 120.0}",sent,WINDOW_CLOSING
2022-07-12,UZS,ml_localmin,"ml_localmin(fp_cost=3.0,gate_pct=0.2,gate_window=120,h=10,min_pos_rate=0.25,rearm=5,seed=0,tol_bps=10.0)",BUY_NOW,down,0.0019040178119586163,medium,3,0.00539337,"{""threshold"": 0.0001, ""_fitted"": true}","{""proba"": 0.0019040178119586163, ""pct_rank"": 0.18333333333333332, ""window"": 120.0}",cooldown,
2022-07-15,UZS,momentum,"momentum(n=4,rearm=3)",BUY_NOW,down,0.5,fast,3,0.00528135,"{""n"": 4, ""rearm"": 3, ""_feasible"": null, ""_n_feasible"": 0, ""_fixed"": true}","{""streak"": 4.0, ""drop_pct"": -5.991174685337841}",sent,BUY_NOW
2022-07-19,UZS,level,"level(pct=0.1,rearm=5,stall_days=0,window=120)",BUY_NOW,down,0.16666666666666674,medium,3,0.00506278,"{""window"": 120, ""pct"": 0.1, ""stall_days"": 0, ""rearm"": 5, ""_feasible"": null, ""_n_feasible"": 0, ""_fixed"": true}","{""pct_rank"": 0.08333333333333333, ""window"": 120.0, ""days_since_min"": 14.0}",muted,
2022-07-19,UZS,ml_localmin,"ml_localmin(fp_cost=3.0,gate_pct=0.2,gate_window=120,h=10,min_pos_rate=0.25,rearm=5,seed=0,tol_bps=10.0)",BUY_NOW,down,0.0038271918525453323,medium,3,0.00506278,"{""threshold"": 0.0001, ""_fitted"": true}","{""proba"": 0.0038271918525453323, ""pct_rank"": 0.08333333333333333, ""window"": 120.0}",cooldown,
2022-07-20,UZS,momentum,"momentum(n=4,rearm=3)",BUY_NOW,down,0.875,fast,3,0.00502026,"{""n"": 4, ""rearm"": 3, ""_feasible"": null, ""_n_feasible"": 0, ""_fixed"": true}","{""streak"": 7.0, ""drop_pct"": -10.638616002691382}",cooldown,
2022-08-19,UZS,momentum,"momentum(n=4,rearm=3)",BUY_NOW,down,0.5,fast,3,0.00540761,"{""n"": 4, ""rearm"": 3, ""_feasible"": null, ""_n_feasible"": 0, ""_fixed"": true}","{""streak"": 4.0, ""drop_pct"": -3.8650529242562626}",sent,BUY_NOW
2022-09-26,UZS,ml_localmin,"ml_localmin(fp_cost=3.0,gate_pct=0.2,gate_window=120,h=10,min_pos_rate=0.25,rearm=5,seed=0,tol_bps=10.0)",BUY_NOW,down,0.006947319958519795,medium,3,0.00525823,"{""threshold"": 0.0001, ""_fitted"": true}","{""proba"": 0.006947319958519795, ""pct_rank"": 0.2, ""window"": 120.0}",sent,BUY_NOW
2022-09-30,UZS,level,"level(pct=0.1,rearm=5,stall_days=0,window=120)",BUY_NOW,down,0.08333333333333348,medium,3,0.00502076,"{""window"": 120, ""pct"": 0.1, ""stall_days"": 0, ""rearm"": 5, ""_feasible"": null, ""_n_feasible"": 0, ""_fixed"": true}","{""pct_rank"": 0.09166666666666666, ""window"": 120.0, ""days_since_min"": 67.0}",muted,
2022-10-03,UZS,ml_localmin,"ml_localmin(fp_cost=3.0,gate_pct=0.2,gate_window=120,h=10,min_pos_rate=0.25,rearm=5,seed=0,tol_bps=10.0)",BUY_NOW,down,0.00199528757219194,medium,3,0.00523096,"{""threshold"": 0.0001, ""_fitted"": true}","{""proba"": 0.00199528757219194, ""pct_rank"": 0.2, ""window"": 120.0}",sent,BUY_NOW
2022-10-17,UZS,momentum,"momentum(n=4,rearm=3)",BUY_NOW,down,0.5,fast,3,0.00554855,"{""n"": 4, ""rearm"": 3, ""_feasible"": null, ""_n_feasible"": 0, ""_fixed"": true}","{""streak"": 4.0, ""drop_pct"": -3.552624488738776}",sent,BUY_NOW
2022-10-20,UZS,momentum,"momentum(n=4,rearm=3)",BUY_NOW,down,0.875,fast,3,0.00551636,"{""n"": 4, ""rearm"": 3, ""_feasible"": null, ""_n_feasible"": 0, ""_fixed"": true}","{""streak"": 7.0, ""drop_pct"": -4.112165453082173}",cooldown,
2023-01-11,UZS,momentum,"momentum(n=4,rearm=3)",BUY_NOW,down,0.5,fast,4,0.00610513,"{""n"": 4, ""rearm"": 3, ""_feasible"": null, ""_n_feasible"": 0, ""_fixed"": true}","{""streak"": 4.0, ""drop_pct"": -5.039562118047069}",muted,
2023-04-17,UZS,momentum,"momentum(n=4,rearm=3)",BUY_NOW,down,0.5,fast,4,0.00713408,"{""n"": 4, ""rearm"": 3, ""_feasible"": null, ""_n_feasible"": 0, ""_fixed"": true}","{""streak"": 4.0, ""drop_pct"": -0.9477475376058253}",muted,
2023-05-04,UZS,momentum,"momentum(n=4,rearm=3)",BUY_NOW,down,0.5,fast,4,0.00686017,"{""n"": 4, ""rearm"": 3, ""_feasible"": null, ""_n_feasible"": 0, ""_fixed"": true}","{""streak"": 4.0, ""drop_pct"": -4.305050085160822}",muted,
2023-05-05,UZS,dip_vs_trend,"dip_vs_trend(pct=0.1,rearm=5,span=40,window=120)",BUY_NOW,down,0.9166666666666666,medium,4,0.00671214,"{""span"": 40, ""window"": 120, ""pct"": 0.1, ""rearm"": 5, ""_feasible"": null, ""_n_feasible"": 0, ""_fixed"": true}","{""dev_pct"": -3.080823377076247, ""pct_rank"": 0.008333333333333333, ""window"": 120.0, ""span"": 40.0}",sent,BUY_NOW
2023-05-11,UZS,momentum,"momentum(n=4,rearm=3)",BUY_NOW,down,0.875,fast,4,0.0066257,"{""n"": 4, ""rearm"": 3, ""_feasible"": null, ""_n_feasible"": 0, ""_fixed"": true}","{""streak"": 7.0, ""drop_pct"": -7.575755462218869}",muted,
2023-07-12,UZS,momentum,"momentum(n=4,rearm=3)",BUY_NOW,down,0.5,fast,5,0.00782999,"{""n"": 4, ""rearm"": 3, ""_feasible"": null, ""_n_feasible"": 0, ""_fixed"": true}","{""streak"": 4.0, ""drop_pct"": -2.469529474044785}",muted,
2023-07-25,UZS,momentum,"momentum(n=4,rearm=3)",BUY_NOW,down,0.5,fast,5,0.0077701,"{""n"": 4, ""rearm"": 3, ""_feasible"": null, ""_n_feasible"": 0, ""_fixed"": true}","{""streak"": 4.0, ""drop_pct"": -1.1063977100761901}",muted,
2023-08-17,UZS,dip_vs_trend,"dip_vs_trend(pct=0.1,rearm=5,span=40,window=120)",BUY_NOW,down,0.5833333333333334,medium,5,0.00775465,"{""span"": 40, ""window"": 120, ""pct"": 0.1, ""rearm"": 5, ""_feasible"": null, ""_n_feasible"": 0, ""_fixed"": true}","{""dev_pct"": -1.4709788918885525, ""pct_rank"": 0.041666666666666664, ""window"": 120.0, ""span"": 40.0}",sent,BUY_NOW
2023-08-18,UZS,momentum,"momentum(n=4,rearm=3)",BUY_NOW,down,0.5,fast,5,0.00774103,"{""n"": 4, ""rearm"": 3, ""_feasible"": null, ""_n_feasible"": 0, ""_fixed"": true}","{""streak"": 4.0, ""drop_pct"": -7.742848936502378}",muted,
2023-08-24,UZS,dip_vs_trend,"dip_vs_trend(pct=0.1,rearm=5,span=40,window=120)",BUY_NOW,down,0.16666666666666674,medium,5,0.00782269,"{""span"": 40, ""window"": 120, ""pct"": 0.1, ""rearm"": 5, ""_feasible"": null, ""_n_feasible"": 0, ""_fixed"": true}","{""dev_pct"": -1.1752532042332509, ""pct_rank"": 0.08333333333333333, ""window"": 120.0, ""span"": 40.0}",sent,BUY_NOW
2023-09-12,UZS,dip_vs_trend,"dip_vs_trend(pct=0.1,rearm=5,span=40,window=120)",BUY_NOW,down,0.5833333333333334,medium,5,0.00778586,"{""span"": 40, ""window"": 120, ""pct"": 0.1, ""rearm"": 5, ""_feasible"": null, ""_n_feasible"": 0, ""_fixed"": true}","{""dev_pct"": -2.19420063739475, ""pct_rank"": 0.041666666666666664, ""window"": 120.0, ""span"": 40.0}",sent,BUY_NOW
2023-09-21,UZS,dip_vs_trend,"dip_vs_trend(pct=0.1,rearm=5,span=40,window=120)",BUY_NOW,down,0.0,medium,5,0.00788926,"{""span"": 40, ""window"": 120, ""pct"": 0.1, ""rearm"": 5, ""_feasible"": null, ""_n_feasible"": 0, ""_fixed"": true}","{""dev_pct"": -1.1654271671677097, ""pct_rank"": 0.1, ""window"": 120.0, ""span"": 40.0}",sent,BUY_NOW
2023-10-20,UZS,dip_vs_trend,"dip_vs_trend(pct=0.1,rearm=5,span=40,window=120)",BUY_NOW,down,0.5,medium,5,0.00784116,"{""span"": 40, ""window"": 120, ""pct"": 0.1, ""rearm"": 5, ""_feasible"": null, ""_n_feasible"": 0, ""_fixed"": true}","{""dev_pct"": -1.9082220712004827, ""pct_rank"": 0.05, ""window"": 120.0, ""span"": 40.0}",sent,BUY_NOW
2023-10-24,UZS,momentum,"momentum(n=4,rearm=3)",BUY_NOW,down,0.5,fast,5,0.00765445,"{""n"": 4, ""rearm"": 3, ""_feasible"": null, ""_n_feasible"": 0, ""_fixed"": true}","{""streak"": 4.0, ""drop_pct"": -4.134474367436192}",muted,
2023-10-27,UZS,dip_vs_trend,"dip_vs_trend(pct=0.1,rearm=5,span=40,window=120)",BUY_NOW,down,0.75,medium,5,0.00763446,"{""span"": 40, ""window"": 120, ""pct"": 0.1, ""rearm"": 5, ""_feasible"": null, ""_n_feasible"": 0, ""_fixed"": true}","{""dev_pct"": -4.086219208014608, ""pct_rank"": 0.025, ""window"": 120.0, ""span"": 40.0}",sent,BUY_NOW
2023-11-03,UZS,dip_vs_trend,"dip_vs_trend(pct=0.1,rearm=5,span=40,window=120)",BUY_NOW,down,0.41666666666666674,medium,5,0.0076009,"{""span"": 40, ""window"": 120, ""pct"": 0.1, ""rearm"": 5, ""_feasible"": null, ""_n_feasible"": 0, ""_fixed"": true}","{""dev_pct"": -3.823280513259686, ""pct_rank"": 0.058333333333333334, ""window"": 120.0, ""span"": 40.0}",sent,BUY_NOW
2023-11-08,UZS,momentum,"momentum(n=4,rearm=3)",BUY_NOW,down,0.5,fast,5,0.00750787,"{""n"": 4, ""rearm"": 3, ""_feasible"": null, ""_n_feasible"": 0, ""_fixed"": true}","{""streak"": 4.0, ""drop_pct"": -1.5283825612507185}",muted,
2023-11-13,UZS,dip_vs_trend,"dip_vs_trend(pct=0.1,rearm=5,span=40,window=120)",BUY_NOW,down,0.5,medium,5,0.00750755,"{""span"": 40, ""window"": 120, ""pct"": 0.1, ""rearm"": 5, ""_feasible"": null, ""_n_feasible"": 0, ""_fixed"": true}","{""dev_pct"": -4.4135804257122935, ""pct_rank"": 0.05, ""window"": 120.0, ""span"": 40.0}",sent,BUY_NOW
2023-11-14,UZS,ml_localmin,"ml_localmin(fp_cost=3.0,gate_pct=0.2,gate_window=120,h=10,min_pos_rate=0.25,rearm=5,seed=0,tol_bps=10.0)",BUY_NOW,down,0.07065449980027655,medium,5,0.00743066,"{""threshold"": 0.0202, ""_fitted"": true}","{""proba"": 0.07065449980027655, ""pct_rank"": 0.18333333333333332, ""window"": 120.0}",cooldown,
2023-11-15,UZS,level,"level(pct=0.1,rearm=5,stall_days=0,window=120)",BUY_NOW,down,0.08333333333333348,medium,5,0.00727882,"{""window"": 120, ""pct"": 0.1, ""stall_days"": 0, ""rearm"": 5, ""_feasible"": null, ""_n_feasible"": 0, ""_fixed"": true}","{""pct_rank"": 0.09166666666666666, ""window"": 120.0, ""days_since_min"": 119.0}",cooldown,
2023-11-20,UZS,dip_vs_trend,"dip_vs_trend(pct=0.1,rearm=5,span=40,window=120)",BUY_NOW,down,0.9166666666666666,medium,5,0.00720647,"{""span"": 40, ""window"": 120, ""pct"": 0.1, ""rearm"": 5, ""_feasible"": null, ""_n_feasible"": 0, ""_fixed"": true}","{""dev_pct"": -7.321297526526749, ""pct_rank"": 0.008333333333333333, ""window"": 120.0, ""span"": 40.0}",sent,BUY_NOW
2023-11-21,UZS,ml_localmin,"ml_localmin(fp_cost=3.0,gate_pct=0.2,gate_window=120,h=10,min_pos_rate=0.25,rearm=5,seed=0,tol_bps=10.0)",BUY_NOW,down,0.08154421175699048,medium,5,0.00715705,"{""threshold"": 0.0202, ""_fitted"": true}","{""proba"": 0.08154421175699048, ""pct_rank"": 0.03333333333333333, ""window"": 120.0}",cooldown,
2023-11-22,UZS,level,"level(pct=0.1,rearm=5,stall_days=0,window=120)",BUY_NOW,down,0.5833333333333334,medium,5,0.00718535,"{""window"": 120, ""pct"": 0.1, ""stall_days"": 0, ""rearm"": 5, ""_feasible"": null, ""_n_feasible"": 0, ""_fixed"": true}","{""pct_rank"": 0.041666666666666664, ""window"": 120.0, ""days_since_min"": 119.0}",cooldown,
2023-11-24,UZS,reversal,"reversal(max_days_since_min=10,rearm=5,rise_bps=50,window=120)",WINDOW_CLOSING,up,0.8469970169273644,slow,5,0.00721767,"{""window"": 120, ""rise_bps"": 50, ""max_days_since_min"": 10, ""rearm"": 5, ""_feasible"": null, ""_n_feasible"": 0, ""_fixed"": true}","{""rise_pct"": 0.8469970169273644, ""min_rate"": 0.00715705, ""days_since_min"": 3.0, ""window"": 120.0}",sent,WINDOW_CLOSING
2023-11-27,UZS,dip_vs_trend,"dip_vs_trend(pct=0.1,rearm=5,span=40,window=120)",BUY_NOW,down,0.2500000000000001,medium,5,0.007214,"{""span"": 40, ""window"": 120, ""pct"": 0.1, ""rearm"": 5, ""_feasible"": null, ""_n_feasible"": 0, ""_fixed"": true}","{""dev_pct"": -6.112250002228747, ""pct_rank"": 0.075, ""window"": 120.0, ""span"": 40.0}",cooldown,
2023-11-29,UZS,level,"level(pct=0.1,rearm=5,stall_days=0,window=120)",BUY_NOW,down,0.41666666666666674,medium,5,0.00721755,"{""window"": 120, ""pct"": 0.1, ""stall_days"": 0, ""rearm"": 5, ""_feasible"": null, ""_n_feasible"": 0, ""_fixed"": true}","{""pct_rank"": 0.058333333333333334, ""window"": 120.0, ""days_since_min"": 6.0}",cooldown,
2023-12-01,UZS,reversal,"reversal(max_days_since_min=10,rearm=5,rise_bps=50,window=120)",WINDOW_CLOSING,up,1.0,slow,5,0.0073096,"{""window"": 120, ""rise_bps"": 50, ""max_days_since_min"": 10, ""rearm"": 5, ""_feasible"": null, ""_n_feasible"": 0, ""_fixed"": true}","{""rise_pct"": 2.131464779483183, ""min_rate"": 0.00715705, ""days_since_min"": 8.0, ""window"": 120.0}",sent,WINDOW_CLOSING
2023-12-12,UZS,momentum,"momentum(n=4,rearm=3)",BUY_NOW,down,0.5,fast,5,0.00731855,"{""n"": 4, ""rearm"": 3, ""_feasible"": null, ""_n_feasible"": 0, ""_fixed"": true}","{""streak"": 4.0, ""drop_pct"": -3.0631234428415977}",muted,
2023-12-14,UZS,level,"level(pct=0.1,rearm=5,stall_days=0,window=120)",BUY_NOW,down,0.08333333333333348,medium,5,0.00725108,"{""window"": 120, ""pct"": 0.1, ""stall_days"": 0, ""rearm"": 5, ""_feasible"": null, ""_n_feasible"": 0, ""_fixed"": true}","{""pct_rank"": 0.09166666666666666, ""window"": 120.0, ""days_since_min"": 17.0}",sent,BUY_NOW
2023-12-28,UZS,ml_localmin,"ml_localmin(fp_cost=3.0,gate_pct=0.2,gate_window=120,h=10,min_pos_rate=0.25,rearm=5,seed=0,tol_bps=10.0)",BUY_NOW,down,0.036508364552327824,medium,5,0.00731198,"{""threshold"": 0.0202, ""_fitted"": true}","{""proba"": 0.036508364552327824, ""pct_rank"": 0.16666666666666666, ""window"": 120.0}",sent,BUY_NOW
2023-12-29,UZS,momentum,"momentum(n=4,rearm=3)",BUY_NOW,down,0.5,fast,5,0.00726882,"{""n"": 4, ""rearm"": 3, ""_feasible"": null, ""_n_feasible"": 0, ""_fixed"": true}","{""streak"": 4.0, ""drop_pct"": -2.3349367156638823}",muted,
2024-01-10,UZS,level,"level(pct=0.1,rearm=5,stall_days=0,window=120)",BUY_NOW,down,0.5,medium,6,0.00721091,"{""window"": 120, ""pct"": 0.1, ""stall_days"": 0, ""rearm"": 5, ""_feasible"": null, ""_n_feasible"": 0, ""_fixed"": true}","{""pct_rank"": 0.05, ""window"": 120.0, ""days_since_min"": 30.0}",cooldown,
2024-01-10,UZS,ml_localmin,"ml_localmin(fp_cost=3.0,gate_pct=0.2,gate_window=120,h=10,min_pos_rate=0.25,rearm=5,seed=0,tol_bps=10.0)",BUY_NOW,down,0.10537175062416976,medium,6,0.00721091,"{""threshold"": 0.0846, ""_fitted"": true}","{""proba"": 0.10537175062416976, ""pct_rank"": 0.05, ""window"": 120.0}",muted,
2024-01-15,UZS,momentum,"momentum(n=4,rearm=3)",BUY_NOW,down,0.5,fast,6,0.00706967,"{""n"": 4, ""rearm"": 3, ""_feasible"": null, ""_n_feasible"": 0, ""_fixed"": true}","{""streak"": 4.0, ""drop_pct"": -3.1084851873780184}",muted,
2024-01-17,UZS,level,"level(pct=0.1,rearm=5,stall_days=0,window=120)",BUY_NOW,down,0.6666666666666667,medium,6,0.00711668,"{""window"": 120, ""pct"": 0.1, ""stall_days"": 0, ""rearm"": 5, ""_feasible"": null, ""_n_feasible"": 0, ""_fixed"": true}","{""pct_rank"": 0.03333333333333333, ""window"": 120.0, ""days_since_min"": 1.0}",thinned,
2024-01-17,UZS,reversal,"reversal(max_days_since_min=10,rearm=5,rise_bps=50,window=120)",WINDOW_CLOSING,up,0.7590183871885702,slow,6,0.00711668,"{""window"": 120, ""rise_bps"": 50, ""max_days_since_min"": 10, ""rearm"": 5, ""_feasible"": null, ""_n_feasible"": 0, ""_fixed"": true}","{""rise_pct"": 0.7590183871885702, ""min_rate"": 0.00706307, ""days_since_min"": 1.0, ""window"": 120.0}",sent,WINDOW_CLOSING
2024-01-24,UZS,level,"level(pct=0.1,rearm=5,stall_days=0,window=120)",BUY_NOW,down,0.5,medium,6,0.00709955,"{""window"": 120, ""pct"": 0.1, ""stall_days"": 0, ""rearm"": 5, ""_feasible"": null, ""_n_feasible"": 0, ""_fixed"": true}","{""pct_rank"": 0.05, ""window"": 120.0, ""days_since_min"": 6.0}",sent,BUY_NOW
2024-01-24,UZS,reversal,"reversal(max_days_since_min=10,rearm=5,rise_bps=50,window=120)",WINDOW_CLOSING,up,0.5164892886520889,slow,6,0.00709955,"{""window"": 120, ""rise_bps"": 50, ""max_days_since_min"": 10, ""rearm"": 5, ""_feasible"": null, ""_n_feasible"": 0, ""_fixed"": true}","{""rise_pct"": 0.5164892886520889, ""min_rate"": 0.00706307, ""days_since_min"": 6.0, ""window"": 120.0}",thinned,
2024-02-29,UZS,momentum,"momentum(n=4,rearm=3)",BUY_NOW,down,0.5,fast,6,0.00727615,"{""n"": 4, ""rearm"": 3, ""_feasible"": null, ""_n_feasible"": 0, ""_fixed"": true}","{""streak"": 4.0, ""drop_pct"": -1.9796311514057474}",muted,
2024-04-23,UZS,momentum,"momentum(n=4,rearm=3)",BUY_NOW,down,0.5,fast,6,0.00733945,"{""n"": 4, ""rearm"": 3, ""_feasible"": null, ""_n_feasible"": 0, ""_fixed"": true}","{""streak"": 4.0, ""drop_pct"": -1.3993210283719804}",muted,
2024-05-06,UZS,ml_localmin,"ml_localmin(fp_cost=3.0,gate_pct=0.2,gate_window=120,h=10,min_pos_rate=0.25,rearm=5,seed=0,tol_bps=10.0)",BUY_NOW,down,0.09762115664937243,medium,6,0.00720413,"{""threshold"": 0.0846, ""_fitted"": true}","{""proba"": 0.09762115664937243, ""pct_rank"": 0.14166666666666666, ""window"": 120.0}",muted,
2024-05-16,UZS,level,"level(pct=0.1,rearm=5,stall_days=0,window=120)",BUY_NOW,down,0.08333333333333348,medium,6,0.00714363,"{""window"": 120, ""pct"": 0.1, ""stall_days"": 0, ""rearm"": 5, ""_feasible"": null, ""_n_feasible"": 0, ""_fixed"": true}","{""pct_rank"": 0.09166666666666666, ""window"": 120.0, ""days_since_min"": 81.0}",sent,BUY_NOW
2024-05-16,UZS,momentum,"momentum(n=4,rearm=3)",BUY_NOW,down,0.5,fast,6,0.00714363,"{""n"": 4, ""rearm"": 3, ""_feasible"": null, ""_n_feasible"": 0, ""_fixed"": true}","{""streak"": 4.0, ""drop_pct"": -1.3222181549448542}",muted,
2024-05-23,UZS,level,"level(pct=0.1,rearm=5,stall_days=0,window=120)",BUY_NOW,down,0.5833333333333334,medium,6,0.00709238,"{""window"": 120, ""pct"": 0.1, ""stall_days"": 0, ""rearm"": 5, ""_feasible"": null, ""_n_feasible"": 0, ""_fixed"": true}","{""pct_rank"": 0.041666666666666664, ""window"": 120.0, ""days_since_min"": 86.0}",sent,BUY_NOW
2024-05-23,UZS,momentum,"momentum(n=4,rearm=3)",BUY_NOW,down,0.5,fast,6,0.00709238,"{""n"": 4, ""rearm"": 3, ""_feasible"": null, ""_n_feasible"": 0, ""_fixed"": true}","{""streak"": 4.0, ""drop_pct"": -0.848724117828803}",muted,
2024-05-24,UZS,dip_vs_trend,"dip_vs_trend(pct=0.1,rearm=5,span=40,window=120)",BUY_NOW,down,0.16666666666666674,medium,6,0.00705604,"{""span"": 40, ""window"": 120, ""pct"": 0.1, ""rearm"": 5, ""_feasible"": null, ""_n_feasible"": 0, ""_fixed"": true}","{""dev_pct"": -2.995568801937787, ""pct_rank"": 0.08333333333333333, ""window"": 120.0, ""span"": 40.0}",muted,
2024-05-27,UZS,ml_localmin,"ml_localmin(fp_cost=3.0,gate_pct=0.2,gate_window=120,h=10,min_pos_rate=0.25,rearm=5,seed=0,tol_bps=10.0)",BUY_NOW,down,0.2982790940513473,medium,6,0.00698051,"{""threshold"": 0.0846, ""_fitted"": true}","{""proba"": 0.2982790940513473, ""pct_rank"": 0.008333333333333333, ""window"": 120.0}",muted,
2024-05-28,UZS,momentum,"momentum(n=4,rearm=3)",BUY_NOW,down,0.875,fast,6,0.00697457,"{""n"": 4, ""rearm"": 3, ""_feasible"": null, ""_n_feasible"": 0, ""_fixed"": true}","{""streak"": 7.0, ""drop_pct"": -2.4957046535133753}",muted,
2024-05-29,UZS,reversal,"reversal(max_days_since_min=10,rearm=5,rise_bps=50,window=120)",WINDOW_CLOSING,up,1.0,slow,6,0.00705599,"{""window"": 120, ""rise_bps"": 50, ""max_days_since_min"": 10, ""rearm"": 5, ""_feasible"": null, ""_n_feasible"": 0, ""_fixed"": true}","{""rise_pct"": 1.167383795703536, ""min_rate"": 0.00697457, ""days_since_min"": 1.0, ""window"": 120.0}",sent,WINDOW_CLOSING
2024-06-03,UZS,level,"level(pct=0.1,rearm=5,stall_days=0,window=120)",BUY_NOW,down,0.16666666666666674,medium,6,0.00709338,"{""window"": 120, ""pct"": 0.1, ""stall_days"": 0, ""rearm"": 5, ""_feasible"": null, ""_n_feasible"": 0, ""_fixed"": true}","{""pct_rank"": 0.08333333333333333, ""window"": 120.0, ""days_since_min"": 4.0}",cooldown,
2024-06-04,UZS,dip_vs_trend,"dip_vs_trend(pct=0.1,rearm=5,span=40,window=120)",BUY_NOW,down,0.16666666666666674,medium,6,0.00703589,"{""span"": 40, ""window"": 120, ""pct"": 0.1, ""rearm"": 5, ""_feasible"": null, ""_n_feasible"": 0, ""_fixed"": true}","{""dev_pct"": -2.6390879315208338, ""pct_rank"": 0.08333333333333333, ""window"": 120.0, ""span"": 40.0}",muted,
2024-06-06,UZS,momentum,"momentum(n=4,rearm=3)",BUY_NOW,down,0.5,fast,6,0.00700222,"{""n"": 4, ""rearm"": 3, ""_feasible"": null, ""_n_feasible"": 0, ""_fixed"": true}","{""streak"": 4.0, ""drop_pct"": -2.0231403941059045}",muted,
2024-06-07,UZS,reversal,"reversal(max_days_since_min=10,rearm=5,rise_bps=50,window=120)",WINDOW_CLOSING,up,0.5240466437357316,slow,6,0.00701112,"{""window"": 120, ""rise_bps"": 50, ""max_days_since_min"": 10, ""rearm"": 5, ""_feasible"": null, ""_n_feasible"": 0, ""_fixed"": true}","{""rise_pct"": 0.5240466437357316, ""min_rate"": 0.00697457, ""days_since_min"": 8.0, ""window"": 120.0}",sent,WINDOW_CLOSING
2024-06-10,UZS,level,"level(pct=0.1,rearm=5,stall_days=0,window=120)",BUY_NOW,down,0.41666666666666674,medium,6,0.00703687,"{""window"": 120, ""pct"": 0.1, ""stall_days"": 0, ""rearm"": 5, ""_feasible"": null, ""_n_feasible"": 0, ""_fixed"": true}","{""pct_rank"": 0.058333333333333334, ""window"": 120.0, ""days_since_min"": 9.0}",cooldown,
2024-06-13,UZS,dip_vs_trend,"dip_vs_trend(pct=0.1,rearm=5,span=40,window=120)",BUY_NOW,down,0.16666666666666674,medium,6,0.00698898,"{""span"": 40, ""window"": 120, ""pct"": 0.1, ""rearm"": 5, ""_feasible"": null, ""_n_feasible"": 0, ""_fixed"": true}","{""dev_pct"": -2.666712021221207, ""pct_rank"": 0.08333333333333333, ""window"": 120.0, ""span"": 40.0}",muted,
2024-06-18,UZS,level,"level(pct=0.1,rearm=5,stall_days=0,window=120)",BUY_NOW,down,0.9166666666666666,medium,6,0.00689947,"{""window"": 120, ""pct"": 0.1, ""stall_days"": 0, ""rearm"": 5, ""_feasible"": null, ""_n_feasible"": 0, ""_fixed"": true}","{""pct_rank"": 0.008333333333333333, ""window"": 120.0, ""days_since_min"": 0.0}",sent,BUY_NOW
2024-06-18,UZS,ml_localmin,"ml_localmin(fp_cost=3.0,gate_pct=0.2,gate_window=120,h=10,min_pos_rate=0.25,rearm=5,seed=0,tol_bps=10.0)",BUY_NOW,down,0.4220742293355298,medium,6,0.00689947,"{""threshold"": 0.0846, ""_fitted"": true}","{""proba"": 0.4220742293355298, ""pct_rank"": 0.008333333333333333, ""window"": 120.0}",muted,
2024-06-20,UZS,dip_vs_trend,"dip_vs_trend(pct=0.1,rearm=5,span=40,window=120)",BUY_NOW,down,0.8333333333333334,medium,6,0.00675563,"{""span"": 40, ""window"": 120, ""pct"": 0.1, ""rearm"": 5, ""_feasible"": null, ""_n_feasible"": 0, ""_fixed"": true}","{""dev_pct"": -5.0133243121982085, ""pct_rank"": 0.016666666666666666, ""window"": 120.0, ""span"": 40.0}",muted,
2024-06-20,UZS,reversal,"reversal(max_days_since_min=10,rearm=5,rise_bps=50,window=120)",WINDOW_CLOSING,up,1.0,slow,6,0.00675563,"{""window"": 120, ""rise_bps"": 50, ""max_days_since_min"": 10, ""rearm"": 5, ""_feasible"": null, ""_n_feasible"": 0, ""_fixed"": true}","{""rise_pct"": 3.237740992945959, ""min_rate"": 0.00654376, ""days_since_min"": 1.0, ""window"": 120.0}",storm,
2024-06-25,UZS,level,"level(pct=0.1,rearm=5,stall_days=0,window=120)",BUY_NOW,down,0.5833333333333334,medium,6,0.00692679,"{""window"": 120, ""pct"": 0.1, ""stall_days"": 0, ""rearm"": 5, ""_feasible"": null, ""_n_feasible"": 0, ""_fixed"": true}","{""pct_rank"": 0.041666666666666664, ""window"": 120.0, ""days_since_min"": 4.0}",storm,
2024-06-27,UZS,dip_vs_trend,"dip_vs_trend(pct=0.1,rearm=5,span=40,window=120)",BUY_NOW,down,0.75,medium,6,0.00675375,"{""span"": 40, ""window"": 120, ""pct"": 0.1, ""rearm"": 5, ""_feasible"": null, ""_n_feasible"": 0, ""_fixed"": true}","{""dev_pct"": -4.349791908130463, ""pct_rank"": 0.025, ""window"": 120.0, ""span"": 40.0}",muted,
2024-06-27,UZS,reversal,"reversal(max_days_since_min=10,rearm=5,rise_bps=50,window=120)",WINDOW_CLOSING,up,1.0,slow,6,0.00675375,"{""window"": 120, ""rise_bps"": 50, ""max_days_since_min"": 10, ""rearm"": 5, ""_feasible"": null, ""_n_feasible"": 0, ""_fixed"": true}","{""rise_pct"": 3.2090113329339642, ""min_rate"": 0.00654376, ""days_since_min"": 6.0, ""window"": 120.0}",storm,
2024-07-09,UZS,level,"level(pct=0.1,rearm=5,stall_days=0,window=120)",BUY_NOW,down,0.16666666666666674,medium,7,0.00697427,"{""window"": 120, ""pct"": 0.1, ""stall_days"": 0, ""rearm"": 5, ""_feasible"": null, ""_n_feasible"": 0, ""_fixed"": true}","{""pct_rank"": 0.08333333333333333, ""window"": 120.0, ""days_since_min"": 14.0}",storm,
2024-07-09,UZS,ml_localmin,"ml_localmin(fp_cost=3.0,gate_pct=0.2,gate_window=120,h=10,min_pos_rate=0.25,rearm=5,seed=0,tol_bps=10.0)",BUY_NOW,down,0.0046841996137867445,medium,7,0.00697427,"{""threshold"": 0.0013, ""_fitted"": true}","{""proba"": 0.0046841996137867445, ""pct_rank"": 0.08333333333333333, ""window"": 120.0}",muted,
2024-07-22,UZS,ml_localmin,"ml_localmin(fp_cost=3.0,gate_pct=0.2,gate_window=120,h=10,min_pos_rate=0.25,rearm=5,seed=0,tol_bps=10.0)",BUY_NOW,down,0.0025962255692967744,medium,7,0.00696116,"{""threshold"": 0.0013, ""_fitted"": true}","{""proba"": 0.0025962255692967744, ""pct_rank"": 0.10833333333333334, ""window"": 120.0}",muted,
2024-07-23,UZS,level,"level(pct=0.1,rearm=5,stall_days=0,window=120)",BUY_NOW,down,0.33333333333333337,medium,7,0.00693232,"{""window"": 120, ""pct"": 0.1, ""stall_days"": 0, ""rearm"": 5, ""_feasible"": null, ""_n_feasible"": 0, ""_fixed"": true}","{""pct_rank"": 0.06666666666666667, ""window"": 120.0, ""days_since_min"": 24.0}",sent,BUY_NOW
2024-07-25,UZS,dip_vs_trend,"dip_vs_trend(pct=0.1,rearm=5,span=40,window=120)",BUY_NOW,down,0.08333333333333348,medium,7,0.00676513,"{""span"": 40, ""window"": 120, ""pct"": 0.1, ""rearm"": 5, ""_feasible"": null, ""_n_feasible"": 0, ""_fixed"": true}","{""dev_pct"": -2.789028332502108, ""pct_rank"": 0.09166666666666666, ""window"": 120.0, ""span"": 40.0}",muted,
2024-07-25,UZS,momentum,"momentum(n=4,rearm=3)",BUY_NOW,down,0.5,fast,7,0.00676513,"{""n"": 4, ""rearm"": 3, ""_feasible"": null, ""_n_feasible"": 0, ""_fixed"": true}","{""streak"": 4.0, ""drop_pct"": -3.1499636371965622}",muted,
2024-07-30,UZS,level,"level(pct=0.1,rearm=5,stall_days=0,window=120)",BUY_NOW,down,0.41666666666666674,medium,7,0.00686555,"{""window"": 120, ""pct"": 0.1, ""stall_days"": 0, ""rearm"": 5, ""_feasible"": null, ""_n_feasible"": 0, ""_fixed"": true}","{""pct_rank"": 0.058333333333333334, ""window"": 120.0, ""days_since_min"": 29.0}",sent,BUY_NOW
2024-07-30,UZS,ml_localmin,"ml_localmin(fp_cost=3.0,gate_pct=0.2,gate_window=120,h=10,min_pos_rate=0.25,rearm=5,seed=0,tol_bps=10.0)",BUY_NOW,down,0.0098672806894527,medium,7,0.00686555,"{""threshold"": 0.0013, ""_fitted"": true}","{""proba"": 0.0098672806894527, ""pct_rank"": 0.058333333333333334, ""window"": 120.0}",muted,
2024-08-06,UZS,level,"level(pct=0.1,rearm=5,stall_days=0,window=120)",BUY_NOW,down,0.5833333333333334,medium,7,0.00676186,"{""window"": 120, ""pct"": 0.1, ""stall_days"": 0, ""rearm"": 5, ""_feasible"": null, ""_n_feasible"": 0, ""_fixed"": true}","{""pct_rank"": 0.041666666666666664, ""window"": 120.0, ""days_since_min"": 34.0}",sent,BUY_NOW
2024-08-06,UZS,ml_localmin,"ml_localmin(fp_cost=3.0,gate_pct=0.2,gate_window=120,h=10,min_pos_rate=0.25,rearm=5,seed=0,tol_bps=10.0)",BUY_NOW,down,0.004685437671808182,medium,7,0.00676186,"{""threshold"": 0.0013, ""_fitted"": true}","{""proba"": 0.004685437671808182, ""pct_rank"": 0.041666666666666664, ""window"": 120.0}",muted,
2024-12-04,UZS,momentum,"momentum(n=4,rearm=3)",BUY_NOW,down,0.5,fast,7,0.0081273,"{""n"": 4, ""rearm"": 3, ""_feasible"": null, ""_n_feasible"": 0, ""_fixed"": true}","{""streak"": 4.0, ""drop_pct"": -4.704897426998212}",muted,
2024-12-09,UZS,momentum,"momentum(n=4,rearm=3)",BUY_NOW,down,0.875,fast,7,0.0077413,"{""n"": 4, ""rearm"": 3, ""_feasible"": null, ""_n_feasible"": 0, ""_fixed"": true}","{""streak"": 7.0, ""drop_pct"": -9.230866641027324}",muted,
2024-12-24,UZS,dip_vs_trend,"dip_vs_trend(pct=0.1,rearm=5,span=40,window=120)",BUY_NOW,down,0.5833333333333334,medium,7,0.00774089,"{""span"": 40, ""window"": 120, ""pct"": 0.1, ""rearm"": 5, ""_feasible"": null, ""_n_feasible"": 0, ""_fixed"": true}","{""dev_pct"": -2.094549981088345, ""pct_rank"": 0.041666666666666664, ""window"": 120.0, ""span"": 40.0}",muted,
2024-12-25,UZS,momentum,"momentum(n=4,rearm=3)",BUY_NOW,down,0.5,fast,7,0.00771604,"{""n"": 4, ""rearm"": 3, ""_feasible"": null, ""_n_feasible"": 0, ""_fixed"": true}","{""streak"": 4.0, ""drop_pct"": -4.040095014239697}",muted,
2025-01-20,UZS,dip_vs_trend,"dip_vs_trend(pct=0.1,rearm=5,span=40,window=120)",BUY_NOW,down,0.16666666666666674,medium,8,0.00786287,"{""span"": 40, ""window"": 120, ""pct"": 0.1, ""rearm"": 5, ""_feasible"": null, ""_n_feasible"": 0, ""_fixed"": true}","{""dev_pct"": -1.3272166825142317, ""pct_rank"": 0.08333333333333333, ""window"": 120.0, ""span"": 40.0}",muted,
2025-01-27,UZS,dip_vs_trend,"dip_vs_trend(pct=0.1,rearm=5,span=40,window=120)",BUY_NOW,down,0.9166666666666666,medium,8,0.00748952,"{""span"": 40, ""window"": 120, ""pct"": 0.1, ""rearm"": 5, ""_feasible"": null, ""_n_feasible"": 0, ""_fixed"": true}","{""dev_pct"": -5.690818888166415, ""pct_rank"": 0.008333333333333333, ""window"": 120.0, ""span"": 40.0}",muted,
2025-02-04,UZS,dip_vs_trend,"dip_vs_trend(pct=0.1,rearm=5,span=40,window=120)",BUY_NOW,down,0.16666666666666674,medium,8,0.00758826,"{""span"": 40, ""window"": 120, ""pct"": 0.1, ""rearm"": 5, ""_feasible"": null, ""_n_feasible"": 0, ""_fixed"": true}","{""dev_pct"": -3.1997212941452746, ""pct_rank"": 0.08333333333333333, ""window"": 120.0, ""span"": 40.0}",muted,
2025-02-11,UZS,dip_vs_trend,"dip_vs_trend(pct=0.1,rearm=5,span=40,window=120)",BUY_NOW,down,0.75,medium,8,0.00738536,"{""span"": 40, ""window"": 120, ""pct"": 0.1, ""rearm"": 5, ""_feasible"": null, ""_n_feasible"": 0, ""_fixed"": true}","{""dev_pct"": -4.819819555680372, ""pct_rank"": 0.025, ""window"": 120.0, ""span"": 40.0}",muted,
2025-02-12,UZS,ml_localmin,"ml_localmin(fp_cost=3.0,gate_pct=0.2,gate_window=120,h=10,min_pos_rate=0.25,rearm=5,seed=0,tol_bps=10.0)",BUY_NOW,down,0.03931768051654787,medium,8,0.00724565,"{""threshold"": 0.0006, ""_fitted"": true}","{""proba"": 0.03931768051654787, ""pct_rank"": 0.2, ""window"": 120.0}",muted,
2025-02-13,UZS,level,"level(pct=0.1,rearm=5,stall_days=0,window=120)",BUY_NOW,down,0.9166666666666666,medium,8,0.0070083,"{""window"": 120, ""pct"": 0.1, ""stall_days"": 0, ""rearm"": 5, ""_feasible"": null, ""_n_feasible"": 0, ""_fixed"": true}","{""pct_rank"": 0.008333333333333333, ""window"": 120.0, ""days_since_min"": 0.0}",sent,BUY_NOW
2025-02-13,UZS,momentum,"momentum(n=4,rearm=3)",BUY_NOW,down,0.5,fast,8,0.0070083,"{""n"": 4, ""rearm"": 3, ""_feasible"": null, ""_n_feasible"": 0, ""_fixed"": true}","{""streak"": 4.0, ""drop_pct"": -6.558367188031234}",muted,
2025-02-17,UZS,reversal,"reversal(max_days_since_min=10,rearm=5,rise_bps=50,window=120)",WINDOW_CLOSING,up,1.0,slow,8,0.00703715,"{""window"": 120, ""rise_bps"": 50, ""max_days_since_min"": 10, ""rearm"": 5, ""_feasible"": null, ""_n_feasible"": 0, ""_fixed"": true}","{""rise_pct"": 1.3296260084869171, ""min_rate"": 0.00694481, ""days_since_min"": 1.0, ""window"": 120.0}",cooldown,
2025-02-18,UZS,dip_vs_trend,"dip_vs_trend(pct=0.1,rearm=5,span=40,window=120)",BUY_NOW,down,0.6666666666666667,medium,8,0.00703629,"{""span"": 40, ""window"": 120, ""pct"": 0.1, ""rearm"": 5, ""_feasible"": null, ""_n_feasible"": 0, ""_fixed"": true}","{""dev_pct"": -8.017215732734883, ""pct_rank"": 0.03333333333333333, ""window"": 120.0, ""span"": 40.0}",muted,
2025-02-19,UZS,ml_localmin,"ml_localmin(fp_cost=3.0,gate_pct=0.2,gate_window=120,h=10,min_pos_rate=0.25,rearm=5,seed=0,tol_bps=10.0)",BUY_NOW,down,0.04619692372897885,medium,8,0.00697189,"{""threshold"": 0.0006, ""_fitted"": true}","{""proba"": 0.04619692372897885, ""pct_rank"": 0.016666666666666666, ""window"": 120.0}",muted,
2025-02-20,UZS,level,"level(pct=0.1,rearm=5,stall_days=0,window=120)",BUY_NOW,down,0.9166666666666666,medium,8,0.00683476,"{""window"": 120, ""pct"": 0.1, ""stall_days"": 0, ""rearm"": 5, ""_feasible"": null, ""_n_feasible"": 0, ""_fixed"": true}","{""pct_rank"": 0.008333333333333333, ""window"": 120.0, ""days_since_min"": 0.0}",sent,BUY_NOW
2025-02-21,UZS,momentum,"momentum(n=4,rearm=3)",BUY_NOW,down,0.5,fast,8,0.00681888,"{""n"": 4, ""rearm"": 3, ""_feasible"": null, ""_n_feasible"": 0, ""_fixed"": true}","{""streak"": 4.0, ""drop_pct"": -3.101681788792332}",muted,
2025-02-25,UZS,dip_vs_trend,"dip_vs_trend(pct=0.1,rearm=5,span=40,window=120)",BUY_NOW,down,0.9166666666666666,medium,8,0.00671569,"{""span"": 40, ""window"": 120, ""pct"": 0.1, ""rearm"": 5, ""_feasible"": null, ""_n_feasible"": 0, ""_fixed"": true}","{""dev_pct"": -10.51581333917575, ""pct_rank"": 0.008333333333333333, ""window"": 120.0, ""span"": 40.0}",muted,
2025-02-26,UZS,ml_localmin,"ml_localmin(fp_cost=3.0,gate_pct=0.2,gate_window=120,h=10,min_pos_rate=0.25,rearm=5,seed=0,tol_bps=10.0)",BUY_NOW,down,0.07354570343880373,medium,8,0.00666903,"{""threshold"": 0.0006, ""_fitted"": true}","{""proba"": 0.07354570343880373, ""pct_rank"": 0.008333333333333333, ""window"": 120.0}",muted,
2025-02-27,UZS,level,"level(pct=0.1,rearm=5,stall_days=0,window=120)",BUY_NOW,down,0.75,medium,8,0.00680878,"{""window"": 120, ""pct"": 0.1, ""stall_days"": 0, ""rearm"": 5, ""_feasible"": null, ""_n_feasible"": 0, ""_fixed"": true}","{""pct_rank"": 0.025, ""window"": 120.0, ""days_since_min"": 1.0}",thinned,
2025-02-27,UZS,reversal,"reversal(max_days_since_min=10,rearm=5,rise_bps=50,window=120)",WINDOW_CLOSING,up,1.0,slow,8,0.00680878,"{""window"": 120, ""rise_bps"": 50, ""max_days_since_min"": 10, ""rearm"": 5, ""_feasible"": null, ""_n_feasible"": 0, ""_fixed"": true}","{""rise_pct"": 2.0955071427179117, ""min_rate"": 0.00666903, ""days_since_min"": 1.0, ""window"": 120.0}",sent,WINDOW_CLOSING
2025-03-06,UZS,level,"level(pct=0.1,rearm=5,stall_days=0,window=120)",BUY_NOW,down,0.16666666666666674,medium,8,0.0069434,"{""window"": 120, ""pct"": 0.1, ""stall_days"": 0, ""rearm"": 5, ""_feasible"": null, ""_n_feasible"": 0, ""_fixed"": true}","{""pct_rank"": 0.08333333333333333, ""window"": 120.0, ""days_since_min"": 6.0}",thinned,
2025-03-06,UZS,ml_localmin,"ml_localmin(fp_cost=3.0,gate_pct=0.2,gate_window=120,h=10,min_pos_rate=0.25,rearm=5,seed=0,tol_bps=10.0)",BUY_NOW,down,0.0006553411869977122,medium,8,0.0069434,"{""threshold"": 0.0006, ""_fitted"": true}","{""proba"": 0.0006553411869977122, ""pct_rank"": 0.08333333333333333, ""window"": 120.0}",muted,
2025-03-06,UZS,reversal,"reversal(max_days_since_min=10,rearm=5,rise_bps=50,window=120)",WINDOW_CLOSING,up,1.0,slow,8,0.0069434,"{""window"": 120, ""rise_bps"": 50, ""max_days_since_min"": 10, ""rearm"": 5, ""_feasible"": null, ""_n_feasible"": 0, ""_fixed"": true}","{""rise_pct"": 4.114091554543897, ""min_rate"": 0.00666903, ""days_since_min"": 6.0, ""window"": 120.0}",sent,WINDOW_CLOSING
2025-03-11,UZS,dip_vs_trend,"dip_vs_trend(pct=0.1,rearm=5,span=40,window=120)",BUY_NOW,down,0.0,medium,8,0.00668981,"{""span"": 40, ""window"": 120, ""pct"": 0.1, ""rearm"": 5, ""_feasible"": null, ""_n_feasible"": 0, ""_fixed"": true}","{""dev_pct"": -7.845320382638754, ""pct_rank"": 0.1, ""window"": 120.0, ""span"": 40.0}",muted,
2025-03-11,UZS,momentum,"momentum(n=4,rearm=3)",BUY_NOW,down,0.5,fast,8,0.00668981,"{""n"": 4, ""rearm"": 3, ""_feasible"": null, ""_n_feasible"": 0, ""_fixed"": true}","{""streak"": 4.0, ""drop_pct"": -3.861320686929659}",muted,
2025-03-13,UZS,level,"level(pct=0.1,rearm=5,stall_days=0,window=120)",BUY_NOW,down,0.6666666666666667,medium,8,0.00670426,"{""window"": 120, ""pct"": 0.1, ""stall_days"": 0, ""rearm"": 5, ""_feasible"": null, ""_n_feasible"": 0, ""_fixed"": true}","{""pct_rank"": 0.03333333333333333, ""window"": 120.0, ""days_since_min"": 11.0}",sent,BUY_NOW
2025-03-13,UZS,ml_localmin,"ml_localmin(fp_cost=3.0,gate_pct=0.2,gate_window=120,h=10,min_pos_rate=0.25,rearm=5,seed=0,tol_bps=10.0)",BUY_NOW,down,0.0036581996005075374,medium,8,0.00670426,"{""threshold"": 0.0006, ""_fitted"": true}","{""proba"": 0.0036581996005075374, ""pct_rank"": 0.03333333333333333, ""window"": 120.0}",muted,
2025-03-18,UZS,dip_vs_trend,"dip_vs_trend(pct=0.1,rearm=5,span=40,window=120)",BUY_NOW,down,0.9166666666666666,medium,8,0.00629679,"{""span"": 40, ""window"": 120, ""pct"": 0.1, ""rearm"": 5, ""_feasible"": null, ""_n_feasible"": 0, ""_fixed"": true}","{""dev_pct"": -11.281843643652344, ""pct_rank"": 0.008333333333333333, ""window"": 120.0, ""span"": 40.0}",muted,
2025-03-19,UZS,reversal,"reversal(max_days_since_min=10,rearm=5,rise_bps=50,window=120)",WINDOW_CLOSING,up,1.0,slow,8,0.00640467,"{""window"": 120, ""rise_bps"": 50, ""max_days_since_min"": 10, ""rearm"": 5, ""_feasible"": null, ""_n_feasible"": 0, ""_fixed"": true}","{""rise_pct"": 1.7132538960327404, ""min_rate"": 0.00629679, ""days_since_min"": 1.0, ""window"": 120.0}",sent,WINDOW_CLOSING
2025-03-20,UZS,level,"level(pct=0.1,rearm=5,stall_days=0,window=120)",BUY_NOW,down,0.6666666666666667,medium,8,0.00652887,"{""window"": 120, ""pct"": 0.1, ""stall_days"": 0, ""rearm"": 5, ""_feasible"": null, ""_n_feasible"": 0, ""_fixed"": true}","{""pct_rank"": 0.03333333333333333, ""window"": 120.0, ""days_since_min"": 2.0}",cooldown,
2025-03-20,UZS,ml_localmin,"ml_localmin(fp_cost=3.0,gate_pct=0.2,gate_window=120,h=10,min_pos_rate=0.25,rearm=5,seed=0,tol_bps=10.0)",BUY_NOW,down,0.0017514893938245942,medium,8,0.00652887,"{""threshold"": 0.0006, ""_fitted"": true}","{""proba"": 0.0017514893938245942, ""pct_rank"": 0.03333333333333333, ""window"": 120.0}",muted,
2025-03-26,UZS,reversal,"reversal(max_days_since_min=10,rearm=5,rise_bps=50,window=120)",WINDOW_CLOSING,up,1.0,slow,8,0.00651281,"{""window"": 120, ""rise_bps"": 50, ""max_days_since_min"": 10, ""rearm"": 5, ""_feasible"": null, ""_n_feasible"": 0, ""_fixed"": true}","{""rise_pct"": 3.430636880061111, ""min_rate"": 0.00629679, ""days_since_min"": 6.0, ""window"": 120.0}",sent,WINDOW_CLOSING
2025-03-27,UZS,level,"level(pct=0.1,rearm=5,stall_days=0,window=120)",BUY_NOW,down,0.6666666666666667,medium,8,0.00649419,"{""window"": 120, ""pct"": 0.1, ""stall_days"": 0, ""rearm"": 5, ""_feasible"": null, ""_n_feasible"": 0, ""_fixed"": true}","{""pct_rank"": 0.03333333333333333, ""window"": 120.0, ""days_since_min"": 7.0}",cooldown,
2025-03-27,UZS,ml_localmin,"ml_localmin(fp_cost=3.0,gate_pct=0.2,gate_window=120,h=10,min_pos_rate=0.25,rearm=5,seed=0,tol_bps=10.0)",BUY_NOW,down,0.008672577338172071,medium,8,0.00649419,"{""threshold"": 0.0006, ""_fitted"": true}","{""proba"": 0.008672577338172071, ""pct_rank"": 0.03333333333333333, ""window"": 120.0}",muted,
2025-04-03,UZS,level,"level(pct=0.1,rearm=5,stall_days=0,window=120)",BUY_NOW,down,0.16666666666666674,medium,8,0.00653372,"{""window"": 120, ""pct"": 0.1, ""stall_days"": 0, ""rearm"": 5, ""_feasible"": null, ""_n_feasible"": 0, ""_fixed"": true}","{""pct_rank"": 0.08333333333333333, ""window"": 120.0, ""days_since_min"": 12.0}",sent,BUY_NOW
2025-04-03,UZS,ml_localmin,"ml_localmin(fp_cost=3.0,gate_pct=0.2,gate_window=120,h=10,min_pos_rate=0.25,rearm=5,seed=0,tol_bps=10.0)",BUY_NOW,down,0.0026121010695063654,medium,8,0.00653372,"{""threshold"": 0.0006, ""_fitted"": true}","{""proba"": 0.0026121010695063654, ""pct_rank"": 0.08333333333333333, ""window"": 120.0}",muted,
2025-04-04,UZS,momentum,"momentum(n=4,rearm=3)",BUY_NOW,down,0.5,fast,8,0.0065228,"{""n"": 4, ""rearm"": 3, ""_feasible"": null, ""_n_feasible"": 0, ""_fixed"": true}","{""streak"": 4.0, ""drop_pct"": -1.4809276754495393}",muted,
2025-04-11,UZS,level,"level(pct=0.1,rearm=5,stall_days=0,window=120)",BUY_NOW,down,0.75,medium,8,0.0064776,"{""window"": 120, ""pct"": 0.1, ""stall_days"": 0, ""rearm"": 5, ""_feasible"": null, ""_n_feasible"": 0, ""_fixed"": true}","{""pct_rank"": 0.025, ""window"": 120.0, ""days_since_min"": 18.0}",sent,BUY_NOW
2025-04-11,UZS,ml_localmin,"ml_localmin(fp_cost=3.0,gate_pct=0.2,gate_window=120,h=10,min_pos_rate=0.25,rearm=5,seed=0,tol_bps=10.0)",BUY_NOW,down,0.007161559049797257,medium,8,0.0064776,"{""threshold"": 0.0006, ""_fitted"": true}","{""proba"": 0.007161559049797257, ""pct_rank"": 0.025, ""window"": 120.0}",muted,
2025-04-15,UZS,momentum,"momentum(n=4,rearm=3)",BUY_NOW,down,0.5,fast,8,0.00634565,"{""n"": 4, ""rearm"": 3, ""_feasible"": null, ""_n_feasible"": 0, ""_fixed"": true}","{""streak"": 4.0, ""drop_pct"": -4.472257641060229}",muted,
2025-04-18,UZS,level,"level(pct=0.1,rearm=5,stall_days=0,window=120)",BUY_NOW,down,0.9166666666666666,medium,8,0.00625844,"{""window"": 120, ""pct"": 0.1, ""stall_days"": 0, ""rearm"": 5, ""_feasible"": null, ""_n_feasible"": 0, ""_fixed"": true}","{""pct_rank"": 0.008333333333333333, ""window"": 120.0, ""days_since_min"": 0.0}",sent,BUY_NOW
2025-04-18,UZS,ml_localmin,"ml_localmin(fp_cost=3.0,gate_pct=0.2,gate_window=120,h=10,min_pos_rate=0.25,rearm=5,seed=0,tol_bps=10.0)",BUY_NOW,down,0.29694663704914775,medium,8,0.00625844,"{""threshold"": 0.0006, ""_fitted"": true}","{""proba"": 0.29694663704914775, ""pct_rank"": 0.008333333333333333, ""window"": 120.0}",muted,
2025-04-22,UZS,reversal,"reversal(max_days_since_min=10,rearm=5,rise_bps=50,window=120)",WINDOW_CLOSING,up,1.0,slow,8,0.00631017,"{""window"": 120, ""rise_bps"": 50, ""max_days_since_min"": 10, ""rearm"": 5, ""_feasible"": null, ""_n_feasible"": 0, ""_fixed"": true}","{""rise_pct"": 1.0927657338400065, ""min_rate"": 0.00624196, ""days_since_min"": 1.0, ""window"": 120.0}",cooldown,
2025-04-25,UZS,level,"level(pct=0.1,rearm=5,stall_days=0,window=120)",BUY_NOW,down,0.2500000000000001,medium,8,0.00639389,"{""window"": 120, ""pct"": 0.1, ""stall_days"": 0, ""rearm"": 5, ""_feasible"": null, ""_n_feasible"": 0, ""_fixed"": true}","{""pct_rank"": 0.075, ""window"": 120.0, ""days_since_min"": 4.0}",sent,BUY_NOW
2025-04-25,UZS,ml_localmin,"ml_localmin(fp_cost=3.0,gate_pct=0.2,gate_window=120,h=10,min_pos_rate=0.25,rearm=5,seed=0,tol_bps=10.0)",BUY_NOW,down,0.001836657682669672,medium,8,0.00639389,"{""threshold"": 0.0006, ""_fitted"": true}","{""proba"": 0.001836657682669672, ""pct_rank"": 0.075, ""window"": 120.0}",muted,
2025-04-29,UZS,reversal,"reversal(max_days_since_min=10,rearm=5,rise_bps=50,window=120)",WINDOW_CLOSING,up,0.9157380053701035,slow,8,0.00629912,"{""window"": 120, ""rise_bps"": 50, ""max_days_since_min"": 10, ""rearm"": 5, ""_feasible"": null, ""_n_feasible"": 0, ""_fixed"": true}","{""rise_pct"": 0.9157380053701035, ""min_rate"": 0.00624196, ""days_since_min"": 6.0, ""window"": 120.0}",cooldown,
2025-05-06,UZS,level,"level(pct=0.1,rearm=5,stall_days=0,window=120)",BUY_NOW,down,0.8333333333333334,medium,8,0.00625787,"{""window"": 120, ""pct"": 0.1, ""stall_days"": 0, ""rearm"": 5, ""_feasible"": null, ""_n_feasible"": 0, ""_fixed"": true}","{""pct_rank"": 0.016666666666666666, ""window"": 120.0, ""days_since_min"": 9.0}",sent,BUY_NOW
2025-05-06,UZS,ml_localmin,"ml_localmin(fp_cost=3.0,gate_pct=0.2,gate_window=120,h=10,min_pos_rate=0.25,rearm=5,seed=0,tol_bps=10.0)",BUY_NOW,down,0.32796509421932407,medium,8,0.00625787,"{""threshold"": 0.0006, ""_fitted"": true}","{""proba"": 0.32796509421932407, ""pct_rank"": 0.016666666666666666, ""window"": 120.0}",muted,
2025-05-15,UZS,level,"level(pct=0.1,rearm=5,stall_days=0,window=120)",BUY_NOW,down,0.9166666666666666,medium,8,0.0061874,"{""window"": 120, ""pct"": 0.1, ""stall_days"": 0, ""rearm"": 5, ""_feasible"": null, ""_n_feasible"": 0, ""_fixed"": true}","{""pct_rank"": 0.008333333333333333, ""window"": 120.0, ""days_since_min"": 0.0}",sent,BUY_NOW
2025-05-15,UZS,ml_localmin,"ml_localmin(fp_cost=3.0,gate_pct=0.2,gate_window=120,h=10,min_pos_rate=0.25,rearm=5,seed=0,tol_bps=10.0)",BUY_NOW,down,0.19505004751484803,medium,8,0.0061874,"{""threshold"": 0.0006, ""_fitted"": true}","{""proba"": 0.19505004751484803, ""pct_rank"": 0.008333333333333333, ""window"": 120.0}",muted,
2025-05-16,UZS,reversal,"reversal(max_days_since_min=10,rearm=5,rise_bps=50,window=120)",WINDOW_CLOSING,up,0.6820312247470595,slow,8,0.0062296,"{""window"": 120, ""rise_bps"": 50, ""max_days_since_min"": 10, ""rearm"": 5, ""_feasible"": null, ""_n_feasible"": 0, ""_fixed"": true}","{""rise_pct"": 0.6820312247470595, ""min_rate"": 0.0061874, ""days_since_min"": 1.0, ""window"": 120.0}",cooldown,
2025-05-22,UZS,level,"level(pct=0.1,rearm=5,stall_days=0,window=120)",BUY_NOW,down,0.9166666666666666,medium,8,0.00616294,"{""window"": 120, ""pct"": 0.1, ""stall_days"": 0, ""rearm"": 5, ""_feasible"": null, ""_n_feasible"": 0, ""_fixed"": true}","{""pct_rank"": 0.008333333333333333, ""window"": 120.0, ""days_since_min"": 0.0}",sent,BUY_NOW
2025-05-22,UZS,ml_localmin,"ml_localmin(fp_cost=3.0,gate_pct=0.2,gate_window=120,h=10,min_pos_rate=0.25,rearm=5,seed=0,tol_bps=10.0)",BUY_NOW,down,0.11697197404894341,medium,8,0.00616294,"{""threshold"": 0.0006, ""_fitted"": true}","{""proba"": 0.11697197404894341, ""pct_rank"": 0.008333333333333333, ""window"": 120.0}",muted,
2025-05-29,UZS,level,"level(pct=0.1,rearm=5,stall_days=0,window=120)",BUY_NOW,down,0.9166666666666666,medium,8,0.0061177,"{""window"": 120, ""pct"": 0.1, ""stall_days"": 0, ""rearm"": 5, ""_feasible"": null, ""_n_feasible"": 0, ""_fixed"": true}","{""pct_rank"": 0.008333333333333333, ""window"": 120.0, ""days_since_min"": 0.0}",sent,BUY_NOW
2025-05-29,UZS,ml_localmin,"ml_localmin(fp_cost=3.0,gate_pct=0.2,gate_window=120,h=10,min_pos_rate=0.25,rearm=5,seed=0,tol_bps=10.0)",BUY_NOW,down,0.1843535903249695,medium,8,0.0061177,"{""threshold"": 0.0006, ""_fitted"": true}","{""proba"": 0.1843535903249695, ""pct_rank"": 0.008333333333333333, ""window"": 120.0}",muted,
2025-05-30,UZS,reversal,"reversal(max_days_since_min=10,rearm=5,rise_bps=50,window=120)",WINDOW_CLOSING,up,0.6461578697876559,slow,8,0.00615723,"{""window"": 120, ""rise_bps"": 50, ""max_days_since_min"": 10, ""rearm"": 5, ""_feasible"": null, ""_n_feasible"": 0, ""_fixed"": true}","{""rise_pct"": 0.6461578697876559, ""min_rate"": 0.0061177, ""days_since_min"": 1.0, ""window"": 120.0}",cooldown,
2025-06-05,UZS,level,"level(pct=0.1,rearm=5,stall_days=0,window=120)",BUY_NOW,down,0.41666666666666674,medium,8,0.00616649,"{""window"": 120, ""pct"": 0.1, ""stall_days"": 0, ""rearm"": 5, ""_feasible"": null, ""_n_feasible"": 0, ""_fixed"": true}","{""pct_rank"": 0.058333333333333334, ""window"": 120.0, ""days_since_min"": 1.0}",sent,BUY_NOW
2025-06-06,UZS,ml_localmin,"ml_localmin(fp_cost=3.0,gate_pct=0.2,gate_window=120,h=10,min_pos_rate=0.25,rearm=5,seed=0,tol_bps=10.0)",BUY_NOW,down,0.0008235892094395162,medium,8,0.00616985,"{""threshold"": 0.0006, ""_fitted"": true}","{""proba"": 0.0008235892094395162, ""pct_rank"": 0.075, ""window"": 120.0}",muted,
2025-06-06,UZS,reversal,"reversal(max_days_since_min=10,rearm=5,rise_bps=50,window=120)",WINDOW_CLOSING,up,1.0,slow,8,0.00616985,"{""window"": 120, ""rise_bps"": 50, ""max_days_since_min"": 10, ""rearm"": 5, ""_feasible"": null, ""_n_feasible"": 0, ""_fixed"": true}","{""rise_pct"": 1.0514850998665226, ""min_rate"": 0.00610565, ""days_since_min"": 2.0, ""window"": 120.0}",cooldown,
2025-06-16,UZS,level,"level(pct=0.1,rearm=5,stall_days=0,window=120)",BUY_NOW,down,0.6666666666666667,medium,8,0.00615246,"{""window"": 120, ""pct"": 0.1, ""stall_days"": 0, ""rearm"": 5, ""_feasible"": null, ""_n_feasible"": 0, ""_fixed"": true}","{""pct_rank"": 0.03333333333333333, ""window"": 120.0, ""days_since_min"": 6.0}",sent,BUY_NOW
2025-06-17,UZS,reversal,"reversal(max_days_since_min=10,rearm=5,rise_bps=50,window=120)",WINDOW_CLOSING,up,1.0,slow,8,0.00619054,"{""window"": 120, ""rise_bps"": 50, ""max_days_since_min"": 10, ""rearm"": 5, ""_feasible"": null, ""_n_feasible"": 0, ""_fixed"": true}","{""rise_pct"": 1.3903515596209948, ""min_rate"": 0.00610565, ""days_since_min"": 7.0, ""window"": 120.0}",cooldown,
2025-06-30,UZS,ml_localmin,"ml_localmin(fp_cost=3.0,gate_pct=0.2,gate_window=120,h=10,min_pos_rate=0.25,rearm=5,seed=0,tol_bps=10.0)",BUY_NOW,down,0.003314129753562428,medium,8,0.00620575,"{""threshold"": 0.0006, ""_fitted"": true}","{""proba"": 0.003314129753562428, ""pct_rank"": 0.16666666666666666, ""window"": 120.0}",muted,
2025-06-30,UZS,momentum,"momentum(n=4,rearm=3)",BUY_NOW,down,0.5,fast,8,0.00620575,"{""n"": 4, ""rearm"": 3, ""_feasible"": null, ""_n_feasible"": 0, ""_fixed"": true}","{""streak"": 4.0, ""drop_pct"": -1.747277992308549}",muted,
2025-07-01,UZS,ml_localmin,"ml_localmin(fp_cost=3.0,gate_pct=0.2,gate_window=120,h=10,min_pos_rate=0.25,rearm=5,seed=0,tol_bps=10.0)",BUY_NOW,down,0.0470060097649093,medium,9,0.0061771,"{""threshold"": 0.0344, ""_fitted"": true}","{""proba"": 0.0470060097649093, ""pct_rank"": 0.10833333333333334, ""window"": 120.0}",muted,
2025-07-08,UZS,level,"level(pct=0.1,rearm=5,stall_days=0,window=120)",BUY_NOW,down,0.33333333333333337,medium,9,0.00616627,"{""window"": 120, ""pct"": 0.1, ""stall_days"": 0, ""rearm"": 5, ""_feasible"": null, ""_n_feasible"": 0, ""_fixed"": true}","{""pct_rank"": 0.06666666666666667, ""window"": 120.0, ""days_since_min"": 22.0}",sent,BUY_NOW
2025-07-08,UZS,ml_localmin,"ml_localmin(fp_cost=3.0,gate_pct=0.2,gate_window=120,h=10,min_pos_rate=0.25,rearm=5,seed=0,tol_bps=10.0)",BUY_NOW,down,0.04295372024443722,medium,9,0.00616627,"{""threshold"": 0.0344, ""_fitted"": true}","{""proba"": 0.04295372024443722, ""pct_rank"": 0.06666666666666667, ""window"": 120.0}",muted,
2025-07-15,UZS,level,"level(pct=0.1,rearm=5,stall_days=0,window=120)",BUY_NOW,down,0.75,medium,9,0.00613887,"{""window"": 120, ""pct"": 0.1, ""stall_days"": 0, ""rearm"": 5, ""_feasible"": null, ""_n_feasible"": 0, ""_fixed"": true}","{""pct_rank"": 0.025, ""window"": 120.0, ""days_since_min"": 27.0}",sent,BUY_NOW
2025-07-16,UZS,ml_localmin,"ml_localmin(fp_cost=3.0,gate_pct=0.2,gate_window=120,h=10,min_pos_rate=0.25,rearm=5,seed=0,tol_bps=10.0)",BUY_NOW,down,0.048945246411651426,medium,9,0.00610094,"{""threshold"": 0.0344, ""_fitted"": true}","{""proba"": 0.048945246411651426, ""pct_rank"": 0.008333333333333333, ""window"": 120.0}",muted,
2025-07-18,UZS,reversal,"reversal(max_days_since_min=10,rearm=5,rise_bps=50,window=120)",WINDOW_CLOSING,up,1.0,slow,9,0.00618674,"{""window"": 120, ""rise_bps"": 50, ""max_days_since_min"": 10, ""rearm"": 5, ""_feasible"": null, ""_n_feasible"": 0, ""_fixed"": true}","{""rise_pct"": 1.4063406622585983, ""min_rate"": 0.00610094, ""days_since_min"": 2.0, ""window"": 120.0}",cooldown,
2025-07-24,UZS,seasonality,"seasonality(from_day=24,min_share=0.7,min_years=4,rearm=20)",BUY_NOW,down,0.7,slow,9,0.00617921,"{""min_share"": 0.7, ""min_years"": 4, ""from_day"": 24, ""rearm"": 20, ""_feasible"": null, ""_n_feasible"": 0, ""_fixed"": true}","{""k_years"": 7.0, ""n_years"": 10.0, ""target_month"": 8.0}",sent,BUY_NOW
2025-07-25,UZS,reversal,"reversal(max_days_since_min=10,rearm=5,rise_bps=50,window=120)",WINDOW_CLOSING,up,1.0,slow,9,0.00628702,"{""window"": 120, ""rise_bps"": 50, ""max_days_since_min"": 10, ""rearm"": 5, ""_feasible"": null, ""_n_feasible"": 0, ""_fixed"": true}","{""rise_pct"": 3.0500217999193557, ""min_rate"": 0.00610094, ""days_since_min"": 7.0, ""window"": 120.0}",cooldown,
2025-08-04,UZS,momentum,"momentum(n=4,rearm=3)",BUY_NOW,down,0.5,fast,9,0.00626111,"{""n"": 4, ""rearm"": 3, ""_feasible"": null, ""_n_feasible"": 0, ""_fixed"": true}","{""streak"": 4.0, ""drop_pct"": -4.702102270305808}",muted,
2025-10-10,UZS,momentum,"momentum(n=4,rearm=3)",BUY_NOW,down,0.5,fast,9,0.00669696,"{""n"": 4, ""rearm"": 3, ""_feasible"": null, ""_n_feasible"": 0, ""_fixed"": true}","{""streak"": 4.0, ""drop_pct"": -2.688470469254489}",muted,
2025-10-15,UZS,dip_vs_trend,"dip_vs_trend(pct=0.1,rearm=5,span=40,window=120)",BUY_NOW,down,0.2500000000000001,medium,9,0.00647011,"{""span"": 40, ""window"": 120, ""pct"": 0.1, ""rearm"": 5, ""_feasible"": null, ""_n_feasible"": 0, ""_fixed"": true}","{""dev_pct"": -3.16896257334508, ""pct_rank"": 0.075, ""window"": 120.0, ""span"": 40.0}",muted,
2025-10-15,UZS,momentum,"momentum(n=4,rearm=3)",BUY_NOW,down,0.875,fast,9,0.00647011,"{""n"": 4, ""rearm"": 3, ""_feasible"": null, ""_n_feasible"": 0, ""_fixed"": true}","{""streak"": 7.0, ""drop_pct"": -5.984760199826211}",muted,
2025-11-21,UZS,dip_vs_trend,"dip_vs_trend(pct=0.1,rearm=5,span=40,window=120)",BUY_NOW,down,0.0,medium,9,0.00663255,"{""span"": 40, ""window"": 120, ""pct"": 0.1, ""rearm"": 5, ""_feasible"": null, ""_n_feasible"": 0, ""_fixed"": true}","{""dev_pct"": -1.337816398089131, ""pct_rank"": 0.1, ""window"": 120.0, ""span"": 40.0}",muted,
2025-11-25,UZS,momentum,"momentum(n=4,rearm=3)",BUY_NOW,down,0.5,fast,9,0.00658654,"{""n"": 4, ""rearm"": 3, ""_feasible"": null, ""_n_feasible"": 0, ""_fixed"": true}","{""streak"": 4.0, ""drop_pct"": -2.837628523801794}",muted,
2025-11-28,UZS,dip_vs_trend,"dip_vs_trend(pct=0.1,rearm=5,span=40,window=120)",BUY_NOW,down,0.6666666666666667,medium,9,0.00657254,"{""span"": 40, ""window"": 120, ""pct"": 0.1, ""rearm"": 5, ""_feasible"": null, ""_n_feasible"": 0, ""_fixed"": true}","{""dev_pct"": -1.8431056906234478, ""pct_rank"": 0.03333333333333333, ""window"": 120.0, ""span"": 40.0}",muted,
2025-12-05,UZS,dip_vs_trend,"dip_vs_trend(pct=0.1,rearm=5,span=40,window=120)",BUY_NOW,down,0.9166666666666666,medium,9,0.00636063,"{""span"": 40, ""window"": 120, ""pct"": 0.1, ""rearm"": 5, ""_feasible"": null, ""_n_feasible"": 0, ""_fixed"": true}","{""dev_pct"": -4.444060355626689, ""pct_rank"": 0.008333333333333333, ""window"": 120.0, ""span"": 40.0}",muted,
2025-12-24,UZS,dip_vs_trend,"dip_vs_trend(pct=0.1,rearm=5,span=40,window=120)",BUY_NOW,down,0.08333333333333348,medium,9,0.00649978,"{""span"": 40, ""window"": 120, ""pct"": 0.1, ""rearm"": 5, ""_feasible"": null, ""_n_feasible"": 0, ""_fixed"": true}","{""dev_pct"": -2.007275527629526, ""pct_rank"": 0.09166666666666666, ""window"": 120.0, ""span"": 40.0}",muted,
2025-12-25,UZS,momentum,"momentum(n=4,rearm=3)",BUY_NOW,down,0.5,fast,9,0.0064482,"{""n"": 4, ""rearm"": 3, ""_feasible"": null, ""_n_feasible"": 0, ""_fixed"": true}","{""streak"": 4.0, ""drop_pct"": -4.17298261257244}",muted,
2026-01-21,UZS,ml_localmin,"ml_localmin(fp_cost=3.0,gate_pct=0.2,gate_window=120,h=10,min_pos_rate=0.25,rearm=5,seed=0,tol_bps=10.0)",BUY_NOW,down,0.1289490342509274,medium,10,0.00639461,"{""threshold"": 0.0406, ""_fitted"": true}","{""proba"": 0.1289490342509274, ""pct_rank"": 0.125, ""window"": 120.0}",sent,BUY_NOW
2026-01-21,UZS,momentum,"momentum(n=4,rearm=3)",BUY_NOW,down,0.5,fast,10,0.00639461,"{""n"": 4, ""rearm"": 3, ""_feasible"": null, ""_n_feasible"": 0, ""_fixed"": true}","{""streak"": 4.0, ""drop_pct"": -2.529955385110172}",muted,
2026-01-22,UZS,dip_vs_trend,"dip_vs_trend(pct=0.1,rearm=5,span=40,window=120)",BUY_NOW,down,0.8333333333333334,medium,10,0.00626503,"{""span"": 40, ""window"": 120, ""pct"": 0.1, ""rearm"": 5, ""_feasible"": null, ""_n_feasible"": 0, ""_fixed"": true}","{""dev_pct"": -4.2499667589265595, ""pct_rank"": 0.016666666666666666, ""window"": 120.0, ""span"": 40.0}",muted,
2026-01-22,UZS,level,"level(pct=0.1,rearm=5,stall_days=0,window=120)",BUY_NOW,down,0.8333333333333334,medium,10,0.00626503,"{""window"": 120, ""pct"": 0.1, ""stall_days"": 0, ""rearm"": 5, ""_feasible"": null, ""_n_feasible"": 0, ""_fixed"": true}","{""pct_rank"": 0.016666666666666666, ""window"": 120.0, ""days_since_min"": 114.0}",cooldown,
2026-01-28,UZS,ml_localmin,"ml_localmin(fp_cost=3.0,gate_pct=0.2,gate_window=120,h=10,min_pos_rate=0.25,rearm=5,seed=0,tol_bps=10.0)",BUY_NOW,down,0.22800212792715058,medium,10,0.00626726,"{""threshold"": 0.0406, ""_fitted"": true}","{""proba"": 0.22800212792715058, ""pct_rank"": 0.025, ""window"": 120.0}",sent,BUY_NOW
2026-01-29,UZS,dip_vs_trend,"dip_vs_trend(pct=0.1,rearm=5,span=40,window=120)",BUY_NOW,down,0.75,medium,10,0.00623203,"{""span"": 40, ""window"": 120, ""pct"": 0.1, ""rearm"": 5, ""_feasible"": null, ""_n_feasible"": 0, ""_fixed"": true}","{""dev_pct"": -3.9638750574796267, ""pct_rank"": 0.025, ""window"": 120.0, ""span"": 40.0}",muted,
2026-01-29,UZS,level,"level(pct=0.1,rearm=5,stall_days=0,window=120)",BUY_NOW,down,0.9166666666666666,medium,10,0.00623203,"{""window"": 120, ""pct"": 0.1, ""stall_days"": 0, ""rearm"": 5, ""_feasible"": null, ""_n_feasible"": 0, ""_fixed"": true}","{""pct_rank"": 0.008333333333333333, ""window"": 120.0, ""days_since_min"": 0.0}",cooldown,
2026-02-02,UZS,reversal,"reversal(max_days_since_min=10,rearm=5,rise_bps=50,window=120)",WINDOW_CLOSING,up,1.0,slow,10,0.00629156,"{""window"": 120, ""rise_bps"": 50, ""max_days_since_min"": 10, ""rearm"": 5, ""_feasible"": null, ""_n_feasible"": 0, ""_fixed"": true}","{""rise_pct"": 1.5616272950626398, ""min_rate"": 0.00619482, ""days_since_min"": 1.0, ""window"": 120.0}",cooldown,
2026-02-05,UZS,dip_vs_trend,"dip_vs_trend(pct=0.1,rearm=5,span=40,window=120)",BUY_NOW,down,0.2500000000000001,medium,10,0.00623416,"{""span"": 40, ""window"": 120, ""pct"": 0.1, ""rearm"": 5, ""_feasible"": null, ""_n_feasible"": 0, ""_fixed"": true}","{""dev_pct"": -3.348117301739084, ""pct_rank"": 0.075, ""window"": 120.0, ""span"": 40.0}",muted,
2026-02-05,UZS,level,"level(pct=0.1,rearm=5,stall_days=0,window=120)",BUY_NOW,down,0.75,medium,10,0.00623416,"{""window"": 120, ""pct"": 0.1, ""stall_days"": 0, ""rearm"": 5, ""_feasible"": null, ""_n_feasible"": 0, ""_fixed"": true}","{""pct_rank"": 0.025, ""window"": 120.0, ""days_since_min"": 4.0}",sent,BUY_NOW
2026-02-09,UZS,reversal,"reversal(max_days_since_min=10,rearm=5,rise_bps=50,window=120)",WINDOW_CLOSING,up,1.0,slow,10,0.0063026,"{""window"": 120, ""rise_bps"": 50, ""max_days_since_min"": 10, ""rearm"": 5, ""_feasible"": null, ""_n_feasible"": 0, ""_fixed"": true}","{""rise_pct"": 1.7398407056217868, ""min_rate"": 0.00619482, ""days_since_min"": 6.0, ""window"": 120.0}",cooldown,
2026-02-12,UZS,level,"level(pct=0.1,rearm=5,stall_days=0,window=120)",BUY_NOW,down,0.0,medium,10,0.00628793,"{""window"": 120, ""pct"": 0.1, ""stall_days"": 0, ""rearm"": 5, ""_feasible"": null, ""_n_feasible"": 0, ""_fixed"": true}","{""pct_rank"": 0.1, ""window"": 120.0, ""days_since_min"": 9.0}",sent,BUY_NOW
2026-03-25,UZS,momentum,"momentum(n=4,rearm=3)",BUY_NOW,down,0.5,fast,10,0.00663176,"{""n"": 4, ""rearm"": 3, ""_feasible"": null, ""_n_feasible"": 0, ""_fixed"": true}","{""streak"": 4.0, ""drop_pct"": -4.694867391444923}",muted,
2026-04-07,UZS,momentum,"momentum(n=4,rearm=3)",BUY_NOW,down,0.5,fast,10,0.00645061,"{""n"": 4, ""rearm"": 3, ""_feasible"": null, ""_n_feasible"": 0, ""_fixed"": true}","{""streak"": 4.0, ""drop_pct"": -3.1880390753155963}",muted,
2026-04-10,UZS,momentum,"momentum(n=4,rearm=3)",BUY_NOW,down,0.875,fast,10,0.0063307,"{""n"": 4, ""rearm"": 3, ""_feasible"": null, ""_n_feasible"": 0, ""_fixed"": true}","{""streak"": 7.0, ""drop_pct"": -4.987670774407449}",muted,
2026-04-13,UZS,dip_vs_trend,"dip_vs_trend(pct=0.1,rearm=5,span=40,window=120)",BUY_NOW,down,0.16666666666666674,medium,10,0.006288,"{""span"": 40, ""window"": 120, ""pct"": 0.1, ""rearm"": 5, ""_feasible"": null, ""_n_feasible"": 0, ""_fixed"": true}","{""dev_pct"": -3.3383175794365116, ""pct_rank"": 0.08333333333333333, ""window"": 120.0, ""span"": 40.0}",muted,
2026-04-13,UZS,ml_localmin,"ml_localmin(fp_cost=3.0,gate_pct=0.2,gate_window=120,h=10,min_pos_rate=0.25,rearm=5,seed=0,tol_bps=10.0)",BUY_NOW,down,0.22391577963374604,medium,10,0.006288,"{""threshold"": 0.0406, ""_fitted"": true}","{""proba"": 0.22391577963374604, ""pct_rank"": 0.14166666666666666, ""window"": 120.0}",sent,BUY_NOW
2026-04-14,UZS,level,"level(pct=0.1,rearm=5,stall_days=0,window=120)",BUY_NOW,down,0.6666666666666667,medium,10,0.00624749,"{""window"": 120, ""pct"": 0.1, ""stall_days"": 0, ""rearm"": 5, ""_feasible"": null, ""_n_feasible"": 0, ""_fixed"": true}","{""pct_rank"": 0.03333333333333333, ""window"": 120.0, ""days_since_min"": 50.0}",cooldown,
2026-04-15,UZS,momentum,"momentum(n=4,rearm=3)",BUY_NOW,down,1.0,fast,10,0.00617161,"{""n"": 4, ""rearm"": 3, ""_feasible"": null, ""_n_feasible"": 0, ""_fixed"": true}","{""streak"": 10.0, ""drop_pct"": -7.37532323882678}",muted,
2026-04-16,UZS,reversal,"reversal(max_days_since_min=10,rearm=5,rise_bps=50,window=120)",WINDOW_CLOSING,up,1.0,slow,10,0.00625439,"{""window"": 120, ""rise_bps"": 50, ""max_days_since_min"": 10, ""rearm"": 5, ""_feasible"": null, ""_n_feasible"": 0, ""_fixed"": true}","{""rise_pct"": 1.341303160763574, ""min_rate"": 0.00617161, ""days_since_min"": 1.0, ""window"": 120.0}",cooldown,
2026-04-20,UZS,dip_vs_trend,"dip_vs_trend(pct=0.1,rearm=5,span=40,window=120)",BUY_NOW,down,0.6666666666666667,medium,10,0.00621931,"{""span"": 40, ""window"": 120, ""pct"": 0.1, ""rearm"": 5, ""_feasible"": null, ""_n_feasible"": 0, ""_fixed"": true}","{""dev_pct"": -4.271102300099605, ""pct_rank"": 0.03333333333333333, ""window"": 120.0, ""span"": 40.0}",muted,
2026-04-20,UZS,ml_localmin,"ml_localmin(fp_cost=3.0,gate_pct=0.2,gate_window=120,h=10,min_pos_rate=0.25,rearm=5,seed=0,tol_bps=10.0)",BUY_NOW,down,0.12350267981144242,medium,10,0.00621931,"{""threshold"": 0.0406, ""_fitted"": true}","{""proba"": 0.12350267981144242, ""pct_rank"": 0.025, ""window"": 120.0}",sent,BUY_NOW
2026-04-21,UZS,level,"level(pct=0.1,rearm=5,stall_days=0,window=120)",BUY_NOW,down,0.8333333333333334,medium,10,0.0061846,"{""window"": 120, ""pct"": 0.1, ""stall_days"": 0, ""rearm"": 5, ""_feasible"": null, ""_n_feasible"": 0, ""_fixed"": true}","{""pct_rank"": 0.016666666666666666, ""window"": 120.0, ""days_since_min"": 4.0}",cooldown,
2026-04-23,UZS,reversal,"reversal(max_days_since_min=10,rearm=5,rise_bps=50,window=120)",WINDOW_CLOSING,up,0.9130518616698113,slow,10,0.00622796,"{""window"": 120, ""rise_bps"": 50, ""max_days_since_min"": 10, ""rearm"": 5, ""_feasible"": null, ""_n_feasible"": 0, ""_fixed"": true}","{""rise_pct"": 0.9130518616698113, ""min_rate"": 0.00617161, ""days_since_min"": 6.0, ""window"": 120.0}",cooldown,
2026-04-27,UZS,dip_vs_trend,"dip_vs_trend(pct=0.1,rearm=5,span=40,window=120)",BUY_NOW,down,0.75,medium,10,0.00619633,"{""span"": 40, ""window"": 120, ""pct"": 0.1, ""rearm"": 5, ""_feasible"": null, ""_n_feasible"": 0, ""_fixed"": true}","{""dev_pct"": -4.457316081262464, ""pct_rank"": 0.025, ""window"": 120.0, ""span"": 40.0}",muted,
2026-04-28,UZS,level,"level(pct=0.1,rearm=5,stall_days=0,window=120)",BUY_NOW,down,0.5833333333333334,medium,10,0.00620945,"{""window"": 120, ""pct"": 0.1, ""stall_days"": 0, ""rearm"": 5, ""_feasible"": null, ""_n_feasible"": 0, ""_fixed"": true}","{""pct_rank"": 0.041666666666666664, ""window"": 120.0, ""days_since_min"": 9.0}",sent,BUY_NOW
2026-05-06,UZS,level,"level(pct=0.1,rearm=5,stall_days=0,window=120)",BUY_NOW,down,0.2500000000000001,medium,10,0.00623015,"{""window"": 120, ""pct"": 0.1, ""stall_days"": 0, ""rearm"": 5, ""_feasible"": null, ""_n_feasible"": 0, ""_fixed"": true}","{""pct_rank"": 0.075, ""window"": 120.0, ""days_since_min"": 14.0}",sent,BUY_NOW
2026-05-07,UZS,dip_vs_trend,"dip_vs_trend(pct=0.1,rearm=5,span=40,window=120)",BUY_NOW,down,0.75,medium,10,0.0061594,"{""span"": 40, ""window"": 120, ""pct"": 0.1, ""rearm"": 5, ""_feasible"": null, ""_n_feasible"": 0, ""_fixed"": true}","{""dev_pct"": -4.543649595195054, ""pct_rank"": 0.025, ""window"": 120.0, ""span"": 40.0}",muted,
2026-05-07,UZS,ml_localmin,"ml_localmin(fp_cost=3.0,gate_pct=0.2,gate_window=120,h=10,min_pos_rate=0.25,rearm=5,seed=0,tol_bps=10.0)",BUY_NOW,down,0.23706470855716602,medium,10,0.0061594,"{""threshold"": 0.0406, ""_fitted"": true}","{""proba"": 0.23706470855716602, ""pct_rank"": 0.008333333333333333, ""window"": 120.0}",cooldown,
2026-05-08,UZS,momentum,"momentum(n=4,rearm=3)",BUY_NOW,down,0.5,fast,10,0.00611898,"{""n"": 4, ""rearm"": 3, ""_feasible"": null, ""_n_feasible"": 0, ""_fixed"": true}","{""streak"": 4.0, ""drop_pct"": -2.718300275359453}",muted,
2026-05-14,UZS,level,"level(pct=0.1,rearm=5,stall_days=0,window=120)",BUY_NOW,down,0.75,medium,10,0.00610742,"{""window"": 120, ""pct"": 0.1, ""stall_days"": 0, ""rearm"": 5, ""_feasible"": null, ""_n_feasible"": 0, ""_fixed"": true}","{""pct_rank"": 0.025, ""window"": 120.0, ""days_since_min"": 1.0}",thinned,
2026-05-14,UZS,reversal,"reversal(max_days_since_min=10,rearm=5,rise_bps=50,window=120)",WINDOW_CLOSING,up,0.5391239359504363,slow,10,0.00610742,"{""window"": 120, ""rise_bps"": 50, ""max_days_since_min"": 10, ""rearm"": 5, ""_feasible"": null, ""_n_feasible"": 0, ""_fixed"": true}","{""rise_pct"": 0.5391239359504363, ""min_rate"": 0.00607467, ""days_since_min"": 1.0, ""window"": 120.0}",sent,WINDOW_CLOSING
2026-05-15,UZS,dip_vs_trend,"dip_vs_trend(pct=0.1,rearm=5,span=40,window=120)",BUY_NOW,down,0.08333333333333348,medium,10,0.00610092,"{""span"": 40, ""window"": 120, ""pct"": 0.1, ""rearm"": 5, ""_feasible"": null, ""_n_feasible"": 0, ""_fixed"": true}","{""dev_pct"": -4.346201989965315, ""pct_rank"": 0.09166666666666666, ""window"": 120.0, ""span"": 40.0}",muted,
2026-05-15,UZS,ml_localmin,"ml_localmin(fp_cost=3.0,gate_pct=0.2,gate_window=120,h=10,min_pos_rate=0.25,rearm=5,seed=0,tol_bps=10.0)",BUY_NOW,down,0.06140431257483181,medium,10,0.00610092,"{""threshold"": 0.0406, ""_fitted"": true}","{""proba"": 0.06140431257483181, ""pct_rank"": 0.025, ""window"": 120.0}",cooldown,
2026-05-20,UZS,momentum,"momentum(n=4,rearm=3)",BUY_NOW,down,0.5,fast,10,0.00587528,"{""n"": 4, ""rearm"": 3, ""_feasible"": null, ""_n_feasible"": 0, ""_fixed"": true}","{""streak"": 4.0, ""drop_pct"": -3.8009503194474825}",muted,
2026-05-21,UZS,level,"level(pct=0.1,rearm=5,stall_days=0,window=120)",BUY_NOW,down,0.8333333333333334,medium,10,0.00588877,"{""window"": 120, ""pct"": 0.1, ""stall_days"": 0, ""rearm"": 5, ""_feasible"": null, ""_n_feasible"": 0, ""_fixed"": true}","{""pct_rank"": 0.016666666666666666, ""window"": 120.0, ""days_since_min"": 1.0}",sent,BUY_NOW
2026-05-22,UZS,dip_vs_trend,"dip_vs_trend(pct=0.1,rearm=5,span=40,window=120)",BUY_NOW,down,0.41666666666666674,medium,10,0.00594417,"{""span"": 40, ""window"": 120, ""pct"": 0.1, ""rearm"": 5, ""_feasible"": null, ""_n_feasible"": 0, ""_fixed"": true}","{""dev_pct"": -5.246785293427281, ""pct_rank"": 0.058333333333333334, ""window"": 120.0, ""span"": 40.0}",muted,
2026-05-22,UZS,reversal,"reversal(max_days_since_min=10,rearm=5,rise_bps=50,window=120)",WINDOW_CLOSING,up,1.0,slow,10,0.00594417,"{""window"": 120, ""rise_bps"": 50, ""max_days_since_min"": 10, ""rearm"": 5, ""_feasible"": null, ""_n_feasible"": 0, ""_fixed"": true}","{""rise_pct"": 1.1725398619299998, ""min_rate"": 0.00587528, ""days_since_min"": 2.0, ""window"": 120.0}",cooldown,
2026-05-28,UZS,level,"level(pct=0.1,rearm=5,stall_days=0,window=120)",BUY_NOW,down,0.5,medium,10,0.00594666,"{""window"": 120, ""pct"": 0.1, ""stall_days"": 0, ""rearm"": 5, ""_feasible"": null, ""_n_feasible"": 0, ""_fixed"": true}","{""pct_rank"": 0.05, ""window"": 120.0, ""days_since_min"": 6.0}",sent,BUY_NOW
2026-05-29,UZS,reversal,"reversal(max_days_since_min=10,rearm=5,rise_bps=50,window=120)",WINDOW_CLOSING,up,0.7199656867417525,slow,10,0.00591758,"{""window"": 120, ""rise_bps"": 50, ""max_days_since_min"": 10, ""rearm"": 5, ""_feasible"": null, ""_n_feasible"": 0, ""_fixed"": true}","{""rise_pct"": 0.7199656867417525, ""min_rate"": 0.00587528, ""days_since_min"": 7.0, ""window"": 120.0}",cooldown,
2026-06-09,UZS,level,"level(pct=0.1,rearm=5,stall_days=0,window=120)",BUY_NOW,down,0.33333333333333337,medium,10,0.00596016,"{""window"": 120, ""pct"": 0.1, ""stall_days"": 0, ""rearm"": 5, ""_feasible"": null, ""_n_feasible"": 0, ""_fixed"": true}","{""pct_rank"": 0.06666666666666667, ""window"": 120.0, ""days_since_min"": 14.0}",sent,BUY_NOW
