corridor,family,persona,strategy,label,windows,months,benefit_vs_habit_bps,benefit_vs_habit_ci_lo,benefit_vs_habit_ci_hi,benefit_vs_random_bps,benefit_vs_random_ci_lo,benefit_vs_random_ci_hi,oracle_share,share_shifted,benefit_when_shifted_bps,benefit_when_shifted_ci_lo,benefit_when_shifted_ci_hi,regret_share,not_worse_share,mean_day,rub_per_transfer
AMD,wait,s05_k05,habit,привычка: первый день окна,66,66,0.0,0.0,0.0,15.531459721313299,-20.950608083732565,57.408327629586495,0.10858006915508245,0.0,,,,0.0,1.0,0.0,0.0
AMD,wait,s05_k05,deadline,ждать до срока,66,66,-10.83232717100518,-73.01739312170507,46.005649552005096,1.194196691591015,-35.7937470841857,36.92868986853863,0.008348600948292506,1.0,-10.83232717100518,-73.01739312170507,46.005649552005096,0.4090909090909091,0.5909090909090909,5.0,-32.49698151301554
AMD,wait,s05_k05,random,случайный день окна,66,66,-12.847457652285907,-54.27305550986083,23.10262597006989,0.0,0.0,0.0,0.0,,,,,0.36363636363636365,0.6363636363636364,,-38.54237295685772
AMD,wait,s05_k05,calendar25,"календарь: первый день с 25-го, иначе срок",66,66,-10.83232717100518,-73.01739312170507,46.005649552005096,1.194196691591015,-35.7937470841857,36.92868986853863,0.008348600948292506,0.0,,,,0.4090909090909091,0.5909090909090909,5.0,-32.49698151301554
AMD,wait,s05_k05,screen,"экран: первый день с фактом уровня, иначе срок",66,66,-39.41628337877895,-92.39082165573005,8.5700949916575,-26.441761401257054,-60.02675793544557,8.433086013677391,-0.18485373126846782,0.10606060606060606,181.0148653702431,103.93942700865585,269.98230119710604,0.36363636363636365,0.6363636363636364,3.696969696969697,-118.24885013633684
AMD,wait,s05_k05,push,"первый пуш потока, иначе срок",66,66,-6.721691462163861,-66.06692760204352,50.135571605347245,5.443607252454345,-28.169900618907896,40.34312838086828,0.03805613010820222,0.2878787878787879,148.7300302422502,72.45585737060514,252.38583595962302,0.3333333333333333,0.6666666666666666,3.893939393939394,-20.165074386491582
AMD,wait,s05_k05,push_or_calendar,"первый пуш, иначе календарь, иначе срок",66,66,-6.721691462163861,-66.06692760204352,50.135571605347245,5.443607252454345,-28.169900618907896,40.34312838086828,0.03805613010820222,0.2878787878787879,148.7300302422502,72.45585737060514,252.38583595962302,0.3333333333333333,0.6666666666666666,3.893939393939394,-20.165074386491582
AMD,wait,s05_k05,oracle,оракул: лучший день окна,66,66,129.25627074408933,91.82294505307607,171.57527511285033,143.04153462206833,114.93657388803841,176.82441234001817,1.0,0.7878787878787878,164.05603594442104,121.39610007794289,213.07602350155327,0.0,1.0,2.757575757575758,387.76881223226803
AMD,wait,s05_k10,habit,привычка: первый день окна,66,66,0.0,0.0,0.0,-0.5611757710268576,-46.237215722941386,52.18346013320719,-0.0023996633321688612,0.0,,,,0.0,1.0,0.0,0.0
AMD,wait,s05_k10,deadline,ждать до срока,66,66,43.43135189304153,-49.99240795773812,133.1421132470821,36.27168505520748,-18.588699026545136,95.7356200276963,0.15510262045649328,1.0,43.43135189304153,-49.99240795773812,133.1421132470821,0.5,0.5,10.0,130.2940556791246
AMD,wait,s05_k10,random,случайный день окна,66,66,4.720895701619844,-47.56121237327641,50.171907590432276,0.0,0.0,0.0,0.0,,,,,0.4393939393939394,0.5606060606060606,,14.16268710485953
AMD,wait,s05_k10,calendar25,"календарь: первый день с 25-го, иначе срок",66,66,43.43135189304153,-49.99240795773812,133.1421132470821,36.27168505520748,-18.588699026545136,95.7356200276963,0.15510262045649328,0.030303030303030304,107.12615261959989,-89.394244594323,303.6465498335228,0.5,0.5,10.0,130.2940556791246
AMD,wait,s05_k10,screen,"экран: первый день с фактом уровня, иначе срок",66,66,-23.266156134271274,-86.23828185637939,38.46185069863734,-27.175666653090083,-74.06582845412684,23.717199189311696,-0.11620681818699426,0.13636363636363635,283.8280212499641,147.5271555854713,441.82836393802063,0.4090909090909091,0.5909090909090909,7.0,-69.79846840281382
AMD,wait,s05_k10,push,"первый пуш потока, иначе срок",66,66,11.73210481437366,-57.613609219094215,78.3866600514861,6.495821941934225,-34.074888797427825,49.092023314419265,0.02777701128798639,0.4090909090909091,146.81159523180244,72.84644426415181,229.59309099066215,0.3484848484848485,0.6515151515151515,6.621212121212121,35.196314443120976
AMD,wait,s05_k10,push_or_calendar,"первый пуш, иначе календарь, иначе срок",66,66,11.73210481437366,-57.613609219094215,78.3866600514861,6.495821941934225,-34.074888797427825,49.092023314419265,0.02777701128798639,0.4090909090909091,146.81159523180244,72.84644426415181,229.59309099066215,0.3484848484848485,0.6515151515151515,6.621212121212121,35.196314443120976
AMD,wait,s05_k10,oracle,оракул: лучший день окна,66,66,239.01950885194628,171.12387143607722,311.3469795152852,233.856042847334,191.40089985409435,281.03046904874986,1.0,0.803030303030303,297.6469355514802,223.79916603807922,379.7130830195892,0.0,1.0,4.636363636363637,717.0585265558389
AMD,wait,s05_k15,habit,привычка: первый день окна,66,66,0.0,0.0,0.0,-1.0525292683561116,-57.486327393791434,61.32903739969008,-0.00349674902982467,0.0,,,,0.0,1.0,0.0,0.0
AMD,wait,s05_k15,deadline,ждать до срока,66,66,33.58151507191379,-90.11040087141545,154.66711414836976,22.543972574669066,-55.38606697278658,111.82180088533761,0.07489636307405426,1.0,33.58151507191379,-90.11040087141545,154.66711414836976,0.42424242424242425,0.5757575757575758,15.0,100.74454521574138
AMD,wait,s05_k15,random,случайный день окна,66,66,7.3342068267758345,-54.30498010246774,64.51942023619823,0.0,0.0,0.0,0.0,,,,,0.4696969696969697,0.5303030303030303,,22.002620480327504
AMD,wait,s05_k15,calendar25,"календарь: первый день с 25-го, иначе срок",66,66,62.793126212241866,-50.15280084405058,176.8640132461974,51.22754893922855,-8.495939220750866,118.4359455313665,0.17018992957157048,1.0,62.793126212241866,-50.15280084405058,176.8640132461974,0.4090909090909091,0.5909090909090909,13.545454545454545,188.3793786367256
AMD,wait,s05_k15,screen,"экран: первый день с фактом уровня, иначе срок",66,66,12.645634432821664,-97.13179379057942,120.64838266552003,4.897633733522204,-80.27419209381134,94.52592812120749,0.016271087675194244,0.16666666666666666,250.679516866674,140.36917175581368,391.39622478288305,0.30303030303030304,0.696969696969697,10.106060606060606,37.93690329846499
AMD,wait,s05_k15,push,"первый пуш потока, иначе срок",66,66,40.6160815539145,-50.01470587122404,134.95154087976496,33.889612609719556,-30.99822055853467,114.80985189474423,0.11258923963155429,0.5757575757575758,140.53324693085096,28.855502643981122,270.5907850764019,0.3181818181818182,0.6818181818181818,8.666666666666666,121.84824466174351
AMD,wait,s05_k15,push_or_calendar,"первый пуш, иначе календарь, иначе срок",66,66,43.99115398831834,-44.486425600961326,139.19806576171808,37.303165188105986,-25.430660602946272,119.11965415936206,0.12392986171740941,0.8939393939393939,49.210443444559495,-44.99683518993464,160.39753998516412,0.3181818181818182,0.6818181818181818,8.196969696969697,131.97346196495502
AMD,wait,s05_k15,oracle,оракул: лучший день окна,66,66,308.68390828615657,222.54685844028091,409.47806653755333,301.00223361151154,241.0433883892527,379.11337517459623,1.0,0.8484848484848485,363.8060347658274,266.6197736591578,478.3035434505014,0.0,1.0,6.4393939393939394,926.0517248584697
AMD,wait,s10_k05,habit,привычка: первый день окна,66,66,0.0,0.0,0.0,-30.298962971834644,-67.65536489740705,7.635751869692655,-0.24446711831731102,0.0,,,,0.0,1.0,0.0,0.0
AMD,wait,s10_k05,deadline,ждать до срока,66,66,54.009664429423026,-14.264260003544898,122.41244044553831,19.740619322249216,-15.221878260977496,53.443399281646414,0.159277145029531,1.0,54.009664429423026,-14.264260003544898,122.41244044553831,0.3484848484848485,0.6515151515151515,5.0,162.02899328826908
AMD,wait,s10_k05,random,случайный день окна,66,66,32.73899449400798,-5.202364052996245,71.1845273666118,0.0,0.0,0.0,0.0,,,,,0.30303030303030304,0.696969696969697,,98.21698348202395
AMD,wait,s10_k05,calendar25,"календарь: первый день с 25-го, иначе срок",66,66,54.009664429423026,-14.264260003544898,122.41244044553831,19.740619322249216,-15.221878260977496,53.443399281646414,0.159277145029531,0.0,,,,0.3484848484848485,0.6515151515151515,5.0,162.02899328826908
AMD,wait,s10_k05,screen,"экран: первый день с фактом уровня, иначе срок",66,66,16.98994625279509,-38.056816128877394,73.49563926532149,-16.067770656048808,-50.79281290262967,17.546822458219754,-0.12964277337541674,0.07575757575757576,303.1813126683454,89.53479565717304,642.8144329753329,0.2878787878787879,0.7121212121212122,3.5454545454545454,50.96983875838527
AMD,wait,s10_k05,push,"первый пуш потока, иначе срок",66,66,38.79099843778879,-16.907125974917612,93.36302186702846,5.389203634475985,-24.131131661262582,35.99238231026865,0.04348277806637248,0.3484848484848485,135.6504276089585,70.94936247450352,208.0145384178598,0.30303030303030304,0.696969696969697,3.8333333333333335,116.37299531336636
AMD,wait,s10_k05,push_or_calendar,"первый пуш, иначе календарь, иначе срок",66,66,38.79099843778879,-16.907125974917612,93.36302186702846,5.389203634475985,-24.131131661262582,35.99238231026865,0.04348277806637248,0.3484848484848485,135.6504276089585,70.94936247450352,208.0145384178598,0.30303030303030304,0.696969696969697,3.8333333333333335,116.37299531336636
AMD,wait,s10_k05,oracle,оракул: лучший день окна,66,66,157.44263759914926,110.17637871352015,213.56229047621133,123.93880690534215,102.76504778098959,148.4426473468819,1.0,0.803030303030303,196.0606430479972,143.58586782641927,250.8947397366863,0.0,1.0,2.712121212121212,472.3279127974478
AMD,wait,s10_k10,habit,привычка: первый день окна,66,66,0.0,0.0,0.0,-40.85538383337079,-102.37394402611044,17.80999129781122,-0.18269027498475637,0.0,,,,0.0,1.0,0.0,0.0
AMD,wait,s10_k10,deadline,ждать до срока,66,66,87.47411132091553,-21.67741646712493,208.92584728069616,35.91853868681081,-22.31784268059114,100.71084921485424,0.16061451622892953,1.0,87.47411132091553,-21.67741646712493,208.92584728069616,0.3787878787878788,0.6212121212121212,10.0,262.42233396274656
AMD,wait,s10_k10,random,случайный день окна,66,66,47.175741960546844,-12.73128121161866,111.60321469552164,0.0,0.0,0.0,0.0,,,,,0.3787878787878788,0.6212121212121212,,141.52722588164053
AMD,wait,s10_k10,calendar25,"календарь: первый день с 25-го, иначе срок",66,66,86.56306362315462,-21.977141869306728,208.60656133641413,34.95930536364825,-23.276386981332912,99.6161982267465,0.15632517702463178,0.4696969696969697,33.98908999191314,-138.97244481204672,218.67247599765213,0.3787878787878788,0.6212121212121212,9.924242424242424,259.68919086946386
AMD,wait,s10_k10,screen,"экран: первый день с фактом уровня, иначе срок",66,66,48.62827618647118,-46.42866950283033,148.762560606303,0.3728424176142231,-60.20057824240523,62.77361000243212,0.0016672143891177332,0.12121212121212122,301.02578151350923,86.45330819779886,549.6379251480622,0.2727272727272727,0.7272727272727273,6.787878787878788,145.88482855941353
AMD,wait,s10_k10,push,"первый пуш потока, иначе срок",66,66,58.70653070072986,-18.70320782214494,140.87733855724449,11.237459516298584,-33.56189941196696,63.263136154463446,0.05024979272097257,0.5454545454545454,95.75542381416955,42.72789659913606,153.93654167826676,0.30303030303030304,0.696969696969697,6.424242424242424,176.11959210218956
AMD,wait,s10_k10,push_or_calendar,"первый пуш, иначе календарь, иначе срок",66,66,56.61612410749065,-22.067649954902382,139.39934424395415,9.103271738116876,-35.69311005529655,62.24805054139459,0.040706488620457545,0.7272727272727273,20.83546662144023,-51.78402261105638,87.2151512855707,0.30303030303030304,0.696969696969697,6.393939393939394,169.84837232247196
AMD,wait,s10_k10,oracle,оракул: лучший день окна,66,66,273.72843332844025,186.1320373491171,375.02599805396966,223.63195762215446,181.61743067659035,274.8285550593112,1.0,0.8484848484848485,322.60851070851885,225.08228683413338,430.93144396971604,0.0,1.0,4.848484848484849,821.1852999853207
AMD,wait,s10_k15,habit,привычка: первый день окна,65,65,0.0,0.0,0.0,-30.22006644062872,-108.23728629112699,51.907632905697625,-0.10180431345502657,0.0,,,,0.0,1.0,0.0,0.0
AMD,wait,s10_k15,deadline,ждать до срока,65,65,19.967772949694048,-130.21249538275777,183.87399053998251,-29.6251493013825,-115.1147796834822,61.90912389184772,-0.09980017719534699,1.0,19.967772949694048,-130.21249538275777,183.87399053998251,0.4153846153846154,0.5846153846153846,15.0,59.90331884908214
AMD,wait,s10_k15,random,случайный день окна,65,65,41.428894762020974,-40.454060679641536,122.5337150894716,0.0,0.0,0.0,0.0,,,,,0.35384615384615387,0.6461538461538462,,124.28668428606291
AMD,wait,s10_k15,calendar25,"календарь: первый день с 25-го, иначе срок",65,65,107.43037329238331,-4.852533934773535,226.38284954298746,62.043544801364575,19.837584445695473,108.11823871580178,0.20901014546835306,1.0,107.43037329238331,-4.852533934773535,226.38284954298746,0.35384615384615387,0.6461538461538462,10.461538461538462,322.2911198771499
AMD,wait,s10_k15,screen,"экран: первый день с фактом уровня, иначе срок",65,65,37.79888505575937,-109.04873115852442,199.96353323517292,-10.686999177689708,-98.18720447511846,83.83100783710067,-0.03600199279232621,0.13846153846153847,310.6183432060202,120.5654464462473,535.2241063088393,0.27692307692307694,0.7230769230769231,10.046153846153846,113.39665516727811
AMD,wait,s10_k15,push,"первый пуш потока, иначе срок",65,65,66.20588628637975,-38.08778231611086,194.14331291163037,24.245852823049063,-42.23250084475148,103.65788168698236,0.08167858947734248,0.5692307692307692,198.5890229446038,76.10524968492105,386.51208179468017,0.27692307692307694,0.7230769230769231,8.323076923076924,198.61765885913925
AMD,wait,s10_k15,push_or_calendar,"первый пуш, иначе календарь, иначе срок",65,65,82.68722756436475,-15.24963628944506,205.36145504940566,41.32681142330833,-19.281939634314323,117.0278058558944,0.13922033138149922,0.9384615384615385,88.10934084727391,-9.172877048271717,224.9852254395115,0.3076923076923077,0.6923076923076923,6.630769230769231,248.06168269309424
AMD,wait,s10_k15,oracle,оракул: лучший день окна,65,65,341.89409176845544,227.22918894375445,481.39311536994643,296.8446563315693,230.4547197259258,377.8521257705248,1.0,0.8923076923076924,383.15717180947587,258.7925508382516,543.2544915363919,0.0,1.0,6.907692307692308,1025.6822753053664
AMD,wait,s15_k05,habit,привычка: первый день окна,66,66,0.0,0.0,0.0,-5.109406140053282,-38.26728715336844,30.132358067701247,-0.039158726539969005,0.0,,,,0.0,1.0,0.0,0.0
AMD,wait,s15_k05,deadline,ждать до срока,66,66,12.877130230025791,-54.8985666559488,79.09983460846465,4.305161401826689,-33.76000526705494,42.920472722906986,0.032994957422351805,1.0,12.877130230025791,-54.8985666559488,79.09983460846465,0.4393939393939394,0.5606060606060606,5.0,38.631390690077374
AMD,wait,s15_k05,random,случайный день окна,66,66,7.049619801098558,-28.08050684585522,40.439135428431335,0.0,0.0,0.0,0.0,,,,,0.4696969696969697,0.5303030303030303,,21.148859403295674
AMD,wait,s15_k05,calendar25,"календарь: первый день с 25-го, иначе срок",66,66,12.877130230025791,-54.8985666559488,79.09983460846465,4.305161401826689,-33.76000526705494,42.920472722906986,0.032994957422351805,0.0,,,,0.4393939393939394,0.5606060606060606,5.0,38.631390690077374
AMD,wait,s15_k05,screen,"экран: первый день с фактом уровня, иначе срок",66,66,6.917333516316251,-54.19328893651796,66.07196418494426,-1.1058781819400127,-39.12853651063438,35.41114051407253,-0.008475501873619985,0.045454545454545456,380.35976061888465,104.42806229556068,771.6762054354521,0.3333333333333333,0.6666666666666666,3.393939393939394,20.752000548948754
AMD,wait,s15_k05,push,"первый пуш потока, иначе срок",66,66,-1.5288900196369464,-57.82078446435259,47.9853671909296,-9.1956090303157,-45.647389879681015,21.397193749014825,-0.0704755757354703,0.3787878787878788,86.95054960045576,29.6502209383449,153.63140831020934,0.3939393939393939,0.6060606060606061,4.03030303030303,-4.586670058910839
AMD,wait,s15_k05,push_or_calendar,"первый пуш, иначе календарь, иначе срок",66,66,-1.5288900196369464,-57.82078446435259,47.9853671909296,-9.1956090303157,-45.647389879681015,21.397193749014825,-0.0704755757354703,0.3787878787878788,86.95054960045576,29.6502209383449,153.63140831020934,0.3939393939393939,0.6060606060606061,4.03030303030303,-4.586670058910839
AMD,wait,s15_k05,oracle,оракул: лучший день окна,66,66,138.0695206252053,91.10467480684262,191.61384551145352,130.47937436980112,102.7856596664028,161.08188012014716,1.0,0.6666666666666666,207.104280937808,142.53143848497038,280.53822819413836,0.0,1.0,2.227272727272727,414.20856187561594
AMD,wait,s15_k10,habit,привычка: первый день окна,66,66,0.0,0.0,0.0,8.930139799441742,-43.620625316008294,65.48578130278968,0.03972212178179219,0.0,,,,0.0,1.0,0.0,0.0
AMD,wait,s15_k10,deadline,ждать до срока,66,66,-35.02829294169186,-163.10639692417132,96.67489397293109,-37.793451580721396,-119.19096183521569,45.466913367806136,-0.168108912061772,1.0,-35.02829294169186,-163.10639692417132,96.67489397293109,0.5,0.5,10.0,-105.08487882507558
AMD,wait,s15_k10,random,случайный день окна,66,66,-3.4375961189900677,-59.06187593943865,51.0532540720336,0.0,0.0,0.0,0.0,,,,,0.5151515151515151,0.48484848484848486,,-10.312788356970204
AMD,wait,s15_k10,calendar25,"календарь: первый день с 25-го, иначе срок",66,66,41.63573366911505,-39.11098342779822,133.15909353009536,42.8807924476392,7.4665310051657885,85.15801435259237,0.19073789413815898,1.0,41.63573366911505,-39.11098342779822,133.15909353009536,0.45454545454545453,0.5454545454545454,7.0606060606060606,124.90720100734515
AMD,wait,s15_k10,screen,"экран: первый день с фактом уровня, иначе срок",66,66,11.101215220007479,-110.94573011946206,132.06020859617746,9.43678924573894,-70.03921716230806,88.82538578531766,0.04197574730820926,0.10606060606060606,259.1374249997301,110.63536428654558,456.4014469615625,0.3181818181818182,0.6818181818181818,6.545454545454546,33.30364566002244
AMD,wait,s15_k10,push,"первый пуш потока, иначе срок",66,66,19.470985493414613,-66.24267417923889,123.29440900024365,22.092127843002665,-42.91836128018628,97.0277209237223,0.09826791207160417,0.5454545454545454,118.27911765943175,1.8313355030053298,280.23696824876663,0.3484848484848485,0.6515151515151515,6.363636363636363,58.41295648024384
AMD,wait,s15_k10,push_or_calendar,"первый пуш, иначе календарь, иначе срок",66,66,37.50770152027348,-43.254447539798576,141.32226038649821,40.69634366429959,-20.807062751285827,114.42068166799926,0.1810212555919933,0.9393939393939394,39.92755323125887,-42.0849579807134,148.20086653881324,0.4090909090909091,0.5909090909090909,5.212121212121212,112.52310456082043
AMD,wait,s15_k10,oracle,оракул: лучший день окна,66,66,222.17016731042676,141.57194088183888,329.2201199227731,224.8152766989183,168.78211235653495,293.18393650769656,1.0,0.7121212121212122,311.9836392018759,204.09217756800504,448.65845095194123,0.0,1.0,3.9545454545454546,666.5105019312803
AMD,wait,s15_k15,habit,привычка: первый день окна,65,65,0.0,0.0,0.0,25.599616598004268,-52.07845569866847,108.23135307309495,0.08036790371766529,0.0,,,,0.0,1.0,0.0,0.0
AMD,wait,s15_k15,deadline,ждать до срока,65,65,-53.78784900485207,-209.37750115888053,114.68316868677933,-49.94948085915801,-151.91931560713851,48.03613299819948,-0.15681231213240637,1.0,-53.78784900485207,-209.37750115888053,114.68316868677933,0.5076923076923077,0.49230769230769234,15.0,-161.36354701455622
AMD,wait,s15_k15,random,случайный день окна,65,65,-13.79065450250554,-92.17157839486049,64.03109431310934,0.0,0.0,0.0,0.0,,,,,0.49230769230769234,0.5076923076923077,,-41.37196350751662
AMD,wait,s15_k15,calendar25,"календарь: первый день с 25-го, иначе срок",65,65,48.671808198469286,-34.42617598528356,135.06203337977513,63.91092460425446,23.086834240470942,110.53686587832246,0.20064312351858107,1.0,48.671808198469286,-34.42617598528356,135.06203337977513,0.4461538461538462,0.5538461538461539,7.046153846153846,146.01542459540786
AMD,wait,s15_k15,screen,"экран: первый день с фактом уровня, иначе срок",65,65,19.947691169063408,-127.20022933898844,173.49631364221273,25.422544340625254,-62.070909892024375,110.33266369783883,0.0798119998400574,0.13846153846153847,392.833427814722,123.3561203136347,761.5973989279627,0.2923076923076923,0.7076923076923077,9.676923076923076,59.843073507190226
AMD,wait,s15_k15,push,"первый пуш потока, иначе срок",65,65,42.8520530996059,-51.327714366475526,156.83228330319383,60.73968651525182,-24.455550463699122,152.70993420983112,0.1906872807649585,0.5692307692307692,142.34171862105686,25.997585782326603,312.6714533037651,0.3230769230769231,0.676923076923077,8.307692307692308,128.55615929881768
AMD,wait,s15_k15,push_or_calendar,"первый пуш, иначе календарь, иначе срок",65,65,56.150482485023,-25.45642147988151,163.78513156196445,74.19792940683084,-1.409905226000714,156.86829505866595,0.23293833420470794,0.9384615384615385,59.83248133649992,-29.690713334465553,169.96850436238785,0.38461538461538464,0.6153846153846154,5.415384615384616,168.45144745506897
AMD,wait,s15_k15,oracle,оракул: лучший день окна,65,65,303.3601034497876,201.41894456500523,432.05200770161883,318.5303512200149,245.543520338267,403.63979514982486,1.0,0.7846153846153846,386.63542596541555,265.55482493044525,537.4209815457466,0.0,1.0,6.676923076923077,910.0803103493628
AMD,wait,s20_k05,habit,привычка: первый день окна,66,66,0.0,0.0,0.0,15.222268279310468,-31.72814038109854,67.09170971756197,0.11095377961839123,0.0,,,,0.0,1.0,0.0,0.0
AMD,wait,s20_k05,deadline,ждать до срока,66,66,-37.506188146898275,-127.1129196022608,45.097252538805364,-29.377706629008234,-79.3701905582659,16.507915670351714,-0.2141315293620867,1.0,-37.506188146898275,-127.1129196022608,45.097252538805364,0.45454545454545453,0.5454545454545454,5.0,-112.51856444069483
AMD,wait,s20_k05,random,случайный день окна,66,66,-11.116101236366156,-59.639122996456315,34.67997239493792,0.0,0.0,0.0,0.0,,,,,0.4090909090909091,0.5909090909090909,,-33.34830370909847
AMD,wait,s20_k05,calendar25,"календарь: первый день с 25-го, иначе срок",66,66,28.617666771011173,-28.906985342347543,89.83398803472186,39.36037099644536,14.21239505161693,68.13160623929392,0.2868942951934059,1.0,28.617666771011173,-28.906985342347543,89.83398803472186,0.3939393939393939,0.6060606060606061,3.4696969696969697,85.85300031303352
AMD,wait,s20_k05,screen,"экран: первый день с фактом уровня, иначе срок",66,66,3.6474651550828256,-67.6405481609633,69.57018334756334,13.723859270632408,-25.18597560842607,56.82768817600318,0.10003200765402218,0.045454545454545456,106.72962217820178,59.27571650744312,166.77002723326285,0.30303030303030304,0.696969696969697,3.409090909090909,10.942395465248476
AMD,wait,s20_k05,push,"первый пуш потока, иначе срок",66,66,7.714199841329659,-62.49757879270854,73.06107293244803,17.755763972676267,-18.609649777820675,57.28254357282976,0.12942020772673787,0.42424242424242425,60.792685626541015,14.40856015612328,110.3548384050557,0.3333333333333333,0.6666666666666666,3.409090909090909,23.142599523988977
AMD,wait,s20_k05,push_or_calendar,"первый пуш, иначе календарь, иначе срок",66,66,24.969970710579126,-25.494971877083323,79.22191352610895,36.4145033105768,9.785778353237546,67.3394247056493,0.2654221237662967,0.8939393939393939,27.932509608444448,-31.837301801312737,91.97657378795472,0.3333333333333333,0.6666666666666666,2.696969696969697,74.90991213173737
AMD,wait,s20_k05,oracle,оракул: лучший день окна,66,66,124.10055105231653,83.97490754181129,171.35878605530232,137.19467990784236,100.37177426845857,179.9526324201746,1.0,0.7272727272727273,170.63825769693523,121.14116932422564,233.21872409251316,0.0,1.0,2.227272727272727,372.3016531569496
AMD,wait,s20_k10,habit,привычка: первый день окна,65,65,0.0,0.0,0.0,37.754936474494926,-39.64964162227573,133.18050461694546,0.14868182644597067,0.0,,,,0.0,1.0,0.0,0.0
AMD,wait,s20_k10,deadline,ждать до срока,65,65,-43.55205994855514,-185.31684099121787,95.35110050834598,-26.278123449244912,-96.70329969099637,48.06337719667636,-0.10348525927585187,1.0,-43.55205994855514,-185.31684099121787,95.35110050834598,0.5692307692307692,0.4307692307692308,10.0,-130.6561798456654
AMD,wait,s20_k10,random,случайный день окна,65,65,-25.22688662937987,-108.66931707979887,49.77282220552338,0.0,0.0,0.0,0.0,,,,,0.47692307692307695,0.5230769230769231,,-75.68065988813962
AMD,wait,s20_k10,calendar25,"календарь: первый день с 25-го, иначе срок",65,65,32.783792427724556,-27.332756523608925,91.10068664880181,63.150707205276575,19.067734052156958,115.4253763054473,0.24869231325493438,1.0,32.783792427724556,-27.332756523608925,91.10068664880181,0.38461538461538464,0.6153846153846154,3.476923076923077,98.35137728317366
AMD,wait,s20_k10,screen,"экран: первый день с фактом уровня, иначе срок",65,65,15.906817457431352,-116.11668229542691,140.61360526931983,36.34618871393261,-35.548316292066616,109.60847502118439,0.14313407005698633,0.07692307692307693,392.4187131097985,94.72154116718956,831.9452171309516,0.3384615384615385,0.6615384615384615,6.630769230769231,47.720452372294055
AMD,wait,s20_k10,push,"первый пуш потока, иначе срок",65,65,6.796338959212744,-115.60632863565316,120.1575282216284,28.327412121931303,-37.062466507467896,94.71334599379233,0.11155551475028191,0.5230769230769231,139.07636210436135,34.271652750441916,282.24196271830283,0.38461538461538464,0.6153846153846154,5.630769230769231,20.389016877638234
AMD,wait,s20_k10,push_or_calendar,"первый пуш, иначе календарь, иначе срок",65,65,62.53032130755137,-6.747751631178322,148.30429268878424,91.7340567889634,38.528544100316736,152.8297188686932,0.36125572929768607,0.9076923076923077,68.88933703374303,-10.54743141249507,164.7967642632048,0.3230769230769231,0.676923076923077,3.1076923076923078,187.5909639226541
AMD,wait,s20_k10,oracle,оракул: лучший день окна,65,65,223.39636042766452,142.8744317315317,324.0863780628068,253.9310780407628,184.85586971931298,338.58737085043344,1.0,0.8153846153846154,273.97666844902255,180.88409612950332,390.1371344951539,0.0,1.0,4.507692307692308,670.1890812829936
AMD,wait,s20_k15,habit,привычка: первый день окна,65,65,0.0,0.0,0.0,61.048514103988566,-38.23446627111744,175.32801809327543,0.18638377821372135,0.0,,,,0.0,1.0,0.0,0.0
AMD,wait,s20_k15,deadline,ждать до срока,65,65,-84.05593683835771,-236.09594941223736,78.01595184018811,-50.89735929911044,-122.43026293757444,21.21050512800584,-0.15539185951537676,1.0,-84.05593683835771,-236.09594941223736,78.01595184018811,0.5538461538461539,0.4461538461538462,15.0,-252.1678105150731
AMD,wait,s20_k15,random,случайный день окна,65,65,-41.574322385915835,-143.90385236329791,54.29421877592036,0.0,0.0,0.0,0.0,,,,,0.5230769230769231,0.47692307692307695,,-124.72296715774749
AMD,wait,s20_k15,calendar25,"календарь: первый день с 25-го, иначе срок",65,65,32.783792427724556,-27.332756523608925,91.10068664880181,85.19056859838696,20.905781550612613,158.9073114355487,0.2600905243409549,1.0,32.783792427724556,-27.332756523608925,91.10068664880181,0.38461538461538464,0.6153846153846154,3.476923076923077,98.35137728317366
AMD,wait,s20_k15,screen,"экран: первый день с фактом уровня, иначе срок",65,65,-19.582106737502208,-156.77624707972768,122.6797000725866,17.667847183595818,-53.14455690861674,89.18132514287454,0.05394070862022992,0.09230769230769231,340.10002627972784,89.4129612167997,727.5575168994137,0.3384615384615385,0.6615384615384615,9.738461538461538,-58.746320212506625
AMD,wait,s20_k15,push,"первый пуш потока, иначе срок",65,65,-12.427211519295644,-135.56015254426336,106.49532160250452,28.143750804787125,-34.55541596047164,94.90500058406899,0.08592409962946126,0.5230769230769231,139.07636210436135,34.271652750441916,282.24196271830283,0.36923076923076925,0.6307692307692307,7.553846153846154,-37.28163455788693
AMD,wait,s20_k15,push_or_calendar,"первый пуш, иначе календарь, иначе срок",65,65,62.53032130755137,-6.747751631178322,148.30429268878424,113.1479967331157,46.696880384008686,188.71020766643292,0.3454457727260895,0.9076923076923077,68.88933703374303,-10.54743141249507,164.7967642632048,0.3230769230769231,0.676923076923077,3.1076923076923078,187.5909639226541
AMD,wait,s20_k15,oracle,оракул: лучший день окна,65,65,278.4636805865899,174.6469322581161,418.44077218998706,327.5419925975846,242.21407111702447,432.8191464647059,1.0,0.8461538461538461,329.09344069324254,212.1209213365444,494.00741996890196,0.0,1.0,6.569230769230769,835.3910417597696
AMD,wait,s25_k05,habit,привычка: первый день окна,65,65,0.0,0.0,0.0,72.45927205571377,16.474058842347805,140.84333191272685,0.43524502358267503,0.0,,,,0.0,1.0,0.0,0.0
AMD,wait,s25_k05,deadline,ждать до срока,65,65,-91.49014280878816,-178.9367700609169,-13.257216822121425,-28.19832243850668,-62.13976853081041,5.154502624098387,-0.1693803866164001,1.0,-91.49014280878816,-178.9367700609169,-13.257216822121425,0.6461538461538462,0.35384615384615387,5.0,-274.4704284263645
AMD,wait,s25_k05,random,случайный день окна,65,65,-65.54771546256666,-127.2759995410428,-11.720240376641575,0.0,0.0,0.0,0.0,,,,,0.6,0.4,,-196.64314638769997
AMD,wait,s25_k05,calendar25,"календарь: первый день с 25-го, иначе срок",65,65,0.0,0.0,0.0,72.45927205571377,16.474058842347805,140.84333191272685,0.43524502358267503,0.0,,,,0.0,1.0,0.0,0.0
AMD,wait,s25_k05,screen,"экран: первый день с фактом уровня, иначе срок",65,65,-50.112019811121606,-132.28914429393058,22.73356398520156,14.89370160143152,-26.717364806867128,63.19492569787528,0.08946280194153865,0.046153846153846156,151.43960507627267,25.361758533082313,270.1085367636313,0.4307692307692308,0.5692307692307692,3.646153846153846,-150.33605943336482
AMD,wait,s25_k05,push,"первый пуш потока, иначе срок",65,65,-69.57799108259698,-152.55738513653844,2.2499933083213914,-5.822627419345634,-36.029940532681564,24.988616772376105,-0.03497509064813164,0.3384615384615385,34.534620884023134,-111.7741439187974,163.36133616626768,0.47692307692307695,0.5230769230769231,3.8,-208.73397324779094
AMD,wait,s25_k05,push_or_calendar,"первый пуш, иначе календарь, иначе срок",65,65,11.688640914592444,-36.10632007000856,59.40306711512738,81.12506549493423,38.41923093037632,138.19800126994508,0.4872983131453416,0.3384615384615385,34.534620884023134,-111.7741439187974,163.36133616626768,0.07692307692307693,0.9230769230769231,0.9538461538461539,35.065922743777335
AMD,wait,s25_k05,oracle,оракул: лучший день окна,65,65,95.865829236098,57.354492263681855,148.74517300892734,166.47926599889107,119.30632663542396,225.79920067485838,1.0,0.5846153846153846,163.9810236933255,107.53745037324919,241.71963312431214,0.0,1.0,1.9846153846153847,287.597487708294
AMD,wait,s25_k10,habit,привычка: первый день окна,65,65,0.0,0.0,0.0,96.9609572048856,16.55408386359756,187.10538905313874,0.3467414290792278,0.0,,,,0.0,1.0,0.0,0.0
AMD,wait,s25_k10,deadline,ждать до срока,65,65,-86.58926967943106,-216.6369792974178,47.44553697734353,-9.41358897921342,-69.54189175501986,55.443886403709136,-0.03366387244424256,1.0,-86.58926967943106,-216.6369792974178,47.44553697734353,0.5692307692307692,0.4307692307692308,10.0,-259.76780903829314
AMD,wait,s25_k10,random,случайный день окна,65,65,-83.63870220995965,-164.87559897477877,-7.472366022305099,0.0,0.0,0.0,0.0,,,,,0.6153846153846154,0.38461538461538464,,-250.91610662987895
AMD,wait,s25_k10,calendar25,"календарь: первый день с 25-го, иначе срок",65,65,0.0,0.0,0.0,96.9609572048856,16.55408386359756,187.10538905313874,0.3467414290792278,0.0,,,,0.0,1.0,0.0,0.0
AMD,wait,s25_k10,screen,"экран: первый день с фактом уровня, иначе срок",65,65,-42.094095723786346,-156.49076576940357,82.19789251109329,39.12764324683429,-26.990827771967655,112.32591248385945,0.13992410272148081,0.09230769230769231,240.829365491189,78.92553091358464,474.5137714560481,0.38461538461538464,0.6153846153846154,7.107692307692307,-126.28228717135904
AMD,wait,s25_k10,push,"первый пуш потока, иначе срок",65,65,-65.54911380961997,-170.57067780569224,27.37091093903635,17.698536075379874,-35.879972467690834,75.50436849561946,0.06329161621641115,0.4461538461538462,45.304519719811786,-79.92298610710314,170.43514645079077,0.4153846153846154,0.5846153846153846,6.3538461538461535,-196.6473414288599
AMD,wait,s25_k10,push_or_calendar,"первый пуш, иначе календарь, иначе срок",65,65,20.212785721146794,-34.03608962817587,74.43919090695357,113.21232207488818,44.35259145802283,193.33944421304676,0.4048578260492519,0.4461538461538462,45.304519719811786,-79.92298610710314,170.43514645079077,0.12307692307692308,0.8769230769230769,1.7384615384615385,60.63835716344038
AMD,wait,s25_k10,oracle,оракул: лучший день окна,65,65,188.12155533729631,113.02994458229539,287.27732318373785,279.6347626021082,206.02521505750144,365.6257883829131,1.0,0.6615384615384615,284.36979295172705,179.24775873185962,422.7274180714537,0.0,1.0,3.9384615384615387,564.3646660118889
AMD,wait,s25_k15,habit,привычка: первый день окна,65,65,0.0,0.0,0.0,103.6949214964963,14.450342171719079,202.62464835654458,0.287375355474377,0.0,,,,0.0,1.0,0.0,0.0
AMD,wait,s25_k15,deadline,ждать до срока,65,65,-52.889045171132125,-177.96752731640748,83.14393129382113,30.54809598609846,-35.21081190113903,105.19190568355474,0.08465959389695911,1.0,-52.889045171132125,-177.96752731640748,83.14393129382113,0.5230769230769231,0.47692307692307695,15.0,-158.66713551339637
AMD,wait,s25_k15,random,случайный день окна,65,65,-87.4772125465446,-177.34992411797367,-1.776801799832508,0.0,0.0,0.0,0.0,,,,,0.6153846153846154,0.38461538461538464,,-262.43163763963383
AMD,wait,s25_k15,calendar25,"календарь: первый день с 25-го, иначе срок",65,65,0.0,0.0,0.0,103.6949214964963,14.450342171719079,202.62464835654458,0.287375355474377,0.0,,,,0.0,1.0,0.0,0.0
AMD,wait,s25_k15,screen,"экран: первый день с фактом уровня, иначе срок",65,65,-63.565223023210386,-173.3494244788411,42.2915082365857,24.057401078492948,-34.95817822318534,87.60661188742894,0.06667157934976756,0.13846153846153847,275.96206998715553,139.15837833275702,437.9275850028705,0.35384615384615387,0.6461538461538462,10.307692307692308,-190.69566906963115
AMD,wait,s25_k15,push,"первый пуш потока, иначе срок",65,65,-78.03955604492975,-183.658009111304,15.201501723872571,11.433557515256908,-50.247734834594404,78.26880370085388,0.031686437559960035,0.49230769230769234,84.61205954377718,-39.39320832758587,202.85536973319077,0.4153846153846154,0.5846153846153846,8.569230769230769,-234.11866813478926
AMD,wait,s25_k15,push_or_calendar,"первый пуш, иначе календарь, иначе срок",65,65,41.655167775398,-17.187645181600534,100.55697188639812,141.05151392590065,61.42739753296191,227.0292542145925,0.39090370453700896,0.49230769230769234,84.61205954377718,-39.39320832758587,202.85536973319077,0.12307692307692308,0.8769230769230769,2.3384615384615386,124.965503326194
AMD,wait,s25_k15,oracle,оракул: лучший день окна,65,65,264.8915445613707,172.8623747711328,377.48754784094115,360.8344261995771,279.62748474101426,451.49331547733743,1.0,0.7384615384615385,358.7072999268562,243.20254658465421,514.8017966804208,0.0,1.0,6.861538461538461,794.6746336841122
AMD,wait,all,habit,привычка: первый день окна,983,66,0.0,0.0,0.0,21.722892059877953,-22.127591437908904,71.34334889490322,0.09266764593899442,0.0,,,,0.0,1.0,0.0,0.0
AMD,wait,all,deadline,ждать до срока,983,66,-16.009475903697506,-100.30404588552436,72.22521844011186,-7.28678160492412,-49.415329731234536,36.784560995667626,-0.031084668465810143,1.0,-16.009475903697506,-100.30404588552436,72.22521844011186,0.4821973550356053,0.5178026449643948,9.984740590030519,-48.02842771109252
AMD,wait,all,random,случайный день окна,983,66,-13.430234877032015,-59.108180244909626,29.503761993036324,0.0,0.0,0.0,0.0,,,,,0.46795523906408953,0.5320447609359105,,-40.29070463109604
AMD,wait,all,calendar25,"календарь: первый день с 25-го, иначе срок",983,66,36.082229755719354,-16.009770265352756,91.6412488856021,51.63553116194481,18.244601586356673,87.75676349206393,0.2202719189690573,0.49949135300101727,49.811649015385754,-25.610443795819318,131.33044341047383,0.3275686673448627,0.6724313326551373,5.578840284842319,108.24668926715806
AMD,wait,all,screen,"экран: первый день с фактом уровня, иначе срок",983,66,-4.223980561891654,-86.4876493661099,77.45481310599344,6.864785765341625,-34.742996687679785,50.84591029788774,0.029284477177174747,0.1017293997965412,284.9508717368835,153.9427049865727,426.982864487009,0.3336724313326551,0.6663275686673449,6.766022380467955,-12.671941685674962
AMD,wait,all,push,"первый пуш потока, иначе срок",983,66,4.0757146088633345,-53.0395098048484,66.2692583579543,17.146417232163188,-10.023798898579976,46.97575401600371,0.07314487025082136,0.4649033570701933,117.47049888970226,54.81816381661111,212.51233281469,0.3560528992878942,0.6439471007121058,6.112919633774161,12.227143826590003
AMD,wait,all,push_or_calendar,"первый пуш, иначе календарь, иначе срок",983,66,36.101896966754154,-11.544614526077952,91.9196262470841,52.203093121356005,17.4785885961528,92.58641464870851,0.22269308050492387,0.6561546286876907,65.18623830866522,4.331813251701033,139.9112105949062,0.29399796541200407,0.7060020345879959,4.284842319430315,108.30569090026246
AMD,wait,all,oracle,оракул: лучший день окна,983,66,219.06677680928004,161.8378068348887,295.46777180424203,234.41722124007245,187.93518477884368,287.3287659983704,1.0,0.768056968463886,285.22204185896993,215.05434010901277,378.9189329810302,0.0,1.0,4.477110885045779,657.2003304278402
AMD,accelerate,a05_h15,habit,привычка: первый день окна,66,66,0.0,0.0,0.0,27.38756638418928,-9.974376525620881,64.79587105682309,0.1585713889143229,0.0,,,,0.0,1.0,6.484848484848484,0.0
AMD,accelerate,a05_h15,deadline,ждать до срока,66,66,0.0,0.0,0.0,27.38756638418928,-9.974376525620881,64.79587105682309,0.1585713889143229,0.0,,,,0.0,1.0,6.484848484848484,0.0
AMD,accelerate,a05_h15,random,случайный день окна,66,66,-25.07537927065504,-61.64681898210514,11.982490759549806,0.0,0.0,0.0,0.0,,,,,0.4696969696969697,0.5303030303030303,,-75.22613781196512
AMD,accelerate,a05_h15,calendar25,"календарь: первый день с 25-го, иначе срок",66,66,0.0,0.0,0.0,27.38756638418928,-9.974376525620881,64.79587105682309,0.1585713889143229,0.0,,,,0.0,1.0,6.484848484848484,0.0
AMD,accelerate,a05_h15,screen,"экран: первый день с фактом уровня, иначе срок",66,66,-50.62577590409693,-86.70948581905135,-14.352810842080206,-24.73065848358809,-58.47083812340921,9.634492934367854,-0.14318814638354482,0.3181818181818182,-159.10958141287605,-256.00359651869815,-53.28872390153536,0.2727272727272727,0.7272727272727273,4.848484848484849,-151.87732771229082
AMD,accelerate,a05_h15,push,"первый пуш потока, иначе срок",66,66,-19.732055636484592,-53.99252655917018,16.882377856254564,6.389539831657435,-26.638559125438164,42.160972673307356,0.03699482427231005,0.42424242424242425,-46.511274000285106,-122.01490998349202,44.58192077530571,0.2727272727272727,0.7272727272727273,4.863636363636363,-59.19616690945377
AMD,accelerate,a05_h15,push_or_calendar,"первый пуш, иначе календарь, иначе срок",66,66,-19.732055636484592,-53.99252655917018,16.882377856254564,6.389539831657435,-26.638559125438164,42.160972673307356,0.03699482427231005,0.42424242424242425,-46.511274000285106,-122.01490998349202,44.58192077530571,0.2727272727272727,0.7272727272727273,4.863636363636363,-59.19616690945377
AMD,accelerate,a05_h15,oracle,оракул: лучший день окна,66,66,146.68231929302854,104.91042176805036,192.2348541806641,172.71442579712127,139.42502492612263,210.7646076152506,1.0,0.7575757575757576,193.6206614667977,143.3757133617545,248.93457412958796,0.0,1.0,3.242424242424242,440.0469578790856
AMD,accelerate,a05_h20,habit,привычка: первый день окна,66,66,0.0,0.0,0.0,30.085121939627523,-26.764804721923532,91.99769415965388,0.1323749868506679,0.0,,,,0.0,1.0,10.075757575757576,0.0
AMD,accelerate,a05_h20,deadline,ждать до срока,66,66,0.0,0.0,0.0,30.085121939627523,-26.764804721923532,91.99769415965388,0.1323749868506679,0.0,,,,0.0,1.0,10.075757575757576,0.0
AMD,accelerate,a05_h20,random,случайный день окна,66,66,-24.44327973827337,-84.51006923735976,31.391128711364843,0.0,0.0,0.0,0.0,,,,,0.42424242424242425,0.5757575757575758,,-73.32983921482013
AMD,accelerate,a05_h20,calendar25,"календарь: первый день с 25-го, иначе срок",66,66,0.0,0.0,0.0,30.085121939627523,-26.764804721923532,91.99769415965388,0.1323749868506679,0.0,,,,0.0,1.0,10.075757575757576,0.0
AMD,accelerate,a05_h20,screen,"экран: первый день с фактом уровня, иначе срок",66,66,-56.05489519317009,-113.7250070269402,-2.823649025242918,-29.660835549433838,-79.80987464243279,21.578985020742607,-0.13050812038306595,0.36363636363636365,-154.15096178121775,-303.90159649089065,-4.649672728284958,0.24242424242424243,0.7575757575757576,7.166666666666667,-168.16468557951026
AMD,accelerate,a05_h20,push,"первый пуш потока, иначе срок",66,66,-28.508914940867257,-89.91384553528245,27.43973674270587,-2.457774654241933,-45.46547670808203,40.053427677410184,-0.01081424526681539,0.5,-57.01782988173453,-170.41472261765387,49.30374933069324,0.25757575757575757,0.7424242424242424,6.757575757575758,-85.52674482260177
AMD,accelerate,a05_h20,push_or_calendar,"первый пуш, иначе календарь, иначе срок",66,66,-28.508914940867257,-89.91384553528245,27.43973674270587,-2.457774654241933,-45.46547670808203,40.053427677410184,-0.01081424526681539,0.5,-57.01782988173453,-170.41472261765387,49.30374933069324,0.25757575757575757,0.7424242424242424,6.757575757575758,-85.52674482260177
AMD,accelerate,a05_h20,oracle,оракул: лучший день окна,66,66,199.90916241940238,151.5145384008933,255.15957710713303,227.27195413108157,183.27819542978557,276.6949304825573,1.0,0.8484848484848485,235.60722713715282,184.3590586039068,296.3663902220583,0.0,1.0,4.5,599.7274872582071
AMD,accelerate,a05_h25,habit,привычка: первый день окна,66,66,0.0,0.0,0.0,47.40879119504354,-19.02630224073451,119.37958346225581,0.17204239490815132,0.0,,,,0.0,1.0,13.545454545454545,0.0
AMD,accelerate,a05_h25,deadline,ждать до срока,66,66,0.0,0.0,0.0,47.40879119504354,-19.02630224073451,119.37958346225581,0.17204239490815132,0.0,,,,0.0,1.0,13.545454545454545,0.0
AMD,accelerate,a05_h25,random,случайный день окна,66,66,-39.276587164871785,-109.03582481215965,26.934676572295277,0.0,0.0,0.0,0.0,,,,,0.5454545454545454,0.45454545454545453,,-117.82976149461535
AMD,accelerate,a05_h25,calendar25,"календарь: первый день с 25-го, иначе срок",66,66,0.0,0.0,0.0,47.40879119504354,-19.02630224073451,119.37958346225581,0.17204239490815132,0.0,,,,0.0,1.0,13.545454545454545,0.0
AMD,accelerate,a05_h25,screen,"экран: первый день с фактом уровня, иначе срок",66,66,-41.40506761353151,-110.0649543219857,22.01798575460132,1.963311573929084,-65.83192558302827,71.93447598798875,0.007124687565646366,0.3939393939393939,-105.10517163434922,-272.89332019736037,62.32486277157866,0.21212121212121213,0.7878787878787878,9.333333333333334,-124.21520284059453
AMD,accelerate,a05_h25,push,"первый пуш потока, иначе срок",66,66,-24.88056416788703,-99.75389773295106,46.08121842928537,16.321173123341563,-33.28451409969679,71.635101613496,0.05922812290864308,0.6363636363636364,-39.098029406679615,-152.06651714700857,74.14035043177961,0.36363636363636365,0.6363636363636364,8.166666666666666,-74.64169250366109
AMD,accelerate,a05_h25,push_or_calendar,"первый пуш, иначе календарь, иначе срок",66,66,-24.88056416788703,-99.75389773295106,46.08121842928537,16.321173123341563,-33.28451409969679,71.635101613496,0.05922812290864308,0.6363636363636364,-39.098029406679615,-152.06651714700857,74.14035043177961,0.36363636363636365,0.6363636363636364,8.166666666666666,-74.64169250366109
AMD,accelerate,a05_h25,oracle,оракул: лучший день окна,66,66,232.4657180149178,172.3478107014508,301.5920233709995,275.5645852311797,228.08510936921664,330.9907563660468,1.0,0.8333333333333334,278.95886161790133,211.36422497164494,355.0249785017077,0.0,1.0,6.242424242424242,697.3971540447534
AMD,accelerate,a10_h15,habit,привычка: первый день окна,66,66,0.0,0.0,0.0,26.037659302889118,0.764486577232695,50.82607150536133,0.2629848310212681,0.0,,,,0.0,1.0,3.393939393939394,0.0
AMD,accelerate,a10_h15,deadline,ждать до срока,66,66,0.0,0.0,0.0,26.037659302889118,0.764486577232695,50.82607150536133,0.2629848310212681,0.0,,,,0.0,1.0,3.393939393939394,0.0
AMD,accelerate,a10_h15,random,случайный день окна,66,66,-24.9544966021837,-49.55304195840808,0.10953248737232062,0.0,0.0,0.0,0.0,,,,,0.4393939393939394,0.5606060606060606,,-74.8634898065511
AMD,accelerate,a10_h15,calendar25,"календарь: первый день с 25-го, иначе срок",66,66,0.0,0.0,0.0,26.037659302889118,0.764486577232695,50.82607150536133,0.2629848310212681,0.0,,,,0.0,1.0,3.393939393939394,0.0
AMD,accelerate,a10_h15,screen,"экран: первый день с фактом уровня, иначе срок",66,66,-42.09130749230065,-69.76096990583932,-17.370043807763523,-16.731731347616726,-42.78803296457491,8.116342032766532,-0.16899336034625803,0.30303030303030304,-138.90131472459217,-212.49033552869852,-71.64079339981318,0.22727272727272727,0.7727272727272727,2.515151515151515,-126.27392247690196
AMD,accelerate,a10_h15,push,"первый пуш потока, иначе срок",66,66,-17.92690367494914,-38.09307793689384,1.6798217036856673,7.639755399240443,-12.795407697419634,29.424060357317483,0.07716284168792913,0.2727272727272727,-65.73198014148018,-129.53033745890897,1.8554382634524775,0.18181818181818182,0.8181818181818182,2.772727272727273,-53.78071102484742
AMD,accelerate,a10_h15,push_or_calendar,"первый пуш, иначе календарь, иначе срок",66,66,-17.92690367494914,-38.09307793689384,1.6798217036856673,7.639755399240443,-12.795407697419634,29.424060357317483,0.07716284168792913,0.2727272727272727,-65.73198014148018,-129.53033745890897,1.8554382634524775,0.18181818181818182,0.8181818181818182,2.772727272727273,-53.78071102484742
AMD,accelerate,a10_h15,oracle,оракул: лучший день окна,66,66,73.5144272946736,51.63937905372539,98.46198198673332,99.00821732483652,82.89112567977877,116.42846427833464,1.0,0.6363636363636364,115.52267146305851,86.68843677407146,146.25377101989721,0.0,1.0,2.0303030303030303,220.5432818840208
AMD,accelerate,a10_h20,habit,привычка: первый день окна,66,66,0.0,0.0,0.0,24.15835775780001,-21.824086147216637,75.19807475237481,0.14610372969098073,0.0,,,,0.0,1.0,6.984848484848484,0.0
AMD,accelerate,a10_h20,deadline,ждать до срока,66,66,0.0,0.0,0.0,24.15835775780001,-21.824086147216637,75.19807475237481,0.14610372969098073,0.0,,,,0.0,1.0,6.984848484848484,0.0
AMD,accelerate,a10_h20,random,случайный день окна,66,66,-20.454646455766127,-69.21580624739364,25.299297348619458,0.0,0.0,0.0,0.0,,,,,0.4393939393939394,0.5606060606060606,,-61.363939367298386
AMD,accelerate,a10_h20,calendar25,"календарь: первый день с 25-го, иначе срок",66,66,0.0,0.0,0.0,24.15835775780001,-21.824086147216637,75.19807475237481,0.14610372969098073,0.0,,,,0.0,1.0,6.984848484848484,0.0
AMD,accelerate,a10_h20,screen,"экран: первый день с фактом уровня, иначе срок",66,66,-50.77031785535104,-105.44852048987201,-5.631267881603535,-29.280260018452562,-72.51363169527295,15.935177951026086,-0.17707971865912117,0.3484848484848485,-145.68873819361602,-299.2524410125224,-13.868116440942043,0.21212121212121213,0.7878787878787878,4.878787878787879,-152.31095356605312
AMD,accelerate,a10_h20,push,"первый пуш потока, иначе срок",66,66,-30.60362027564431,-81.95322672406554,13.957294339761233,-9.258597484406815,-45.42345045158555,24.92874423981588,-0.055993691199585624,0.42424242424242425,-72.1371049354473,-185.72999204160124,25.54578661767265,0.22727272727272727,0.7727272727272727,5.0,-91.81086082693292
AMD,accelerate,a10_h20,push_or_calendar,"первый пуш, иначе календарь, иначе срок",66,66,-30.60362027564431,-81.95322672406554,13.957294339761233,-9.258597484406815,-45.42345045158555,24.92874423981588,-0.055993691199585624,0.42424242424242425,-72.1371049354473,-185.72999204160124,25.54578661767265,0.22727272727272727,0.7727272727272727,5.0,-91.81086082693292
AMD,accelerate,a10_h20,oracle,оракул: лучший день окна,66,66,143.11472927957996,105.53528788959454,190.4628832642615,165.35072587740623,130.96656051274056,204.6736104912161,1.0,0.803030303030303,178.21834212174113,132.6896317537123,229.88134316500512,0.0,1.0,3.378787878787879,429.34418783873986
AMD,accelerate,a10_h25,habit,привычка: первый день окна,66,66,0.0,0.0,0.0,41.97315459889275,-15.288666332943802,107.89986704944585,0.18465779031443666,0.0,,,,0.0,1.0,10.454545454545455,0.0
AMD,accelerate,a10_h25,deadline,ждать до срока,66,66,0.0,0.0,0.0,41.97315459889275,-15.288666332943802,107.89986704944585,0.18465779031443666,0.0,,,,0.0,1.0,10.454545454545455,0.0
AMD,accelerate,a10_h25,random,случайный день окна,66,66,-35.555985700564655,-98.93286995229708,20.902844845547527,0.0,0.0,0.0,0.0,,,,,0.5303030303030303,0.4696969696969697,,-106.66795710169397
AMD,accelerate,a10_h25,calendar25,"календарь: первый день с 25-го, иначе срок",66,66,0.0,0.0,0.0,41.97315459889275,-15.288666332943802,107.89986704944585,0.18465779031443666,0.0,,,,0.0,1.0,10.454545454545455,0.0
AMD,accelerate,a10_h25,screen,"экран: первый день с фактом уровня, иначе срок",66,66,-37.81397677702385,-104.56557093111645,18.972080009082724,0.8344732740150577,-61.46309952894731,62.80228087268681,0.0036712034710905173,0.3787878787878788,-99.82889869134299,-262.0260814677908,49.884946037801065,0.22727272727272727,0.7727272727272727,7.106060606060606,-113.44193033107156
AMD,accelerate,a10_h25,push,"первый пуш потока, иначе срок",66,66,-29.554065087232257,-98.32293536589752,36.508908729214376,7.297914478299718,-38.21955790373809,59.84505688509302,0.032106635165852195,0.5909090909090909,-50.01457168608536,-156.19488931598778,60.2385781131697,0.3181818181818182,0.6818181818181818,6.606060606060606,-88.66219526169677
AMD,accelerate,a10_h25,push_or_calendar,"первый пуш, иначе календарь, иначе срок",66,66,-29.554065087232257,-98.32293536589752,36.508908729214376,7.297914478299718,-38.21955790373809,59.84505688509302,0.032106635165852195,0.5909090909090909,-50.01457168608536,-156.19488931598778,60.2385781131697,0.3181818181818182,0.6818181818181818,6.606060606060606,-88.66219526169677
AMD,accelerate,a10_h25,oracle,оракул: лучший день окна,66,66,188.72149790422867,135.9304626083909,248.85280861334135,227.3023766147128,185.11923398305942,277.98569135123427,1.0,0.803030303030303,235.01167663545453,174.56790515201254,300.71612173753954,0.0,1.0,4.954545454545454,566.1644937126861
AMD,accelerate,all,habit,привычка: первый день окна,396,66,0.0,0.0,0.0,32.841775196407035,-8.863242484471252,75.36564460468426,0.16882160487407555,0.0,,,,0.0,1.0,8.48989898989899,0.0
AMD,accelerate,all,deadline,ждать до срока,396,66,0.0,0.0,0.0,32.841775196407035,-8.863242484471252,75.36564460468426,0.16882160487407555,0.0,,,,0.0,1.0,8.48989898989899,0.0
AMD,accelerate,all,random,случайный день окна,396,66,-28.293395822052446,-69.95020542357649,13.102149769709257,0.0,0.0,0.0,0.0,,,,,0.47474747474747475,0.5252525252525253,,-84.88018746615734
AMD,accelerate,all,calendar25,"календарь: первый день с 25-го, иначе срок",396,66,0.0,0.0,0.0,32.841775196407035,-8.863242484471252,75.36564460468426,0.16882160487407555,0.0,,,,0.0,1.0,8.48989898989899,0.0
AMD,accelerate,all,screen,"экран: первый день с фактом уровня, иначе срок",396,66,-46.46022347257901,-94.236016217902,-4.907258334342173,-16.267616758524515,-58.93877227220651,25.780911867506738,-0.08362292087520803,0.351010101010101,-132.36149996504525,-257.832511909256,-15.216263124703293,0.23232323232323232,0.7676767676767676,5.974747474747475,-139.38067041773704
AMD,accelerate,all,push,"первый пуш потока, иначе срок",396,66,-25.201020630510765,-70.43460145013574,15.408661740218683,4.322001782315065,-24.945990232458787,36.563244830117334,0.022217047428022992,0.47474747474747475,-53.08300090256523,-136.05333245340313,30.69768941037007,0.2702020202020202,0.7297979797979798,5.694444444444445,-75.6030618915323
AMD,accelerate,all,push_or_calendar,"первый пуш, иначе календарь, иначе срок",396,66,-25.201020630510765,-70.43460145013574,15.408661740218683,4.322001782315065,-24.945990232458787,36.563244830117334,0.022217047428022992,0.47474747474747475,-53.08300090256523,-136.05333245340313,30.69768941037007,0.2702020202020202,0.7297979797979798,5.694444444444445,-75.6030618915323
AMD,accelerate,all,oracle,оракул: лучший день окна,396,66,164.06797570097186,129.01856033039408,205.22285872309877,194.53538082938968,161.83011893801174,232.3524937624579,1.0,0.7803030303030303,210.26187177211924,170.52074941814277,254.9105494182262,0.0,1.0,4.058080808080808,492.20392710291554
KGS,wait,s05_k05,habit,привычка: первый день окна,66,66,0.0,0.0,0.0,-12.5221996430572,-54.5795597677853,29.224304437712096,-0.0827209819909156,0.0,,,,0.0,1.0,0.0,0.0
KGS,wait,s05_k05,deadline,ждать до срока,66,66,40.96094125681539,-17.996502486958118,99.5136958215579,25.471127386660857,-15.195849835147582,66.17008002162075,0.16826090702111524,1.0,40.96094125681539,-17.996502486958118,99.5136958215579,0.3787878787878788,0.6212121212121212,5.0,122.88282377044617
KGS,wait,s05_k05,random,случайный день окна,66,66,15.441422474680843,-26.16371442011641,58.5313685178742,0.0,0.0,0.0,0.0,,,,,0.3181818181818182,0.6818181818181818,,46.32426742404253
KGS,wait,s05_k05,calendar25,"календарь: первый день с 25-го, иначе срок",66,66,40.96094125681539,-17.996502486958118,99.5136958215579,25.471127386660857,-15.195849835147582,66.17008002162075,0.16826090702111524,0.0,,,,0.3787878787878788,0.6212121212121212,5.0,122.88282377044617
KGS,wait,s05_k05,screen,"экран: первый день с фактом уровня, иначе срок",66,66,9.859794582145438,-44.891912240066006,73.40540897016709,-5.6766668817790045,-44.1788287289233,37.94681488030768,-0.037499758211922564,0.10606060606060606,347.9326701933598,83.65156529212754,786.093891048567,0.2878787878787879,0.7121212121212122,3.121212121212121,29.579383746436317
KGS,wait,s05_k05,push,"первый пуш потока, иначе срок",66,66,11.356270689956968,-38.00830241231712,60.303134237812266,-3.644887569240379,-38.498410014508934,32.108673136849056,-0.024077932597186612,0.30303030303030304,88.17397051166154,49.340174757102034,128.2386321002325,0.3333333333333333,0.6666666666666666,3.803030303030303,34.06881206987091
KGS,wait,s05_k05,push_or_calendar,"первый пуш, иначе календарь, иначе срок",66,66,11.356270689956968,-38.00830241231712,60.303134237812266,-3.644887569240379,-38.498410014508934,32.108673136849056,-0.024077932597186612,0.30303030303030304,88.17397051166154,49.340174757102034,128.2386321002325,0.3333333333333333,0.6666666666666666,3.803030303030303,34.06881206987091
KGS,wait,s05_k05,oracle,оракул: лучший день окна,66,66,167.88017118272228,110.13798754642345,241.90931047705942,151.3787595562198,116.08209832010826,194.1573194079319,1.0,0.8484848484848485,197.85877317963696,132.77822526002493,284.5408906459942,0.0,1.0,3.0303030303030303,503.64051354816684
KGS,wait,s05_k10,habit,привычка: первый день окна,66,66,0.0,0.0,0.0,-34.771810418810944,-78.61750880760891,12.176316902589667,-0.15002888580891627,0.0,,,,0.0,1.0,0.0,0.0
KGS,wait,s05_k10,deadline,ждать до срока,66,66,72.4139969105537,-15.543140921306176,160.66376554549043,31.77481157078664,-20.000736721897013,85.6549867095118,0.13709782491435765,1.0,72.4139969105537,-15.543140921306176,160.66376554549043,0.45454545454545453,0.5454545454545454,10.0,217.24199073166113
KGS,wait,s05_k10,random,случайный день окна,66,66,38.369075113969586,-9.079998334946449,83.05060012697305,0.0,0.0,0.0,0.0,,,,,0.3484848484848485,0.6515151515151515,,115.10722534190876
KGS,wait,s05_k10,calendar25,"календарь: первый день с 25-го, иначе срок",66,66,72.4139969105537,-15.543140921306176,160.66376554549043,31.77481157078664,-20.000736721897013,85.6549867095118,0.13709782491435765,0.030303030303030304,261.36219081046244,156.82947329311415,365.8949083278107,0.45454545454545453,0.5454545454545454,10.0,217.24199073166113
KGS,wait,s05_k10,screen,"экран: первый день с фактом уровня, иначе срок",66,66,13.342854060313309,-53.852651656567836,84.00279514836906,-24.476776992597916,-75.99262771850779,31.443243514523832,-0.10560921436538641,0.15151515151515152,311.055010782298,123.36247735206419,616.4682424105806,0.3181818181818182,0.6818181818181818,5.787878787878788,40.02856218093993
KGS,wait,s05_k10,push,"первый пуш потока, иначе срок",66,66,10.37563588223967,-49.60856298178098,65.39728761512171,-27.66361908672969,-66.96891082790505,12.995245146923715,-0.11935938621070653,0.3939393939393939,108.65706048017081,39.452276200113644,182.3520709566444,0.3787878787878788,0.6212121212121212,6.575757575757576,31.12690764671901
KGS,wait,s05_k10,push_or_calendar,"первый пуш, иначе календарь, иначе срок",66,66,10.37563588223967,-49.60856298178098,65.39728761512171,-27.66361908672969,-66.96891082790505,12.995245146923715,-0.11935938621070653,0.3939393939393939,108.65706048017081,39.452276200113644,182.3520709566444,0.3787878787878788,0.6212121212121212,6.575757575757576,31.12690764671901
KGS,wait,s05_k10,oracle,оракул: лучший день окна,66,66,272.47291766992595,193.96142324319163,364.5498518287846,231.7674375259837,180.52329378189344,293.5931374100228,1.0,0.8636363636363636,315.4949573020195,228.98521325359752,421.83921768159956,0.0,1.0,5.0,817.4187530097778
KGS,wait,s05_k15,habit,привычка: первый день окна,66,66,0.0,0.0,0.0,-39.42561625735462,-98.6402482723251,21.689294793555298,-0.13511821014790168,0.0,,,,0.0,1.0,0.0,0.0
KGS,wait,s05_k15,deadline,ждать до срока,66,66,94.41174181018098,-31.503503923528857,227.62101847504124,42.75397313562836,-36.94612780937717,125.56211954335663,0.1465250483109427,1.0,94.41174181018098,-31.503503923528857,227.62101847504124,0.4090909090909091,0.5909090909090909,15.0,283.2352254305429
KGS,wait,s05_k15,random,случайный день окна,66,66,45.807433013894624,-15.227651146581815,105.9718805392146,0.0,0.0,0.0,0.0,,,,,0.3787878787878788,0.6212121212121212,,137.42229904168386
KGS,wait,s05_k15,calendar25,"календарь: первый день с 25-го, иначе срок",66,66,116.29757329450904,1.9645763957388758,235.15976766647287,65.4172360591033,4.699939710756927,129.94565624106042,0.224195857622896,1.0,116.29757329450904,1.9645763957388758,235.15976766647287,0.3939393939393939,0.6060606060606061,13.545454545454545,348.8927198835271
KGS,wait,s05_k15,screen,"экран: первый день с фактом уровня, иначе срок",66,66,40.18343854047657,-68.06414437553968,154.6496202362295,-6.254294651338631,-90.80467191634493,84.53351364201788,-0.021434518448873396,0.21212121212121213,310.70846174894734,159.07819566934336,525.9653926863976,0.25757575757575757,0.7424242424242424,8.318181818181818,120.5503156214297
KGS,wait,s05_k15,push,"первый пуш потока, иначе срок",66,66,74.11395542202344,-10.642517617387746,163.41424183882748,28.68313855543235,-32.25131495417007,102.53393212391626,0.09830193440061487,0.696969696969697,142.26951688785496,41.66910987060177,261.8102479061653,0.3333333333333333,0.6666666666666666,8.681818181818182,222.34186626607033
KGS,wait,s05_k15,push_or_calendar,"первый пуш, иначе календарь, иначе срок",66,66,74.22870755183303,-12.497950939405682,165.44330995235876,28.76821587173592,-32.86831756984742,102.06024803938166,0.0985935086559946,0.9090909090909091,81.65157830701631,-10.48079507136152,186.89174576066003,0.3333333333333333,0.6666666666666666,8.318181818181818,222.68612265549908
KGS,wait,s05_k15,oracle,оракул: лучший день окна,66,66,341.3781755749046,240.88486055693838,456.4129274532479,291.78610502758266,228.74968461349263,369.2852325713296,1.0,0.8787878787878788,388.464820481788,278.471372118008,515.8373375663156,0.0,1.0,6.909090909090909,1024.1345267247139
KGS,wait,s10_k05,habit,привычка: первый день окна,66,66,0.0,0.0,0.0,-40.35120206956388,-88.79137000897347,4.444515688820377,-0.30588059563592174,0.0,,,,0.0,1.0,0.0,0.0
KGS,wait,s10_k05,deadline,ждать до срока,66,66,63.958144903643024,-19.96351123387756,160.11499401170468,16.82227942010135,-22.677659044549277,61.91623569549238,0.12752058389992155,1.0,63.958144903643024,-19.96351123387756,160.11499401170468,0.3333333333333333,0.6666666666666666,5.0,191.87443471092908
KGS,wait,s10_k05,random,случайный день окна,66,66,44.2576410385045,-2.2955808714989954,96.30728767838563,0.0,0.0,0.0,0.0,,,,,0.2878787878787879,0.7121212121212122,,132.77292311551352
KGS,wait,s10_k05,calendar25,"календарь: первый день с 25-го, иначе срок",66,66,63.958144903643024,-19.96351123387756,160.11499401170468,16.82227942010135,-22.677659044549277,61.91623569549238,0.12752058389992155,0.0,,,,0.3333333333333333,0.6666666666666666,5.0,191.87443471092908
KGS,wait,s10_k05,screen,"экран: первый день с фактом уровня, иначе срок",66,66,18.004892699782886,-53.06613898320019,107.24412758816953,-27.49076834910217,-69.75405595450287,23.29271985524043,-0.20839261696878117,0.09090909090909091,157.20179574780926,76.18177077484154,241.61923967015036,0.2727272727272727,0.7272727272727273,3.106060606060606,54.01467809934866
KGS,wait,s10_k05,push,"первый пуш потока, иначе срок",66,66,36.04568083967366,-39.06563613325727,128.3436235771043,-10.247978089830946,-47.997005315301166,35.19866357697632,-0.07768436828170172,0.25757575757575757,126.24482428138812,71.91017769987319,182.28190868624492,0.3181818181818182,0.6818181818181818,3.8333333333333335,108.13704251902098
KGS,wait,s10_k05,push_or_calendar,"первый пуш, иначе календарь, иначе срок",66,66,36.04568083967366,-39.06563613325727,128.3436235771043,-10.247978089830946,-47.997005315301166,35.19866357697632,-0.07768436828170172,0.25757575757575757,126.24482428138812,71.91017769987319,182.28190868624492,0.3181818181818182,0.6818181818181818,3.8333333333333335,108.13704251902098
KGS,wait,s10_k05,oracle,оракул: лучший день окна,66,66,178.21840490224628,112.64370023814585,265.78995158041874,131.9181492558371,101.67704447016517,173.06066070833674,1.0,0.7424242424242424,240.04928007241335,158.80665252381587,354.73883207653813,0.0,1.0,2.5,534.6552147067388
KGS,wait,s10_k10,habit,привычка: первый день окна,66,66,0.0,0.0,0.0,-52.99465447853996,-123.34101389488318,11.787894187674466,-0.2481910119442601,0.0,,,,0.0,1.0,0.0,0.0
KGS,wait,s10_k10,deadline,ждать до срока,66,66,112.94020212975934,-0.7757975058948489,243.27832283252636,46.65043843212009,-11.135287291879711,107.78197180257737,0.21847900766670453,1.0,112.94020212975934,-0.7757975058948489,243.27832283252636,0.36363636363636365,0.6363636363636364,10.0,338.820606389278
KGS,wait,s10_k10,random,случайный день окна,66,66,61.24161586435991,-7.091277723767828,137.64777765643,0.0,0.0,0.0,0.0,,,,,0.36363636363636365,0.6363636363636364,,183.72484759307972
KGS,wait,s10_k10,calendar25,"календарь: первый день с 25-го, иначе срок",66,66,111.81354688404771,-1.8859134325332951,242.78760861188596,45.4955446585786,-11.880553161109061,107.50600206398208,0.2130702686690862,0.4696969696969697,58.79434899168827,-97.01432112485982,231.21803891546122,0.36363636363636365,0.6363636363636364,9.924242424242424,335.44064065214314
KGS,wait,s10_k10,screen,"экран: первый день с фактом уровня, иначе срок",66,66,48.45555787732876,-41.04536294003088,154.84845021750573,-13.198711419276968,-75.11864081533307,49.081292696926425,-0.061813810765331795,0.10606060606060606,185.14731688482865,99.3148274553438,277.01308754345854,0.24242424242424243,0.7575757575757576,5.96969696969697,145.3666736319863
KGS,wait,s10_k10,push,"первый пуш потока, иначе срок",66,66,75.96141802985073,-20.498653269713525,192.0880432108412,12.4545759413602,-40.25116897813685,71.37481154789488,0.05832878498103167,0.5606060606060606,113.03573950329553,16.373909322082618,206.15859944470176,0.2878787878787879,0.7121212121212122,6.742424242424242,227.8842540895522
KGS,wait,s10_k10,push_or_calendar,"первый пуш, иначе календарь, иначе срок",66,66,73.9407322306425,-22.89344219939168,190.94976815566767,10.406252113082322,-42.36967186240524,68.76902616163775,0.048735825677264664,0.696969696969697,62.36461277023525,-30.40155652820302,159.91157429177065,0.2878787878787879,0.7121212121212122,6.712121212121212,221.82219669192747
KGS,wait,s10_k10,oracle,оракул: лучший день окна,66,66,278.35090856379287,186.7566139402929,396.23056173729634,213.52366495222535,170.24860565428332,262.2068362202518,1.0,0.8181818181818182,340.2066660224136,235.65619344234625,468.7444235674122,0.0,1.0,5.136363636363637,835.0527256913786
KGS,wait,s10_k15,habit,привычка: первый день окна,65,65,0.0,0.0,0.0,-54.39815051124092,-139.87855007767274,27.27693566170131,-0.19473774439880395,0.0,,,,0.0,1.0,0.0,0.0
KGS,wait,s10_k15,deadline,ждать до срока,65,65,67.90783146007341,-76.0777526855255,240.1386457638368,-8.100665875307095,-76.19177096479707,71.55332494193645,-0.028999246957112788,1.0,67.90783146007341,-76.0777526855255,240.1386457638368,0.4,0.6,15.0,203.72349438022022
KGS,wait,s10_k15,random,случайный день окна,65,65,67.7851980561754,-16.686307863046483,165.15873900336507,0.0,0.0,0.0,0.0,,,,,0.3384615384615385,0.6615384615384615,,203.3555941685262
KGS,wait,s10_k15,calendar25,"календарь: первый день с 25-го, иначе срок",65,65,135.43349227176594,18.3659642618721,266.5073957462546,62.99713027260152,22.635360451334392,106.46214431516418,0.22552088513283125,1.0,135.43349227176594,18.3659642618721,266.5073957462546,0.3230769230769231,0.676923076923077,10.461538461538462,406.3004768152978
KGS,wait,s10_k15,screen,"экран: первый день с фактом уровня, иначе срок",65,65,41.73761039782228,-94.32705994574222,209.80082582156098,-31.42977680282401,-108.34194224386069,50.163055027384885,-0.11251418998657016,0.18461538461538463,239.7473379070036,157.71236519783213,336.59905991492997,0.27692307692307694,0.7230769230769231,8.646153846153846,125.21283119346683
KGS,wait,s10_k15,push,"первый пуш потока, иначе срок",65,65,74.18644256671209,-54.46946332950735,225.35024272941695,1.417934103845331,-62.8914180337609,67.66787416291247,0.00507600509381142,0.6307692307692307,215.39170950098253,61.583501015291866,437.9779604933872,0.2923076923076923,0.7076923076923077,8.153846153846153,222.55932770013627
KGS,wait,s10_k15,push_or_calendar,"первый пуш, иначе календарь, иначе срок",65,65,95.5759197101067,-17.52663108585268,239.26230839793362,24.36035689043982,-28.267073552600753,82.92367336881938,0.08720665884796634,0.8769230769230769,108.99008387994625,-19.011190181651795,271.63221946838104,0.26153846153846155,0.7384615384615385,7.030769230769231,286.7277591303201
KGS,wait,s10_k15,oracle,оракул: лучший день окна,65,65,352.87409627418,228.35247216059022,504.39891745275077,279.34055968029907,219.31900589864333,350.60756928199567,1.0,0.8615384615384616,409.58600460395894,278.0910290433245,578.0824694071281,0.0,1.0,7.292307692307692,1058.62228882254
KGS,wait,s15_k05,habit,привычка: первый день окна,66,66,0.0,0.0,0.0,-0.5900093070563137,-32.009113860439086,31.485338031526528,-0.004550389181247784,0.0,,,,0.0,1.0,0.0,0.0
KGS,wait,s15_k05,deadline,ждать до срока,66,66,11.987562189604215,-51.783913479619805,73.927307648464,8.452127611148594,-30.8402559581054,47.081768721717154,0.06518620906538575,1.0,11.987562189604215,-51.783913479619805,73.927307648464,0.42424242424242425,0.5757575757575758,5.0,35.96268656881264
KGS,wait,s15_k05,random,случайный день окна,66,66,2.301791977300534,-29.671311398527475,34.10641967534455,0.0,0.0,0.0,0.0,,,,,0.45454545454545453,0.5454545454545454,,6.9053759319016015
KGS,wait,s15_k05,calendar25,"календарь: первый день с 25-го, иначе срок",66,66,11.987562189604215,-51.783913479619805,73.927307648464,8.452127611148594,-30.8402559581054,47.081768721717154,0.06518620906538575,0.0,,,,0.42424242424242425,0.5757575757575758,5.0,35.96268656881264
KGS,wait,s15_k05,screen,"экран: первый день с фактом уровня, иначе срок",66,66,-3.962086217357999,-56.78202313243444,47.309376277936764,-6.946791565826623,-41.558591738964594,24.90018982300197,-0.05357645177367301,0.015151515151515152,201.3312035686643,,,0.25757575757575757,0.7424242424242424,3.0454545454545454,-11.886258652073996
KGS,wait,s15_k05,push,"первый пуш потока, иначе срок",66,66,-1.5592898356119107,-55.9944824930602,52.17167117799148,-4.587269101948036,-41.72925660406273,31.73896910647428,-0.03537886511845188,0.25757575757575757,73.38326859028973,17.87494312191947,140.95029694531,0.3181818181818182,0.6818181818181818,3.727272727272727,-4.677869506835732
KGS,wait,s15_k05,push_or_calendar,"первый пуш, иначе календарь, иначе срок",66,66,-1.5592898356119107,-55.9944824930602,52.17167117799148,-4.587269101948036,-41.72925660406273,31.73896910647428,-0.03537886511845188,0.25757575757575757,73.38326859028973,17.87494312191947,140.95029694531,0.3181818181818182,0.6818181818181818,3.727272727272727,-4.677869506835732
KGS,wait,s15_k05,oracle,оракул: лучший день окна,66,66,132.34523939847614,86.17086365563101,182.2925067530403,129.66128468478038,101.638674172909,159.25589358496183,1.0,0.696969696969697,189.88664783259625,129.89563728708893,257.9464714219158,0.0,1.0,2.4393939393939394,397.03571819542844
KGS,wait,s15_k10,habit,привычка: первый день окна,66,66,0.0,0.0,0.0,1.1546816542525071,-51.277879921867054,54.56114387142789,0.005443296259773564,0.0,,,,0.0,1.0,0.0,0.0
KGS,wait,s15_k10,deadline,ждать до срока,66,66,2.720984517098633,-105.98327615832945,117.57567139527146,-6.325257085205643,-68.50547595247328,55.54921906952275,-0.029817957276107258,1.0,2.720984517098633,-105.98327615832945,117.57567139527146,0.48484848484848486,0.5151515151515151,10.0,8.162953551295898
KGS,wait,s15_k10,random,случайный день окна,66,66,4.06963448503286,-49.3537544305251,57.30900861239283,0.0,0.0,0.0,0.0,,,,,0.48484848484848486,0.5151515151515151,,12.208903455098579
KGS,wait,s15_k10,calendar25,"календарь: первый день с 25-го, иначе срок",66,66,50.501664388074154,-28.019114394599733,133.5723489066538,44.51739751411835,11.64358360830429,82.3041428393727,0.20985990596717513,1.0,50.501664388074154,-28.019114394599733,133.5723489066538,0.4393939393939394,0.5606060606060606,7.0606060606060606,151.50499316422247
KGS,wait,s15_k10,screen,"экран: первый день с фактом уровня, иначе срок",66,66,15.895158126084054,-86.69611223942647,120.13485143010064,8.447486805203726,-50.32973525432197,66.9644091300317,0.03982238148662621,0.12121212121212122,363.4851493021077,171.29191625982946,671.3290815315845,0.30303030303030304,0.696969696969697,5.818181818181818,47.68547437825216
KGS,wait,s15_k10,push,"первый пуш потока, иначе срок",66,66,24.775652865363313,-68.66026741563329,125.59678343780402,17.969061986638735,-33.6091860077158,74.00301426510059,0.0847081336602933,0.5909090909090909,125.82891756185118,12.832647239445237,268.13393752760174,0.36363636363636365,0.6363636363636364,5.681818181818182,74.32695859608994
KGS,wait,s15_k10,push_or_calendar,"первый пуш, иначе календарь, иначе срок",66,66,42.86486167514175,-36.495890991330874,138.89603913818615,37.06209956507009,-6.639497589787073,86.36275260178527,0.1747148118262081,0.8484848484848485,50.5193012599885,-44.04757066399494,154.63169877400458,0.36363636363636365,0.6363636363636364,4.893939393939394,128.59458502542526
KGS,wait,s15_k10,oracle,оракул: лучший день окна,66,66,216.99800646092177,140.98174740480923,307.63922671958863,212.12912161068758,163.45365896281072,265.9376680023441,1.0,0.7575757575757576,286.43736852841675,195.247959440952,399.0943446167329,0.0,1.0,4.303030303030303,650.9940193827654
KGS,wait,s15_k15,habit,привычка: первый день окна,65,65,0.0,0.0,0.0,11.062467917945064,-57.61339174408803,82.53003518842463,0.03867483516392913,0.0,,,,0.0,1.0,0.0,0.0
KGS,wait,s15_k15,deadline,ждать до срока,65,65,-45.97625463296324,-173.2990852294754,83.55423286593008,-49.487390395427255,-128.55386181097379,30.40017316869951,-0.17300991789829145,1.0,-45.97625463296324,-173.2990852294754,83.55423286593008,0.5230769230769231,0.47692307692307695,15.0,-137.9287638988897
KGS,wait,s15_k15,random,случайный день окна,65,65,-2.0835571391763725,-73.1617393639182,67.82166895061484,0.0,0.0,0.0,0.0,,,,,0.46153846153846156,0.5384615384615384,,-6.250671417529118
KGS,wait,s15_k15,calendar25,"календарь: первый день с 25-го, иначе срок",65,65,57.753951048194246,-22.140462153890407,137.21741486020315,59.94794206910003,25.964333995415828,96.80268105275321,0.2095804295331137,1.0,57.753951048194246,-22.140462153890407,137.21741486020315,0.4307692307692308,0.5692307692307692,7.046153846153846,173.26185314458274
KGS,wait,s15_k15,screen,"экран: первый день с фактом уровня, иначе срок",65,65,-10.523685128658194,-124.51243027687768,93.3395880117907,-12.225493462076562,-80.71135969780586,52.212412778624035,-0.042740819494402116,0.13846153846153847,330.2304167945463,149.25063307074134,609.9771426720581,0.27692307692307694,0.7230769230769231,8.415384615384616,-31.57105538597458
KGS,wait,s15_k15,push,"первый пуш потока, иначе срок",65,65,-3.1833487390252597,-118.7839441399514,112.48918659950188,-5.620245860885774,-72.87193516250858,54.03235383242902,-0.019648606790345288,0.6307692307692307,110.69882383146867,-1.4444289237805414,247.33877835175275,0.35384615384615387,0.6461538461538462,6.969230769230769,-9.550046217075778
KGS,wait,s15_k15,push_or_calendar,"первый пуш, иначе календарь, иначе срок",65,65,47.68885318339887,-31.391963590433086,140.52840132746482,49.5364077228286,10.760765963025138,89.16871416750793,0.17318128445695496,0.8615384615384616,55.35313315930226,-37.27125212851332,157.81465282798928,0.36923076923076925,0.6307692307692307,5.107692307692307,143.06655955019662
KGS,wait,s15_k15,oracle,оракул: лучший день окна,65,65,284.3200559377537,187.35134509313366,401.29571908316024,286.03788150757777,223.65254677934283,359.8711327920603,1.0,0.8153846153846154,348.6944082255469,237.717664730417,489.0703326715647,0.0,1.0,6.876923076923077,852.960167813261
KGS,wait,s20_k05,habit,привычка: первый день окна,66,66,0.0,0.0,0.0,3.4897026484445837,-40.886029010072825,53.56601497717601,0.02592672034163828,0.0,,,,0.0,1.0,0.0,0.0
KGS,wait,s20_k05,deadline,ждать до срока,66,66,-9.470893932873594,-92.15966843070332,66.82078665763018,-12.235161100478868,-57.04065825202349,27.402040007343803,-0.09090104004374007,1.0,-9.470893932873594,-92.15966843070332,66.82078665763018,0.3939393939393939,0.6060606060606061,5.0,-28.41268179862078
KGS,wait,s20_k05,random,случайный день окна,66,66,0.2540038826292574,-47.22017990173702,44.00226662927129,0.0,0.0,0.0,0.0,,,,,0.36363636363636365,0.6363636363636364,,0.7620116478877721
KGS,wait,s20_k05,calendar25,"календарь: первый день с 25-го, иначе срок",66,66,44.48472839848123,-11.28882657659795,99.92615619243666,43.91590413804797,19.4656099788579,70.99901444188407,0.3262728890797774,1.0,44.48472839848123,-11.28882657659795,99.92615619243666,0.3484848484848485,0.6515151515151515,3.4696969696969697,133.45418519544367
KGS,wait,s20_k05,screen,"экран: первый день с фактом уровня, иначе срок",66,66,10.933554898217576,-62.57493096516995,76.61512791014549,9.289075063611957,-29.19446256292036,48.571587718267985,0.06901311534783548,0.09090909090909091,309.185963685491,135.9616617046222,526.1909117951931,0.24242424242424243,0.7575757575757576,3.212121212121212,32.80066469465273
KGS,wait,s20_k05,push,"первый пуш потока, иначе срок",66,66,19.550289167431224,-51.326724073580664,83.93721169599114,17.69987216733239,-14.040584405667216,50.07521964138765,0.13150107100664088,0.5757575757575758,73.09939242918247,7.29577261617388,145.64876666767813,0.3181818181818182,0.6818181818181818,3.4545454545454546,58.65086750229368
KGS,wait,s20_k05,push_or_calendar,"первый пуш, иначе календарь, иначе срок",66,66,30.0531664064135,-23.615271212517683,84.19788167909294,29.556129028109826,6.744462362312745,53.667311298634516,0.2195870447686223,0.9242424242424242,32.51654070202117,-25.778725624528434,90.56230902746371,0.3484848484848485,0.6515151515151515,2.8636363636363638,90.1594992192405
KGS,wait,s20_k05,oracle,оракул: лучший день окна,66,66,133.18624478725593,93.41773775982745,178.3504789177653,134.59869210067907,99.27697253312482,175.63513395032166,1.0,0.7575757575757576,175.80584311917784,129.91992912994326,228.05565592496134,0.0,1.0,2.4242424242424243,399.5587343617678
KGS,wait,s20_k10,habit,привычка: первый день окна,65,65,0.0,0.0,0.0,12.001353384670312,-48.34134186700711,82.19849886055965,0.05452156161022655,0.0,,,,0.0,1.0,0.0,0.0
KGS,wait,s20_k10,deadline,ждать до срока,65,65,-41.742876312774726,-141.4935570710811,51.587969627254324,-40.99456105833999,-89.01293484326524,7.372667288225109,-0.18623628642428128,1.0,-41.742876312774726,-141.4935570710811,51.587969627254324,0.5076923076923077,0.49230769230769234,10.0,-125.22862893832418
KGS,wait,s20_k10,random,случайный день окна,65,65,-4.209642170224289,-69.56093697909643,54.018437778985984,0.0,0.0,0.0,0.0,,,,,0.4461538461538462,0.5538461538461539,,-12.62892651067287
KGS,wait,s20_k10,calendar25,"календарь: первый день с 25-го, иначе срок",65,65,48.972166988640446,-6.333482340904997,102.95938715943565,55.40356746970055,23.352694534969196,92.76284791361434,0.25169569801052927,1.0,48.972166988640446,-6.333482340904997,102.95938715943565,0.3384615384615385,0.6615384615384615,3.476923076923077,146.91650096592133
KGS,wait,s20_k10,screen,"экран: первый день с фактом уровня, иначе срок",65,65,-12.344251778111067,-101.4922497152434,66.79042471276256,-9.734782013685189,-58.201497230674775,36.408072078789885,-0.044224638697766556,0.15384615384615385,251.40986553478737,146.1269375812613,396.72308348202785,0.3230769230769231,0.676923076923077,5.969230769230769,-37.0327553343332
KGS,wait,s20_k10,push,"первый пуш потока, иначе срок",65,65,0.032842165050471606,-96.23314148856299,86.86013279061248,1.2780266924425083,-45.019071655286666,43.91715764122693,0.005806012773569575,0.6615384615384615,93.21823771556477,16.749863374683475,176.7023372827791,0.4,0.6,5.046153846153846,0.09852649515141482
KGS,wait,s20_k10,push_or_calendar,"первый пуш, иначе календарь, иначе срок",65,65,45.70825632167311,-14.08841107481612,108.87303131845199,51.40251252220386,17.94842257600475,86.85569938789457,0.2335191010190196,0.9384615384615385,48.70551903129102,-16.654547811913474,117.61553885486653,0.35384615384615387,0.6461538461538462,3.169230769230769,137.12476896501934
KGS,wait,s20_k10,oracle,оракул: лучший день окна,65,65,213.43989147040918,141.5126764663722,297.0538437616547,220.12123332907674,164.95680545813545,286.8004182192261,1.0,0.8153846153846154,261.7659046335207,182.98936616690324,359.27953000315216,0.0,1.0,4.492307692307692,640.3196744112275
KGS,wait,s20_k15,habit,привычка: первый день окна,65,65,0.0,0.0,0.0,22.029622434237297,-50.13990251901651,101.57304480834891,0.07573183972412934,0.0,,,,0.0,1.0,0.0,0.0
KGS,wait,s20_k15,deadline,ждать до срока,65,65,-17.10291888366565,-123.17667463614485,98.9009436240206,-7.883613525437526,-69.17889759881405,56.75237919186283,-0.02710171532615663,1.0,-17.10291888366565,-123.17667463614485,98.9009436240206,0.47692307692307695,0.5230769230769231,15.0,-51.308756650996955
KGS,wait,s20_k15,random,случайный день окна,65,65,-11.3760807254466,-85.22746338252438,57.72116329518862,0.0,0.0,0.0,0.0,,,,,0.4461538461538462,0.5538461538461539,,-34.128242176339796
KGS,wait,s20_k15,calendar25,"календарь: первый день с 25-го, иначе срок",65,65,48.972166988640446,-6.333482340904997,102.95938715943565,64.98099910988404,18.950385147070154,113.78444625785365,0.22338697017591017,1.0,48.972166988640446,-6.333482340904997,102.95938715943565,0.3384615384615385,0.6615384615384615,3.476923076923077,146.91650096592133
KGS,wait,s20_k15,screen,"экран: первый день с фактом уровня, иначе срок",65,65,20.13181996761053,-74.08324459570554,125.54397478713634,30.977336526698537,-28.70595442806737,91.51617909916334,0.106491642874204,0.2,462.3158417797826,220.36329933949557,790.5890223823186,0.27692307692307694,0.7230769230769231,8.553846153846154,60.39545990283158
KGS,wait,s20_k15,push,"первый пуш потока, иначе срок",65,65,-3.1464519334230507,-85.62045850612776,80.13949643247204,8.982526129796868,-37.33811764110186,52.85155689528326,0.03087947744952498,0.6615384615384615,93.21823771556477,16.749863374683475,176.7023372827791,0.4153846153846154,0.5846153846153846,6.430769230769231,-9.439355800269151
KGS,wait,s20_k15,push_or_calendar,"первый пуш, иначе календарь, иначе срок",65,65,45.70825632167311,-14.08841107481612,108.87303131845199,60.65982351371662,19.645224338714502,103.66780049586788,0.20853194582650625,0.9384615384615385,48.70551903129102,-16.654547811913474,117.61553885486653,0.35384615384615387,0.6461538461538462,3.169230769230769,137.12476896501934
KGS,wait,s20_k15,oracle,оракул: лучший день окна,65,65,277.5311527708039,183.37489878453695,394.7583149221193,290.8898359591589,220.89600872166963,376.8498858036332,1.0,0.8769230769230769,316.4828935105658,210.71620117180916,443.0105137852034,0.0,1.0,7.461538461538462,832.5934583124116
KGS,wait,s25_k05,habit,привычка: первый день окна,65,65,0.0,0.0,0.0,52.87748225870314,10.972936008713614,99.66971850288644,0.3683252634251375,0.0,,,,0.0,1.0,0.0,0.0
KGS,wait,s25_k05,deadline,ждать до срока,65,65,-86.248725214219,-140.40659779779892,-33.015988165201875,-37.53810346024897,-66.64182172521805,-9.519607560752103,-0.26147674312160724,1.0,-86.248725214219,-140.40659779779892,-33.015988165201875,0.6307692307692307,0.36923076923076925,5.0,-258.74617564265697
KGS,wait,s25_k05,random,случайный день окна,65,65,-49.213378945870545,-93.17799388552645,-8.93959534176496,0.0,0.0,0.0,0.0,,,,,0.5538461538461539,0.4461538461538462,,-147.64013683761164
KGS,wait,s25_k05,calendar25,"календарь: первый день с 25-го, иначе срок",65,65,0.0,0.0,0.0,52.87748225870314,10.972936008713614,99.66971850288644,0.3683252634251375,0.0,,,,0.0,1.0,0.0,0.0
KGS,wait,s25_k05,screen,"экран: первый день с фактом уровня, иначе срок",65,65,-46.85798949374943,-94.21788022880047,-1.8863326231798596,3.2333820659597645,-30.262238518482125,41.32014155985528,0.022522560650147606,0.07692307692307693,128.52523582879093,63.76533283590735,193.28513882167454,0.3384615384615385,0.6615384615384615,3.0615384615384613,-140.5739684812483
KGS,wait,s25_k05,push,"первый пуш потока, иначе срок",65,65,-40.60112052200088,-96.26585218607913,12.436315410258025,8.419473390023086,-20.41433769300058,38.593681583558805,0.058646982076586585,0.26153846153846155,77.90421474536484,2.724244652635019,180.43250806460136,0.4,0.6,3.353846153846154,-121.80336156600265
KGS,wait,s25_k05,push_or_calendar,"первый пуш, иначе календарь, иначе срок",65,65,20.37494847186465,-0.5018240068727229,48.81968667498399,72.71104447437123,32.81565909131747,118.72078127009941,0.5064786269306859,0.26153846153846155,77.90421474536484,2.724244652635019,180.43250806460136,0.06153846153846154,0.9384615384615385,0.7384615384615385,61.12484541559395
KGS,wait,s25_k05,oracle,оракул: лучший день окна,65,65,91.80789365919911,56.99881307709648,134.9074108622848,143.56192069743963,106.50828197457538,186.91757408757226,1.0,0.6307692307692307,145.54909970360833,98.79133800328874,207.9776224366182,0.0,1.0,2.076923076923077,275.4236809775973
KGS,wait,s25_k10,habit,привычка: первый день окна,65,65,0.0,0.0,0.0,73.31699225586887,15.323098688052374,137.120046156621,0.2998316431071279,0.0,,,,0.0,1.0,0.0,0.0
KGS,wait,s25_k10,deadline,ждать до срока,65,65,-36.30113117442895,-137.49374372944868,75.33637825960587,26.890911002268624,-32.91703461872535,96.80270549311119,0.10997104194235872,1.0,-36.30113117442895,-137.49374372944868,75.33637825960587,0.46153846153846156,0.5384615384615384,10.0,-108.90339352328685
KGS,wait,s25_k10,random,случайный день окна,65,65,-66.39071141808996,-126.02619549733313,-10.240241862811864,0.0,0.0,0.0,0.0,,,,,0.5846153846153846,0.4153846153846154,,-199.1721342542699
KGS,wait,s25_k10,calendar25,"календарь: первый день с 25-го, иначе срок",65,65,0.0,0.0,0.0,73.31699225586887,15.323098688052374,137.120046156621,0.2998316431071279,0.0,,,,0.0,1.0,0.0,0.0
KGS,wait,s25_k10,screen,"экран: первый день с фактом уровня, иначе срок",65,65,-17.26222452851044,-92.16972279844947,62.82278180655488,49.85188213446725,-2.6948515802490722,107.7176578933602,0.20387049812676544,0.12307692307692308,295.0231822111751,87.52027869054812,653.2985974519565,0.26153846153846155,0.7384615384615385,5.846153846153846,-51.786673585531325
KGS,wait,s25_k10,push,"первый пуш потока, иначе срок",65,65,-74.3692079797937,-145.28363691768004,-3.544276660518412,-7.9714747068499525,-48.746303104345415,33.37883692160849,-0.03259954187701159,0.36923076923076925,-14.831828567135696,-144.89649684398313,106.13412866442468,0.38461538461538464,0.6153846153846154,5.7384615384615385,-223.10762393938109
KGS,wait,s25_k10,push_or_calendar,"первый пуш, иначе календарь, иначе срок",65,65,-5.476367470942411,-57.38077363328064,40.46917445741481,64.97507510613002,12.610837318682583,119.3733446804661,0.2657171677486613,0.36923076923076925,-14.831828567135696,-144.89649684398313,106.13412866442468,0.12307692307692308,0.8769230769230769,1.5846153846153845,-16.42910241282723
KGS,wait,s25_k10,oracle,оракул: лучший день окна,65,65,174.4213956383951,109.05276208547524,257.3677028950907,244.52720031845732,181.77397891995892,319.1094863861876,1.0,0.7384615384615385,236.19563992699332,151.77891020168394,344.142743146197,0.0,1.0,4.723076923076923,523.2641869151853
KGS,wait,s25_k15,habit,привычка: первый день окна,65,65,0.0,0.0,0.0,67.71646167331936,4.411463563748162,129.62250470878104,0.2168167121416836,0.0,,,,0.0,1.0,0.0,0.0
KGS,wait,s25_k15,deadline,ждать до срока,65,65,-14.131444737270169,-113.2663268349426,95.27408967730315,44.870849067851154,-22.583953940226625,118.84314888165473,0.14366890598671658,1.0,-14.131444737270169,-113.2663268349426,95.27408967730315,0.5230769230769231,0.47692307692307695,15.0,-42.39433421181051
KGS,wait,s25_k15,random,случайный день окна,65,65,-60.5060908893688,-120.73605225850815,2.0022840836896965,0.0,0.0,0.0,0.0,,,,,0.5384615384615384,0.46153846153846156,,-181.5182726681064
KGS,wait,s25_k15,calendar25,"календарь: первый день с 25-го, иначе срок",65,65,0.0,0.0,0.0,67.71646167331936,4.411463563748162,129.62250470878104,0.2168167121416836,0.0,,,,0.0,1.0,0.0,0.0
KGS,wait,s25_k15,screen,"экран: первый день с фактом уровня, иначе срок",65,65,-14.845134049311515,-91.0731935385684,66.82882556390837,47.43468461855453,-15.084277148883912,112.28303110378975,0.15187787587142765,0.2,299.06398664750736,143.8918277918412,533.243239052788,0.2923076923076923,0.7076923076923077,8.338461538461539,-44.53540214793455
KGS,wait,s25_k15,push,"первый пуш потока, иначе срок",65,65,-61.9734339368134,-135.39450957408798,8.928614990877145,-0.0003594709398984063,-53.11783669429139,55.67354404374254,-1.1509654428675164e-06,0.4461538461538462,23.927996849232418,-95.47999107498893,135.54321675930692,0.38461538461538464,0.6153846153846154,7.676923076923077,-185.9203018104402
KGS,wait,s25_k15,push_or_calendar,"первый пуш, иначе календарь, иначе срок",65,65,10.675567825042155,-44.389454321404216,61.79919130669767,75.66218239132859,18.041516716427683,133.25436971320983,0.24225757244513324,0.4461538461538462,23.927996849232418,-95.47999107498893,135.54321675930692,0.12307692307692308,0.8769230769230769,2.6,32.02670347512646
KGS,wait,s25_k15,oracle,оракул: лучший день окна,65,65,249.2302212451998,168.16274281363349,349.67664403921555,312.3212274756226,249.98410184650658,382.70336873970734,1.0,0.7538461538461538,330.6115179783263,231.53441352209822,452.85383088296976,0.0,1.0,7.276923076923077,747.6906637355994
KGS,wait,all,habit,привычка: первый день окна,983,66,0.0,0.0,0.0,0.3892897175446983,-38.69878042128818,42.0370896821215,0.001785862963398034,0.0,,,,0.0,1.0,0.0,0.0
KGS,wait,all,deadline,ждать до срока,983,66,14.701106916179505,-58.51639538087681,87.7875477733501,5.520121131809342,-28.561003723316485,39.69857624710138,0.025323504419654294,1.0,14.701106916179505,-58.51639538087681,87.7875477733501,0.4506612410986775,0.5493387589013224,9.984740590030519,44.103320748538515
KGS,wait,all,random,случайный день окна,983,66,5.8854381160167675,-34.64511558668876,45.48757061388224,0.0,0.0,0.0,0.0,,,,,0.4242115971515768,0.5757884028484231,,17.656314348050305
KGS,wait,all,calendar25,"календарь: первый день с 25-го, иначе срок",983,66,53.655304137557216,-1.5710570977355534,112.77551434432011,47.837051529766576,19.618416195708292,78.36337826968922,0.2194520295680922,0.49949135300101727,71.71824131575188,-4.584196985517337,152.11292899197977,0.3051881993896236,0.6948118006103764,5.578840284842319,160.96591241267166
KGS,wait,all,screen,"экран: первый день с фактом уровня, иначе срок",983,66,7.61080194464127,-59.65258577727171,79.1606283702378,0.7127961159187803,-32.86676397790758,38.46558455993654,0.0032699455611158302,0.13123092573753814,297.39114189311516,174.59796157055035,456.8370829944417,0.28179043743641913,0.7182095625635809,5.8056968463886065,22.83240583392381
KGS,wait,all,push,"первый пуш потока, иначе срок",983,66,9.615835572092665,-47.941806919975704,72.23793266890527,2.4889453459125703,-22.67443300952461,33.48435713029987,0.0114180136563119,0.4862665310274669,103.43695686417854,40.785057582014566,181.00613886591324,0.35198372329603256,0.6480162767039674,5.721261444557477,28.847506716277998
KGS,wait,all,push_or_calendar,"первый пуш, иначе календарь, иначе срок",983,66,35.82785732720461,-11.374934605417264,92.97984703978503,30.408760315933527,4.140792227058385,59.527898852432585,0.13949990550376706,0.6185147507629705,61.643586405186994,2.0343427148079822,130.517476370918,0.28891149542217703,0.711088504577823,4.2817904374364195,107.48357198161384
KGS,wait,all,oracle,оракул: лучший день окна,983,66,224.22216732288135,162.35920182970403,304.83094598845327,217.98409257784314,173.99562867439633,268.4444270557682,1.0,0.7904374364191251,283.66845621414717,210.20152455924125,377.1403835356374,0.0,1.0,4.78942014242116,672.6665019686441
KGS,accelerate,a05_h15,habit,привычка: первый день окна,66,66,0.0,0.0,0.0,41.863836833245806,-0.9564155996179435,84.94532384867077,0.24104558467735085,0.0,,,,0.0,1.0,6.484848484848484,0.0
KGS,accelerate,a05_h15,deadline,ждать до срока,66,66,0.0,0.0,0.0,41.863836833245806,-0.9564155996179435,84.94532384867077,0.24104558467735085,0.0,,,,0.0,1.0,6.484848484848484,0.0
KGS,accelerate,a05_h15,random,случайный день окна,66,66,-38.48084888260542,-81.19993902438463,5.226538373903882,0.0,0.0,0.0,0.0,,,,,0.5,0.5,,-115.44254664781627
KGS,accelerate,a05_h15,calendar25,"календарь: первый день с 25-го, иначе срок",66,66,0.0,0.0,0.0,41.863836833245806,-0.9564155996179435,84.94532384867077,0.24104558467735085,0.0,,,,0.0,1.0,6.484848484848484,0.0
KGS,accelerate,a05_h15,screen,"экран: первый день с фактом уровня, иначе срок",66,66,-41.087282338333075,-102.2375134136722,29.625110959801447,-3.0531623447888268,-45.70305781413729,46.259366319305826,-0.017579642913428443,0.4393939393939394,-93.50898739068906,-227.6186318021307,84.50156804242766,0.30303030303030304,0.696969696969697,4.045454545454546,-123.26184701499923
KGS,accelerate,a05_h15,push,"первый пуш потока, иначе срок",66,66,-46.23592775523171,-81.99588053941493,-10.477393474670606,-6.057802797745116,-44.04420708234539,30.10144697024074,-0.03487990417741531,0.42424242424242425,-108.98468685161761,-189.61364803638097,-31.113922833006832,0.2727272727272727,0.7272727272727273,4.757575757575758,-138.70778326569513
KGS,accelerate,a05_h15,push_or_calendar,"первый пуш, иначе календарь, иначе срок",66,66,-46.23592775523171,-81.99588053941493,-10.477393474670606,-6.057802797745116,-44.04420708234539,30.10144697024074,-0.03487990417741531,0.42424242424242425,-108.98468685161761,-189.61364803638097,-31.113922833006832,0.2727272727272727,0.7272727272727273,4.757575757575758,-138.70778326569513
KGS,accelerate,a05_h15,oracle,оракул: лучший день окна,66,66,134.6448915924387,82.46274956689082,212.1348032480631,173.67601605016839,132.25451823164974,228.12831520413005,1.0,0.7272727272727273,185.13672593960325,116.39275322939832,285.2660542450118,0.0,1.0,3.621212121212121,403.93467477731616
KGS,accelerate,a05_h20,habit,привычка: первый день окна,66,66,0.0,0.0,0.0,34.27019955950695,-19.22177104849598,91.61499646064495,0.15115059222879082,0.0,,,,0.0,1.0,10.075757575757576,0.0
KGS,accelerate,a05_h20,deadline,ждать до срока,66,66,0.0,0.0,0.0,34.27019955950695,-19.22177104849598,91.61499646064495,0.15115059222879082,0.0,,,,0.0,1.0,10.075757575757576,0.0
KGS,accelerate,a05_h20,random,случайный день окна,66,66,-29.276025768049664,-85.16294037030447,23.95536160650759,0.0,0.0,0.0,0.0,,,,,0.4090909090909091,0.5909090909090909,,-87.82807730414899
KGS,accelerate,a05_h20,calendar25,"календарь: первый день с 25-го, иначе срок",66,66,0.0,0.0,0.0,34.27019955950695,-19.22177104849598,91.61499646064495,0.15115059222879082,0.0,,,,0.0,1.0,10.075757575757576,0.0
KGS,accelerate,a05_h20,screen,"экран: первый день с фактом уровня, иначе срок",66,66,-52.45267945580035,-122.20877565947336,15.48901718641445,-22.024645509637264,-76.73522726891665,37.83300781013685,-0.09714090536970152,0.48484848484848486,-108.18365137758825,-238.46275485591747,24.94360479371021,0.2727272727272727,0.7272727272727273,5.893939393939394,-157.35803836740104
KGS,accelerate,a05_h20,push,"первый пуш потока, иначе срок",66,66,-41.727078473529396,-103.52358684841357,20.791383612514792,-11.833724529316173,-49.990645588914866,29.611381729535584,-0.05219329020167056,0.48484848484848486,-86.06209935165437,-208.21557688554532,41.867313214667874,0.24242424242424243,0.7575757575757576,6.681818181818182,-125.1812354205882
KGS,accelerate,a05_h20,push_or_calendar,"первый пуш, иначе календарь, иначе срок",66,66,-41.727078473529396,-103.52358684841357,20.791383612514792,-11.833724529316173,-49.990645588914866,29.611381729535584,-0.05219329020167056,0.48484848484848486,-86.06209935165437,-208.21557688554532,41.867313214667874,0.24242424242424243,0.7575757575757576,6.681818181818182,-125.1812354205882
KGS,accelerate,a05_h20,oracle,оракул: лучший день окна,66,66,194.6323244253599,141.4165280068935,258.6526065516073,226.72884739765666,173.6679981459776,291.5028014277522,1.0,0.8333333333333334,233.55878931043185,171.0665718069944,307.2312443561365,0.0,1.0,4.893939393939394,583.8969732760797
KGS,accelerate,a05_h25,habit,привычка: первый день окна,66,66,0.0,0.0,0.0,64.11317844432405,-5.260449647087797,135.44926836906166,0.234853732564864,0.0,,,,0.0,1.0,13.545454545454545,0.0
KGS,accelerate,a05_h25,deadline,ждать до срока,66,66,0.0,0.0,0.0,64.11317844432405,-5.260449647087797,135.44926836906166,0.234853732564864,0.0,,,,0.0,1.0,13.545454545454545,0.0
KGS,accelerate,a05_h25,random,случайный день окна,66,66,-55.96109439936527,-124.3889231493765,11.924160036869726,0.0,0.0,0.0,0.0,,,,,0.5757575757575758,0.42424242424242425,,-167.88328319809582
KGS,accelerate,a05_h25,calendar25,"календарь: первый день с 25-го, иначе срок",66,66,0.0,0.0,0.0,64.11317844432405,-5.260449647087797,135.44926836906166,0.234853732564864,0.0,,,,0.0,1.0,13.545454545454545,0.0
KGS,accelerate,a05_h25,screen,"экран: первый день с фактом уровня, иначе срок",66,66,-60.51060114894307,-136.58375327144992,10.020545256500485,-1.3083830668565226,-71.44795394969339,73.89844596976744,-0.004792753289290741,0.5,-121.02120229788616,-274.458901827129,17.244386044771048,0.2727272727272727,0.7272727272727273,7.681818181818182,-181.5318034468292
KGS,accelerate,a05_h25,push,"первый пуш потока, иначе срок",66,66,-45.36165689129478,-123.56465607904796,31.608680248457535,11.756969707413615,-39.05945958702953,68.69046586024962,0.04306709301327068,0.6515151515151515,-69.62486871687105,-180.0622887682524,52.94750694595585,0.3939393939393939,0.6060606060606061,8.257575757575758,-136.08497067388433
KGS,accelerate,a05_h25,push_or_calendar,"первый пуш, иначе календарь, иначе срок",66,66,-45.36165689129478,-123.56465607904796,31.608680248457535,11.756969707413615,-39.05945958702953,68.69046586024962,0.04306709301327068,0.6515151515151515,-69.62486871687105,-180.0622887682524,52.94750694595585,0.3939393939393939,0.6060606060606061,8.257575757575758,-136.08497067388433
KGS,accelerate,a05_h25,oracle,оракул: лучший день окна,66,66,211.88059861105617,151.6691355554711,279.9138025483709,272.99195011353163,217.61826509753914,340.3336585131558,1.0,0.8181818181818182,258.96517608017973,191.1577525797184,329.1298290659221,0.0,1.0,6.4393939393939394,635.6417958331684
KGS,accelerate,a10_h15,habit,привычка: первый день окна,66,66,0.0,0.0,0.0,32.48494010650002,2.2312849047818344,65.28559046568512,0.3092485870074728,0.0,,,,0.0,1.0,3.393939393939394,0.0
KGS,accelerate,a10_h15,deadline,ждать до срока,66,66,0.0,0.0,0.0,32.48494010650002,2.2312849047818344,65.28559046568512,0.3092485870074728,0.0,,,,0.0,1.0,3.393939393939394,0.0
KGS,accelerate,a10_h15,random,случайный день окна,66,66,-30.75541307418274,-62.894718292416734,-0.8603267789804159,0.0,0.0,0.0,0.0,,,,,0.45454545454545453,0.5454545454545454,,-92.26623922254822
KGS,accelerate,a10_h15,calendar25,"календарь: первый день с 25-го, иначе срок",66,66,0.0,0.0,0.0,32.48494010650002,2.2312849047818344,65.28559046568512,0.3092485870074728,0.0,,,,0.0,1.0,3.393939393939394,0.0
KGS,accelerate,a10_h15,screen,"экран: первый день с фактом уровня, иначе срок",66,66,-50.87801005838691,-89.24401823929767,-18.190539900918996,-19.40800018708289,-53.6625297984701,16.623280499522465,-0.18475935663785362,0.3787878787878788,-134.31794655414143,-221.81599178934943,-56.366948138100746,0.2727272727272727,0.7272727272727273,2.227272727272727,-152.63403017516072
KGS,accelerate,a10_h15,push,"первый пуш потока, иначе срок",66,66,-25.576939988411535,-51.84502772326765,-2.461203474384919,6.332847510624141,-24.626361757643735,40.274745027925185,0.06028714037870243,0.21212121212121213,-120.57700280251153,-222.5129884503515,-18.365302570843777,0.15151515151515152,0.8484848484848485,2.8333333333333335,-76.73081996523462
KGS,accelerate,a10_h15,push_or_calendar,"первый пуш, иначе календарь, иначе срок",66,66,-25.576939988411535,-51.84502772326765,-2.461203474384919,6.332847510624141,-24.626361757643735,40.274745027925185,0.06028714037870243,0.21212121212121213,-120.57700280251153,-222.5129884503515,-18.365302570843777,0.15151515151515152,0.8484848484848485,2.8333333333333335,-76.73081996523462
KGS,accelerate,a10_h15,oracle,оракул: лучший день окна,66,66,73.29052875963913,47.11799716462456,103.61141938566035,105.04474869505238,81.07489425461891,134.14832822496638,1.0,0.6363636363636364,115.17083090800435,79.21131941398403,156.81427720314068,0.0,1.0,1.9545454545454546,219.8715862789174
KGS,accelerate,a10_h20,habit,привычка: первый день окна,66,66,0.0,0.0,0.0,24.091263749399705,-19.05179140168362,71.85840843183959,0.1501854338505633,0.0,,,,0.0,1.0,6.984848484848484,0.0
KGS,accelerate,a10_h20,deadline,ждать до срока,66,66,0.0,0.0,0.0,24.091263749399705,-19.05179140168362,71.85840843183959,0.1501854338505633,0.0,,,,0.0,1.0,6.984848484848484,0.0
KGS,accelerate,a10_h20,random,случайный день окна,66,66,-20.861083267878588,-66.97006249341369,22.001275675616576,0.0,0.0,0.0,0.0,,,,,0.42424242424242425,0.5757575757575758,,-62.58324980363576
KGS,accelerate,a10_h20,calendar25,"календарь: первый день с 25-го, иначе срок",66,66,0.0,0.0,0.0,24.091263749399705,-19.05179140168362,71.85840843183959,0.1501854338505633,0.0,,,,0.0,1.0,6.984848484848484,0.0
KGS,accelerate,a10_h20,screen,"экран: первый день с фактом уровня, иначе срок",66,66,-59.21142240070583,-119.65129175328252,-10.976618194699906,-37.68654586024792,-82.68551074260937,4.233853201358675,-0.23493870222941363,0.42424242424242425,-139.56978137309233,-264.3485073331067,-28.352756711539158,0.24242424242424243,0.7575757575757576,4.2727272727272725,-177.63426720211748
KGS,accelerate,a10_h20,push,"первый пуш потока, иначе срок",66,66,-31.417216812482117,-70.64689868157227,3.4879393184676277,-8.6230741840578,-50.04268699904913,36.71760498789346,-0.053756421868511664,0.3939393939393939,-79.75139652399305,-170.58642587036644,5.237863983885002,0.21212121212121213,0.7878787878787878,5.075757575757576,-94.25165043744634
KGS,accelerate,a10_h20,push_or_calendar,"первый пуш, иначе календарь, иначе срок",66,66,-31.417216812482117,-70.64689868157227,3.4879393184676277,-8.6230741840578,-50.04268699904913,36.71760498789346,-0.053756421868511664,0.3939393939393939,-79.75139652399305,-170.58642587036644,5.237863983885002,0.21212121212121213,0.7878787878787878,5.075757575757576,-94.25165043744634
KGS,accelerate,a10_h20,oracle,оракул: лучший день окна,66,66,137.81810364260738,101.1979900035353,182.49324860242083,160.41012188552762,125.41147474532617,201.22948482932554,1.0,0.8333333333333334,165.38172437112888,124.09927607544827,213.9911409151055,0.0,1.0,3.106060606060606,413.4543109278221
KGS,accelerate,a10_h25,habit,привычка: первый день окна,66,66,0.0,0.0,0.0,54.9121569423478,-2.5508950184442893,118.81134012090845,0.2508151332624885,0.0,,,,0.0,1.0,10.454545454545455,0.0
KGS,accelerate,a10_h25,deadline,ждать до срока,66,66,0.0,0.0,0.0,54.9121569423478,-2.5508950184442893,118.81134012090845,0.2508151332624885,0.0,,,,0.0,1.0,10.454545454545455,0.0
KGS,accelerate,a10_h25,random,случайный день окна,66,66,-48.56988163347427,-109.52832244367534,8.23239141089874,0.0,0.0,0.0,0.0,,,,,0.5,0.5,,-145.7096449004228
KGS,accelerate,a10_h25,calendar25,"календарь: первый день с 25-го, иначе срок",66,66,0.0,0.0,0.0,54.9121569423478,-2.5508950184442893,118.81134012090845,0.2508151332624885,0.0,,,,0.0,1.0,10.454545454545455,0.0
KGS,accelerate,a10_h25,screen,"экран: первый день с фактом уровня, иначе срок",66,66,-59.77304724875586,-129.13728446815003,1.4817626515912956,-8.746401244907283,-73.38300640430033,54.283592813142924,-0.03994980193751649,0.4393939393939394,-136.03521097992711,-285.3322449620621,-1.3070433472053498,0.25757575757575757,0.7424242424242424,6.2727272727272725,-179.31914174626758
KGS,accelerate,a10_h25,push,"первый пуш потока, иначе срок",66,66,-44.04765082376936,-95.73180543728398,2.3685266559837177,8.05402032473358,-45.216967458603214,67.14057946581575,0.03678730345937263,0.6060606060606061,-72.67862385921946,-149.77251927406007,4.6315599119428255,0.3181818181818182,0.6818181818181818,6.893939393939394,-132.14295247130806
KGS,accelerate,a10_h25,push_or_calendar,"первый пуш, иначе календарь, иначе срок",66,66,-44.04765082376936,-95.73180543728398,2.3685266559837177,8.05402032473358,-45.216967458603214,67.14057946581575,0.03678730345937263,0.6060606060606061,-72.67862385921946,-149.77251927406007,4.6315599119428255,0.3181818181818182,0.6818181818181818,6.893939393939394,-132.14295247130806
KGS,accelerate,a10_h25,oracle,оракул: лучший день окна,66,66,167.06371448842268,115.63839971253876,224.70621977891514,218.9347836714459,175.97663788417697,267.34382920576104,1.0,0.7575757575757576,220.52410312471793,160.7667188927422,286.5353497451225,0.0,1.0,5.53030303030303,501.191143465268
KGS,accelerate,all,habit,привычка: первый день окна,396,66,0.0,0.0,0.0,41.955929272554044,0.28339899988082906,88.74322108509122,0.2174283277906649,0.0,,,,0.0,1.0,8.48989898989899,0.0
KGS,accelerate,all,deadline,ждать до срока,396,66,0.0,0.0,0.0,41.955929272554044,0.28339899988082906,88.74322108509122,0.2174283277906649,0.0,,,,0.0,1.0,8.48989898989899,0.0
KGS,accelerate,all,random,случайный день окна,396,66,-37.31739117092599,-82.35385479855152,3.194334752362154,0.0,0.0,0.0,0.0,,,,,0.4772727272727273,0.5227272727272727,,-111.95217351277796
KGS,accelerate,all,calendar25,"календарь: первый день с 25-го, иначе срок",396,66,0.0,0.0,0.0,41.955929272554044,0.28339899988082906,88.74322108509122,0.2174283277906649,0.0,,,,0.0,1.0,8.48989898989899,0.0
KGS,accelerate,all,screen,"экран: первый день с фактом уровня, иначе срок",396,66,-53.98550710848751,-110.86694576677642,-4.719770867238064,-15.371189702253455,-60.33362273416445,32.166548181359104,-0.079658158717041,0.4444444444444444,-121.46739099409689,-236.16204381605942,-12.753132787783075,0.2702020202020202,0.7297979797979798,5.065656565656566,-161.95652132546252
KGS,accelerate,all,push,"первый пуш потока, иначе срок",396,66,-39.06107845745314,-79.3339731657294,-0.19119547584622287,-0.06179399472462608,-31.92572763340142,36.669625525000356,-0.000320235189005092,0.4621212121212121,-84.52561239973467,-162.21627444056574,-2.92086737931445,0.26515151515151514,0.7348484848484849,5.75,-117.18323537235943
KGS,accelerate,all,push_or_calendar,"первый пуш, иначе календарь, иначе срок",396,66,-39.06107845745314,-79.3339731657294,-0.19119547584622287,-0.06179399472462608,-31.92572763340142,36.669625525000356,-0.000320235189005092,0.4621212121212121,-84.52561239973467,-162.21627444056574,-2.92086737931445,0.26515151515151514,0.7348484848484849,5.75,-117.18323537235943
KGS,accelerate,all,oracle,оракул: лучший день окна,396,66,153.22169358658735,114.46130421320143,198.08587385339214,192.96441130223045,154.04294581252307,239.20482423180397,1.0,0.7676767676767676,199.59141664568614,153.516042938184,254.6425580178825,0.0,1.0,4.257575757575758,459.665080759762
KZT,wait,s05_k05,habit,привычка: первый день окна,66,66,0.0,0.0,0.0,10.0223501111725,-28.386021358040278,52.97876521241352,0.061954468208908466,0.0,,,,0.0,1.0,0.0,0.0
KZT,wait,s05_k05,deadline,ждать до срока,66,66,9.812975329409925,-54.10497843642903,71.25284025933348,16.164330708711134,-21.351544935797868,53.04168669296703,0.0999219246885767,1.0,9.812975329409925,-54.10497843642903,71.25284025933348,0.4090909090909091,0.5909090909090909,5.0,29.438925988229773
KZT,wait,s05_k05,random,случайный день окна,66,66,-7.23170792822002,-49.388775078495726,30.38561647260533,0.0,0.0,0.0,0.0,,,,,0.3181818181818182,0.6818181818181818,,-21.695123784660062
KZT,wait,s05_k05,calendar25,"календарь: первый день с 25-го, иначе срок",66,66,9.812975329409925,-54.10497843642903,71.25284025933348,16.164330708711134,-21.351544935797868,53.04168669296703,0.0999219246885767,0.0,,,,0.4090909090909091,0.5909090909090909,5.0,29.438925988229773
KZT,wait,s05_k05,screen,"экран: первый день с фактом уровня, иначе срок",66,66,-15.428590601945842,-74.65606800447345,38.698006311941505,-8.245416581519576,-47.14318477277457,30.276816872347446,-0.05097012115945716,0.06060606060606061,249.55287985385877,64.91243022460068,539.3511209337843,0.3484848484848485,0.6515151515151515,3.378787878787879,-46.28577180583753
KZT,wait,s05_k05,push,"первый пуш потока, иначе срок",66,66,18.796157719371976,-40.689367993363064,77.62778320520117,25.581413608900323,-9.823890015300858,62.130983348236846,0.15813485445941386,0.48484848484848486,137.45703852032773,78.79716466599768,210.82135559534262,0.2878787878787879,0.7121212121212122,3.0303030303030303,56.38847315811593
KZT,wait,s05_k05,push_or_calendar,"первый пуш, иначе календарь, иначе срок",66,66,18.796157719371976,-40.689367993363064,77.62778320520117,25.581413608900323,-9.823890015300858,62.130983348236846,0.15813485445941386,0.48484848484848486,137.45703852032773,78.79716466599768,210.82135559534262,0.2878787878787879,0.7121212121212122,3.0303030303030303,56.38847315811593
KZT,wait,s05_k05,oracle,оракул: лучший день окна,66,66,153.67412807694126,110.50663507092449,200.85333178613854,161.76960921329288,129.12444304298893,198.981361091919,1.0,0.7878787878787878,195.04793178996394,146.11892555260525,249.53855727976915,0.0,1.0,2.727272727272727,461.0223842308238
KZT,wait,s05_k10,habit,привычка: первый день окна,66,66,0.0,0.0,0.0,-21.700778223672078,-69.4835052550629,31.603069802774353,-0.0847313339047968,0.0,,,,0.0,1.0,0.0,0.0
KZT,wait,s05_k10,deadline,ждать до срока,66,66,90.62643892171339,-13.15865900001863,194.19441316442342,60.94983182601757,-1.610644597969967,124.76910848953644,0.23798043087035534,1.0,90.62643892171339,-13.15865900001863,194.19441316442342,0.4090909090909091,0.5909090909090909,10.0,271.8793167651402
KZT,wait,s05_k10,random,случайный день окна,66,66,26.280396878118932,-26.44384086313191,74.82540034367436,0.0,0.0,0.0,0.0,,,,,0.3333333333333333,0.6666666666666666,,78.8411906343568
KZT,wait,s05_k10,calendar25,"календарь: первый день с 25-го, иначе срок",66,66,90.62643892171339,-13.15865900001863,194.19441316442342,60.94983182601757,-1.610644597969967,124.76910848953644,0.23798043087035534,0.030303030303030304,103.8762724672021,-24.221919994605877,231.97446492901008,0.4090909090909091,0.5909090909090909,10.0,271.8793167651402
KZT,wait,s05_k10,screen,"экран: первый день с фактом уровня, иначе срок",66,66,1.092468989559205,-75.44340765070771,66.19682453430408,-24.770103154507186,-79.12210064239014,26.03055623666312,-0.0967156043717985,0.18181818181818182,255.43426764173944,154.79161731459916,375.3991343703591,0.3181818181818182,0.6818181818181818,6.318181818181818,3.277406968677615
KZT,wait,s05_k10,push,"первый пуш потока, иначе срок",66,66,57.47341920293938,-17.417369933254705,128.02329598643115,31.329475738005275,-22.09656239174778,85.0973189807344,0.12232686968449011,0.6666666666666666,79.24016827096904,11.907328391650136,153.16729640945002,0.24242424242424243,0.7575757575757576,4.454545454545454,172.42025760881813
KZT,wait,s05_k10,push_or_calendar,"первый пуш, иначе календарь, иначе срок",66,66,57.47341920293938,-17.417369933254705,128.02329598643115,31.329475738005275,-22.09656239174778,85.0973189807344,0.12232686968449011,0.6666666666666666,79.24016827096904,11.907328391650136,153.16729640945002,0.24242424242424243,0.7575757575757576,4.454545454545454,172.42025760881813
KZT,wait,s05_k10,oracle,оракул: лучший день окна,66,66,283.6484105084139,208.8886265309483,363.1472674832214,256.11278878312993,206.19945358190736,312.54284065349657,1.0,0.8484848484848485,334.29991238491647,251.80394214880528,429.7346077243676,0.0,1.0,5.212121212121212,850.9452315252418
KZT,wait,s05_k15,habit,привычка: первый день окна,66,66,0.0,0.0,0.0,-38.012889729308036,-101.38697268272693,27.21087897514081,-0.12210537468004097,0.0,,,,0.0,1.0,0.0,0.0
KZT,wait,s05_k15,deadline,ждать до срока,66,66,117.89918838998148,-3.65238747513996,244.17830826480326,67.28213496075549,0.5669852605344473,142.03440643596122,0.21612432933037326,1.0,117.89918838998148,-3.65238747513996,244.17830826480326,0.4090909090909091,0.5909090909090909,15.0,353.6975651699444
KZT,wait,s05_k15,random,случайный день окна,66,66,45.5558137822835,-19.052208452094224,110.93801120392867,0.0,0.0,0.0,0.0,,,,,0.3939393939393939,0.6060606060606061,,136.6674413468505
KZT,wait,s05_k15,calendar25,"календарь: первый день с 25-го, иначе срок",66,66,139.24044860513794,17.277317292144595,264.88075502206107,88.13564926375652,22.810552997267052,157.87841737074697,0.2831101911129441,1.0,139.24044860513794,17.277317292144595,264.88075502206107,0.3939393939393939,0.6060606060606061,13.545454545454545,417.7213458154138
KZT,wait,s05_k15,screen,"экран: первый день с фактом уровня, иначе срок",66,66,24.032684310729653,-62.085271449643514,105.67921570495578,-19.704515123351314,-87.94587700943478,52.330268997856344,-0.06329503542505723,0.21212121212121213,258.759285662324,174.28888026697845,362.25985750997654,0.2727272727272727,0.7272727272727273,8.924242424242424,72.09805293218895
KZT,wait,s05_k15,push,"первый пуш потока, иначе срок",66,66,74.0619928124797,-8.96118571040119,157.79267995491398,29.738910799922238,-31.344053341337116,99.31733305861391,0.09552761896449811,0.7727272727272727,74.58333489440045,-7.399332031100182,157.19073284638108,0.24242424242424243,0.7575757575757576,5.045454545454546,222.1859784374391
KZT,wait,s05_k15,push_or_calendar,"первый пуш, иначе календарь, иначе срок",66,66,69.60551845831002,-10.474368715705692,147.42575398309128,25.153218561972377,-30.498802780423752,83.34957196737206,0.08079741368756255,0.8636363636363636,80.59586347804319,-14.871997313401538,169.863813840019,0.24242424242424243,0.7575757575757576,4.954545454545454,208.81655537493003
KZT,wait,s05_k15,oracle,оракул: лучший день окна,66,66,359.98984863263024,263.7636811719084,472.60450674382906,311.3121746599212,253.05318408016564,377.0103155039791,1.0,0.8484848484848485,424.27375017417137,314.3669525285521,545.4544234806045,0.0,1.0,6.909090909090909,1079.9695458978906
KZT,wait,s10_k05,habit,привычка: первый день окна,66,66,0.0,0.0,0.0,-43.929511413289376,-82.19346576741499,-7.554195849206876,-0.3131458348529468,0.0,,,,0.0,1.0,0.0,0.0
KZT,wait,s10_k05,deadline,ждать до срока,66,66,88.87707581257807,16.234794879102058,167.0027935611416,40.256000997288915,-1.478914108698456,83.37723045875899,0.28695969143703204,1.0,88.87707581257807,16.234794879102058,167.0027935611416,0.3333333333333333,0.6666666666666666,5.0,266.6312274377342
KZT,wait,s10_k05,random,случайный день окна,66,66,46.46703536098517,9.437826013388202,86.26718214757804,0.0,0.0,0.0,0.0,,,,,0.2727272727272727,0.7272727272727273,,139.40110608295552
KZT,wait,s10_k05,calendar25,"календарь: первый день с 25-го, иначе срок",66,66,88.87707581257807,16.234794879102058,167.0027935611416,40.256000997288915,-1.478914108698456,83.37723045875899,0.28695969143703204,0.0,,,,0.3333333333333333,0.6666666666666666,5.0,266.6312274377342
KZT,wait,s10_k05,screen,"экран: первый день с фактом уровня, иначе срок",66,66,38.12719307318063,-18.02347952594919,96.0527950867597,-8.365241488938048,-51.10770933966296,32.79243496813243,-0.05963054096266503,0.13636363636363635,140.52781142784286,68.39446851446019,238.02122185845968,0.24242424242424243,0.7575757575757576,3.3636363636363638,114.38157921954189
KZT,wait,s10_k05,push,"первый пуш потока, иначе срок",66,66,76.82254027964409,14.714785853997455,147.52997088037534,29.16803869661755,-6.8401477022103325,69.94520611314766,0.20792058766017202,0.6212121212121212,90.55837902960913,48.291285076599564,140.82756217872267,0.22727272727272727,0.7727272727272727,3.015151515151515,230.46762083893228
KZT,wait,s10_k05,push_or_calendar,"первый пуш, иначе календарь, иначе срок",66,66,76.82254027964409,14.714785853997455,147.52997088037534,29.16803869661755,-6.8401477022103325,69.94520611314766,0.20792058766017202,0.6212121212121212,90.55837902960913,48.291285076599564,140.82756217872267,0.22727272727272727,0.7727272727272727,3.015151515151515,230.46762083893228
KZT,wait,s10_k05,oracle,оракул: лучший день окна,66,66,188.21515005458446,134.653960722014,251.61355942981868,140.28451451036756,112.70869654397508,172.2066361191593,1.0,0.8333333333333334,225.85818006550136,164.0393018319167,295.2797940613208,0.0,1.0,2.803030303030303,564.6454501637534
KZT,wait,s10_k10,habit,привычка: первый день окна,66,66,0.0,0.0,0.0,-71.92339017777032,-135.3505967048527,-8.509130135802778,-0.30163466407567263,0.0,,,,0.0,1.0,0.0,0.0
KZT,wait,s10_k10,deadline,ждать до срока,66,66,155.78311776391556,37.925917178037196,280.6294766207863,70.53572361271245,11.711171495625708,130.19241651638998,0.29581502268827814,1.0,155.78311776391556,37.925917178037196,280.6294766207863,0.3787878787878788,0.6212121212121212,10.0,467.3493532917467
KZT,wait,s10_k10,random,случайный день окна,66,66,79.5611107091148,15.009529206413125,146.24599864396373,0.0,0.0,0.0,0.0,,,,,0.30303030303030304,0.696969696969697,,238.68333212734439
KZT,wait,s10_k10,calendar25,"календарь: первый день с 25-го, иначе срок",66,66,152.93490674068036,34.00960406211974,277.678954594819,67.64176574737252,8.427731254000657,126.66059972759567,0.2836782476224282,0.4696969696969697,166.34971494764565,-15.708882475865806,371.99883207073,0.3787878787878788,0.6212121212121212,9.924242424242424,458.80472022204106
KZT,wait,s10_k10,screen,"экран: первый день с фактом уровня, иначе срок",66,66,75.34466970458064,-4.633308313590408,160.83188005428661,-3.0783739006998054,-65.60287629011336,56.488611735583106,-0.012910185061380674,0.22727272727272727,200.90731333184664,124.25501576826507,300.86529437690024,0.22727272727272727,0.7727272727272727,6.196969696969697,226.03400911374192
KZT,wait,s10_k10,push,"первый пуш потока, иначе срок",66,66,102.85739251580776,23.90318680953669,199.20902088136503,22.90439563677813,-25.670895033974784,74.33025202281435,0.09605720290269623,0.803030303030303,90.70334775342575,27.54400337400931,161.59274177030784,0.19696969696969696,0.803030303030303,3.984848484848485,308.5721775474233
KZT,wait,s10_k10,push_or_calendar,"первый пуш, иначе календарь, иначе срок",66,66,102.85739251580776,23.90318680953669,199.20902088136503,22.90439563677813,-25.670895033974784,74.33025202281435,0.09605720290269623,0.8484848484848485,70.50595214221718,-7.4186513863457675,141.48127950812716,0.19696969696969696,0.803030303030303,3.984848484848485,308.5721775474233
KZT,wait,s10_k10,oracle,оракул: лучший день окна,66,66,322.6189399218945,228.2084213877032,432.66335636712876,238.44537363824514,190.93531197588536,289.29449697937366,1.0,0.8787878787878788,367.11810404905236,265.0055545673155,488.739101418313,0.0,1.0,5.318181818181818,967.8568197656834
KZT,wait,s10_k15,habit,привычка: первый день окна,65,65,0.0,0.0,0.0,-79.01409128438777,-158.42284347372834,1.1622597144109599,-0.2687610756588813,0.0,,,,0.0,1.0,0.0,0.0
KZT,wait,s10_k15,deadline,ждать до срока,65,65,93.86176682060048,-45.8900030304149,243.76096296544947,-3.4624640702044442,-77.54440134303638,71.89990140085976,-0.011777336837160401,1.0,93.86176682060048,-45.8900030304149,243.76096296544947,0.38461538461538464,0.6153846153846154,15.0,281.58530046180147
KZT,wait,s10_k15,random,случайный день окна,65,65,90.8164475122041,10.331305152032076,173.6783808979883,0.0,0.0,0.0,0.0,,,,,0.3076923076923077,0.6923076923076923,,272.44934253661233
KZT,wait,s10_k15,calendar25,"календарь: первый день с 25-го, иначе срок",65,65,172.94652327532853,58.65659744747898,298.2234034979756,77.09180415384986,33.35810818438012,122.89424270084747,0.26222254628354347,1.0,172.94652327532853,58.65659744747898,298.2234034979756,0.3230769230769231,0.676923076923077,10.461538461538462,518.8395698259856
KZT,wait,s10_k15,screen,"экран: первый день с фактом уровня, иначе срок",65,65,38.53662921964571,-80.44646872421409,174.71696176370244,-53.8731303997493,-134.83823449599316,27.527277990186935,-0.1832458013499761,0.24615384615384617,229.54033332350394,139.96076408100078,336.62146617221185,0.2153846153846154,0.7846153846153846,8.907692307692308,115.60988765893713
KZT,wait,s10_k15,push,"первый пуш потока, иначе срок",65,65,113.74089222899971,13.827370536980924,234.83880592629956,22.91075546987759,-46.72237744914602,99.27801204057101,0.07792938176153587,0.8461538461538461,125.86175889246917,7.720568826049945,270.28179161547945,0.2,0.8,4.523076923076923,341.22267668699914
KZT,wait,s10_k15,push_or_calendar,"первый пуш, иначе календарь, иначе срок",65,65,120.89486781572997,18.774743688931753,243.51859681694518,29.916607717554168,-40.32018514429545,105.77847981051605,0.10175931330141536,0.9076923076923077,133.18926115292282,16.51939732312353,271.9296894311802,0.18461538461538463,0.8153846153846154,4.246153846153846,362.68460344718994
KZT,wait,s10_k15,oracle,оракул: лучший день окна,65,65,391.070538993953,273.3263736374075,524.4483672254496,293.99380505782227,237.26489224582798,360.89980028227916,1.0,0.9230769230769231,423.6597505767824,300.06812716521017,564.0664686192239,0.0,1.0,7.523076923076923,1173.211616981859
KZT,wait,s15_k05,habit,привычка: первый день окна,66,66,0.0,0.0,0.0,-20.916634239102187,-58.931609204717766,19.21161191601594,-0.1458387429672035,0.0,,,,0.0,1.0,0.0,0.0
KZT,wait,s15_k05,deadline,ждать до срока,66,66,47.09469919683874,-25.711822205327522,116.92932021450562,21.669591915468377,-17.949743447799776,59.92649269738063,0.151088650757027,1.0,47.09469919683874,-25.711822205327522,116.92932021450562,0.42424242424242425,0.5757575757575758,5.0,141.28409759051624
KZT,wait,s15_k05,random,случайный день окна,66,66,23.603601052051264,-16.226131067583584,61.808337593423865,0.0,0.0,0.0,0.0,,,,,0.36363636363636365,0.6363636363636364,,70.8108031561538
KZT,wait,s15_k05,calendar25,"календарь: первый день с 25-го, иначе срок",66,66,47.09469919683874,-25.711822205327522,116.92932021450562,21.669591915468377,-17.949743447799776,59.92649269738063,0.151088650757027,0.0,,,,0.42424242424242425,0.5757575757575758,5.0,141.28409759051624
KZT,wait,s15_k05,screen,"экран: первый день с фактом уровня, иначе срок",66,66,11.860069848932786,-44.14765880561287,65.28249216795503,-11.778478500652824,-52.66160853936899,24.580205578303794,-0.08212403960242369,0.10606060606060606,235.3135064323067,62.31228813953556,448.7404695410466,0.25757575757575757,0.7424242424242424,3.015151515151515,35.58020954679836
KZT,wait,s15_k05,push,"первый пуш потока, иначе срок",66,66,52.16671823789288,-12.345935367086849,112.65106863008234,27.479102319712855,-7.316848751958502,61.10627433860699,0.19159477066737218,0.6666666666666666,73.8546477676029,21.363955978812342,133.86782376647307,0.2878787878787879,0.7121212121212122,2.9242424242424243,156.50015471367863
KZT,wait,s15_k05,push_or_calendar,"первый пуш, иначе календарь, иначе срок",66,66,52.16671823789288,-12.345935367086849,112.65106863008234,27.479102319712855,-7.316848751958502,61.10627433860699,0.19159477066737218,0.6666666666666666,73.8546477676029,21.363955978812342,133.86782376647307,0.2878787878787879,0.7121212121212122,2.9242424242424243,156.50015471367863
KZT,wait,s15_k05,oracle,оракул: лучший день окна,66,66,168.03085495144268,113.31982508615515,230.60773509421534,143.4230288436178,113.83023762475248,176.26956943539713,1.0,0.7575757575757576,221.80072853590434,155.5315861767924,298.36934763988535,0.0,1.0,2.621212121212121,504.09256485432803
KZT,wait,s15_k10,habit,привычка: первый день окна,66,66,0.0,0.0,0.0,-24.302782348991208,-79.86739732224626,33.26658351459282,-0.11184307958695792,0.0,,,,0.0,1.0,0.0,0.0
KZT,wait,s15_k10,deadline,ждать до срока,66,66,22.25022666894138,-92.49674996952041,137.9471061912013,-12.552844065198087,-79.62618259139445,52.77162985240289,-0.057769053669070904,1.0,22.25022666894138,-92.49674996952041,137.9471061912013,0.48484848484848486,0.5151515151515151,10.0,66.75068000682414
KZT,wait,s15_k10,random,случайный день окна,66,66,30.108298122469765,-28.16439560018049,88.39613965814237,0.0,0.0,0.0,0.0,,,,,0.45454545454545453,0.5454545454545454,,90.3248943674093
KZT,wait,s15_k10,calendar25,"календарь: первый день с 25-го, иначе срок",66,66,83.38872531306433,-2.0941496676301594,174.46231748031477,50.9873917898137,15.891788487121806,87.45734384037551,0.23464749163242413,1.0,83.38872531306433,-2.0941496676301594,174.46231748031477,0.4696969696969697,0.5303030303030303,7.0606060606060606,250.166175939193
KZT,wait,s15_k10,screen,"экран: первый день с фактом уровня, иначе срок",66,66,-1.8965793110457707,-92.57363057697046,86.92960406280227,-32.91053826602923,-94.38952628108811,25.734634866538578,-0.1514565656590312,0.12121212121212122,234.26718708979084,89.98784182613322,414.80607750389464,0.25757575757575757,0.7424242424242424,5.606060606060606,-5.689737933137312
KZT,wait,s15_k10,push,"первый пуш потока, иначе срок",66,66,77.57765683836347,-2.264734425782991,162.5412103288893,46.751537596096405,-2.129681845083457,97.26491018169162,0.21515379865095616,0.7575757575757576,76.84122908290628,16.74565036265508,146.85330005231788,0.2727272727272727,0.7272727272727273,3.6818181818181817,232.73297051509041
KZT,wait,s15_k10,push_or_calendar,"первый пуш, иначе календарь, иначе срок",66,66,79.29931574844457,15.44645919879242,150.82879052070578,49.50494444915353,12.217169292149553,90.30717004925172,0.22782516678401793,0.8787878787878788,90.23715240340243,18.72542656940183,169.95606501431078,0.2727272727272727,0.7272727272727273,3.3181818181818183,237.89794724533368
KZT,wait,s15_k10,oracle,оракул: лучший день окна,66,66,249.6506230160192,170.40929812870866,346.6992114924808,217.293572733714,173.58674584264557,265.144840482197,1.0,0.803030303030303,310.88568149164655,209.40443513997218,416.80007650220637,0.0,1.0,4.712121212121212,748.9518690480576
KZT,wait,s15_k15,habit,привычка: первый день окна,65,65,0.0,0.0,0.0,-14.683616226440003,-83.50772090051018,59.10000015208523,-0.052247223946399655,0.0,,,,0.0,1.0,0.0,0.0
KZT,wait,s15_k15,deadline,ждать до срока,65,65,-16.838831330822835,-150.12813840148826,120.07567858337937,-46.16522599493321,-129.68301740619717,38.206884172382125,-0.1642650464229825,1.0,-16.838831330822835,-150.12813840148826,120.07567858337937,0.46153846153846156,0.5384615384615384,15.0,-50.516493992468504
KZT,wait,s15_k15,random,случайный день окна,65,65,24.042450166710488,-49.889066626361306,94.90104804507926,0.0,0.0,0.0,0.0,,,,,0.47692307692307695,0.5230769230769231,,72.12735050013147
KZT,wait,s15_k15,calendar25,"календарь: первый день с 25-го, иначе срок",65,65,91.84281446201172,6.660850063543904,179.16682680422787,67.92673336417829,25.859656921907348,112.98985932426514,0.24169681332553053,1.0,91.84281446201172,6.660850063543904,179.16682680422787,0.46153846153846156,0.5384615384615384,7.046153846153846,275.5284433860352
KZT,wait,s15_k15,screen,"экран: первый день с фактом уровня, иначе срок",65,65,-12.638693235087368,-129.7577011116858,107.96152860183639,-38.983069179515134,-118.35242841892384,38.58538850284261,-0.138709505487663,0.2,227.68752246042035,126.34865980706147,347.09796378982844,0.27692307692307694,0.7230769230769231,8.169230769230769,-37.916079705262106
KZT,wait,s15_k15,push,"первый пуш потока, иначе срок",65,65,79.42064366708291,-4.650142803109478,172.48681733798426,56.63599241078656,-3.481559569080585,119.86833482532427,0.20152211371369888,0.8153846153846154,102.19050377833437,6.628354000045857,217.15637637457388,0.27692307692307694,0.7230769230769231,4.138461538461539,238.26193100124874
KZT,wait,s15_k15,push_or_calendar,"первый пуш, иначе календарь, иначе срок",65,65,97.13306076099794,12.199582345945952,189.3612088215766,74.0719306132533,18.255404694102488,137.19611631913097,0.2635626460956004,0.8769230769230769,110.76577104324326,23.573851641273986,218.15300654294697,0.24615384615384617,0.7538461538461538,3.646153846153846,291.39918228299376
KZT,wait,s15_k15,oracle,оракул: лучший день окна,65,65,307.2394179184203,204.41260840253724,423.7673344949363,281.0410796467177,223.48836725104618,348.2058577986037,1.0,0.8461538461538461,363.1011302672241,249.12963533435567,494.0356524710028,0.0,1.0,6.6,921.7182537552609
KZT,wait,s20_k05,habit,привычка: первый день окна,66,66,0.0,0.0,0.0,-2.157270620175766,-41.95431271685361,37.72871049493516,-0.01630115500440671,0.0,,,,0.0,1.0,0.0,0.0
KZT,wait,s20_k05,deadline,ждать до срока,66,66,-2.0892067832100243,-82.68834436630945,72.65026790936575,-9.375293810788664,-55.80098704751909,31.634030902143827,-0.07084327584689817,1.0,-2.0892067832100243,-82.68834436630945,72.65026790936575,0.3333333333333333,0.6666666666666666,5.0,-6.267620349630072
KZT,wait,s20_k05,random,случайный день окна,66,66,4.9262121603041065,-34.945899465765955,44.90453256149505,0.0,0.0,0.0,0.0,,,,,0.36363636363636365,0.6363636363636364,,14.778636480912319
KZT,wait,s20_k05,calendar25,"календарь: первый день с 25-го, иначе срок",66,66,47.13790107357704,-7.663847896677738,102.79122201543656,41.58863691740741,15.970157281154007,68.5644596925208,0.31425951406940933,1.0,47.13790107357704,-7.663847896677738,102.79122201543656,0.3787878787878788,0.6212121212121212,3.4696969696969697,141.41370322073112
KZT,wait,s20_k05,screen,"экран: первый день с фактом уровня, иначе срок",66,66,16.750195003691022,-25.648912470166632,57.83563587418588,12.622565476671694,-21.4864293649507,49.05894253191415,0.09538089216258526,0.09090909090909091,210.13022549487854,90.45982145675315,347.6853337314312,0.21212121212121213,0.7878787878787878,3.196969696969697,50.25058501107307
KZT,wait,s20_k05,push,"первый пуш потока, иначе срок",66,66,-10.12286836495666,-71.98493886027939,44.436028731687564,-15.18112510773591,-59.93146398154645,23.441041352589536,-0.11471433913206991,0.3939393939393939,70.08046311159434,5.939440526477582,144.0600297657309,0.25757575757575757,0.7424242424242424,2.757575757575758,-30.368605094869984
KZT,wait,s20_k05,push_or_calendar,"первый пуш, иначе календарь, иначе срок",66,66,26.963556971597157,-11.20727081250327,67.39503488547953,22.97486334945129,-8.835723379221683,57.41178967105735,0.1736067812548961,0.7272727272727273,37.0748908359461,-15.167486234125475,93.5150422440811,0.25757575757575757,0.7424242424242424,2.272727272727273,80.89067091479147
KZT,wait,s20_k05,oracle,оракул: лучший день окна,66,66,137.04121703801,95.14422219543859,183.70923853492536,132.3385134116318,106.30844065385078,161.19266093654898,1.0,0.7424242424242424,184.58612907160528,133.23584104305573,246.58176869803404,0.0,1.0,2.4545454545454546,411.12365111403
KZT,wait,s20_k10,habit,привычка: первый день окна,65,65,0.0,0.0,0.0,10.123790304765333,-49.371802325738514,72.84843150422036,0.04742998130602862,0.0,,,,0.0,1.0,0.0,0.0
KZT,wait,s20_k10,deadline,ждать до срока,65,65,-40.81870182064063,-147.01861895720089,63.32276169619617,-41.194641105386054,-99.1680060680771,14.854409666788687,-0.19299699013099114,1.0,-40.81870182064063,-147.01861895720089,63.32276169619617,0.5230769230769231,0.47692307692307695,10.0,-122.4561054619219
KZT,wait,s20_k10,random,случайный день окна,65,65,-3.221776894995774,-65.88805136472442,58.135254892620296,0.0,0.0,0.0,0.0,,,,,0.4307692307692308,0.5692307692307692,,-9.665330684987323
KZT,wait,s20_k10,calendar25,"календарь: первый день с 25-го, иначе срок",65,65,52.08121098090117,-2.051046757959776,108.18350046599521,57.73860915721865,18.05615615097624,101.19820585900165,0.27050551922968263,1.0,52.08121098090117,-2.051046757959776,108.18350046599521,0.36923076923076925,0.6307692307692307,3.476923076923077,156.24363294270353
KZT,wait,s20_k10,screen,"экран: первый день с фактом уровня, иначе срок",65,65,-6.073492713456426,-97.8617325118178,88.41815308761319,-3.3411930156796665,-70.79871493971592,64.2048037381655,-0.015653497109568325,0.18461538461538463,208.52375350937237,128.2416854484592,295.6724083786857,0.3076923076923077,0.6923076923076923,6.092307692307692,-18.22047814036928
KZT,wait,s20_k10,push,"первый пуш потока, иначе срок",65,65,-9.293054264076835,-99.67649299628548,77.31515920731056,-6.966560393707619,-69.47538417560924,54.986765316858715,-0.03263835177278802,0.5846153846153846,81.72343260830453,-8.537626268613138,192.03200294490634,0.3076923076923077,0.6923076923076923,3.876923076923077,-27.879162792230506
KZT,wait,s20_k10,push_or_calendar,"первый пуш, иначе календарь, иначе срок",65,65,45.15440422510156,-10.352612821724373,111.62967452292881,51.20599053487711,-2.181311341063724,108.8120498868683,0.23990018567282015,0.7230769230769231,62.447580311310666,-12.556133525103036,156.53377732162085,0.24615384615384617,0.7538461538461538,3.0,135.46321267530467
KZT,wait,s20_k10,oracle,оракул: лучший день окна,65,65,209.3645696484643,136.46534546329545,294.5734587021093,213.44706504192825,168.53927285170568,266.9836617496389,1.0,0.8153846153846154,256.7678684367958,174.57143808615908,353.75051962739934,0.0,1.0,4.369230769230769,628.0937089453929
KZT,wait,s20_k15,habit,привычка: первый день окна,65,65,0.0,0.0,0.0,28.525038420587066,-44.41803856635034,102.43072230056323,0.09882464610591393,0.0,,,,0.0,1.0,0.0,0.0
KZT,wait,s20_k15,deadline,ждать до срока,65,65,-43.68397671123483,-154.51871579030345,76.31922321526368,-27.958792029870878,-93.7107975403753,40.502850297469266,-0.09686289242319526,1.0,-43.68397671123483,-154.51871579030345,76.31922321526368,0.5076923076923077,0.49230769230769234,15.0,-131.05193013370447
KZT,wait,s20_k15,random,случайный день окна,65,65,-18.890081552287107,-90.97643768611407,54.52845822744982,0.0,0.0,0.0,0.0,,,,,0.46153846153846156,0.5384615384615384,,-56.67024465686132
KZT,wait,s20_k15,calendar25,"календарь: первый день с 25-го, иначе срок",65,65,52.08121098090117,-2.051046757959776,108.18350046599521,76.4897785984943,19.201814202845135,139.12184369101163,0.26499790076567886,1.0,52.08121098090117,-2.051046757959776,108.18350046599521,0.36923076923076925,0.6307692307692307,3.476923076923077,156.24363294270353
KZT,wait,s20_k15,screen,"экран: первый день с фактом уровня, иначе срок",65,65,11.813966638976913,-89.07864463850802,132.3626240698734,29.36745819640005,-36.30996659843667,100.78486437216606,0.10174319909749403,0.24615384615384617,362.6679646265857,169.31710196143183,668.7975602630485,0.27692307692307694,0.7230769230769231,8.476923076923077,35.44189991693074
KZT,wait,s20_k15,push,"первый пуш потока, иначе срок",65,65,-5.260999847749249,-86.55371987292928,75.77029199713192,14.605843066782825,-33.73719407337542,67.40890560670591,0.05060176434719847,0.5846153846153846,81.72343260830453,-8.537626268613138,192.03200294490634,0.3076923076923077,0.6923076923076923,4.569230769230769,-15.782999543247746
KZT,wait,s20_k15,push_or_calendar,"первый пуш, иначе календарь, иначе срок",65,65,45.15440422510156,-10.352612821724373,111.62967452292881,68.96786678515618,11.784807377344547,133.16091449067346,0.23893832945037632,0.7230769230769231,62.447580311310666,-12.556133525103036,156.53377732162085,0.24615384615384617,0.7538461538461538,3.0,135.46321267530467
KZT,wait,s20_k15,oracle,оракул: лучший день окна,65,65,268.5934915137434,177.56621662852191,381.6055120595738,288.6429604819,226.87289312927112,362.70788720478697,1.0,0.8461538461538461,317.4286717889695,213.3869161929406,445.25386674468484,0.0,1.0,7.492307692307692,805.7804745412302
KZT,wait,s25_k05,habit,привычка: первый день окна,65,65,0.0,0.0,0.0,55.367226082493744,8.164730848631415,108.00469147494326,0.36897826669031153,0.0,,,,0.0,1.0,0.0,0.0
KZT,wait,s25_k05,deadline,ждать до срока,65,65,-77.67981451300413,-156.12265900822874,-2.379410371936767,-29.132318903150068,-64.8834932163605,7.3317901535057155,-0.19414359891423993,1.0,-77.67981451300413,-156.12265900822874,-2.379410371936767,0.5846153846153846,0.4153846153846154,5.0,-233.03944353901238
KZT,wait,s25_k05,random,случайный день окна,65,65,-50.8599247649801,-99.95710769131307,-6.411290980282513,0.0,0.0,0.0,0.0,,,,,0.5692307692307692,0.4307692307692308,,-152.5797742949403
KZT,wait,s25_k05,calendar25,"календарь: первый день с 25-го, иначе срок",65,65,0.0,0.0,0.0,55.367226082493744,8.164730848631415,108.00469147494326,0.36897826669031153,0.0,,,,0.0,1.0,0.0,0.0
KZT,wait,s25_k05,screen,"экран: первый день с фактом уровня, иначе срок",65,65,-36.062494689382525,-101.6017963571866,25.830479629996976,15.104020769579659,-28.268164032294685,61.927349830173775,0.10065621483927079,0.046153846153846156,248.08786132601549,104.89909597297009,377.2847624116582,0.36923076923076925,0.6307692307692307,3.276923076923077,-108.18748406814758
KZT,wait,s25_k05,push,"первый пуш потока, иначе срок",65,65,-56.75704601452125,-126.99226551189076,8.308745095624054,-7.11758214340255,-39.05445350569252,25.80344172083732,-0.047432990744121085,0.4461538461538462,49.41922071953074,-26.362361263832163,140.652746881388,0.4,0.6,3.4153846153846152,-170.27113804356375
KZT,wait,s25_k05,push_or_calendar,"первый пуш, иначе календарь, иначе срок",65,65,22.048575397944482,-13.694620460342371,61.03807000588112,75.52146372430187,40.17195176089706,117.59328856870198,0.5032901366846491,0.4461538461538462,49.41922071953074,-26.362361263832163,140.652746881388,0.09230769230769231,0.9076923076923077,1.3384615384615384,66.14572619383344
KZT,wait,s25_k05,oracle,оракул: лучший день окна,65,65,96.13743281879961,59.643727603568415,140.83844972591933,150.05552109919853,111.84402866661871,197.75744271055126,1.0,0.6923076923076923,138.86518073826613,90.00610714351137,198.42543453598512,0.0,1.0,2.1384615384615384,288.41229845639884
KZT,wait,s25_k10,habit,привычка: первый день окна,65,65,0.0,0.0,0.0,85.71074020245959,16.410804213891534,160.67387893726183,0.3470310413692229,0.0,,,,0.0,1.0,0.0,0.0
KZT,wait,s25_k10,deadline,ждать до срока,65,65,-84.18993348729299,-200.05033444691458,37.61011412989951,-13.098584080919743,-74.35087469181161,51.08572129620055,-0.053034371927328905,1.0,-84.18993348729299,-200.05033444691458,37.61011412989951,0.46153846153846156,0.5384615384615384,10.0,-252.56980046187897
KZT,wait,s25_k10,random,случайный день окна,65,65,-76.23357321677659,-146.4920815342708,-10.778355808550913,0.0,0.0,0.0,0.0,,,,,0.5846153846153846,0.4153846153846154,,-228.70071965032977
KZT,wait,s25_k10,calendar25,"календарь: первый день с 25-го, иначе срок",65,65,0.0,0.0,0.0,85.71074020245959,16.410804213891534,160.67387893726183,0.3470310413692229,0.0,,,,0.0,1.0,0.0,0.0
KZT,wait,s25_k10,screen,"экран: первый день с фактом уровня, иначе срок",65,65,-39.67004232142614,-138.6512977615806,60.35599994903174,35.65034504993852,-28.896436781010074,102.37579725927523,0.14434336162105926,0.13846153846153847,379.56623980355084,155.78428962397086,734.1979645825365,0.2923076923076923,0.7076923076923077,6.061538461538461,-119.01012696427841
KZT,wait,s25_k10,push,"первый пуш потока, иначе срок",65,65,-78.86163931927777,-168.35236684263043,0.7482904119123273,-3.4809089719808823,-50.03261069708638,39.84156759272067,-0.014093723407411806,0.6615384615384615,11.639688749225739,-60.285490377769484,83.54462155614468,0.4,0.6,4.907692307692308,-236.58491795783334
KZT,wait,s25_k10,push_or_calendar,"первый пуш, иначе календарь, иначе срок",65,65,7.700101787949335,-40.96944116369106,52.48642021152394,90.32062968623774,34.60455256746662,155.43607577024366,0.36569585215458883,0.6615384615384615,11.639688749225739,-60.285490377769484,83.54462155614468,0.23076923076923078,0.7692307692307693,2.9076923076923076,23.100305363848005
KZT,wait,s25_k10,oracle,оракул: лучший день окна,65,65,165.09341704849442,101.26287898755326,246.06803869449476,246.982920790846,184.7766329545934,322.5331659585827,1.0,0.7846153846153846,210.41317859121838,134.0296554310712,314.00279000673993,0.0,1.0,4.276923076923077,495.2802511454833
KZT,wait,s25_k15,habit,привычка: первый день окна,65,65,0.0,0.0,0.0,84.60001914908885,6.921860972778352,164.28485262327513,0.2522081973562671,0.0,,,,0.0,1.0,0.0,0.0
KZT,wait,s25_k15,deadline,ждать до срока,65,65,-17.46004815462591,-130.0247936316699,113.61293090741657,53.31032883813129,-18.280569342369795,131.1612169147249,0.15892788290083643,1.0,-17.46004815462591,-130.0247936316699,113.61293090741657,0.4307692307692308,0.5692307692307692,15.0,-52.38014446387773
KZT,wait,s25_k15,random,случайный день окна,65,65,-73.53105645954089,-147.87342290270968,1.4639695695910544,0.0,0.0,0.0,0.0,,,,,0.47692307692307695,0.5230769230769231,,-220.5931693786227
KZT,wait,s25_k15,calendar25,"календарь: первый день с 25-го, иначе срок",65,65,0.0,0.0,0.0,84.60001914908885,6.921860972778352,164.28485262327513,0.2522081973562671,0.0,,,,0.0,1.0,0.0,0.0
KZT,wait,s25_k15,screen,"экран: первый день с фактом уровня, иначе срок",65,65,-34.521006107602595,-132.3041532309701,69.85112436176081,39.66833583481369,-28.313956913915842,109.06897243290311,0.11825859584488195,0.2,344.5028854060642,174.1477734363959,608.1577509102021,0.2923076923076923,0.7076923076923077,8.6,-103.56301832280779
KZT,wait,s25_k15,push,"первый пуш потока, иначе срок",65,65,-56.958845080857074,-130.61315865532174,13.70220106471418,19.242553877933076,-30.480966472379002,65.36215301072286,0.057365587796520214,0.6923076923076923,-1.5088804392240884,-78.18390293783979,74.71003248113125,0.38461538461538464,0.6153846153846154,5.861538461538461,-170.8765352425712
KZT,wait,s25_k15,push_or_calendar,"первый пуш, иначе календарь, иначе срок",65,65,-1.0446095348474462,-55.34832522308566,50.61592633650463,80.01514685652663,14.276247040546847,149.71660891175225,0.23853985085178206,0.6923076923076923,-1.5088804392240884,-78.18390293783979,74.71003248113125,0.24615384615384617,0.7538461538461538,3.3230769230769233,-3.1338286045423387
KZT,wait,s25_k15,oracle,оракул: лучший день окна,65,65,256.18464734493404,176.7810729449345,355.463995742591,335.4372301768749,268.01681606336535,413.7935654044526,1.0,0.8615384615384616,297.3571799539413,208.6810173517138,405.8905440643616,0.0,1.0,8.153846153846153,768.5539420348022
KZT,wait,all,habit,привычка: первый день окна,983,66,0.0,0.0,0.0,-3.013110789581046,-41.81650724778352,35.71014966918189,-0.013264836244624708,0.0,,,,0.0,1.0,0.0,0.0
KZT,wait,all,deadline,ждать до срока,983,66,23.249418069180834,-49.4887608310887,101.22375490787519,9.994644046852681,-26.285657258762704,48.79390238617521,0.04400014664686394,1.0,23.249418069180834,-49.4887608310887,101.22375490787519,0.43540183112919634,0.5645981688708036,9.984740590030519,69.7482542075425
KZT,wait,all,random,случайный день окна,983,66,9.603084110295843,-28.80763819564739,49.14721418705646,0.0,0.0,0.0,0.0,,,,,0.4069175991861648,0.5930824008138352,,28.809252330887528
KZT,wait,all,calendar25,"календарь: первый день с 25-го, иначе срок",983,66,68.65039030110098,13.554034899859529,125.87053674769192,59.39783351063184,25.811265546821105,94.46548877033017,0.261491392061812,0.49949135300101727,96.03072309208376,18.638811523411015,175.50117608281536,0.31536113936927773,0.6846388606307223,5.578840284842319,205.95117090330294
KZT,wait,all,screen,"экран: первый день с фактом уровня, иначе срок",983,66,4.864939642548756,-57.55809552546954,70.2646163175991,-4.900973377364725,-40.11698835071039,34.627971443266865,-0.021575910688318132,0.15971515768056968,256.83426103005786,167.03062789598113,367.8233005277927,0.2777212614445575,0.7222787385554426,5.96439471007121,14.594818927646267
KZT,wait,all,push,"первый пуш потока, иначе срок",983,66,29.265234434349786,-20.154416282254644,85.9755707835485,19.6153525112781,-6.702633771088991,51.06219060126458,0.08635408954838678,0.6531027466937945,77.16216573059356,32.144081820982606,128.89593261314184,0.28585961342828076,0.7141403865717192,4.009155645981688,87.79570330304936
KZT,wait,all,push_or_calendar,"первый пуш, иначе календарь, иначе срок",983,66,54.78192997651379,10.624099693801355,106.41142687824157,46.797127355506596,16.600950114444057,81.5949826097424,0.20601838911338355,0.7192268565615463,73.9900850358777,25.46944536912553,130.26183251197241,0.23397761953204477,0.7660223804679552,3.296032553407935,164.34578992954135
KZT,wait,all,oracle,оракул: лучший день окна,983,66,237.0689662856952,179.66509688447766,308.35209966792604,227.15024399958537,186.82393295888645,271.0226190621427,1.0,0.8179043743641913,289.84924609308257,220.93081154075276,373.2065556304474,0.0,1.0,4.8809766022380465,711.2068988570857
KZT,accelerate,a05_h15,habit,привычка: первый день окна,66,66,0.0,0.0,0.0,51.193732752485154,8.477561742427378,92.72077610411336,0.2668319500970976,0.0,,,,0.0,1.0,6.484848484848484,0.0
KZT,accelerate,a05_h15,deadline,ждать до срока,66,66,0.0,0.0,0.0,51.193732752485154,8.477561742427378,92.72077610411336,0.2668319500970976,0.0,,,,0.0,1.0,6.484848484848484,0.0
KZT,accelerate,a05_h15,random,случайный день окна,66,66,-48.041362132468244,-88.51972614961038,-5.942415053972945,0.0,0.0,0.0,0.0,,,,,0.5606060606060606,0.4393939393939394,,-144.12408639740474
KZT,accelerate,a05_h15,calendar25,"календарь: первый день с 25-го, иначе срок",66,66,0.0,0.0,0.0,51.193732752485154,8.477561742427378,92.72077610411336,0.2668319500970976,0.0,,,,0.0,1.0,6.484848484848484,0.0
KZT,accelerate,a05_h15,screen,"экран: первый день с фактом уровня, иначе срок",66,66,-46.166949946989284,-95.979929590595,0.5147753863989741,2.584754411214626,-38.08595482860458,43.57754228620396,0.01347225574273041,0.3787878787878788,-121.88074786005171,-245.90614576830455,1.958297673452818,0.25757575757575757,0.7424242424242424,4.333333333333333,-138.50084984096785
KZT,accelerate,a05_h15,push,"первый пуш потока, иначе срок",66,66,-8.554756201127702,-60.185053772369145,41.14758752673752,40.309692111948,0.7540252683304273,80.09735148981612,0.21010215852100647,0.6818181818181818,-12.546975761653972,-83.03194888152379,63.59599447866246,0.3181818181818182,0.6818181818181818,3.696969696969697,-25.664268603383107
KZT,accelerate,a05_h15,push_or_calendar,"первый пуш, иначе календарь, иначе срок",66,66,-8.554756201127702,-60.185053772369145,41.14758752673752,40.309692111948,0.7540252683304273,80.09735148981612,0.21010215852100647,0.6818181818181818,-12.546975761653972,-83.03194888152379,63.59599447866246,0.3181818181818182,0.6818181818181818,3.696969696969697,-25.664268603383107
KZT,accelerate,a05_h15,oracle,оракул: лучший день окна,66,66,141.7258831392105,100.43036296534808,186.99773779890745,191.85758202440243,154.2098655814559,232.46326005563245,1.0,0.7121212121212122,199.0193252593169,152.73126975014546,251.78298624299563,0.0,1.0,3.606060606060606,425.1776494176315
KZT,accelerate,a05_h20,habit,привычка: первый день окна,66,66,0.0,0.0,0.0,64.88738277257104,2.191352104044093,133.13381404912442,0.2537205459986088,0.0,,,,0.0,1.0,10.075757575757576,0.0
KZT,accelerate,a05_h20,deadline,ждать до срока,66,66,0.0,0.0,0.0,64.88738277257104,2.191352104044093,133.13381404912442,0.2537205459986088,0.0,,,,0.0,1.0,10.075757575757576,0.0
KZT,accelerate,a05_h20,random,случайный день окна,66,66,-57.39945671920743,-121.95427488855263,4.954908889407717,0.0,0.0,0.0,0.0,,,,,0.4696969696969697,0.5303030303030303,,-172.1983701576223
KZT,accelerate,a05_h20,calendar25,"календарь: первый день с 25-го, иначе срок",66,66,0.0,0.0,0.0,64.88738277257104,2.191352104044093,133.13381404912442,0.2537205459986088,0.0,,,,0.0,1.0,10.075757575757576,0.0
KZT,accelerate,a05_h20,screen,"экран: первый день с фактом уровня, иначе срок",66,66,-80.90698575670893,-159.05443799835902,-14.192757076648777,-22.13842367676136,-77.89747474687728,31.077000985553333,-0.08656494842000019,0.4393939393939394,-184.13313999802722,-341.59947338749976,-34.97425990033156,0.22727272727272727,0.7727272727272727,6.409090909090909,-242.7209572701268
KZT,accelerate,a05_h20,push,"первый пуш потока, иначе срок",66,66,-28.80008320083759,-91.59079829595161,32.226679337151324,31.669848115456055,-25.39004738492821,89.16162871973066,0.12383441606375241,0.7878787878787878,-36.55395175490924,-116.91362147693431,38.028414436879956,0.3484848484848485,0.6515151515151515,4.575757575757576,-86.40024960251277
KZT,accelerate,a05_h20,push_or_calendar,"первый пуш, иначе календарь, иначе срок",66,66,-28.80008320083759,-91.59079829595161,32.226679337151324,31.669848115456055,-25.39004738492821,89.16162871973066,0.12383441606375241,0.7878787878787878,-36.55395175490924,-116.91362147693431,38.028414436879956,0.3484848484848485,0.6515151515151515,4.575757575757576,-86.40024960251277
KZT,accelerate,a05_h20,oracle,оракул: лучший день окна,66,66,193.79595654014906,142.05003338434722,255.80753522260605,255.74350913199922,205.9823716813812,311.1684105158192,1.0,0.7575757575757576,255.81066263299675,194.50014288970655,327.4980607716308,0.0,1.0,5.166666666666667,581.3878696204472
KZT,accelerate,a05_h25,habit,привычка: первый день окна,66,66,0.0,0.0,0.0,89.31236008985276,19.07306614008802,164.129119630472,0.2993256404269872,0.0,,,,0.0,1.0,13.545454545454545,0.0
KZT,accelerate,a05_h25,deadline,ждать до срока,66,66,0.0,0.0,0.0,89.31236008985276,19.07306614008802,164.129119630472,0.2993256404269872,0.0,,,,0.0,1.0,13.545454545454545,0.0
KZT,accelerate,a05_h25,random,случайный день окна,66,66,-80.29140352057102,-150.93874842234723,-13.029833158327316,0.0,0.0,0.0,0.0,,,,,0.5909090909090909,0.4090909090909091,,-240.87421056171308
KZT,accelerate,a05_h25,calendar25,"календарь: первый день с 25-го, иначе срок",66,66,0.0,0.0,0.0,89.31236008985276,19.07306614008802,164.129119630472,0.2993256404269872,0.0,,,,0.0,1.0,13.545454545454545,0.0
KZT,accelerate,a05_h25,screen,"экран: первый день с фактом уровня, иначе срок",66,66,-90.4210475225431,-182.4942708829487,-12.889899978972782,-9.411415978093213,-74.5691239758221,51.71862059554517,-0.0315418617550069,0.5,-180.84209504508618,-354.20379838847447,-24.494151768884056,0.30303030303030304,0.696969696969697,8.196969696969697,-271.26314256762936
KZT,accelerate,a05_h25,push,"первый пуш потока, иначе срок",66,66,-55.664005385370615,-134.6220166863499,23.269355249852655,25.83518448725623,-30.14515612555883,85.77503839754938,0.08658525129576033,0.9090909090909091,-61.23040592390769,-150.59367176395443,21.049311648681865,0.5,0.5,4.954545454545454,-166.99201615611184
KZT,accelerate,a05_h25,push_or_calendar,"первый пуш, иначе календарь, иначе срок",66,66,-55.664005385370615,-134.6220166863499,23.269355249852655,25.83518448725623,-30.14515612555883,85.77503839754938,0.08658525129576033,0.9090909090909091,-61.23040592390769,-150.59367176395443,21.049311648681865,0.5,0.5,4.954545454545454,-166.99201615611184
KZT,accelerate,a05_h25,oracle,оракул: лучший день окна,66,66,211.48470421506156,158.76642366106248,272.9690801662061,298.37858180959347,243.86224019408087,359.37433433955647,1.0,0.8787878787878788,240.65500824472522,183.1211730327799,304.670270864182,0.0,1.0,6.424242424242424,634.4541126451846
KZT,accelerate,a10_h15,habit,привычка: первый день окна,66,66,0.0,0.0,0.0,39.04921795987418,9.428171085436178,69.58623614400828,0.358362955738619,0.0,,,,0.0,1.0,3.393939393939394,0.0
KZT,accelerate,a10_h15,deadline,ждать до срока,66,66,0.0,0.0,0.0,39.04921795987418,9.428171085436178,69.58623614400828,0.358362955738619,0.0,,,,0.0,1.0,3.393939393939394,0.0
KZT,accelerate,a10_h15,random,случайный день окна,66,66,-37.42482503734633,-67.34554661592254,-8.321418882708237,0.0,0.0,0.0,0.0,,,,,0.5151515151515151,0.48484848484848486,,-112.274475112039
KZT,accelerate,a10_h15,calendar25,"календарь: первый день с 25-го, иначе срок",66,66,0.0,0.0,0.0,39.04921795987418,9.428171085436178,69.58623614400828,0.358362955738619,0.0,,,,0.0,1.0,3.393939393939394,0.0
KZT,accelerate,a10_h15,screen,"экран: первый день с фактом уровня, иначе срок",66,66,-38.3668353825371,-80.98313849829665,-6.102353375867292,-0.4686288257284075,-33.65188634664427,29.690204726418717,-0.004300706132064403,0.3484848484848485,-110.09613631510648,-213.6444579555983,-20.82660144057319,0.21212121212121213,0.7878787878787878,2.4242424242424243,-115.1005061476113
KZT,accelerate,a10_h15,push,"первый пуш потока, иначе срок",66,66,-6.145214267451098,-37.075202515039784,20.76190999146233,31.978213430027324,7.182811563907841,58.39864852594915,0.29347084737524715,0.4696969696969697,-13.083359408121693,-75.48876946701441,44.05777194989649,0.21212121212121213,0.7878787878787878,2.4242424242424243,-18.435642802353293
KZT,accelerate,a10_h15,push_or_calendar,"первый пуш, иначе календарь, иначе срок",66,66,-6.145214267451098,-37.075202515039784,20.76190999146233,31.978213430027324,7.182811563907841,58.39864852594915,0.29347084737524715,0.4696969696969697,-13.083359408121693,-75.48876946701441,44.05777194989649,0.21212121212121213,0.7878787878787878,2.4242424242424243,-18.435642802353293
KZT,accelerate,a10_h15,oracle,оракул: лучший день окна,66,66,70.47044264556426,49.50075298123431,94.38427754690281,108.96555387369811,89.80409812876486,131.56941837008708,1.0,0.5454545454545454,129.19581151686782,100.54027687422351,159.92498374655912,0.0,1.0,2.1666666666666665,211.41132793669277
KZT,accelerate,a10_h20,habit,привычка: первый день окна,66,66,0.0,0.0,0.0,48.48924874700722,-1.5493232720554344,102.50131092569885,0.2639236020105351,0.0,,,,0.0,1.0,6.984848484848484,0.0
KZT,accelerate,a10_h20,deadline,ждать до срока,66,66,0.0,0.0,0.0,48.48924874700722,-1.5493232720554344,102.50131092569885,0.2639236020105351,0.0,,,,0.0,1.0,6.984848484848484,0.0
KZT,accelerate,a10_h20,random,случайный день окна,66,66,-43.83147806565499,-96.26554052817774,5.948868760695908,0.0,0.0,0.0,0.0,,,,,0.45454545454545453,0.5454545454545454,,-131.49443419696496
KZT,accelerate,a10_h20,calendar25,"календарь: первый день с 25-го, иначе срок",66,66,0.0,0.0,0.0,48.48924874700722,-1.5493232720554344,102.50131092569885,0.2639236020105351,0.0,,,,0.0,1.0,6.984848484848484,0.0
KZT,accelerate,a10_h20,screen,"экран: первый день с фактом уровня, иначе срок",66,66,-72.16875986650732,-147.53105306879425,-11.746164521605493,-28.212599146080844,-79.48022599787507,17.8490219125823,-0.153559211188492,0.4090909090909091,-176.412524118129,-337.7735311224686,-38.59738730824172,0.19696969696969696,0.803030303030303,4.590909090909091,-216.50627959952195
KZT,accelerate,a10_h20,push,"первый пуш потока, иначе срок",66,66,-22.564571700625883,-78.81623829287008,27.325039275102043,22.835067086026505,-21.086064339266187,66.71207761770187,0.12428967891296316,0.7575757575757576,-29.785234644826165,-100.25285538920207,34.89985224072207,0.30303030303030304,0.696969696969697,3.606060606060606,-67.69371510187766
KZT,accelerate,a10_h20,push_or_calendar,"первый пуш, иначе календарь, иначе срок",66,66,-22.564571700625883,-78.81623829287008,27.325039275102043,22.835067086026505,-21.086064339266187,66.71207761770187,0.12428967891296316,0.7575757575757576,-29.785234644826165,-100.25285538920207,34.89985224072207,0.30303030303030304,0.696969696969697,3.606060606060606,-67.69371510187766
KZT,accelerate,a10_h20,oracle,оракул: лучший день окна,66,66,137.14531903514228,97.21909891295438,186.905315364654,183.72456414516373,144.52789262447814,229.92458303238672,1.0,0.7121212121212122,192.5870437514764,142.92679049048544,256.8511349667809,0.0,1.0,3.803030303030303,411.43595710542684
KZT,accelerate,a10_h25,habit,привычка: первый день окна,66,66,0.0,0.0,0.0,73.02245119957404,15.003237896348713,132.7688896375293,0.3021312847675281,0.0,,,,0.0,1.0,10.454545454545455,0.0
KZT,accelerate,a10_h25,deadline,ждать до срока,66,66,0.0,0.0,0.0,73.02245119957404,15.003237896348713,132.7688896375293,0.3021312847675281,0.0,,,,0.0,1.0,10.454545454545455,0.0
KZT,accelerate,a10_h25,random,случайный день окна,66,66,-66.87004610966463,-123.12089460211696,-11.178581235245256,0.0,0.0,0.0,0.0,,,,,0.5454545454545454,0.45454545454545453,,-200.61013832899388
KZT,accelerate,a10_h25,calendar25,"календарь: первый день с 25-го, иначе срок",66,66,0.0,0.0,0.0,73.02245119957404,15.003237896348713,132.7688896375293,0.3021312847675281,0.0,,,,0.0,1.0,10.454545454545455,0.0
KZT,accelerate,a10_h25,screen,"экран: первый день с фактом уровня, иначе срок",66,66,-75.29726667319258,-160.42806115373455,-1.5394645339279256,-8.215474663106482,-70.83811197944613,50.35238039012126,-0.03399162687863751,0.48484848484848486,-155.3006125134597,-315.4025848747328,-2.1371208809828146,0.2878787878787879,0.7121212121212122,6.46969696969697,-225.89180001957774
KZT,accelerate,a10_h25,push,"первый пуш потока, иначе срок",66,66,-46.55931785922618,-129.6715373148459,31.29349291877643,19.911061110873664,-28.880655252778734,69.80989128710684,0.08238225882162824,0.8939393939393939,-52.08330472388015,-137.3053859111704,29.95974694523821,0.4393939393939394,0.5606060606060606,4.045454545454546,-139.67795357767852
KZT,accelerate,a10_h25,push_or_calendar,"первый пуш, иначе календарь, иначе срок",66,66,-46.55931785922618,-129.6715373148459,31.29349291877643,19.911061110873664,-28.880655252778734,69.80989128710684,0.08238225882162824,0.8939393939393939,-52.08330472388015,-137.3053859111704,29.95974694523821,0.4393939393939394,0.5606060606060606,4.045454545454546,-139.67795357767852
KZT,accelerate,a10_h25,oracle,оракул: лучший день окна,66,66,170.41549090032018,124.7831693154787,223.061204026616,241.69112859583683,195.78952641692754,291.9465898366136,1.0,0.8181818181818182,208.2855999892802,156.05959590591448,266.70375996144446,0.0,1.0,5.636363636363637,511.24647270096057
KZT,accelerate,all,habit,привычка: первый день окна,396,66,0.0,0.0,0.0,60.99239892022741,15.864626294160118,108.09954032971537,0.28582127736389445,0.0,,,,0.0,1.0,8.48989898989899,0.0
KZT,accelerate,all,deadline,ждать до срока,396,66,0.0,0.0,0.0,60.99239892022741,15.864626294160118,108.09954032971537,0.28582127736389445,0.0,,,,0.0,1.0,8.48989898989899,0.0
KZT,accelerate,all,random,случайный день окна,396,66,-55.643095264152095,-101.35688227617213,-11.1424136501294,0.0,0.0,0.0,0.0,,,,,0.5227272727272727,0.4772727272727273,,-166.92928579245628
KZT,accelerate,all,calendar25,"календарь: первый день с 25-го, иначе срок",396,66,0.0,0.0,0.0,60.99239892022741,15.864626294160118,108.09954032971537,0.28582127736389445,0.0,,,,0.0,1.0,8.48989898989899,0.0
KZT,accelerate,all,screen,"экран: первый день с фактом уровня, иначе срок",396,66,-67.22130752474638,-131.09731320647674,-12.290109287806477,-10.976964646425948,-55.21553532651847,32.48029322835801,-0.05144001731958892,0.42676767676767674,-157.51264958461283,-286.3753163474708,-39.29786852058387,0.2474747474747475,0.7525252525252525,5.404040404040404,-201.66392257423914
KZT,accelerate,all,push,"первый пуш потока, иначе срок",396,66,-28.04799143577318,-76.90891443454282,19.599901108955553,28.756511056931295,-10.157770864605807,68.5187765160828,0.13475814803695563,0.75,-37.397321914364234,-101.77957332547896,23.016218853326897,0.35353535353535354,0.6464646464646465,3.8838383838383836,-84.14397430731954
KZT,accelerate,all,push_or_calendar,"первый пуш, иначе календарь, иначе срок",396,66,-28.04799143577318,-76.90891443454282,19.599901108955553,28.756511056931295,-10.157770864605807,68.5187765160828,0.13475814803695563,0.75,-37.397321914364234,-101.77957332547896,23.016218853326897,0.35353535353535354,0.6464646464646465,3.8838383838383836,-84.14397430731954
KZT,accelerate,all,oracle,оракул: лучший день окна,396,66,154.1729660792413,119.54235232862857,196.3899987634635,213.3934865967823,175.26153262385415,254.98659448460415,1.0,0.7373737373737373,209.08388550472452,165.26621091325325,256.93548514637746,0.0,1.0,4.467171717171717,462.5188982377239
TJS,wait,s05_k05,habit,привычка: первый день окна,66,66,0.0,0.0,0.0,1.7422865208562088,-33.53827856808015,38.93153433722162,0.011799444200362576,0.0,,,,0.0,1.0,0.0,0.0
TJS,wait,s05_k05,deadline,ждать до срока,66,66,13.441727540250952,-48.300554532387686,72.46868118157859,11.992291204157937,-24.821628958929953,49.24368621111626,0.08121647570826769,1.0,13.441727540250952,-48.300554532387686,72.46868118157859,0.3939393939393939,0.6060606060606061,5.0,40.325182620752855
TJS,wait,s05_k05,random,случайный день окна,66,66,0.5237336607400076,-36.29090705871901,35.65807850655349,0.0,0.0,0.0,0.0,,,,,0.3333333333333333,0.6666666666666666,,1.5712009822200228
TJS,wait,s05_k05,calendar25,"календарь: первый день с 25-го, иначе срок",66,66,13.441727540250952,-48.300554532387686,72.46868118157859,11.992291204157937,-24.821628958929953,49.24368621111626,0.08121647570826769,0.0,,,,0.3939393939393939,0.6060606060606061,5.0,40.325182620752855
TJS,wait,s05_k05,screen,"экран: первый день с фактом уровня, иначе срок",66,66,-10.749412303702556,-67.14367284717999,42.90755151606352,-11.617026537448595,-48.44593976687985,25.016991299427414,-0.07867503694822463,0.16666666666666666,191.84012318997648,71.58575426769897,370.9300646971788,0.30303030303030304,0.696969696969697,3.5606060606060606,-32.24823691110767
TJS,wait,s05_k05,push,"первый пуш потока, иначе срок",66,66,-6.594067719298,-60.52759623797079,47.38565423045111,-7.763397966376713,-36.905217620338156,21.267835083698472,-0.05257676048854103,0.4393939393939394,91.74438143764618,27.37925989307484,168.40485589355347,0.30303030303030304,0.696969696969697,3.1515151515151514,-19.782203157894
TJS,wait,s05_k05,push_or_calendar,"первый пуш, иначе календарь, иначе срок",66,66,-6.594067719298,-60.52759623797079,47.38565423045111,-7.763397966376713,-36.905217620338156,21.267835083698472,-0.05257676048854103,0.4393939393939394,91.74438143764618,27.37925989307484,168.40485589355347,0.30303030303030304,0.696969696969697,3.1515151515151514,-19.782203157894
TJS,wait,s05_k05,oracle,оракул: лучший день окна,66,66,147.71666557598465,105.62645582724447,195.76724825035546,147.65835502681315,116.22601626989668,189.517441706887,1.0,0.803030303030303,183.9490552455658,138.08057204846602,239.00753598061476,0.0,1.0,2.727272727272727,443.149996727954
TJS,wait,s05_k10,habit,привычка: первый день окна,66,66,0.0,0.0,0.0,-19.020015637578314,-62.308340165652844,27.500973624658986,-0.08712042993275508,0.0,,,,0.0,1.0,0.0,0.0
TJS,wait,s05_k10,deadline,ждать до срока,66,66,54.44239049576297,-27.678770530250294,136.41807571939475,29.98190045188611,-19.173321113027654,82.46521746302977,0.13733091009708306,1.0,54.44239049576297,-27.678770530250294,136.41807571939475,0.42424242424242425,0.5757575757575758,10.0,163.32717148728892
TJS,wait,s05_k10,random,случайный день окна,66,66,22.50314411517863,-23.793848114864442,66.07302157222911,0.0,0.0,0.0,0.0,,,,,0.3939393939393939,0.6060606060606061,,67.50943234553588
TJS,wait,s05_k10,calendar25,"календарь: первый день с 25-го, иначе срок",66,66,54.44239049576297,-27.678770530250294,136.41807571939475,29.98190045188611,-19.173321113027654,82.46521746302977,0.13733091009708306,0.030303030303030304,168.5871751855267,-45.59099322909099,382.7653436001444,0.42424242424242425,0.5757575757575758,10.0,163.32717148728892
TJS,wait,s05_k10,screen,"экран: первый день с фактом уровня, иначе срок",66,66,8.437449403155814,-50.6129840515624,64.16938132103827,-13.417311833393816,-59.93631608899643,31.964780122390724,-0.06145746658365745,0.21212121212121213,186.16573974958035,82.20095530334227,327.790410557085,0.30303030303030304,0.696969696969697,6.424242424242424,25.31234820946744
TJS,wait,s05_k10,push,"первый пуш потока, иначе срок",66,66,0.48458107450162463,-57.00296108647394,57.57445880218788,-21.485171271998443,-61.8044084465111,21.105873907817216,-0.09841197789013519,0.6363636363636364,42.58568584225379,-24.453214283258028,112.54697907735536,0.2878787878787879,0.7121212121212122,4.893939393939394,1.453743223504874
TJS,wait,s05_k10,push_or_calendar,"первый пуш, иначе календарь, иначе срок",66,66,0.48458107450162463,-57.00296108647394,57.57445880218788,-21.485171271998443,-61.8044084465111,21.105873907817216,-0.09841197789013519,0.6363636363636364,42.58568584225379,-24.453214283258028,112.54697907735536,0.2878787878787879,0.7121212121212122,4.893939393939394,1.453743223504874
TJS,wait,s05_k10,oracle,оракул: лучший день окна,66,66,241.74303567134095,179.63074323763212,311.68923896936633,218.3186613318958,179.4183982131882,264.76184125944815,1.0,0.8484848484848485,284.9114348983661,215.1405600223852,365.46406094434303,0.0,1.0,4.924242424242424,725.2291070140228
TJS,wait,s05_k15,habit,привычка: первый день окна,66,66,0.0,0.0,0.0,-21.70843453590636,-79.49608587596553,36.36701521649059,-0.07203345526109428,0.0,,,,0.0,1.0,0.0,0.0
TJS,wait,s05_k15,deadline,ждать до срока,66,66,71.65318624153424,-65.00056343021028,224.50610290847652,38.08938623359191,-56.559017010357145,142.70473193134487,0.1263891274445336,1.0,71.65318624153424,-65.00056343021028,224.50610290847652,0.4090909090909091,0.5909090909090909,15.0,214.95955872460274
TJS,wait,s05_k15,random,случайный день окна,66,66,27.656069457091956,-30.69041452029094,85.64259880455955,0.0,0.0,0.0,0.0,,,,,0.3939393939393939,0.6060606060606061,,82.96820837127588
TJS,wait,s05_k15,calendar25,"календарь: первый день с 25-го, иначе срок",66,66,101.33715958887187,-15.461394534421537,228.4347800892014,68.78143609572109,4.1738538682679724,144.9843917216073,0.2282322334943108,1.0,101.33715958887187,-15.461394534421537,228.4347800892014,0.4090909090909091,0.5909090909090909,13.545454545454545,304.0114787666156
TJS,wait,s05_k15,screen,"экран: первый день с фактом уровня, иначе срок",66,66,43.27864590643748,-74.85388117079931,181.71416957937046,13.459716135535588,-74.70457697752569,119.45309492166783,0.04466235731887848,0.24242424242424243,163.84459240996767,58.49108871890755,295.4241463286814,0.2727272727272727,0.7272727272727273,9.212121212121213,129.83593771931245
TJS,wait,s05_k15,push,"первый пуш потока, иначе срок",66,66,55.36156112838065,-33.91464993362399,182.26310806712817,28.154785409949305,-47.449674811086965,129.820305990487,0.09342389345757666,0.7727272727272727,18.70358521700732,-44.51635671807611,81.07953427959201,0.30303030303030304,0.696969696969697,5.545454545454546,166.08468338514194
TJS,wait,s05_k15,push_or_calendar,"первый пуш, иначе календарь, иначе срок",66,66,42.5765890210687,-33.4717422653744,139.9522935885127,16.024581918056587,-46.8849701984868,93.78660180013463,0.053173157316471396,0.8484848484848485,50.17955134625954,-38.0481997857841,159.56972565901313,0.30303030303030304,0.696969696969697,5.4393939393939394,127.72976706320611
TJS,wait,s05_k15,oracle,оракул: лучший день окна,66,66,331.89633830087234,231.28633977215296,463.2737566056384,301.36600357738524,234.50524130316987,396.48950161858477,1.0,0.8636363636363636,384.30102329574686,273.2343361260774,533.9921741199827,0.0,1.0,7.5,995.6890149026169
TJS,wait,s10_k05,habit,привычка: первый день окна,66,66,0.0,0.0,0.0,-38.39822564875185,-84.55212158120497,2.2147512600225276,-0.3056236483116658,0.0,,,,0.0,1.0,0.0,0.0
TJS,wait,s10_k05,deadline,ждать до срока,66,66,58.85329328124565,-16.646931638916488,141.3735904663581,15.083846375693398,-21.360135791525682,51.57926981005978,0.12005711415110566,1.0,58.85329328124565,-16.646931638916488,141.3735904663581,0.36363636363636365,0.6363636363636364,5.0,176.55987984373695
TJS,wait,s10_k05,random,случайный день окна,66,66,41.72189552175196,-0.6449167002765944,90.84199733809227,0.0,0.0,0.0,0.0,,,,,0.3181818181818182,0.6818181818181818,,125.16568656525588
TJS,wait,s10_k05,calendar25,"календарь: первый день с 25-го, иначе срок",66,66,58.85329328124565,-16.646931638916488,141.3735904663581,15.083846375693398,-21.360135791525682,51.57926981005978,0.12005711415110566,0.0,,,,0.36363636363636365,0.6363636363636364,5.0,176.55987984373695
TJS,wait,s10_k05,screen,"экран: первый день с фактом уровня, иначе срок",66,66,30.278232120982764,-30.8182489577446,99.95100948227135,-11.943857232578008,-49.40357388120489,24.979347631417614,-0.09506494533694222,0.15151515151515152,96.88489515730802,40.95080106804454,167.37928707103183,0.2878787878787879,0.7121212121212122,3.3333333333333335,90.83469636294829
TJS,wait,s10_k05,push,"первый пуш потока, иначе срок",66,66,29.910051465516748,-30.101378011226767,105.72465847129035,-12.678896244547053,-41.79115733626699,20.603855045332953,-0.10091535380488359,0.45454545454545453,80.27016967711923,23.55046545768369,143.01988244500174,0.3333333333333333,0.6666666666666666,3.227272727272727,89.73015439655025
TJS,wait,s10_k05,push_or_calendar,"первый пуш, иначе календарь, иначе срок",66,66,29.910051465516748,-30.101378011226767,105.72465847129035,-12.678896244547053,-41.79115733626699,20.603855045332953,-0.10091535380488359,0.45454545454545453,80.27016967711923,23.55046545768369,143.01988244500174,0.3333333333333333,0.6666666666666666,3.227272727272727,89.73015439655025
TJS,wait,s10_k05,oracle,оракул: лучший день окна,66,66,169.2120584455652,108.2500030747119,249.58881692264842,125.63892179441066,98.91846285834835,162.07754151233328,1.0,0.7272727272727273,232.66658036265213,157.4136794243796,330.23483298248755,0.0,1.0,2.3181818181818183,507.6361753366956
TJS,wait,s10_k10,habit,привычка: первый день окна,66,66,0.0,0.0,0.0,-50.665409916614344,-119.60223872580882,13.049128140341049,-0.22336653756526276,0.0,,,,0.0,1.0,0.0,0.0
TJS,wait,s10_k10,deadline,ждать до срока,66,66,109.93620515368177,-8.544520651191167,254.83410495582072,45.47097357067235,-16.10513281695977,117.98530977627794,0.2004660367481216,1.0,109.93620515368177,-8.544520651191167,254.83410495582072,0.3333333333333333,0.6666666666666666,10.0,329.8086154610453
TJS,wait,s10_k10,random,случайный день окна,66,66,58.556708902532215,-8.301245098892656,133.74295380352245,0.0,0.0,0.0,0.0,,,,,0.2878787878787879,0.7121212121212122,,175.67012670759664
TJS,wait,s10_k10,calendar25,"календарь: первый день с 25-го, иначе срок",66,66,109.22382317834168,-8.575679728454759,255.26397972790846,44.736327533765696,-16.210329190696346,116.58619436107759,0.19722723256455826,0.4696969696969697,40.02657460998179,-110.44262528384498,187.8753522387252,0.3333333333333333,0.6666666666666666,9.924242424242424,327.67146953502504
TJS,wait,s10_k10,screen,"экран: первый день с фактом уровня, иначе срок",66,66,69.19341009701213,-31.659719822466776,198.8697750072069,8.141125336549914,-57.885773600857874,82.27225722665429,0.03589144904389051,0.15151515151515152,96.88489515730802,40.95080106804454,167.37928707103183,0.21212121212121213,0.7878787878787878,6.363636363636363,207.5802302910364
TJS,wait,s10_k10,push,"первый пуш потока, иначе срок",66,66,52.055134160468626,-42.36793394719869,186.81382018370203,-8.866096958334355,-63.855759376088294,59.0694893556579,-0.039087602025926524,0.7121212121212122,32.12271370320261,-29.549109304872882,89.96193432671024,0.30303030303030304,0.696969696969697,4.5606060606060606,156.1654024814059
TJS,wait,s10_k10,push_or_calendar,"первый пуш, иначе календарь, иначе срок",66,66,52.055134160468626,-42.36793394719869,186.81382018370203,-8.866096958334355,-63.855759376088294,59.0694893556579,-0.039087602025926524,0.7575757575757576,11.698233402065624,-55.69563484262287,71.32798152330832,0.30303030303030304,0.696969696969697,4.5606060606060606,156.1654024814059
TJS,wait,s10_k10,oracle,оракул: лучший день окна,66,66,290.47708439773834,189.85007296482655,427.21945215037476,226.82632084857846,178.12106957173475,292.10591344510163,1.0,0.8636363636363636,336.34188719738125,225.1493697680716,483.82532559280014,0.0,1.0,5.363636363636363,871.4312531932151
TJS,wait,s10_k15,habit,привычка: первый день окна,65,65,0.0,0.0,0.0,-44.08803731505846,-136.28573748652295,45.020700000131896,-0.13661987020381283,0.0,,,,0.0,1.0,0.0,0.0
TJS,wait,s10_k15,deadline,ждать до срока,65,65,62.76507190557121,-133.51497526553788,322.0636278919739,-13.311461189899415,-125.15803735750313,128.83721582842279,-0.041249513717091596,1.0,62.76507190557121,-133.51497526553788,322.0636278919739,0.38461538461538464,0.6153846153846154,15.0,188.29521571671364
TJS,wait,s10_k15,random,случайный день окна,65,65,58.802745558957966,-32.194041067350014,162.20645371520084,0.0,0.0,0.0,0.0,,,,,0.3076923076923077,0.6923076923076923,,176.4082366768739
TJS,wait,s10_k15,calendar25,"календарь: первый день с 25-го, иначе срок",65,65,139.77776260210197,7.554847555142188,300.70747085826605,74.37625359286815,26.73944200581243,129.5414902073001,0.23047689874443306,1.0,139.77776260210197,7.554847555142188,300.70747085826605,0.27692307692307694,0.7230769230769231,10.461538461538462,419.3332878063059
TJS,wait,s10_k15,screen,"экран: первый день с фактом уровня, иначе срок",65,65,50.83775488647773,-136.4651102673955,310.29369502298727,-22.899265292685076,-134.94338832454844,119.24997969108325,-0.07096017066245679,0.2,113.09557387594317,63.484927036227795,173.87677482365973,0.24615384615384617,0.7538461538461538,9.4,152.5132646594332
TJS,wait,s10_k15,push,"первый пуш потока, иначе срок",65,65,109.25829296362225,-29.87406039867257,335.83634439056726,42.64660836679661,-53.911004788128984,184.04403687847315,0.13215317475052507,0.7384615384615385,32.39700893360882,-30.13903839788789,89.77838766477872,0.27692307692307694,0.7230769230769231,5.046153846153846,327.7748788908667
TJS,wait,s10_k15,push_or_calendar,"первый пуш, иначе календарь, иначе срок",65,65,72.62070299650449,-27.56536354255301,217.59261477086662,13.669164166405764,-50.544919320005945,87.36362829360216,0.04235796256621111,0.8461538461538461,85.82446717768714,-29.575116781014497,255.34357733207136,0.27692307692307694,0.7230769230769231,4.584615384615384,217.86210898951347
TJS,wait,s10_k15,oracle,оракул: лучший день окна,65,65,393.0700379387205,232.6765135412607,626.1995733477906,322.7058937275146,231.92629358626291,456.6560657177989,1.0,0.9076923076923077,433.0432621358785,261.98548281220405,672.5038156201036,0.0,1.0,7.338461538461538,1179.2101138161613
TJS,wait,s15_k05,habit,привычка: первый день окна,66,66,0.0,0.0,0.0,-7.231973033763864,-46.80383414611145,30.797383330280844,-0.055310525843786554,0.0,,,,0.0,1.0,0.0,0.0
TJS,wait,s15_k05,deadline,ждать до срока,66,66,12.959754995788229,-57.989789307411726,84.43360400576913,1.426715241360322,-36.511219198922625,39.01467715679006,0.010911596304434019,1.0,12.959754995788229,-57.989789307411726,84.43360400576913,0.45454545454545453,0.5454545454545454,5.0,38.87926498736469
TJS,wait,s15_k05,random,случайный день окна,66,66,9.859868392419916,-28.897663358227202,50.903456504417235,0.0,0.0,0.0,0.0,,,,,0.45454545454545453,0.5454545454545454,,29.579605177259747
TJS,wait,s15_k05,calendar25,"календарь: первый день с 25-го, иначе срок",66,66,12.959754995788229,-57.989789307411726,84.43360400576913,1.426715241360322,-36.511219198922625,39.01467715679006,0.010911596304434019,0.0,,,,0.45454545454545453,0.5454545454545454,5.0,38.87926498736469
TJS,wait,s15_k05,screen,"экран: первый день с фактом уровня, иначе срок",66,66,-9.720489547745114,-68.04389704128393,48.17805629957468,-20.290590117405753,-55.581350585059944,12.376141998503561,-0.15518354449537558,0.030303030303030304,144.65534932131098,57.85421426559356,231.45648437702837,0.3333333333333333,0.6666666666666666,3.212121212121212,-29.16146864323534
TJS,wait,s15_k05,push,"первый пуш потока, иначе срок",66,66,-12.454855426604084,-71.64590252669049,42.81573778617478,-23.177675451117008,-51.08266336487279,1.7887961288360816,-0.17726413124783272,0.6515151515151515,37.43320298014267,-2.202243036302402,79.45232550814787,0.45454545454545453,0.5454545454545454,3.393939393939394,-37.36456627981225
TJS,wait,s15_k05,push_or_calendar,"первый пуш, иначе календарь, иначе срок",66,66,-12.454855426604084,-71.64590252669049,42.81573778617478,-23.177675451117008,-51.08266336487279,1.7887961288360816,-0.17726413124783272,0.6515151515151515,37.43320298014267,-2.202243036302402,79.45232550814787,0.45454545454545453,0.5454545454545454,3.393939393939394,-37.36456627981225
TJS,wait,s15_k05,oracle,оракул: лучший день окна,66,66,141.16549620504622,89.9570107609682,200.0294483246042,130.75220174527206,103.21342233887724,161.62753807031308,1.0,0.6818181818181818,207.04272776740117,134.21664899929002,285.41047955692466,0.0,1.0,2.3636363636363638,423.4964886151387
TJS,wait,s15_k10,habit,привычка: первый день окна,66,66,0.0,0.0,0.0,0.6668756124237273,-65.21918760913347,63.04068240504408,0.0028451173658767,0.0,,,,0.0,1.0,0.0,0.0
TJS,wait,s15_k10,deadline,ждать до срока,66,66,-7.200995437464788,-157.19269829045845,158.23572411255546,-23.740606278817275,-116.17714072885407,72.57437389008719,-0.10128547204600283,1.0,-7.200995437464788,-157.19269829045845,158.23572411255546,0.5,0.5,10.0,-21.602986312394364
TJS,wait,s15_k10,random,случайный день окна,66,66,7.089357987548728,-56.25789069899936,78.99353356492773,0.0,0.0,0.0,0.0,,,,,0.48484848484848486,0.5151515151515151,,21.26807396264618
TJS,wait,s15_k10,calendar25,"календарь: первый день с 25-го, иначе срок",66,66,62.50078726107452,-32.72694516969821,182.59705914288548,51.618347081240465,11.990898098564358,100.22975376386427,0.22022136203921386,1.0,62.50078726107452,-32.72694516969821,182.59705914288548,0.42424242424242425,0.5757575757575758,7.0606060606060606,187.50236178322356
TJS,wait,s15_k10,screen,"экран: первый день с фактом уровня, иначе срок",66,66,1.469007640179539,-137.74598455464346,165.7874765247734,-12.849216499437443,-106.2010364209557,81.05759890953914,-0.05481911216934791,0.07575757575757576,178.46299805551922,110.31098132009065,232.52859352866432,0.3333333333333333,0.6666666666666666,6.363636363636363,4.407022920538617
TJS,wait,s15_k10,push,"первый пуш потока, иначе срок",66,66,31.89506195981775,-61.91856224973775,176.45683425244403,22.113070333277467,-41.66217207082542,106.24675521664165,0.09434185213251639,0.7878787878787878,8.144142046260775,-38.0986612548388,51.85105154534346,0.4393939393939394,0.5606060606060606,4.545454545454546,95.68518587945326
TJS,wait,s15_k10,push_or_calendar,"первый пуш, иначе календарь, иначе срок",66,66,30.010306025918318,-47.539354189727334,144.2978437274801,22.2610393387425,-27.525494940860273,81.10362325687137,0.09497313805633358,0.9545454545454546,31.439368217628722,-53.64744494828141,143.28747244996495,0.4393939393939394,0.5606060606060606,4.090909090909091,90.03091807775496
TJS,wait,s15_k10,oracle,оракул: лучший день окна,66,66,244.56639936717474,145.95579885872263,388.3111794800216,234.393006215487,172.56851866867947,313.7761468185309,1.0,0.7424242424242424,329.415966494562,199.3482118741611,508.9242784119695,0.0,1.0,4.393939393939394,733.6991981015242
TJS,wait,s15_k15,habit,привычка: первый день окна,65,65,0.0,0.0,0.0,19.03498532360159,-78.85447785289975,110.65402023772752,0.05893637635634063,0.0,,,,0.0,1.0,0.0,0.0
TJS,wait,s15_k15,deadline,ждать до срока,65,65,-41.36555971998233,-234.36292460383424,183.50808831359433,-55.60892295559125,-170.78128313737633,58.28300794694126,-0.17217709162180558,1.0,-41.36555971998233,-234.36292460383424,183.50808831359433,0.5692307692307692,0.4307692307692308,15.0,-124.09667915994699
TJS,wait,s15_k15,random,случайный день окна,65,65,-2.10790277232152,-95.68304234974151,105.45700370033987,0.0,0.0,0.0,0.0,,,,,0.5230769230769231,0.47692307692307695,,-6.323708316964559
TJS,wait,s15_k15,calendar25,"календарь: первый день с 25-го, иначе срок",65,65,70.45473528776854,-27.350586448877056,194.4420415452074,73.42376725259166,33.8379879378944,115.94691746652416,0.22733565099909048,1.0,70.45473528776854,-27.350586448877056,194.4420415452074,0.4153846153846154,0.5846153846153846,7.046153846153846,211.3642058633056
TJS,wait,s15_k15,screen,"экран: первый день с фактом уровня, иначе срок",65,65,-13.861202000463956,-190.43882558936593,197.36588696579577,-23.996680886814765,-129.89745141540755,85.27555916743292,-0.0742988445751387,0.07692307692307693,178.46299805551922,110.31098132009065,232.52859352866432,0.3384615384615385,0.6615384615384615,9.461538461538462,-41.58360600139187
TJS,wait,s15_k15,push,"первый пуш потока, иначе срок",65,65,55.097980427449606,-56.309710549628335,226.7167496384551,57.5193973032481,-26.3956404358846,157.78319861232882,0.17809232787013773,0.8461538461538461,-3.2047218631325265,-47.46366420731983,39.57720723212369,0.4153846153846154,0.5846153846153846,5.153846153846154,165.29394128234884
TJS,wait,s15_k15,push_or_calendar,"первый пуш, иначе календарь, иначе срок",65,65,37.13925079459372,-41.35425514583066,148.59134614216643,45.262979937266905,-20.049298758520518,122.91974739096891,0.14014384436034422,0.9538461538461539,38.93631131691278,-41.5444705174356,147.01726209626864,0.4307692307692308,0.5692307692307692,4.338461538461538,111.41775238378116
TJS,wait,s15_k15,oracle,оракул: лучший день окна,65,65,324.1396439216094,186.62718752337614,517.3151269635916,322.97515559002846,234.75119605044398,430.2026908377779,1.0,0.8153846153846154,397.5297519793323,237.8222837498111,636.3187270355309,0.0,1.0,6.753846153846154,972.4189317648281
TJS,wait,s20_k05,habit,привычка: первый день окна,66,66,0.0,0.0,0.0,7.5702314770651755,-44.29120602978438,67.12594367527493,0.05119819895982294,0.0,,,,0.0,1.0,0.0,0.0
TJS,wait,s20_k05,deadline,ждать до срока,66,66,-20.224311834510452,-123.00725505998881,71.36774684611999,-22.163165497314704,-75.22285814824245,23.04071042562365,-0.14989160637276933,1.0,-20.224311834510452,-123.00725505998881,71.36774684611999,0.3484848484848485,0.6515151515151515,5.0,-60.67293550353135
TJS,wait,s20_k05,random,случайный день окна,66,66,-2.175041325664841,-58.270177392732414,48.39063532212939,0.0,0.0,0.0,0.0,,,,,0.3181818181818182,0.6818181818181818,,-6.525123976994523
TJS,wait,s20_k05,calendar25,"календарь: первый день с 25-го, иначе срок",66,66,48.935052350570494,-20.6914115762135,126.30962512125632,50.11136060403051,19.78807387389152,88.78660552046736,0.33890792086416127,1.0,48.935052350570494,-20.6914115762135,126.30962512125632,0.3181818181818182,0.6818181818181818,3.4696969696969697,146.8051570517115
TJS,wait,s20_k05,screen,"экран: первый день с фактом уровня, иначе срок",66,66,-1.8722111324219117,-84.05092796603326,70.5879713438231,-0.8477323923613037,-46.61475956330288,44.308396497812154,-0.005733295186586148,0.045454545454545456,122.32772753682544,57.5336194711662,217.20810986452844,0.22727272727272727,0.7727272727272727,3.409090909090909,-5.616633397265735
TJS,wait,s20_k05,push,"первый пуш потока, иначе срок",66,66,-23.26268998071673,-100.87325319145698,45.30304950157294,-22.35038704342449,-62.2526054854792,14.023326358621606,-0.15115780358170997,0.3787878787878788,48.73490809736122,-23.73892304383596,115.34696684330301,0.25757575757575757,0.7424242424242424,2.5757575757575757,-69.78806994215019
TJS,wait,s20_k05,push_or_calendar,"первый пуш, иначе календарь, иначе срок",66,66,11.89670006295029,-50.76530586278674,86.72265108131265,13.99083026049484,-19.82265897770198,55.768285948470655,0.09462132214319333,0.6818181818181818,17.448493425660434,-76.41105731386611,122.98592744822928,0.24242424242424243,0.7575757575757576,2.0606060606060606,35.69010018885087
TJS,wait,s20_k05,oracle,оракул: лучший день окна,66,66,143.78361407805562,93.57234760883887,207.66860536273222,147.86128478866624,103.66093599465182,199.34686270113068,1.0,0.7575757575757576,189.79437058303344,129.1188806492387,273.3329101896252,0.0,1.0,2.4696969696969697,431.35084223416686
TJS,wait,s20_k10,habit,привычка: первый день окна,65,65,0.0,0.0,0.0,27.48262034024274,-63.54332834793674,131.6084583368992,0.10661739943891242,0.0,,,,0.0,1.0,0.0,0.0
TJS,wait,s20_k10,deadline,ждать до срока,65,65,-29.837232136604076,-167.20779715982675,122.8850883001162,-25.818660704402266,-82.73856075392122,42.60575755095675,-0.10016215438046164,1.0,-29.837232136604076,-167.20779715982675,122.8850883001162,0.5846153846153846,0.4153846153846154,10.0,-89.51169640981223
TJS,wait,s20_k10,random,случайный день окна,65,65,-11.49791888150777,-104.50875911165717,78.40479158870613,0.0,0.0,0.0,0.0,,,,,0.46153846153846156,0.5384615384615384,,-34.49375664452331
TJS,wait,s20_k10,calendar25,"календарь: первый день с 25-го, иначе срок",65,65,53.57336201880217,-16.015230680079846,131.06085347622673,70.17158413492938,30.4178944002367,120.57598988052975,0.2722270191980149,1.0,53.57336201880217,-16.015230680079846,131.06085347622673,0.3076923076923077,0.6923076923076923,3.476923076923077,160.72008605640653
TJS,wait,s20_k10,screen,"экран: первый день с фактом уровня, иначе срок",65,65,2.9514703247490615,-119.54006720653145,146.24501364697846,11.239712978933929,-53.167440023109975,86.68695869775378,0.04360388323303317,0.07692307692307693,146.50518649674103,95.44778582228642,197.56258717119567,0.36923076923076925,0.6307692307692307,6.507692307692308,8.854410974247186
TJS,wait,s20_k10,push,"первый пуш потока, иначе срок",65,65,-9.881573764396475,-133.62643540786553,130.10261845546034,-2.0689960223301007,-60.1542658320194,65.20917496134915,-0.008026562701056509,0.4307692307692308,27.095916172917093,-41.2519686070205,94.97420717318755,0.3076923076923077,0.6923076923076923,3.8461538461538463,-29.64472129318942
TJS,wait,s20_k10,push_or_calendar,"первый пуш, иначе календарь, иначе срок",65,65,18.799817074016655,-43.82601352352183,90.03493275869374,36.78238409694705,-13.442288496531283,89.25292723211645,0.14269535033518083,0.676923076923077,27.772457041160973,-68.05781227146477,135.98989210600064,0.23076923076923078,0.7692307692307693,2.2153846153846155,56.39945122204996
TJS,wait,s20_k10,oracle,оракул: лучший день окна,65,65,243.03039122626888,138.06048394744187,387.03007197907317,257.7686239288663,176.5394408975196,357.05865876869905,1.0,0.8,303.7879890328361,177.56010979671402,488.88425690955825,0.0,1.0,4.230769230769231,729.0911736788066
TJS,wait,s20_k15,habit,привычка: первый день окна,65,65,0.0,0.0,0.0,50.66153045996985,-62.86780617028677,177.6274416402188,0.1516120565257917,0.0,,,,0.0,1.0,0.0,0.0
TJS,wait,s20_k15,deadline,ждать до срока,65,65,-39.6322506686394,-199.55937121563232,149.55317509802177,-22.09891182112594,-96.65026185573574,62.22613724031196,-0.06613423316988806,1.0,-39.6322506686394,-199.55937121563232,149.55317509802177,0.5692307692307692,0.4307692307692308,15.0,-118.89675200591819
TJS,wait,s20_k15,random,случайный день окна,65,65,-25.89541940090817,-139.86452095725775,89.88314994374342,0.0,0.0,0.0,0.0,,,,,0.47692307692307695,0.5230769230769231,,-77.68625820272452
TJS,wait,s20_k15,calendar25,"календарь: первый день с 25-го, иначе срок",65,65,53.57336201880217,-16.015230680079846,131.06085347622673,91.3191550928633,29.453355917745796,164.27558600797295,0.27328595836176733,1.0,53.57336201880217,-16.015230680079846,131.06085347622673,0.3076923076923077,0.6923076923076923,3.476923076923077,160.72008605640653
TJS,wait,s20_k15,screen,"экран: первый день с фактом уровня, иначе срок",65,65,-15.374289896282217,-164.86546554139966,178.52874706473995,6.054687211436707,-75.89118965330236,96.74816508461039,0.01811953905481908,0.1076923076923077,881.3871142415536,130.92380589740938,2183.591029622823,0.35384615384615387,0.6461538461538462,9.523076923076923,-46.122869688846656
TJS,wait,s20_k15,push,"первый пуш потока, иначе срок",65,65,3.518993725732639,-140.31181655532768,189.48133633338122,25.217137183181926,-44.66742618708498,104.14390172453308,0.07546597967576475,0.5538461538461539,156.2678985049505,-27.125288179244208,444.9252930958616,0.3076923076923077,0.6923076923076923,4.876923076923077,10.556981177197917
TJS,wait,s20_k15,push_or_calendar,"первый пуш, иначе календарь, иначе срок",65,65,60.787937321224845,-52.357610455706705,230.9714216517866,90.74251015692082,5.941853022261189,184.1810589838421,0.27156026385886434,0.676923076923077,89.80036195180944,-74.14390843573356,336.38179398795256,0.26153846153846155,0.7384615384615385,3.4461538461538463,182.36381196367455
TJS,wait,s20_k15,oracle,оракул: лучший день окна,65,65,303.3141648652375,174.514132951972,488.3376130035374,334.15238616825627,238.80022560709452,456.23267212778734,1.0,0.8461538461538461,358.46219484073526,210.6760820059667,576.2238236794091,0.0,1.0,6.876923076923077,909.9424945957126
TJS,wait,s25_k05,habit,привычка: первый день окна,65,65,0.0,0.0,0.0,71.68493585793064,15.72856782663051,141.8934661332942,0.41754276215335107,0.0,,,,0.0,1.0,0.0,0.0
TJS,wait,s25_k05,deadline,ждать до срока,65,65,-88.96272949500782,-186.64962665622448,5.901029600734084,-27.767950102632817,-74.40879830842592,23.89476143253281,-0.16173979158142798,1.0,-88.96272949500782,-186.64962665622448,5.901029600734084,0.6461538461538462,0.35384615384615387,5.0,-266.8881884850235
TJS,wait,s25_k05,random,случайный день окна,65,65,-64.62067117137819,-126.66299878812953,-13.132413068453548,0.0,0.0,0.0,0.0,,,,,0.5538461538461539,0.4461538461538462,,-193.8620135141346
TJS,wait,s25_k05,calendar25,"календарь: первый день с 25-го, иначе срок",65,65,0.0,0.0,0.0,71.68493585793064,15.72856782663051,141.8934661332942,0.41754276215335107,0.0,,,,0.0,1.0,0.0,0.0
TJS,wait,s25_k05,screen,"экран: первый день с фактом уровня, иначе срок",65,65,-48.695306932493615,-142.57133549002478,42.05202710666569,14.121529676038808,-36.829165734007226,73.97080737974579,0.08225357861028813,0.06153846153846154,85.47029311522735,18.615007301439057,152.32557892901565,0.38461538461538464,0.6153846153846154,3.353846153846154,-146.08592079748087
TJS,wait,s25_k05,push,"первый пуш потока, иначе срок",65,65,-40.798318688906726,-134.29030641169328,49.959948653766006,22.137854678250427,-31.718045623271184,82.12413763476623,0.12894621275557078,0.38461538461538464,58.31902054092647,24.598541451640973,104.25651727705683,0.4307692307692308,0.5692307692307692,3.123076923076923,-122.39495606672018
TJS,wait,s25_k05,push_or_calendar,"первый пуш, иначе календарь, иначе срок",65,65,22.43039251574095,8.095347631617534,42.08537483223885,93.9500704479819,38.26208829375501,162.19250570533998,0.5472303413522884,0.38461538461538464,58.31902054092647,24.598541451640973,104.25651727705683,0.06153846153846154,0.9384615384615385,0.7384615384615385,67.29117754722284
TJS,wait,s25_k05,oracle,оракул: лучший день окна,65,65,102.15758110002268,52.71990205512826,172.59227178204878,171.68286066853886,114.28639643375185,244.00351054647206,1.0,0.6,170.2626351667045,95.99845186908571,273.96929746730547,0.0,1.0,1.8307692307692307,306.47274330006803
TJS,wait,s25_k10,habit,привычка: первый день окна,65,65,0.0,0.0,0.0,101.53165776218049,18.838044661931146,194.69842777967082,0.3708582106133616,0.0,,,,0.0,1.0,0.0,0.0
TJS,wait,s25_k10,deadline,ждать до срока,65,65,-81.94425079046226,-214.30584549491957,60.77551389627553,-0.7171533369126613,-65.41406978162797,76.39603055356633,-0.002619500253662745,1.0,-81.94425079046226,-214.30584549491957,60.77551389627553,0.5538461538461539,0.4461538461538462,10.0,-245.8327523713868
TJS,wait,s25_k10,random,случайный день окна,65,65,-87.68209277401051,-171.16796661241833,-10.273810817250729,0.0,0.0,0.0,0.0,,,,,0.5846153846153846,0.4153846153846154,,-263.0462783220315
TJS,wait,s25_k10,calendar25,"календарь: первый день с 25-го, иначе срок",65,65,0.0,0.0,0.0,101.53165776218049,18.838044661931146,194.69842777967082,0.3708582106133616,0.0,,,,0.0,1.0,0.0,0.0
TJS,wait,s25_k10,screen,"экран: первый день с фактом уровня, иначе срок",65,65,-56.50350471269847,-166.93425083860512,64.14013477944535,29.284025858694502,-34.62064231642333,100.39582724590986,0.10696389351732004,0.1076923076923077,465.84395004892565,65.78639861672029,1161.8906442035563,0.35384615384615387,0.6461538461538462,6.569230769230769,-169.5105141380954
TJS,wait,s25_k10,push,"первый пуш потока, иначе срок",65,65,-61.67496725509371,-168.4837436396249,57.90980846327051,24.962302150123453,-38.03815734187296,91.95264948894838,0.09117820896679152,0.5230769230769231,72.70901418239823,-49.21936179416308,251.19120009540833,0.4307692307692308,0.5692307692307692,5.3076923076923075,-185.02490176528113
TJS,wait,s25_k10,push_or_calendar,"первый пуш, иначе календарь, иначе срок",65,65,38.032407418485235,-26.625771346648058,132.76396756336513,134.66198346029927,51.214145732396645,228.02643987891454,0.4918712382369375,0.5230769230769231,72.70901418239823,-49.21936179416308,251.19120009540833,0.15384615384615385,0.8461538461538461,1.9230769230769231,114.0972222554557
TJS,wait,s25_k10,oracle,оракул: лучший день окна,65,65,178.23633707642637,97.69060860269573,287.726003614307,273.77486828256406,193.47939049048273,373.29369593515867,1.0,0.6923076923076923,257.45248688817145,144.0868099321118,408.41369522422343,0.0,1.0,4.123076923076923,534.7090112292791
TJS,wait,s25_k15,habit,привычка: первый день окна,65,65,0.0,0.0,0.0,102.29605849463454,11.335854140174987,201.3768673232529,0.2965695796958486,0.0,,,,0.0,1.0,0.0,0.0
TJS,wait,s25_k15,deadline,ждать до срока,65,65,-43.33958531264083,-170.0086762801891,100.2384658916294,38.603260894262355,-24.542657578961688,113.33892845273522,0.11191587463656827,1.0,-43.33958531264083,-170.0086762801891,100.2384658916294,0.5076923076923077,0.49230769230769234,15.0,-130.0187559379225
TJS,wait,s25_k15,random,случайный день окна,65,65,-85.93119724310357,-175.12765908771053,2.5705189467555343,0.0,0.0,0.0,0.0,,,,,0.6,0.4,,-257.79359172931066
TJS,wait,s25_k15,calendar25,"календарь: первый день с 25-го, иначе срок",65,65,0.0,0.0,0.0,102.29605849463454,11.335854140174987,201.3768673232529,0.2965695796958486,0.0,,,,0.0,1.0,0.0,0.0
TJS,wait,s25_k15,screen,"экран: первый день с фактом уровня, иначе срок",65,65,-61.02382593644157,-164.12666545523172,59.04371179654867,25.368983868094745,-39.09045202511011,91.89446883028008,0.07354798409428688,0.16923076923076924,381.55549687396564,111.78801495520986,837.1290368729776,0.3384615384615385,0.6615384615384615,9.461538461538462,-183.0714778093247
TJS,wait,s25_k15,push,"первый пуш потока, иначе срок",65,65,-70.67601709771228,-170.99109567781784,49.158269564547425,16.903086231155118,-51.737565561831644,88.37673841285459,0.04900424564646632,0.6,47.933712802242646,-68.50470725749528,192.86047495569986,0.4461538461538462,0.5538461538461539,6.753846153846154,-212.02805129313683
TJS,wait,s25_k15,push_or_calendar,"первый пуш, иначе календарь, иначе срок",65,65,28.760227681345583,-42.69724194441122,127.48660642739273,124.88245140773624,38.58171316319669,220.03453867817674,0.3620504706671776,0.6,47.933712802242646,-68.50470725749528,192.86047495569986,0.2153846153846154,0.7846153846153846,2.830769230769231,86.28068304403675
TJS,wait,s25_k15,oracle,оракул: лучший день окна,65,65,251.56675041018588,154.110353668488,376.9587877714184,344.9310566496598,263.4660318960792,443.2038187728272,1.0,0.7538461538461538,333.7109954420833,202.69981547710148,494.1364482400581,0.0,1.0,6.969230769230769,754.7002512305577
TJS,wait,all,habit,привычка: первый день окна,983,66,0.0,0.0,0.0,13.198673356376188,-39.35677091699415,68.39757056435501,0.05568721571640369,0.0,,,,0.0,1.0,0.0,0.0
TJS,wait,all,deadline,ждать до срока,983,66,2.384809435035901,-97.04833228730477,118.84220856212318,-0.6016871039455167,-47.45451198976184,54.57461099631355,-0.002538609650113475,1.0,2.384809435035901,-97.04833228730477,118.84220856212318,0.46897253306205494,0.5310274669379451,9.984740590030519,7.154428305107702
TJS,wait,all,random,случайный день окна,983,66,-3.3489837858719875,-56.01149108442776,51.62509543780717,0.0,0.0,0.0,0.0,,,,,0.4323499491353001,0.5676500508646999,,-10.046951357615962
TJS,wait,all,calendar25,"календарь: первый день с 25-го, иначе срок",983,66,51.98520109761107,-5.210182351225327,122.04839621964695,57.048370920669726,26.30146532128915,87.85908216787922,0.2406957769126111,0.49949135300101727,73.83027604032682,-10.177929020730145,175.1763872992341,0.2960325534079349,0.7039674465920651,5.578840284842319,155.95560329283322
TJS,wait,all,screen,"экран: первый день с фактом уровня, иначе срок",983,66,-0.618222841533747,-95.14005673742078,113.0674755223795,-0.7241489068007892,-47.83601172629529,56.08970123277342,-0.0030552946720461367,0.12512716174974567,226.7404425697289,113.35445028680508,431.7223845209347,0.31027466937945064,0.6897253306205493,6.400813835198372,-1.8546685246012407
TJS,wait,all,push,"первый пуш потока, иначе срок",983,66,7.551312950042312,-64.08277494071835,112.23297666098642,9.294080952358042,-27.174980926782627,61.362924352888236,0.0392131449051772,0.5940996948118006,44.7518162411928,4.461889179065691,92.32412084866986,0.35300101729399797,0.646998982706002,4.396744659206511,22.653938850126934
TJS,wait,all,push_or_calendar,"первый пуш, иначе календарь, иначе срок",983,66,28.34941076193562,-20.780417838005004,108.34336650042438,34.24719678334284,-3.4145387386115846,77.71427081554125,0.1444941459995157,0.6724313326551373,49.52321552195084,-10.92141091508336,145.40615622424335,0.28687690742624616,0.7131230925737538,3.3967446592065107,85.04823228580686
TJS,wait,all,oracle,оракул: лучший день окна,983,66,233.57627121033363,159.18859680985148,345.20851810023646,237.01442398543685,181.67933011507444,303.68054650377155,1.0,0.780264496439471,299.3552471965554,207.9922915717308,437.1388270038834,0.0,1.0,4.673448626653102,700.7288136310009
TJS,accelerate,a05_h15,habit,привычка: первый день окна,66,66,0.0,0.0,0.0,31.04672524019939,-3.720695441392825,66.89579098039424,0.18336307914015068,0.0,,,,0.0,1.0,6.484848484848484,0.0
TJS,accelerate,a05_h15,deadline,ждать до срока,66,66,0.0,0.0,0.0,31.04672524019939,-3.720695441392825,66.89579098039424,0.18336307914015068,0.0,,,,0.0,1.0,6.484848484848484,0.0
TJS,accelerate,a05_h15,random,случайный день окна,66,66,-28.99954568997468,-64.05748491938387,5.681806651666315,0.0,0.0,0.0,0.0,,,,,0.4393939393939394,0.5606060606060606,,-86.99863706992404
TJS,accelerate,a05_h15,calendar25,"календарь: первый день с 25-го, иначе срок",66,66,0.0,0.0,0.0,31.04672524019939,-3.720695441392825,66.89579098039424,0.18336307914015068,0.0,,,,0.0,1.0,6.484848484848484,0.0
TJS,accelerate,a05_h15,screen,"экран: первый день с фактом уровня, иначе срок",66,66,-36.60696635192113,-77.47467008911256,2.56890129461866,-7.064071798025333,-42.628469685205985,27.967490781811403,-0.04172066284388282,0.4090909090909091,-89.4836955269183,-186.69199022671717,3.3688049658699617,0.24242424242424243,0.7575757575757576,4.53030303030303,-109.82089905576339
TJS,accelerate,a05_h15,push,"первый пуш потока, иначе срок",66,66,-39.482569573072645,-86.16320738847048,7.097075188207982,-10.593886431968002,-42.6460493005503,21.693666921332508,-0.06256787539419864,0.6212121212121212,-63.55730711762912,-134.7785928162739,9.272453202074514,0.3484848484848485,0.6515151515151515,3.787878787878788,-118.44770871921794
TJS,accelerate,a05_h15,push_or_calendar,"первый пуш, иначе календарь, иначе срок",66,66,-39.482569573072645,-86.16320738847048,7.097075188207982,-10.593886431968002,-42.6460493005503,21.693666921332508,-0.06256787539419864,0.6212121212121212,-63.55730711762912,-134.7785928162739,9.272453202074514,0.3484848484848485,0.6515151515151515,3.787878787878788,-118.44770871921794
TJS,accelerate,a05_h15,oracle,оракул: лучший день окна,66,66,139.35179901746093,97.25666119748394,187.4018126601762,169.31830216741352,135.38825947173015,211.7051727423802,1.0,0.7575757575757576,183.94437470304842,133.7401768095642,239.93515208348998,0.0,1.0,3.590909090909091,418.05539705238283
TJS,accelerate,a05_h20,habit,привычка: первый день окна,66,66,0.0,0.0,0.0,30.06209365333978,-25.356175112337365,90.66604133586735,0.1387425338953773,0.0,,,,0.0,1.0,10.075757575757576,0.0
TJS,accelerate,a05_h20,deadline,ждать до срока,66,66,0.0,0.0,0.0,30.06209365333978,-25.356175112337365,90.66604133586735,0.1387425338953773,0.0,,,,0.0,1.0,10.075757575757576,0.0
TJS,accelerate,a05_h20,random,случайный день окна,66,66,-24.821709010492498,-82.9641969809511,29.7077474458315,0.0,0.0,0.0,0.0,,,,,0.45454545454545453,0.5454545454545454,,-74.4651270314775
TJS,accelerate,a05_h20,calendar25,"календарь: первый день с 25-го, иначе срок",66,66,0.0,0.0,0.0,30.06209365333978,-25.356175112337365,90.66604133586735,0.1387425338953773,0.0,,,,0.0,1.0,10.075757575757576,0.0
TJS,accelerate,a05_h20,screen,"экран: первый день с фактом уровня, иначе срок",66,66,-39.0581352333533,-98.10482328209741,15.220747804527944,-12.612710692791296,-62.54993303697803,33.563435213626036,-0.05821016529940773,0.4393939393939394,-88.8909284621144,-213.97994290679594,40.09690857439267,0.24242424242424243,0.7575757575757576,6.53030303030303,-117.17440570005989
TJS,accelerate,a05_h20,push,"первый пуш потока, иначе срок",66,66,-36.78303010595487,-113.47953770078855,38.01509231827816,-12.51408986191397,-54.6801319595094,29.959075287551887,-0.05775501057437188,0.7121212121212122,-51.65276568070259,-149.24639329279285,53.60072222138128,0.3787878787878788,0.6212121212121212,5.015151515151516,-110.34909031786461
TJS,accelerate,a05_h20,push_or_calendar,"первый пуш, иначе календарь, иначе срок",66,66,-36.78303010595487,-113.47953770078855,38.01509231827816,-12.51408986191397,-54.6801319595094,29.959075287551887,-0.05775501057437188,0.7121212121212122,-51.65276568070259,-149.24639329279285,53.60072222138128,0.3787878787878788,0.6212121212121212,5.015151515151516,-110.34909031786461
TJS,accelerate,a05_h20,oracle,оракул: лучший день окна,66,66,189.05723791254542,144.6836094486983,242.23224573615082,216.67539729387485,176.590952922397,264.5218415034032,1.0,0.8787878787878788,215.1340983142758,168.0212469145428,269.5184664909993,0.0,1.0,4.833333333333333,567.1717137376362
TJS,accelerate,a05_h25,habit,привычка: первый день окна,66,66,0.0,0.0,0.0,65.62849640448025,-7.343324464669241,148.71368469483315,0.23667335051153304,0.0,,,,0.0,1.0,13.545454545454545,0.0
TJS,accelerate,a05_h25,deadline,ждать до срока,66,66,0.0,0.0,0.0,65.62849640448025,-7.343324464669241,148.71368469483315,0.23667335051153304,0.0,,,,0.0,1.0,13.545454545454545,0.0
TJS,accelerate,a05_h25,random,случайный день окна,66,66,-55.3231636397556,-131.482656338949,13.631120932894198,0.0,0.0,0.0,0.0,,,,,0.5303030303030303,0.4696969696969697,,-165.96949091926678
TJS,accelerate,a05_h25,calendar25,"календарь: первый день с 25-го, иначе срок",66,66,0.0,0.0,0.0,65.62849640448025,-7.343324464669241,148.71368469483315,0.23667335051153304,0.0,,,,0.0,1.0,13.545454545454545,0.0
TJS,accelerate,a05_h25,screen,"экран: первый день с фактом уровня, иначе срок",66,66,-44.18506805548233,-101.73849864560475,10.667736947059819,18.34441134326733,-55.98860763844877,103.4501028147192,0.06615469702390533,0.4393939393939394,-100.55912040213222,-221.99241184451407,28.65550611557759,0.2727272727272727,0.7272727272727273,8.5,-132.555204166447
TJS,accelerate,a05_h25,push,"первый пуш потока, иначе срок",66,66,-46.686440679363315,-126.26032852075282,36.225730212825454,11.891232109287735,-52.58589471879428,93.28701093922207,0.04288286185424974,0.8939393939393939,-52.225509912508116,-143.72190479527654,44.50802981430027,0.5303030303030303,0.4696969696969697,5.424242424242424,-140.05932203808993
TJS,accelerate,a05_h25,push_or_calendar,"первый пуш, иначе календарь, иначе срок",66,66,-46.686440679363315,-126.26032852075282,36.225730212825454,11.891232109287735,-52.58589471879428,93.28701093922207,0.04288286185424974,0.8939393939393939,-52.225509912508116,-143.72190479527654,44.50802981430027,0.5303030303030303,0.4696969696969697,5.424242424242424,-140.05932203808993
TJS,accelerate,a05_h25,oracle,оракул: лучший день окна,66,66,215.4061400542064,158.4065055007535,279.27528128863,277.29567466144516,221.55746100491797,350.31988703444995,1.0,0.7727272727272727,278.76088712897297,214.86507965068614,348.2721712698046,0.0,1.0,6.984848484848484,646.2184201626192
TJS,accelerate,a10_h15,habit,привычка: первый день окна,66,66,0.0,0.0,0.0,25.90993030541784,0.686208389001517,51.46404132520957,0.25528424491909707,0.0,,,,0.0,1.0,3.393939393939394,0.0
TJS,accelerate,a10_h15,deadline,ждать до срока,66,66,0.0,0.0,0.0,25.90993030541784,0.686208389001517,51.46404132520957,0.25528424491909707,0.0,,,,0.0,1.0,3.393939393939394,0.0
TJS,accelerate,a10_h15,random,случайный день окна,66,66,-24.772294065898166,-50.072919131711885,0.36253683857748364,0.0,0.0,0.0,0.0,,,,,0.4090909090909091,0.5909090909090909,,-74.3168821976945
TJS,accelerate,a10_h15,calendar25,"календарь: первый день с 25-го, иначе срок",66,66,0.0,0.0,0.0,25.90993030541784,0.686208389001517,51.46404132520957,0.25528424491909707,0.0,,,,0.0,1.0,3.393939393939394,0.0
TJS,accelerate,a10_h15,screen,"экран: первый день с фактом уровня, иначе срок",66,66,-29.20597882228965,-65.13238869237605,0.1626393796680447,-4.215111508411262,-32.04973112815421,20.377766382875144,-0.041530469051457075,0.36363636363636365,-80.31644176129656,-169.40096944714952,0.7267177296762005,0.21212121212121213,0.7878787878787878,2.378787878787879,-87.61793646686895
TJS,accelerate,a10_h15,push,"первый пуш потока, иначе срок",66,66,-29.44830524856839,-58.151955419942446,-1.0822058781078405,-4.406026529163593,-25.754895131303776,16.585650440151692,-0.04341150834187467,0.42424242424242425,-69.41386237162548,-131.4209040664804,-7.8185768275808405,0.24242424242424243,0.7575757575757576,2.378787878787879,-88.34491574570517
TJS,accelerate,a10_h15,push_or_calendar,"первый пуш, иначе календарь, иначе срок",66,66,-29.44830524856839,-58.151955419942446,-1.0822058781078405,-4.406026529163593,-25.754895131303776,16.585650440151692,-0.04341150834187467,0.42424242424242425,-69.41386237162548,-131.4209040664804,-7.8185768275808405,0.24242424242424243,0.7575757575757576,2.378787878787879,-88.34491574570517
TJS,accelerate,a10_h15,oracle,оракул: лучший день окна,66,66,75.95948153053521,52.95016066787626,101.07770982412296,101.4944354032856,80.06306212852472,128.69979045733822,1.0,0.6666666666666666,113.93922229580285,84.63301632515356,144.03576189570998,0.0,1.0,1.9242424242424243,227.87844459160564
TJS,accelerate,a10_h20,habit,привычка: первый день окна,66,66,0.0,0.0,0.0,22.127836336000183,-24.197351454646395,75.4394856408791,0.13488144899780904,0.0,,,,0.0,1.0,6.984848484848484,0.0
TJS,accelerate,a10_h20,deadline,ждать до срока,66,66,0.0,0.0,0.0,22.127836336000183,-24.197351454646395,75.4394856408791,0.13488144899780904,0.0,,,,0.0,1.0,6.984848484848484,0.0
TJS,accelerate,a10_h20,random,случайный день окна,66,66,-18.271323035402922,-69.95142699971552,28.16503767257684,0.0,0.0,0.0,0.0,,,,,0.45454545454545453,0.5454545454545454,,-54.813969106208766
TJS,accelerate,a10_h20,calendar25,"календарь: первый день с 25-го, иначе срок",66,66,0.0,0.0,0.0,22.127836336000183,-24.197351454646395,75.4394856408791,0.13488144899780904,0.0,,,,0.0,1.0,6.984848484848484,0.0
TJS,accelerate,a10_h20,screen,"экран: первый день с фактом уровня, иначе срок",66,66,-36.577639612732696,-99.18099515168574,15.541802729146857,-17.724507970354637,-63.913845586369696,23.95409137927878,-0.10804071765142097,0.3939393939393939,-92.85093132462914,-247.02077961628314,34.605668327650015,0.22727272727272727,0.7727272727272727,4.53030303030303,-109.73291883819809
TJS,accelerate,a10_h20,push,"первый пуш потока, иначе срок",66,66,-44.07189713889217,-99.89141693684975,5.652416756364506,-24.96782660882814,-64.01185391016693,14.162333926846676,-0.15219276662155282,0.6212121212121212,-70.94500515041179,-153.54453219618745,8.578159581551896,0.3181818181818182,0.6818181818181818,4.0,-132.2156914166765
TJS,accelerate,a10_h20,push_or_calendar,"первый пуш, иначе календарь, иначе срок",66,66,-44.07189713889217,-99.89141693684975,5.652416756364506,-24.96782660882814,-64.01185391016693,14.162333926846676,-0.15219276662155282,0.6212121212121212,-70.94500515041179,-153.54453219618745,8.578159581551896,0.3181818181818182,0.6818181818181818,4.0,-132.2156914166765
TJS,accelerate,a10_h20,oracle,оракул: лучший день окна,66,66,143.8750623243585,104.7214290322523,191.23598155359417,164.05396368747208,129.04282891204446,206.0488182081514,1.0,0.8333333333333334,172.65007478923022,129.96212312548542,224.62660555678787,0.0,1.0,3.196969696969697,431.62518697307553
TJS,accelerate,a10_h25,habit,привычка: первый день окна,66,66,0.0,0.0,0.0,58.16748455968862,-7.107195601609133,137.9077398416885,0.24552537142899442,0.0,,,,0.0,1.0,10.454545454545455,0.0
TJS,accelerate,a10_h25,deadline,ждать до срока,66,66,0.0,0.0,0.0,58.16748455968862,-7.107195601609133,137.9077398416885,0.24552537142899442,0.0,,,,0.0,1.0,10.454545454545455,0.0
TJS,accelerate,a10_h25,random,случайный день окна,66,66,-49.165746569378555,-120.90499365440762,10.92098195490437,0.0,0.0,0.0,0.0,,,,,0.5303030303030303,0.4696969696969697,,-147.49723970813568
TJS,accelerate,a10_h25,calendar25,"календарь: первый день с 25-го, иначе срок",66,66,0.0,0.0,0.0,58.16748455968862,-7.107195601609133,137.9077398416885,0.24552537142899442,0.0,,,,0.0,1.0,10.454545454545455,0.0
TJS,accelerate,a10_h25,screen,"экран: первый день с фактом уровня, иначе срок",66,66,-41.451964932677306,-102.97421864122073,13.32047808486277,14.039094120839302,-56.79692480033997,95.21203948147075,0.059259117437141136,0.3939393939393939,-105.22421867525779,-250.21582232134907,28.431301232274773,0.25757575757575757,0.7424242424242424,6.666666666666667,-124.35589479803193
TJS,accelerate,a10_h25,push,"первый пуш потока, иначе срок",66,66,-57.1058836701576,-127.01240203241461,14.706185830623372,-4.277436060490893,-64.09953749135708,73.48880863597172,-0.018055088430687042,0.8333333333333334,-68.52706040418911,-155.2310406549011,19.3610215767333,0.48484848484848486,0.5151515151515151,4.651515151515151,-171.31765101047282
TJS,accelerate,a10_h25,push_or_calendar,"первый пуш, иначе календарь, иначе срок",66,66,-57.1058836701576,-127.01240203241461,14.706185830623372,-4.277436060490893,-64.09953749135708,73.48880863597172,-0.018055088430687042,0.8333333333333334,-68.52706040418911,-155.2310406549011,19.3610215767333,0.48484848484848486,0.5151515151515151,4.651515151515151,-171.31765101047282
TJS,accelerate,a10_h25,oracle,оракул: лучший день окна,66,66,181.98709741446228,127.91998192411612,241.7011130056905,236.9102802742753,183.81554935521726,309.7964528921853,1.0,0.7272727272727273,250.23225894488564,184.20441581720215,326.40896229642965,0.0,1.0,5.863636363636363,545.9612922433869
TJS,accelerate,all,habit,привычка: первый день окна,396,66,0.0,0.0,0.0,38.82376108318768,-3.1885017308592287,85.4917511671124,0.19982239370007285,0.0,,,,0.0,1.0,8.48989898989899,0.0
TJS,accelerate,all,deadline,ждать до срока,396,66,0.0,0.0,0.0,38.82376108318768,-3.1885017308592287,85.4917511671124,0.19982239370007285,0.0,,,,0.0,1.0,8.48989898989899,0.0
TJS,accelerate,all,random,случайный день окна,396,66,-33.55896366848374,-76.66830872766809,7.281590349660165,0.0,0.0,0.0,0.0,,,,,0.4696969696969697,0.5303030303030303,,-100.67689100545122
TJS,accelerate,all,calendar25,"календарь: первый день с 25-го, иначе срок",396,66,0.0,0.0,0.0,38.82376108318768,-3.1885017308592287,85.4917511671124,0.19982239370007285,0.0,,,,0.0,1.0,8.48989898989899,0.0
TJS,accelerate,all,screen,"экран: первый день с фактом уровня, иначе срок",396,66,-37.8476255014094,-84.29048239402779,1.9745669028696051,-1.5388160842459824,-44.1212269805811,42.28934102415831,-0.007920147477709501,0.4065656565656566,-93.09105402831133,-199.4087018369088,8.399652564089102,0.24242424242424243,0.7575757575757576,5.5227272727272725,-113.54287650422819
TJS,accelerate,all,push,"первый пуш потока, иначе срок",396,66,-42.26302106933483,-92.88042463097702,6.476722674434901,-7.478005563846143,-40.36885540695498,31.807475774696208,-0.038488619602526926,0.6843434343434344,-61.75703447769961,-132.8432329209298,7.077474746094541,0.3838383838383838,0.6161616161616161,4.209595959595959,-126.78906320800449
TJS,accelerate,all,push_or_calendar,"первый пуш, иначе календарь, иначе срок",396,66,-42.26302106933483,-92.88042463097702,6.476722674434901,-7.478005563846143,-40.36885540695498,31.807475774696208,-0.038488619602526926,0.6843434343434344,-61.75703447769961,-132.8432329209298,7.077474746094541,0.3838383838383838,0.6161616161616161,4.209595959595959,-126.78906320800449
TJS,accelerate,all,oracle,оракул: лучший день окна,396,66,157.60613637559482,123.49642691173574,196.93945429512635,194.29134224796107,157.76379870434505,239.937225358746,1.0,0.7727272727272727,203.9608823684168,164.56164454218666,247.94326756264655,0.0,1.0,4.398989898989899,472.81840912678445
UZS,wait,s05_k05,habit,привычка: первый день окна,66,66,0.0,0.0,0.0,-3.5518459741406407,-42.22542441808378,41.30206986317503,-0.023821310634256458,0.0,,,,0.0,1.0,0.0,0.0
UZS,wait,s05_k05,deadline,ждать до срока,66,66,32.91353621846985,-29.38914194691627,90.77418996879636,25.900612640909834,-11.000392793681254,61.67503434281085,0.17370869790769597,1.0,32.91353621846985,-29.38914194691627,90.77418996879636,0.3484848484848485,0.6515151515151515,5.0,98.74060865540956
UZS,wait,s05_k05,random,случайный день окна,66,66,6.5050700692132954,-37.0754315057505,44.70021770992077,0.0,0.0,0.0,0.0,,,,,0.3484848484848485,0.6515151515151515,,19.515210207639885
UZS,wait,s05_k05,calendar25,"календарь: первый день с 25-го, иначе срок",66,66,32.91353621846985,-29.38914194691627,90.77418996879636,25.900612640909834,-11.000392793681254,61.67503434281085,0.17370869790769597,0.0,,,,0.3484848484848485,0.6515151515151515,5.0,98.74060865540956
UZS,wait,s05_k05,screen,"экран: первый день с фактом уровня, иначе срок",66,66,-1.0531368574912676,-56.55917605208048,49.55849891380322,-7.299966613763322,-44.225407068677,29.505568313222394,-0.048958984593421365,0.13636363636363635,260.22112631338246,133.95729959403405,438.249869518984,0.25757575757575757,0.7424242424242424,3.015151515151515,-3.159410572473803
UZS,wait,s05_k05,push,"первый пуш потока, иначе срок",66,66,17.408844954384683,-42.02003380424883,74.09393716649099,10.55750215648607,-24.829218049168812,45.80945574593779,0.07080643142256056,0.2727272727272727,146.3065152661615,51.87159806511839,264.2307949029968,0.3484848484848485,0.6515151515151515,3.787878787878788,52.22653486315405
UZS,wait,s05_k05,push_or_calendar,"первый пуш, иначе календарь, иначе срок",66,66,17.408844954384683,-42.02003380424883,74.09393716649099,10.55750215648607,-24.829218049168812,45.80945574593779,0.07080643142256056,0.2727272727272727,146.3065152661615,51.87159806511839,264.2307949029968,0.3484848484848485,0.6515151515151515,3.787878787878788,52.22653486315405
UZS,wait,s05_k05,oracle,оракул: лучший день окна,66,66,155.10347896312774,111.51906026122268,203.62086420680808,149.103717619671,119.25166495211968,185.71125167945985,1.0,0.7727272727272727,200.7221492464006,153.14276802416708,256.5331408758872,0.0,1.0,2.8484848484848486,465.31043688938325
UZS,wait,s05_k10,habit,привычка: первый день окна,66,66,0.0,0.0,0.0,-36.61807697078521,-81.5472934923905,13.423796765125495,-0.15148950500112093,0.0,,,,0.0,1.0,0.0,0.0
UZS,wait,s05_k10,deadline,ждать до срока,66,66,100.65032566062995,5.191612537309712,194.56715021735081,57.51946738397213,-3.0565384932587896,124.07199080731853,0.23795885428057773,1.0,100.65032566062995,5.191612537309712,194.56715021735081,0.4090909090909091,0.5909090909090909,10.0,301.9509769818898
UZS,wait,s05_k10,random,случайный день окна,66,66,40.715126839783835,-9.36207287701591,86.55163473254088,0.0,0.0,0.0,0.0,,,,,0.3939393939393939,0.6060606060606061,,122.1453805193515
UZS,wait,s05_k10,calendar25,"календарь: первый день с 25-го, иначе срок",66,66,100.65032566062995,5.191612537309712,194.56715021735081,57.51946738397213,-3.0565384932587896,124.07199080731853,0.23795885428057773,0.030303030303030304,183.69061412487508,2.3847298732304623,364.9964983765197,0.4090909090909091,0.5909090909090909,10.0,301.9509769818898
UZS,wait,s05_k10,screen,"экран: первый день с фактом уровня, иначе срок",66,66,11.821571296082118,-53.03372816313256,73.56742664374708,-27.918443591950755,-78.183192466044,27.18004087474248,-0.11549899803642379,0.16666666666666666,243.46680681767714,137.43934125306677,394.4682140040605,0.2878787878787879,0.7121212121212122,5.5606060606060606,35.46471388824636
UZS,wait,s05_k10,push,"первый пуш потока, иначе срок",66,66,26.899095213279505,-43.93012127087219,94.84142347698706,-13.873196699680296,-59.82053355938715,37.41311616719195,-0.05739361197188194,0.36363636363636365,169.64144308845925,80.81675938949911,266.13841596011923,0.3484848484848485,0.6515151515151515,6.5606060606060606,80.69728563983851
UZS,wait,s05_k10,push_or_calendar,"первый пуш, иначе календарь, иначе срок",66,66,26.899095213279505,-43.93012127087219,94.84142347698706,-13.873196699680296,-59.82053355938715,37.41311616719195,-0.05739361197188194,0.36363636363636365,169.64144308845925,80.81675938949911,266.13841596011923,0.3484848484848485,0.6515151515151515,6.5606060606060606,80.69728563983851
UZS,wait,s05_k10,oracle,оракул: лучший день окна,66,66,284.0319912586488,213.32446801765948,364.3161251505341,241.7202232624251,195.18429460254325,293.96340670063876,1.0,0.8333333333333334,340.8383895103786,261.27978551912116,425.5336166150521,0.0,1.0,5.242424242424242,852.0959737759464
UZS,wait,s05_k15,habit,привычка: первый день окна,66,66,0.0,0.0,0.0,-46.88114007994973,-106.81554829051134,15.928822865422525,-0.1490018704135707,0.0,,,,0.0,1.0,0.0,0.0
UZS,wait,s05_k15,deadline,ждать до срока,66,66,116.25955338174295,-21.72931711452709,264.32775615858554,56.306200154010675,-33.64446237835788,160.70716820298904,0.17895744695032742,1.0,116.25955338174295,-21.72931711452709,264.32775615858554,0.42424242424242425,0.5757575757575758,15.0,348.77866014522886
UZS,wait,s05_k15,random,случайный день окна,66,66,53.883758136628146,-9.093066443927047,114.71443596832604,0.0,0.0,0.0,0.0,,,,,0.3787878787878788,0.6212121212121212,,161.65127440988442
UZS,wait,s05_k15,calendar25,"календарь: первый день с 25-го, иначе срок",66,66,136.01545560632394,13.05633642139561,262.92369927887216,76.5008498916302,8.6570252389871,152.02118194022188,0.24314190530865024,1.0,136.01545560632394,13.05633642139561,262.92369927887216,0.4090909090909091,0.5909090909090909,13.545454545454545,408.0463668189718
UZS,wait,s05_k15,screen,"экран: первый день с фактом уровня, иначе срок",66,66,43.058724719327266,-72.5888193308601,171.5972355058952,-11.723237739270322,-100.99385143956161,101.31431381851827,-0.03725985220229975,0.18181818181818182,270.6669535778844,154.0140421204416,409.1947999585846,0.25757575757575757,0.7424242424242424,8.06060606060606,129.17617415798182
UZS,wait,s05_k15,push,"первый пуш потока, иначе срок",66,66,48.14096383673369,-70.87894118845244,182.32135859489424,-7.763687402169274,-91.06459314019027,97.09568747014977,-0.02467525197247161,0.5757575757575758,110.01884140977654,-3.875567224295284,218.67754817861157,0.3333333333333333,0.6666666666666666,8.863636363636363,144.42289151020105
UZS,wait,s05_k15,push_or_calendar,"первый пуш, иначе календарь, иначе срок",66,66,46.167022953202334,-48.68801597582631,141.008589433401,-8.615511482324688,-66.11025630779073,55.564864197782065,-0.027382596140937323,0.8787878787878788,52.53488818812683,-50.380522139901146,158.72338741370683,0.3333333333333333,0.6666666666666666,8.378787878787879,138.50106885960702
UZS,wait,s05_k15,oracle,оракул: лучший день окна,66,66,372.1498604346422,268.65410550982483,499.7169518566398,314.63457438370466,245.8511837140465,409.772527176996,1.0,0.8484848484848485,438.605192655114,321.46949996540764,579.5035257133674,0.0,1.0,7.393939393939394,1116.4495813039266
UZS,wait,s10_k05,habit,привычка: первый день окна,66,66,0.0,0.0,0.0,-47.28877555602158,-90.73102258039965,-7.264732614406596,-0.34891831091043746,0.0,,,,0.0,1.0,0.0,0.0
UZS,wait,s10_k05,deadline,ждать до срока,66,66,85.78298773351567,4.005344488992708,176.87088515386495,32.59201948033812,-9.610471743424812,78.96245700081943,0.24047889277166085,1.0,85.78298773351567,4.005344488992708,176.87088515386495,0.3484848484848485,0.6515151515151515,5.0,257.348963200547
UZS,wait,s10_k05,random,случайный день окна,66,66,50.51386107736926,9.341728830895132,96.09130473221828,0.0,0.0,0.0,0.0,,,,,0.3181818181818182,0.6818181818181818,,151.5415832321078
UZS,wait,s10_k05,calendar25,"календарь: первый день с 25-го, иначе срок",66,66,85.78298773351567,4.005344488992708,176.87088515386495,32.59201948033812,-9.610471743424812,78.96245700081943,0.24047889277166085,0.0,,,,0.3484848484848485,0.6515151515151515,5.0,257.348963200547
UZS,wait,s10_k05,screen,"экран: первый день с фактом уровня, иначе срок",66,66,30.804185080784457,-32.322065249551045,107.57412988147975,-20.526114899224062,-62.42399631692575,27.43618630219506,-0.15145110559494807,0.12121212121212122,135.70766997623662,56.08551297278588,235.91095002405063,0.2727272727272727,0.7272727272727273,3.0757575757575757,92.41255524235338
UZS,wait,s10_k05,push,"первый пуш потока, иначе срок",66,66,55.389493423172325,-15.992588312895677,141.46738837868378,2.9756121243558122,-35.12271167733658,50.81670536296653,0.021955433274538277,0.3333333333333333,124.40493571529917,53.12611777018678,210.62679083614373,0.36363636363636365,0.6363636363636364,3.8333333333333335,166.16848026951698
UZS,wait,s10_k05,push_or_calendar,"первый пуш, иначе календарь, иначе срок",66,66,55.389493423172325,-15.992588312895677,141.46738837868378,2.9756121243558122,-35.12271167733658,50.81670536296653,0.021955433274538277,0.3333333333333333,124.40493571529917,53.12611777018678,210.62679083614373,0.36363636363636365,0.6363636363636364,3.8333333333333335,166.16848026951698
UZS,wait,s10_k05,oracle,оракул: лучший день окна,66,66,188.2009115975748,123.09388363124708,267.1603061993678,135.52964713325107,105.39119537802695,177.0815114960873,1.0,0.7424242424242424,253.49510541714164,174.6626768942537,353.09883495854575,0.0,1.0,2.5757575757575757,564.6027347927244
UZS,wait,s10_k10,habit,привычка: первый день окна,66,66,0.0,0.0,0.0,-66.62831259136023,-139.78446827269093,-0.4754888713075107,-0.28089625030530996,0.0,,,,0.0,1.0,0.0,0.0
UZS,wait,s10_k10,deadline,ждать до срока,66,66,140.22542826667964,9.294528945931557,292.44564757929186,57.63046092139259,-9.396308815819543,131.73256064168544,0.24296248466429,1.0,140.22542826667964,9.294528945931557,292.44564757929186,0.36363636363636365,0.6363636363636364,10.0,420.6762848000389
UZS,wait,s10_k10,random,случайный день окна,66,66,75.38876401892325,6.128250019082311,154.07311960635982,0.0,0.0,0.0,0.0,,,,,0.3181818181818182,0.6818181818181818,,226.16629205676978
UZS,wait,s10_k10,calendar25,"календарь: первый день с 25-го, иначе срок",66,66,138.4900240666196,7.500386410531942,290.88698710569656,55.86422566022699,-11.39598545529381,129.77875108634836,0.23551626784260254,0.4696969696969697,74.03046858818828,-105.68309888510322,276.0253235614266,0.36363636363636365,0.6363636363636364,9.924242424242424,415.47007219985886
UZS,wait,s10_k10,screen,"экран: первый день с фактом уровня, иначе срок",66,66,66.45985653895049,-36.176093892068245,194.08628942089052,-10.779242174693355,-76.21028294968349,63.02229042213152,-0.045443874987115364,0.16666666666666666,205.53020245774377,102.57709296452545,312.80619476430616,0.22727272727272727,0.7727272727272727,5.878787878787879,199.37956961685148
UZS,wait,s10_k10,push,"первый пуш потока, иначе срок",66,66,67.90024187977492,-40.9136726782066,200.40789931498566,-11.065938913530879,-67.03688969281772,58.35298814084018,-0.04665255093555389,0.6060606060606061,69.95503065171309,-24.301501769446705,159.38330600508786,0.3484848484848485,0.6515151515151515,6.621212121212121,203.7007256393248
UZS,wait,s10_k10,push_or_calendar,"первый пуш, иначе календарь, иначе срок",66,66,67.90024187977492,-40.9136726782066,200.40789931498566,-11.065938913530879,-67.03688969281772,58.35298814084018,-0.04665255093555389,0.6818181818181818,25.019020208851938,-71.85753363543623,116.91658197847653,0.3484848484848485,0.6515151515151515,6.621212121212121,203.7007256393248
UZS,wait,s10_k10,oracle,оракул: лучший день окна,66,66,318.5364922285124,212.56770469437197,454.4474405823971,237.19901037817698,186.818355793924,302.42763978233484,1.0,0.8181818181818182,389.32237939040397,264.0072853053047,541.5695559523144,0.0,1.0,5.106060606060606,955.6094766855371
UZS,wait,s10_k15,habit,привычка: первый день окна,65,65,0.0,0.0,0.0,-63.55880055996744,-156.12866462213697,28.748897581204684,-0.20643315997009154,0.0,,,,0.0,1.0,0.0,0.0
UZS,wait,s10_k15,deadline,ждать до срока,65,65,72.7155978950546,-102.54504393101023,272.4083702478953,-18.6391813942999,-110.82713494488905,79.9613385175927,-0.06053835315615711,1.0,72.7155978950546,-102.54504393101023,272.4083702478953,0.4153846153846154,0.5846153846153846,15.0,218.1467936851638
UZS,wait,s10_k15,random,случайный день окна,65,65,79.24885106989491,-15.951123097308036,179.58109434472576,0.0,0.0,0.0,0.0,,,,,0.3230769230769231,0.676923076923077,,237.74655320968475
UZS,wait,s10_k15,calendar25,"календарь: первый день с 25-го, иначе срок",65,65,160.55266857145384,26.60803514922273,308.81445986804573,74.96407988514301,27.024201756110006,127.19946402462075,0.24347646208867313,1.0,160.55266857145384,26.60803514922273,308.81445986804573,0.3076923076923077,0.6923076923076923,10.461538461538462,481.65800571436154
UZS,wait,s10_k15,screen,"экран: первый день с фактом уровня, иначе срок",65,65,36.069649250157774,-121.63993946563183,229.2900061491204,-52.18634917669715,-143.76630309857282,47.271548748383374,-0.16949647999861023,0.18461538461538463,200.12117626775589,107.61655104375885,301.6853355647728,0.27692307692307694,0.7230769230769231,8.6,108.20894775047331
UZS,wait,s10_k15,push,"первый пуш потока, иначе срок",65,65,62.44456039828611,-99.52652093255534,260.2646027565233,-26.524987637808053,-115.7130872738106,66.6082623754703,-0.08615072921450259,0.6461538461538462,189.06252935197264,9.0045877384222,445.8780455740747,0.35384615384615387,0.6461538461538462,8.246153846153845,187.33368119485831
UZS,wait,s10_k15,push_or_calendar,"первый пуш, иначе календарь, иначе срок",65,65,98.61469555353824,-30.904400544487558,281.1895450339233,13.406264192671406,-45.475272143561334,95.0810282372593,0.0435423176067636,0.9384615384615385,105.08123296688501,-33.294794638725634,302.06790486895557,0.3230769230769231,0.676923076923077,7.0,295.8440866606147
UZS,wait,s10_k15,oracle,оракул: лучший день окна,65,65,394.83654053378245,253.58732815100927,570.481839080251,307.89045989111423,237.8982140312888,397.7720527648989,1.0,0.8615384615384616,458.29241311956883,310.82330445883815,657.6546719168014,0.0,1.0,6.861538461538461,1184.5096216013474
UZS,wait,s15_k05,habit,привычка: первый день окна,66,66,0.0,0.0,0.0,-9.929743019192287,-48.239373655860994,29.033303061890738,-0.07091533242551208,0.0,,,,0.0,1.0,0.0,0.0
UZS,wait,s15_k05,deadline,ждать до срока,66,66,27.52641588172309,-49.98061275059878,104.35039279989607,12.899085595867517,-30.39010320612972,57.38572741045652,0.09212151223330321,1.0,27.52641588172309,-49.98061275059878,104.35039279989607,0.4393939393939394,0.5606060606060606,5.0,82.57924764516926
UZS,wait,s15_k05,random,случайный день окна,66,66,12.560058047985825,-26.769291047050935,52.04079273166725,0.0,0.0,0.0,0.0,,,,,0.48484848484848486,0.5151515151515151,,37.68017414395747
UZS,wait,s15_k05,calendar25,"календарь: первый день с 25-го, иначе срок",66,66,27.52641588172309,-49.98061275059878,104.35039279989607,12.899085595867517,-30.39010320612972,57.38572741045652,0.09212151223330321,0.0,,,,0.4393939393939394,0.5606060606060606,5.0,82.57924764516926
UZS,wait,s15_k05,screen,"экран: первый день с фактом уровня, иначе срок",66,66,5.544875104217717,-57.34038497801139,67.63277754227934,-7.971874901830648,-46.7506775465378,28.136027475890256,-0.056932808595876655,0.030303030303030304,448.08996642607735,259.5623501667799,636.6175826853748,0.25757575757575757,0.7424242424242424,2.8484848484848486,16.63462531265315
UZS,wait,s15_k05,push,"первый пуш потока, иначе срок",66,66,0.8142629596844954,-67.73284751439732,70.21305662032184,-13.204154152619854,-52.592073040702864,25.773934937634987,-0.09430022300888409,0.3181818181818182,23.78075388509928,-36.188783421010804,89.66836687645065,0.4696969696969697,0.5303030303030303,3.9545454545454546,2.442788879053486
UZS,wait,s15_k05,push_or_calendar,"первый пуш, иначе календарь, иначе срок",66,66,0.8142629596844954,-67.73284751439732,70.21305662032184,-13.204154152619854,-52.592073040702864,25.773934937634987,-0.09430022300888409,0.3181818181818182,23.78075388509928,-36.188783421010804,89.66836687645065,0.4696969696969697,0.5303030303030303,3.9545454545454546,2.442788879053486
UZS,wait,s15_k05,oracle,оракул: лучший день окна,66,66,153.6085979303154,97.52147499721039,218.97539854095328,140.0225124746087,109.81929744200329,173.6811706550458,1.0,0.7121212121212122,215.70569071065566,138.54758773535147,300.60502144978335,0.0,1.0,2.409090909090909,460.8257937909462
UZS,wait,s15_k10,habit,привычка: первый день окна,66,66,0.0,0.0,0.0,-4.327311443090309,-68.65180364575967,59.27115876697633,-0.018274566933678484,0.0,,,,0.0,1.0,0.0,0.0
UZS,wait,s15_k10,deadline,ждать до срока,66,66,-1.2092914474154357,-149.81692736308688,155.15283298798175,-21.546727802527887,-110.10098354971741,69.3613939259973,-0.0909934781925123,1.0,-1.2092914474154357,-149.81692736308688,155.15283298798175,0.5,0.5,10.0,-3.627874342246307
UZS,wait,s15_k10,random,случайный день окна,66,66,11.796156577640325,-51.53388539712017,79.27427536014956,0.0,0.0,0.0,0.0,,,,,0.45454545454545453,0.5454545454545454,,35.388469732920974
UZS,wait,s15_k10,calendar25,"календарь: первый день с 25-го, иначе срок",66,66,63.9169247965129,-27.64943862899597,171.29897443935388,49.18249171468471,11.415062191201944,92.7105944122308,0.20770142122315824,1.0,63.9169247965129,-27.64943862899597,171.29897443935388,0.42424242424242425,0.5757575757575758,7.0606060606060606,191.7507743895387
UZS,wait,s15_k10,screen,"экран: первый день с фактом уровня, иначе срок",66,66,11.957136759198017,-119.89962335546755,157.8107829376849,-6.336117007451538,-90.65110372434418,80.28825486599519,-0.026757906352495288,0.06060606060606061,332.62075123380697,132.55393583763654,542.3537745557261,0.2727272727272727,0.7272727272727273,5.5,35.87141027759405
UZS,wait,s15_k10,push,"первый пуш потока, иначе срок",66,66,17.21600664607365,-111.46427033763486,163.65956555202698,-1.0082269990636812,-80.119528968261,83.89391103644414,-0.004257819669566712,0.5757575757575758,17.154508665666043,-60.423600064451996,100.96212634878025,0.48484848484848486,0.5151515151515151,6.106060606060606,51.648019938220955
UZS,wait,s15_k10,push_or_calendar,"первый пуш, иначе календарь, иначе срок",66,66,28.487700617597962,-53.468346240569154,126.42696944340199,15.086672554310411,-21.594321982373923,53.37235278084196,0.06371217117743332,0.9242424242424242,30.822758045269918,-61.31498567309674,127.52695698480039,0.45454545454545453,0.5454545454545454,5.151515151515151,85.46310185279388
UZS,wait,s15_k10,oracle,оракул: лучший день окна,66,66,251.5101562716115,155.58242873297104,385.93515944819364,236.7941992165866,178.40860115429305,310.3162010046075,1.0,0.7575757575757576,331.99340627852723,211.78747498715276,501.5325873434732,0.0,1.0,4.363636363636363,754.5304688148344
UZS,wait,s15_k15,habit,привычка: первый день окна,65,65,0.0,0.0,0.0,13.03049875521362,-77.99057379188773,107.72680214680284,0.041878383969796706,0.0,,,,0.0,1.0,0.0,0.0
UZS,wait,s15_k15,deadline,ждать до срока,65,65,-26.67215349049954,-198.43922170205067,168.18153684775487,-42.38799696991776,-148.38327036051592,61.04762221144373,-0.13622969052558678,1.0,-26.67215349049954,-198.43922170205067,168.18153684775487,0.47692307692307695,0.5230769230769231,15.0,-80.01646047149862
UZS,wait,s15_k15,random,случайный день окна,65,65,2.6778089916945476,-86.20530518706232,98.53277137431716,0.0,0.0,0.0,0.0,,,,,0.49230769230769234,0.5076923076923077,,8.033426975083643
UZS,wait,s15_k15,calendar25,"календарь: первый день с 25-го, иначе срок",65,65,70.96120138416201,-24.514292613559935,173.4861625963686,69.9837682446645,27.058599047697424,118.8841602081307,0.22491902829357802,1.0,70.96120138416201,-24.514292613559935,173.4861625963686,0.4153846153846154,0.5846153846153846,7.046153846153846,212.88360415248604
UZS,wait,s15_k15,screen,"экран: первый день с фактом уровня, иначе срок",65,65,-1.4705446431694291,-163.1825842619066,181.13507918170214,-14.685552259981986,-110.39089581057101,76.26209267551727,-0.047197517754719205,0.09230769230769231,297.2047255384158,164.4519741422712,448.0227453442056,0.26153846153846155,0.7384615384615385,8.138461538461538,-4.411633929508287
UZS,wait,s15_k15,push,"первый пуш потока, иначе срок",65,65,-5.088782933644168,-159.56682682166715,161.09832847632583,-17.695366577693825,-105.12674497258183,61.02882254542457,-0.05687068238508272,0.6307692307692307,120.38879779974397,-26.75531809247837,335.4487205217175,0.46153846153846156,0.5384615384615384,7.661538461538462,-15.266348800932503
UZS,wait,s15_k15,push_or_calendar,"первый пуш, иначе календарь, иначе срок",65,65,53.905074072899914,-48.50655534108001,193.02143944570935,50.606564509445924,-3.339348899178131,112.45528855202605,0.16264313283257126,0.9230769230769231,58.39716357897489,-52.64452032121122,195.68054760644517,0.4461538461538462,0.5538461538461539,5.3538461538461535,161.71522221869975
UZS,wait,s15_k15,oracle,оракул: лучший день окна,65,65,313.70177546227194,194.9625412105505,464.2364834225655,311.15094518956136,234.730733884927,402.82613588232095,1.0,0.8307692307692308,377.6039889823643,240.71767804971003,553.1876527068724,0.0,1.0,7.092307692307692,941.1053263868158
UZS,wait,s20_k05,habit,привычка: первый день окна,66,66,0.0,0.0,0.0,3.685702144042879,-44.34835025100923,58.160820007909635,0.026621460332643742,0.0,,,,0.0,1.0,0.0,0.0
UZS,wait,s20_k05,deadline,ждать до срока,66,66,-13.204682951854283,-104.23878107226808,68.23230967652357,-16.69749104413885,-65.72216046182486,27.814179666291633,-0.12060431855695965,1.0,-13.204682951854283,-104.23878107226808,68.23230967652357,0.42424242424242425,0.5757575757575758,5.0,-39.61404885556284
UZS,wait,s20_k05,random,случайный день окна,66,66,0.6065164630895313,-51.2511643255605,47.207266994669546,0.0,0.0,0.0,0.0,,,,,0.3787878787878788,0.6212121212121212,,1.8195493892685939
UZS,wait,s20_k05,calendar25,"календарь: первый день с 25-го, иначе срок",66,66,44.85187939039119,-16.330023884141802,108.99208484606221,43.7504198467988,18.22108397275916,72.90181675184223,0.3160049350082571,1.0,44.85187939039119,-16.330023884141802,108.99208484606221,0.3787878787878788,0.6212121212121212,3.4696969696969697,134.55563817117357
UZS,wait,s20_k05,screen,"экран: первый день с фактом уровня, иначе срок",66,66,8.506563048932064,-67.0689686803704,75.59716457190629,6.6318582252901646,-32.09759746261908,51.078417029302116,0.04790125294352198,0.09090909090909091,171.7610061722008,74.3584835533103,285.42894613024947,0.2727272727272727,0.7272727272727273,3.1666666666666665,25.519689146796193
UZS,wait,s20_k05,push,"первый пуш потока, иначе срок",66,66,19.831704359274323,-57.50807485300354,93.27957532311154,17.41800563720784,-17.588167400394408,55.572373450273695,0.12580852386407573,0.5606060606060606,55.7854494326363,-13.245313546378766,119.92611613866333,0.3787878787878788,0.6212121212121212,3.515151515151515,59.49511307782297
UZS,wait,s20_k05,push_or_calendar,"первый пуш, иначе календарь, иначе срок",66,66,30.951389813312787,-27.92143436637605,91.37985105736182,30.0104921472213,4.517571702405438,59.13530421778048,0.2167628025915362,0.9545454545454546,32.42526551870864,-32.79674358870568,95.5584507693261,0.36363636363636365,0.6363636363636364,2.8484848484848486,92.85416943993836
UZS,wait,s20_k05,oracle,оракул: лучший день окна,66,66,137.33962697270732,93.75851896696435,189.24571620084234,138.44853355108398,101.09476624019872,181.08098301194084,1.0,0.7272727272727273,188.84198708747257,134.76356462430752,248.1435676745547,0.0,1.0,2.4242424242424243,412.01888091812197
UZS,wait,s20_k10,habit,привычка: первый день окна,65,65,0.0,0.0,0.0,25.511446968768173,-56.55254392184,123.35205947134027,0.10456112294811924,0.0,,,,0.0,1.0,0.0,0.0
UZS,wait,s20_k10,deadline,ждать до срока,65,65,-37.997074010510936,-182.02150489957182,94.12927590620968,-34.74628599683434,-105.77141962066324,33.42403177332418,-0.14241100030716664,1.0,-37.997074010510936,-182.02150489957182,94.12927590620968,0.5384615384615384,0.46153846153846156,10.0,-113.99122203153281
UZS,wait,s20_k10,random,случайный день окна,65,65,-11.849681221510327,-98.73067850263867,63.959615613251884,0.0,0.0,0.0,0.0,,,,,0.4461538461538462,0.5538461538461539,,-35.549043664530984
UZS,wait,s20_k10,calendar25,"календарь: первый день с 25-го, иначе срок",65,65,49.0538955385584,-11.50501929630518,110.19128248433263,66.64277416818959,22.28135501387193,124.93852391461382,0.27314182970235024,1.0,49.0538955385584,-11.50501929630518,110.19128248433263,0.36923076923076925,0.6307692307692307,3.476923076923077,147.1616866156752
UZS,wait,s20_k10,screen,"экран: первый день с фактом уровня, иначе срок",65,65,-9.527034670490124,-144.69763827310197,118.56346184326325,-3.2317247150310635,-79.79782406072935,68.22237138963561,-0.0132455350602622,0.15384615384615385,173.15616739650608,108.54781334291603,241.3710769832587,0.3230769230769231,0.676923076923077,5.923076923076923,-28.581104011470373
UZS,wait,s20_k10,push,"первый пуш потока, иначе срок",65,65,-3.6367747242906767,-136.05121078290168,116.4337801083849,1.990186351667673,-71.20855530394648,65.50911996695176,0.008156970479218584,0.6307692307692307,112.80785506681438,9.37641926757493,246.94409214221614,0.4,0.6,5.323076923076923,-10.91032417287203
UZS,wait,s20_k10,push_or_calendar,"первый пуш, иначе календарь, иначе срок",65,65,52.285156521860856,-23.821711179875486,140.6232630554838,67.96782526176577,16.04675151848614,128.19992376443048,0.278572679253047,0.9538461538461539,54.815083450337994,-26.866633470326732,148.40916389582986,0.35384615384615387,0.6461538461538462,3.1384615384615384,156.85546956558258
UZS,wait,s20_k10,oracle,оракул: лучший день окна,65,65,226.40524236482628,142.79100636422896,327.8189566892689,243.98596963640446,174.00164435536306,330.82245068968496,1.0,0.7846153846153846,288.55570105321,190.06832258624544,404.59074893369007,0.0,1.0,4.553846153846154,679.2157270944788
UZS,wait,s20_k15,habit,привычка: первый день окна,65,65,0.0,0.0,0.0,40.8142294624276,-59.88356257624919,163.499471767986,0.1246471685305216,0.0,,,,0.0,1.0,0.0,0.0
UZS,wait,s20_k15,deadline,ждать до срока,65,65,-18.911080996128785,-170.85501976798776,147.1779158135726,-7.292231094952067,-80.50308222563442,69.1830635523026,-0.022270565198168422,1.0,-18.911080996128785,-170.85501976798776,147.1779158135726,0.49230769230769234,0.5076923076923077,15.0,-56.73324298838636
UZS,wait,s20_k15,random,случайный день окна,65,65,-19.46689609728162,-124.43281322990258,77.4259737577538,0.0,0.0,0.0,0.0,,,,,0.47692307692307695,0.5230769230769231,,-58.40068829184486
UZS,wait,s20_k15,calendar25,"календарь: первый день с 25-го, иначе срок",65,65,49.0538955385584,-11.50501929630518,110.19128248433263,80.48484314960754,13.247044703851369,159.61995924967565,0.24580172014412496,1.0,49.0538955385584,-11.50501929630518,110.19128248433263,0.36923076923076925,0.6307692307692307,3.476923076923077,147.1616866156752
UZS,wait,s20_k15,screen,"экран: первый день с фактом уровня, иначе срок",65,65,8.554782158327768,-129.90424150209753,167.8645707267155,23.301476478031798,-47.21003002552232,97.16967623201938,0.07116300133121414,0.18461538461538463,471.32882632973786,141.1696225444623,1066.3689886835089,0.27692307692307694,0.7230769230769231,8.492307692307692,25.664346474983304
UZS,wait,s20_k15,push,"первый пуш потока, иначе срок",65,65,-18.13675446679413,-143.12771018446426,106.280434247,-0.7040912681254002,-56.65203639508374,57.75897107329796,-0.002150303561155981,0.6615384615384615,109.13645658999057,7.311691354134223,231.45731436200077,0.38461538461538464,0.6153846153846154,6.876923076923077,-54.41026340038239
UZS,wait,s20_k15,push_or_calendar,"первый пуш, иначе календарь, иначе срок",65,65,52.51394785039656,-23.68861381898774,142.8376008630151,81.28098193044252,15.638264184180619,157.6724119126791,0.24823313796324065,0.9538461538461539,55.05494532702865,-27.389033799132573,148.57486078524158,0.35384615384615387,0.6461538461538462,3.4461538461538463,157.5418435511897
UZS,wait,s20_k15,oracle,оракул: лучший день окна,65,65,300.64075956639005,188.07785999644625,449.0838569287366,327.4380793690766,235.9621396950439,443.6731731321929,1.0,0.8307692307692308,361.8823957743584,233.30695702507035,535.3646093778785,0.0,1.0,7.584615384615384,901.9222786991701
UZS,wait,s25_k05,habit,привычка: первый день окна,65,65,0.0,0.0,0.0,67.52229499653788,10.328049599141854,137.24519953522685,0.4099434656001529,0.0,,,,0.0,1.0,0.0,0.0
UZS,wait,s25_k05,deadline,ждать до срока,65,65,-85.68155325363752,-177.17684617582157,-3.2044922514700995,-28.425808386587164,-67.06571585502269,8.381005571782584,-0.17257965540242556,1.0,-85.68155325363752,-177.17684617582157,-3.2044922514700995,0.6153846153846154,0.38461538461538464,5.0,-257.04465976091257
UZS,wait,s25_k05,random,случайный день окна,65,65,-60.16938550032501,-122.54563394537776,-6.842953803711329,0.0,0.0,0.0,0.0,,,,,0.5384615384615384,0.46153846153846156,,-180.50815650097505
UZS,wait,s25_k05,calendar25,"календарь: первый день с 25-го, иначе срок",65,65,0.0,0.0,0.0,67.52229499653788,10.328049599141854,137.24519953522685,0.4099434656001529,0.0,,,,0.0,1.0,0.0,0.0
UZS,wait,s25_k05,screen,"экран: первый день с фактом уровня, иначе срок",65,65,-54.46876113236472,-141.7768396452134,20.315309055458012,4.626843153143272,-40.290848030825835,54.0703667818856,0.028090634613132524,0.07692307692307693,70.28342740323978,41.750902725488096,96.88675339757413,0.36923076923076925,0.6307692307692307,3.1384615384615384,-163.40628339709417
UZS,wait,s25_k05,push,"первый пуш потока, иначе срок",65,65,-55.61009433922665,-131.96706935880155,10.909305726248448,4.476581758167651,-40.18729583174298,54.035834548040256,0.02717836294041497,0.26153846153846155,44.8457087952582,-59.23546797655943,196.56885550272762,0.49230769230769234,0.5076923076923077,3.353846153846154,-166.83028301767993
UZS,wait,s25_k05,push_or_calendar,"первый пуш, иначе календарь, иначе срок",65,65,11.728877684913684,-15.847867244344092,52.24552245065881,77.8382951187978,25.275460387364973,144.6791017959003,0.47257428763408504,0.26153846153846155,44.8457087952582,-59.23546797655943,196.56885550272762,0.12307692307692308,0.8769230769230769,0.8153846153846154,35.18663305474105
UZS,wait,s25_k05,oracle,оракул: лучший день окна,65,65,99.17454029106538,58.598606420622616,152.29871574384833,164.71123621323238,114.33177303338468,228.15442434816958,1.0,0.6307692307692307,157.2279297297378,99.58463299277425,233.65883128293822,0.0,1.0,2.0153846153846153,297.52362087319614
UZS,wait,s25_k10,habit,привычка: первый день окна,65,65,0.0,0.0,0.0,91.82144878998625,8.779764330279084,189.36871244209914,0.33159395374179657,0.0,,,,0.0,1.0,0.0,0.0
UZS,wait,s25_k10,deadline,ждать до срока,65,65,-53.59761943653003,-194.00570786019486,88.15834773774652,16.02303734420419,-48.5057025155982,84.99475067908729,0.057863847433613544,1.0,-53.59761943653003,-194.00570786019486,88.15834773774652,0.5384615384615384,0.46153846153846156,10.0,-160.7928583095901
UZS,wait,s25_k10,random,случайный день окна,65,65,-76.88454710241123,-164.10930074949445,1.4486760101689329,0.0,0.0,0.0,0.0,,,,,0.5846153846153846,0.4153846153846154,,-230.6536413072337
UZS,wait,s25_k10,calendar25,"календарь: первый день с 25-го, иначе срок",65,65,0.0,0.0,0.0,91.82144878998625,8.779764330279084,189.36871244209914,0.33159395374179657,0.0,,,,0.0,1.0,0.0,0.0
UZS,wait,s25_k10,screen,"экран: первый день с фактом уровня, иначе срок",65,65,-30.46500790761073,-148.9311428729118,93.01411569044727,43.63988443388128,-19.63565783134983,110.35724961798205,0.15759631339909666,0.12307692307692308,396.44134992026346,68.70276246967353,981.1487945292765,0.2923076923076923,0.7076923076923077,6.0,-91.39502372283219
UZS,wait,s25_k10,push,"первый пуш потока, иначе срок",65,65,-91.01902787131775,-197.25285210713673,-0.9029259404462587,-15.568907519922057,-71.0055285351459,43.59108203815196,-0.05622385257478485,0.3230769230769231,28.62574823201604,-55.49427498600236,157.73570403832824,0.4461538461538462,0.5538461538461539,5.707692307692308,-273.05708361395324
UZS,wait,s25_k10,push_or_calendar,"первый пуш, иначе календарь, иначе срок",65,65,9.248318659574412,-18.584463948847958,49.744478670524344,98.89952388718491,24.2813594207555,191.15675408714205,0.35715494125931674,0.3230769230769231,28.62574823201604,-55.49427498600236,157.73570403832824,0.15384615384615385,0.8461538461538461,1.2461538461538462,27.744955978723237
UZS,wait,s25_k10,oracle,оракул: лучший день окна,65,65,191.06597012140008,115.10793984952393,293.1801743537536,276.9092975123581,195.95385130409022,376.4454862676623,1.0,0.7538461538461538,253.45485832430626,153.76466254975108,384.06386679624535,0.0,1.0,4.723076923076923,573.1979103642002
UZS,wait,s25_k15,habit,привычка: первый день окна,65,65,0.0,0.0,0.0,81.99337794249604,-8.182024536760109,181.16365518165114,0.23370565111803032,0.0,,,,0.0,1.0,0.0,0.0
UZS,wait,s25_k15,deadline,ждать до срока,65,65,13.793080747758852,-106.52762511380244,151.02507879930585,77.37365459214729,10.695909263038114,152.06102856164395,0.2205380578236595,1.0,13.793080747758852,-106.52762511380244,151.02507879930585,0.47692307692307695,0.5230769230769231,15.0,41.37924224327656
UZS,wait,s25_k15,random,случайный день окна,65,65,-65.57144851751657,-157.94482015993714,19.67552517242263,0.0,0.0,0.0,0.0,,,,,0.5538461538461539,0.4461538461538462,,-196.7143455525497
UZS,wait,s25_k15,calendar25,"календарь: первый день с 25-го, иначе срок",65,65,0.0,0.0,0.0,81.99337794249604,-8.182024536760109,181.16365518165114,0.23370565111803032,0.0,,,,0.0,1.0,0.0,0.0
UZS,wait,s25_k15,screen,"экран: первый день с фактом уровня, иначе срок",65,65,-19.311333429184387,-116.71828318239052,93.60009051527321,48.28292625738105,-16.1790144984103,113.73052618870709,0.13762078111696802,0.2,348.3950083729867,117.23947846352796,724.8543428747444,0.27692307692307694,0.7230769230769231,8.476923076923077,-57.93400028755316
UZS,wait,s25_k15,push,"первый пуш потока, иначе срок",65,65,-80.68133309635434,-164.34895955847324,-0.7243420220425175,-11.334479496038778,-68.48348520916748,47.208264729808405,-0.032306656673706836,0.38461538461538464,25.39393758690021,-92.3210956349354,152.25527518175014,0.4153846153846154,0.5846153846153846,7.753846153846154,-242.043999289063
UZS,wait,s25_k15,push_or_calendar,"первый пуш, иначе календарь, иначе срок",65,65,9.766899071884696,-37.51147058507901,60.83606519018966,88.18863894834664,8.110074248451092,179.03314863477738,0.25136399796933195,0.38461538461538464,25.39393758690021,-92.3210956349354,152.25527518175014,0.16923076923076924,0.8307692307692308,1.9846153846153847,29.300697215654086
UZS,wait,s25_k15,oracle,оракул: лучший день окна,65,65,277.66363876990175,181.35639054763857,395.9933169171393,350.8403735649774,271.51441275578946,448.22314708076226,1.0,0.8,347.07954846237715,237.12763200033243,488.01007987586934,0.0,1.0,7.7846153846153845,832.9909163097052
UZS,wait,all,habit,привычка: первый день окна,983,66,0.0,0.0,0.0,2.799730450388839,-46.66007164289635,59.886319233215744,0.011758342690473957,0.0,,,,0.0,1.0,0.0,0.0
UZS,wait,all,deadline,ждать до срока,983,66,23.81232943609193,-73.82730066427453,126.94716536500243,11.218389247062879,-36.59440901045009,63.37511784700434,0.04711513038113124,1.0,23.81232943609193,-73.82730066427453,126.94716536500243,0.4537131230925738,0.5462868769074263,9.984740590030519,71.43698830827579
UZS,wait,all,random,случайный день окна,983,66,6.86569699561263,-45.70697011692751,57.0169263335136,0.0,0.0,0.0,0.0,,,,,0.4323499491353001,0.5676500508646999,,20.59709098683789
UZS,wait,all,calendar25,"календарь: первый день с 25-го, иначе срок",983,66,64.10493003510062,3.270004531596349,131.4713102254767,59.05353360389916,23.85938772398653,95.85199480458506,0.24801376328982974,0.49949135300101727,81.96231134004941,-7.3514965542224235,174.18610795777047,0.306205493387589,0.6937945066124109,5.578840284842319,192.31479010530188
UZS,wait,all,screen,"экран: первый день с фактом уровня, иначе срок",983,66,7.221158617709417,-83.26474356475457,105.58239928212112,-2.4794907256294256,-47.19237791190465,50.15724630872488,-0.010413395920222817,0.13123092573753814,267.41181488378123,153.3459154893508,437.7929697739488,0.2787385554425229,0.7212614445574771,5.71617497456765,21.66347585312825
UZS,wait,all,push,"первый пуш потока, иначе срок",983,66,4.349244169694526,-79.39874566662613,93.10135716098507,-5.393793230690616,-45.91175736793445,38.90911410375647,-0.02265291974776021,0.4760935910478128,93.65168658103858,26.06828482881441,183.954560476181,0.40183112919633773,0.5981688708036622,5.873855544252289,13.047732509083577
UZS,wait,all,push_or_calendar,"первый пуш, иначе календарь, иначе срок",983,66,37.44586412180106,-20.972284993497748,111.10749819431142,32.41682973613525,-0.05462022941942178,69.29075442954262,0.1361446038218738,0.6307222787385555,59.29220763059169,-10.922678780159597,150.21473414650984,0.3306205493387589,0.669379450661241,4.2817904374364195,112.33759236540318
UZS,wait,all,oracle,оракул: лучший день окна,983,66,244.1693835152571,175.3467019794824,339.954328625056,238.1058729183872,186.10252569061774,299.01707142352967,1.0,0.780264496439471,312.931556708602,230.6081379905429,429.7770764722337,0.0,1.0,4.8585961342828075,732.5081505457713
UZS,accelerate,a05_h15,habit,привычка: первый день окна,66,66,0.0,0.0,0.0,52.91001886793752,14.327428530975808,89.75115818220458,0.303915229680112,0.0,,,,0.0,1.0,6.484848484848484,0.0
UZS,accelerate,a05_h15,deadline,ждать до срока,66,66,0.0,0.0,0.0,52.91001886793752,14.327428530975808,89.75115818220458,0.303915229680112,0.0,,,,0.0,1.0,6.484848484848484,0.0
UZS,accelerate,a05_h15,random,случайный день окна,66,66,-50.24986362370949,-86.54961692249718,-12.5966564622796,0.0,0.0,0.0,0.0,,,,,0.5454545454545454,0.45454545454545453,,-150.74959087112848
UZS,accelerate,a05_h15,calendar25,"календарь: первый день с 25-го, иначе срок",66,66,0.0,0.0,0.0,52.91001886793752,14.327428530975808,89.75115818220458,0.303915229680112,0.0,,,,0.0,1.0,6.484848484848484,0.0
UZS,accelerate,a05_h15,screen,"экран: первый день с фактом уровня, иначе срок",66,66,-59.71808509496483,-104.21017361800489,-16.236536592599013,-8.920003106244605,-46.22328600080813,29.988703095253587,-0.05123651154893864,0.48484848484848486,-123.16855050836497,-211.15583351207044,-32.1730869764835,0.3333333333333333,0.6666666666666666,3.8333333333333335,-179.15425528489448
UZS,accelerate,a05_h15,push,"первый пуш потока, иначе срок",66,66,-37.77019578201132,-74.71923045611152,-2.271694626073564,13.699115072638554,-23.38344756692523,50.25473175558357,0.07868773802759225,0.4090909090909091,-92.32714524491655,-175.0979870530559,-3.298585309063619,0.2727272727272727,0.7272727272727273,4.636363636363637,-113.31058734603396
UZS,accelerate,a05_h15,push_or_calendar,"первый пуш, иначе календарь, иначе срок",66,66,-37.77019578201132,-74.71923045611152,-2.271694626073564,13.699115072638554,-23.38344756692523,50.25473175558357,0.07868773802759225,0.4090909090909091,-92.32714524491655,-175.0979870530559,-3.298585309063619,0.2727272727272727,0.7272727272727273,4.636363636363637,-113.31058734603396
UZS,accelerate,a05_h15,oracle,оракул: лучший день окна,66,66,121.87277567040823,86.32731242633352,160.49526339997587,174.09466094748956,140.84564109519127,213.8685265709172,1.0,0.6818181818181818,178.74673764993204,133.6943898479559,225.42996310162886,0.0,1.0,3.6818181818181817,365.6183270112247
UZS,accelerate,a05_h20,habit,привычка: первый день окна,66,66,0.0,0.0,0.0,50.7113946735579,-9.752191429732514,118.41732035549175,0.21766661557101355,0.0,,,,0.0,1.0,10.075757575757576,0.0
UZS,accelerate,a05_h20,deadline,ждать до срока,66,66,0.0,0.0,0.0,50.7113946735579,-9.752191429732514,118.41732035549175,0.21766661557101355,0.0,,,,0.0,1.0,10.075757575757576,0.0
UZS,accelerate,a05_h20,random,случайный день окна,66,66,-44.01340887614206,-108.34075225371012,15.40421704996915,0.0,0.0,0.0,0.0,,,,,0.45454545454545453,0.5454545454545454,,-132.04022662842618
UZS,accelerate,a05_h20,calendar25,"календарь: первый день с 25-го, иначе срок",66,66,0.0,0.0,0.0,50.7113946735579,-9.752191429732514,118.41732035549175,0.21766661557101355,0.0,,,,0.0,1.0,10.075757575757576,0.0
UZS,accelerate,a05_h20,screen,"экран: первый день с фактом уровня, иначе срок",66,66,-73.55204421812329,-140.19973413758782,-12.652715661142729,-27.49108993179148,-80.12690695511837,28.62087150389884,-0.11799897325504949,0.48484848484848486,-151.70109119987922,-278.5958599977832,-31.967297548009068,0.30303030303030304,0.696969696969697,5.681818181818182,-220.65613265436986
UZS,accelerate,a05_h20,push,"первый пуш потока, иначе срок",66,66,-60.92606481377762,-118.00392557978176,-10.356934139865407,-14.003237083029342,-65.5765199102463,41.02881029265965,-0.06010556882772594,0.4696969696969697,-129.713557345462,-233.44933913459792,-28.374604411395026,0.25757575757575757,0.7424242424242424,6.666666666666667,-182.77819444133286
UZS,accelerate,a05_h20,push_or_calendar,"первый пуш, иначе календарь, иначе срок",66,66,-60.92606481377762,-118.00392557978176,-10.356934139865407,-14.003237083029342,-65.5765199102463,41.02881029265965,-0.06010556882772594,0.4696969696969697,-129.713557345462,-233.44933913459792,-28.374604411395026,0.25757575757575757,0.7424242424242424,6.666666666666667,-182.77819444133286
UZS,accelerate,a05_h20,oracle,оракул: лучший день окна,66,66,184.61213540647373,140.15516727417275,236.26945708183865,232.97736559428125,187.85697429787191,287.34674908895676,1.0,0.7727272727272727,238.9098222907307,189.7501131849156,296.6620708905949,0.0,1.0,5.196969696969697,553.8364062194212
UZS,accelerate,a05_h25,habit,привычка: первый день окна,66,66,0.0,0.0,0.0,76.58015642568306,0.0014827971722868117,162.68752788863603,0.2651540660521991,0.0,,,,0.0,1.0,13.545454545454545,0.0
UZS,accelerate,a05_h25,deadline,ждать до срока,66,66,0.0,0.0,0.0,76.58015642568306,0.0014827971722868117,162.68752788863603,0.2651540660521991,0.0,,,,0.0,1.0,13.545454545454545,0.0
UZS,accelerate,a05_h25,random,случайный день окна,66,66,-65.8553398284949,-145.44105976684574,8.295820011834632,0.0,0.0,0.0,0.0,,,,,0.5303030303030303,0.4696969696969697,,-197.5660194854847
UZS,accelerate,a05_h25,calendar25,"календарь: первый день с 25-го, иначе срок",66,66,0.0,0.0,0.0,76.58015642568306,0.0014827971722868117,162.68752788863603,0.2651540660521991,0.0,,,,0.0,1.0,13.545454545454545,0.0
UZS,accelerate,a05_h25,screen,"экран: первый день с фактом уровня, иначе срок",66,66,-80.87834943028862,-156.12531854834376,-13.200313405658582,-10.18768408812619,-80.451607038328,70.86231544502361,-0.035274227498391465,0.5,-161.75669886057727,-307.5449005313782,-31.065232925580585,0.3181818181818182,0.6818181818181818,7.4393939393939394,-242.63504829086585
UZS,accelerate,a05_h25,push,"первый пуш потока, иначе срок",66,66,-78.78563334811483,-144.52761759420997,-19.961388241707454,-7.334870710301173,-70.19114727550357,65.1723174351893,-0.025396537217718153,0.5909090909090909,-133.3295333583482,-232.67831012428013,-35.50876344868249,0.3787878787878788,0.6212121212121212,8.333333333333334,-236.35690004434446
UZS,accelerate,a05_h25,push_or_calendar,"первый пуш, иначе календарь, иначе срок",66,66,-78.78563334811483,-144.52761759420997,-19.961388241707454,-7.334870710301173,-70.19114727550357,65.1723174351893,-0.025396537217718153,0.5909090909090909,-133.3295333583482,-232.67831012428013,-35.50876344868249,0.3787878787878788,0.6212121212121212,8.333333333333334,-236.35690004434446
UZS,accelerate,a05_h25,oracle,оракул: лучший день окна,66,66,216.2394742116164,159.1318278588042,282.7866160878389,288.81381140354546,234.07174130834017,354.9657582440961,1.0,0.7727272727272727,279.83931956797414,215.43702042105875,351.7438044727772,0.0,1.0,7.075757575757576,648.7184226348493
UZS,accelerate,a10_h15,habit,привычка: первый день окна,66,66,0.0,0.0,0.0,39.07518442761538,10.635226935129326,67.55091033286698,0.37468693718086704,0.0,,,,0.0,1.0,3.393939393939394,0.0
UZS,accelerate,a10_h15,deadline,ждать до срока,66,66,0.0,0.0,0.0,39.07518442761538,10.635226935129326,67.55091033286698,0.37468693718086704,0.0,,,,0.0,1.0,3.393939393939394,0.0
UZS,accelerate,a10_h15,random,случайный день окна,66,66,-37.58797219878586,-65.61928543375437,-9.727204597766203,0.0,0.0,0.0,0.0,,,,,0.48484848484848486,0.5151515151515151,,-112.76391659635759
UZS,accelerate,a10_h15,calendar25,"календарь: первый день с 25-го, иначе срок",66,66,0.0,0.0,0.0,39.07518442761538,10.635226935129326,67.55091033286698,0.37468693718086704,0.0,,,,0.0,1.0,3.393939393939394,0.0
UZS,accelerate,a10_h15,screen,"экран: первый день с фактом уровня, иначе срок",66,66,-50.20880271332105,-84.40021510312323,-19.936624929714593,-12.176597944907243,-41.97634546240968,16.58808659704669,-0.11675983763331306,0.42424242424242425,-118.34932068139962,-195.07561515524338,-58.19689068897385,0.30303030303030304,0.696969696969697,2.212121212121212,-150.62640813996313
UZS,accelerate,a10_h15,push,"первый пуш потока, иначе срок",66,66,-18.702998639504006,-38.79094583492268,-0.6349088582039384,20.001730409374463,-7.355009858784358,48.89656219961859,0.1917940302825407,0.2727272727272727,-68.57766167818136,-138.5159672693556,-6.384705194325109,0.12121212121212122,0.8787878787878788,2.803030303030303,-56.108995918512015
UZS,accelerate,a10_h15,push_or_calendar,"первый пуш, иначе календарь, иначе срок",66,66,-18.702998639504006,-38.79094583492268,-0.6349088582039384,20.001730409374463,-7.355009858784358,48.89656219961859,0.1917940302825407,0.2727272727272727,-68.57766167818136,-138.5159672693556,-6.384705194325109,0.12121212121212122,0.8787878787878788,2.803030303030303,-56.108995918512015
UZS,accelerate,a10_h15,oracle,оракул: лучший день окна,66,66,65.70425905802134,44.25576016785363,90.27569844836079,104.28755462257602,84.58298717297319,126.7839623470412,1.0,0.6060606060606061,108.4120274457352,79.52563774592166,140.01455281644243,0.0,1.0,1.9090909090909092,197.112777174064
UZS,accelerate,a10_h20,habit,привычка: первый день окна,66,66,0.0,0.0,0.0,34.75043583390305,-16.09706215919004,92.96818480246144,0.1997279191824453,0.0,,,,0.0,1.0,6.984848484848484,0.0
UZS,accelerate,a10_h20,deadline,ждать до срока,66,66,0.0,0.0,0.0,34.75043583390305,-16.09706215919004,92.96818480246144,0.1997279191824453,0.0,,,,0.0,1.0,6.984848484848484,0.0
UZS,accelerate,a10_h20,random,случайный день окна,66,66,-30.133853716891778,-85.06936221101239,19.419359626081544,0.0,0.0,0.0,0.0,,,,,0.42424242424242425,0.5757575757575758,,-90.40156115067533
UZS,accelerate,a10_h20,calendar25,"календарь: первый день с 25-го, иначе срок",66,66,0.0,0.0,0.0,34.75043583390305,-16.09706215919004,92.96818480246144,0.1997279191824453,0.0,,,,0.0,1.0,6.984848484848484,0.0
UZS,accelerate,a10_h20,screen,"экран: первый день с фактом уровня, иначе срок",66,66,-64.64820677664754,-130.85387063888373,-10.594573694310299,-33.35005089208807,-81.14288885687593,15.617061644408762,-0.1916792152231626,0.42424242424242425,-152.38505883066924,-290.795591560771,-36.68193652137824,0.25757575757575757,0.7424242424242424,4.242424242424242,-193.9446203299426
UZS,accelerate,a10_h20,push,"первый пуш потока, иначе срок",66,66,-51.384408826105705,-96.19365770710148,-13.196584887993943,-19.131447894370968,-59.029787702734055,24.44704742766794,-0.10995788073432393,0.4090909090909091,-125.60633268603615,-226.66304370892908,-39.22581260036421,0.24242424242424243,0.7575757575757576,5.106060606060606,-154.15322647831712
UZS,accelerate,a10_h20,push_or_calendar,"первый пуш, иначе календарь, иначе срок",66,66,-51.384408826105705,-96.19365770710148,-13.196584887993943,-19.131447894370968,-59.029787702734055,24.44704742766794,-0.10995788073432393,0.4090909090909091,-125.60633268603615,-226.66304370892908,-39.22581260036421,0.24242424242424243,0.7575757575757576,5.106060606060606,-154.15322647831712
UZS,accelerate,a10_h20,oracle,оракул: лучший день окна,66,66,141.02382702089076,104.10560194554216,185.79309287048213,173.98887434540183,136.014729241521,221.62785121882035,1.0,0.7272727272727273,193.9077621537248,150.0059517205159,245.21119537234162,0.0,1.0,3.590909090909091,423.07148106267226
UZS,accelerate,a10_h25,habit,привычка: первый день окна,66,66,0.0,0.0,0.0,62.08848017592793,-4.207836576398241,138.57186918871395,0.256818692155127,0.0,,,,0.0,1.0,10.454545454545455,0.0
UZS,accelerate,a10_h25,deadline,ждать до срока,66,66,0.0,0.0,0.0,62.08848017592793,-4.207836576398241,138.57186918871395,0.256818692155127,0.0,,,,0.0,1.0,10.454545454545455,0.0
UZS,accelerate,a10_h25,random,случайный день окна,66,66,-53.7766042274016,-125.41180782486744,10.409893469362313,0.0,0.0,0.0,0.0,,,,,0.5,0.5,,-161.3298126822048
UZS,accelerate,a10_h25,calendar25,"календарь: первый день с 25-го, иначе срок",66,66,0.0,0.0,0.0,62.08848017592793,-4.207836576398241,138.57186918871395,0.256818692155127,0.0,,,,0.0,1.0,10.454545454545455,0.0
UZS,accelerate,a10_h25,screen,"экран: первый день с фактом уровня, иначе срок",66,66,-67.41023232419504,-144.5464535586406,-3.7875254109284797,-9.979487032003652,-75.61413820553697,64.0481493945165,-0.04127849160868793,0.45454545454545453,-148.30251111322906,-305.15022591697914,-20.9261327892271,0.2878787878787879,0.7121212121212122,6.181818181818182,-202.2306969725851
UZS,accelerate,a10_h25,push,"первый пуш потока, иначе срок",66,66,-72.36116119614553,-131.22974994774032,-23.27921438648825,-14.233880612891456,-69.18766389578259,52.311788410055655,-0.058876084467473735,0.5757575757575758,-125.67991155120016,-221.749672519669,-46.741982549298406,0.3333333333333333,0.6666666666666666,6.878787878787879,-217.0834835884366
UZS,accelerate,a10_h25,push_or_calendar,"первый пуш, иначе календарь, иначе срок",66,66,-72.36116119614553,-131.22974994774032,-23.27921438648825,-14.233880612891456,-69.18766389578259,52.311788410055655,-0.058876084467473735,0.5757575757575758,-125.67991155120016,-221.749672519669,-46.741982549298406,0.3333333333333333,0.6666666666666666,6.878787878787879,-217.0834835884366
UZS,accelerate,a10_h25,oracle,оракул: лучший день окна,66,66,182.97970539427456,130.40377245755383,244.33162238278422,241.75997336838873,193.99715956309151,303.5244819142881,1.0,0.7575757575757576,241.53321112044247,180.66404615139678,312.7970397469631,0.0,1.0,5.5606060606060606,548.9391161828237
UZS,accelerate,all,habit,привычка: первый день окна,396,66,0.0,0.0,0.0,52.68594506743747,4.100824146637774,106.64798299730268,0.2599801697281176,0.0,,,,0.0,1.0,8.48989898989899,0.0
UZS,accelerate,all,deadline,ждать до срока,396,66,0.0,0.0,0.0,52.68594506743747,4.100824146637774,106.64798299730268,0.2599801697281176,0.0,,,,0.0,1.0,8.48989898989899,0.0
UZS,accelerate,all,random,случайный день окна,396,66,-46.93617374523762,-97.66348156789114,0.4094603087529419,0.0,0.0,0.0,0.0,,,,,0.4898989898989899,0.51010101010101,,-140.80852123571285
UZS,accelerate,all,calendar25,"календарь: первый день с 25-го, иначе срок",396,66,0.0,0.0,0.0,52.68594506743747,4.100824146637774,106.64798299730268,0.2599801697281176,0.0,,,,0.0,1.0,8.48989898989899,0.0
UZS,accelerate,all,screen,"экран: первый день с фактом уровня, иначе срок",396,66,-66.06928675959006,-121.55055538047964,-19.142948152811115,-17.01748549919354,-60.871655444535506,31.969898015139403,-0.08397322592891092,0.4621212121212121,-142.9696041355064,-248.61991061339512,-46.94572055244201,0.3005050505050505,0.6994949494949495,4.931818181818182,-198.20786027877017
UZS,accelerate,all,push,"первый пуш потока, иначе срок",396,66,-53.32174376760984,-93.9708117150003,-19.578859399124987,-3.5004318030966557,-41.886439164052646,40.551276661850835,-0.01727297200659348,0.45454545454545453,-117.30783628874164,-194.33639462710568,-45.90503833533256,0.2676767676767677,0.7323232323232324,5.737373737373737,-159.96523130282952
UZS,accelerate,all,push_or_calendar,"первый пуш, иначе календарь, иначе срок",396,66,-53.32174376760984,-93.9708117150003,-19.578859399124987,-3.5004318030966557,-41.886439164052646,40.551276661850835,-0.01727297200659348,0.45454545454545453,-117.30783628874164,-194.33639462710568,-45.90503833533256,0.2676767676767677,0.7323232323232324,5.737373737373737,-159.96523130282952
UZS,accelerate,all,oracle,оракул: лучший день окна,396,66,152.07202946028085,118.75455169130382,192.62979752771707,202.65370671361376,166.0457639043541,248.32741964663649,1.0,0.7196969696969697,211.30008303954816,170.7680703536346,253.79066820009476,0.0,1.0,4.502525252525253,456.21608838084256
all,wait,s05_k05,habit,привычка: первый день окна,330,66,0.0,0.0,0.0,2.244410147228834,-33.35758695037117,42.830205572008815,0.014904072362215096,0.0,,,,0.0,1.0,0.0,0.0
all,wait,s05_k05,deadline,ждать до срока,330,66,17.259370634788187,-41.20875730234577,72.77813824745024,16.144511726406154,-19.49398584758052,51.456899468171095,0.10720811047841633,1.0,17.259370634788187,-41.20875730234577,72.77813824745024,0.3878787878787879,0.6121212121212121,5.0,51.77811190436456
all,wait,s05_k05,random,случайный день окна,330,66,0.4782121248256434,-39.10760905037227,35.99292192450047,0.0,0.0,0.0,0.0,,,,,0.33636363636363636,0.6636363636363637,,1.4346363744769302
all,wait,s05_k05,calendar25,"календарь: первый день с 25-го, иначе срок",330,66,17.259370634788187,-41.20875730234577,72.77813824745024,16.144511726406154,-19.49398584758052,51.456899468171095,0.10720811047841633,0.0,,,,0.3878787878787879,0.6121212121212121,5.0,51.77811190436456
all,wait,s05_k05,screen,"экран: первый день с фактом уровня, иначе срок",330,66,-11.357525711954636,-63.18399684821197,37.601006161461065,-11.856167603153509,-43.98208514722104,21.064459614432323,-0.07873123373378414,0.11515151515151516,240.87041474396946,101.69208934749638,430.97123522493735,0.31212121212121213,0.6878787878787879,3.3545454545454545,-34.07257713586391
all,wait,s05_k05,push,"первый пуш потока, иначе срок",330,66,6.849102836450352,-44.8895912279123,54.95759441634331,6.03484749644473,-20.716731522426215,32.5164037040508,0.04007458435927952,0.3575757575757576,121.03457249126372,70.820725940845,186.12093840993197,0.3212121212121212,0.6787878787878788,3.533333333333333,20.547308509351055
all,wait,s05_k05,push_or_calendar,"первый пуш, иначе календарь, иначе срок",330,66,6.849102836450352,-44.8895912279123,54.95759441634331,6.03484749644473,-20.716731522426215,32.5164037040508,0.04007458435927952,0.3575757575757576,121.03457249126372,70.820725940845,186.12093840993197,0.3212121212121212,0.6787878787878788,3.533333333333333,20.547308509351055
all,wait,s05_k05,oracle,оракул: лучший день окна,330,66,150.72614290857305,108.00028276093589,200.18213703986783,150.59039520761303,120.3589627825441,186.93831646658572,1.0,0.8,188.4076786357163,140.83439795961525,243.64866006232273,0.0,1.0,2.8181818181818183,452.17842872571913
all,wait,s05_k10,habit,привычка: первый день окна,330,66,0.0,0.0,0.0,-22.534371404374678,-65.52530066517642,23.843372688706584,-0.09534119638940676,0.0,,,,0.0,1.0,0.0,0.0
all,wait,s05_k10,deadline,ждать до срока,330,66,72.3129007763403,-16.503982168967656,161.27953267804315,43.29953925757398,-11.12835439179928,101.98819913038707,0.18319702830165305,1.0,72.3129007763403,-16.503982168967656,161.27953267804315,0.4393939393939394,0.5606060606060606,10.0,216.93870232902088
all,wait,s05_k10,random,случайный день окна,330,66,26.517727729734162,-19.97096328868233,69.99318186137194,0.0,0.0,0.0,0.0,,,,,0.38181818181818183,0.6181818181818182,,79.55318318920249
all,wait,s05_k10,calendar25,"календарь: первый день с 25-го, иначе срок",330,66,72.3129007763403,-16.503982168967656,161.27953267804315,43.29953925757398,-11.12835439179928,101.98819913038707,0.18319702830165305,0.030303030303030304,164.92848104153325,0.0014090696649489587,329.85555301340156,0.4393939393939394,0.5606060606060606,10.0,216.93870232902088
all,wait,s05_k10,screen,"экран: первый день с фактом уровня, иначе срок",330,66,2.2856375229678343,-57.23736805696216,56.57921705454245,-23.55166044510795,-66.4608971417193,19.423477289928208,-0.09964526826595856,0.1696969696969697,250.261941826109,152.07622970340017,384.54276814333,0.32727272727272727,0.6727272727272727,6.218181818181818,6.856912568903502
all,wait,s05_k10,push,"первый пуш потока, иначе срок",330,66,21.392967237466767,-36.927305832700746,73.5496786933053,-5.039337875693786,-37.77608885880683,29.9339006352491,-0.02132105189256907,0.49393939393939396,98.99115022799649,41.4392489861048,158.85253972548378,0.3212121212121212,0.6787878787878788,5.821212121212121,64.17890171240029
all,wait,s05_k10,push_or_calendar,"первый пуш, иначе календарь, иначе срок",330,66,21.392967237466767,-36.927305832700746,73.5496786933053,-5.039337875693786,-37.77608885880683,29.9339006352491,-0.02132105189256907,0.49393939393939396,98.99115022799649,41.4392489861048,158.85253972548378,0.3212121212121212,0.6787878787878788,5.821212121212121,64.17890171240029
all,wait,s05_k10,oracle,оракул: лучший день окна,330,66,264.1831727920552,197.43410603449706,338.75108212638423,236.3550307501537,193.92951585278146,285.67601979427997,1.0,0.8393939393939394,314.73085567284556,241.14080392396093,394.10809103139695,0.0,1.0,5.003030303030303,792.5495183761656
all,wait,s05_k15,habit,привычка: первый день окна,330,66,0.0,0.0,0.0,-29.41612197417497,-85.39516903727718,31.29889332612322,-0.0967571240600523,0.0,,,,0.0,1.0,0.0,0.0
all,wait,s05_k15,deadline,ждать до срока,330,66,86.76103697907068,-37.4270982054077,214.82865930966864,45.3951334117311,-32.52990105180577,132.7473148862595,0.14931616611793988,1.0,86.76103697907068,-37.4270982054077,214.82865930966864,0.41515151515151516,0.5848484848484848,15.0,260.28311093721203
all,wait,s05_k15,random,случайный день окна,330,66,36.04745624333481,-24.1168262790477,92.87442061079558,0.0,0.0,0.0,0.0,,,,,0.403030303030303,0.5969696969696969,,108.14236873000442
all,wait,s05_k15,calendar25,"календарь: первый день с 25-го, иначе срок",330,66,111.13675266141693,-2.8846424975941285,226.4158113131455,70.01254404988792,8.824887849455685,137.01413362672392,0.23028910528526175,1.0,111.13675266141693,-2.8846424975941285,226.4158113131455,0.403030303030303,0.5969696969696969,13.545454545454545,333.4102579842508
all,wait,s05_k15,screen,"экран: первый день с фактом уровня, иначе срок",330,66,32.63982558195853,-67.0908315961737,140.7457365989368,-3.8649395289804955,-81.88254558448833,85.07678173724686,-0.012712771378173969,0.20303030303030303,247.7543294147061,162.97004943520983,365.26965675516453,0.2727272727272727,0.7272727272727273,8.924242424242424,97.9194767458756
all,wait,s05_k15,push,"первый пуш потока, иначе срок",330,66,58.4589109507064,-23.703328970558342,156.4910470675394,22.540551994570837,-33.663894752807224,99.88274673130424,0.07414162164664191,0.6787878787878788,92.95986633690612,23.04436573773988,165.30597186911328,0.30606060606060603,0.693939393939394,7.36060606060606,175.37673285211918
all,wait,s05_k15,push_or_calendar,"первый пуш, иначе календарь, иначе срок",330,66,55.31379839454648,-19.33184709338204,138.03626234296786,19.726734011509237,-29.463277650655225,80.72225454936654,0.06488625698951554,0.8787878787878788,62.943287828277015,-21.635876725545632,156.83195240651256,0.30606060606060603,0.693939393939394,7.057575757575758,165.94139518363946
all,wait,s05_k15,oracle,оракул: лучший день окна,330,66,342.8196262458412,250.2528661616418,452.38926422366626,304.020218252021,244.03253491825546,383.60345798822766,1.0,0.8575757575757575,399.75433449161693,296.84859318347884,510.36424017818206,0.0,1.0,7.03030303030303,1028.4588787375235
all,wait,s10_k05,habit,привычка: первый день окна,330,66,0.0,0.0,0.0,-40.053335531892266,-81.17300147328586,-2.030106055497063,-0.3046761278461119,0.0,,,,0.0,1.0,0.0,0.0
all,wait,s10_k05,deadline,ждать до срока,330,66,70.29623323208108,-2.979576173032636,150.9179288525426,24.8989531191342,-12.31356524748367,63.817509507051504,0.18940037135532126,1.0,70.29623323208108,-2.979576173032636,150.9179288525426,0.34545454545454546,0.6545454545454545,5.0,210.88869969624324
all,wait,s10_k05,random,случайный день окна,330,66,43.139885498523775,3.546187633971953,85.90567063238255,0.0,0.0,0.0,0.0,,,,,0.3,0.7,,129.41965649557133
all,wait,s10_k05,calendar25,"календарь: первый день с 25-го, иначе срок",330,66,70.29623323208108,-2.979576173032636,150.9179288525426,24.8989531191342,-12.31356524748367,63.817509507051504,0.18940037135532126,0.0,,,,0.34545454545454546,0.6545454545454545,5.0,210.88869969624324
all,wait,s10_k05,screen,"экран: первый день с фактом уровня, иначе срок",330,66,26.840889845505167,-30.558404968543922,92.40063129442001,-16.878750525178216,-52.36761930926716,21.983095142704528,-0.1283926116165056,0.11515151515151516,152.0625776858458,86.58484212286983,227.16542584111116,0.2727272727272727,0.7272727272727273,3.2848484848484847,80.52266953651551
all,wait,s10_k05,push,"первый пуш потока, иначе срок",330,66,47.39175288915912,-15.034742502249658,118.08117038783969,2.921196024214269,-26.030365537243757,37.146861102191934,0.022220838327644085,0.403030303030303,106.19570724852463,63.74139789446917,154.50239344496163,0.3090909090909091,0.6909090909090909,3.5484848484848484,142.17525866747735
all,wait,s10_k05,push_or_calendar,"первый пуш, иначе календарь, иначе срок",330,66,47.39175288915912,-15.034742502249658,118.08117038783969,2.921196024214269,-26.030365537243757,37.146861102191934,0.022220838327644085,0.403030303030303,106.19570724852463,63.74139789446917,154.50239344496163,0.3090909090909091,0.6909090909090909,3.5484848484848484,142.17525866747735
all,wait,s10_k05,oracle,оракул: лучший день окна,330,66,176.257832519824,119.09766010917103,245.5764042405383,131.46200791984168,105.5220570837485,164.3273439287651,1.0,0.7696969696969697,228.9963965808737,164.99212218872034,307.6352460392138,0.0,1.0,2.581818181818182,528.7734975594719
all,wait,s10_k10,habit,привычка: первый день окна,330,66,0.0,0.0,0.0,-56.61343019953113,-122.38835296469705,3.9919575523522535,-0.2483859350930208,0.0,,,,0.0,1.0,0.0,0.0
all,wait,s10_k10,deadline,ждать до срока,330,66,121.27181292699038,6.529270346924584,250.4137699881211,51.241227044741656,-6.702426889168526,114.21750287948694,0.2248159147037049,1.0,121.27181292699038,6.529270346924584,250.4137699881211,0.36363636363636365,0.6363636363636364,10.0,363.81543878097114
all,wait,s10_k10,random,случайный день окна,330,66,64.3847882910954,1.660492076996296,135.21778377301607,0.0,0.0,0.0,0.0,,,,,0.3303030303030303,0.6696969696969697,,193.15436487328623
all,wait,s10_k10,calendar25,"календарь: первый день с 25-го, иначе срок",330,66,119.80507289856878,6.124365283164658,249.55827759162014,49.73943379271841,-8.565485852042515,113.52461127692554,0.2182269424420794,0.4696969696969697,74.63803942588343,-87.71897392544558,246.94315833731986,0.36363636363636365,0.6363636363636364,9.924242424242424,359.41521869570636
all,wait,s10_k10,screen,"экран: первый день с фактом уровня, иначе срок",330,66,61.61635408086864,-27.519875072503414,165.15569304001735,-3.708471948101194,-62.712579498872316,58.19549983069884,-0.016270561055015887,0.15454545454545454,195.04957546838898,127.91925684826555,268.5146250997703,0.23636363636363636,0.7636363636363637,6.239393939393939,184.84906224260592
all,wait,s10_k10,push,"первый пуш потока, иначе срок",330,66,71.49614345732638,-13.110452597288948,175.78267647453842,5.332879044514334,-34.21541686961733,54.3811035643559,0.02339748966881428,0.6454545454545455,78.61391464780586,19.323356499508503,137.53431458506793,0.2878787878787879,0.7121212121212122,5.666666666666667,214.48843037197915
all,wait,s10_k10,push_or_calendar,"первый пуш, иначе календарь, иначе срок",330,66,70.6739249788369,-13.842433547197482,175.00553380499568,4.496376723222417,-34.952674016051155,53.989820281960164,0.019727416851299397,0.7424242424242424,38.8896958560234,-29.40074463867099,107.32660739632483,0.2878787878787879,0.7121212121212122,5.654545454545454,212.0217749365107
all,wait,s10_k10,oracle,оракул: лучший день окна,330,66,296.7423716880757,204.85734823360318,415.11324844217125,227.92526548787612,184.04693632633933,281.7982041277758,1.0,0.8454545454545455,350.98560092137984,249.00954227219916,471.08690869420917,0.0,1.0,5.154545454545454,890.2271150642272
all,wait,s10_k15,habit,привычка: первый день окна,325,65,0.0,0.0,0.0,-54.25582922225666,-136.7571011684972,28.77360836390101,-0.18075932660317168,0.0,,,,0.0,1.0,0.0,0.0
all,wait,s10_k15,deadline,ждать до срока,325,65,63.44360820619873,-95.17130523856838,247.46423598930764,-14.627784366218672,-97.93283594357655,82.0753350815265,-0.0487340897676195,1.0,63.44360820619873,-95.17130523856838,247.46423598930764,0.4,0.6,15.0,190.3308246185962
all,wait,s10_k15,random,случайный день окна,325,65,67.61642739185068,-16.015430231985917,156.6957571218056,0.0,0.0,0.0,0.0,,,,,0.3261538461538461,0.6738461538461539,,202.84928217555205
all,wait,s10_k15,calendar25,"календарь: первый день с 25-го, иначе срок",325,65,143.22816400260672,23.977994329562804,273.87112967139717,70.29456254116542,28.117873073876456,114.90688866752836,0.23419414966001878,1.0,143.22816400260672,23.977994329562804,273.87112967139717,0.3169230769230769,0.683076923076923,10.461538461538462,429.68449200782015
all,wait,s10_k15,screen,"экран: первый день с фактом уровня, иначе срок",325,65,40.996105761972565,-103.45628543406114,223.03546978336865,-34.21510416992905,-116.61450081152225,61.75388287789509,-0.11399142319027865,0.19076923076923077,213.17540407281646,151.17922126235393,281.46374495544137,0.25846153846153846,0.7415384615384616,9.12,122.9883172859177
all,wait,s10_k15,push,"первый пуш потока, иначе срок",325,65,85.16721488879998,-28.84590911570861,247.1846734028914,12.939232625152105,-39.888714096483234,89.11524164518984,0.043108491928178526,0.6861538461538461,146.17458896489913,32.51096603847129,297.14383276336076,0.28,0.72,6.858461538461539,255.5016446663999
all,wait,s10_k15,push_or_calendar,"первый пуш, иначе календарь, иначе срок",325,65,94.07868272804883,-6.884706561816606,233.16240424984824,24.535840878075895,-25.940512833615163,88.19643081821918,0.08174388150249162,0.9015384615384615,104.35348766763096,-7.387846312457671,257.6754397652109,0.27076923076923076,0.7292307692307692,5.898461538461539,282.23604818414645
all,wait,s10_k15,oracle,оракул: лучший день окна,325,65,374.74906110181826,246.09037404307603,534.044181727792,300.1550749376639,232.88015440786717,387.0284062484778,1.0,0.8892307692307693,421.43060504529734,282.90864063461083,611.2352903193216,0.0,1.0,7.184615384615385,1124.2471833054547
all,wait,s15_k05,habit,привычка: первый день окна,330,66,0.0,0.0,0.0,-8.755553147833586,-43.80332192124585,26.697145422206887,-0.06491957984546493,0.0,,,,0.0,1.0,0.0,0.0
all,wait,s15_k05,deadline,ждать до срока,330,66,22.48911249879602,-46.41549397406211,90.2949338952553,9.750536353134299,-29.180699471742976,48.47078633040041,0.07229705680788835,1.0,22.48911249879602,-46.41549397406211,90.2949338952553,0.43636363636363634,0.5636363636363636,5.0,67.46733749638805
all,wait,s15_k05,random,случайный день окна,330,66,11.074987854171221,-24.51654928575396,46.559664909131016,0.0,0.0,0.0,0.0,,,,,0.44545454545454544,0.5545454545454546,,33.224963562513665
all,wait,s15_k05,calendar25,"календарь: первый день с 25-го, иначе срок",330,66,22.48911249879602,-46.41549397406211,90.2949338952553,9.750536353134299,-29.180699471742976,48.47078633040041,0.07229705680788835,0.0,,,,0.43636363636363634,0.5636363636363636,5.0,67.46733749638805
all,wait,s15_k05,screen,"экран: первый день с фактом уровня, иначе срок",330,66,2.127940540872726,-52.7964403432359,54.15679804576326,-9.61872265353117,-42.589214539071435,20.22832838952273,-0.07131970108271309,0.045454545454545456,278.3397107964161,132.40944213958693,423.875749292152,0.2878787878787879,0.7121212121212122,3.103030303030303,6.383821622618178
all,wait,s15_k05,push,"первый пуш потока, иначе срок",330,66,7.487589183144887,-47.73186672045105,58.63656761167036,-4.537121083257549,-32.22116437866147,17.36470979790118,-0.03364127765085427,0.45454545454545453,58.53271578369378,22.95709549180875,95.64906765589286,0.38484848484848483,0.6151515151515151,3.606060606060606,22.46276754943466
all,wait,s15_k05,push_or_calendar,"первый пуш, иначе календарь, иначе срок",330,66,7.487589183144887,-47.73186672045105,58.63656761167036,-4.537121083257549,-32.22116437866147,17.36470979790118,-0.03364127765085427,0.45454545454545453,58.53271578369378,22.95709549180875,95.64906765589286,0.38484848484848483,0.6151515151515151,3.606060606060606,22.46276754943466
all,wait,s15_k05,oracle,оракул: лучший день окна,330,66,146.64394182209716,97.7063653995468,201.8130478623123,134.867680423616,107.16296021439236,164.58470753450248,1.0,0.703030303030303,208.5883655228106,143.42906653045532,276.11798021249655,0.0,1.0,2.412121212121212,439.9318254662915
all,wait,s15_k10,habit,привычка: первый день окна,330,66,0.0,0.0,0.0,-3.575679345192708,-59.108447132712826,53.588181662328545,-0.015885904367232216,0.0,,,,0.0,1.0,0.0,0.0
all,wait,s15_k10,deadline,ждать до срока,330,66,-3.6934737281064174,-132.6293254629601,128.99893446326686,-20.39177736249406,-96.9435396532389,57.391054667399565,-0.09059588228849222,1.0,-3.6934737281064174,-132.6293254629601,128.99893446326686,0.49393939393939396,0.5060606060606061,10.0,-11.080421184319253
all,wait,s15_k10,random,случайный день окна,330,66,9.92517021074032,-47.58261105842956,69.60614841539528,0.0,0.0,0.0,0.0,,,,,0.47878787878787876,0.5212121212121212,,29.775510632220964
all,wait,s15_k10,calendar25,"календарь: первый день с 25-го, иначе срок",330,66,60.388767085568205,-21.64083454669774,152.9970986859405,47.83728410949927,13.989825811095512,85.646242309253,0.21252982921226307,1.0,60.388767085568205,-21.64083454669774,152.9970986859405,0.44242424242424244,0.5575757575757576,7.0606060606060606,181.1663012567046
all,wait,s15_k10,screen,"экран: первый день с фактом уровня, иначе срок",330,66,7.705187686884661,-104.85524688876055,129.51068763966327,-6.842319144395111,-77.1912136997137,63.2643322974375,-0.030398818541734984,0.09696969696969697,275.5868331670663,164.57489039282834,420.33564528566757,0.296969696969697,0.703030303030303,5.966666666666667,23.115563060653983
all,wait,s15_k10,push,"первый пуш потока, иначе срок",330,66,34.18707276060656,-48.967692223080086,144.5008588149666,21.583514151990318,-17.305066448444368,77.968018833947,0.09589048922641649,0.6515151515151515,65.50141483952521,4.687166680179404,134.26698915602537,0.38181818181818183,0.6181818181818182,5.275757575757575,102.56121828181968
all,wait,s15_k10,push_or_calendar,"первый пуш, иначе календарь, иначе срок",330,66,43.63397711747522,-23.71559181171908,133.4774941301331,32.92221991431522,-1.680636905772715,76.41104184670588,0.14626569852214,0.9090909090909091,47.99737482922274,-26.017603391593045,146.97580754317866,0.3878787878787879,0.6121212121212121,4.533333333333333,130.90193135242566
all,wait,s15_k10,oracle,оракул: лучший день окна,330,66,236.97907048523084,153.07698149791133,346.3823862902579,225.08503529507865,173.36493833571836,288.34822518121257,1.0,0.7545454545454545,314.0686476310288,204.9912588159903,441.6588407866363,0.0,1.0,4.345454545454546,710.9372114556925
all,wait,s15_k15,habit,привычка: первый день окна,325,65,0.0,0.0,0.0,10.808790473664907,-68.03543163136834,91.23378128027208,0.03556142200843195,0.0,,,,0.0,1.0,0.0,0.0
all,wait,s15_k15,deadline,ждать до срока,325,65,-36.92812963582401,-188.27366465546228,129.37572770874775,-48.719803435005495,-143.85497391967164,45.65377249813535,-0.16029041309861136,1.0,-36.92812963582401,-188.27366465546228,129.37572770874775,0.5076923076923077,0.49230769230769234,15.0,-110.78438890747202
all,wait,s15_k15,random,случайный день окна,325,65,1.7476289488803223,-75.84139576282641,83.62098433160408,0.0,0.0,0.0,0.0,,,,,0.48923076923076925,0.5107692307692308,,5.2428868466409675
all,wait,s15_k15,calendar25,"календарь: первый день с 25-го, иначе срок",325,65,67.93690207612117,-15.54307755246033,154.5902603588658,67.03862710695778,28.475970888948797,108.53646034880384,0.22056019267140983,1.0,67.93690207612117,-15.54307755246033,154.5902603588658,0.4338461538461538,0.5661538461538461,7.046153846153846,203.81070622836353
all,wait,s15_k15,screen,"экран: первый день с фактом уровня, иначе срок",325,65,-3.709286767663113,-139.6376622849642,148.06290212145407,-12.893650289552642,-92.7976912754939,61.85686742278158,-0.042420707505902315,0.12923076923076923,289.12037468992787,164.2018780142624,466.41216444141236,0.28923076923076924,0.7107692307692308,8.772307692307692,-11.127860302989339
all,wait,s15_k15,push,"первый пуш потока, иначе срок",325,65,33.8197091042938,-58.97074856552983,160.49426081993678,30.315892758141374,-12.986928841513684,81.72139857467374,0.09974069333301555,0.6984615384615385,88.02234834201876,1.9963341771544458,202.15308811068863,0.36615384615384616,0.6338461538461538,6.446153846153846,101.4591273128814
all,wait,s15_k15,push_or_calendar,"первый пуш, иначе календарь, иначе срок",325,65,58.403344259382685,-17.62489527737627,161.0531612041058,58.73516243792512,10.149848394774565,116.61573144577224,0.19324140876612295,0.9107692307692308,64.12529352803843,-19.286441063421208,177.70670981224615,0.37538461538461537,0.6246153846153846,4.772307692307693,175.21003277814805
all,wait,s15_k15,oracle,оракул: лучший день окна,325,65,306.5521993379686,198.64326519703815,442.8688566305018,303.9470826307801,233.84809486521235,386.8039133954522,1.0,0.8184615384615385,374.5468600933827,244.0345728734203,532.0995849709112,0.0,1.0,6.8,919.6565980139058
all,wait,s20_k05,habit,привычка: первый день окна,330,66,0.0,0.0,0.0,5.562126785737469,-39.51323533599686,54.753414208498356,0.0402794816379723,0.0,,,,0.0,1.0,0.0,0.0
all,wait,s20_k05,deadline,ждать до срока,330,66,-16.49905672986932,-102.3750606506846,61.903516368015616,-17.969763616345865,-64.36794676178354,23.8102569110768,-0.1301323740910263,1.0,-16.49905672986932,-102.3750606506846,61.903516368015616,0.39090909090909093,0.6090909090909091,5.0,-49.49717018960796
all,wait,s20_k05,random,случайный день окна,330,66,-1.5008820112016228,-48.56184422974041,42.42866098468368,0.0,0.0,0.0,0.0,,,,,0.36666666666666664,0.6333333333333333,,-4.502646033604869
all,wait,s20_k05,calendar25,"календарь: первый день с 25-го, иначе срок",330,66,42.80544559680623,-13.839442961198117,101.00986033309272,43.74533850054602,18.94233059290029,71.23911714118177,0.3167924117439911,1.0,42.80544559680623,-13.839442961198117,101.00986033309272,0.36363636363636365,0.6363636363636364,3.4696969696969697,128.41633679041868
all,wait,s20_k05,screen,"экран: первый день с фактом уровня, иначе срок",330,66,7.593113394700313,-58.547734627505434,65.19757106127257,8.283925128768987,-25.244200139970935,43.22281565978835,0.05999004031518978,0.07272727272727272,201.40146755252098,117.24094602350509,306.81582829408404,0.2515151515151515,0.7484848484848485,3.278787878787879,22.77934018410094
all,wait,s20_k05,push,"первый пуш потока, иначе срок",330,66,2.7421270044723625,-58.56302505693166,59.1864146443101,3.0684259252112214,-20.707683264821906,26.667762170172992,0.0222207458537169,0.4666666666666667,62.23700313113709,13.619509032495463,112.6732337430073,0.3090909090909091,0.6909090909090909,3.1424242424242426,8.226381013417088
all,wait,s20_k05,push_or_calendar,"первый пуш, иначе календарь, иначе срок",330,66,24.96695679297057,-22.312954973586603,75.47846635031473,26.589363619170808,5.803575325634197,50.43675015552305,0.19255328490714316,0.8363636363636363,29.851796165508304,-27.30524225481374,90.7752844967678,0.3090909090909091,0.6909090909090909,2.5484848484848484,74.90087037891172
all,wait,s20_k05,oracle,оракул: лучший день окна,330,66,135.0902507856691,94.28432937266378,182.80071269616278,138.0883407519807,103.85170103560752,177.58225763819866,1.0,0.7424242424242424,181.95829697661554,131.6836505314302,241.86024531259906,0.0,1.0,2.4,405.27075235700727
all,wait,s20_k10,habit,привычка: первый день окна,325,65,0.0,0.0,0.0,22.574829494588293,-49.60315019394901,106.94876567404347,0.09491172644571517,0.0,,,,0.0,1.0,0.0,0.0
all,wait,s20_k10,deadline,ждать до срока,325,65,-38.78958884581711,-161.39228388351205,78.3505571348366,-33.80645446284151,-90.28442227094462,25.032194213285774,-0.14213303178417902,1.0,-38.78958884581711,-161.39228388351205,78.3505571348366,0.5446153846153846,0.4553846153846154,10.0,-116.36876653745132
all,wait,s20_k10,random,случайный день окна,325,65,-11.201181159523605,-88.24019665366113,59.32236812683927,0.0,0.0,0.0,0.0,,,,,0.4523076923076923,0.5476923076923077,,-33.60354347857082
all,wait,s20_k10,calendar25,"календарь: первый день с 25-го, иначе срок",325,65,47.29288559092535,-7.9081373001259605,104.02100016958437,62.62144842706295,24.016462065336693,110.64827662507292,0.2632803842070504,1.0,47.29288559092535,-7.9081373001259605,104.02100016958437,0.35384615384615387,0.6461538461538462,3.476923076923077,141.87865677277605
all,wait,s20_k10,screen,"экран: первый день с фактом уровня, иначе срок",325,65,-1.8172982759754428,-111.2637621737859,104.13862161528283,6.255640389694126,-54.52537413332483,64.08743257929034,0.026300691642067445,0.12923076923076923,224.82297308233575,144.58785329285993,335.10261652342035,0.3323076923076923,0.6676923076923077,6.224615384615385,-5.451894827926329
all,wait,s20_k10,push,"первый пуш потока, иначе срок",325,65,-3.1964443257001536,-112.13861457483155,99.64248540074314,4.51201375000075,-47.62328965000853,54.081740340050196,0.018969933520961317,0.5661538461538461,93.6210797989903,19.637715717434666,190.92278707624595,0.36,0.64,4.7446153846153845,-9.58933297710046
all,wait,s20_k10,push_or_calendar,"первый пуш, иначе календарь, иначе срок",325,65,44.89559109004072,-13.697636162250529,115.94034252900155,59.818553840951445,18.383265230933166,107.15416565024644,0.2514961284598713,0.84,53.44713225004847,-16.008458679275293,137.0899060037206,0.30153846153846153,0.6984615384615385,2.9261538461538463,134.68677327012216
all,wait,s20_k10,oracle,оракул: лучший день окна,325,65,223.12729102752664,142.53845243760736,324.4449833621584,237.85079399540774,175.65636437536904,315.53937669533417,1.0,0.8061538461538461,276.7800365799472,183.50789300422323,393.22995406220434,0.0,1.0,4.430769230769231,669.3818730825799
all,wait,s20_k15,habit,привычка: первый день окна,325,65,0.0,0.0,0.0,40.61578697624208,-48.44318796780435,140.90159668712374,0.12945970103488036,0.0,,,,0.0,1.0,0.0,0.0
all,wait,s20_k15,deadline,ждать до срока,325,65,-40.67723281960527,-171.7531166152647,107.00710332820809,-23.226181554099373,-91.78805664090542,45.36324027179946,-0.07403166955584035,1.0,-40.67723281960527,-171.7531166152647,107.00710332820809,0.52,0.48,15.0,-122.03169845881582
all,wait,s20_k15,random,случайный день окна,325,65,-23.440560032367866,-115.79582851883617,65.35040335208532,0.0,0.0,0.0,0.0,,,,,0.47692307692307695,0.5230769230769231,,-70.3216800971036
all,wait,s20_k15,calendar25,"календарь: первый день с 25-го, иначе срок",325,65,47.29288559092535,-7.9081373001259605,104.02100016958437,79.69306890984723,21.55717255705426,146.63544962207652,0.25401553542852245,1.0,47.29288559092535,-7.9081373001259605,104.02100016958437,0.35384615384615387,0.6461538461538462,3.476923076923077,141.87865677277605
all,wait,s20_k15,screen,"экран: первый день с фактом уровня, иначе срок",325,65,1.1088344262261594,-115.95524585715577,141.4578022973358,21.473761119232584,-38.08887104348475,86.47983498597405,0.06844596403404475,0.16615384615384615,475.53794908312295,186.47419157263008,916.0217090248624,0.3046153846153846,0.6953846153846154,8.956923076923077,3.326503278678478
all,wait,s20_k15,push,"первый пуш потока, иначе срок",325,65,-7.090484808305883,-109.58779357921873,104.66221641163457,15.249033183284666,-26.101277738212755,57.77175168093382,0.048605121898383,0.5969230769230769,114.23187088649976,17.492626126039458,250.37983819518013,0.3569230769230769,0.6430769230769231,6.061538461538461,-21.271454424917646
all,wait,s20_k15,push_or_calendar,"первый пуш, иначе календарь, иначе срок",325,65,53.3389734051895,-14.783999369858039,142.69050799345754,82.95983582387036,25.39925527311083,147.14926721245615,0.2644281040262319,0.84,63.49877786332083,-17.354969346919255,168.0912593902925,0.3076923076923077,0.6923076923076923,3.233846153846154,160.0169202155685
all,wait,s20_k15,oracle,оракул: лучший день окна,325,65,285.70864986055295,181.86122052582672,423.22603319863174,313.7330509151953,233.55756620624658,414.08678132573755,1.0,0.8492307692307692,336.4322869734772,218.1733002543531,490.520576187096,0.0,1.0,7.196923076923077,857.1259495816588
all,wait,s25_k05,habit,привычка: первый день окна,325,65,0.0,0.0,0.0,63.98224225027583,13.493698319236325,124.47561485852187,0.4016508531834108,0.0,,,,0.0,1.0,0.0,0.0
all,wait,s25_k05,deadline,ждать до срока,325,65,-86.01259305693134,-165.62507736207647,-12.870486668912964,-30.212500658225135,-63.30862413028039,2.1120681000841075,-0.18966007191047096,1.0,-86.01259305693134,-165.62507736207647,-12.870486668912964,0.6246153846153846,0.37538461538461537,5.0,-258.037779170794
all,wait,s25_k05,random,случайный день окна,325,65,-58.08221516902411,-112.5181563599698,-11.038897618820513,0.0,0.0,0.0,0.0,,,,,0.563076923076923,0.4369230769230769,,-174.24664550707234
all,wait,s25_k05,calendar25,"календарь: первый день с 25-го, иначе срок",325,65,0.0,0.0,0.0,63.98224225027583,13.493698319236325,124.47561485852187,0.4016508531834108,0.0,,,,0.0,1.0,0.0,0.0
all,wait,s25_k05,screen,"экран: первый день с фактом уровня, иначе срок",325,65,-47.23931441182238,-118.3577874683937,15.380223128275107,10.395895453230606,-26.82830194831121,50.84512702222926,0.06526061187512718,0.06153846153846154,126.7253443913964,91.12454321478226,177.94456891704385,0.37846153846153846,0.6215384615384615,3.2953846153846156,-141.71794323546715
all,wait,s25_k05,push,"первый пуш потока, иначе срок",325,65,-52.6689141294505,-121.20179088114584,10.372162708095559,4.418740052738595,-23.743118887537214,33.75123228371935,0.02773880141986608,0.3384615384615385,52.16039340026049,-15.375543696538557,133.80552283757433,0.44,0.56,3.4092307692307693,-158.00674238835148
all,wait,s25_k05,push_or_calendar,"первый пуш, иначе календарь, иначе срок",325,65,17.654286997011244,-6.417898648676686,47.28549391112448,80.22918785207739,39.80722815909255,129.29760753949827,0.5036416452075826,0.3384615384615385,52.16039340026049,-15.375543696538557,133.80552283757433,0.08307692307692308,0.916923076923077,0.916923076923077,52.96286099103373
all,wait,s25_k05,oracle,оракул: лучший день окна,325,65,97.02865542103694,58.381095784712876,150.02869884722557,159.2981609354601,114.63052127571491,214.74754545512064,1.0,0.6276923076923077,154.57996574429907,100.64549903313298,229.15438026810432,0.0,1.0,2.0092307692307694,291.08596626311083
all,wait,s25_k10,habit,привычка: первый день окна,325,65,0.0,0.0,0.0,89.86835924307617,15.813501856029756,172.25970462864683,0.33993941681278494,0.0,,,,0.0,1.0,0.0,0.0
all,wait,s25_k10,deadline,ждать до срока,325,65,-68.52444091362905,-188.33374863475333,59.50342295349035,3.936924389885395,-54.14841583513598,70.8205632511908,0.014891957440925235,1.0,-68.52444091362905,-188.33374863475333,59.50342295349035,0.5169230769230769,0.48307692307692307,10.0,-205.57332274088716
all,wait,s25_k10,random,случайный день окна,325,65,-78.16592534424959,-152.69075981232228,-8.476834593528467,0.0,0.0,0.0,0.0,,,,,0.5907692307692308,0.40923076923076923,,-234.49777603274873
all,wait,s25_k10,calendar25,"календарь: первый день с 25-го, иначе срок",325,65,0.0,0.0,0.0,89.86835924307617,15.813501856029756,172.25970462864683,0.33993941681278494,0.0,,,,0.0,1.0,0.0,0.0
all,wait,s25_k10,screen,"экран: первый день с фактом уровня, иначе срок",325,65,-37.19897503880642,-136.47866000354483,70.25024132697489,39.51075614476318,-17.53469807680036,101.45097866355925,0.14945486392328627,0.11692307692307692,359.30779627823887,124.04540132688003,803.1131493558303,0.3169230769230769,0.683076923076923,6.316923076923077,-111.59692511641926
all,wait,s25_k10,push,"первый пуш потока, иначе срок",325,65,-74.29479124702058,-158.94325770073408,5.0456508261401725,3.127909405350087,-33.9991216324943,37.11678761740576,0.011831747102691813,0.4646153846153846,30.010735083138215,-51.10466774438318,129.6527553807998,0.4153846153846154,0.5846153846153846,5.603076923076923,-222.88437374106175
all,wait,s25_k10,push_or_calendar,"первый пуш, иначе календарь, иначе срок",325,65,13.943449223242673,-22.55936180370758,63.773840535960275,100.41390684294804,44.01862457800474,170.35684521244647,0.37982939957496714,0.4646153846153846,30.010735083138215,-51.10466774438318,129.6527553807998,0.15692307692307692,0.8430769230769231,1.88,41.83034766972802
all,wait,s25_k10,oracle,оракул: лучший день окна,325,65,179.38773504440246,107.78262476817687,271.3818908243405,264.3658099012667,193.64766590528262,350.99246864230196,1.0,0.7261538461538461,247.03819444674068,155.92760567052744,367.0588215388065,0.0,1.0,4.356923076923077,538.1632051332074
all,wait,s25_k15,habit,привычка: первый день окна,325,65,0.0,0.0,0.0,88.06016775120702,8.164063696008329,173.99144313672824,0.2583372786686972,0.0,,,,0.0,1.0,0.0,0.0
all,wait,s25_k15,deadline,ждать до срока,325,65,-22.80540852558203,-133.57646242499112,104.99712965943378,48.941237875698114,-15.451302706507983,122.38387125916982,0.14357622214854254,1.0,-22.80540852558203,-133.57646242499112,104.99712965943378,0.49230769230769234,0.5076923076923077,15.0,-68.41622557674609
all,wait,s25_k15,random,случайный день окна,325,65,-74.60340113121488,-153.9700974948045,3.621540757693811,0.0,0.0,0.0,0.0,,,,,0.556923076923077,0.4430769230769231,,-223.81020339364466
all,wait,s25_k15,calendar25,"календарь: первый день с 25-го, иначе срок",325,65,0.0,0.0,0.0,88.06016775120702,8.164063696008329,173.99144313672824,0.2583372786686972,0.0,,,,0.0,1.0,0.0,0.0
all,wait,s25_k15,screen,"экран: первый день с фактом уровня, иначе срок",325,65,-38.6533045091501,-128.3183167626081,59.14699245668479,36.96246633146738,-18.74394464694632,95.8889993903014,0.10843475783435293,0.18153846153846154,331.80124645836065,162.30179304339225,598.5770847808177,0.31076923076923074,0.6892307692307692,9.036923076923078,-115.95991352745028
all,wait,s25_k15,push,"первый пуш потока, иначе срок",325,65,-69.66583705133337,-143.67196748228812,5.29735367342378,7.248871731473287,-32.62455730938156,48.72491855763701,0.021265616956556252,0.5230769230769231,34.340361371902915,-49.58887894009413,129.0158037689756,0.40923076923076923,0.5907692307692308,7.323076923076923,-208.9975111540001
all,wait,s25_k15,push_or_calendar,"первый пуш, иначе календарь, иначе срок",325,65,17.962650563764598,-25.247731565268886,70.98978304205399,101.95998670596772,40.328723357120246,173.17229887615107,0.2991144142847174,0.5230769230769231,34.340361371902915,-49.58887894009413,129.0158037689756,0.1753846153846154,0.8246153846153846,2.6153846153846154,53.88795169129379
all,wait,s25_k15,oracle,оракул: лучший день окна,325,65,259.90736046631844,172.52934325733045,373.70492272189784,340.87286281334235,268.66621013246055,426.0508676936883,1.0,0.7815384615384615,332.55863051792716,226.6493157200068,455.27801305003635,0.0,1.0,7.409230769230769,779.7220813989553
all,wait,all,habit,привычка: первый день окна,4915,66,0.0,0.0,0.0,7.019494958921326,-36.07827413262965,54.61426042529548,0.03039605984254051,0.0,,,,0.0,1.0,0.0,0.0
all,wait,all,deadline,ждать до срока,4915,66,9.62763759055813,-73.91740304000403,98.64149045266345,3.768937143371052,-37.12526289922681,47.18078956576093,0.01632038196809027,1.0,9.62763759055813,-73.91740304000403,98.64149045266345,0.45818921668362156,0.5418107833163784,9.984740590030519,28.88291277167439
all,wait,all,random,случайный день окна,4915,66,1.11500011180425,-44.212320349376746,45.25759310631518,0.0,0.0,0.0,0.0,,,,,0.43275686673448627,0.5672431332655138,,3.34500033541275
all,wait,all,calendar25,"календарь: первый день с 25-го, иначе срок",4915,66,54.89561106541785,0.7091235786048486,113.96035759869412,54.99446414538242,23.485903835754904,87.25111086636849,0.2381389306430055,0.49949135300101727,74.67064016071953,-0.5042516593992408,157.09481202440148,0.3100712105798576,0.6899287894201425,5.578840284842319,164.68683319625356
all,wait,all,screen,"экран: первый день с фактом уровня, иначе срок",4915,66,2.970939360294809,-73.85550955701599,86.11802239121386,-0.10540622570690715,-37.367115238679,43.77935359461032,-0.0004564336840631943,0.12980671414038658,265.77856115314063,164.22437543184543,392.3272844579706,0.29643947100712104,0.7035605289928789,6.130620549338759,8.912818080884428
all,wait,all,push,"первый пуш потока, иначе срок",4915,66,10.971468347008525,-49.43148204010637,81.68910176075688,8.630200562204257,-13.84613094993983,41.639800596983164,0.037370792952631196,0.5348931841302136,84.68202501996767,34.60753129429146,150.756480601013,0.34974567650050864,0.6502543234994913,5.222787385554425,32.914405041025574
all,wait,all,push_or_calendar,"первый пуш, иначе календарь, иначе срок",4915,66,38.50139183084185,-7.533005253665891,100.237014535472,39.21460146245485,11.131470935221909,73.20966957770466,0.16980842350192699,0.65940996948118,62.12015691292337,8.181618929647913,135.40235476895435,0.28687690742624616,0.7131230925737538,3.9082400813835196,115.50417549252555
all,wait,all,oracle,оракул: лучший день окна,4915,66,231.62071302868947,169.63873048322608,316.98464436505276,230.934370944265,184.1808921023147,283.7645422529434,1.0,0.7873855544252288,294.16429057778004,219.67558756444348,398.25253354365464,0.0,1.0,4.735910478128179,694.8621390860684
all,accelerate,a05_h15,habit,привычка: первый день окна,330,66,0.0,0.0,0.0,40.88037601561143,4.021226353794544,76.02862195927344,0.2318372742982274,0.0,,,,0.0,1.0,6.484848484848484,0.0
all,accelerate,a05_h15,deadline,ждать до срока,330,66,0.0,0.0,0.0,40.88037601561143,4.021226353794544,76.02862195927344,0.2318372742982274,0.0,,,,0.0,1.0,6.484848484848484,0.0
all,accelerate,a05_h15,random,случайный день окна,330,66,-38.16939991988257,-72.37253074143396,-1.6393202484116258,0.0,0.0,0.0,0.0,,,,,0.503030303030303,0.49696969696969695,,-114.50819975964772
all,accelerate,a05_h15,calendar25,"календарь: первый день с 25-го, иначе срок",330,66,0.0,0.0,0.0,40.88037601561143,4.021226353794544,76.02862195927344,0.2318372742982274,0.0,,,,0.0,1.0,6.484848484848484,0.0
all,accelerate,a05_h15,screen,"экран: первый день с фактом уровня, иначе срок",330,66,-46.84101192726105,-90.14891201677666,-3.2259559742898882,-8.236628264286445,-42.528909901374334,25.21378546658586,-0.04671085817485353,0.40606060606060607,-115.35473086564286,-209.27089614559867,-8.996088770769685,0.2818181818181818,0.7181818181818181,4.318181818181818,-140.52303578178314
all,accelerate,a05_h15,push,"первый пуш потока, иначе срок",330,66,-30.35510098958559,-65.9272326289968,5.161053617501824,8.74933155730617,-17.505865809521563,34.39736538564317,0.0496184570171936,0.5121212121212121,-59.273274121676,-122.59522369576827,7.589917402593491,0.296969696969697,0.703030303030303,4.348484848484849,-91.06530296875677
all,accelerate,a05_h15,push_or_calendar,"первый пуш, иначе календарь, иначе срок",330,66,-30.35510098958559,-65.9272326289968,5.161053617501824,8.74933155730617,-17.505865809521563,34.39736538564317,0.0496184570171936,0.5121212121212121,-59.273274121676,-122.59522369576827,7.589917402593491,0.296969696969697,0.703030303030303,4.348484848484849,-91.06530296875677
all,accelerate,a05_h15,oracle,оракул: лучший день окна,330,66,136.85553374250938,96.1713693031465,182.88445640917195,176.33219739731902,142.64595340617564,217.87535281194656,1.0,0.7272727272727273,188.1763588959504,138.6352695039781,247.50254284487684,0.0,1.0,3.5484848484848484,410.5666012275281
all,accelerate,a05_h20,habit,привычка: первый день окна,330,66,0.0,0.0,0.0,42.00323851972064,-13.962533224517655,102.71224234719205,0.18114259332719154,0.0,,,,0.0,1.0,10.075757575757576,0.0
all,accelerate,a05_h20,deadline,ждать до срока,330,66,0.0,0.0,0.0,42.00323851972064,-13.962533224517655,102.71224234719205,0.18114259332719154,0.0,,,,0.0,1.0,10.075757575757576,0.0
all,accelerate,a05_h20,random,случайный день окна,330,66,-35.990776022433,-94.9501846020961,19.849329638130456,0.0,0.0,0.0,0.0,,,,,0.44242424242424244,0.5575757575757576,,-107.97232806729902
all,accelerate,a05_h20,calendar25,"календарь: первый день с 25-го, иначе срок",330,66,0.0,0.0,0.0,42.00323851972064,-13.962533224517655,102.71224234719205,0.18114259332719154,0.0,,,,0.0,1.0,10.075757575757576,0.0
all,accelerate,a05_h20,screen,"экран: первый день с фактом уровня, иначе срок",330,66,-60.40494797143119,-122.74408402082534,-7.335001389987183,-22.78554107208305,-69.95159228183883,22.95697641952481,-0.09826461353027623,0.44242424242424244,-136.53173171624857,-256.0367804630558,-16.225386022076595,0.25757575757575757,0.7424242424242424,6.336363636363636,-181.21484391429357
all,accelerate,a05_h20,push,"первый пуш потока, иначе срок",330,66,-39.34903430699335,-98.87790526333569,14.334370597719197,-1.827795602609073,-38.192403890736635,34.81568922710885,-0.007882526376464897,0.5909090909090909,-66.59067344260413,-160.33715340125917,21.41720448536047,0.296969696969697,0.703030303030303,5.9393939393939394,-118.04710292098007
all,accelerate,a05_h20,push_or_calendar,"первый пуш, иначе календарь, иначе срок",330,66,-39.34903430699335,-98.87790526333569,14.334370597719197,-1.827795602609073,-38.192403890736635,34.81568922710885,-0.007882526376464897,0.5909090909090909,-66.59067344260413,-160.33715340125917,21.41720448536047,0.296969696969697,0.703030303030303,5.9393939393939394,-118.04710292098007
all,accelerate,a05_h20,oracle,оракул: лучший день окна,330,66,192.4013633407861,145.98299804594825,245.97770575598668,231.8794147097787,187.07790177918804,284.0634763985916,1.0,0.8181818181818182,235.1572218609608,186.22962520563814,291.29453913245624,0.0,1.0,4.918181818181818,577.2040900223583
all,accelerate,a05_h25,habit,привычка: первый день окна,330,66,0.0,0.0,0.0,68.60859651187674,-0.709056289223548,141.93106219822212,0.24276868669102133,0.0,,,,0.0,1.0,13.545454545454545,0.0
all,accelerate,a05_h25,deadline,ждать до срока,330,66,0.0,0.0,0.0,68.60859651187674,-0.709056289223548,141.93106219822212,0.24276868669102133,0.0,,,,0.0,1.0,13.545454545454545,0.0
all,accelerate,a05_h25,random,случайный день окна,330,66,-59.34151771061171,-128.07369751980292,7.142854171542303,0.0,0.0,0.0,0.0,,,,,0.5545454545454546,0.44545454545454544,,-178.02455313183512
all,accelerate,a05_h25,calendar25,"календарь: первый день с 25-го, иначе срок",330,66,0.0,0.0,0.0,68.60859651187674,-0.709056289223548,141.93106219822212,0.24276868669102133,0.0,,,,0.0,1.0,13.545454545454545,0.0
all,accelerate,a05_h25,screen,"экран: первый день с фактом уровня, иначе срок",330,66,-63.48002675415772,-131.61619497769738,-3.0634338471011713,-0.1199520431759042,-65.38240858880572,68.7936428339165,-0.0004244453533265022,0.4666666666666667,-136.02862875890943,-273.1780461585897,-4.786315215596338,0.27575757575757576,0.7242424242424242,8.23030303030303,-190.44008026247317
all,accelerate,a05_h25,push,"первый пуш потока, иначе срок",330,66,-50.27566009440612,-119.06941789358441,15.036061676993546,11.693937743399593,-33.61589993016535,68.74240146903324,0.041378515995735936,0.7363636363636363,-68.27558778252681,-153.24382476627713,20.826852229939544,0.43333333333333335,0.5666666666666667,7.027272727272727,-150.82698028321838
all,accelerate,a05_h25,push_or_calendar,"первый пуш, иначе календарь, иначе срок",330,66,-50.27566009440612,-119.06941789358441,15.036061676993546,11.693937743399593,-33.61589993016535,68.74240146903324,0.041378515995735936,0.7363636363636363,-68.27558778252681,-153.24382476627713,20.826852229939544,0.43333333333333335,0.5666666666666667,7.027272727272727,-150.82698028321838
all,accelerate,a05_h25,oracle,оракул: лучший день окна,330,66,217.49532702137168,164.13916297044736,278.2805980281797,282.6089206438591,231.71232409052692,342.98727686443937,1.0,0.8151515151515152,266.81582868792805,206.22680543559613,330.37601088651655,0.0,1.0,6.633333333333334,652.485981064115
all,accelerate,a10_h15,habit,привычка: первый день окна,330,66,0.0,0.0,0.0,32.51138642045931,6.912000793102428,58.598058643533065,0.31333225198166414,0.0,,,,0.0,1.0,3.393939393939394,0.0
all,accelerate,a10_h15,deadline,ждать до срока,330,66,0.0,0.0,0.0,32.51138642045931,6.912000793102428,58.598058643533065,0.31333225198166414,0.0,,,,0.0,1.0,3.393939393939394,0.0
all,accelerate,a10_h15,random,случайный день окна,330,66,-31.099000195679356,-56.75445890712889,-5.903828991633208,0.0,0.0,0.0,0.0,,,,,0.46060606060606063,0.5393939393939394,,-93.29700058703807
all,accelerate,a10_h15,calendar25,"календарь: первый день с 25-го, иначе срок",330,66,0.0,0.0,0.0,32.51138642045931,6.912000793102428,58.598058643533065,0.31333225198166414,0.0,,,,0.0,1.0,3.393939393939394,0.0
all,accelerate,a10_h15,screen,"экран: первый день с фактом уровня, иначе срок",330,66,-42.15018689376708,-74.22863042830679,-14.096682308648377,-10.600013962749307,-37.25840459224899,15.138889926679873,-0.10215886222235125,0.36363636363636365,-115.91301395785946,-193.27901271807178,-46.44565537158038,0.24545454545454545,0.7545454545454545,2.3515151515151516,-126.45056068130123
all,accelerate,a10_h15,push,"первый пуш потока, иначе срок",330,66,-19.560072363776833,-38.53180731257489,-1.3179330833670662,12.309304044020552,-7.761252097119862,33.93057910789961,0.1186323433445714,0.3303030303030303,-59.218567706847296,-110.51157543125925,-9.596174323127975,0.18181818181818182,0.8181818181818182,2.6424242424242426,-58.68021709133049
all,accelerate,a10_h15,push_or_calendar,"первый пуш, иначе календарь, иначе срок",330,66,-19.560072363776833,-38.53180731257489,-1.3179330833670662,12.309304044020552,-7.761252097119862,33.93057910789961,0.1186323433445714,0.3303030303030303,-59.218567706847296,-110.51157543125925,-9.596174323127975,0.18181818181818182,0.8181818181818182,2.6424242424242426,-58.68021709133049
all,accelerate,a10_h15,oracle,оракул: лучший день окна,330,66,71.78782785768671,51.14458953513126,94.56332350949268,103.76010198388974,85.77307545947052,125.40295265457634,1.0,0.6181818181818182,116.12736859331675,89.04402268967188,144.70695859020933,0.0,1.0,1.996969696969697,215.3634835730601
all,accelerate,a10_h20,habit,привычка: первый день окна,330,66,0.0,0.0,0.0,30.723428484822033,-15.871892543939502,82.00294981642058,0.1812531233440411,0.0,,,,0.0,1.0,6.984848484848484,0.0
all,accelerate,a10_h20,deadline,ждать до срока,330,66,0.0,0.0,0.0,30.723428484822033,-15.871892543939502,82.00294981642058,0.1812531233440411,0.0,,,,0.0,1.0,6.984848484848484,0.0
all,accelerate,a10_h20,random,случайный день окна,330,66,-26.710476908318885,-76.41353080874134,18.838619300309148,0.0,0.0,0.0,0.0,,,,,0.4393939393939394,0.5606060606060606,,-80.13143072495666
all,accelerate,a10_h20,calendar25,"календарь: первый день с 25-го, иначе срок",330,66,0.0,0.0,0.0,30.723428484822033,-15.871892543939502,82.00294981642058,0.1812531233440411,0.0,,,,0.0,1.0,6.984848484848484,0.0
all,accelerate,a10_h20,screen,"экран: первый день с фактом уровня, иначе срок",330,66,-56.67526930238887,-117.44763705113473,-10.266252935340717,-29.250792777444804,-71.25529727432279,10.355130506417204,-0.17256529666994616,0.4,-141.6881732559722,-271.11546691885104,-27.72785270732209,0.22727272727272727,0.7727272727272727,4.503030303030303,-170.0258079071666
all,accelerate,a10_h20,push,"первый пуш потока, иначе срок",330,66,-36.008342950750034,-79.72060689946558,1.5187892981571598,-7.8291758171274415,-40.82326877776887,24.963134936574665,-0.04618828822327,0.5212121212121212,-69.08577426597391,-142.2762806982516,-0.15046395812241545,0.2606060606060606,0.7393939393939394,4.557575757575758,-108.0250288522501
all,accelerate,a10_h20,push_or_calendar,"первый пуш, иначе календарь, иначе срок",330,66,-36.008342950750034,-79.72060689946558,1.5187892981571598,-7.8291758171274415,-40.82326877776887,24.963134936574665,-0.04618828822327,0.5212121212121212,-69.08577426597391,-142.2762806982516,-0.15046395812241545,0.2606060606060606,0.7393939393939394,4.557575757575758,-108.0250288522501
all,accelerate,a10_h20,oracle,оракул: лучший день окна,330,66,140.59540826051577,104.13509946684631,186.15564717698467,169.50564998819428,134.66934952198784,211.09006112862525,1.0,0.7818181818181819,179.83133614717136,139.89740346584193,231.33458105438646,0.0,1.0,3.415151515151515,421.7862247815473
all,accelerate,a10_h25,habit,привычка: первый день окна,330,66,0.0,0.0,0.0,58.03274549528622,-1.1048103731894376,124.15040235125159,0.24872629006417402,0.0,,,,0.0,1.0,10.454545454545455,0.0
all,accelerate,a10_h25,deadline,ждать до срока,330,66,0.0,0.0,0.0,58.03274549528622,-1.1048103731894376,124.15040235125159,0.24872629006417402,0.0,,,,0.0,1.0,10.454545454545455,0.0
all,accelerate,a10_h25,random,случайный день окна,330,66,-50.78765284809675,-112.26056918140551,6.5904991404063065,0.0,0.0,0.0,0.0,,,,,0.5212121212121212,0.47878787878787876,,-152.36295854429025
all,accelerate,a10_h25,calendar25,"календарь: первый день с 25-го, иначе срок",330,66,0.0,0.0,0.0,58.03274549528622,-1.1048103731894376,124.15040235125159,0.24872629006417402,0.0,,,,0.0,1.0,10.454545454545455,0.0
all,accelerate,a10_h25,screen,"экран: первый день с фактом уровня, иначе срок",330,66,-56.349297591168934,-122.3449563129442,-0.7570142595889986,-2.4135591090326094,-63.445478391776604,60.51887891232711,-0.010344428786141707,0.4303030303030303,-130.9525929935616,-280.4454682792292,-1.8209811205787707,0.2636363636363636,0.7363636363636363,6.539393939393939,-169.04789277350682
all,accelerate,a10_h25,push,"первый пуш потока, иначе срок",330,66,-49.925615727306194,-106.46364811609075,2.4462996719419388,3.3503358481049204,-36.6376150310218,52.73891839332027,0.014359420683204312,0.7,-71.32230818186598,-149.58745570173912,0.9256499850526567,0.3787878787878788,0.6212121212121212,5.815151515151515,-149.77684718191858
all,accelerate,a10_h25,push_or_calendar,"первый пуш, иначе календарь, иначе срок",330,66,-49.925615727306194,-106.46364811609075,2.4462996719419388,3.3503358481049204,-36.6376150310218,52.73891839332027,0.014359420683204312,0.7,-71.32230818186598,-149.58745570173912,0.9256499850526567,0.3787878787878788,0.6212121212121212,5.815151515151515,-149.77684718191858
all,accelerate,a10_h25,oracle,оракул: лучший день окна,330,66,178.23350122034168,129.3934296184295,234.94909596449486,233.3197085049319,188.40989658073678,286.9455593147012,1.0,0.7727272727272727,230.6551192263245,172.67750494279963,288.8077919324855,0.0,1.0,5.509090909090909,534.7005036610251
all,accelerate,all,habit,привычка: первый день окна,1980,66,0.0,0.0,0.0,45.45996190796273,2.4416211092289877,90.96129059327669,0.22779222167785318,0.0,,,,0.0,1.0,8.48989898989899,0.0
all,accelerate,all,deadline,ждать до срока,1980,66,0.0,0.0,0.0,45.45996190796273,2.4416211092289877,90.96129059327669,0.22779222167785318,0.0,,,,0.0,1.0,8.48989898989899,0.0
all,accelerate,all,random,случайный день окна,1980,66,-40.34980393417038,-84.65648799528292,1.442142888815437,0.0,0.0,0.0,0.0,,,,,0.4868686868686869,0.5131313131313131,,-121.04941180251114
all,accelerate,all,calendar25,"календарь: первый день с 25-го, иначе срок",1980,66,0.0,0.0,0.0,45.45996190796273,2.4416211092289877,90.96129059327669,0.22779222167785318,0.0,,,,0.0,1.0,8.48989898989899,0.0
all,accelerate,all,screen,"экран: первый день с фактом уровня, иначе срок",1980,66,-54.316790073362476,-105.39305811169534,-11.754162804000421,-12.234414538128688,-52.38162773891032,29.721586135201033,-0.06130459313209429,0.41818181818181815,-129.88797626238852,-233.18332699632316,-26.45616469588624,0.2585858585858586,0.7414141414141414,5.37979797979798,-162.95037022008745
all,accelerate,all,push,"первый пуш потока, иначе срок",1980,66,-37.57897107213635,-79.69669955640359,-0.28569937219865466,4.407656295515787,-23.47483530950139,36.55466946482152,0.022086024224583705,0.5651515151515152,-66.49362173621982,-130.98378744451298,-2.9874480791697473,0.30808080808080807,0.6919191919191919,5.055050505050505,-112.73691321640904
all,accelerate,all,push_or_calendar,"первый пуш, иначе календарь, иначе срок",1980,66,-37.57897107213635,-79.69669955640359,-0.28569937219865466,4.407656295515787,-23.47483530950139,36.55466946482152,0.022086024224583705,0.5651515151515152,-66.49362173621982,-130.98378744451298,-2.9874480791697473,0.30808080808080807,0.6919191919191919,5.055050505050505,-112.73691321640904
all,accelerate,all,oracle,оракул: лучший день окна,1980,66,156.22816024053523,123.2732789715912,195.83525066922724,199.56766553799548,164.92228644249582,240.82629186878424,1.0,0.7555555555555555,206.77256502423776,167.86194324180966,252.0559580212621,0.0,1.0,4.336868686868687,468.68448072160567
