indicator,k,scope,country,corridor,split,window,scenario,h,tol_bps,n_events,n_scored,hit_rate,base_rate,lift,lift_ci_lo,lift_ci_hi,hit_mean,base_mean,lift_mean,benefit_fwd_bps,benefit_random_day_bps,benefit_excess_bps,benefit_excess_ci_lo,benefit_excess_ci_hi,benefit_fwd_ci_lo,benefit_fwd_ci_hi,benefit_fwd_block_ci_lo,benefit_fwd_block_ci_hi,benefit_sym_bps,vs_wait5_bps,freq_per_week,clump_share_series,clump_cv_gaps,longest_gap_days,empty_month_share
holiday:k1:all,1,all,TJ,TJS,0,2021-01…2021-06,BUY_NOW,20,25.0,5,5,0.4,0.15254237288135594,2.6222222222222222,,,0.6,0.5338983050847458,1.1238095238095238,84.46281419213486,-2.594269522656172,87.05708371479103,,,,,,,84.75355358420434,48.63662704303473,0.19337016574585636,0.25,0.7245210472598003,53.0,0.5
holiday:k1:all,1,all,TJ,TJS,1,2021-07…2021-12,BUY_NOW,20,25.0,4,4,0.25,0.17829457364341086,1.4021739130434783,,,0.5,0.5581395348837209,0.8958333333333334,85.3407007166504,33.342203091136966,51.99849762551344,,,,,,,6.97416966099901,26.92735153426912,0.15217391304347827,0.0,0.03225566712736156,57.0,0.3333333333333333
holiday:k1:all,1,all,TJ,TJS,2,2022-01…2022-06,BUY_NOW,20,25.0,5,5,0.0,0.1452991452991453,0.0,,,0.2,0.4700854700854701,0.4254545454545455,-688.2359170565428,-53.00503542290707,-635.2308816336357,,,,,,,-330.9074826443568,-417.3112654524954,0.19337016574585636,0.25,0.7063766073618487,54.0,0.3333333333333333
holiday:k1:all,1,all,TJ,TJS,3,2022-07…2022-12,BUY_NOW,20,25.0,4,4,0.0,0.2846153846153846,0.0,,,0.0,0.6230769230769231,0.0,-219.13147503556775,163.51128752215095,-382.6427625577187,,,,,,,-326.0842258310406,-335.09958611591003,0.15217391304347827,0.0,0.045619792334615966,62.0,0.3333333333333333
holiday:k1:all,1,all,TJ,TJS,4,2023-01…2023-06,BUY_NOW,20,25.0,5,5,0.2,0.4915254237288136,0.4068965517241379,,,0.8,0.7627118644067796,1.048888888888889,233.1427767870322,194.18642689935936,38.95634988767284,,,,,,,114.03677534915337,181.18629070590276,0.19337016574585636,0.0,0.5492540927811237,57.0,0.3333333333333333
holiday:k1:all,1,all,TJ,TJS,5,2023-07…2023-12,BUY_NOW,20,25.0,3,3,0.0,0.24031007751937986,0.0,,,0.0,0.5426356589147286,0.0,-166.55841426833257,-14.369798255992611,-152.18861601233996,,,,,,,-36.953608449132496,-149.43909865972384,0.1141304347826087,0.0,0.012658227848101266,67.0,0.5
holiday:k1:all,1,all,TJ,TJS,6,2024-01…2024-06,BUY_NOW,20,25.0,6,6,0.16666666666666666,0.19658119658119658,0.8478260869565217,,,0.6666666666666666,0.5555555555555556,1.2,-14.659556739370176,16.838282384351277,-31.497839123721455,,,,,,,-6.679372601535725,36.33641551824643,0.23076923076923078,0.0,0.4279588863510496,58.0,0.3333333333333333
holiday:k1:all,1,all,TJ,TJS,7,2024-07…2024-12,BUY_NOW,20,25.0,3,3,0.3333333333333333,0.29770992366412213,1.1196581196581197,,,0.6666666666666666,0.6717557251908397,0.9924242424242423,158.19943907006254,95.96472466495561,62.23471440510693,,,,,,,80.50264263314973,68.03998408288122,0.1141304347826087,0.0,0.037037037037037035,67.0,0.5
holiday:k1:all,1,all,TJ,TJS,8,2025-01…2025-06,BUY_NOW,20,25.0,6,6,0.16666666666666666,0.19658119658119658,0.8478260869565217,,,0.6666666666666666,0.4700854700854701,1.4181818181818182,-31.863844463046473,-112.63640534071882,80.77256087767235,,,,,,,18.852752174592187,-78.30985051602345,0.23204419889502761,0.0,0.4912444130696194,57.0,0.5
holiday:k1:all,1,all,TJ,TJS,9,2025-07…2025-12,BUY_NOW,20,25.0,3,3,0.0,0.2,0.0,,,0.3333333333333333,0.5692307692307692,0.5855855855855856,-88.0033320502808,24.64574363935889,-112.64907568963969,,,,,,,-82.26921233486932,-30.11387889748085,0.1141304347826087,0.0,0.025,69.0,0.5
holiday:k1:all,1,all,TJ,TJS,10,2026-01…2026-06,BUY_NOW,20,25.0,5,5,0.0,0.20512820512820512,0.0,,,0.6,0.5042735042735043,1.1898305084745762,-67.13349359656418,12.647688147121416,-79.7811817436856,,,,,,,-152.47373456294855,-29.819074566422188,0.19337016574585636,0.0,0.5582421956735901,53.0,0.5
holiday:k3:all,3,all,TJ,TJS,0,2021-01…2021-06,BUY_NOW,20,25.0,14,14,0.35714285714285715,0.15254237288135594,2.3412698412698414,,,0.6428571428571429,0.5338983050847458,1.2040816326530612,100.35440213991738,-2.594269522656172,102.94867166257356,,,,,,,98.4888173588372,59.58090150064329,0.5414364640883977,0.7692307692307693,1.7638342073763937,51.0,0.5
holiday:k3:all,3,all,TJ,TJS,1,2021-07…2021-12,BUY_NOW,20,25.0,12,12,0.25,0.17829457364341086,1.4021739130434783,,,0.5833333333333334,0.5581395348837209,1.045138888888889,109.14915402517896,33.342203091136966,75.80695093404199,,,,,,,32.50457782138708,1.1349095515742864,0.4565217391304348,0.7272727272727273,1.4820093195040345,55.0,0.3333333333333333
holiday:k3:all,3,all,TJ,TJS,2,2022-01…2022-06,BUY_NOW,20,25.0,15,15,0.0,0.1452991452991453,0.0,,,0.2,0.4700854700854701,0.4254545454545455,-713.726497622666,-53.00503542290707,-660.7214621997589,,,,,,,-393.1116011621535,-412.71413688816415,0.580110497237569,0.7857142857142857,1.8188641144040054,52.0,0.3333333333333333
holiday:k3:all,3,all,TJ,TJS,3,2022-07…2022-12,BUY_NOW,20,25.0,12,12,0.0,0.2846153846153846,0.0,,,0.0,0.6230769230769231,0.0,-289.57141443846797,163.51128752215095,-453.0827019606189,,,,,,,-414.9184129594435,-349.1099798469972,0.4565217391304348,0.7272727272727273,1.4929075626701582,60.0,0.3333333333333333
holiday:k3:all,3,all,TJ,TJS,4,2023-01…2023-06,BUY_NOW,20,25.0,15,15,0.26666666666666666,0.4915254237288136,0.5425287356321838,,,0.8,0.7627118644067796,1.048888888888889,200.96095428481098,194.18642689935936,6.77452738545162,,,,,,,86.21134010161485,102.91290237321279,0.580110497237569,0.7142857142857143,1.6324276230811392,53.0,0.3333333333333333
holiday:k3:all,3,all,TJ,TJS,5,2023-07…2023-12,BUY_NOW,20,25.0,9,9,0.0,0.24031007751937986,0.0,,,0.0,0.5426356589147286,0.0,-205.51447081108378,-14.369798255992611,-191.14467255509118,,,,,,,-72.6087100689326,-184.85089371179618,0.3423913043478261,0.75,1.561179330602823,65.0,0.5
holiday:k3:all,3,all,TJ,TJS,6,2024-01…2024-06,BUY_NOW,20,25.0,18,18,0.16666666666666666,0.19658119658119658,0.8478260869565217,,,0.6666666666666666,0.5555555555555556,1.2,11.845043915853871,16.838282384351277,-4.993238468497406,,,,,,,20.803674032193,-5.814605368667636,0.6923076923076923,0.7058823529411765,1.4231108335068088,56.0,0.3333333333333333
holiday:k3:all,3,all,TJ,TJS,7,2024-07…2024-12,BUY_NOW,20,25.0,9,9,0.5555555555555556,0.29770992366412213,1.8660968660968662,,,0.7777777777777778,0.6717557251908397,1.1578282828282829,208.35104836715698,95.96472466495561,112.38632370220137,,,,,,,142.22546965559638,144.3757555144931,0.3423913043478261,0.75,1.5667747085561383,65.0,0.5
holiday:k3:all,3,all,TJ,TJS,8,2025-01…2025-06,BUY_NOW,20,25.0,18,18,0.2777777777777778,0.19658119658119658,1.4130434782608696,,,0.6666666666666666,0.4700854700854701,1.4181818181818182,-15.934156758201835,-112.63640534071882,96.70224858251699,,,,,,,43.96307580495042,-36.68291873137552,0.6961325966850829,0.7058823529411765,1.4874885620475278,55.0,0.5
holiday:k3:all,3,all,TJ,TJS,9,2025-07…2025-12,BUY_NOW,20,25.0,9,9,0.2222222222222222,0.2,1.111111111111111,,,0.3333333333333333,0.5692307692307692,0.5855855855855856,-31.276861330366234,24.64574363935889,-55.92260496972513,,,,,,,-29.003181066608533,87.00582864735581,0.3423913043478261,0.75,1.5638312294546772,65.0,0.3333333333333333
holiday:k3:all,3,all,TJ,TJS,10,2026-01…2026-06,BUY_NOW,20,25.0,15,15,0.3333333333333333,0.20512820512820512,1.625,,,0.6,0.5042735042735043,1.1898305084745762,27.62436884141292,12.647688147121416,14.976680694291504,,,,,,,-63.401373503567214,21.98578769433183,0.580110497237569,0.7142857142857143,1.6488196323869517,51.0,0.5
holiday:k5:all,5,all,TJ,TJS,0,2021-01…2021-06,BUY_NOW,20,25.0,22,22,0.2727272727272727,0.15254237288135594,1.7878787878787876,,,0.6818181818181818,0.5338983050847458,1.277056277056277,88.62319856405969,-2.594269522656172,91.21746808671587,,,,,,,85.36638797780417,36.25866878259942,0.8508287292817679,0.8571428571428571,2.1180769579975136,49.0,0.3333333333333333
holiday:k5:all,5,all,TJ,TJS,1,2021-07…2021-12,BUY_NOW,20,25.0,20,20,0.35,0.17829457364341086,1.9630434782608692,,,0.65,0.5581395348837209,1.1645833333333333,127.67368793831247,33.342203091136966,94.3314848471755,,,,,,,55.9391582040823,40.29133548726166,0.7608695652173914,0.8421052631578947,1.9453291638063608,51.0,0.16666666666666666
holiday:k5:all,5,all,TJ,TJS,2,2022-01…2022-06,BUY_NOW,20,25.0,23,23,0.0,0.1452991452991453,0.0,,,0.2608695652173913,0.4700854700854701,0.5549407114624506,-679.7629966982024,-53.00503542290707,-626.7579612752953,,,,,,,-469.0928634707555,-307.53948033890407,0.8895027624309392,0.8636363636363636,2.1324422226696127,50.0,0.3333333333333333
holiday:k5:all,5,all,TJ,TJS,3,2022-07…2022-12,BUY_NOW,20,25.0,20,20,0.05,0.2846153846153846,0.17567567567567569,,,0.15,0.6230769230769231,0.24074074074074073,-154.89514527476874,163.51128752215095,-318.4064327969197,,,,,,,-305.68517683511243,-153.36082112567584,0.7608695652173914,0.8421052631578947,1.9697418136649283,56.0,0.16666666666666666
holiday:k5:all,5,all,TJ,TJS,4,2023-01…2023-06,BUY_NOW,20,25.0,25,25,0.28,0.4915254237288136,0.5696551724137932,,,0.72,0.7627118644067796,0.9440000000000001,175.61415679785424,194.18642689935936,-18.572270101505126,,,,,,,64.11902973011482,52.159937352156845,0.9668508287292817,0.8333333333333334,2.006400016357911,51.0,0.3333333333333333
holiday:k5:all,5,all,TJ,TJS,5,2023-07…2023-12,BUY_NOW,20,25.0,15,15,0.0,0.24031007751937986,0.0,,,0.06666666666666667,0.5426356589147286,0.12285714285714286,-198.23936605167418,-14.369798255992611,-183.86956779568158,,,,,,,-65.10628156108456,-162.79849713760126,0.5706521739130435,0.8571428571428571,2.036572279881822,63.0,0.3333333333333333
holiday:k5:all,5,all,TJ,TJS,6,2024-01…2024-06,BUY_NOW,20,25.0,30,30,0.16666666666666666,0.19658119658119658,0.8478260869565217,,,0.6333333333333333,0.5555555555555556,1.14,13.683954224061392,16.838282384351277,-3.154328160289886,,,,,,,23.34932995350614,-15.955999293285613,1.1538461538461537,0.8275862068965517,1.6792966104150249,52.0,0.3333333333333333
holiday:k5:all,5,all,TJ,TJS,7,2024-07…2024-12,BUY_NOW,20,25.0,15,15,0.5333333333333333,0.29770992366412213,1.7914529914529915,,,0.8666666666666667,0.6717557251908397,1.2901515151515153,210.19868523011283,95.96472466495561,114.23396056515722,,,,,,,159.1726378691137,156.4234544185777,0.5706521739130435,0.8571428571428571,2.0481741383578846,63.0,0.3333333333333333
holiday:k5:all,5,all,TJ,TJS,8,2025-01…2025-06,BUY_NOW,20,25.0,30,30,0.26666666666666666,0.19658119658119658,1.3565217391304347,,,0.6666666666666666,0.4700854700854701,1.4181818181818182,-19.52158856940626,-112.63640534071882,93.11481677131256,,,,,,,48.09768332577746,-17.931497473349246,1.160220994475138,0.8620689655172413,1.7672838742328467,53.0,0.3333333333333333
holiday:k5:all,5,all,TJ,TJS,9,2025-07…2025-12,BUY_NOW,20,25.0,15,15,0.26666666666666666,0.2,1.3333333333333333,,,0.4666666666666667,0.5692307692307692,0.8198198198198199,-0.9342746799366997,24.64574363935889,-25.58001831929559,,,,,,,-3.164074819556494,121.47048602999979,0.5706521739130435,0.8571428571428571,2.0422132407353843,63.0,0.3333333333333333
holiday:k5:all,5,all,TJ,TJS,10,2026-01…2026-06,BUY_NOW,20,25.0,25,25,0.44,0.20512820512820512,2.145,,,0.68,0.5042735042735043,1.3484745762711865,79.92217609642927,12.647688147121416,67.27448794930785,,,,,,,-10.84409577842207,96.26297852114777,0.9668508287292817,0.8333333333333334,2.034084560680799,49.0,0.5
holiday:k1:major,1,major,TJ,TJS,0,2021-01…2021-06,BUY_NOW,20,25.0,2,2,0.5,0.15254237288135594,3.2777777777777777,,,0.5,0.5338983050847458,0.9365079365079365,105.55225212602325,-2.594269522656172,108.14652164867942,,,,,,,92.5089289338965,84.69666134638342,0.07734806629834254,0.0,0.0,67.0,0.6666666666666666
holiday:k1:major,1,major,TJ,TJS,1,2021-07…2021-12,BUY_NOW,20,25.0,3,3,0.3333333333333333,0.17829457364341086,1.8695652173913042,,,0.3333333333333333,0.5581395348837209,0.5972222222222222,40.694986564397595,33.342203091136966,7.352783473260629,,,,,,,-16.988311059004854,26.721484184070913,0.1141304347826087,0.0,0.3620689655172414,113.0,0.5
holiday:k1:major,1,major,TJ,TJS,2,2022-01…2022-06,BUY_NOW,20,25.0,2,2,0.0,0.1452991452991453,0.0,,,0.0,0.4700854700854701,0.0,-1421.5055050792469,-53.00503542290707,-1368.5004696563399,,,,,,,-576.152998380145,-1079.92444350785,0.07734806629834254,0.0,0.0,67.0,0.6666666666666666
holiday:k1:major,1,major,TJ,TJS,3,2022-07…2022-12,BUY_NOW,20,25.0,3,3,0.0,0.2846153846153846,0.0,,,0.0,0.6230769230769231,0.0,-220.96962162198588,163.51128752215095,-384.48090914413683,,,,,,,-392.2169593799063,-346.7690162685099,0.1141304347826087,0.0,0.2903225806451613,113.0,0.5
holiday:k1:major,1,major,TJ,TJS,4,2023-01…2023-06,BUY_NOW,20,25.0,3,3,0.3333333333333333,0.4915254237288136,0.6781609195402298,,,0.6666666666666666,0.7627118644067796,0.8740740740740741,193.2411428774668,194.18642689935936,-0.9452840218925473,,,,,,,-19.266068593217778,142.86320321855507,0.11602209944751381,0.0,0.31343283582089554,70.0,0.5
holiday:k1:major,1,major,TJ,TJS,5,2023-07…2023-12,BUY_NOW,20,25.0,2,2,0.0,0.24031007751937986,0.0,,,0.0,0.5426356589147286,0.0,-77.32574041490581,-14.369798255992611,-62.955942158913196,,,,,,,-49.15344789511721,-176.11659706501194,0.07608695652173914,0.0,0.0,112.0,0.6666666666666666
holiday:k1:major,1,major,TJ,TJS,6,2024-01…2024-06,BUY_NOW,20,25.0,3,3,0.0,0.19658119658119658,0.0,,,0.6666666666666666,0.5555555555555556,1.2,-31.49891341688749,16.838282384351277,-48.337195801238764,,,,,,,-43.35628863256817,45.10467837949283,0.11538461538461539,0.0,0.5087719298245614,71.0,0.5
holiday:k1:major,1,major,TJ,TJS,7,2024-07…2024-12,BUY_NOW,20,25.0,2,2,0.5,0.29770992366412213,1.6794871794871795,,,0.5,0.6717557251908397,0.7443181818181818,63.745289241005636,95.96472466495561,-32.219435423949975,,,,,,,66.7962141970968,109.09824453650852,0.07608695652173914,0.0,0.0,113.0,0.6666666666666666
holiday:k1:major,1,major,TJ,TJS,8,2025-01…2025-06,BUY_NOW,20,25.0,3,3,0.0,0.19658119658119658,0.0,,,0.6666666666666666,0.4700854700854701,1.4181818181818182,-9.096322814894364,-112.63640534071882,103.54008252582446,,,,,,,50.71195853871465,-98.77754882688494,0.11602209944751381,0.0,0.7647058823529411,70.0,0.6666666666666666
holiday:k1:major,1,major,TJ,TJS,9,2025-07…2025-12,BUY_NOW,20,25.0,2,2,0.0,0.2,0.0,,,0.5,0.5692307692307692,0.8783783783783784,-46.00687822770733,24.64574363935889,-70.65262186706622,,,,,,,-65.7664708648864,-47.83798455922306,0.07608695652173914,0.0,0.0,113.0,0.6666666666666666
holiday:k1:major,1,major,TJ,TJS,10,2026-01…2026-06,BUY_NOW,20,25.0,2,2,0.0,0.20512820512820512,0.0,,,0.5,0.5042735042735043,0.9915254237288136,-231.51836871336485,12.647688147121416,-244.16605686048626,,,,,,,-255.08105333819753,-61.042432214602485,0.07734806629834254,0.0,0.0,68.0,0.6666666666666666
holiday:k3:major,3,major,TJ,TJS,0,2021-01…2021-06,BUY_NOW,20,25.0,6,6,0.5,0.15254237288135594,3.2777777777777777,,,0.5,0.5338983050847458,0.9365079365079365,132.744186753588,-2.594269522656172,135.33845627624416,,,,,,,124.88554382104131,136.55888832314278,0.23204419889502761,0.8,1.7368421052631577,65.0,0.6666666666666666
holiday:k3:major,3,major,TJ,TJS,1,2021-07…2021-12,BUY_NOW,20,25.0,9,9,0.3333333333333333,0.17829457364341086,1.8695652173913042,,,0.4444444444444444,0.5581395348837209,0.7962962962962963,77.92238822640499,33.342203091136966,44.580185135268025,,,,,,,19.191917412815968,19.730909991305047,0.3423913043478261,0.75,1.764585054247664,111.0,0.5
holiday:k3:major,3,major,TJ,TJS,2,2022-01…2022-06,BUY_NOW,20,25.0,6,6,0.0,0.1452991452991453,0.0,,,0.0,0.4700854700854701,0.0,-1439.4073054671226,-53.00503542290707,-1386.4022700442156,,,,,,,-657.4581374128285,-858.2307930452961,0.23204419889502761,0.8,1.6875,65.0,0.6666666666666666
holiday:k3:major,3,major,TJ,TJS,3,2022-07…2022-12,BUY_NOW,20,25.0,9,9,0.0,0.2846153846153846,0.0,,,0.0,0.6230769230769231,0.0,-336.11035790443935,163.51128752215095,-499.6216454265903,,,,,,,-528.3632454218788,-419.2600187116316,0.3423913043478261,0.75,1.7197883467659496,111.0,0.5
holiday:k3:major,3,major,TJ,TJS,4,2023-01…2023-06,BUY_NOW,20,25.0,9,9,0.4444444444444444,0.4915254237288136,0.904214559386973,,,0.6666666666666666,0.7627118644067796,0.8740740740740741,216.41710797628235,194.18642689935936,22.23068107692299,,,,,,,2.9246021078347884,160.53530107404262,0.34806629834254144,0.75,1.6477821109959323,66.0,0.5
holiday:k3:major,3,major,TJ,TJS,5,2023-07…2023-12,BUY_NOW,20,25.0,6,6,0.0,0.24031007751937986,0.0,,,0.0,0.5426356589147286,0.0,-136.02910348895398,-14.369798255992611,-121.65930523296137,,,,,,,-107.53931597372794,-216.87514100927413,0.2282608695652174,0.8,1.8765432098765433,110.0,0.6666666666666666
holiday:k3:major,3,major,TJ,TJS,6,2024-01…2024-06,BUY_NOW,20,25.0,9,9,0.1111111111111111,0.19658119658119658,0.5652173913043478,,,0.6666666666666666,0.5555555555555556,1.2,-5.434156228146189,16.838282384351277,-22.272438612497467,,,,,,,-16.65640284506245,-49.149771689654465,0.34615384615384615,0.75,1.7910852048015329,69.0,0.5
holiday:k3:major,3,major,TJ,TJS,7,2024-07…2024-12,BUY_NOW,20,25.0,6,6,0.5,0.29770992366412213,1.6794871794871795,,,0.6666666666666666,0.6717557251908397,0.9924242424242423,135.5242863766635,95.96472466495561,39.559561711707886,,,,,,,150.8650865981202,207.7117163896706,0.2282608695652174,0.8,1.8795180722891562,111.0,0.6666666666666666
holiday:k3:major,3,major,TJ,TJS,8,2025-01…2025-06,BUY_NOW,20,25.0,9,9,0.2222222222222222,0.19658119658119658,1.1304347826086956,,,0.7777777777777778,0.4700854700854701,1.6545454545454545,59.187842737934425,-112.63640534071882,171.82424807865326,,,,,,,130.7331785363309,35.956200536661555,0.34806629834254144,0.75,2.0805255791874457,68.0,0.6666666666666666
holiday:k3:major,3,major,TJ,TJS,9,2025-07…2025-12,BUY_NOW,20,25.0,6,6,0.3333333333333333,0.2,1.6666666666666665,,,0.5,0.5692307692307692,0.8783783783783784,18.358960184420116,24.64574363935889,-6.286783454938774,,,,,,,-3.7730924537356594,120.17572066004902,0.2282608695652174,0.8,1.878048780487805,109.0,0.6666666666666666
holiday:k3:major,3,major,TJ,TJS,10,2026-01…2026-06,BUY_NOW,20,25.0,6,6,0.16666666666666666,0.20512820512820512,0.8125,,,0.5,0.5042735042735043,0.9915254237288136,-106.10447535239763,12.647688147121416,-118.75216349951904,,,,,,,-139.75981582302063,-57.421937006033225,0.23204419889502761,0.8,1.7916666666666667,64.0,0.6666666666666666
holiday:k5:major,5,major,TJ,TJS,0,2021-01…2021-06,BUY_NOW,20,25.0,10,10,0.4,0.15254237288135594,2.6222222222222222,,,0.5,0.5338983050847458,0.9365079365079365,125.17149282560645,-2.594269522656172,127.76576234826263,,,,,,,125.49991983904252,118.15750991105634,0.3867403314917127,0.8888888888888888,2.1920310216782974,63.0,0.6666666666666666
holiday:k5:major,5,major,TJ,TJS,1,2021-07…2021-12,BUY_NOW,20,25.0,15,15,0.3333333333333333,0.17829457364341086,1.8695652173913042,,,0.5333333333333333,0.5581395348837209,0.9555555555555556,92.8325099558543,33.342203091136966,59.49030686471734,,,,,,,35.990925191608994,52.40788499950096,0.5706521739130435,0.8571428571428571,2.3535434278267875,107.0,0.5
holiday:k5:major,5,major,TJ,TJS,2,2022-01…2022-06,BUY_NOW,20,25.0,10,10,0.0,0.1452991452991453,0.0,,,0.0,0.4700854700854701,0.0,-1492.2961885728773,-53.00503542290707,-1439.2911531499703,,,,,,,-770.0948654160813,-811.3616877326551,0.3867403314917127,0.8888888888888888,2.0797258270192573,63.0,0.6666666666666666
holiday:k5:major,5,major,TJ,TJS,3,2022-07…2022-12,BUY_NOW,20,25.0,15,15,0.06666666666666667,0.2846153846153846,0.23423423423423423,,,0.2,0.6230769230769231,0.3209876543209877,-160.7175767209222,163.51128752215095,-324.2288642430732,,,,,,,-381.01299858412403,-166.80761248920018,0.5706521739130435,0.8571428571428571,2.304992034964546,109.0,0.5
holiday:k5:major,5,major,TJ,TJS,4,2023-01…2023-06,BUY_NOW,20,25.0,15,15,0.4666666666666667,0.4915254237288136,0.9494252873563218,,,0.6666666666666666,0.7627118644067796,0.8740740740740741,231.53744376974197,194.18642689935936,37.35101687038261,,,,,,,19.761932124912217,156.61825735128903,0.580110497237569,0.8571428571428571,2.1164754568509623,64.0,0.5
holiday:k5:major,5,major,TJ,TJS,5,2023-07…2023-12,BUY_NOW,20,25.0,10,10,0.0,0.24031007751937986,0.0,,,0.1,0.5426356589147286,0.1842857142857143,-146.6702668124272,-14.369798255992611,-132.3004685564346,,,,,,,-121.8864569086974,-201.56264697518944,0.3804347826086957,0.8888888888888888,2.5217302076050365,108.0,0.6666666666666666
holiday:k5:major,5,major,TJ,TJS,6,2024-01…2024-06,BUY_NOW,20,25.0,15,15,0.2,0.19658119658119658,1.0173913043478262,,,0.6666666666666666,0.5555555555555556,1.2,2.8687953949161775,16.838282384351277,-13.9694869894351,,,,,,,-8.298831300730615,-19.21316931171058,0.5769230769230769,0.8571428571428571,2.2680492276652955,65.0,0.5
holiday:k5:major,5,major,TJ,TJS,7,2024-07…2024-12,BUY_NOW,20,25.0,10,10,0.4,0.29770992366412213,1.3435897435897437,,,0.8,0.6717557251908397,1.190909090909091,144.88131819984662,95.96472466495561,48.91659353489101,,,,,,,175.2428291126016,205.58513211563437,0.3804347826086957,0.8888888888888888,2.528946605655417,109.0,0.6666666666666666
holiday:k5:major,5,major,TJ,TJS,8,2025-01…2025-06,BUY_NOW,20,25.0,15,15,0.13333333333333333,0.19658119658119658,0.6782608695652174,,,0.7333333333333333,0.4700854700854701,1.5599999999999998,32.675848824778626,-112.63640534071882,145.31225416549745,,,,,,,112.61622188154762,46.793812325811295,0.580110497237569,0.9285714285714286,2.6179924173917426,64.0,0.5
holiday:k5:major,5,major,TJ,TJS,9,2025-07…2025-12,BUY_NOW,20,25.0,10,10,0.4,0.2,2.0,,,0.5,0.5692307692307692,0.8783783783783784,25.182639432504,24.64574363935889,0.5368957931451099,,,,,,,0.08007277917565432,139.5721038378843,0.3804347826086957,0.8888888888888888,2.5253813613805267,107.0,0.6666666666666666
holiday:k5:major,5,major,TJ,TJS,10,2026-01…2026-06,BUY_NOW,20,25.0,10,10,0.3,0.20512820512820512,1.4625,,,0.7,0.5042735042735043,1.388135593220339,-9.752315668995042,12.647688147121416,-22.40000381611646,,,,,,,-47.90498022641865,82.9589382571676,0.3867403314917127,0.8888888888888888,2.3193102422918757,62.0,0.6666666666666666
holiday:k1:fixed,1,fixed,TJ,TJS,0,2021-01…2021-06,BUY_NOW,20,25.0,4,4,0.5,0.15254237288135594,3.2777777777777777,,,0.75,0.5338983050847458,1.4047619047619047,123.87307448712468,-2.594269522656172,126.46734400978086,,,,,,,89.86784799529912,73.02642850048392,0.15469613259668508,0.0,0.45618252166736095,53.0,0.5
holiday:k1:fixed,1,fixed,TJ,TJS,1,2021-07…2021-12,BUY_NOW,20,25.0,3,3,0.3333333333333333,0.17829457364341086,1.8695652173913042,,,0.6666666666666666,0.5581395348837209,1.1944444444444444,148.75391607218478,33.342203091136966,115.41171298104781,,,,,,,46.440088151386384,47.0351264304795,0.1141304347826087,0.0,0.012658227848101266,69.0,0.5
holiday:k1:fixed,1,fixed,TJ,TJS,2,2022-01…2022-06,BUY_NOW,20,25.0,4,4,0.0,0.1452991452991453,0.0,,,0.25,0.4700854700854701,0.5318181818181819,-662.3141445134669,-53.00503542290707,-609.3091090905598,,,,,,,-433.5339164782571,-337.46971320067627,0.15469613259668508,0.0,0.4749297485851977,54.0,0.5
holiday:k1:fixed,1,fixed,TJ,TJS,3,2022-07…2022-12,BUY_NOW,20,25.0,3,3,0.0,0.2846153846153846,0.0,,,0.0,0.6230769230769231,0.0,-234.75332477544632,163.51128752215095,-398.2646122975973,,,,,,,-238.39898939245873,-304.2984898602067,0.1141304347826087,0.0,0.0,69.0,0.5
holiday:k1:fixed,1,fixed,TJ,TJS,4,2023-01…2023-06,BUY_NOW,20,25.0,4,4,0.25,0.4915254237288136,0.5086206896551724,,,1.0,0.7627118644067796,1.3111111111111111,352.61857147655894,194.18642689935936,158.43214457719958,,,,,,,204.56306231776466,228.3014949958123,0.15469613259668508,0.0,0.47777485215307264,57.0,0.5
holiday:k1:fixed,1,fixed,TJ,TJS,5,2023-07…2023-12,BUY_NOW,20,25.0,3,3,0.0,0.24031007751937986,0.0,,,0.0,0.5426356589147286,0.0,-166.55841426833257,-14.369798255992611,-152.18861601233996,,,,,,,-36.953608449132496,-149.43909865972384,0.1141304347826087,0.0,0.012658227848101266,67.0,0.5
holiday:k1:fixed,1,fixed,TJ,TJS,6,2024-01…2024-06,BUY_NOW,20,25.0,4,4,0.25,0.19658119658119658,1.2717391304347827,,,0.75,0.5555555555555556,1.3499999999999999,7.147435460362619,16.838282384351277,-9.690846923988659,,,,,,,10.995519685835232,17.269435629404803,0.15384615384615385,0.0,0.4749297485851977,58.0,0.5
holiday:k1:fixed,1,fixed,TJ,TJS,7,2024-07…2024-12,BUY_NOW,20,25.0,3,3,0.3333333333333333,0.29770992366412213,1.1196581196581197,,,0.6666666666666666,0.6717557251908397,0.9924242424242423,158.19943907006254,95.96472466495561,62.23471440510693,,,,,,,80.50264263314973,68.03998408288122,0.1141304347826087,0.0,0.037037037037037035,67.0,0.5
holiday:k1:fixed,1,fixed,TJ,TJS,8,2025-01…2025-06,BUY_NOW,20,25.0,4,4,0.25,0.19658119658119658,1.2717391304347827,,,0.75,0.4700854700854701,1.5954545454545455,-39.284792551973766,-112.63640534071882,73.35161278874506,,,,,,,30.593925497358626,-59.99214622181308,0.15469613259668508,0.0,0.4455741360901532,57.0,0.5
holiday:k1:fixed,1,fixed,TJ,TJS,9,2025-07…2025-12,BUY_NOW,20,25.0,3,3,0.0,0.2,0.0,,,0.3333333333333333,0.5692307692307692,0.5855855855855856,-88.0033320502808,24.64574363935889,-112.64907568963969,,,,,,,-82.26921233486932,-30.11387889748085,0.1141304347826087,0.0,0.025,69.0,0.5
holiday:k1:fixed,1,fixed,TJ,TJS,10,2026-01…2026-06,BUY_NOW,20,25.0,4,4,0.0,0.20512820512820512,0.0,,,0.5,0.5042735042735043,0.9915254237288136,-114.10793383025057,12.647688147121416,-126.75562197737199,,,,,,,-215.3409367228884,-91.69148724671699,0.15469613259668508,0.0,0.45618252166736095,53.0,0.5
holiday:k3:fixed,3,fixed,TJ,TJS,0,2021-01…2021-06,BUY_NOW,20,25.0,12,12,0.4166666666666667,0.15254237288135594,2.7314814814814814,,,0.75,0.5338983050847458,1.4047619047619047,129.72849274095813,-2.594269522656172,132.3227622636143,,,,,,,104.23129655952637,78.72856437203119,0.46408839779005523,0.7272727272727273,1.640725132741536,51.0,0.5
holiday:k3:fixed,3,fixed,TJ,TJS,1,2021-07…2021-12,BUY_NOW,20,25.0,9,9,0.3333333333333333,0.17829457364341086,1.8695652173913042,,,0.7777777777777778,0.5581395348837209,1.3935185185185186,173.99509595035616,33.342203091136966,140.6528928592192,,,,,,,77.05187673011389,19.068364200956417,0.3423913043478261,0.75,1.561179330602823,67.0,0.5
holiday:k3:fixed,3,fixed,TJ,TJS,2,2022-01…2022-06,BUY_NOW,20,25.0,12,12,0.0,0.1452991452991453,0.0,,,0.25,0.4700854700854701,0.5318181818181819,-668.0425501539272,-53.00503542290707,-615.0375147310201,,,,,,,-489.072839804704,-351.8610029218862,0.46408839779005523,0.7272727272727273,1.6508583625899989,52.0,0.5
holiday:k3:fixed,3,fixed,TJ,TJS,3,2022-07…2022-12,BUY_NOW,20,25.0,9,9,0.0,0.2846153846153846,0.0,,,0.0,0.6230769230769231,0.0,-254.56433857020394,163.51128752215095,-418.0756260923549,,,,,,,-277.2369698781171,-260.14113396086935,0.3423913043478261,0.75,1.5630702409767918,67.0,0.5
holiday:k3:fixed,3,fixed,TJ,TJS,4,2023-01…2023-06,BUY_NOW,20,25.0,12,12,0.3333333333333333,0.4915254237288136,0.6781609195402298,,,1.0,0.7627118644067796,1.3111111111111111,310.29652539703164,194.18642689935936,116.11009849767228,,,,,,,172.47490369675634,130.14434089867254,0.46408839779005523,0.7272727272727273,1.6565366200018647,53.0,0.5
holiday:k3:fixed,3,fixed,TJ,TJS,5,2023-07…2023-12,BUY_NOW,20,25.0,9,9,0.0,0.24031007751937986,0.0,,,0.0,0.5426356589147286,0.0,-205.51447081108378,-14.369798255992611,-191.14467255509118,,,,,,,-72.6087100689326,-184.85089371179618,0.3423913043478261,0.75,1.561179330602823,65.0,0.5
holiday:k3:fixed,3,fixed,TJ,TJS,6,2024-01…2024-06,BUY_NOW,20,25.0,12,12,0.25,0.19658119658119658,1.2717391304347827,,,0.75,0.5555555555555556,1.3499999999999999,35.48724592165727,16.838282384351277,18.648963537305992,,,,,,,41.72290553889144,36.918713800099994,0.46153846153846156,0.7272727272727273,1.6508583625899989,56.0,0.5
holiday:k3:fixed,3,fixed,TJ,TJS,7,2024-07…2024-12,BUY_NOW,20,25.0,9,9,0.5555555555555556,0.29770992366412213,1.8660968660968662,,,0.7777777777777778,0.6717557251908397,1.1578282828282829,208.35104836715698,95.96472466495561,112.38632370220137,,,,,,,142.22546965559638,144.3757555144931,0.3423913043478261,0.75,1.5667747085561383,65.0,0.5
holiday:k3:fixed,3,fixed,TJ,TJS,8,2025-01…2025-06,BUY_NOW,20,25.0,12,12,0.4166666666666667,0.19658119658119658,2.1195652173913047,,,0.6666666666666666,0.4700854700854701,1.4181818181818182,-19.501973852351444,-112.63640534071882,93.13443148836738,,,,,,,61.36746709100442,-46.24503538940209,0.46408839779005523,0.7272727272727273,1.6221796037019658,55.0,0.5
holiday:k3:fixed,3,fixed,TJ,TJS,9,2025-07…2025-12,BUY_NOW,20,25.0,9,9,0.2222222222222222,0.2,1.111111111111111,,,0.3333333333333333,0.5692307692307692,0.5855855855855856,-31.276861330366234,24.64574363935889,-55.92260496972513,,,,,,,-29.003181066608533,87.00582864735581,0.3423913043478261,0.75,1.5638312294546772,65.0,0.3333333333333333
holiday:k3:fixed,3,fixed,TJ,TJS,10,2026-01…2026-06,BUY_NOW,20,25.0,12,12,0.3333333333333333,0.20512820512820512,1.625,,,0.5,0.5042735042735043,0.9915254237288136,-35.2588488184167,12.647688147121416,-47.906536965538116,,,,,,,-148.9098709208562,-11.091570517160193,0.46408839779005523,0.7272727272727273,1.640725132741536,51.0,0.5
holiday:k5:fixed,5,fixed,TJ,TJS,0,2021-01…2021-06,BUY_NOW,20,25.0,20,20,0.3,0.15254237288135594,1.9666666666666666,,,0.75,0.5338983050847458,1.4047619047619047,105.07453256709837,-2.594269522656172,107.66880208975455,,,,,,,87.49963256011439,45.415043233627785,0.7734806629834254,0.8421052631578947,2.071306954557919,49.0,0.3333333333333333
holiday:k5:fixed,5,fixed,TJ,TJS,1,2021-07…2021-12,BUY_NOW,20,25.0,15,15,0.4666666666666667,0.17829457364341086,2.617391304347826,,,0.8666666666666667,0.5581395348837209,1.5527777777777778,194.8494342353688,33.342203091136966,161.5072311442318,,,,,,,107.26634752523586,57.02804781406952,0.5706521739130435,0.8571428571428571,2.036572279881822,63.0,0.3333333333333333
holiday:k5:fixed,5,fixed,TJ,TJS,2,2022-01…2022-06,BUY_NOW,20,25.0,20,20,0.0,0.1452991452991453,0.0,,,0.3,0.4700854700854701,0.6381818181818182,-640.336104563873,-53.00503542290707,-587.331069140966,,,,,,,-543.4903968769131,-245.53012471927732,0.7734806629834254,0.8421052631578947,2.076054355411983,50.0,0.3333333333333333
holiday:k5:fixed,5,fixed,TJ,TJS,3,2022-07…2022-12,BUY_NOW,20,25.0,15,15,0.0,0.2846153846153846,0.0,,,0.06666666666666667,0.6230769230769231,0.10699588477366255,-196.95463231953124,163.51128752215095,-360.4659198416822,,,,,,,-242.85592835009024,-156.6042033694181,0.5706521739130435,0.8571428571428571,2.041241452319315,63.0,0.3333333333333333
holiday:k5:fixed,5,fixed,TJ,TJS,4,2023-01…2023-06,BUY_NOW,20,25.0,20,20,0.35,0.4915254237288136,0.7120689655172413,,,0.9,0.7627118644067796,1.1800000000000002,275.4070279995724,194.18642689935936,81.22060110021303,,,,,,,146.4638125427868,68.4511921053199,0.7734806629834254,0.8421052631578947,2.0863193590898503,51.0,0.3333333333333333
holiday:k5:fixed,5,fixed,TJ,TJS,5,2023-07…2023-12,BUY_NOW,20,25.0,15,15,0.0,0.24031007751937986,0.0,,,0.06666666666666667,0.5426356589147286,0.12285714285714286,-198.23936605167418,-14.369798255992611,-183.86956779568158,,,,,,,-65.10628156108456,-162.79849713760126,0.5706521739130435,0.8571428571428571,2.036572279881822,63.0,0.3333333333333333
holiday:k5:fixed,5,fixed,TJ,TJS,6,2024-01…2024-06,BUY_NOW,20,25.0,20,20,0.25,0.19658119658119658,1.2717391304347827,,,0.7,0.5555555555555556,1.2599999999999998,35.27442746840931,16.838282384351277,18.43614508405803,,,,,,,43.606250078360276,1.1760050629916465,0.7692307692307693,0.8421052631578947,2.076054355411983,52.0,0.5
holiday:k5:fixed,5,fixed,TJ,TJS,7,2024-07…2024-12,BUY_NOW,20,25.0,15,15,0.5333333333333333,0.29770992366412213,1.7914529914529915,,,0.8666666666666667,0.6717557251908397,1.2901515151515153,210.19868523011283,95.96472466495561,114.23396056515722,,,,,,,159.1726378691137,156.4234544185777,0.5706521739130435,0.8571428571428571,2.0481741383578846,63.0,0.3333333333333333
holiday:k5:fixed,5,fixed,TJ,TJS,8,2025-01…2025-06,BUY_NOW,20,25.0,20,20,0.4,0.19658119658119658,2.0347826086956524,,,0.65,0.4700854700854701,1.3827272727272728,-28.935618040282048,-112.63640534071882,83.70078730043677,,,,,,,62.20144390805393,-47.956349854722404,0.7734806629834254,0.8421052631578947,2.0386714990053707,53.0,0.3333333333333333
holiday:k5:fixed,5,fixed,TJ,TJS,9,2025-07…2025-12,BUY_NOW,20,25.0,15,15,0.26666666666666666,0.2,1.3333333333333333,,,0.4666666666666667,0.5692307692307692,0.8198198198198199,-0.9342746799366997,24.64574363935889,-25.58001831929559,,,,,,,-3.164074819556494,121.47048602999979,0.5706521739130435,0.8571428571428571,2.0422132407353843,63.0,0.3333333333333333
holiday:k5:fixed,5,fixed,TJ,TJS,10,2026-01…2026-06,BUY_NOW,20,25.0,20,20,0.4,0.20512820512820512,1.9500000000000002,,,0.55,0.5042735042735043,1.090677966101695,24.04191122716943,12.647688147121416,11.394223080048013,,,,,,,-95.65552565168335,58.26002326583313,0.7734806629834254,0.8421052631578947,2.071306954557919,49.0,0.5
holiday:k1:all,1,all,UZ,UZS,0,2021-01…2021-06,BUY_NOW,20,25.0,4,4,0.25,0.13559322033898305,1.84375,,,0.5,0.5169491525423728,0.9672131147540984,22.772121420875923,-12.978020395404887,35.75014181628081,,,,,,,47.549057362950286,-32.8458521483399,0.15469613259668508,0.3333333333333333,0.915706567912734,53.0,0.6666666666666666
holiday:k1:all,1,all,UZ,UZS,1,2021-07…2021-12,BUY_NOW,20,25.0,5,5,0.2,0.14728682170542637,1.3578947368421053,,,0.2,0.5116279069767442,0.39090909090909093,-21.921342465242468,10.345720517709584,-32.267062982952055,,,,,,,-25.862941913830998,-8.168436853619681,0.19021739130434784,0.0,0.3800932359491138,68.0,0.3333333333333333
holiday:k1:all,1,all,UZ,UZS,2,2022-01…2022-06,BUY_NOW,20,25.0,4,4,0.0,0.1111111111111111,0.0,,,0.0,0.41025641025641024,0.0,-1085.1288675431656,-133.26289884507412,-951.8659686980915,,,,,,,-589.1606058729244,-445.9138183873065,0.15469613259668508,0.3333333333333333,0.858176199305326,55.0,0.5
holiday:k1:all,1,all,UZ,UZS,3,2022-07…2022-12,BUY_NOW,20,25.0,5,5,0.2,0.25384615384615383,0.787878787878788,,,0.4,0.5307692307692308,0.7536231884057971,209.33735347815727,116.21310466761958,93.1242488105377,,,,,,,16.45075811613061,32.42430880901662,0.19021739130434784,0.0,0.3891076800585425,68.0,0.3333333333333333
holiday:k1:all,1,all,UZ,UZS,4,2023-01…2023-06,BUY_NOW,20,25.0,6,6,0.16666666666666666,0.5,0.3333333333333333,,,0.6666666666666666,0.8389830508474576,0.7946127946127945,130.2145165178316,230.9240759258275,-100.7095594079959,,,,,,,21.786065048441756,117.70666257782523,0.23204419889502761,0.2,0.7921840414673571,57.0,0.3333333333333333
holiday:k1:all,1,all,UZ,UZS,5,2023-07…2023-12,BUY_NOW,20,25.0,4,4,0.0,0.13953488372093023,0.0,,,0.0,0.4728682170542636,0.0,-119.10769056906217,-69.49233690529937,-49.615353663762804,,,,,,,-78.29818310968905,-47.24341986718089,0.15217391304347827,0.0,0.4960745562896004,69.0,0.5
holiday:k1:all,1,all,UZ,UZS,6,2024-01…2024-06,BUY_NOW,20,25.0,6,6,0.16666666666666666,0.15384615384615385,1.0833333333333333,,,0.3333333333333333,0.5128205128205128,0.65,-94.45512495394844,-20.683669886704273,-73.77145506724418,,,,,,,-32.570075886865965,-42.207126154410474,0.23076923076923078,0.2,0.612466149436598,58.0,0.3333333333333333
holiday:k1:all,1,all,UZ,UZS,7,2024-07…2024-12,BUY_NOW,20,25.0,5,5,0.2,0.31297709923664124,0.6390243902439025,,,0.6,0.6641221374045801,0.9034482758620689,57.07232558160369,93.66515844300025,-36.59283286139656,,,,,,,23.428273131447906,96.49210854584189,0.19021739130434784,0.25,0.8086204023587772,67.0,0.5
holiday:k1:all,1,all,UZ,UZS,8,2025-01…2025-06,BUY_NOW,20,25.0,5,5,0.2,0.042735042735042736,4.680000000000001,,,0.2,0.24786324786324787,0.806896551724138,-118.54832768973696,-198.85952062411175,80.31119293437479,,,,,,,43.02085170783943,-93.52714024266805,0.19337016574585636,0.0,0.5312459150169743,57.0,0.5
holiday:k1:all,1,all,UZ,UZS,9,2025-07…2025-12,BUY_NOW,20,25.0,4,4,0.5,0.2,2.5,,,0.5,0.5384615384615384,0.9285714285714286,61.64044392562851,31.661039927311496,29.979403998317014,,,,,,,64.87659925096924,133.41200404575983,0.15217391304347827,0.0,0.45779115546580296,66.0,0.5
holiday:k1:all,1,all,UZ,UZS,10,2026-01…2026-06,BUY_NOW,20,25.0,4,4,0.0,0.2564102564102564,0.0,,,0.5,0.5470085470085471,0.9140624999999999,-95.05637793172704,10.996849225985803,-106.05322715771284,,,,,,,-118.88581777977248,8.641888154671811,0.15469613259668508,0.0,0.6712803318663652,53.0,0.6666666666666666
holiday:k3:all,3,all,UZ,UZS,0,2021-01…2021-06,BUY_NOW,20,25.0,11,11,0.2727272727272727,0.13559322033898305,2.0113636363636362,,,0.5454545454545454,0.5169491525423728,1.0551415797317436,60.61594236162391,-12.978020395404887,73.59396275702879,,,,,,,79.05673455137375,26.508119922979464,0.42541436464088395,0.8,1.973225030572184,51.0,0.6666666666666666
holiday:k3:all,3,all,UZ,UZS,1,2021-07…2021-12,BUY_NOW,20,25.0,15,15,0.2,0.14728682170542637,1.3578947368421053,,,0.26666666666666666,0.5116279069767442,0.5212121212121212,-7.987619197696494,10.345720517709584,-18.333339715406076,,,,,,,-15.180132089474593,-17.237939151019486,0.5706521739130435,0.7142857142857143,1.559045664528475,64.0,0.3333333333333333
holiday:k3:all,3,all,UZ,UZS,2,2022-01…2022-06,BUY_NOW,20,25.0,12,12,0.0,0.1111111111111111,0.0,,,0.0,0.41025641025641024,0.0,-1130.9939133288487,-133.26289884507412,-997.7310144837746,,,,,,,-690.9593048747998,-395.14217334634213,0.46408839779005523,0.8181818181818182,1.982890581143461,55.0,0.5
holiday:k3:all,3,all,UZ,UZS,3,2022-07…2022-12,BUY_NOW,20,25.0,15,15,0.13333333333333333,0.25384615384615383,0.5252525252525253,,,0.4,0.5307692307692308,0.7536231884057971,66.34282919116309,116.21310466761958,-49.870275476456484,,,,,,,-128.43405518497394,-110.64911981634104,0.5706521739130435,0.7142857142857143,1.5775094786411974,66.0,0.3333333333333333
holiday:k3:all,3,all,UZ,UZS,4,2023-01…2023-06,BUY_NOW,20,25.0,16,16,0.3125,0.5,0.625,,,0.75,0.8389830508474576,0.8939393939393939,154.44487870711538,230.9240759258275,-76.47919721871213,,,,,,,28.16118753410423,94.00652742164056,0.6187845303867403,0.7333333333333333,1.717332986230749,53.0,0.3333333333333333
holiday:k3:all,3,all,UZ,UZS,5,2023-07…2023-12,BUY_NOW,20,25.0,12,12,0.0,0.13953488372093023,0.0,,,0.3333333333333333,0.4728682170542636,0.7049180327868853,-104.78577401874783,-69.49233690529937,-35.29343711344846,,,,,,,-71.17331899193891,-45.23220530505976,0.4565217391304348,0.7272727272727273,1.701848256584496,67.0,0.5
holiday:k3:all,3,all,UZ,UZS,6,2024-01…2024-06,BUY_NOW,20,25.0,16,16,0.125,0.15384615384615385,0.8125,,,0.5,0.5128205128205128,0.9750000000000001,-49.580137314431816,-20.683669886704273,-28.896467427727544,,,,,,,7.505649179286381,-57.97307369604626,0.6153846153846154,0.7333333333333333,1.4584795609667573,56.0,0.3333333333333333
holiday:k3:all,3,all,UZ,UZS,7,2024-07…2024-12,BUY_NOW,20,25.0,13,13,0.23076923076923078,0.31297709923664124,0.7373358348968105,,,0.46153846153846156,0.6641221374045801,0.6949602122015915,25.513142498072153,93.66515844300025,-68.1520159449281,,,,,,,-3.3387465189971275,78.12568802061406,0.4945652173913044,0.75,1.8007688899582097,65.0,0.5
holiday:k3:all,3,all,UZ,UZS,8,2025-01…2025-06,BUY_NOW,20,25.0,15,15,0.2,0.042735042735042736,4.680000000000001,,,0.3333333333333333,0.24786324786324787,1.3448275862068964,-86.24425078903197,-198.85952062411175,112.61526983507979,,,,,,,85.44656785255498,-43.08549220771485,0.580110497237569,0.7142857142857143,1.5567649692920842,55.0,0.5
holiday:k3:all,3,all,UZ,UZS,9,2025-07…2025-12,BUY_NOW,20,25.0,12,12,0.16666666666666666,0.2,0.8333333333333333,,,0.4166666666666667,0.5384615384615384,0.7738095238095238,26.164073244725557,31.661039927311496,-5.4969666825859385,,,,,,,30.053802288889187,91.25303844631496,0.4565217391304348,0.7272727272727273,1.666003656003846,64.0,0.5
holiday:k3:all,3,all,UZ,UZS,10,2026-01…2026-06,BUY_NOW,20,25.0,12,12,0.16666666666666666,0.2564102564102564,0.65,,,0.5,0.5470085470085471,0.9140624999999999,-40.65300458193382,10.996849225985803,-51.64985380791963,,,,,,,-69.98219840237331,-12.205282079917618,0.46408839779005523,0.7272727272727273,1.8050736318296077,51.0,0.6666666666666666
holiday:k5:all,5,all,UZ,UZS,0,2021-01…2021-06,BUY_NOW,20,25.0,17,17,0.23529411764705882,0.13559322033898305,1.7352941176470589,,,0.5882352941176471,0.5169491525423728,1.1378977820636453,66.42041445251151,-12.978020395404887,79.39843484791639,,,,,,,80.51056475778155,32.9825961036816,0.6574585635359116,0.875,2.292900510929241,49.0,0.5
holiday:k5:all,5,all,UZ,UZS,1,2021-07…2021-12,BUY_NOW,20,25.0,25,25,0.2,0.14728682170542637,1.3578947368421053,,,0.24,0.5116279069767442,0.46909090909090906,-7.713331199385775,10.345720517709584,-18.059051717095358,,,,,,,-16.999316852959904,-1.53485976892278,0.9510869565217391,0.8333333333333334,2.0024984394500787,62.0,0.3333333333333333
holiday:k5:all,5,all,UZ,UZS,2,2022-01…2022-06,BUY_NOW,20,25.0,18,18,0.0,0.1111111111111111,0.0,,,0.05555555555555555,0.41025641025641024,0.13541666666666666,-1067.3380273906887,-133.26289884507412,-934.0751285456146,,,,,,,-773.1886054319051,-235.90178456341104,0.6961325966850829,0.8823529411764706,2.2215554555255443,55.0,0.5
holiday:k5:all,5,all,UZ,UZS,3,2022-07…2022-12,BUY_NOW,20,25.0,25,25,0.16,0.25384615384615383,0.6303030303030304,,,0.6,0.5307692307692308,1.1304347826086956,157.33474004330256,116.21310466761958,41.121635375682985,,,,,,,-39.662670315727325,-4.89728159316933,0.9510869565217391,0.8333333333333334,2.0379696544600465,62.0,0.3333333333333333
holiday:k5:all,5,all,UZ,UZS,4,2023-01…2023-06,BUY_NOW,20,25.0,26,26,0.3076923076923077,0.5,0.6153846153846154,,,0.6923076923076923,0.8389830508474576,0.8251748251748252,147.09171587980316,230.9240759258275,-83.83236004602435,,,,,,,14.526314775693423,57.07326099108449,1.005524861878453,0.84,2.0735552727901454,51.0,0.3333333333333333
holiday:k5:all,5,all,UZ,UZS,5,2023-07…2023-12,BUY_NOW,20,25.0,20,20,0.0,0.13953488372093023,0.0,,,0.5,0.4728682170542636,1.0573770491803278,-66.10721668898306,-69.49233690529937,3.3851202163163094,,,,,,,-38.615375165990955,0.38732242709622255,0.7608695652173914,0.8421052631578947,2.1727559865755404,63.0,0.5
holiday:k5:all,5,all,UZ,UZS,6,2024-01…2024-06,BUY_NOW,20,25.0,26,26,0.11538461538461539,0.15384615384615385,0.75,,,0.5384615384615384,0.5128205128205128,1.05,-48.074862313947854,-20.683669886704273,-27.39119242724358,,,,,,,7.69335003383976,-40.40080164992871,1.0,0.84,1.6993396076243312,52.0,0.3333333333333333
holiday:k5:all,5,all,UZ,UZS,7,2024-07…2024-12,BUY_NOW,20,25.0,21,21,0.19047619047619047,0.31297709923664124,0.6085946573751451,,,0.47619047619047616,0.6641221374045801,0.7170224411603722,-6.609034293509162,93.66515844300025,-100.27419273650942,,,,,,,-35.99558300523464,-0.04229550544116903,0.7989130434782609,0.85,2.2426835776875946,63.0,0.5
holiday:k5:all,5,all,UZ,UZS,8,2025-01…2025-06,BUY_NOW,20,25.0,25,25,0.12,0.042735042735042736,2.808,,,0.36,0.24786324786324787,1.4524137931034482,-100.43775229287705,-198.85952062411175,98.4217683312347,,,,,,,80.20784593618541,-40.73156068723609,0.9668508287292817,0.875,1.8551027599569785,53.0,0.3333333333333333
holiday:k5:all,5,all,UZ,UZS,9,2025-07…2025-12,BUY_NOW,20,25.0,20,20,0.1,0.2,0.5,,,0.45,0.5384615384615384,0.8357142857142857,2.831699223881098,31.661039927311496,-28.829340703430397,,,,,,,6.441338348814438,18.143645314072312,0.7608695652173914,0.8421052631578947,2.1286406721452806,62.0,0.5
holiday:k5:all,5,all,UZ,UZS,10,2026-01…2026-06,BUY_NOW,20,25.0,20,20,0.3,0.2564102564102564,1.1700000000000002,,,0.55,0.5470085470085471,1.00546875,-1.3688460037130057,10.996849225985803,-12.36569522969881,,,,,,,-32.46916799699444,12.212304756795413,0.7734806629834254,0.8421052631578947,2.210261443367741,49.0,0.6666666666666666
holiday:k1:major,1,major,UZ,UZS,0,2021-01…2021-06,BUY_NOW,20,25.0,2,2,0.5,0.13559322033898305,3.6875,,,0.5,0.5169491525423728,0.9672131147540984,102.67462891652312,-12.978020395404887,115.652649311928,,,,,,,95.33121300222213,80.04548869126049,0.07734806629834254,0.0,0.0,67.0,0.6666666666666666
holiday:k1:major,1,major,UZ,UZS,1,2021-07…2021-12,BUY_NOW,20,25.0,3,3,0.3333333333333333,0.14728682170542637,2.2631578947368416,,,0.3333333333333333,0.5116279069767442,0.6515151515151515,47.145219908305194,10.345720517709584,36.799499390595614,,,,,,,6.310023216576913,44.64952998011122,0.1141304347826087,0.0,0.46551724137931033,121.0,0.5
holiday:k1:major,1,major,UZ,UZS,2,2022-01…2022-06,BUY_NOW,20,25.0,2,2,0.0,0.1111111111111111,0.0,,,0.0,0.41025641025641024,0.0,-1383.4903662280203,-133.26289884507412,-1250.227467382946,,,,,,,-535.3464285286641,-833.712791680255,0.07734806629834254,0.0,0.0,67.0,0.6666666666666666
holiday:k1:major,1,major,UZ,UZS,3,2022-07…2022-12,BUY_NOW,20,25.0,3,3,0.0,0.25384615384615383,0.0,,,0.0,0.5307692307692308,0.0,-246.6191057484272,116.21310466761958,-362.8322104160468,,,,,,,-368.2156088844775,-310.47803407312387,0.1141304347826087,0.0,0.3870967741935484,121.0,0.5
holiday:k1:major,1,major,UZ,UZS,4,2023-01…2023-06,BUY_NOW,20,25.0,4,4,0.25,0.5,0.5,,,0.5,0.8389830508474576,0.595959595959596,65.17861350355341,230.9240759258275,-165.7454624222741,,,,,,,-80.79360518473828,79.3480055769008,0.15469613259668508,0.3333333333333333,0.7680406167324542,70.0,0.5
holiday:k1:major,1,major,UZ,UZS,5,2023-07…2023-12,BUY_NOW,20,25.0,2,2,0.0,0.13953488372093023,0.0,,,0.0,0.4728682170542636,0.0,-82.84648772624803,-69.49233690529937,-13.35415082094866,,,,,,,10.04611380584386,-62.24772100333952,0.07608695652173914,0.0,0.0,120.0,0.6666666666666666
holiday:k1:major,1,major,UZ,UZS,6,2024-01…2024-06,BUY_NOW,20,25.0,4,4,0.0,0.15384615384615385,0.0,,,0.25,0.5128205128205128,0.48750000000000004,-112.85539216514263,-20.683669886704273,-92.17172227843835,,,,,,,-63.667477676010165,-53.08814180800148,0.15384615384615385,0.3333333333333333,0.9080823505009444,71.0,0.5
holiday:k1:major,1,major,UZ,UZS,7,2024-07…2024-12,BUY_NOW,20,25.0,3,3,0.0,0.31297709923664124,0.0,,,0.3333333333333333,0.6641221374045801,0.5019157088122606,-58.42213166495913,93.66515844300025,-152.08729010795938,,,,,,,-55.77985468185258,-53.01646858426045,0.1141304347826087,0.5,0.9767441860465116,117.0,0.5
holiday:k1:major,1,major,UZ,UZS,8,2025-01…2025-06,BUY_NOW,20,25.0,3,3,0.3333333333333333,0.042735042735042736,7.8,,,0.3333333333333333,0.24786324786324787,1.3448275862068964,7.716059427505712,-198.85952062411175,206.57558005161746,,,,,,,114.50799610144281,-3.4288468484962777,0.11602209944751381,0.0,0.7647058823529411,70.0,0.6666666666666666
holiday:k1:major,1,major,UZ,UZS,9,2025-07…2025-12,BUY_NOW,20,25.0,2,2,0.5,0.2,2.5,,,0.5,0.5384615384615384,0.9285714285714286,95.54936436329264,31.661039927311496,63.88832443598115,,,,,,,39.07993133923371,86.80377712905806,0.07608695652173914,0.0,0.0,123.0,0.6666666666666666
holiday:k1:major,1,major,UZ,UZS,10,2026-01…2026-06,BUY_NOW,20,25.0,2,2,0.0,0.2564102564102564,0.0,,,0.5,0.5470085470085471,0.9140624999999999,-241.1934393833975,10.996849225985803,-252.19028860938332,,,,,,,-246.27510982334343,-63.90281269314181,0.07734806629834254,0.0,0.0,68.0,0.6666666666666666
holiday:k3:major,3,major,UZ,UZS,0,2021-01…2021-06,BUY_NOW,20,25.0,6,6,0.5,0.13559322033898305,3.6875,,,0.5,0.5169491525423728,0.9672131147540984,127.807053217604,-12.978020395404887,140.78507361300888,,,,,,,125.24096881394333,130.9970544648357,0.23204419889502761,0.8,1.7368421052631577,65.0,0.6666666666666666
holiday:k3:major,3,major,UZ,UZS,1,2021-07…2021-12,BUY_NOW,20,25.0,9,9,0.3333333333333333,0.14728682170542637,2.2631578947368416,,,0.3333333333333333,0.5116279069767442,0.6515151515151515,56.573087119499775,10.345720517709584,46.227366601790195,,,,,,,14.098715127406344,8.138890604795595,0.3423913043478261,0.75,1.855990247525121,119.0,0.5
holiday:k3:major,3,major,UZ,UZS,2,2022-01…2022-06,BUY_NOW,20,25.0,6,6,0.0,0.1111111111111111,0.0,,,0.0,0.41025641025641024,0.0,-1460.4879285772674,-133.26289884507412,-1327.2250297321934,,,,,,,-681.3335305756444,-784.0104580981096,0.23204419889502761,0.8,1.6875,65.0,0.6666666666666666
holiday:k3:major,3,major,UZ,UZS,3,2022-07…2022-12,BUY_NOW,20,25.0,9,9,0.0,0.25384615384615383,0.0,,,0.0,0.5307692307692308,0.0,-354.6959621139297,116.21310466761958,-470.90906678154926,,,,,,,-497.5194330003361,-394.17340297409606,0.3423913043478261,0.75,1.7921049666914637,119.0,0.5
holiday:k3:major,3,major,UZ,UZS,4,2023-01…2023-06,BUY_NOW,20,25.0,10,10,0.5,0.5,1.0,,,0.6,0.8389830508474576,0.7151515151515151,157.92208778995456,230.9240759258275,-73.00198813587295,,,,,,,-27.21335297718165,142.78977252093307,0.3867403314917127,0.7777777777777778,1.7391304347826086,66.0,0.5
holiday:k3:major,3,major,UZ,UZS,5,2023-07…2023-12,BUY_NOW,20,25.0,6,6,0.0,0.13953488372093023,0.0,,,0.3333333333333333,0.4728682170542636,0.7049180327868853,-112.62087106108656,-69.49233690529937,-43.12853415578719,,,,,,,-21.863106074319628,-78.37863386438438,0.2282608695652174,0.8,1.8850574712643677,118.0,0.6666666666666666
holiday:k3:major,3,major,UZ,UZS,6,2024-01…2024-06,BUY_NOW,20,25.0,10,10,0.0,0.15384615384615385,0.0,,,0.5,0.5128205128205128,0.9750000000000001,-60.247569015525755,-20.683669886704273,-39.56389912882148,,,,,,,-21.107087147330894,-93.03241254751129,0.38461538461538464,0.7777777777777778,1.8920887928424501,69.0,0.5
holiday:k3:major,3,major,UZ,UZS,7,2024-07…2024-12,BUY_NOW,20,25.0,7,7,0.0,0.31297709923664124,0.0,,,0.2857142857142857,0.6641221374045801,0.4302134646962233,-40.865037271115014,93.66515844300025,-134.53019571411528,,,,,,,-16.67231525336131,-3.106676674872515,0.266304347826087,0.8333333333333334,2.083608797215713,115.0,0.5
holiday:k3:major,3,major,UZ,UZS,8,2025-01…2025-06,BUY_NOW,20,25.0,9,9,0.3333333333333333,0.042735042735042736,7.8,,,0.5555555555555556,0.24786324786324787,2.2413793103448274,80.6442713445304,-198.85952062411175,279.50379196864213,,,,,,,201.23474720287467,95.97893602758842,0.34806629834254144,0.75,2.0805255791874457,68.0,0.6666666666666666
holiday:k3:major,3,major,UZ,UZS,9,2025-07…2025-12,BUY_NOW,20,25.0,6,6,0.16666666666666666,0.2,0.8333333333333333,,,0.5,0.5384615384615384,0.9285714285714286,97.91803289536513,31.661039927311496,66.25699296805364,,,,,,,46.569361557457874,112.07531235656802,0.2282608695652174,0.8,1.8863636363636365,119.0,0.6666666666666666
holiday:k3:major,3,major,UZ,UZS,10,2026-01…2026-06,BUY_NOW,20,25.0,6,6,0.0,0.2564102564102564,0.0,,,0.5,0.5470085470085471,0.9140624999999999,-138.28031550280357,10.996849225985803,-149.2771647287894,,,,,,,-154.89417983702216,-97.45332355467208,0.23204419889502761,0.8,1.7916666666666667,64.0,0.6666666666666666
holiday:k5:major,5,major,UZ,UZS,0,2021-01…2021-06,BUY_NOW,20,25.0,10,10,0.4,0.13559322033898305,2.95,,,0.5,0.5169491525423728,0.9672131147540984,118.33228742060696,-12.978020395404887,131.31030781601186,,,,,,,123.87187635577443,111.07090690730692,0.3867403314917127,0.8888888888888888,2.1920310216782974,63.0,0.6666666666666666
holiday:k5:major,5,major,UZ,UZS,1,2021-07…2021-12,BUY_NOW,20,25.0,15,15,0.3333333333333333,0.14728682170542637,2.2631578947368416,,,0.3333333333333333,0.5116279069767442,0.6515151515151515,59.98020887670645,10.345720517709584,49.63448835899686,,,,,,,17.96928343667395,28.629352315853694,0.5706521739130435,0.8571428571428571,2.4696490978814514,115.0,0.5
holiday:k5:major,5,major,UZ,UZS,2,2022-01…2022-06,BUY_NOW,20,25.0,10,10,0.0,0.1111111111111111,0.0,,,0.0,0.41025641025641024,0.0,-1528.5039234145565,-133.26289884507412,-1395.2410245694823,,,,,,,-824.0509984769185,-847.7906285927396,0.3867403314917127,0.8888888888888888,2.0797258270192573,63.0,0.6666666666666666
holiday:k5:major,5,major,UZ,UZS,3,2022-07…2022-12,BUY_NOW,20,25.0,15,15,0.0,0.25384615384615383,0.0,,,0.3333333333333333,0.5307692307692308,0.6280193236714976,-172.41397725256203,116.21310466761958,-288.6270819201816,,,,,,,-337.08503244586683,-156.55240442338132,0.5706521739130435,0.8571428571428571,2.396591818343291,117.0,0.5
holiday:k5:major,5,major,UZ,UZS,4,2023-01…2023-06,BUY_NOW,20,25.0,16,16,0.5,0.5,1.0,,,0.625,0.8389830508474576,0.7449494949494949,192.91323840635636,230.9240759258275,-38.01083751947115,,,,,,,-3.248025689300066,149.98682781460548,0.6187845303867403,0.8666666666666667,2.153778575055242,64.0,0.5
holiday:k5:major,5,major,UZ,UZS,5,2023-07…2023-12,BUY_NOW,20,25.0,10,10,0.0,0.13953488372093023,0.0,,,0.4,0.4728682170542636,0.8459016393442623,-119.58165140676735,-69.49233690529937,-50.08931450146798,,,,,,,-34.99330947983981,-72.649137168459,0.3804347826086957,0.8888888888888888,2.5424064042662384,116.0,0.6666666666666666
holiday:k5:major,5,major,UZ,UZS,6,2024-01…2024-06,BUY_NOW,20,25.0,16,16,0.0625,0.15384615384615385,0.40625,,,0.5625,0.5128205128205128,1.096875,-44.19867107937188,-20.683669886704273,-23.515001192667604,,,,,,,-6.923148413822828,-46.72151518099896,0.6153846153846154,0.8666666666666667,2.3186570802011923,65.0,0.5
holiday:k5:major,5,major,UZ,UZS,7,2024-07…2024-12,BUY_NOW,20,25.0,11,11,0.0,0.31297709923664124,0.0,,,0.36363636363636365,0.6641221374045801,0.5475444096133751,-36.521688284380865,93.66515844300025,-130.18684672738112,,,,,,,-3.455831968484595,-4.046007561845472,0.41847826086956524,0.9,2.6666666666666665,113.0,0.5
holiday:k5:major,5,major,UZ,UZS,8,2025-01…2025-06,BUY_NOW,20,25.0,15,15,0.2,0.042735042735042736,4.680000000000001,,,0.6,0.24786324786324787,2.4206896551724135,43.990669860345164,-198.85952062411175,242.8501904844569,,,,,,,175.5058998846096,70.64431066587672,0.580110497237569,0.9285714285714286,2.6179924173917426,64.0,0.5
holiday:k5:major,5,major,UZ,UZS,9,2025-07…2025-12,BUY_NOW,20,25.0,10,10,0.1,0.2,0.5,,,0.5,0.5384615384615384,0.9285714285714286,68.59391967830686,31.661039927311496,36.93287975099537,,,,,,,22.52327595151904,59.330286641903875,0.3804347826086957,0.8888888888888888,2.545584412271571,117.0,0.6666666666666666
holiday:k5:major,5,major,UZ,UZS,10,2026-01…2026-06,BUY_NOW,20,25.0,10,10,0.2,0.2564102564102564,0.7800000000000001,,,0.6,0.5470085470085471,1.0968749999999998,-50.63309309072372,10.996849225985803,-61.629942316709524,,,,,,,-74.73839060448095,-3.798737149376734,0.3867403314917127,0.8888888888888888,2.3193102422918757,62.0,0.6666666666666666
holiday:k1:fixed,1,fixed,UZ,UZS,0,2021-01…2021-06,BUY_NOW,20,25.0,3,3,0.3333333333333333,0.13559322033898305,2.458333333333333,,,0.6666666666666666,0.5169491525423728,1.289617486338798,65.86335778223985,-12.978020395404887,78.84137817764473,,,,,,,43.39893300569349,-16.71638687770501,0.11602209944751381,0.0,0.5813953488372093,54.0,0.6666666666666666
holiday:k1:fixed,1,fixed,UZ,UZS,1,2021-07…2021-12,BUY_NOW,20,25.0,4,4,0.25,0.14728682170542637,1.6973684210526314,,,0.25,0.5116279069767442,0.4886363636363636,2.4598915816859233,10.345720517709584,-7.88582893602366,,,,,,,-4.710588904352498,0.10509025087562662,0.15217391304347827,0.0,0.44674911873053,68.0,0.5
holiday:k1:fixed,1,fixed,UZ,UZS,2,2022-01…2022-06,BUY_NOW,20,25.0,3,3,0.0,0.1111111111111111,0.0,,,0.0,0.41025641025641024,0.0,-1092.911020120129,-133.26289884507412,-959.6481212750549,,,,,,,-749.1468087603307,-347.6603315210229,0.11602209944751381,0.0,0.6097560975609756,55.0,0.6666666666666666
holiday:k1:fixed,1,fixed,UZ,UZS,3,2022-07…2022-12,BUY_NOW,20,25.0,4,4,0.25,0.25384615384615383,0.9848484848484849,,,0.5,0.5307692307692308,0.9420289855072463,365.28109011359606,116.21310466761958,249.0679854459765,,,,,,,181.1047260273352,188.84882916855804,0.15217391304347827,0.0,0.45779115546580296,68.0,0.5
holiday:k1:fixed,1,fixed,UZ,UZS,4,2023-01…2023-06,BUY_NOW,20,25.0,3,3,0.0,0.5,0.0,,,1.0,0.8389830508474576,1.191919191919192,256.89179345464476,230.9240759258275,25.967717528817246,,,,,,,157.8237063231121,96.94764636227761,0.11602209944751381,0.0,0.6097560975609756,57.0,0.6666666666666666
holiday:k1:fixed,1,fixed,UZ,UZS,5,2023-07…2023-12,BUY_NOW,20,25.0,4,4,0.0,0.13953488372093023,0.0,,,0.0,0.4728682170542636,0.0,-119.10769056906217,-69.49233690529937,-49.615353663762804,,,,,,,-78.29818310968905,-47.24341986718089,0.15217391304347827,0.0,0.4960745562896004,69.0,0.5
holiday:k1:fixed,1,fixed,UZ,UZS,6,2024-01…2024-06,BUY_NOW,20,25.0,3,3,0.3333333333333333,0.15384615384615385,2.1666666666666665,,,0.3333333333333333,0.5128205128205128,0.65,-52.867539500852295,-20.683669886704273,-32.18386961414802,,,,,,,0.36714993117859035,-24.459013257033632,0.11538461538461539,0.0,0.6097560975609756,58.0,0.6666666666666666
holiday:k1:fixed,1,fixed,UZ,UZS,7,2024-07…2024-12,BUY_NOW,20,25.0,5,5,0.2,0.31297709923664124,0.6390243902439025,,,0.6,0.6641221374045801,0.9034482758620689,57.07232558160369,93.66515844300025,-36.59283286139656,,,,,,,23.428273131447906,96.49210854584189,0.19021739130434784,0.25,0.8086204023587772,67.0,0.5
holiday:k1:fixed,1,fixed,UZ,UZS,8,2025-01…2025-06,BUY_NOW,20,25.0,3,3,0.0,0.042735042735042736,0.0,,,0.0,0.24786324786324787,0.0,-217.06153069683077,-198.85952062411175,-18.20201007271902,,,,,,,6.909402848596467,-170.1556938443923,0.11602209944751381,0.0,0.5609756097560976,57.0,0.6666666666666666
holiday:k1:fixed,1,fixed,UZ,UZS,9,2025-07…2025-12,BUY_NOW,20,25.0,4,4,0.5,0.2,2.5,,,0.5,0.5384615384615384,0.9285714285714286,61.64044392562851,31.661039927311496,29.979403998317014,,,,,,,64.87659925096924,133.41200404575983,0.15217391304347827,0.0,0.45779115546580296,66.0,0.5
holiday:k1:fixed,1,fixed,UZ,UZS,10,2026-01…2026-06,BUY_NOW,20,25.0,3,3,0.0,0.2564102564102564,0.0,,,0.3333333333333333,0.5470085470085471,0.6093749999999999,-159.44252474361522,10.996849225985803,-170.43937396960104,,,,,,,-190.83259393476513,-60.03350955503418,0.11602209944751381,0.0,0.5813953488372093,53.0,0.6666666666666666
holiday:k3:fixed,3,fixed,UZ,UZS,0,2021-01…2021-06,BUY_NOW,20,25.0,9,9,0.3333333333333333,0.13559322033898305,2.458333333333333,,,0.6666666666666666,0.5169491525423728,1.289617486338798,99.30116203473898,-12.978020395404887,112.27918243014386,,,,,,,84.37142149974596,52.08062763673373,0.34806629834254144,0.75,1.806298992244284,54.0,0.6666666666666666
holiday:k3:fixed,3,fixed,UZ,UZS,1,2021-07…2021-12,BUY_NOW,20,25.0,12,12,0.25,0.14728682170542637,1.6973684210526314,,,0.3333333333333333,0.5116279069767442,0.6515151515151515,9.918601831900398,10.345720517709584,-0.42711868580918555,,,,,,,0.8936577318999142,-16.580502968377708,0.4565217391304348,0.7272727272727273,1.6533355068836157,64.0,0.5
holiday:k3:fixed,3,fixed,UZ,UZS,2,2022-01…2022-06,BUY_NOW,20,25.0,9,9,0.0,0.1111111111111111,0.0,,,0.0,0.41025641025641024,0.0,-1136.893681935092,-133.26289884507412,-1003.6307830900179,,,,,,,-867.0508188355105,-319.54917158530793,0.34806629834254144,0.75,1.8274690285467106,55.0,0.6666666666666666
holiday:k3:fixed,3,fixed,UZ,UZS,3,2022-07…2022-12,BUY_NOW,20,25.0,12,12,0.16666666666666666,0.25384615384615383,0.6565656565656566,,,0.5,0.5307692307692308,0.9420289855072463,233.26727461686707,116.21310466761958,117.0541699492475,,,,,,,50.667324283754176,41.21100272296618,0.4565217391304348,0.7272727272727273,1.666003656003846,66.0,0.5
holiday:k3:fixed,3,fixed,UZ,UZS,4,2023-01…2023-06,BUY_NOW,20,25.0,9,9,0.2222222222222222,0.5,0.4444444444444444,,,1.0,0.8389830508474576,1.191919191919192,197.8633962235901,230.9240759258275,-33.06067970223742,,,,,,,104.18067398459247,3.6981968823832414,0.34806629834254144,0.75,1.8274690285467106,56.0,0.6666666666666666
holiday:k3:fixed,3,fixed,UZ,UZS,5,2023-07…2023-12,BUY_NOW,20,25.0,12,12,0.0,0.13953488372093023,0.0,,,0.3333333333333333,0.4728682170542636,0.7049180327868853,-104.78577401874783,-69.49233690529937,-35.29343711344846,,,,,,,-71.17331899193891,-45.23220530505976,0.4565217391304348,0.7272727272727273,1.701848256584496,67.0,0.5
holiday:k3:fixed,3,fixed,UZ,UZS,6,2024-01…2024-06,BUY_NOW,20,25.0,9,9,0.2222222222222222,0.15384615384615385,1.4444444444444442,,,0.5555555555555556,0.5128205128205128,1.0833333333333335,-22.771421254422773,-20.683669886704273,-2.0877513677185,,,,,,,31.707852656415426,6.757227394487016,0.34615384615384615,0.75,1.8274690285467106,56.0,0.6666666666666666
holiday:k3:fixed,3,fixed,UZ,UZS,7,2024-07…2024-12,BUY_NOW,20,25.0,13,13,0.23076923076923078,0.31297709923664124,0.7373358348968105,,,0.46153846153846156,0.6641221374045801,0.6949602122015915,25.513142498072153,93.66515844300025,-68.1520159449281,,,,,,,-3.3387465189971275,78.12568802061406,0.4945652173913044,0.75,1.8007688899582097,65.0,0.5
holiday:k3:fixed,3,fixed,UZ,UZS,8,2025-01…2025-06,BUY_NOW,20,25.0,9,9,0.1111111111111111,0.042735042735042736,2.5999999999999996,,,0.2222222222222222,0.24786324786324787,0.8965517241379309,-169.70109837287308,-198.85952062411175,29.158422251238676,,,,,,,64.63290519474819,-118.5670218715943,0.34806629834254144,0.75,1.7697353540470337,55.0,0.6666666666666666
holiday:k3:fixed,3,fixed,UZ,UZS,9,2025-07…2025-12,BUY_NOW,20,25.0,12,12,0.16666666666666666,0.2,0.8333333333333333,,,0.4166666666666667,0.5384615384615384,0.7738095238095238,26.164073244725557,31.661039927311496,-5.4969666825859385,,,,,,,30.053802288889187,91.25303844631496,0.4565217391304348,0.7272727272727273,1.666003656003846,64.0,0.5
holiday:k3:fixed,3,fixed,UZ,UZS,10,2026-01…2026-06,BUY_NOW,20,25.0,9,9,0.2222222222222222,0.2564102564102564,0.8666666666666667,,,0.3333333333333333,0.5470085470085471,0.6093749999999999,-140.32554594165597,10.996849225985803,-151.3223951676418,,,,,,,-186.54363937797586,-55.25406675526949,0.34806629834254144,0.75,1.806298992244284,53.0,0.6666666666666666
holiday:k5:fixed,5,fixed,UZ,UZS,0,2021-01…2021-06,BUY_NOW,20,25.0,15,15,0.26666666666666666,0.13559322033898305,1.9666666666666666,,,0.6666666666666666,0.5169491525423728,1.289617486338798,90.40547586849893,-12.978020395404887,103.38349626390381,,,,,,,83.89322095432593,49.189364222694444,0.580110497237569,0.8571428571428571,2.2222586889015354,54.0,0.5
holiday:k5:fixed,5,fixed,UZ,UZS,1,2021-07…2021-12,BUY_NOW,20,25.0,20,20,0.25,0.14728682170542637,1.6973684210526314,,,0.3,0.5116279069767442,0.5863636363636363,8.002988362007756,10.345720517709584,-2.342732155701828,,,,,,,-1.5788637435701915,-7.833831657159995,0.7608695652173914,0.8421052631578947,2.1100274001395647,62.0,0.5
holiday:k5:fixed,5,fixed,UZ,UZS,2,2022-01…2022-06,BUY_NOW,20,25.0,15,15,0.0,0.1111111111111111,0.0,,,0.06666666666666667,0.41025641025641024,0.1625,-1068.1030573063442,-133.26289884507412,-934.8401584612701,,,,,,,-908.4294120429611,-151.76502450587603,0.580110497237569,0.8571428571428571,2.237834049827623,55.0,0.5
holiday:k5:fixed,5,fixed,UZ,UZS,3,2022-07…2022-12,BUY_NOW,20,25.0,20,20,0.2,0.25384615384615383,0.787878787878788,,,0.65,0.5307692307692308,1.2246376811594204,252.52748959522233,116.21310466761958,136.31438492760276,,,,,,,71.06124593383254,48.87839316898451,0.7608695652173914,0.8421052631578947,2.1286406721452806,62.0,0.5
holiday:k5:fixed,5,fixed,UZ,UZS,4,2023-01…2023-06,BUY_NOW,20,25.0,15,15,0.26666666666666666,0.5,0.5333333333333333,,,0.8666666666666667,0.8389830508474576,1.0329966329966331,160.06083016417696,230.9240759258275,-70.86324576165055,,,,,,,67.60800370510471,-36.88572959976673,0.580110497237569,0.8571428571428571,2.237834049827623,56.0,0.5
holiday:k5:fixed,5,fixed,UZ,UZS,5,2023-07…2023-12,BUY_NOW,20,25.0,20,20,0.0,0.13953488372093023,0.0,,,0.5,0.4728682170542636,1.0573770491803278,-66.10721668898306,-69.49233690529937,3.3851202163163094,,,,,,,-38.615375165990955,0.38732242709622255,0.7608695652173914,0.8421052631578947,2.1727559865755404,63.0,0.5
holiday:k5:fixed,5,fixed,UZ,UZS,6,2024-01…2024-06,BUY_NOW,20,25.0,15,15,0.2,0.15384615384615385,1.3,,,0.6,0.5128205128205128,1.1700000000000002,-32.32075564401216,-20.683669886704273,-11.637085757307887,,,,,,,22.198552772957648,-9.223103950586786,0.5769230769230769,0.8571428571428571,2.237834049827623,52.0,0.6666666666666666
holiday:k5:fixed,5,fixed,UZ,UZS,7,2024-07…2024-12,BUY_NOW,20,25.0,21,21,0.19047619047619047,0.31297709923664124,0.6085946573751451,,,0.47619047619047616,0.6641221374045801,0.7170224411603722,-6.609034293509162,93.66515844300025,-100.27419273650942,,,,,,,-35.99558300523464,-0.04229550544116903,0.7989130434782609,0.85,2.2426835776875946,63.0,0.5
holiday:k5:fixed,5,fixed,UZ,UZS,8,2025-01…2025-06,BUY_NOW,20,25.0,15,15,0.06666666666666667,0.042735042735042736,1.56,,,0.2,0.24786324786324787,0.806896551724138,-186.92478877174366,-198.85952062411175,11.934731852368088,,,,,,,57.129961930553485,-118.4181227976664,0.580110497237569,0.8571428571428571,2.1624174857589473,54.0,0.5
holiday:k5:fixed,5,fixed,UZ,UZS,9,2025-07…2025-12,BUY_NOW,20,25.0,20,20,0.1,0.2,0.5,,,0.45,0.5384615384615384,0.8357142857142857,2.831699223881098,31.661039927311496,-28.829340703430397,,,,,,,6.441338348814438,18.143645314072312,0.7608695652173914,0.8421052631578947,2.1286406721452806,62.0,0.5
holiday:k5:fixed,5,fixed,UZ,UZS,10,2026-01…2026-06,BUY_NOW,20,25.0,15,15,0.26666666666666666,0.2564102564102564,1.04,,,0.3333333333333333,0.5470085470085471,0.6093749999999999,-100.22913564058317,10.996849225985803,-111.22598486656896,,,,,,,-157.8476289874803,-53.69320486688019,0.580110497237569,0.8571428571428571,2.2222586889015354,53.0,0.6666666666666666
holiday:k1:all,1,all,KG,KGS,0,2021-01…2021-06,BUY_NOW,20,25.0,8,8,0.125,0.1440677966101695,0.8676470588235294,,,0.625,0.5,1.25,13.515969465390793,-8.151508733265231,21.667478198656024,,,,,,,40.708041317786126,-0.7626379327357853,0.30939226519337015,0.42857142857142855,0.7499851665793128,49.0,0.3333333333333333
holiday:k1:all,1,all,KG,KGS,1,2021-07…2021-12,BUY_NOW,20,25.0,4,4,0.25,0.16279069767441862,1.5357142857142856,,,0.5,0.5348837209302325,0.9347826086956522,91.16365527951447,25.66914672872073,65.49450855079374,,,,,,,15.48911069862574,45.12286682180511,0.15217391304347827,0.0,0.17959195393103156,65.0,0.3333333333333333
holiday:k1:all,1,all,KG,KGS,2,2022-01…2022-06,BUY_NOW,20,25.0,7,7,0.14285714285714285,0.10256410256410256,1.3928571428571428,,,0.14285714285714285,0.39316239316239315,0.3633540372670807,-357.5894594622891,-134.33666686632213,-223.25279259596695,,,,,,,1.1133505393246017,-111.66499850934795,0.27071823204419887,0.3333333333333333,0.6905683394158625,55.0,0.3333333333333333
holiday:k1:all,1,all,KG,KGS,3,2022-07…2022-12,BUY_NOW,20,25.0,4,4,0.0,0.2846153846153846,0.0,,,0.0,0.5769230769230769,0.0,-223.27191296422245,92.68431984896502,-315.95623281318746,,,,,,,-253.13757610414098,-272.2963608417875,0.15217391304347827,0.0,0.10136939588690755,65.0,0.3333333333333333
holiday:k1:all,1,all,KG,KGS,4,2023-01…2023-06,BUY_NOW,20,25.0,9,9,0.2222222222222222,0.5508474576271186,0.40341880341880343,,,0.7777777777777778,0.8389830508474576,0.9270482603815937,139.00424845734258,231.7318649254994,-92.72761646815681,,,,,,,24.13249400163248,74.26759860113258,0.34806629834254144,0.25,0.9405277797394557,53.0,0.16666666666666666
holiday:k1:all,1,all,KG,KGS,5,2023-07…2023-12,BUY_NOW,20,25.0,3,3,0.0,0.20155038759689922,0.0,,,0.3333333333333333,0.5271317829457365,0.6323529411764705,-129.52894118990181,-26.704775666556326,-102.82416552334548,,,,,,,11.971416108811361,-50.210623440540104,0.1141304347826087,0.0,0.09302325581395349,65.0,0.5
holiday:k1:all,1,all,KG,KGS,6,2024-01…2024-06,BUY_NOW,20,25.0,9,9,0.1111111111111111,0.23931623931623933,0.46428571428571425,,,0.4444444444444444,0.5726495726495726,0.7761194029850746,-16.653933629190554,31.12319280205631,-47.77712643124686,,,,,,,-10.123733856043863,24.463205134133506,0.34615384615384615,0.375,0.7582032507624614,44.0,0.16666666666666666
holiday:k1:all,1,all,KG,KGS,7,2024-07…2024-12,BUY_NOW,20,25.0,3,3,0.0,0.3282442748091603,0.0,,,0.6666666666666666,0.7557251908396947,0.882154882154882,77.6555821272429,99.54663906237663,-21.891056935133733,,,,,,,0.2655446988394014,2.5007611104599357,0.1141304347826087,0.0,0.11627906976744186,68.0,0.5
holiday:k1:all,1,all,KG,KGS,8,2025-01…2025-06,BUY_NOW,20,25.0,5,5,0.0,0.02564102564102564,0.0,,,0.0,0.15384615384615385,0.0,-176.5503041029548,-221.43511533665657,44.884811233701754,,,,,,,-1.3536304819914449,-140.12774244789858,0.19337016574585636,0.0,0.5055250296034367,57.0,0.5
holiday:k1:all,1,all,KG,KGS,9,2025-07…2025-12,BUY_NOW,20,25.0,2,2,0.5,0.2076923076923077,2.4074074074074074,,,0.5,0.5230769230769231,0.9558823529411764,90.09896881514602,-6.366992636140395,96.46596145128642,,,,,,,43.590974248376995,45.79190127765309,0.07608695652173914,0.0,0.0,123.0,0.6666666666666666
holiday:k1:all,1,all,KG,KGS,10,2026-01…2026-06,BUY_NOW,20,25.0,4,4,0.0,0.23931623931623933,0.0,,,0.5,0.5384615384615384,0.9285714285714286,-136.12014249396148,5.753419433060342,-141.87356192702183,,,,,,,-135.5115944539598,-5.524408864843451,0.15469613259668508,0.0,0.5051178406291057,53.0,0.5
holiday:k3:all,3,all,KG,KGS,0,2021-01…2021-06,BUY_NOW,20,25.0,21,21,0.14285714285714285,0.1440677966101695,0.9915966386554621,,,0.5714285714285714,0.5,1.1428571428571428,38.520187379190986,-8.151508733265231,46.67169611245622,,,,,,,57.094285440496066,38.73086365798057,0.8121546961325967,0.8,1.421790281056171,49.0,0.3333333333333333
holiday:k3:all,3,all,KG,KGS,1,2021-07…2021-12,BUY_NOW,20,25.0,12,12,0.25,0.16279069767441862,1.5357142857142856,,,0.5,0.5348837209302325,0.9347826086956522,101.77820374301491,25.66914672872073,76.10905701429418,,,,,,,27.501929847831374,-2.7782867126942654,0.4565217391304348,0.7272727272727273,1.518865374310736,63.0,0.3333333333333333
holiday:k3:all,3,all,KG,KGS,2,2022-01…2022-06,BUY_NOW,20,25.0,18,18,0.16666666666666666,0.10256410256410256,1.625,,,0.16666666666666666,0.39316239316239315,0.42391304347826086,-318.87633578563083,-134.33666686632213,-184.5396689193087,,,,,,,-67.39137994977878,41.94534356113264,0.6961325966850829,0.7647058823529411,1.3479589993958596,55.0,0.3333333333333333
holiday:k3:all,3,all,KG,KGS,3,2022-07…2022-12,BUY_NOW,20,25.0,12,12,0.0,0.2846153846153846,0.0,,,0.0,0.5769230769230769,0.0,-304.4581740851619,92.68431984896502,-397.1424939341269,,,,,,,-348.5922959460179,-307.92551643867273,0.4565217391304348,0.7272727272727273,1.5026222145896424,63.0,0.3333333333333333
holiday:k3:all,3,all,KG,KGS,4,2023-01…2023-06,BUY_NOW,20,25.0,25,25,0.32,0.5508474576271186,0.580923076923077,,,0.72,0.8389830508474576,0.8581818181818182,122.13427683387566,231.7318649254994,-109.59758809162373,,,,,,,-16.92783314457253,38.417709435756684,0.9668508287292817,0.75,1.8534762339074824,49.0,0.16666666666666666
holiday:k3:all,3,all,KG,KGS,5,2023-07…2023-12,BUY_NOW,20,25.0,9,9,0.0,0.20155038759689922,0.0,,,0.3333333333333333,0.5271317829457365,0.6323529411764705,-155.73329107299102,-26.704775666556326,-129.0285154064347,,,,,,,-14.959022568442249,-80.73317962246517,0.3423913043478261,0.75,1.5850541612875177,63.0,0.5
holiday:k3:all,3,all,KG,KGS,6,2024-01…2024-06,BUY_NOW,20,25.0,25,25,0.16,0.23931623931623933,0.6685714285714286,,,0.44,0.5726495726495726,0.7683582089552239,-7.177236558638712,31.12319280205631,-38.30042936069502,,,,,,,-2.2322630826526972,-17.742603510627312,0.9615384615384616,0.7916666666666666,1.5675023801932033,42.0,0.16666666666666666
holiday:k3:all,3,all,KG,KGS,7,2024-07…2024-12,BUY_NOW,20,25.0,9,9,0.1111111111111111,0.3282442748091603,0.33850129198966405,,,0.7777777777777778,0.7557251908396947,1.0291806958473624,110.86325932515659,99.54663906237663,11.316620262779963,,,,,,,40.60840420518822,26.47308614350251,0.3423913043478261,0.75,1.5909090909090908,64.0,0.5
holiday:k3:all,3,all,KG,KGS,8,2025-01…2025-06,BUY_NOW,20,25.0,15,15,0.13333333333333333,0.02564102564102564,5.2,,,0.2,0.15384615384615385,1.3,-133.5020332166058,-221.43511533665657,87.93308212005076,,,,,,,49.027948859316986,-75.57300983889108,0.580110497237569,0.7142857142857143,1.528433256836404,55.0,0.5
holiday:k3:all,3,all,KG,KGS,9,2025-07…2025-12,BUY_NOW,20,25.0,6,6,0.5,0.2076923076923077,2.4074074074074074,,,0.5,0.5230769230769231,0.9558823529411764,108.50547462452285,-6.366992636140395,114.87246726066324,,,,,,,66.63292531038978,82.04677520797564,0.2282608695652174,0.8,1.8863636363636365,119.0,0.6666666666666666
holiday:k3:all,3,all,KG,KGS,10,2026-01…2026-06,BUY_NOW,20,25.0,12,12,0.16666666666666666,0.23931623931623933,0.6964285714285714,,,0.5,0.5384615384615384,0.9285714285714286,-46.706085595327,5.753419433060342,-52.45950502838735,,,,,,,-50.71625781601898,0.67777372783731,0.46408839779005523,0.7272727272727273,1.6099182385120923,51.0,0.5
holiday:k5:all,5,all,KG,KGS,0,2021-01…2021-06,BUY_NOW,20,25.0,31,31,0.12903225806451613,0.1440677966101695,0.8956356736242884,,,0.6129032258064516,0.5,1.2258064516129032,51.680626999575516,-8.151508733265231,59.83213573284075,,,,,,,61.264769504477485,56.74530938363864,1.1988950276243093,0.8666666666666667,1.4210526315789476,49.0,0.3333333333333333
holiday:k5:all,5,all,KG,KGS,1,2021-07…2021-12,BUY_NOW,20,25.0,20,20,0.35,0.16279069767441862,2.15,,,0.5,0.5348837209302325,0.9347826086956522,115.95519543047105,25.66914672872073,90.28604870175032,,,,,,,46.3321578774361,29.851546658107914,0.7608695652173914,0.8421052631578947,1.9922418974054776,59.0,0.16666666666666666
holiday:k5:all,5,all,KG,KGS,2,2022-01…2022-06,BUY_NOW,20,25.0,28,28,0.17857142857142858,0.10256410256410256,1.7410714285714286,,,0.21428571428571427,0.39316239316239315,0.5450310559006211,-246.4966584351329,-134.33666686632213,-112.15999156881077,,,,,,,-62.06747938503134,45.739192784103906,1.0828729281767955,0.8518518518518519,1.3898374989209732,55.0,0.3333333333333333
holiday:k5:all,5,all,KG,KGS,3,2022-07…2022-12,BUY_NOW,20,25.0,20,20,0.0,0.2846153846153846,0.0,,,0.15,0.5769230769230769,0.26,-188.80814246633662,92.68431984896502,-281.4924623153016,,,,,,,-251.22708340717764,-164.63820246256677,0.7608695652173914,0.8421052631578947,1.9820668170340525,59.0,0.16666666666666666
holiday:k5:all,5,all,KG,KGS,4,2023-01…2023-06,BUY_NOW,20,25.0,39,39,0.358974358974359,0.5508474576271186,0.6516765285996056,,,0.717948717948718,0.8389830508474576,0.8557368557368558,139.39907631038795,231.7318649254994,-92.33278861511144,,,,,,,-23.409815532067995,72.7120892926159,1.5082872928176796,0.8947368421052632,2.130415347088147,47.0,0.16666666666666666
holiday:k5:all,5,all,KG,KGS,5,2023-07…2023-12,BUY_NOW,20,25.0,15,15,0.13333333333333333,0.20155038759689922,0.6615384615384615,,,0.3333333333333333,0.5271317829457365,0.6323529411764705,-142.50116150514185,-26.704775666556326,-115.79638583858552,,,,,,,-4.68399968871817,-59.77140508349543,0.5706521739130435,0.8571428571428571,2.081784609534288,61.0,0.3333333333333333
holiday:k5:all,5,all,KG,KGS,6,2024-01…2024-06,BUY_NOW,20,25.0,37,37,0.21621621621621623,0.23931623931623933,0.9034749034749034,,,0.4594594594594595,0.5726495726495726,0.8023396530859218,-10.512160429504997,31.12319280205631,-41.635353231561304,,,,,,,-12.138388411956031,-23.903390789606902,1.4230769230769231,0.8611111111111112,1.6623217526903313,38.0,0.16666666666666666
holiday:k5:all,5,all,KG,KGS,7,2024-07…2024-12,BUY_NOW,20,25.0,15,15,0.2,0.3282442748091603,0.6093023255813954,,,0.8666666666666667,0.7557251908396947,1.1468013468013467,110.40351170111802,99.54663906237663,10.856872638741393,,,,,,,49.97568365116548,25.05473785723625,0.5706521739130435,0.8571428571428571,2.0892434687237715,62.0,0.3333333333333333
holiday:k5:all,5,all,KG,KGS,8,2025-01…2025-06,BUY_NOW,20,25.0,25,25,0.08,0.02564102564102564,3.12,,,0.2,0.15384615384615385,1.3,-135.67832340018285,-221.43511533665657,85.75679193647372,,,,,,,53.82933306174076,-56.73433469794459,0.9668508287292817,0.875,1.8168052317185792,53.0,0.3333333333333333
holiday:k5:all,5,all,KG,KGS,9,2025-07…2025-12,BUY_NOW,20,25.0,10,10,0.3,0.2076923076923077,1.4444444444444444,,,0.5,0.5230769230769231,0.9558823529411764,86.17229996982245,-6.366992636140395,92.53929260596284,,,,,,,49.691803101948196,63.26592266130471,0.3804347826086957,0.8888888888888888,2.545584412271571,117.0,0.6666666666666666
holiday:k5:all,5,all,KG,KGS,10,2026-01…2026-06,BUY_NOW,20,25.0,20,20,0.3,0.23931623931623933,1.2535714285714286,,,0.55,0.5384615384615384,1.0214285714285716,9.651649121555467,5.753419433060342,3.8982296884951246,,,,,,,5.376931238665451,55.24963447938192,0.7734806629834254,0.8421052631578947,1.9524672643989054,49.0,0.5
holiday:k1:major,1,major,KG,KGS,0,2021-01…2021-06,BUY_NOW,20,25.0,2,2,0.5,0.1440677966101695,3.4705882352941178,,,1.0,0.5,2.0,139.17329814810418,-8.151508733265231,147.3248068813694,,,,,,,108.73963709403967,113.48657128081751,0.07734806629834254,0.0,0.0,67.0,0.6666666666666666
holiday:k1:major,1,major,KG,KGS,1,2021-07…2021-12,BUY_NOW,20,25.0,3,3,0.3333333333333333,0.16279069767441862,2.0476190476190474,,,0.3333333333333333,0.5348837209302325,0.6231884057971014,41.67595933423715,25.66914672872073,16.00681260551642,,,,,,,-11.948598694102955,45.046538888638594,0.1141304347826087,0.0,0.4827586206896552,122.0,0.5
holiday:k1:major,1,major,KG,KGS,2,2022-01…2022-06,BUY_NOW,20,25.0,2,2,0.0,0.10256410256410256,0.0,,,0.0,0.39316239316239315,0.0,-836.2271142268402,-134.33666686632213,-701.890447360518,,,,,,,-149.26838626870497,-621.6561441378853,0.07734806629834254,0.0,0.0,67.0,0.6666666666666666
holiday:k1:major,1,major,KG,KGS,3,2022-07…2022-12,BUY_NOW,20,25.0,3,3,0.0,0.2846153846153846,0.0,,,0.0,0.5769230769230769,0.0,-201.14219144787467,92.68431984896502,-293.82651129683967,,,,,,,-304.64279264842634,-240.39259480221267,0.1141304347826087,0.0,0.4032258064516129,122.0,0.5
holiday:k1:major,1,major,KG,KGS,4,2023-01…2023-06,BUY_NOW,20,25.0,3,3,0.3333333333333333,0.5508474576271186,0.6051282051282051,,,0.6666666666666666,0.8389830508474576,0.7946127946127945,182.03175072277054,231.7318649254994,-49.700114202728855,,,,,,,-41.52062456993659,139.76262709109605,0.11602209944751381,0.0,0.31343283582089554,70.0,0.5
holiday:k1:major,1,major,KG,KGS,5,2023-07…2023-12,BUY_NOW,20,25.0,2,2,0.0,0.20155038759689922,0.0,,,0.5,0.5271317829457365,0.9485294117647058,-31.114521818552124,-26.704775666556326,-4.4097461519957974,,,,,,,15.229563414747016,-26.06431024121615,0.07608695652173914,0.0,0.0,121.0,0.6666666666666666
holiday:k1:major,1,major,KG,KGS,6,2024-01…2024-06,BUY_NOW,20,25.0,3,3,0.0,0.23931623931623933,0.0,,,0.6666666666666666,0.5726495726495726,1.164179104477612,10.875711607601183,31.12319280205631,-20.247481194455126,,,,,,,-16.176043678758358,45.21885280170317,0.11538461538461539,0.0,0.5087719298245614,71.0,0.5
holiday:k1:major,1,major,KG,KGS,7,2024-07…2024-12,BUY_NOW,20,25.0,2,2,0.0,0.3282442748091603,0.0,,,0.5,0.7557251908396947,0.6616161616161615,-66.25348923761209,99.54663906237663,-165.80012829998873,,,,,,,-74.66662485506315,-3.4890029616840863,0.07608695652173914,0.0,0.0,120.0,0.6666666666666666
holiday:k1:major,1,major,KG,KGS,8,2025-01…2025-06,BUY_NOW,20,25.0,3,3,0.0,0.02564102564102564,0.0,,,0.0,0.15384615384615385,0.0,-95.07733955289217,-221.43511533665657,126.3577757837644,,,,,,,30.752289863345734,-61.599250137148736,0.11602209944751381,0.0,0.7647058823529411,70.0,0.6666666666666666
holiday:k1:major,1,major,KG,KGS,9,2025-07…2025-12,BUY_NOW,20,25.0,2,2,0.5,0.2076923076923077,2.4074074074074074,,,0.5,0.5230769230769231,0.9558823529411764,90.09896881514602,-6.366992636140395,96.46596145128642,,,,,,,43.590974248376995,45.79190127765309,0.07608695652173914,0.0,0.0,123.0,0.6666666666666666
holiday:k1:major,1,major,KG,KGS,10,2026-01…2026-06,BUY_NOW,20,25.0,2,2,0.0,0.23931623931623933,0.0,,,0.5,0.5384615384615384,0.9285714285714286,-246.5977686817278,5.753419433060342,-252.35118811478816,,,,,,,-248.30741131597836,-97.41688423439143,0.07734806629834254,0.0,0.0,68.0,0.6666666666666666
holiday:k3:major,3,major,KG,KGS,0,2021-01…2021-06,BUY_NOW,20,25.0,6,6,0.5,0.1440677966101695,3.4705882352941178,,,1.0,0.5,2.0,169.12566783175356,-8.151508733265231,177.2771765650188,,,,,,,143.9460848508567,159.29437462050478,0.23204419889502761,0.8,1.7368421052631577,65.0,0.6666666666666666
holiday:k3:major,3,major,KG,KGS,1,2021-07…2021-12,BUY_NOW,20,25.0,9,9,0.3333333333333333,0.16279069767441862,2.0476190476190474,,,0.3333333333333333,0.5348837209302325,0.6231884057971014,54.908733448044586,25.66914672872073,29.239586719323857,,,,,,,-1.0983151188645779,1.8464800112924802,0.3423913043478261,0.75,1.872938874797407,120.0,0.5
holiday:k3:major,3,major,KG,KGS,2,2022-01…2022-06,BUY_NOW,20,25.0,6,6,0.0,0.10256410256410256,0.0,,,0.0,0.39316239316239315,0.0,-857.5603423051044,-134.33666686632213,-723.2236754387823,,,,,,,-203.75070795551028,-457.9123005328829,0.23204419889502761,0.8,1.6875,65.0,0.6666666666666666
holiday:k3:major,3,major,KG,KGS,3,2022-07…2022-12,BUY_NOW,20,25.0,9,9,0.0,0.2846153846153846,0.0,,,0.0,0.5769230769230769,0.0,-326.17609371771334,92.68431984896502,-418.86041356667835,,,,,,,-447.70491242667686,-338.46703687839357,0.3423913043478261,0.75,1.8058302599329745,120.0,0.5
holiday:k3:major,3,major,KG,KGS,4,2023-01…2023-06,BUY_NOW,20,25.0,9,9,0.4444444444444444,0.5508474576271186,0.8068376068376069,,,0.6666666666666666,0.8389830508474576,0.7946127946127945,206.47394604407464,231.7318649254994,-25.257918881424757,,,,,,,-22.317111448846532,161.1938809269289,0.34806629834254144,0.75,1.6477821109959323,66.0,0.5
holiday:k3:major,3,major,KG,KGS,5,2023-07…2023-12,BUY_NOW,20,25.0,6,6,0.0,0.20155038759689922,0.0,,,0.5,0.5271317829457365,0.9485294117647058,-70.8936211852936,-26.704775666556326,-44.18884551873727,,,,,,,-31.343343496441264,-60.45299081429996,0.2282608695652174,0.8,1.8863636363636365,119.0,0.6666666666666666
holiday:k3:major,3,major,KG,KGS,6,2024-01…2024-06,BUY_NOW,20,25.0,9,9,0.1111111111111111,0.23931623931623933,0.46428571428571425,,,0.6666666666666666,0.5726495726495726,1.164179104477612,18.866451435175883,31.12319280205631,-12.256741366880426,,,,,,,-5.448508178700474,-59.224578876659265,0.34615384615384615,0.75,1.7910852048015329,69.0,0.5
holiday:k3:major,3,major,KG,KGS,7,2024-07…2024-12,BUY_NOW,20,25.0,6,6,0.0,0.3282442748091603,0.0,,,0.6666666666666666,0.7557251908396947,0.882154882154882,-7.409857248160866,99.54663906237663,-106.95649631053749,,,,,,,-11.93026985441899,40.38742613638032,0.2282608695652174,0.8,1.8863636363636365,118.0,0.6666666666666666
holiday:k3:major,3,major,KG,KGS,8,2025-01…2025-06,BUY_NOW,20,25.0,9,9,0.2222222222222222,0.02564102564102564,8.666666666666666,,,0.3333333333333333,0.15384615384615385,2.1666666666666665,-8.669156143792376,-221.43511533665657,212.7659591928642,,,,,,,125.51516125690735,39.14577934858609,0.34806629834254144,0.75,2.0805255791874457,68.0,0.6666666666666666
holiday:k3:major,3,major,KG,KGS,9,2025-07…2025-12,BUY_NOW,20,25.0,6,6,0.5,0.2076923076923077,2.4074074074074074,,,0.5,0.5230769230769231,0.9558823529411764,108.50547462452285,-6.366992636140395,114.87246726066324,,,,,,,66.63292531038978,82.04677520797564,0.2282608695652174,0.8,1.8863636363636365,119.0,0.6666666666666666
holiday:k3:major,3,major,KG,KGS,10,2026-01…2026-06,BUY_NOW,20,25.0,6,6,0.0,0.23931623931623933,0.0,,,0.5,0.5384615384615384,0.9285714285714286,-129.99402974656184,5.753419433060342,-135.74744917962218,,,,,,,-142.5056788632676,-104.20885844680355,0.23204419889502761,0.8,1.7916666666666667,64.0,0.6666666666666666
holiday:k5:major,5,major,KG,KGS,0,2021-01…2021-06,BUY_NOW,20,25.0,10,10,0.4,0.1440677966101695,2.776470588235294,,,0.8,0.5,1.6,163.06730483749828,-8.151508733265231,171.21881357076353,,,,,,,146.65731053411977,135.7944038445956,0.3867403314917127,0.8888888888888888,2.1920310216782974,63.0,0.6666666666666666
holiday:k5:major,5,major,KG,KGS,1,2021-07…2021-12,BUY_NOW,20,25.0,15,15,0.3333333333333333,0.16279069767441862,2.0476190476190474,,,0.3333333333333333,0.5348837209302325,0.6231884057971014,64.94860078352448,25.66914672872073,39.27945405480375,,,,,,,9.399631141997418,27.700969288539493,0.5706521739130435,0.8571428571428571,2.491206758001253,116.0,0.5
holiday:k5:major,5,major,KG,KGS,2,2022-01…2022-06,BUY_NOW,20,25.0,10,10,0.0,0.10256410256410256,0.0,,,0.0,0.39316239316239315,0.0,-949.2726787048175,-134.33666686632213,-814.9360118384953,,,,,,,-340.9392276550171,-510.76714079209216,0.3867403314917127,0.8888888888888888,2.0797258270192573,63.0,0.6666666666666666
holiday:k5:major,5,major,KG,KGS,3,2022-07…2022-12,BUY_NOW,20,25.0,15,15,0.0,0.2846153846153846,0.0,,,0.2,0.5769230769230769,0.34666666666666673,-174.76447059125206,92.68431984896502,-267.44879044021707,,,,,,,-317.0155370364339,-156.24871838217493,0.5706521739130435,0.8571428571428571,2.4139992912436825,118.0,0.5
holiday:k5:major,5,major,KG,KGS,4,2023-01…2023-06,BUY_NOW,20,25.0,15,15,0.4666666666666667,0.5508474576271186,0.8471794871794872,,,0.6666666666666666,0.8389830508474576,0.7946127946127945,222.5766735906889,231.7318649254994,-9.155191334810496,,,,,,,-8.853910480564501,157.60175439005832,0.580110497237569,0.8571428571428571,2.1164754568509623,64.0,0.5
holiday:k5:major,5,major,KG,KGS,5,2023-07…2023-12,BUY_NOW,20,25.0,10,10,0.2,0.20155038759689922,0.9923076923076923,,,0.5,0.5271317829457365,0.9485294117647058,-71.81972187971685,-26.704775666556326,-45.11494621316052,,,,,,,-41.908104701340314,-46.26255706973914,0.3804347826086957,0.8888888888888888,2.545584412271571,117.0,0.6666666666666666
holiday:k5:major,5,major,KG,KGS,6,2024-01…2024-06,BUY_NOW,20,25.0,15,15,0.26666666666666666,0.23931623931623933,1.1142857142857143,,,0.6666666666666666,0.5726495726495726,1.164179104477612,23.259897480654217,31.12319280205631,-7.8632953214020915,,,,,,,0.7473520648892209,-29.341584496406295,0.5769230769230769,0.8571428571428571,2.2680492276652955,65.0,0.5
holiday:k5:major,5,major,KG,KGS,7,2024-07…2024-12,BUY_NOW,20,25.0,10,10,0.0,0.3282442748091603,0.0,,,0.8,0.7557251908396947,1.0585858585858585,3.1108114857882923,99.54663906237663,-96.43582757658834,,,,,,,4.455215361276243,32.48556188012487,0.3804347826086957,0.8888888888888888,2.545584412271571,116.0,0.6666666666666666
holiday:k5:major,5,major,KG,KGS,8,2025-01…2025-06,BUY_NOW,20,25.0,15,15,0.13333333333333333,0.02564102564102564,5.2,,,0.3333333333333333,0.15384615384615385,2.1666666666666665,-15.764386989088587,-221.43511533665657,205.67072834756797,,,,,,,126.50706990044291,53.18180992346408,0.580110497237569,0.9285714285714286,2.6179924173917426,64.0,0.5
holiday:k5:major,5,major,KG,KGS,9,2025-07…2025-12,BUY_NOW,20,25.0,10,10,0.3,0.2076923076923077,1.4444444444444444,,,0.5,0.5230769230769231,0.9558823529411764,86.17229996982245,-6.366992636140395,92.53929260596284,,,,,,,49.691803101948196,63.26592266130471,0.3804347826086957,0.8888888888888888,2.545584412271571,117.0,0.6666666666666666
holiday:k5:major,5,major,KG,KGS,10,2026-01…2026-06,BUY_NOW,20,25.0,10,10,0.2,0.23931623931623933,0.8357142857142857,,,0.6,0.5384615384615384,1.1142857142857143,-39.267230444437146,5.753419433060342,-45.02064987749749,,,,,,,-57.44602843264556,2.209224197829644,0.3867403314917127,0.8888888888888888,2.3193102422918757,62.0,0.6666666666666666
holiday:k1:fixed,1,fixed,KG,KGS,0,2021-01…2021-06,BUY_NOW,20,25.0,7,7,0.14285714285714285,0.1440677966101695,0.9915966386554621,,,0.5714285714285714,0.5,1.1428571428571428,16.559861611495286,-8.151508733265231,24.711370344760518,,,,,,,33.2386791849591,-2.108024031473985,0.27071823204419887,0.3333333333333333,0.661165305885779,54.0,0.3333333333333333
holiday:k1:fixed,1,fixed,KG,KGS,1,2021-07…2021-12,BUY_NOW,20,25.0,3,3,0.3333333333333333,0.16279069767441862,2.0476190476190474,,,0.6666666666666666,0.5348837209302325,1.2463768115942029,154.11032543078628,25.66914672872073,128.44117870206554,,,,,,,55.68790914224464,50.8403449088446,0.1141304347826087,0.0,0.09302325581395349,65.0,0.5
holiday:k1:fixed,1,fixed,KG,KGS,2,2022-01…2022-06,BUY_NOW,20,25.0,7,7,0.14285714285714285,0.10256410256410256,1.3928571428571428,,,0.14285714285714285,0.39316239316239315,0.3633540372670807,-357.5894594622891,-134.33666686632213,-223.25279259596695,,,,,,,1.1133505393246017,-111.66499850934795,0.27071823204419887,0.3333333333333333,0.6905683394158625,55.0,0.3333333333333333
holiday:k1:fixed,1,fixed,KG,KGS,3,2022-07…2022-12,BUY_NOW,20,25.0,3,3,0.0,0.2846153846153846,0.0,,,0.0,0.5769230769230769,0.0,-206.56842655777646,92.68431984896502,-299.2527464067415,,,,,,,-202.6585810654883,-241.3504997729743,0.1141304347826087,0.0,0.08045977011494253,65.0,0.5
holiday:k1:fixed,1,fixed,KG,KGS,4,2023-01…2023-06,BUY_NOW,20,25.0,7,7,0.14285714285714285,0.5508474576271186,0.25934065934065936,,,0.8571428571428571,0.8389830508474576,1.0216450216450217,134.62439676700689,231.7318649254994,-97.10746815849251,,,,,,,48.02079678890839,23.085878994712086,0.27071823204419887,0.3333333333333333,0.6535161308899218,56.0,0.3333333333333333
holiday:k1:fixed,1,fixed,KG,KGS,5,2023-07…2023-12,BUY_NOW,20,25.0,3,3,0.0,0.20155038759689922,0.0,,,0.3333333333333333,0.5271317829457365,0.6323529411764705,-129.52894118990181,-26.704775666556326,-102.82416552334548,,,,,,,11.971416108811361,-50.210623440540104,0.1141304347826087,0.0,0.09302325581395349,65.0,0.5
holiday:k1:fixed,1,fixed,KG,KGS,6,2024-01…2024-06,BUY_NOW,20,25.0,7,7,0.14285714285714285,0.23931623931623933,0.596938775510204,,,0.42857142857142855,0.5726495726495726,0.7484008528784648,-20.476091462828013,31.12319280205631,-51.59928426488432,,,,,,,-10.754695720668817,10.62458042554591,0.2692307692307692,0.3333333333333333,0.5824087911424414,51.0,0.3333333333333333
holiday:k1:fixed,1,fixed,KG,KGS,7,2024-07…2024-12,BUY_NOW,20,25.0,3,3,0.0,0.3282442748091603,0.0,,,0.6666666666666666,0.7557251908396947,0.882154882154882,77.6555821272429,99.54663906237663,-21.891056935133733,,,,,,,0.2655446988394014,2.5007611104599357,0.1141304347826087,0.0,0.11627906976744186,68.0,0.5
holiday:k1:fixed,1,fixed,KG,KGS,8,2025-01…2025-06,BUY_NOW,20,25.0,3,3,0.0,0.02564102564102564,0.0,,,0.0,0.15384615384615385,0.0,-243.1342298207795,-221.43511533665657,-21.69911448412293,,,,,,,-29.002287648468208,-216.8797899523726,0.11602209944751381,0.0,0.5263157894736842,61.0,0.6666666666666666
holiday:k1:fixed,1,fixed,KG,KGS,9,2025-07…2025-12,BUY_NOW,20,25.0,2,2,0.5,0.2076923076923077,2.4074074074074074,,,0.5,0.5230769230769231,0.9558823529411764,90.09896881514602,-6.366992636140395,96.46596145128642,,,,,,,43.590974248376995,45.79190127765309,0.07608695652173914,0.0,0.0,123.0,0.6666666666666666
holiday:k1:fixed,1,fixed,KG,KGS,10,2026-01…2026-06,BUY_NOW,20,25.0,3,3,0.0,0.23931623931623933,0.0,,,0.3333333333333333,0.5384615384615384,0.6190476190476191,-215.24673142840751,5.753419433060342,-221.00015086146786,,,,,,,-218.38518578171428,-55.74860495058916,0.11602209944751381,0.0,0.5263157894736842,61.0,0.6666666666666666
holiday:k3:fixed,3,fixed,KG,KGS,0,2021-01…2021-06,BUY_NOW,20,25.0,19,19,0.15789473684210525,0.1440677966101695,1.0959752321981424,,,0.5263157894736842,0.5,1.0526315789473684,43.72337176533415,-8.151508733265231,51.87488049859938,,,,,,,53.46436909342193,43.02344926278339,0.7348066298342542,0.7777777777777778,1.384062259252325,54.0,0.3333333333333333
holiday:k3:fixed,3,fixed,KG,KGS,1,2021-07…2021-12,BUY_NOW,20,25.0,9,9,0.3333333333333333,0.16279069767441862,2.0476190476190474,,,0.6666666666666666,0.5348837209302325,1.2463768115942029,162.66311502977453,25.66914672872073,136.9939683010538,,,,,,,69.1126109296462,1.7872341290272875,0.3423913043478261,0.75,1.5850541612875177,63.0,0.5
holiday:k3:fixed,3,fixed,KG,KGS,2,2022-01…2022-06,BUY_NOW,20,25.0,18,18,0.16666666666666666,0.10256410256410256,1.625,,,0.16666666666666666,0.39316239316239315,0.42391304347826086,-318.87633578563083,-134.33666686632213,-184.5396689193087,,,,,,,-67.39137994977878,41.94534356113264,0.6961325966850829,0.7647058823529411,1.3479589993958596,55.0,0.3333333333333333
holiday:k3:fixed,3,fixed,KG,KGS,3,2022-07…2022-12,BUY_NOW,20,25.0,9,9,0.0,0.2846153846153846,0.0,,,0.0,0.5769230769230769,0.0,-215.8098009817904,92.68431984896502,-308.49412083075543,,,,,,,-228.39593042980368,-204.01449323861576,0.3423913043478261,0.75,1.5841899732926206,63.0,0.5
holiday:k3:fixed,3,fixed,KG,KGS,4,2023-01…2023-06,BUY_NOW,20,25.0,19,19,0.2631578947368421,0.5508474576271186,0.4777327935222672,,,0.7894736842105263,0.8389830508474576,0.9409888357256778,106.13638125778597,231.7318649254994,-125.59548366771342,,,,,,,-5.9748874569380455,-32.19190494115377,0.7348066298342542,0.7777777777777778,1.3499629624548963,56.0,0.3333333333333333
holiday:k3:fixed,3,fixed,KG,KGS,5,2023-07…2023-12,BUY_NOW,20,25.0,9,9,0.0,0.20155038759689922,0.0,,,0.3333333333333333,0.5271317829457365,0.6323529411764705,-155.73329107299102,-26.704775666556326,-129.0285154064347,,,,,,,-14.959022568442249,-80.73317962246517,0.3423913043478261,0.75,1.5850541612875177,63.0,0.5
holiday:k3:fixed,3,fixed,KG,KGS,6,2024-01…2024-06,BUY_NOW,20,25.0,20,20,0.2,0.23931623931623933,0.8357142857142857,,,0.45,0.5726495726495726,0.7858208955223881,-2.559180640914815,31.12319280205631,-33.68237344297113,,,,,,,1.1308532356477081,16.955357983834517,0.7692307692307693,0.7894736842105263,1.3351196121315216,51.0,0.3333333333333333
holiday:k3:fixed,3,fixed,KG,KGS,7,2024-07…2024-12,BUY_NOW,20,25.0,9,9,0.1111111111111111,0.3282442748091603,0.33850129198966405,,,0.7777777777777778,0.7557251908396947,1.0291806958473624,110.86325932515659,99.54663906237663,11.316620262779963,,,,,,,40.60840420518822,26.47308614350251,0.3423913043478261,0.75,1.5909090909090908,64.0,0.5
holiday:k3:fixed,3,fixed,KG,KGS,8,2025-01…2025-06,BUY_NOW,20,25.0,9,9,0.1111111111111111,0.02564102564102564,4.333333333333333,,,0.2222222222222222,0.15384615384615385,1.4444444444444442,-181.27153815609648,-221.43511533665657,40.16357718056008,,,,,,,41.67485393838155,-128.95722742485344,0.34806629834254144,0.75,1.708800749063506,61.0,0.6666666666666666
holiday:k3:fixed,3,fixed,KG,KGS,9,2025-07…2025-12,BUY_NOW,20,25.0,6,6,0.5,0.2076923076923077,2.4074074074074074,,,0.5,0.5230769230769231,0.9558823529411764,108.50547462452285,-6.366992636140395,114.87246726066324,,,,,,,66.63292531038978,82.04677520797564,0.2282608695652174,0.8,1.8863636363636365,119.0,0.6666666666666666
holiday:k3:fixed,3,fixed,KG,KGS,10,2026-01…2026-06,BUY_NOW,20,25.0,9,9,0.2222222222222222,0.23931623931623933,0.9285714285714285,,,0.3333333333333333,0.5384615384615384,0.6190476190476191,-156.75107872555068,5.753419433060342,-162.50449815861103,,,,,,,-174.56363765175934,-35.031736085539244,0.34806629834254144,0.75,1.708800749063506,61.0,0.6666666666666666
holiday:k5:fixed,5,fixed,KG,KGS,0,2021-01…2021-06,BUY_NOW,20,25.0,29,29,0.13793103448275862,0.1440677966101695,0.9574036511156186,,,0.5862068965517241,0.5,1.1724137931034482,55.997226398799285,-8.151508733265231,64.14873513206452,,,,,,,59.17416804011729,60.800068623037596,1.1215469613259668,0.8571428571428571,1.4171324789199906,54.0,0.3333333333333333
holiday:k5:fixed,5,fixed,KG,KGS,1,2021-07…2021-12,BUY_NOW,20,25.0,15,15,0.4666666666666667,0.16279069767441862,2.8666666666666667,,,0.6666666666666666,0.5348837209302325,1.2463768115942029,177.27789975263033,25.66914672872073,151.6087530239096,,,,,,,92.81132120544854,36.24649800131738,0.5706521739130435,0.8571428571428571,2.081784609534288,59.0,0.3333333333333333
holiday:k5:fixed,5,fixed,KG,KGS,2,2022-01…2022-06,BUY_NOW,20,25.0,28,28,0.17857142857142858,0.10256410256410256,1.7410714285714286,,,0.21428571428571427,0.39316239316239315,0.5450310559006211,-246.4966584351329,-134.33666686632213,-112.15999156881077,,,,,,,-62.06747938503134,45.739192784103906,1.0828729281767955,0.8518518518518519,1.3898374989209732,55.0,0.3333333333333333
holiday:k5:fixed,5,fixed,KG,KGS,3,2022-07…2022-12,BUY_NOW,20,25.0,15,15,0.0,0.2846153846153846,0.0,,,0.13333333333333333,0.5769230769230769,0.23111111111111113,-163.14186521128156,92.68431984896502,-255.8261850602466,,,,,,,-196.51526341557528,-126.2931696539887,0.5706521739130435,0.8571428571428571,2.082613287797059,59.0,0.3333333333333333
holiday:k5:fixed,5,fixed,KG,KGS,4,2023-01…2023-06,BUY_NOW,20,25.0,29,29,0.3448275862068966,0.5508474576271186,0.6259946949602123,,,0.7931034482758621,0.8389830508474576,0.9453152211772902,125.65061071143234,231.7318649254994,-106.08125421406706,,,,,,,-13.131967196220115,25.125186741998856,1.1215469613259668,0.8928571428571429,1.3554623220543152,56.0,0.3333333333333333
holiday:k5:fixed,5,fixed,KG,KGS,5,2023-07…2023-12,BUY_NOW,20,25.0,15,15,0.13333333333333333,0.20155038759689922,0.6615384615384615,,,0.3333333333333333,0.5271317829457365,0.6323529411764705,-142.50116150514185,-26.704775666556326,-115.79638583858552,,,,,,,-4.68399968871817,-59.77140508349543,0.5706521739130435,0.8571428571428571,2.081784609534288,61.0,0.3333333333333333
holiday:k5:fixed,5,fixed,KG,KGS,6,2024-01…2024-06,BUY_NOW,20,25.0,30,30,0.26666666666666666,0.23931623931623933,1.1142857142857143,,,0.5,0.5726495726495726,0.873134328358209,-1.1425305101513763,31.12319280205631,-32.26572331220768,,,,,,,-9.785593624946136,7.187686724314945,1.1538461538461537,0.8620689655172413,1.3133794982590477,51.0,0.3333333333333333
holiday:k5:fixed,5,fixed,KG,KGS,7,2024-07…2024-12,BUY_NOW,20,25.0,15,15,0.2,0.3282442748091603,0.6093023255813954,,,0.8666666666666667,0.7557251908396947,1.1468013468013467,110.40351170111802,99.54663906237663,10.856872638741393,,,,,,,49.97568365116548,25.05473785723625,0.5706521739130435,0.8571428571428571,2.0892434687237715,62.0,0.3333333333333333
holiday:k5:fixed,5,fixed,KG,KGS,8,2025-01…2025-06,BUY_NOW,20,25.0,15,15,0.06666666666666667,0.02564102564102564,2.6,,,0.2,0.15384615384615385,1.3,-188.85333376496104,-221.43511533665657,32.58178157169553,,,,,,,43.1540704153388,-119.45692250806009,0.580110497237569,0.8571428571428571,2.0625150312102587,61.0,0.6666666666666666
holiday:k5:fixed,5,fixed,KG,KGS,9,2025-07…2025-12,BUY_NOW,20,25.0,10,10,0.3,0.2076923076923077,1.4444444444444444,,,0.5,0.5230769230769231,0.9558823529411764,86.17229996982245,-6.366992636140395,92.53929260596284,,,,,,,49.691803101948196,63.26592266130471,0.3804347826086957,0.8888888888888888,2.545584412271571,117.0,0.6666666666666666
holiday:k5:fixed,5,fixed,KG,KGS,10,2026-01…2026-06,BUY_NOW,20,25.0,15,15,0.26666666666666666,0.23931623931623933,1.1142857142857143,,,0.3333333333333333,0.5384615384615384,0.6190476190476191,-87.47640669857499,5.753419433060342,-93.22982613163533,,,,,,,-115.64538715112094,8.011094787133683,0.580110497237569,0.8571428571428571,2.0625150312102587,61.0,0.6666666666666666
holiday:k1:all,1,all,AM,AMD,0,2021-01…2021-06,BUY_NOW,20,25.0,6,6,0.0,0.1864406779661017,0.0,,,0.16666666666666666,0.5508474576271186,0.30256410256410254,-83.64970442434172,43.40759409925216,-127.05729852359389,,,,,,,-20.420282426242093,-53.00298892107073,0.23204419889502761,0.0,0.7200287521524641,49.0,0.3333333333333333
holiday:k1:all,1,all,AM,AMD,1,2021-07…2021-12,BUY_NOW,20,25.0,3,3,0.0,0.13953488372093023,0.0,,,1.0,0.6589147286821705,1.5176470588235296,128.58647695244807,51.49644441112181,77.09003254132625,,,,,,,-76.21119107149316,44.68673806548437,0.1141304347826087,0.0,0.11811023622047244,101.0,0.5
holiday:k1:all,1,all,AM,AMD,2,2022-01…2022-06,BUY_NOW,20,25.0,6,6,0.0,0.10256410256410256,0.0,,,0.0,0.42735042735042733,0.0,-638.4115283209046,-7.685668238494408,-630.7258600824102,,,,,,,-305.87751536415595,-226.11939800465643,0.23204419889502761,0.2,0.733143914930759,48.0,0.3333333333333333
holiday:k1:all,1,all,AM,AMD,3,2022-07…2022-12,BUY_NOW,20,25.0,3,3,0.0,0.26153846153846155,0.0,,,0.6666666666666666,0.6692307692307692,0.9961685823754789,229.60311869529812,176.90563882369997,52.69747987159815,,,,,,,44.003728410952895,151.81004112276852,0.1141304347826087,0.0,0.125,101.0,0.5
holiday:k1:all,1,all,AM,AMD,4,2023-01…2023-06,BUY_NOW,20,25.0,6,6,0.3333333333333333,0.559322033898305,0.595959595959596,,,0.6666666666666666,0.8389830508474576,0.7946127946127945,178.70621628447438,274.3772909876495,-95.6710747031751,,,,,,,86.65683553669645,20.410941458668017,0.23204419889502761,0.0,0.6995317407416759,45.0,0.3333333333333333
holiday:k1:all,1,all,AM,AMD,5,2023-07…2023-12,BUY_NOW,20,25.0,3,3,0.3333333333333333,0.17829457364341086,1.8695652173913042,,,0.3333333333333333,0.4263565891472868,0.7818181818181819,-43.336042551557206,-49.59380850488834,6.2577659533311305,,,,,,,-102.11166660319218,-75.89296108463594,0.1141304347826087,0.0,0.11811023622047244,100.0,0.5
holiday:k1:all,1,all,AM,AMD,6,2024-01…2024-06,BUY_NOW,20,25.0,6,6,0.16666666666666666,0.2564102564102564,0.65,,,0.3333333333333333,0.5641025641025641,0.5909090909090908,-8.793062942733705,32.11626266314577,-40.909325605879474,,,,,,,24.17083725701171,35.80941084733374,0.23076923076923078,0.0,0.7342087577794206,47.0,0.3333333333333333
holiday:k1:all,1,all,AM,AMD,7,2024-07…2024-12,BUY_NOW,20,25.0,3,3,0.0,0.31297709923664124,0.0,,,0.3333333333333333,0.6946564885496184,0.4798534798534798,-10.030874759670382,96.36585439104611,-106.3967291507165,,,,,,,-39.30063933002437,18.411389527711595,0.1141304347826087,0.0,0.11811023622047244,99.0,0.5
holiday:k1:all,1,all,AM,AMD,8,2025-01…2025-06,BUY_NOW,20,25.0,6,6,0.0,0.05128205128205128,0.0,,,0.0,0.20512820512820512,0.0,-171.6040412901267,-189.98254467009855,18.378503379971846,,,,,,,14.513544716081753,-34.56357192760847,0.23204419889502761,0.2,0.753338790803927,47.0,0.3333333333333333
holiday:k1:all,1,all,AM,AMD,9,2025-07…2025-12,BUY_NOW,20,25.0,3,3,0.0,0.23076923076923078,0.0,,,0.3333333333333333,0.5461538461538461,0.6103286384976526,-87.40209204833131,3.4633601708443584,-90.86545221917567,,,,,,,-75.85566775691518,-39.90762630336523,0.1141304347826087,0.0,0.12698412698412698,102.0,0.5
holiday:k1:all,1,all,AM,AMD,10,2026-01…2026-06,BUY_NOW,20,25.0,6,6,0.16666666666666666,0.24786324786324787,0.6724137931034482,,,0.5,0.5641025641025641,0.8863636363636364,9.02624141829566,34.533119178883084,-25.50687776058742,,,,,,,73.16499623357879,77.52215260971917,0.23204419889502761,0.0,0.7072607287440564,48.0,0.3333333333333333
holiday:k3:all,3,all,AM,AMD,0,2021-01…2021-06,BUY_NOW,20,25.0,19,19,0.0,0.1864406779661017,0.0,,,0.21052631578947367,0.5508474576271186,0.3821862348178138,-80.91103687852123,43.40759409925216,-124.31863097777338,,,,,,,-38.9928458737873,-46.25037110190677,0.7348066298342542,0.7777777777777778,1.6052201071126668,47.0,0.16666666666666666
holiday:k3:all,3,all,AM,AMD,1,2021-07…2021-12,BUY_NOW,20,25.0,8,8,0.625,0.13953488372093023,4.479166666666667,,,1.0,0.6589147286821705,1.5176470588235296,264.8951025360971,51.49644441112181,213.3986581249753,,,,,,,75.10027324439463,160.5108244827609,0.30434782608695654,0.7142857142857143,1.5106635933216568,99.0,0.5
holiday:k3:all,3,all,AM,AMD,2,2022-01…2022-06,BUY_NOW,20,25.0,19,19,0.10526315789473684,0.10256410256410256,1.0263157894736843,,,0.10526315789473684,0.42735042735042733,0.2463157894736842,-516.0455777767904,-7.685668238494408,-508.359909538296,,,,,,,-224.41236742479774,-95.11591720145636,0.7348066298342542,0.7777777777777778,1.6144753365241904,46.0,0.16666666666666666
holiday:k3:all,3,all,AM,AMD,3,2022-07…2022-12,BUY_NOW,20,25.0,8,8,0.125,0.26153846153846155,0.4779411764705882,,,0.625,0.6692307692307692,0.9339080459770116,141.03127922447277,176.90563882369997,-35.874359599227205,,,,,,,-22.883920736483503,20.816443380130977,0.30434782608695654,0.7142857142857143,1.5132370683718552,99.0,0.5
holiday:k3:all,3,all,AM,AMD,4,2023-01…2023-06,BUY_NOW,20,25.0,19,19,0.3684210526315789,0.559322033898305,0.6586921850079746,,,0.6842105263157895,0.8389830508474576,0.8155236576289209,122.0870744384331,274.3772909876495,-152.29021654921638,,,,,,,16.742990214903056,-8.308350518069215,0.7348066298342542,0.7777777777777778,1.584877514098133,43.0,0.16666666666666666
holiday:k3:all,3,all,AM,AMD,5,2023-07…2023-12,BUY_NOW,20,25.0,8,8,0.25,0.17829457364341086,1.4021739130434783,,,0.25,0.4263565891472868,0.5863636363636364,-90.07997751643501,-49.59380850488834,-40.48616901154667,,,,,,,-117.93657156824067,-85.2877509483188,0.30434782608695654,0.7142857142857143,1.5106635933216568,98.0,0.5
holiday:k3:all,3,all,AM,AMD,6,2024-01…2024-06,BUY_NOW,20,25.0,18,18,0.2222222222222222,0.2564102564102564,0.8666666666666667,,,0.3333333333333333,0.5641025641025641,0.5909090909090908,0.7838549668407819,32.11626266314577,-31.332407696304987,,,,,,,34.06977087037966,29.329812882193014,0.6923076923076923,0.8235294117647058,1.8034767137365226,43.0,0.3333333333333333
holiday:k3:all,3,all,AM,AMD,7,2024-07…2024-12,BUY_NOW,20,25.0,9,9,0.1111111111111111,0.31297709923664124,0.3550135501355013,,,0.4444444444444444,0.6946564885496184,0.6398046398046398,46.300049896964694,96.36585439104611,-50.06580449408142,,,,,,,23.937575979063624,75.75941954008323,0.3423913043478261,0.75,1.6411971341588079,97.0,0.5
holiday:k3:all,3,all,AM,AMD,8,2025-01…2025-06,BUY_NOW,20,25.0,18,18,0.05555555555555555,0.05128205128205128,1.0833333333333333,,,0.1111111111111111,0.20512820512820512,0.5416666666666666,-177.17601283518417,-189.98254467009855,12.80653183491438,,,,,,,10.070993560770184,-71.75771343872562,0.6961325966850829,0.8235294117647058,1.834569774771023,45.0,0.3333333333333333
holiday:k3:all,3,all,AM,AMD,9,2025-07…2025-12,BUY_NOW,20,25.0,9,9,0.0,0.23076923076923078,0.0,,,0.5555555555555556,0.5461538461538461,1.0172143974960879,-47.358249629309256,3.4633601708443584,-50.82160980015362,,,,,,,-39.565077575121194,26.217155647680286,0.3423913043478261,0.75,1.6429299285118644,98.0,0.5
holiday:k3:all,3,all,AM,AMD,10,2026-01…2026-06,BUY_NOW,20,25.0,18,18,0.2222222222222222,0.24786324786324787,0.8965517241379309,,,0.5555555555555556,0.5641025641025641,0.9848484848484849,14.48716685666479,34.533119178883084,-20.04595232221829,,,,,,,86.8210362477223,41.671677352493205,0.6961325966850829,0.8235294117647058,1.7769769438075245,46.0,0.3333333333333333
holiday:k5:all,5,all,AM,AMD,0,2021-01…2021-06,BUY_NOW,20,25.0,32,32,0.0625,0.1864406779661017,0.3352272727272727,,,0.3125,0.5508474576271186,0.5673076923076923,-51.07551247367378,43.40759409925216,-94.48310657292595,,,,,,,-28.187678725635486,-8.031197930469805,1.2375690607734806,0.8709677419354839,2.010870215516459,45.0,0.16666666666666666
holiday:k5:all,5,all,AM,AMD,1,2021-07…2021-12,BUY_NOW,20,25.0,12,12,0.5833333333333334,0.13953488372093023,4.180555555555556,,,1.0,0.6589147286821705,1.5176470588235296,286.5851272044799,51.49644441112181,235.08868279335806,,,,,,,120.93673504812061,205.41218014547698,0.4565217391304348,0.8181818181818182,1.9583991289922233,95.0,0.5
holiday:k5:all,5,all,AM,AMD,2,2022-01…2022-06,BUY_NOW,20,25.0,31,31,0.0967741935483871,0.10256410256410256,0.9435483870967742,,,0.22580645161290322,0.42735042735042733,0.5283870967741936,-310.45939813524285,-7.685668238494408,-302.7737298967484,,,,,,,-89.31048759059709,140.88147926408755,1.1988950276243093,0.8666666666666667,1.9768288277357693,44.0,0.16666666666666666
holiday:k5:all,5,all,AM,AMD,3,2022-07…2022-12,BUY_NOW,20,25.0,12,12,0.08333333333333333,0.26153846153846155,0.31862745098039214,,,0.5833333333333334,0.6692307692307692,0.8716475095785442,87.90637923556316,176.90563882369997,-88.99925958813681,,,,,,,-62.3595128108939,9.421408696322993,0.4565217391304348,0.8181818181818182,1.9621133577844951,97.0,0.5
holiday:k5:all,5,all,AM,AMD,4,2023-01…2023-06,BUY_NOW,20,25.0,32,32,0.40625,0.559322033898305,0.7263257575757577,,,0.65625,0.8389830508474576,0.7821969696969697,125.0635559156018,274.3772909876495,-149.31373507204768,,,,,,,-1.1556499289330437,25.419691350146678,1.2375690607734806,0.8709677419354839,1.979853106860334,41.0,0.16666666666666666
holiday:k5:all,5,all,AM,AMD,5,2023-07…2023-12,BUY_NOW,20,25.0,12,12,0.16666666666666666,0.17829457364341086,0.9347826086956521,,,0.16666666666666666,0.4263565891472868,0.39090909090909093,-129.21584327476606,-49.59380850488834,-79.62203476987773,,,,,,,-127.55175939801022,-101.59644265276613,0.4565217391304348,0.8181818181818182,1.9583991289922233,96.0,0.5
holiday:k5:all,5,all,AM,AMD,6,2024-01…2024-06,BUY_NOW,20,25.0,30,30,0.2,0.2564102564102564,0.7800000000000001,,,0.36666666666666664,0.5641025641025641,0.6499999999999999,6.598026930734784,32.11626266314577,-25.518235732410986,,,,,,,38.47395664856198,19.18685963831124,1.1538461538461537,0.8620689655172413,1.9930440658552713,41.0,0.16666666666666666
holiday:k5:all,5,all,AM,AMD,7,2024-07…2024-12,BUY_NOW,20,25.0,14,14,0.21428571428571427,0.31297709923664124,0.6846689895470383,,,0.6428571428571429,0.6946564885496184,0.9254317111459969,79.59570498173434,96.36585439104611,-16.77014940931177,,,,,,,65.97362914909904,110.90050440051205,0.532608695652174,0.8461538461538461,2.131088562575113,95.0,0.5
holiday:k5:all,5,all,AM,AMD,8,2025-01…2025-06,BUY_NOW,20,25.0,29,29,0.034482758620689655,0.05128205128205128,0.6724137931034483,,,0.13793103448275862,0.20512820512820512,0.6724137931034483,-172.25301604143291,-189.98254467009855,17.729528628665634,,,,,,,13.073786080336685,-68.54839765341971,1.1215469613259668,0.8571428571428571,1.9728959030243067,41.0,0.16666666666666666
holiday:k5:all,5,all,AM,AMD,9,2025-07…2025-12,BUY_NOW,20,25.0,14,14,0.0,0.23076923076923078,0.0,,,0.42857142857142855,0.5461538461538461,0.7847082494969819,-42.204968038181576,3.4633601708443584,-45.66832820902594,,,,,,,-37.55898752520843,43.116196331703144,0.532608695652174,0.8461538461538461,2.132445281180958,96.0,0.5
holiday:k5:all,5,all,AM,AMD,10,2026-01…2026-06,BUY_NOW,20,25.0,32,32,0.21875,0.24786324786324787,0.8825431034482758,,,0.46875,0.5641025641025641,0.8309659090909091,-0.32781680352429365,34.533119178883084,-34.860935982407376,,,,,,,57.12480017864101,10.533436844245397,1.2375690607734806,0.8709677419354839,2.025702612522422,42.0,0.16666666666666666
holiday:k1:major,1,major,AM,AMD,0,2021-01…2021-06,BUY_NOW,20,25.0,0,0,,0.1864406779661017,,,,,0.5508474576271186,,,43.40759409925216,,,,,,,,,,0.0,,,170.0,1.0
holiday:k1:major,1,major,AM,AMD,1,2021-07…2021-12,BUY_NOW,20,25.0,2,2,0.0,0.13953488372093023,0.0,,,1.0,0.6589147286821705,1.5176470588235296,118.33350438889778,51.49644441112181,66.83705997777597,,,,,,,-40.53844805327389,10.302258697227344,0.07608695652173914,0.0,0.0,101.0,0.6666666666666666
holiday:k1:major,1,major,AM,AMD,2,2022-01…2022-06,BUY_NOW,20,25.0,0,0,,0.10256410256410256,,,,,0.42735042735042733,,,-7.685668238494408,,,,,,,,,,0.0,,,171.0,1.0
holiday:k1:major,1,major,AM,AMD,3,2022-07…2022-12,BUY_NOW,20,25.0,2,2,0.0,0.26153846153846155,0.0,,,0.5,0.6692307692307692,0.7471264367816093,25.30249047590307,176.90563882369997,-151.6031483477969,,,,,,,-63.08361158855246,-290.17682500919625,0.07608695652173914,0.0,0.0,101.0,0.6666666666666666
holiday:k1:major,1,major,AM,AMD,4,2023-01…2023-06,BUY_NOW,20,25.0,0,0,,0.559322033898305,,,,,0.8389830508474576,,,274.3772909876495,,,,,,,,,,0.0,,,172.0,1.0
holiday:k1:major,1,major,AM,AMD,5,2023-07…2023-12,BUY_NOW,20,25.0,2,2,0.0,0.17829457364341086,0.0,,,0.0,0.4263565891472868,0.0,-132.02242194873259,-49.59380850488834,-82.42861344384426,,,,,,,-35.82121035028418,-155.39970940707025,0.07608695652173914,0.0,0.0,100.0,0.6666666666666666
holiday:k1:major,1,major,AM,AMD,6,2024-01…2024-06,BUY_NOW,20,25.0,0,0,,0.2564102564102564,,,,,0.5641025641025641,,,32.11626266314577,,,,,,,,,,0.0,,,171.0,1.0
holiday:k1:major,1,major,AM,AMD,7,2024-07…2024-12,BUY_NOW,20,25.0,2,2,0.0,0.31297709923664124,0.0,,,0.5,0.6946564885496184,0.7197802197802198,34.288435936504214,96.36585439104611,-62.0774184545419,,,,,,,-15.535125911190775,41.309562674182175,0.07608695652173914,0.0,0.0,99.0,0.6666666666666666
holiday:k1:major,1,major,AM,AMD,8,2025-01…2025-06,BUY_NOW,20,25.0,0,0,,0.05128205128205128,,,,,0.20512820512820512,,,-189.98254467009855,,,,,,,,,,0.0,,,172.0,1.0
holiday:k1:major,1,major,AM,AMD,9,2025-07…2025-12,BUY_NOW,20,25.0,2,2,0.0,0.23076923076923078,0.0,,,0.0,0.5461538461538461,0.0,-143.32884263766886,3.4633601708443584,-146.79220280851322,,,,,,,-112.06595647593853,-4.100626049056144,0.07608695652173914,0.0,0.0,102.0,0.6666666666666666
holiday:k1:major,1,major,AM,AMD,10,2026-01…2026-06,BUY_NOW,20,25.0,0,0,,0.24786324786324787,,,,,0.5641025641025641,,,34.533119178883084,,,,,,,,,,0.0,,,169.0,1.0
holiday:k3:major,3,major,AM,AMD,0,2021-01…2021-06,BUY_NOW,20,25.0,0,0,,0.1864406779661017,,,,,0.5508474576271186,,,43.40759409925216,,,,,,,,,,0.0,,,170.0,1.0
holiday:k3:major,3,major,AM,AMD,1,2021-07…2021-12,BUY_NOW,20,25.0,6,6,0.6666666666666666,0.13953488372093023,4.777777777777778,,,1.0,0.6589147286821705,1.5176470588235296,287.9352220470747,51.49644441112181,236.4387776359529,,,,,,,134.94574335135067,141.78922021445237,0.2282608695652174,0.8,1.8630136986301369,99.0,0.6666666666666666
holiday:k3:major,3,major,AM,AMD,2,2022-01…2022-06,BUY_NOW,20,25.0,0,0,,0.10256410256410256,,,,,0.42735042735042733,,,-7.685668238494408,,,,,,,,,,0.0,,,171.0,1.0
holiday:k3:major,3,major,AM,AMD,3,2022-07…2022-12,BUY_NOW,20,25.0,6,6,0.0,0.26153846153846155,0.0,,,0.5,0.6692307692307692,0.7471264367816093,-59.278327698803274,176.90563882369997,-236.18396652250325,,,,,,,-157.18635827182155,-364.7429977720246,0.2282608695652174,0.8,1.864864864864865,99.0,0.6666666666666666
holiday:k3:major,3,major,AM,AMD,4,2023-01…2023-06,BUY_NOW,20,25.0,0,0,,0.559322033898305,,,,,0.8389830508474576,,,274.3772909876495,,,,,,,,,,0.0,,,172.0,1.0
holiday:k3:major,3,major,AM,AMD,5,2023-07…2023-12,BUY_NOW,20,25.0,6,6,0.0,0.17829457364341086,0.0,,,0.0,0.4263565891472868,0.0,-170.03890421662416,-49.59380850488834,-120.44509571173583,,,,,,,-81.08899456090741,-167.528198872563,0.2282608695652174,0.8,1.8630136986301369,98.0,0.6666666666666666
holiday:k3:major,3,major,AM,AMD,6,2024-01…2024-06,BUY_NOW,20,25.0,0,0,,0.2564102564102564,,,,,0.5641025641025641,,,32.11626266314577,,,,,,,,,,0.0,,,171.0,1.0
holiday:k3:major,3,major,AM,AMD,7,2024-07…2024-12,BUY_NOW,20,25.0,6,6,0.16666666666666666,0.31297709923664124,0.532520325203252,,,0.6666666666666666,0.6946564885496184,0.9597069597069596,105.14676663402868,96.36585439104611,8.780912242982566,,,,,,,67.03365810631264,117.65943568401364,0.2282608695652174,0.8,1.8630136986301369,97.0,0.6666666666666666
holiday:k3:major,3,major,AM,AMD,8,2025-01…2025-06,BUY_NOW,20,25.0,0,0,,0.05128205128205128,,,,,0.20512820512820512,,,-189.98254467009855,,,,,,,,,,0.0,,,172.0,1.0
holiday:k3:major,3,major,AM,AMD,9,2025-07…2025-12,BUY_NOW,20,25.0,6,6,0.0,0.23076923076923078,0.0,,,0.3333333333333333,0.5461538461538461,0.6103286384976526,-84.9490303752363,3.4633601708443584,-88.41239054608066,,,,,,,-62.438207126081146,80.65801840748453,0.2282608695652174,0.8,1.8630136986301369,98.0,0.6666666666666666
holiday:k3:major,3,major,AM,AMD,10,2026-01…2026-06,BUY_NOW,20,25.0,0,0,,0.24786324786324787,,,,,0.5641025641025641,,,34.533119178883084,,,,,,,,,,0.0,,,169.0,1.0
holiday:k5:major,5,major,AM,AMD,0,2021-01…2021-06,BUY_NOW,20,25.0,0,0,,0.1864406779661017,,,,,0.5508474576271186,,,43.40759409925216,,,,,,,,,,0.0,,,170.0,1.0
holiday:k5:major,5,major,AM,AMD,1,2021-07…2021-12,BUY_NOW,20,25.0,10,10,0.6,0.13953488372093023,4.3,,,1.0,0.6589147286821705,1.5176470588235296,304.747203844743,51.49644441112181,253.2507594336212,,,,,,,166.0113094730394,203.15948871703503,0.3804347826086957,0.8888888888888888,2.489015869776647,95.0,0.6666666666666666
holiday:k5:major,5,major,AM,AMD,2,2022-01…2022-06,BUY_NOW,20,25.0,0,0,,0.10256410256410256,,,,,0.42735042735042733,,,-7.685668238494408,,,,,,,,,,0.0,,,171.0,1.0
holiday:k5:major,5,major,AM,AMD,3,2022-07…2022-12,BUY_NOW,20,25.0,10,10,0.0,0.26153846153846155,0.0,,,0.5,0.6692307692307692,0.7471264367816093,-42.904364916184434,176.90563882369997,-219.8100037398844,,,,,,,-150.8360937469788,-224.1932629317319,0.3804347826086957,0.8888888888888888,2.493481807342036,97.0,0.6666666666666666
holiday:k5:major,5,major,AM,AMD,4,2023-01…2023-06,BUY_NOW,20,25.0,0,0,,0.559322033898305,,,,,0.8389830508474576,,,274.3772909876495,,,,,,,,,,0.0,,,172.0,1.0
holiday:k5:major,5,major,AM,AMD,5,2023-07…2023-12,BUY_NOW,20,25.0,10,10,0.0,0.17829457364341086,0.0,,,0.0,0.4263565891472868,0.0,-185.01837244654573,-49.59380850488834,-135.4245639416574,,,,,,,-107.3662507595642,-154.20244974820207,0.3804347826086957,0.8888888888888888,2.489015869776647,96.0,0.6666666666666666
holiday:k5:major,5,major,AM,AMD,6,2024-01…2024-06,BUY_NOW,20,25.0,0,0,,0.2564102564102564,,,,,0.5641025641025641,,,32.11626266314577,,,,,,,,,,0.0,,,171.0,1.0
holiday:k5:major,5,major,AM,AMD,7,2024-07…2024-12,BUY_NOW,20,25.0,10,10,0.3,0.31297709923664124,0.9585365853658535,,,0.8,0.6946564885496184,1.1516483516483516,129.81276805723218,96.36585439104611,33.44691366618606,,,,,,,106.87123477872251,147.22205027274816,0.3804347826086957,0.8888888888888888,2.489015869776647,95.0,0.6666666666666666
holiday:k5:major,5,major,AM,AMD,8,2025-01…2025-06,BUY_NOW,20,25.0,0,0,,0.05128205128205128,,,,,0.20512820512820512,,,-189.98254467009855,,,,,,,,,,0.0,,,172.0,1.0
holiday:k5:major,5,major,AM,AMD,9,2025-07…2025-12,BUY_NOW,20,25.0,10,10,0.0,0.23076923076923078,0.0,,,0.2,0.5461538461538461,0.3661971830985916,-73.7578380778211,3.4633601708443584,-77.22119824866546,,,,,,,-60.473376746861824,85.41755650336104,0.3804347826086957,0.8888888888888888,2.489015869776647,96.0,0.6666666666666666
holiday:k5:major,5,major,AM,AMD,10,2026-01…2026-06,BUY_NOW,20,25.0,0,0,,0.24786324786324787,,,,,0.5641025641025641,,,34.533119178883084,,,,,,,,,,0.0,,,169.0,1.0
holiday:k1:fixed,1,fixed,AM,AMD,0,2021-01…2021-06,BUY_NOW,20,25.0,6,6,0.0,0.1864406779661017,0.0,,,0.16666666666666666,0.5508474576271186,0.30256410256410254,-83.64970442434172,43.40759409925216,-127.05729852359389,,,,,,,-20.420282426242093,-53.00298892107073,0.23204419889502761,0.0,0.7200287521524641,49.0,0.3333333333333333
holiday:k1:fixed,1,fixed,AM,AMD,1,2021-07…2021-12,BUY_NOW,20,25.0,3,3,0.0,0.13953488372093023,0.0,,,1.0,0.6589147286821705,1.5176470588235296,128.58647695244807,51.49644441112181,77.09003254132625,,,,,,,-76.21119107149316,44.68673806548437,0.1141304347826087,0.0,0.11811023622047244,101.0,0.5
holiday:k1:fixed,1,fixed,AM,AMD,2,2022-01…2022-06,BUY_NOW,20,25.0,6,6,0.0,0.10256410256410256,0.0,,,0.0,0.42735042735042733,0.0,-638.4115283209046,-7.685668238494408,-630.7258600824102,,,,,,,-305.87751536415595,-226.11939800465643,0.23204419889502761,0.2,0.733143914930759,48.0,0.3333333333333333
holiday:k1:fixed,1,fixed,AM,AMD,3,2022-07…2022-12,BUY_NOW,20,25.0,3,3,0.0,0.26153846153846155,0.0,,,0.6666666666666666,0.6692307692307692,0.9961685823754789,229.60311869529812,176.90563882369997,52.69747987159815,,,,,,,44.003728410952895,151.81004112276852,0.1141304347826087,0.0,0.125,101.0,0.5
holiday:k1:fixed,1,fixed,AM,AMD,4,2023-01…2023-06,BUY_NOW,20,25.0,6,6,0.3333333333333333,0.559322033898305,0.595959595959596,,,0.6666666666666666,0.8389830508474576,0.7946127946127945,178.70621628447438,274.3772909876495,-95.6710747031751,,,,,,,86.65683553669645,20.410941458668017,0.23204419889502761,0.0,0.6995317407416759,45.0,0.3333333333333333
holiday:k1:fixed,1,fixed,AM,AMD,5,2023-07…2023-12,BUY_NOW,20,25.0,3,3,0.3333333333333333,0.17829457364341086,1.8695652173913042,,,0.3333333333333333,0.4263565891472868,0.7818181818181819,-43.336042551557206,-49.59380850488834,6.2577659533311305,,,,,,,-102.11166660319218,-75.89296108463594,0.1141304347826087,0.0,0.11811023622047244,100.0,0.5
holiday:k1:fixed,1,fixed,AM,AMD,6,2024-01…2024-06,BUY_NOW,20,25.0,6,6,0.16666666666666666,0.2564102564102564,0.65,,,0.3333333333333333,0.5641025641025641,0.5909090909090908,-8.793062942733705,32.11626266314577,-40.909325605879474,,,,,,,24.17083725701171,35.80941084733374,0.23076923076923078,0.0,0.7342087577794206,47.0,0.3333333333333333
holiday:k1:fixed,1,fixed,AM,AMD,7,2024-07…2024-12,BUY_NOW,20,25.0,3,3,0.0,0.31297709923664124,0.0,,,0.3333333333333333,0.6946564885496184,0.4798534798534798,-10.030874759670382,96.36585439104611,-106.3967291507165,,,,,,,-39.30063933002437,18.411389527711595,0.1141304347826087,0.0,0.11811023622047244,99.0,0.5
holiday:k1:fixed,1,fixed,AM,AMD,8,2025-01…2025-06,BUY_NOW,20,25.0,6,6,0.0,0.05128205128205128,0.0,,,0.0,0.20512820512820512,0.0,-171.6040412901267,-189.98254467009855,18.378503379971846,,,,,,,14.513544716081753,-34.56357192760847,0.23204419889502761,0.2,0.753338790803927,47.0,0.3333333333333333
holiday:k1:fixed,1,fixed,AM,AMD,9,2025-07…2025-12,BUY_NOW,20,25.0,3,3,0.0,0.23076923076923078,0.0,,,0.3333333333333333,0.5461538461538461,0.6103286384976526,-87.40209204833131,3.4633601708443584,-90.86545221917567,,,,,,,-75.85566775691518,-39.90762630336523,0.1141304347826087,0.0,0.12698412698412698,102.0,0.5
holiday:k1:fixed,1,fixed,AM,AMD,10,2026-01…2026-06,BUY_NOW,20,25.0,6,6,0.16666666666666666,0.24786324786324787,0.6724137931034482,,,0.5,0.5641025641025641,0.8863636363636364,9.02624141829566,34.533119178883084,-25.50687776058742,,,,,,,73.16499623357879,77.52215260971917,0.23204419889502761,0.0,0.7072607287440564,48.0,0.3333333333333333
holiday:k3:fixed,3,fixed,AM,AMD,0,2021-01…2021-06,BUY_NOW,20,25.0,19,19,0.0,0.1864406779661017,0.0,,,0.21052631578947367,0.5508474576271186,0.3821862348178138,-80.91103687852123,43.40759409925216,-124.31863097777338,,,,,,,-38.9928458737873,-46.25037110190677,0.7348066298342542,0.7777777777777778,1.6052201071126668,47.0,0.16666666666666666
holiday:k3:fixed,3,fixed,AM,AMD,1,2021-07…2021-12,BUY_NOW,20,25.0,8,8,0.625,0.13953488372093023,4.479166666666667,,,1.0,0.6589147286821705,1.5176470588235296,264.8951025360971,51.49644441112181,213.3986581249753,,,,,,,75.10027324439463,160.5108244827609,0.30434782608695654,0.7142857142857143,1.5106635933216568,99.0,0.5
holiday:k3:fixed,3,fixed,AM,AMD,2,2022-01…2022-06,BUY_NOW,20,25.0,19,19,0.10526315789473684,0.10256410256410256,1.0263157894736843,,,0.10526315789473684,0.42735042735042733,0.2463157894736842,-516.0455777767904,-7.685668238494408,-508.359909538296,,,,,,,-224.41236742479774,-95.11591720145636,0.7348066298342542,0.7777777777777778,1.6144753365241904,46.0,0.16666666666666666
holiday:k3:fixed,3,fixed,AM,AMD,3,2022-07…2022-12,BUY_NOW,20,25.0,8,8,0.125,0.26153846153846155,0.4779411764705882,,,0.625,0.6692307692307692,0.9339080459770116,141.03127922447277,176.90563882369997,-35.874359599227205,,,,,,,-22.883920736483503,20.816443380130977,0.30434782608695654,0.7142857142857143,1.5132370683718552,99.0,0.5
holiday:k3:fixed,3,fixed,AM,AMD,4,2023-01…2023-06,BUY_NOW,20,25.0,19,19,0.3684210526315789,0.559322033898305,0.6586921850079746,,,0.6842105263157895,0.8389830508474576,0.8155236576289209,122.0870744384331,274.3772909876495,-152.29021654921638,,,,,,,16.742990214903056,-8.308350518069215,0.7348066298342542,0.7777777777777778,1.584877514098133,43.0,0.16666666666666666
holiday:k3:fixed,3,fixed,AM,AMD,5,2023-07…2023-12,BUY_NOW,20,25.0,8,8,0.25,0.17829457364341086,1.4021739130434783,,,0.25,0.4263565891472868,0.5863636363636364,-90.07997751643501,-49.59380850488834,-40.48616901154667,,,,,,,-117.93657156824067,-85.2877509483188,0.30434782608695654,0.7142857142857143,1.5106635933216568,98.0,0.5
holiday:k3:fixed,3,fixed,AM,AMD,6,2024-01…2024-06,BUY_NOW,20,25.0,18,18,0.2222222222222222,0.2564102564102564,0.8666666666666667,,,0.3333333333333333,0.5641025641025641,0.5909090909090908,0.7838549668407819,32.11626266314577,-31.332407696304987,,,,,,,34.06977087037966,29.329812882193014,0.6923076923076923,0.8235294117647058,1.8034767137365226,43.0,0.3333333333333333
holiday:k3:fixed,3,fixed,AM,AMD,7,2024-07…2024-12,BUY_NOW,20,25.0,9,9,0.1111111111111111,0.31297709923664124,0.3550135501355013,,,0.4444444444444444,0.6946564885496184,0.6398046398046398,46.300049896964694,96.36585439104611,-50.06580449408142,,,,,,,23.937575979063624,75.75941954008323,0.3423913043478261,0.75,1.6411971341588079,97.0,0.5
holiday:k3:fixed,3,fixed,AM,AMD,8,2025-01…2025-06,BUY_NOW,20,25.0,18,18,0.05555555555555555,0.05128205128205128,1.0833333333333333,,,0.1111111111111111,0.20512820512820512,0.5416666666666666,-177.17601283518417,-189.98254467009855,12.80653183491438,,,,,,,10.070993560770184,-71.75771343872562,0.6961325966850829,0.8235294117647058,1.834569774771023,45.0,0.3333333333333333
holiday:k3:fixed,3,fixed,AM,AMD,9,2025-07…2025-12,BUY_NOW,20,25.0,9,9,0.0,0.23076923076923078,0.0,,,0.5555555555555556,0.5461538461538461,1.0172143974960879,-47.358249629309256,3.4633601708443584,-50.82160980015362,,,,,,,-39.565077575121194,26.217155647680286,0.3423913043478261,0.75,1.6429299285118644,98.0,0.5
holiday:k3:fixed,3,fixed,AM,AMD,10,2026-01…2026-06,BUY_NOW,20,25.0,18,18,0.2222222222222222,0.24786324786324787,0.8965517241379309,,,0.5555555555555556,0.5641025641025641,0.9848484848484849,14.48716685666479,34.533119178883084,-20.04595232221829,,,,,,,86.8210362477223,41.671677352493205,0.6961325966850829,0.8235294117647058,1.7769769438075245,46.0,0.3333333333333333
holiday:k5:fixed,5,fixed,AM,AMD,0,2021-01…2021-06,BUY_NOW,20,25.0,32,32,0.0625,0.1864406779661017,0.3352272727272727,,,0.3125,0.5508474576271186,0.5673076923076923,-51.07551247367378,43.40759409925216,-94.48310657292595,,,,,,,-28.187678725635486,-8.031197930469805,1.2375690607734806,0.8709677419354839,2.010870215516459,45.0,0.16666666666666666
holiday:k5:fixed,5,fixed,AM,AMD,1,2021-07…2021-12,BUY_NOW,20,25.0,12,12,0.5833333333333334,0.13953488372093023,4.180555555555556,,,1.0,0.6589147286821705,1.5176470588235296,286.5851272044799,51.49644441112181,235.08868279335806,,,,,,,120.93673504812061,205.41218014547698,0.4565217391304348,0.8181818181818182,1.9583991289922233,95.0,0.5
holiday:k5:fixed,5,fixed,AM,AMD,2,2022-01…2022-06,BUY_NOW,20,25.0,31,31,0.0967741935483871,0.10256410256410256,0.9435483870967742,,,0.22580645161290322,0.42735042735042733,0.5283870967741936,-310.45939813524285,-7.685668238494408,-302.7737298967484,,,,,,,-89.31048759059709,140.88147926408755,1.1988950276243093,0.8666666666666667,1.9768288277357693,44.0,0.16666666666666666
holiday:k5:fixed,5,fixed,AM,AMD,3,2022-07…2022-12,BUY_NOW,20,25.0,12,12,0.08333333333333333,0.26153846153846155,0.31862745098039214,,,0.5833333333333334,0.6692307692307692,0.8716475095785442,87.90637923556316,176.90563882369997,-88.99925958813681,,,,,,,-62.3595128108939,9.421408696322993,0.4565217391304348,0.8181818181818182,1.9621133577844951,97.0,0.5
holiday:k5:fixed,5,fixed,AM,AMD,4,2023-01…2023-06,BUY_NOW,20,25.0,32,32,0.40625,0.559322033898305,0.7263257575757577,,,0.65625,0.8389830508474576,0.7821969696969697,125.0635559156018,274.3772909876495,-149.31373507204768,,,,,,,-1.1556499289330437,25.419691350146678,1.2375690607734806,0.8709677419354839,1.979853106860334,41.0,0.16666666666666666
holiday:k5:fixed,5,fixed,AM,AMD,5,2023-07…2023-12,BUY_NOW,20,25.0,12,12,0.16666666666666666,0.17829457364341086,0.9347826086956521,,,0.16666666666666666,0.4263565891472868,0.39090909090909093,-129.21584327476606,-49.59380850488834,-79.62203476987773,,,,,,,-127.55175939801022,-101.59644265276613,0.4565217391304348,0.8181818181818182,1.9583991289922233,96.0,0.5
holiday:k5:fixed,5,fixed,AM,AMD,6,2024-01…2024-06,BUY_NOW,20,25.0,30,30,0.2,0.2564102564102564,0.7800000000000001,,,0.36666666666666664,0.5641025641025641,0.6499999999999999,6.598026930734784,32.11626266314577,-25.518235732410986,,,,,,,38.47395664856198,19.18685963831124,1.1538461538461537,0.8620689655172413,1.9930440658552713,41.0,0.16666666666666666
holiday:k5:fixed,5,fixed,AM,AMD,7,2024-07…2024-12,BUY_NOW,20,25.0,14,14,0.21428571428571427,0.31297709923664124,0.6846689895470383,,,0.6428571428571429,0.6946564885496184,0.9254317111459969,79.59570498173434,96.36585439104611,-16.77014940931177,,,,,,,65.97362914909904,110.90050440051205,0.532608695652174,0.8461538461538461,2.131088562575113,95.0,0.5
holiday:k5:fixed,5,fixed,AM,AMD,8,2025-01…2025-06,BUY_NOW,20,25.0,29,29,0.034482758620689655,0.05128205128205128,0.6724137931034483,,,0.13793103448275862,0.20512820512820512,0.6724137931034483,-172.25301604143291,-189.98254467009855,17.729528628665634,,,,,,,13.073786080336685,-68.54839765341971,1.1215469613259668,0.8571428571428571,1.9728959030243067,41.0,0.16666666666666666
holiday:k5:fixed,5,fixed,AM,AMD,9,2025-07…2025-12,BUY_NOW,20,25.0,14,14,0.0,0.23076923076923078,0.0,,,0.42857142857142855,0.5461538461538461,0.7847082494969819,-42.204968038181576,3.4633601708443584,-45.66832820902594,,,,,,,-37.55898752520843,43.116196331703144,0.532608695652174,0.8461538461538461,2.132445281180958,96.0,0.5
holiday:k5:fixed,5,fixed,AM,AMD,10,2026-01…2026-06,BUY_NOW,20,25.0,32,32,0.21875,0.24786324786324787,0.8825431034482758,,,0.46875,0.5641025641025641,0.8309659090909091,-0.32781680352429365,34.533119178883084,-34.860935982407376,,,,,,,57.12480017864101,10.533436844245397,1.2375690607734806,0.8709677419354839,2.025702612522422,42.0,0.16666666666666666
holiday:k1:all,1,all,KZ,KZT,0,2021-01…2021-06,BUY_NOW,20,25.0,5,5,0.2,0.15254237288135594,1.3111111111111111,,,0.4,0.4152542372881356,0.963265306122449,-41.49450292015655,-18.204220636461798,-23.29028228369475,,,,,,,17.454206070856014,-42.42665306953031,0.19337016574585636,0.5,1.0695146314015738,54.0,0.5
holiday:k1:all,1,all,KZ,KZT,1,2021-07…2021-12,BUY_NOW,20,25.0,6,6,0.5,0.2248062015503876,2.2241379310344827,,,0.5,0.5271317829457365,0.9485294117647058,63.30056032345988,10.733408670057983,52.56715165340189,,,,,,,3.2672771422999793,51.336013811117596,0.2282608695652174,0.0,0.838570091547447,95.0,0.3333333333333333
holiday:k1:all,1,all,KZ,KZT,2,2022-01…2022-06,BUY_NOW,20,25.0,4,4,0.0,0.1111111111111111,0.0,,,0.0,0.38461538461538464,0.0,-715.4397157943678,-253.47141149360772,-461.96830430076005,,,,,,,-321.15060093667523,-321.5138993086719,0.15469613259668508,0.3333333333333333,0.858176199305326,55.0,0.5
holiday:k1:all,1,all,KZ,KZT,3,2022-07…2022-12,BUY_NOW,20,25.0,6,6,0.16666666666666666,0.2,0.8333333333333333,,,0.3333333333333333,0.6461538461538462,0.5158730158730158,11.362894651312615,165.82739028859348,-154.46449563728086,,,,,,,-154.99802032771515,68.18314951085738,0.2282608695652174,0.2,0.6020404678304024,56.0,0.3333333333333333
holiday:k1:all,1,all,KZ,KZT,4,2023-01…2023-06,BUY_NOW,20,25.0,5,5,0.2,0.4830508474576271,0.41403508771929826,,,0.8,0.8050847457627118,0.9936842105263158,244.55184524123652,290.11536164792756,-45.563516406691036,,,,,,,110.62691838126405,19.038067035522783,0.19337016574585636,0.0,0.6906357779450597,57.0,0.3333333333333333
holiday:k1:all,1,all,KZ,KZT,5,2023-07…2023-12,BUY_NOW,20,25.0,5,5,0.2,0.09302325581395349,2.1500000000000004,,,1.0,0.5193798449612403,1.925373134328358,46.226148144542734,-23.450077638838618,69.67622578338135,,,,,,,30.03167309167831,96.31776276889693,0.19021739130434784,0.0,0.39555351728181304,56.0,0.3333333333333333
holiday:k1:all,1,all,KZ,KZT,6,2024-01…2024-06,BUY_NOW,20,25.0,6,6,0.16666666666666666,0.26495726495726496,0.6290322580645161,,,0.3333333333333333,0.5128205128205128,0.65,-150.36341815054476,-51.33409444413086,-99.02932370641389,,,,,,,-53.84441084228586,-39.35107337216896,0.23076923076923078,0.4,0.837013569768335,58.0,0.3333333333333333
holiday:k1:all,1,all,KZ,KZT,7,2024-07…2024-12,BUY_NOW,20,25.0,5,5,0.0,0.16793893129770993,0.0,,,0.4,0.6335877862595419,0.6313253012048193,-86.68472027638697,34.71548822943122,-121.4002085058182,,,,,,,-2.2256783281913157,-88.6958463375176,0.19021739130434784,0.0,0.3786304902183036,56.0,0.3333333333333333
holiday:k1:all,1,all,KZ,KZT,8,2025-01…2025-06,BUY_NOW,20,25.0,6,6,0.0,0.02564102564102564,0.0,,,0.16666666666666666,0.1111111111111111,1.5,-192.8772371062341,-215.04473247998948,22.167495373755372,,,,,,,-1.9510748383263181,-80.53444201798487,0.23204419889502761,0.4,0.8881941729649485,57.0,0.3333333333333333
holiday:k1:all,1,all,KZ,KZT,9,2025-07…2025-12,BUY_NOW,20,25.0,5,5,0.2,0.18461538461538463,1.0833333333333333,,,0.6,0.6076923076923076,0.9873417721518988,40.75779816059576,15.864915632713714,24.892882527882048,,,,,,,9.0422654052531,13.532233013157754,0.19021739130434784,0.0,0.38128292537981945,56.0,0.3333333333333333
holiday:k1:all,1,all,KZ,KZT,10,2026-01…2026-06,BUY_NOW,20,25.0,6,6,0.0,0.26495726495726496,0.0,,,0.16666666666666666,0.5897435897435898,0.2826086956521739,-291.02673270941074,74.19195081286851,-365.21868352227926,,,,,,,-192.81135357078355,-184.1092784075162,0.23204419889502761,0.4,0.900388576380979,53.0,0.5
holiday:k3:all,3,all,KZ,KZT,0,2021-01…2021-06,BUY_NOW,20,25.0,13,13,0.23076923076923078,0.15254237288135594,1.5128205128205128,,,0.46153846153846156,0.4152542372881356,1.1114599686028257,-12.76706971895363,-18.204220636461798,5.437150917508168,,,,,,,39.16728291008907,14.378859138878774,0.5027624309392265,0.8333333333333334,1.9988885800753267,54.0,0.5
holiday:k3:all,3,all,KZ,KZT,1,2021-07…2021-12,BUY_NOW,20,25.0,18,18,0.4444444444444444,0.2248062015503876,1.9770114942528734,,,0.5,0.5271317829457365,0.9485294117647058,48.26123112136642,10.733408670057983,37.52782245130844,,,,,,,-12.480052884226161,8.401169325431308,0.6847826086956522,0.7058823529411765,2.0301679810424558,91.0,0.3333333333333333
holiday:k3:all,3,all,KZ,KZT,2,2022-01…2022-06,BUY_NOW,20,25.0,12,12,0.0,0.1111111111111111,0.0,,,0.0,0.38461538461538464,0.0,-759.596930156322,-253.47141149360772,-506.1255186627142,,,,,,,-394.69850928021015,-225.76310650225176,0.46408839779005523,0.8181818181818182,1.982890581143461,55.0,0.5
holiday:k3:all,3,all,KZ,KZT,3,2022-07…2022-12,BUY_NOW,20,25.0,18,18,0.2222222222222222,0.2,1.111111111111111,,,0.4444444444444444,0.6461538461538462,0.6878306878306878,41.462451427990054,165.82739028859348,-124.36493886060342,,,,,,,-123.53120425444837,103.78011681997607,0.6847826086956522,0.7647058823529411,1.7330739914984628,52.0,0.3333333333333333
holiday:k3:all,3,all,KZ,KZT,4,2023-01…2023-06,BUY_NOW,20,25.0,15,15,0.3333333333333333,0.4830508474576271,0.6900584795321637,,,0.6666666666666666,0.8050847457627118,0.8280701754385965,194.45938883444097,290.11536164792756,-95.65597281348658,,,,,,,59.43987963776879,-29.353543957724007,0.580110497237569,0.7857142857142857,1.80482103950827,53.0,0.3333333333333333
holiday:k3:all,3,all,KZ,KZT,5,2023-07…2023-12,BUY_NOW,20,25.0,15,15,0.2,0.09302325581395349,2.1500000000000004,,,0.7333333333333333,0.5193798449612403,1.4119402985074625,29.172642543369747,-23.450077638838618,52.62272018220837,,,,,,,5.216148895177339,71.03965577785613,0.5706521739130435,0.7142857142857143,1.585456361745728,52.0,0.3333333333333333
holiday:k3:all,3,all,KZ,KZT,6,2024-01…2024-06,BUY_NOW,20,25.0,17,17,0.11764705882352941,0.26495726495726496,0.444022770398482,,,0.35294117647058826,0.5128205128205128,0.6882352941176472,-119.55312094829688,-51.33409444413086,-68.21902650416601,,,,,,,-27.192443406156887,-81.74697730664883,0.6538461538461539,0.8125,1.8191207401709528,56.0,0.3333333333333333
holiday:k3:all,3,all,KZ,KZT,7,2024-07…2024-12,BUY_NOW,20,25.0,15,15,0.0,0.16793893129770993,0.0,,,0.26666666666666666,0.6335877862595419,0.4208835341365462,-114.93816420905316,34.71548822943122,-149.6536524384844,,,,,,,-31.025749665752006,-128.20947550401803,0.5706521739130435,0.7142857142857143,1.5713810108468285,54.0,0.3333333333333333
holiday:k3:all,3,all,KZ,KZT,8,2025-01…2025-06,BUY_NOW,20,25.0,15,15,0.0,0.02564102564102564,0.0,,,0.13333333333333333,0.1111111111111111,1.2,-183.2883892773612,-215.04473247998948,31.756343202628273,,,,,,,22.778674028713844,-50.56223362039673,0.580110497237569,0.7857142857142857,1.7105901398145618,55.0,0.3333333333333333
holiday:k3:all,3,all,KZ,KZT,9,2025-07…2025-12,BUY_NOW,20,25.0,15,15,0.13333333333333333,0.18461538461538463,0.7222222222222222,,,0.6666666666666666,0.6076923076923076,1.0970464135021096,38.740151140996836,15.864915632713714,22.875235508283122,,,,,,,9.107643536811148,24.1039217005096,0.5706521739130435,0.7142857142857143,1.5735546443482669,54.0,0.3333333333333333
holiday:k3:all,3,all,KZ,KZT,10,2026-01…2026-06,BUY_NOW,20,25.0,17,17,0.11764705882352941,0.26495726495726496,0.444022770398482,,,0.17647058823529413,0.5897435897435898,0.29923273657289,-242.34459330454052,74.19195081286851,-316.53654411740905,,,,,,,-165.68799932905344,-157.30239659354754,0.6574585635359116,0.8125,1.8571428571428572,51.0,0.5
holiday:k5:all,5,all,KZ,KZT,0,2021-01…2021-06,BUY_NOW,20,25.0,21,21,0.2857142857142857,0.15254237288135594,1.8730158730158728,,,0.5714285714285714,0.4152542372881356,1.3760932944606412,26.316434294690357,-18.204220636461798,44.52065493115215,,,,,,,58.54705701761852,49.59027758227345,0.8121546961325967,0.85,2.1542694260589266,53.0,0.3333333333333333
holiday:k5:all,5,all,KZ,KZT,1,2021-07…2021-12,BUY_NOW,20,25.0,28,28,0.35714285714285715,0.2248062015503876,1.5886699507389161,,,0.5,0.5271317829457365,0.9485294117647058,35.95270796488201,10.733408670057983,25.219299294824026,,,,,,,-22.717862235390506,-3.3881477645658657,1.065217391304348,0.8148148148148148,2.533587847857757,89.0,0.3333333333333333
holiday:k5:all,5,all,KZ,KZT,2,2022-01…2022-06,BUY_NOW,20,25.0,20,20,0.1,0.1111111111111111,0.9000000000000001,,,0.15,0.38461538461538464,0.38999999999999996,-548.6374893853069,-253.47141149360772,-295.1660778916992,,,,,,,-275.8315165989974,101.82560804533364,0.7734806629834254,0.8421052631578947,2.1442422273292663,54.0,0.3333333333333333
holiday:k5:all,5,all,KZ,KZT,3,2022-07…2022-12,BUY_NOW,20,25.0,26,26,0.23076923076923078,0.2,1.1538461538461537,,,0.5769230769230769,0.6461538461538462,0.8928571428571427,120.16235963939461,165.82739028859348,-45.66503064919887,,,,,,,-88.89846670626989,128.02434237782043,0.9891304347826088,0.84,2.0558572142255738,50.0,0.3333333333333333
holiday:k5:all,5,all,KZ,KZT,4,2023-01…2023-06,BUY_NOW,20,25.0,26,26,0.34615384615384615,0.4830508474576271,0.7165991902834008,,,0.7307692307692307,0.8050847457627118,0.9076923076923077,226.7446539385078,290.11536164792756,-63.37070770941975,,,,,,,57.562328633465945,54.733536123907506,1.005524861878453,0.88,2.1960025334025213,51.0,0.3333333333333333
holiday:k5:all,5,all,KZ,KZT,5,2023-07…2023-12,BUY_NOW,20,25.0,23,23,0.13043478260869565,0.09302325581395349,1.4021739130434783,,,0.6086956521739131,0.5193798449612403,1.1719662556781312,-19.860345007311658,-23.450077638838618,3.58973263152696,,,,,,,-16.43775398374719,7.86307742341284,0.875,0.8181818181818182,1.9798792576821447,50.0,0.3333333333333333
holiday:k5:all,5,all,KZ,KZT,6,2024-01…2024-06,BUY_NOW,20,25.0,25,25,0.12,0.26495726495726496,0.4529032258064516,,,0.4,0.5128205128205128,0.7800000000000001,-117.44579490595241,-51.33409444413086,-66.11170046182156,,,,,,,-28.685650100605955,-74.96183387405195,0.9615384615384616,0.875,2.026447688232859,52.0,0.3333333333333333
holiday:k5:all,5,all,KZ,KZT,7,2024-07…2024-12,BUY_NOW,20,25.0,25,25,0.0,0.16793893129770993,0.0,,,0.32,0.6335877862595419,0.5050602409638555,-68.25320695722277,34.71548822943122,-102.968695186654,,,,,,,20.022405924604893,-61.725551404557244,0.9510869565217391,0.8333333333333334,2.0328078345745553,50.0,0.3333333333333333
holiday:k5:all,5,all,KZ,KZT,8,2025-01…2025-06,BUY_NOW,20,25.0,24,24,0.0,0.02564102564102564,0.0,,,0.125,0.1111111111111111,1.125,-190.93064535024845,-215.04473247998948,24.114087129741023,,,,,,,20.58869987522642,-60.00406807511576,0.9281767955801105,0.8260869565217391,1.76744401779312,53.0,0.3333333333333333
holiday:k5:all,5,all,KZ,KZT,9,2025-07…2025-12,BUY_NOW,20,25.0,24,24,0.16666666666666666,0.18461538461538463,0.9027777777777777,,,0.7083333333333334,0.6076923076923076,1.1656118143459917,51.342788350929965,15.864915632713714,35.47787271821625,,,,,,,19.45489867538485,10.90291944665293,0.9130434782608696,0.8260869565217391,2.0011714614985405,52.0,0.3333333333333333
holiday:k5:all,5,all,KZ,KZT,10,2026-01…2026-06,BUY_NOW,20,25.0,27,27,0.18518518518518517,0.26495726495726496,0.6989247311827956,,,0.3333333333333333,0.5897435897435898,0.5652173913043478,-100.95525243747727,74.19195081286851,-175.1472032503458,,,,,,,-94.40839724087793,-54.6785892128563,1.0441988950276242,0.8461538461538461,1.957915340525803,49.0,0.3333333333333333
holiday:k1:major,1,major,KZ,KZT,0,2021-01…2021-06,BUY_NOW,20,25.0,1,1,1.0,0.15254237288135594,6.555555555555555,,,1.0,0.4152542372881356,2.4081632653061225,127.59235900407839,-18.204220636461798,145.7965796405402,,,,,,,72.8971351947183,149.4903351174459,0.03867403314917127,0.0,,103.0,0.8333333333333334
holiday:k1:major,1,major,KZ,KZT,1,2021-07…2021-12,BUY_NOW,20,25.0,3,3,0.6666666666666666,0.2248062015503876,2.96551724137931,,,0.6666666666666666,0.5271317829457365,1.264705882352941,171.7441495494376,10.733408670057983,161.01074087937963,,,,,,,75.56400231521006,110.3564314433932,0.1141304347826087,0.0,0.8103448275862069,149.0,0.6666666666666666
holiday:k1:major,1,major,KZ,KZT,2,2022-01…2022-06,BUY_NOW,20,25.0,1,1,0.0,0.1111111111111111,0.0,,,0.0,0.38461538461538464,0.0,-1052.378558564715,-253.47141149360772,-798.9071470711071,,,,,,,-599.3250135436534,-532.7658826802273,0.03867403314917127,0.0,,104.0,0.8333333333333334
holiday:k1:major,1,major,KZ,KZT,3,2022-07…2022-12,BUY_NOW,20,25.0,3,3,0.3333333333333333,0.2,1.6666666666666665,,,0.3333333333333333,0.6461538461538462,0.5158730158730158,83.89034175686261,165.82739028859348,-81.93704853173087,,,,,,,-212.84884833752793,55.43287515398229,0.1141304347826087,0.0,0.8225806451612904,160.0,0.6666666666666666
holiday:k1:major,1,major,KZ,KZT,4,2023-01…2023-06,BUY_NOW,20,25.0,2,2,0.5,0.4830508474576271,1.0350877192982457,,,1.0,0.8050847457627118,1.2421052631578948,561.3040590020124,290.11536164792756,271.18869735408487,,,,,,,236.2958991160502,281.07190079390386,0.07734806629834254,0.0,0.0,99.0,0.6666666666666666
holiday:k1:major,1,major,KZ,KZT,5,2023-07…2023-12,BUY_NOW,20,25.0,2,2,0.0,0.09302325581395349,0.0,,,1.0,0.5193798449612403,1.925373134328358,17.795646485870844,-23.450077638838618,41.24572412470946,,,,,,,1.1113083126179646,22.648227103642128,0.07608695652173914,0.0,0.0,165.0,0.8333333333333334
holiday:k1:major,1,major,KZ,KZT,6,2024-01…2024-06,BUY_NOW,20,25.0,2,2,0.0,0.26495726495726496,0.0,,,0.5,0.5128205128205128,0.9750000000000001,-237.37966864806003,-51.33409444413086,-186.04557420392916,,,,,,,-90.7223213973013,-144.28422789659723,0.07692307692307693,0.0,0.0,86.0,0.6666666666666666
holiday:k1:major,1,major,KZ,KZT,7,2024-07…2024-12,BUY_NOW,20,25.0,2,2,0.0,0.16793893129770993,0.0,,,0.0,0.6335877862595419,0.0,-189.83605855545093,34.71548822943122,-224.55154678488216,,,,,,,6.057334879368547,-87.93416122200304,0.07608695652173914,0.0,0.0,165.0,0.8333333333333334
holiday:k1:major,1,major,KZ,KZT,8,2025-01…2025-06,BUY_NOW,20,25.0,2,2,0.0,0.02564102564102564,0.0,,,0.0,0.1111111111111111,0.0,-172.6020869717654,-215.04473247998948,42.442645508224075,,,,,,,29.911075170471754,-89.60354730222997,0.07734806629834254,0.0,0.0,77.0,0.6666666666666666
holiday:k1:major,1,major,KZ,KZT,9,2025-07…2025-12,BUY_NOW,20,25.0,2,2,0.0,0.18461538461538463,0.0,,,0.5,0.6076923076923076,0.8227848101265823,-31.766716806342906,15.864915632713714,-47.63163243905662,,,,,,,-37.18872625503411,-48.38129353818333,0.07608695652173914,0.0,0.0,167.0,0.8333333333333334
holiday:k1:major,1,major,KZ,KZT,10,2026-01…2026-06,BUY_NOW,20,25.0,2,2,0.0,0.26495726495726496,0.0,,,0.0,0.5897435897435898,0.0,-314.812816895938,74.19195081286851,-389.0047677088065,,,,,,,-260.93703408824774,-273.38345454861576,0.07734806629834254,0.0,0.0,67.0,0.6666666666666666
holiday:k3:major,3,major,KZ,KZT,0,2021-01…2021-06,BUY_NOW,20,25.0,3,3,1.0,0.15254237288135594,6.555555555555555,,,1.0,0.4152542372881356,2.4081632653061225,158.5899547039619,-18.204220636461798,176.7941753404237,,,,,,,105.37082436832416,246.5831131109904,0.11602209944751381,1.0,0.0,103.0,0.8333333333333334
holiday:k3:major,3,major,KZ,KZT,1,2021-07…2021-12,BUY_NOW,20,25.0,9,9,0.5555555555555556,0.2248062015503876,2.471264367816092,,,0.6666666666666666,0.5271317829457365,1.264705882352941,156.6860061251443,10.733408670057983,145.95259745508633,,,,,,,65.07859453055518,64.96564219681883,0.3423913043478261,0.75,2.268338715576609,147.0,0.6666666666666666
holiday:k3:major,3,major,KZ,KZT,2,2022-01…2022-06,BUY_NOW,20,25.0,3,3,0.0,0.1111111111111111,0.0,,,0.0,0.38461538461538464,0.0,-1108.4620864891315,-253.47141149360772,-854.9906749955237,,,,,,,-729.1926987399152,-506.9625756830331,0.11602209944751381,1.0,0.0,104.0,0.8333333333333334
holiday:k3:major,3,major,KZ,KZT,3,2022-07…2022-12,BUY_NOW,20,25.0,9,9,0.3333333333333333,0.2,1.6666666666666665,,,0.3333333333333333,0.6461538461538462,0.5158730158730158,-14.757577654664297,165.82739028859348,-180.58496794325777,,,,,,,-320.7553620641764,-41.651197941806956,0.3423913043478261,0.75,2.2918238453622095,158.0,0.6666666666666666
holiday:k3:major,3,major,KZ,KZT,4,2023-01…2023-06,BUY_NOW,20,25.0,6,6,0.8333333333333334,0.4830508474576271,1.7251461988304095,,,1.0,0.8050847457627118,1.2421052631578948,596.8773076165394,290.11536164792756,306.7619459686118,,,,,,,283.43719505176705,253.5011252523406,0.23204419889502761,0.8,1.8550724637681162,95.0,0.6666666666666666
holiday:k3:major,3,major,KZ,KZT,5,2023-07…2023-12,BUY_NOW,20,25.0,6,6,0.0,0.09302325581395349,0.0,,,0.6666666666666666,0.5193798449612403,1.2835820895522387,-17.610886267789652,-23.450077638838618,5.839191371048965,,,,,,,-38.82771874073617,-26.843879350756197,0.2282608695652174,0.8,1.1666666666666667,163.0,0.8333333333333334
holiday:k3:major,3,major,KZ,KZT,6,2024-01…2024-06,BUY_NOW,20,25.0,6,6,0.0,0.26495726495726496,0.0,,,0.5,0.5128205128205128,0.9750000000000001,-216.51702910455893,-51.33409444413086,-165.18293466042806,,,,,,,-67.09930131514515,-278.4588585158423,0.23076923076923078,0.8,1.8305084745762712,83.0,0.6666666666666666
holiday:k3:major,3,major,KZ,KZT,7,2024-07…2024-12,BUY_NOW,20,25.0,6,6,0.0,0.16793893129770993,0.0,,,0.0,0.6335877862595419,0.0,-225.06439630594863,34.71548822943122,-259.77988453537984,,,,,,,-29.061058301670197,-91.6635327417999,0.2282608695652174,0.8,1.230769230769231,163.0,0.8333333333333334
holiday:k3:major,3,major,KZ,KZT,8,2025-01…2025-06,BUY_NOW,20,25.0,6,6,0.0,0.02564102564102564,0.0,,,0.16666666666666666,0.1111111111111111,1.5,-62.76208280267963,-215.04473247998948,152.28264967730985,,,,,,,149.02787695737663,44.63517687345486,0.23204419889502761,0.8,1.8113207547169812,75.0,0.6666666666666666
holiday:k3:major,3,major,KZ,KZT,9,2025-07…2025-12,BUY_NOW,20,25.0,6,6,0.0,0.18461538461538463,0.0,,,0.6666666666666666,0.6076923076923076,1.0970464135021096,-0.4292668971049096,15.864915632713714,-16.294182529818624,,,,,,,-6.71104555672856,86.67224271460049,0.2282608695652174,0.8,1.230769230769231,163.0,0.8333333333333334
holiday:k3:major,3,major,KZ,KZT,10,2026-01…2026-06,BUY_NOW,20,25.0,6,6,0.0,0.26495726495726496,0.0,,,0.0,0.5897435897435898,0.0,-303.7392067761099,74.19195081286851,-377.9311575889784,,,,,,,-263.4417019746184,-307.5517941802001,0.23204419889502761,0.8,1.7872340425531912,65.0,0.6666666666666666
holiday:k5:major,5,major,KZ,KZT,0,2021-01…2021-06,BUY_NOW,20,25.0,5,5,0.8,0.15254237288135594,5.2444444444444445,,,1.0,0.4152542372881356,2.4081632653061225,175.78801280689893,-18.204220636461798,193.99223344336073,,,,,,,127.49007572875428,231.75526239924247,0.19337016574585636,1.0,0.0,103.0,0.8333333333333334
holiday:k5:major,5,major,KZ,KZT,1,2021-07…2021-12,BUY_NOW,20,25.0,15,15,0.4666666666666667,0.2248062015503876,2.075862068965517,,,0.7333333333333333,0.5271317829457365,1.391176470588235,143.36251762894855,10.733408670057983,132.62910895889058,,,,,,,56.60250291671669,63.28145892047828,0.5706521739130435,0.8571428571428571,2.996154943330609,143.0,0.6666666666666666
holiday:k5:major,5,major,KZ,KZT,2,2022-01…2022-06,BUY_NOW,20,25.0,5,5,0.0,0.1111111111111111,0.0,,,0.0,0.38461538461538464,0.0,-1249.754235448101,-253.47141149360772,-996.2828239544933,,,,,,,-961.1464526912225,-579.3596788286605,0.19337016574585636,1.0,0.0,104.0,0.8333333333333334
holiday:k5:major,5,major,KZ,KZT,3,2022-07…2022-12,BUY_NOW,20,25.0,15,15,0.3333333333333333,0.2,1.6666666666666665,,,0.4666666666666667,0.6461538461538462,0.7222222222222222,155.90644530452877,165.82739028859348,-9.920944984064704,,,,,,,-153.96692884656284,123.41672509224482,0.5706521739130435,0.8571428571428571,3.033866460990826,154.0,0.6666666666666666
holiday:k5:major,5,major,KZ,KZT,4,2023-01…2023-06,BUY_NOW,20,25.0,10,10,0.7,0.4830508474576271,1.4491228070175437,,,1.0,0.8050847457627118,1.2421052631578948,572.7440473436907,290.11536164792756,282.6286856957631,,,,,,,273.85086604813273,214.04213940907135,0.3867403314917127,0.8888888888888888,2.4698941089332926,93.0,0.6666666666666666
holiday:k5:major,5,major,KZ,KZT,5,2023-07…2023-12,BUY_NOW,20,25.0,10,10,0.0,0.09302325581395349,0.0,,,0.5,0.5193798449612403,0.962686567164179,-40.289592706286186,-23.450077638838618,-16.839515067447568,,,,,,,-67.19174738041178,-40.1697960379711,0.3804347826086957,0.8888888888888888,1.0101525445522108,161.0,0.8333333333333334
holiday:k5:major,5,major,KZ,KZT,6,2024-01…2024-06,BUY_NOW,20,25.0,10,10,0.1,0.26495726495726496,0.3774193548387097,,,0.5,0.5128205128205128,0.9750000000000001,-209.05740047755586,-51.33409444413086,-157.723306033425,,,,,,,-60.311868229612436,-202.7678835764394,0.38461538461538464,0.8888888888888888,2.4111182047016704,79.0,0.6666666666666666
holiday:k5:major,5,major,KZ,KZT,7,2024-07…2024-12,BUY_NOW,20,25.0,10,10,0.0,0.16793893129770993,0.0,,,0.2,0.6335877862595419,0.31566265060240967,-125.44265064751448,34.71548822943122,-160.1581388769457,,,,,,,80.33977712129136,-6.529360786837745,0.3804347826086957,0.8888888888888888,1.131370849898476,161.0,0.8333333333333334
holiday:k5:major,5,major,KZ,KZT,8,2025-01…2025-06,BUY_NOW,20,25.0,10,10,0.0,0.02564102564102564,0.0,,,0.2,0.1111111111111111,1.8000000000000003,-98.38466657331068,-215.04473247998948,116.6600659066788,,,,,,,121.02495469539322,7.270038937713497,0.3867403314917127,0.8888888888888888,2.365593595242268,71.0,0.5
holiday:k5:major,5,major,KZ,KZT,9,2025-07…2025-12,BUY_NOW,20,25.0,10,10,0.2,0.18461538461538463,1.0833333333333333,,,0.7,0.6076923076923076,1.1518987341772151,23.507593362118943,15.864915632713714,7.642677729405229,,,,,,,18.33847090235607,105.53765363163791,0.3804347826086957,0.8888888888888888,1.131370849898476,161.0,0.8333333333333334
holiday:k5:major,5,major,KZ,KZT,10,2026-01…2026-06,BUY_NOW,20,25.0,10,10,0.0,0.26495726495726496,0.0,,,0.2,0.5897435897435898,0.3391304347826087,-176.90039515479697,74.19195081286851,-251.0923459676655,,,,,,,-150.5765758790518,-175.41393507427603,0.3867403314917127,0.8888888888888888,2.3089201018336247,63.0,0.6666666666666666
holiday:k1:fixed,1,fixed,KZ,KZT,0,2021-01…2021-06,BUY_NOW,20,25.0,5,5,0.2,0.15254237288135594,1.3111111111111111,,,0.4,0.4152542372881356,0.963265306122449,-41.49450292015655,-18.204220636461798,-23.29028228369475,,,,,,,17.454206070856014,-42.42665306953031,0.19337016574585636,0.5,1.0695146314015738,54.0,0.5
holiday:k1:fixed,1,fixed,KZ,KZT,1,2021-07…2021-12,BUY_NOW,20,25.0,5,5,0.6,0.2248062015503876,2.668965517241379,,,0.6,0.5271317829457365,1.138235294117647,86.628867058949,10.733408670057983,75.89545838889102,,,,,,,20.51243873326225,59.62218609196212,0.19021739130434784,0.0,0.7132267282114594,95.0,0.3333333333333333
holiday:k1:fixed,1,fixed,KZ,KZT,2,2022-01…2022-06,BUY_NOW,20,25.0,4,4,0.0,0.1111111111111111,0.0,,,0.0,0.38461538461538464,0.0,-715.4397157943678,-253.47141149360772,-461.96830430076005,,,,,,,-321.15060093667523,-321.5138993086719,0.15469613259668508,0.3333333333333333,0.858176199305326,55.0,0.5
holiday:k1:fixed,1,fixed,KZ,KZT,3,2022-07…2022-12,BUY_NOW,20,25.0,5,5,0.2,0.2,1.0,,,0.4,0.6461538461538462,0.6190476190476191,95.41789397167922,165.82739028859348,-70.40949631691426,,,,,,,-106.04654319428099,198.46151930210462,0.19021739130434784,0.0,0.3788539125580916,56.0,0.3333333333333333
holiday:k1:fixed,1,fixed,KZ,KZT,4,2023-01…2023-06,BUY_NOW,20,25.0,4,4,0.0,0.4830508474576271,0.0,,,0.75,0.8050847457627118,0.9315789473684211,131.70871900603674,290.11536164792756,-158.4066426418908,,,,,,,80.68870205752171,-119.64655726054515,0.15469613259668508,0.0,0.8022870343121232,57.0,0.5
holiday:k1:fixed,1,fixed,KZ,KZT,5,2023-07…2023-12,BUY_NOW,20,25.0,5,5,0.2,0.09302325581395349,2.1500000000000004,,,1.0,0.5193798449612403,1.925373134328358,46.226148144542734,-23.450077638838618,69.67622578338135,,,,,,,30.03167309167831,96.31776276889693,0.19021739130434784,0.0,0.39555351728181304,56.0,0.3333333333333333
holiday:k1:fixed,1,fixed,KZ,KZT,6,2024-01…2024-06,BUY_NOW,20,25.0,5,5,0.2,0.26495726495726496,0.7548387096774194,,,0.4,0.5128205128205128,0.7800000000000001,-69.9383798177411,-51.33409444413086,-18.60428537361023,,,,,,,-29.115697746222132,12.945244319768403,0.19230769230769232,0.5,1.0240998426935128,58.0,0.5
holiday:k1:fixed,1,fixed,KZ,KZT,7,2024-07…2024-12,BUY_NOW,20,25.0,5,5,0.0,0.16793893129770993,0.0,,,0.4,0.6335877862595419,0.6313253012048193,-86.68472027638697,34.71548822943122,-121.4002085058182,,,,,,,-2.2256783281913157,-88.6958463375176,0.19021739130434784,0.0,0.3786304902183036,56.0,0.3333333333333333
holiday:k1:fixed,1,fixed,KZ,KZT,8,2025-01…2025-06,BUY_NOW,20,25.0,5,5,0.0,0.02564102564102564,0.0,,,0.2,0.1111111111111111,1.8000000000000003,-199.14643472955618,-215.04473247998948,15.8982977504333,,,,,,,4.290997044537053,-79.98382452097053,0.19337016574585636,0.5,1.0981028472673589,57.0,0.5
holiday:k1:fixed,1,fixed,KZ,KZT,9,2025-07…2025-12,BUY_NOW,20,25.0,5,5,0.2,0.18461538461538463,1.0833333333333333,,,0.6,0.6076923076923076,0.9873417721518988,40.75779816059576,15.864915632713714,24.892882527882048,,,,,,,9.0422654052531,13.532233013157754,0.19021739130434784,0.0,0.38128292537981945,56.0,0.3333333333333333
holiday:k1:fixed,1,fixed,KZ,KZT,10,2026-01…2026-06,BUY_NOW,20,25.0,5,5,0.0,0.26495726495726496,0.0,,,0.2,0.5897435897435898,0.3391304347826087,-318.07540588214,74.19195081286851,-392.2673566950085,,,,,,,-257.0346982210574,-177.56494758409173,0.19337016574585636,0.5,1.0112937165190186,53.0,0.5
holiday:k3:fixed,3,fixed,KZ,KZT,0,2021-01…2021-06,BUY_NOW,20,25.0,13,13,0.23076923076923078,0.15254237288135594,1.5128205128205128,,,0.46153846153846156,0.4152542372881356,1.1114599686028257,-12.76706971895363,-18.204220636461798,5.437150917508168,,,,,,,39.16728291008907,14.378859138878774,0.5027624309392265,0.8333333333333334,1.9988885800753267,54.0,0.5
holiday:k3:fixed,3,fixed,KZ,KZT,1,2021-07…2021-12,BUY_NOW,20,25.0,15,15,0.5333333333333333,0.2248062015503876,2.372413793103448,,,0.6,0.5271317829457365,1.138235294117647,69.52596681268139,10.733408670057983,58.792558142623406,,,,,,,4.308381233234958,15.546460188587371,0.5706521739130435,0.7142857142857143,1.9256822046030855,91.0,0.3333333333333333
holiday:k3:fixed,3,fixed,KZ,KZT,2,2022-01…2022-06,BUY_NOW,20,25.0,12,12,0.0,0.1111111111111111,0.0,,,0.0,0.38461538461538464,0.0,-759.596930156322,-253.47141149360772,-506.1255186627142,,,,,,,-394.69850928021015,-225.76310650225176,0.46408839779005523,0.8181818181818182,1.982890581143461,55.0,0.5
holiday:k3:fixed,3,fixed,KZ,KZT,3,2022-07…2022-12,BUY_NOW,20,25.0,15,15,0.26666666666666666,0.2,1.3333333333333333,,,0.5333333333333333,0.6461538461538462,0.8253968253968254,185.25099488964224,165.82739028859348,19.423604601048766,,,,,,,-15.417850875776447,275.40007620752164,0.5706521739130435,0.7142857142857143,1.5728030749745758,52.0,0.3333333333333333
holiday:k3:fixed,3,fixed,KZ,KZT,4,2023-01…2023-06,BUY_NOW,20,25.0,12,12,0.16666666666666666,0.4830508474576271,0.34502923976608185,,,0.5833333333333334,0.8050847457627118,0.724561403508772,74.62934073598012,290.11536164792756,-215.48602091194743,,,,,,,21.038924273878806,-156.040940267837,0.46408839779005523,0.8181818181818182,1.903286275870709,56.0,0.5
holiday:k3:fixed,3,fixed,KZ,KZT,5,2023-07…2023-12,BUY_NOW,20,25.0,15,15,0.2,0.09302325581395349,2.1500000000000004,,,0.7333333333333333,0.5193798449612403,1.4119402985074625,29.172642543369747,-23.450077638838618,52.62272018220837,,,,,,,5.216148895177339,71.03965577785613,0.5706521739130435,0.7142857142857143,1.585456361745728,52.0,0.3333333333333333
holiday:k3:fixed,3,fixed,KZ,KZT,6,2024-01…2024-06,BUY_NOW,20,25.0,14,14,0.14285714285714285,0.26495726495726496,0.5391705069124424,,,0.42857142857142855,0.5128205128205128,0.8357142857142857,-35.90031964528062,-51.33409444413086,15.433774798850244,,,,,,,-3.8511847767845353,22.39737460018114,0.5384615384615384,0.8461538461538461,2.020714790346833,56.0,0.5
holiday:k3:fixed,3,fixed,KZ,KZT,7,2024-07…2024-12,BUY_NOW,20,25.0,15,15,0.0,0.16793893129770993,0.0,,,0.26666666666666666,0.6335877862595419,0.4208835341365462,-114.93816420905316,34.71548822943122,-149.6536524384844,,,,,,,-31.025749665752006,-128.20947550401803,0.5706521739130435,0.7142857142857143,1.5713810108468285,54.0,0.3333333333333333
holiday:k3:fixed,3,fixed,KZ,KZT,8,2025-01…2025-06,BUY_NOW,20,25.0,12,12,0.0,0.02564102564102564,0.0,,,0.16666666666666666,0.1111111111111111,1.5,-200.41137918109436,-215.04473247998948,14.633353298895116,,,,,,,23.890441008192113,-69.64497392937578,0.46408839779005523,0.8181818181818182,1.9188512878824433,55.0,0.5
holiday:k3:fixed,3,fixed,KZ,KZT,9,2025-07…2025-12,BUY_NOW,20,25.0,15,15,0.13333333333333333,0.18461538461538463,0.7222222222222222,,,0.6666666666666666,0.6076923076923076,1.0970464135021096,38.740151140996836,15.864915632713714,22.875235508283122,,,,,,,9.107643536811148,24.1039217005096,0.5706521739130435,0.7142857142857143,1.5735546443482669,54.0,0.3333333333333333
holiday:k3:fixed,3,fixed,KZ,KZT,10,2026-01…2026-06,BUY_NOW,20,25.0,14,14,0.14285714285714285,0.26495726495726496,0.5391705069124424,,,0.21428571428571427,0.5897435897435898,0.3633540372670807,-261.28603660998255,74.19195081286851,-335.4779874228511,,,,,,,-233.40836872574536,-130.7605954202164,0.5414364640883977,0.8461538461538461,2.016230439504668,53.0,0.5
holiday:k5:fixed,5,fixed,KZ,KZT,0,2021-01…2021-06,BUY_NOW,20,25.0,21,21,0.2857142857142857,0.15254237288135594,1.8730158730158728,,,0.5714285714285714,0.4152542372881356,1.3760932944606412,26.316434294690357,-18.204220636461798,44.52065493115215,,,,,,,58.54705701761852,49.59027758227345,0.8121546961325967,0.85,2.1542694260589266,53.0,0.3333333333333333
holiday:k5:fixed,5,fixed,KZ,KZT,1,2021-07…2021-12,BUY_NOW,20,25.0,23,23,0.43478260869565216,0.2248062015503876,1.9340329835082457,,,0.5652173913043478,0.5271317829457365,1.072250639386189,53.674614739560745,10.733408670057983,42.94120606950276,,,,,,,-7.714692592069796,-3.591023320633195,0.875,0.8181818181818182,2.407720735597257,89.0,0.3333333333333333
holiday:k5:fixed,5,fixed,KZ,KZT,2,2022-01…2022-06,BUY_NOW,20,25.0,20,20,0.1,0.1111111111111111,0.9000000000000001,,,0.15,0.38461538461538464,0.38999999999999996,-548.6374893853069,-253.47141149360772,-295.1660778916992,,,,,,,-275.8315165989974,101.82560804533364,0.7734806629834254,0.8421052631578947,2.1442422273292663,54.0,0.3333333333333333
holiday:k5:fixed,5,fixed,KZ,KZT,3,2022-07…2022-12,BUY_NOW,20,25.0,23,23,0.2608695652173913,0.2,1.3043478260869563,,,0.6521739130434783,0.6461538461538462,1.0093167701863353,224.20270209848132,165.82739028859348,58.37531180988785,,,,,,,-13.872444387808363,243.11269313811238,0.875,0.8181818181818182,1.9649748431587466,50.0,0.3333333333333333
holiday:k5:fixed,5,fixed,KZ,KZT,4,2023-01…2023-06,BUY_NOW,20,25.0,21,21,0.23809523809523808,0.4830508474576271,0.4928989139515455,,,0.6666666666666666,0.8050847457627118,0.8280701754385965,122.91780599770361,290.11536164792756,-167.19755565022393,,,,,,,20.890417659843347,-22.23572826351427,0.8121546961325967,0.85,2.1936309299314534,55.0,0.3333333333333333
holiday:k5:fixed,5,fixed,KZ,KZT,5,2023-07…2023-12,BUY_NOW,20,25.0,23,23,0.13043478260869565,0.09302325581395349,1.4021739130434783,,,0.6086956521739131,0.5193798449612403,1.1719662556781312,-19.860345007311658,-23.450077638838618,3.58973263152696,,,,,,,-16.43775398374719,7.86307742341284,0.875,0.8181818181818182,1.9798792576821447,50.0,0.3333333333333333
holiday:k5:fixed,5,fixed,KZ,KZT,6,2024-01…2024-06,BUY_NOW,20,25.0,20,20,0.15,0.26495726495726496,0.5661290322580644,,,0.5,0.5128205128205128,0.9750000000000001,-19.896938872889184,-51.33409444413086,31.43715557124168,,,,,,,-0.7855157930237183,11.168130387654239,0.7692307692307693,0.8947368421052632,2.171191855657642,52.0,0.5
holiday:k5:fixed,5,fixed,KZ,KZT,7,2024-07…2024-12,BUY_NOW,20,25.0,25,25,0.0,0.16793893129770993,0.0,,,0.32,0.6335877862595419,0.5050602409638555,-68.25320695722277,34.71548822943122,-102.968695186654,,,,,,,20.022405924604893,-61.725551404557244,0.9510869565217391,0.8333333333333334,2.0328078345745553,50.0,0.3333333333333333
holiday:k5:fixed,5,fixed,KZ,KZT,8,2025-01…2025-06,BUY_NOW,20,25.0,19,19,0.0,0.02564102564102564,0.0,,,0.15789473684210525,0.1111111111111111,1.4210526315789473,-209.00986702591507,-215.04473247998948,6.034865454074406,,,,,,,22.198837014963942,-83.41308017835183,0.7348066298342542,0.8333333333333334,2.062048239454219,54.0,0.3333333333333333
holiday:k5:fixed,5,fixed,KZ,KZT,9,2025-07…2025-12,BUY_NOW,20,25.0,24,24,0.16666666666666666,0.18461538461538463,0.9027777777777777,,,0.7083333333333334,0.6076923076923076,1.1656118143459917,51.342788350929965,15.864915632713714,35.47787271821625,,,,,,,19.45489867538485,10.90291944665293,0.9130434782608696,0.8260869565217391,2.0011714614985405,52.0,0.3333333333333333
holiday:k5:fixed,5,fixed,KZ,KZT,10,2026-01…2026-06,BUY_NOW,20,25.0,22,22,0.22727272727272727,0.26495726495726496,0.8577712609970675,,,0.4090909090909091,0.5897435897435898,0.6936758893280632,-96.51423361488588,74.19195081286851,-170.7061844277544,,,,,,,-161.80070134077334,-21.417743787604778,0.8508287292817679,0.8571428571428571,2.16716615911507,52.0,0.3333333333333333
