corridor,split,window,scenario,sent_total,h,tol_bps,n_events,n_scored,hit_rate,base_rate,lift,lift_ci_lo,lift_ci_hi,hit_mean,base_mean,lift_mean,benefit_fwd_bps,benefit_random_day_bps,benefit_excess_bps,benefit_excess_ci_lo,benefit_excess_ci_hi,benefit_fwd_ci_lo,benefit_fwd_ci_hi,benefit_fwd_block_ci_lo,benefit_fwd_block_ci_hi,benefit_sym_bps,vs_wait5_bps,freq_per_week,clump_share_series,clump_cv_gaps,longest_gap_days,empty_month_share
AMD,0,2021-01…2021-06,BUY_NOW,20,1,0.0,13,13,0.38461538461538464,0.4745762711864407,0.8104395604395604,0.3241758241758242,1.2967032967032968,0.38461538461538464,0.4745762711864407,0.8104395604395604,-13.83996296762754,2.439534227944096,-16.279497195571636,-55.47956833332726,18.025568561893174,-53.040034105383164,20.46510278983727,-41.84018680790747,26.11404885984648,13.47876678204437,-40.888974052500316,0.5027624309392265,0.0,0.5122499389946279,23.0,0.0
AMD,0,2021-01…2021-06,BUY_NOW,20,1,10.0,13,13,0.38461538461538464,0.5254237288135594,0.7320099255583127,0.29280397022332505,1.1712158808933002,0.38461538461538464,0.5254237288135594,0.7320099255583127,-13.83996296762754,2.439534227944096,-16.279497195571636,-55.47956833332726,18.025568561893174,-53.040034105383164,20.46510278983727,-41.84018680790747,26.11404885984648,13.47876678204437,-40.888974052500316,0.5027624309392265,0.0,0.5122499389946279,23.0,0.0
AMD,0,2021-01…2021-06,BUY_NOW,20,1,25.0,13,13,0.7692307692307693,0.635593220338983,1.2102564102564104,0.8471794871794872,1.5733333333333335,0.7692307692307693,0.635593220338983,1.2102564102564104,-13.83996296762754,2.439534227944096,-16.279497195571636,-55.47956833332726,18.025568561893174,-53.040034105383164,20.46510278983727,-41.84018680790747,26.11404885984648,13.47876678204437,-40.888974052500316,0.5027624309392265,0.0,0.5122499389946279,23.0,0.0
AMD,0,2021-01…2021-06,BUY_NOW,20,1,50.0,13,13,0.8461538461538461,0.8050847457627118,1.0510121457489878,0.7643724696356277,1.2421052631578948,0.8461538461538461,0.8050847457627118,1.0510121457489878,-13.83996296762754,2.439534227944096,-16.279497195571636,-55.47956833332726,18.025568561893174,-53.040034105383164,20.46510278983727,-41.84018680790747,26.11404885984648,13.47876678204437,-40.888974052500316,0.5027624309392265,0.0,0.5122499389946279,23.0,0.0
AMD,0,2021-01…2021-06,BUY_NOW,20,3,0.0,13,13,0.23076923076923078,0.3050847457627119,0.7564102564102564,0.0,1.5128205128205128,0.5384615384615384,0.5,1.0769230769230769,-18.984586326506584,6.47490088087447,-25.459487207381052,-69.1005093163111,10.612835617574122,-62.62560843543663,17.087736498448592,-49.35462876372451,7.693211340103425,15.48216267780131,-40.888974052500316,0.5027624309392265,0.0,0.5122499389946279,23.0,0.0
AMD,0,2021-01…2021-06,BUY_NOW,20,3,10.0,13,13,0.23076923076923078,0.3305084745762712,0.6982248520710059,0.0,1.3964497041420119,0.6153846153846154,0.5847457627118644,1.0523968784838351,-18.984586326506584,6.47490088087447,-25.459487207381052,-69.1005093163111,10.612835617574122,-62.62560843543663,17.087736498448592,-49.35462876372451,7.693211340103425,15.48216267780131,-40.888974052500316,0.5027624309392265,0.0,0.5122499389946279,23.0,0.0
AMD,0,2021-01…2021-06,BUY_NOW,20,3,25.0,13,13,0.46153846153846156,0.4152542372881356,1.1114599686028257,0.37048665620094196,1.6671899529042387,0.6923076923076923,0.6610169491525424,1.047337278106509,-18.984586326506584,6.47490088087447,-25.459487207381052,-69.1005093163111,10.612835617574122,-62.62560843543663,17.087736498448592,-49.35462876372451,7.693211340103425,15.48216267780131,-40.888974052500316,0.5027624309392265,0.0,0.5122499389946279,23.0,0.0
AMD,0,2021-01…2021-06,BUY_NOW,20,3,50.0,13,13,0.6923076923076923,0.6271186440677966,1.1039501039501038,0.735966735966736,1.471933471933472,0.7692307692307693,0.7627118644067796,1.0085470085470087,-18.984586326506584,6.47490088087447,-25.459487207381052,-69.1005093163111,10.612835617574122,-62.62560843543663,17.087736498448592,-49.35462876372451,7.693211340103425,15.48216267780131,-40.888974052500316,0.5027624309392265,0.0,0.5122499389946279,23.0,0.0
AMD,0,2021-01…2021-06,BUY_NOW,20,5,0.0,13,13,0.15384615384615385,0.23728813559322035,0.6483516483516484,0.0,1.620879120879121,0.3076923076923077,0.4830508474576271,0.6369770580296896,-25.03726365882526,11.119391346840903,-36.15665500566617,-84.65009234100907,11.556123949479868,-73.53070099416817,22.67551529632077,-59.99203372544155,19.980114268172144,13.378972997394154,-40.888974052500316,0.5027624309392265,0.0,0.5122499389946279,23.0,0.0
AMD,0,2021-01…2021-06,BUY_NOW,20,5,10.0,13,13,0.15384615384615385,0.2542372881355932,0.6051282051282052,0.0,1.512820512820513,0.46153846153846156,0.5169491525423728,0.8928121059268601,-25.03726365882526,11.119391346840903,-36.15665500566617,-84.65009234100907,11.556123949479868,-73.53070099416817,22.67551529632077,-59.99203372544155,19.980114268172144,13.378972997394154,-40.888974052500316,0.5027624309392265,0.0,0.5122499389946279,23.0,0.0
AMD,0,2021-01…2021-06,BUY_NOW,20,5,25.0,13,13,0.23076923076923078,0.3389830508474576,0.6807692307692308,0.0,1.3615384615384616,0.6153846153846154,0.635593220338983,0.9682051282051283,-25.03726365882526,11.119391346840903,-36.15665500566617,-84.65009234100907,11.556123949479868,-73.53070099416817,22.67551529632077,-59.99203372544155,19.980114268172144,13.378972997394154,-40.888974052500316,0.5027624309392265,0.0,0.5122499389946279,23.0,0.0
AMD,0,2021-01…2021-06,BUY_NOW,20,5,50.0,13,13,0.5384615384615384,0.5423728813559322,0.9927884615384615,0.4254807692307693,1.4182692307692308,0.6923076923076923,0.7288135593220338,0.9499105545617174,-25.03726365882526,11.119391346840903,-36.15665500566617,-84.65009234100907,11.556123949479868,-73.53070099416817,22.67551529632077,-59.99203372544155,19.980114268172144,13.378972997394154,-40.888974052500316,0.5027624309392265,0.0,0.5122499389946279,23.0,0.0
AMD,0,2021-01…2021-06,BUY_NOW,20,10,0.0,13,13,0.07692307692307693,0.19491525423728814,0.39464882943143814,0.0,1.1839464882943145,0.3076923076923077,0.4322033898305085,0.7119155354449472,-24.75159864420091,24.192897170531936,-48.944495814732846,-111.21267580511442,17.39242889800353,-87.01977863458248,41.585326068535466,-75.7584502639076,61.02159652244358,11.39681042153408,-40.888974052500316,0.5027624309392265,0.0,0.5122499389946279,23.0,0.0
AMD,0,2021-01…2021-06,BUY_NOW,20,10,10.0,13,13,0.07692307692307693,0.2033898305084746,0.3782051282051282,0.0,1.1346153846153846,0.38461538461538464,0.4661016949152542,0.8251748251748252,-24.75159864420091,24.192897170531936,-48.944495814732846,-111.21267580511442,17.39242889800353,-87.01977863458248,41.585326068535466,-75.7584502639076,61.02159652244358,11.39681042153408,-40.888974052500316,0.5027624309392265,0.0,0.5122499389946279,23.0,0.0
AMD,0,2021-01…2021-06,BUY_NOW,20,10,25.0,13,13,0.07692307692307693,0.2288135593220339,0.33618233618233617,0.0,1.0085470085470085,0.46153846153846156,0.5508474576271186,0.8378698224852071,-24.75159864420091,24.192897170531936,-48.944495814732846,-111.21267580511442,17.39242889800353,-87.01977863458248,41.585326068535466,-75.7584502639076,61.02159652244358,11.39681042153408,-40.888974052500316,0.5027624309392265,0.0,0.5122499389946279,23.0,0.0
AMD,0,2021-01…2021-06,BUY_NOW,20,10,50.0,13,13,0.38461538461538464,0.4152542372881356,0.9262166405023549,0.37048665620094196,1.4819466248037678,0.6153846153846154,0.6949152542372882,0.8855534709193246,-24.75159864420091,24.192897170531936,-48.944495814732846,-111.21267580511442,17.39242889800353,-87.01977863458248,41.585326068535466,-75.7584502639076,61.02159652244358,11.39681042153408,-40.888974052500316,0.5027624309392265,0.0,0.5122499389946279,23.0,0.0
AMD,0,2021-01…2021-06,BUY_NOW,20,20,0.0,13,13,0.07692307692307693,0.13559322033898305,0.5673076923076923,0.0,1.701923076923077,0.5384615384615384,0.5084745762711864,1.058974358974359,-4.663203868818029,43.40759409925216,-48.07079796807019,-137.35030437413775,43.45918999668039,-93.9427102748856,86.86678409593254,-94.50850898146744,131.43561210032343,27.850308085131285,-40.888974052500316,0.5027624309392265,0.0,0.5122499389946279,23.0,0.0
AMD,0,2021-01…2021-06,BUY_NOW,20,20,10.0,13,13,0.07692307692307693,0.16101694915254236,0.4777327935222673,0.0,1.4331983805668018,0.5384615384615384,0.5338983050847458,1.0085470085470085,-4.663203868818029,43.40759409925216,-48.07079796807019,-137.35030437413775,43.45918999668039,-93.9427102748856,86.86678409593254,-94.50850898146744,131.43561210032343,27.850308085131285,-40.888974052500316,0.5027624309392265,0.0,0.5122499389946279,23.0,0.0
AMD,0,2021-01…2021-06,BUY_NOW,20,20,25.0,13,13,0.07692307692307693,0.1864406779661017,0.4125874125874126,0.0,1.2377622377622377,0.5384615384615384,0.5508474576271186,0.9775147928994082,-4.663203868818029,43.40759409925216,-48.07079796807019,-137.35030437413775,43.45918999668039,-93.9427102748856,86.86678409593254,-94.50850898146744,131.43561210032343,27.850308085131285,-40.888974052500316,0.5027624309392265,0.0,0.5122499389946279,23.0,0.0
AMD,0,2021-01…2021-06,BUY_NOW,20,20,50.0,13,13,0.15384615384615385,0.2796610169491525,0.5501165501165501,0.0,1.3752913752913756,0.5384615384615384,0.5932203389830508,0.9076923076923077,-4.663203868818029,43.40759409925216,-48.07079796807019,-137.35030437413775,43.45918999668039,-93.9427102748856,86.86678409593254,-94.50850898146744,131.43561210032343,27.850308085131285,-40.888974052500316,0.5027624309392265,0.0,0.5122499389946279,23.0,0.0
AMD,0,2021-01…2021-06,WINDOW_CLOSING,20,1,0.0,7,7,0.5714285714285714,0.4745762711864407,1.2040816326530612,0.6020408163265306,1.8061224489795917,0.5714285714285714,0.4745762711864407,1.2040816326530612,-21.01202808672082,2.439534227944096,-23.45156231466492,-103.57375584022171,41.887945401401424,-101.13422161227761,44.32747962934552,-92.05520339061997,30.345037836853464,-44.96870023381093,62.714402156190154,0.27071823204419887,0.0,0.8376431761406402,64.0,0.3333333333333333
AMD,0,2021-01…2021-06,WINDOW_CLOSING,20,1,10.0,7,7,0.5714285714285714,0.4745762711864407,1.2040816326530612,0.6020408163265306,1.8061224489795917,0.5714285714285714,0.4745762711864407,1.2040816326530612,-21.01202808672082,2.439534227944096,-23.45156231466492,-103.57375584022171,41.887945401401424,-101.13422161227761,44.32747962934552,-92.05520339061997,30.345037836853464,-44.96870023381093,62.714402156190154,0.27071823204419887,0.0,0.8376431761406402,64.0,0.3333333333333333
AMD,0,2021-01…2021-06,WINDOW_CLOSING,20,1,25.0,7,7,0.5714285714285714,0.4745762711864407,1.2040816326530612,0.6020408163265306,1.8061224489795917,0.5714285714285714,0.4745762711864407,1.2040816326530612,-21.01202808672082,2.439534227944096,-23.45156231466492,-103.57375584022171,41.887945401401424,-101.13422161227761,44.32747962934552,-92.05520339061997,30.345037836853464,-44.96870023381093,62.714402156190154,0.27071823204419887,0.0,0.8376431761406402,64.0,0.3333333333333333
AMD,0,2021-01…2021-06,WINDOW_CLOSING,20,1,50.0,7,7,0.5714285714285714,0.4745762711864407,1.2040816326530612,0.6020408163265306,1.8061224489795917,0.5714285714285714,0.4745762711864407,1.2040816326530612,-21.01202808672082,2.439534227944096,-23.45156231466492,-103.57375584022171,41.887945401401424,-101.13422161227761,44.32747962934552,-92.05520339061997,30.345037836853464,-44.96870023381093,62.714402156190154,0.27071823204419887,0.0,0.8376431761406402,64.0,0.3333333333333333
AMD,0,2021-01…2021-06,WINDOW_CLOSING,20,3,0.0,7,7,0.7142857142857143,0.5,1.4285714285714286,0.8571428571428571,2.0,0.7142857142857143,0.5,1.4285714285714286,7.4139915466296475,6.47490088087447,0.9390906657551774,-85.57577595779257,83.9753662229112,-79.1008750769181,90.45026710378568,-61.59044477724362,84.30251126282596,-40.33405493193151,62.714402156190154,0.27071823204419887,0.0,0.8376431761406402,64.0,0.3333333333333333
AMD,0,2021-01…2021-06,WINDOW_CLOSING,20,3,10.0,7,7,0.7142857142857143,0.5,1.4285714285714286,0.8571428571428571,2.0,0.7142857142857143,0.5,1.4285714285714286,7.4139915466296475,6.47490088087447,0.9390906657551774,-85.57577595779257,83.9753662229112,-79.1008750769181,90.45026710378568,-61.59044477724362,84.30251126282596,-40.33405493193151,62.714402156190154,0.27071823204419887,0.0,0.8376431761406402,64.0,0.3333333333333333
AMD,0,2021-01…2021-06,WINDOW_CLOSING,20,3,25.0,7,7,0.7142857142857143,0.5,1.4285714285714286,0.8571428571428571,2.0,0.7142857142857143,0.5,1.4285714285714286,7.4139915466296475,6.47490088087447,0.9390906657551774,-85.57577595779257,83.9753662229112,-79.1008750769181,90.45026710378568,-61.59044477724362,84.30251126282596,-40.33405493193151,62.714402156190154,0.27071823204419887,0.0,0.8376431761406402,64.0,0.3333333333333333
AMD,0,2021-01…2021-06,WINDOW_CLOSING,20,3,50.0,7,7,0.7142857142857143,0.5,1.4285714285714286,0.8571428571428571,2.0,0.7142857142857143,0.5,1.4285714285714286,7.4139915466296475,6.47490088087447,0.9390906657551774,-85.57577595779257,83.9753662229112,-79.1008750769181,90.45026710378568,-61.59044477724362,84.30251126282596,-40.33405493193151,62.714402156190154,0.27071823204419887,0.0,0.8376431761406402,64.0,0.3333333333333333
AMD,0,2021-01…2021-06,WINDOW_CLOSING,20,5,0.0,7,7,0.7142857142857143,0.5084745762711864,1.4047619047619049,0.8428571428571429,1.9666666666666668,0.7142857142857143,0.5084745762711864,1.4047619047619049,28.00106193878525,11.119391346840903,16.881670591944346,-92.68238272617646,115.11220001996793,-81.56299137933556,126.23159136680883,-56.71997014001958,135.52962129559958,-33.46146136566331,62.714402156190154,0.27071823204419887,0.0,0.8376431761406402,64.0,0.3333333333333333
AMD,0,2021-01…2021-06,WINDOW_CLOSING,20,5,10.0,7,7,0.7142857142857143,0.5084745762711864,1.4047619047619049,0.8428571428571429,1.9666666666666668,0.7142857142857143,0.5084745762711864,1.4047619047619049,28.00106193878525,11.119391346840903,16.881670591944346,-92.68238272617646,115.11220001996793,-81.56299137933556,126.23159136680883,-56.71997014001958,135.52962129559958,-33.46146136566331,62.714402156190154,0.27071823204419887,0.0,0.8376431761406402,64.0,0.3333333333333333
AMD,0,2021-01…2021-06,WINDOW_CLOSING,20,5,25.0,7,7,0.7142857142857143,0.5084745762711864,1.4047619047619049,0.8428571428571429,1.9666666666666668,0.7142857142857143,0.5084745762711864,1.4047619047619049,28.00106193878525,11.119391346840903,16.881670591944346,-92.68238272617646,115.11220001996793,-81.56299137933556,126.23159136680883,-56.71997014001958,135.52962129559958,-33.46146136566331,62.714402156190154,0.27071823204419887,0.0,0.8376431761406402,64.0,0.3333333333333333
AMD,0,2021-01…2021-06,WINDOW_CLOSING,20,5,50.0,7,7,0.7142857142857143,0.5084745762711864,1.4047619047619049,0.8428571428571429,1.9666666666666668,0.7142857142857143,0.5084745762711864,1.4047619047619049,28.00106193878525,11.119391346840903,16.881670591944346,-92.68238272617646,115.11220001996793,-81.56299137933556,126.23159136680883,-56.71997014001958,135.52962129559958,-33.46146136566331,62.714402156190154,0.27071823204419887,0.0,0.8376431761406402,64.0,0.3333333333333333
AMD,0,2021-01…2021-06,WINDOW_CLOSING,20,10,0.0,7,7,0.8571428571428571,0.4830508474576271,1.7744360902255638,1.1829573934837092,2.0701754385964914,0.8571428571428571,0.4830508474576271,1.7744360902255638,100.14714808789049,24.192897170531936,75.95425091735855,-70.71693488381439,210.03490778795987,-46.52403771328245,234.2278049584918,-21.540378177393173,262.39718310826873,-1.0179855321308082,62.714402156190154,0.27071823204419887,0.0,0.8376431761406402,64.0,0.3333333333333333
AMD,0,2021-01…2021-06,WINDOW_CLOSING,20,10,10.0,7,7,0.8571428571428571,0.4830508474576271,1.7744360902255638,1.1829573934837092,2.0701754385964914,0.8571428571428571,0.4830508474576271,1.7744360902255638,100.14714808789049,24.192897170531936,75.95425091735855,-70.71693488381439,210.03490778795987,-46.52403771328245,234.2278049584918,-21.540378177393173,262.39718310826873,-1.0179855321308082,62.714402156190154,0.27071823204419887,0.0,0.8376431761406402,64.0,0.3333333333333333
AMD,0,2021-01…2021-06,WINDOW_CLOSING,20,10,25.0,7,7,0.8571428571428571,0.4830508474576271,1.7744360902255638,1.1829573934837092,2.0701754385964914,0.8571428571428571,0.4830508474576271,1.7744360902255638,100.14714808789049,24.192897170531936,75.95425091735855,-70.71693488381439,210.03490778795987,-46.52403771328245,234.2278049584918,-21.540378177393173,262.39718310826873,-1.0179855321308082,62.714402156190154,0.27071823204419887,0.0,0.8376431761406402,64.0,0.3333333333333333
AMD,0,2021-01…2021-06,WINDOW_CLOSING,20,10,50.0,7,7,0.8571428571428571,0.4830508474576271,1.7744360902255638,1.1829573934837092,2.0701754385964914,0.8571428571428571,0.4830508474576271,1.7744360902255638,100.14714808789049,24.192897170531936,75.95425091735855,-70.71693488381439,210.03490778795987,-46.52403771328245,234.2278049584918,-21.540378177393173,262.39718310826873,-1.0179855321308082,62.714402156190154,0.27071823204419887,0.0,0.8376431761406402,64.0,0.3333333333333333
AMD,0,2021-01…2021-06,WINDOW_CLOSING,20,20,0.0,7,7,0.7142857142857143,0.5254237288135594,1.359447004608295,0.543778801843318,1.9032258064516128,0.7142857142857143,0.5254237288135594,1.359447004608295,152.92264951681167,43.40759409925216,109.51505541755952,-82.70840878428972,281.30756751094077,-39.30081468503756,324.7151616101929,-61.80325959127167,370.567257390397,22.316637613725153,62.714402156190154,0.27071823204419887,0.0,0.8376431761406402,64.0,0.3333333333333333
AMD,0,2021-01…2021-06,WINDOW_CLOSING,20,20,10.0,7,7,0.7142857142857143,0.5254237288135594,1.359447004608295,0.543778801843318,1.9032258064516128,0.7142857142857143,0.5254237288135594,1.359447004608295,152.92264951681167,43.40759409925216,109.51505541755952,-82.70840878428972,281.30756751094077,-39.30081468503756,324.7151616101929,-61.80325959127167,370.567257390397,22.316637613725153,62.714402156190154,0.27071823204419887,0.0,0.8376431761406402,64.0,0.3333333333333333
AMD,0,2021-01…2021-06,WINDOW_CLOSING,20,20,25.0,7,7,0.7142857142857143,0.5254237288135594,1.359447004608295,0.543778801843318,1.9032258064516128,0.7142857142857143,0.5254237288135594,1.359447004608295,152.92264951681167,43.40759409925216,109.51505541755952,-82.70840878428972,281.30756751094077,-39.30081468503756,324.7151616101929,-61.80325959127167,370.567257390397,22.316637613725153,62.714402156190154,0.27071823204419887,0.0,0.8376431761406402,64.0,0.3333333333333333
AMD,0,2021-01…2021-06,WINDOW_CLOSING,20,20,50.0,7,7,0.7142857142857143,0.5254237288135594,1.359447004608295,0.543778801843318,1.9032258064516128,0.7142857142857143,0.5254237288135594,1.359447004608295,152.92264951681167,43.40759409925216,109.51505541755952,-82.70840878428972,281.30756751094077,-39.30081468503756,324.7151616101929,-61.80325959127167,370.567257390397,22.316637613725153,62.714402156190154,0.27071823204419887,0.0,0.8376431761406402,64.0,0.3333333333333333
AMD,1,2021-07…2021-12,WINDOW_CLOSING,18,1,0.0,1,1,1.0,0.5426356589147286,1.842857142857143,,,1.0,0.5426356589147286,1.842857142857143,155.61951901867045,4.881434154373047,150.7380848642974,,,,,,,22.361058804540868,14.86253833324458,0.03804347826086957,0.0,,176.0,0.8333333333333334
AMD,1,2021-07…2021-12,WINDOW_CLOSING,18,1,10.0,1,1,1.0,0.5426356589147286,1.842857142857143,,,1.0,0.5426356589147286,1.842857142857143,155.61951901867045,4.881434154373047,150.7380848642974,,,,,,,22.361058804540868,14.86253833324458,0.03804347826086957,0.0,,176.0,0.8333333333333334
AMD,1,2021-07…2021-12,WINDOW_CLOSING,18,1,25.0,1,1,1.0,0.5426356589147286,1.842857142857143,,,1.0,0.5426356589147286,1.842857142857143,155.61951901867045,4.881434154373047,150.7380848642974,,,,,,,22.361058804540868,14.86253833324458,0.03804347826086957,0.0,,176.0,0.8333333333333334
AMD,1,2021-07…2021-12,WINDOW_CLOSING,18,1,50.0,1,1,1.0,0.5426356589147286,1.842857142857143,,,1.0,0.5426356589147286,1.842857142857143,155.61951901867045,4.881434154373047,150.7380848642974,,,,,,,22.361058804540868,14.86253833324458,0.03804347826086957,0.0,,176.0,0.8333333333333334
AMD,1,2021-07…2021-12,WINDOW_CLOSING,18,3,0.0,1,1,1.0,0.5116279069767442,1.9545454545454544,,,1.0,0.5116279069767442,1.9545454545454544,92.15670450673397,8.759732184610117,83.39697232212386,,,,,,,10.356700919997852,14.86253833324458,0.03804347826086957,0.0,,176.0,0.8333333333333334
AMD,1,2021-07…2021-12,WINDOW_CLOSING,18,3,10.0,1,1,1.0,0.5116279069767442,1.9545454545454544,,,1.0,0.5116279069767442,1.9545454545454544,92.15670450673397,8.759732184610117,83.39697232212386,,,,,,,10.356700919997852,14.86253833324458,0.03804347826086957,0.0,,176.0,0.8333333333333334
AMD,1,2021-07…2021-12,WINDOW_CLOSING,18,3,25.0,1,1,1.0,0.5116279069767442,1.9545454545454544,,,1.0,0.5116279069767442,1.9545454545454544,92.15670450673397,8.759732184610117,83.39697232212386,,,,,,,10.356700919997852,14.86253833324458,0.03804347826086957,0.0,,176.0,0.8333333333333334
AMD,1,2021-07…2021-12,WINDOW_CLOSING,18,3,50.0,1,1,1.0,0.5116279069767442,1.9545454545454544,,,1.0,0.5116279069767442,1.9545454545454544,92.15670450673397,8.759732184610117,83.39697232212386,,,,,,,10.356700919997852,14.86253833324458,0.03804347826086957,0.0,,176.0,0.8333333333333334
AMD,1,2021-07…2021-12,WINDOW_CLOSING,18,5,0.0,1,1,1.0,0.5348837209302325,1.8695652173913044,,,1.0,0.5348837209302325,1.8695652173913044,57.48641523645625,12.776400310582584,44.710014925873665,,,,,,,-21.318663582073903,14.86253833324458,0.03804347826086957,0.0,,176.0,0.8333333333333334
AMD,1,2021-07…2021-12,WINDOW_CLOSING,18,5,10.0,1,1,1.0,0.5348837209302325,1.8695652173913044,,,1.0,0.5348837209302325,1.8695652173913044,57.48641523645625,12.776400310582584,44.710014925873665,,,,,,,-21.318663582073903,14.86253833324458,0.03804347826086957,0.0,,176.0,0.8333333333333334
AMD,1,2021-07…2021-12,WINDOW_CLOSING,18,5,25.0,1,1,1.0,0.5348837209302325,1.8695652173913044,,,1.0,0.5348837209302325,1.8695652173913044,57.48641523645625,12.776400310582584,44.710014925873665,,,,,,,-21.318663582073903,14.86253833324458,0.03804347826086957,0.0,,176.0,0.8333333333333334
AMD,1,2021-07…2021-12,WINDOW_CLOSING,18,5,50.0,1,1,1.0,0.5348837209302325,1.8695652173913044,,,1.0,0.5348837209302325,1.8695652173913044,57.48641523645625,12.776400310582584,44.710014925873665,,,,,,,-21.318663582073903,14.86253833324458,0.03804347826086957,0.0,,176.0,0.8333333333333334
AMD,1,2021-07…2021-12,WINDOW_CLOSING,18,10,0.0,1,1,1.0,0.5581395348837209,1.7916666666666667,,,1.0,0.5581395348837209,1.7916666666666667,70.06913434120632,23.89685405956318,46.17228028164314,,,,,,,-86.77772098778735,14.86253833324458,0.03804347826086957,0.0,,176.0,0.8333333333333334
AMD,1,2021-07…2021-12,WINDOW_CLOSING,18,10,10.0,1,1,1.0,0.5581395348837209,1.7916666666666667,,,1.0,0.5581395348837209,1.7916666666666667,70.06913434120632,23.89685405956318,46.17228028164314,,,,,,,-86.77772098778735,14.86253833324458,0.03804347826086957,0.0,,176.0,0.8333333333333334
AMD,1,2021-07…2021-12,WINDOW_CLOSING,18,10,25.0,1,1,1.0,0.5581395348837209,1.7916666666666667,,,1.0,0.5581395348837209,1.7916666666666667,70.06913434120632,23.89685405956318,46.17228028164314,,,,,,,-86.77772098778735,14.86253833324458,0.03804347826086957,0.0,,176.0,0.8333333333333334
AMD,1,2021-07…2021-12,WINDOW_CLOSING,18,10,50.0,1,1,1.0,0.5581395348837209,1.7916666666666667,,,1.0,0.5581395348837209,1.7916666666666667,70.06913434120632,23.89685405956318,46.17228028164314,,,,,,,-86.77772098778735,14.86253833324458,0.03804347826086957,0.0,,176.0,0.8333333333333334
AMD,1,2021-07…2021-12,WINDOW_CLOSING,18,20,0.0,1,1,1.0,0.5193798449612403,1.925373134328358,,,1.0,0.5193798449612403,1.925373134328358,98.63412600204401,51.49644441112181,47.137681590922206,,,,,,,-165.76774089417268,14.86253833324458,0.03804347826086957,0.0,,176.0,0.8333333333333334
AMD,1,2021-07…2021-12,WINDOW_CLOSING,18,20,10.0,1,1,1.0,0.5193798449612403,1.925373134328358,,,1.0,0.5193798449612403,1.925373134328358,98.63412600204401,51.49644441112181,47.137681590922206,,,,,,,-165.76774089417268,14.86253833324458,0.03804347826086957,0.0,,176.0,0.8333333333333334
AMD,1,2021-07…2021-12,WINDOW_CLOSING,18,20,25.0,1,1,1.0,0.5193798449612403,1.925373134328358,,,1.0,0.5193798449612403,1.925373134328358,98.63412600204401,51.49644441112181,47.137681590922206,,,,,,,-165.76774089417268,14.86253833324458,0.03804347826086957,0.0,,176.0,0.8333333333333334
AMD,1,2021-07…2021-12,WINDOW_CLOSING,18,20,50.0,1,1,1.0,0.5193798449612403,1.925373134328358,,,1.0,0.5193798449612403,1.925373134328358,98.63412600204401,51.49644441112181,47.137681590922206,,,,,,,-165.76774089417268,14.86253833324458,0.03804347826086957,0.0,,176.0,0.8333333333333334
AMD,1,2021-07…2021-12,BUY_NOW,18,1,0.0,17,17,0.5882352941176471,0.5426356589147286,1.0840336134453783,0.650420168067227,1.5176470588235293,0.5882352941176471,0.5426356589147286,1.0840336134453783,20.357877453127994,4.881434154373047,15.476443298754948,-13.575565860746057,43.10247077464884,-8.69413170637301,47.98390492902189,-10.083305170887233,61.036094059240824,24.649423751281827,17.391889634719092,0.6467391304347826,0.0,0.2991163373743322,19.0,0.0
AMD,1,2021-07…2021-12,BUY_NOW,18,1,10.0,17,17,0.6470588235294118,0.6046511627906976,1.070135746606335,0.6809954751131222,1.4592760180995477,0.6470588235294118,0.6046511627906976,1.070135746606335,20.357877453127994,4.881434154373047,15.476443298754948,-13.575565860746057,43.10247077464884,-8.69413170637301,47.98390492902189,-10.083305170887233,61.036094059240824,24.649423751281827,17.391889634719092,0.6467391304347826,0.0,0.2991163373743322,19.0,0.0
AMD,1,2021-07…2021-12,BUY_NOW,18,1,25.0,17,17,0.7647058823529411,0.6744186046511628,1.1338742393509127,0.872210953346856,1.3955375253549696,0.7647058823529411,0.6744186046511628,1.1338742393509127,20.357877453127994,4.881434154373047,15.476443298754948,-13.575565860746057,43.10247077464884,-8.69413170637301,47.98390492902189,-10.083305170887233,61.036094059240824,24.649423751281827,17.391889634719092,0.6467391304347826,0.0,0.2991163373743322,19.0,0.0
AMD,1,2021-07…2021-12,BUY_NOW,18,1,50.0,17,17,0.8235294117647058,0.7906976744186046,1.041522491349481,0.8183391003460209,1.2647058823529413,0.8235294117647058,0.7906976744186046,1.041522491349481,20.357877453127994,4.881434154373047,15.476443298754948,-13.575565860746057,43.10247077464884,-8.69413170637301,47.98390492902189,-10.083305170887233,61.036094059240824,24.649423751281827,17.391889634719092,0.6467391304347826,0.0,0.2991163373743322,19.0,0.0
AMD,1,2021-07…2021-12,BUY_NOW,18,3,0.0,17,17,0.29411764705882354,0.3643410852713178,0.807259073842303,0.32290362953692114,1.4530663329161453,0.47058823529411764,0.5426356589147286,0.8672268907563025,11.49416758632253,8.759732184610117,2.734435401712412,-28.23795750819027,35.45286887547337,-19.47822532358015,44.212601060083486,-17.16143291723859,49.94255655497365,27.148191873406354,17.391889634719092,0.6467391304347826,0.0,0.2991163373743322,19.0,0.0
AMD,1,2021-07…2021-12,BUY_NOW,18,3,10.0,17,17,0.35294117647058826,0.4186046511627907,0.8431372549019608,0.28104575163398693,1.4052287581699345,0.5882352941176471,0.5891472868217055,0.9984520123839009,11.49416758632253,8.759732184610117,2.734435401712412,-28.23795750819027,35.45286887547337,-19.47822532358015,44.212601060083486,-17.16143291723859,49.94255655497365,27.148191873406354,17.391889634719092,0.6467391304347826,0.0,0.2991163373743322,19.0,0.0
AMD,1,2021-07…2021-12,BUY_NOW,18,3,25.0,17,17,0.47058823529411764,0.46511627906976744,1.011764705882353,0.5058823529411764,1.5176470588235296,0.6470588235294118,0.6589147286821705,0.9820069204152251,11.49416758632253,8.759732184610117,2.734435401712412,-28.23795750819027,35.45286887547337,-19.47822532358015,44.212601060083486,-17.16143291723859,49.94255655497365,27.148191873406354,17.391889634719092,0.6467391304347826,0.0,0.2991163373743322,19.0,0.0
AMD,1,2021-07…2021-12,BUY_NOW,18,3,50.0,17,17,0.5294117647058824,0.5891472868217055,0.8986068111455108,0.49922600619195046,1.297987616099071,0.8235294117647058,0.7674418604651163,1.0730837789661318,11.49416758632253,8.759732184610117,2.734435401712412,-28.23795750819027,35.45286887547337,-19.47822532358015,44.212601060083486,-17.16143291723859,49.94255655497365,27.148191873406354,17.391889634719092,0.6467391304347826,0.0,0.2991163373743322,19.0,0.0
AMD,1,2021-07…2021-12,BUY_NOW,18,5,0.0,17,17,0.23529411764705882,0.2713178294573643,0.8672268907563025,0.21680672268907564,1.734453781512605,0.5294117647058824,0.5426356589147286,0.9756302521008404,11.620980424626676,12.776400310582584,-1.155419885955908,-40.03386006450893,41.41338290621259,-27.257459753926344,54.18978321679518,-8.17633113843424,39.1167461940225,25.73811699382997,17.391889634719092,0.6467391304347826,0.0,0.2991163373743322,19.0,0.0
AMD,1,2021-07…2021-12,BUY_NOW,18,5,10.0,17,17,0.29411764705882354,0.3178294573643411,0.9253945480631277,0.37015781922525104,1.66571018651363,0.5294117647058824,0.5813953488372093,0.9105882352941176,11.620980424626676,12.776400310582584,-1.155419885955908,-40.03386006450893,41.41338290621259,-27.257459753926344,54.18978321679518,-8.17633113843424,39.1167461940225,25.73811699382997,17.391889634719092,0.6467391304347826,0.0,0.2991163373743322,19.0,0.0
AMD,1,2021-07…2021-12,BUY_NOW,18,5,25.0,17,17,0.4117647058823529,0.37209302325581395,1.1066176470588236,0.474264705882353,1.7389705882352942,0.5294117647058824,0.6201550387596899,0.8536764705882354,11.620980424626676,12.776400310582584,-1.155419885955908,-40.03386006450893,41.41338290621259,-27.257459753926344,54.18978321679518,-8.17633113843424,39.1167461940225,25.73811699382997,17.391889634719092,0.6467391304347826,0.0,0.2991163373743322,19.0,0.0
AMD,1,2021-07…2021-12,BUY_NOW,18,5,50.0,17,17,0.5294117647058824,0.49612403100775193,1.0670955882352942,0.5928308823529412,1.541360294117647,0.6470588235294118,0.7209302325581395,0.8975332068311197,11.620980424626676,12.776400310582584,-1.155419885955908,-40.03386006450893,41.41338290621259,-27.257459753926344,54.18978321679518,-8.17633113843424,39.1167461940225,25.73811699382997,17.391889634719092,0.6467391304347826,0.0,0.2991163373743322,19.0,0.0
AMD,1,2021-07…2021-12,BUY_NOW,18,10,0.0,17,17,0.17647058823529413,0.20155038759689922,0.8755656108597286,0.0,1.7511312217194572,0.5882352941176471,0.6124031007751938,0.9605361131794491,21.98333525958486,23.89685405956318,-1.9135187999783199,-58.42702684114333,58.1040779241725,-34.530172781580156,82.00093198373568,-10.898472542923534,54.77598619915173,29.572576353218018,17.391889634719092,0.6467391304347826,0.0,0.2991163373743322,19.0,0.0
AMD,1,2021-07…2021-12,BUY_NOW,18,10,10.0,17,17,0.23529411764705882,0.23255813953488372,1.011764705882353,0.2529411764705882,2.023529411764706,0.5882352941176471,0.6124031007751938,0.9605361131794491,21.98333525958486,23.89685405956318,-1.9135187999783199,-58.42702684114333,58.1040779241725,-34.530172781580156,82.00093198373568,-10.898472542923534,54.77598619915173,29.572576353218018,17.391889634719092,0.6467391304347826,0.0,0.2991163373743322,19.0,0.0
AMD,1,2021-07…2021-12,BUY_NOW,18,10,25.0,17,17,0.35294117647058826,0.27906976744186046,1.2647058823529413,0.6270833333333337,2.107843137254902,0.5882352941176471,0.6434108527131783,0.9142452161587526,21.98333525958486,23.89685405956318,-1.9135187999783199,-58.42702684114333,58.1040779241725,-34.530172781580156,82.00093198373568,-10.898472542923534,54.77598619915173,29.572576353218018,17.391889634719092,0.6467391304347826,0.0,0.2991163373743322,19.0,0.0
AMD,1,2021-07…2021-12,BUY_NOW,18,10,50.0,17,17,0.47058823529411764,0.4186046511627907,1.1241830065359477,0.5620915032679739,1.6862745098039216,0.7058823529411765,0.7054263565891473,1.0006464124111183,21.98333525958486,23.89685405956318,-1.9135187999783199,-58.42702684114333,58.1040779241725,-34.530172781580156,82.00093198373568,-10.898472542923534,54.77598619915173,29.572576353218018,17.391889634719092,0.6467391304347826,0.0,0.2991163373743322,19.0,0.0
AMD,1,2021-07…2021-12,BUY_NOW,18,20,0.0,17,17,0.17647058823529413,0.10852713178294573,1.6260504201680674,0.0,3.252100840336135,0.5882352941176471,0.5813953488372093,1.011764705882353,60.660859427536494,51.49644441112181,9.164415016414686,-71.22665579381979,100.83246117828006,-19.730211382697988,152.32890558940187,-16.955010008117153,144.86710135412923,43.2798154329185,17.391889634719092,0.6467391304347826,0.0,0.2991163373743322,19.0,0.0
AMD,1,2021-07…2021-12,BUY_NOW,18,20,10.0,17,17,0.23529411764705882,0.12403100775193798,1.8970588235294117,0.4742647058823529,3.7941176470588234,0.5882352941176471,0.6124031007751938,0.9605361131794491,60.660859427536494,51.49644441112181,9.164415016414686,-71.22665579381979,100.83246117828006,-19.730211382697988,152.32890558940187,-16.955010008117153,144.86710135412923,43.2798154329185,17.391889634719092,0.6467391304347826,0.0,0.2991163373743322,19.0,0.0
AMD,1,2021-07…2021-12,BUY_NOW,18,20,25.0,17,17,0.23529411764705882,0.13953488372093023,1.6862745098039216,0.4215686274509804,3.372549019607843,0.7058823529411765,0.6589147286821705,1.0712802768166092,60.660859427536494,51.49644441112181,9.164415016414686,-71.22665579381979,100.83246117828006,-19.730211382697988,152.32890558940187,-16.955010008117153,144.86710135412923,43.2798154329185,17.391889634719092,0.6467391304347826,0.0,0.2991163373743322,19.0,0.0
AMD,1,2021-07…2021-12,BUY_NOW,18,20,50.0,17,17,0.35294117647058826,0.2713178294573643,1.300840336134454,0.4336134453781513,2.1680672268907566,0.7647058823529411,0.7131782945736435,1.072250639386189,60.660859427536494,51.49644441112181,9.164415016414686,-71.22665579381979,100.83246117828006,-19.730211382697988,152.32890558940187,-16.955010008117153,144.86710135412923,43.2798154329185,17.391889634719092,0.6467391304347826,0.0,0.2991163373743322,19.0,0.0
AMD,2,2022-01…2022-06,BUY_NOW,17,1,0.0,14,14,0.21428571428571427,0.4017094017094017,0.533434650455927,0.0,1.066869300911854,0.21428571428571427,0.4017094017094017,0.533434650455927,-85.04058279033507,-8.86416724665619,-76.17641554367887,-138.4977324645459,-22.43994972896293,-147.36189971120208,-31.30411697561912,-127.4748019654223,-36.13210686656442,60.394528625562494,138.70861751481374,0.5414364640883977,0.0,0.6882532978786345,41.0,0.0
AMD,2,2022-01…2022-06,BUY_NOW,17,1,10.0,14,14,0.21428571428571427,0.4358974358974359,0.49159663865546216,0.0,0.9831932773109243,0.21428571428571427,0.4358974358974359,0.49159663865546216,-85.04058279033507,-8.86416724665619,-76.17641554367887,-138.4977324645459,-22.43994972896293,-147.36189971120208,-31.30411697561912,-127.4748019654223,-36.13210686656442,60.394528625562494,138.70861751481374,0.5414364640883977,0.0,0.6882532978786345,41.0,0.0
AMD,2,2022-01…2022-06,BUY_NOW,17,1,25.0,14,14,0.2857142857142857,0.4700854700854701,0.6077922077922078,0.15194805194805194,1.0636363636363637,0.2857142857142857,0.4700854700854701,0.6077922077922078,-85.04058279033507,-8.86416724665619,-76.17641554367887,-138.4977324645459,-22.43994972896293,-147.36189971120208,-31.30411697561912,-127.4748019654223,-36.13210686656442,60.394528625562494,138.70861751481374,0.5414364640883977,0.0,0.6882532978786345,41.0,0.0
AMD,2,2022-01…2022-06,BUY_NOW,17,1,50.0,14,14,0.42857142857142855,0.5811965811965812,0.7373949579831932,0.3686974789915966,1.2289915966386553,0.42857142857142855,0.5811965811965812,0.7373949579831932,-85.04058279033507,-8.86416724665619,-76.17641554367887,-138.4977324645459,-22.43994972896293,-147.36189971120208,-31.30411697561912,-127.4748019654223,-36.13210686656442,60.394528625562494,138.70861751481374,0.5414364640883977,0.0,0.6882532978786345,41.0,0.0
AMD,2,2022-01…2022-06,BUY_NOW,17,3,0.0,14,14,0.07142857142857142,0.24786324786324787,0.2881773399014778,0.0,0.8645320197044334,0.35714285714285715,0.38461538461538464,0.9285714285714285,-41.05110018871894,-13.167613308140522,-27.883486880578417,-117.22098851345245,60.88925179734252,-130.38860182159297,47.72163848920199,-109.16052603221199,19.157048761280976,91.90695737085142,138.70861751481374,0.5414364640883977,0.0,0.6882532978786345,41.0,0.0
AMD,2,2022-01…2022-06,BUY_NOW,17,3,10.0,14,14,0.07142857142857142,0.24786324786324787,0.2881773399014778,0.0,0.8645320197044334,0.35714285714285715,0.41025641025641024,0.8705357142857143,-41.05110018871894,-13.167613308140522,-27.883486880578417,-117.22098851345245,60.88925179734252,-130.38860182159297,47.72163848920199,-109.16052603221199,19.157048761280976,91.90695737085142,138.70861751481374,0.5414364640883977,0.0,0.6882532978786345,41.0,0.0
AMD,2,2022-01…2022-06,BUY_NOW,17,3,25.0,14,14,0.14285714285714285,0.28205128205128205,0.5064935064935064,0.0,1.2662337662337664,0.35714285714285715,0.4444444444444444,0.8035714285714286,-41.05110018871894,-13.167613308140522,-27.883486880578417,-117.22098851345245,60.88925179734252,-130.38860182159297,47.72163848920199,-109.16052603221199,19.157048761280976,91.90695737085142,138.70861751481374,0.5414364640883977,0.0,0.6882532978786345,41.0,0.0
AMD,2,2022-01…2022-06,BUY_NOW,17,3,50.0,14,14,0.21428571428571427,0.3504273504273504,0.6114982578397212,0.0,1.2229965156794425,0.42857142857142855,0.48717948717948717,0.8796992481203008,-41.05110018871894,-13.167613308140522,-27.883486880578417,-117.22098851345245,60.88925179734252,-130.38860182159297,47.72163848920199,-109.16052603221199,19.157048761280976,91.90695737085142,138.70861751481374,0.5414364640883977,0.0,0.6882532978786345,41.0,0.0
AMD,2,2022-01…2022-06,BUY_NOW,17,5,0.0,14,14,0.07142857142857142,0.20512820512820512,0.3482142857142857,0.0,1.0446428571428572,0.35714285714285715,0.38461538461538464,0.9285714285714285,18.354686263226913,-9.493046213200943,27.847732476427858,-146.03031651983832,210.3750896758964,-155.52336273303928,200.88204346269544,-60.311337508903584,114.33338823295647,132.5771586486567,138.70861751481374,0.5414364640883977,0.0,0.6882532978786345,41.0,0.0
AMD,2,2022-01…2022-06,BUY_NOW,17,5,10.0,14,14,0.07142857142857142,0.20512820512820512,0.3482142857142857,0.0,1.0446428571428572,0.42857142857142855,0.4017094017094017,1.066869300911854,18.354686263226913,-9.493046213200943,27.847732476427858,-146.03031651983832,210.3750896758964,-155.52336273303928,200.88204346269544,-60.311337508903584,114.33338823295647,132.5771586486567,138.70861751481374,0.5414364640883977,0.0,0.6882532978786345,41.0,0.0
AMD,2,2022-01…2022-06,BUY_NOW,17,5,25.0,14,14,0.07142857142857142,0.20512820512820512,0.3482142857142857,0.0,1.0446428571428572,0.42857142857142855,0.4017094017094017,1.066869300911854,18.354686263226913,-9.493046213200943,27.847732476427858,-146.03031651983832,210.3750896758964,-155.52336273303928,200.88204346269544,-60.311337508903584,114.33338823295647,132.5771586486567,138.70861751481374,0.5414364640883977,0.0,0.6882532978786345,41.0,0.0
AMD,2,2022-01…2022-06,BUY_NOW,17,5,50.0,14,14,0.14285714285714285,0.27350427350427353,0.5223214285714285,0.0,1.3058035714285714,0.5,0.4358974358974359,1.1470588235294117,18.354686263226913,-9.493046213200943,27.847732476427858,-146.03031651983832,210.3750896758964,-155.52336273303928,200.88204346269544,-60.311337508903584,114.33338823295647,132.5771586486567,138.70861751481374,0.5414364640883977,0.0,0.6882532978786345,41.0,0.0
AMD,2,2022-01…2022-06,BUY_NOW,17,10,0.0,14,14,0.07142857142857142,0.15384615384615385,0.46428571428571425,0.0,1.3928571428571428,0.42857142857142855,0.38461538461538464,1.114285714285714,99.7514565734932,-0.07325044354054346,99.82470701703375,-205.2058952138575,446.90053984710585,-205.27914565739803,446.8272894035653,-134.24944791695154,408.5185114435838,250.4914647557873,138.70861751481374,0.5414364640883977,0.0,0.6882532978786345,41.0,0.0
AMD,2,2022-01…2022-06,BUY_NOW,17,10,10.0,14,14,0.07142857142857142,0.1623931623931624,0.4398496240601503,0.0,1.319548872180451,0.42857142857142855,0.38461538461538464,1.114285714285714,99.7514565734932,-0.07325044354054346,99.82470701703375,-205.2058952138575,446.90053984710585,-205.27914565739803,446.8272894035653,-134.24944791695154,408.5185114435838,250.4914647557873,138.70861751481374,0.5414364640883977,0.0,0.6882532978786345,41.0,0.0
AMD,2,2022-01…2022-06,BUY_NOW,17,10,25.0,14,14,0.07142857142857142,0.1623931623931624,0.4398496240601503,0.0,1.319548872180451,0.42857142857142855,0.38461538461538464,1.114285714285714,99.7514565734932,-0.07325044354054346,99.82470701703375,-205.2058952138575,446.90053984710585,-205.27914565739803,446.8272894035653,-134.24944791695154,408.5185114435838,250.4914647557873,138.70861751481374,0.5414364640883977,0.0,0.6882532978786345,41.0,0.0
AMD,2,2022-01…2022-06,BUY_NOW,17,10,50.0,14,14,0.14285714285714285,0.21367521367521367,0.6685714285714286,0.0,1.6714285714285715,0.42857142857142855,0.41025641025641024,1.0446428571428572,99.7514565734932,-0.07325044354054346,99.82470701703375,-205.2058952138575,446.90053984710585,-205.27914565739803,446.8272894035653,-134.24944791695154,408.5185114435838,250.4914647557873,138.70861751481374,0.5414364640883977,0.0,0.6882532978786345,41.0,0.0
AMD,2,2022-01…2022-06,BUY_NOW,17,20,0.0,14,14,0.07142857142857142,0.10256410256410256,0.6964285714285714,0.0,2.0892857142857144,0.5,0.4188034188034188,1.193877551020408,226.3785136063677,-7.685668238494408,234.0641818448621,-231.94626632593022,765.150148879011,-239.63193456442463,757.4644806405166,-362.35245645324807,1020.1720715443437,452.4381279889415,138.70861751481374,0.5414364640883977,0.0,0.6882532978786345,41.0,0.0
AMD,2,2022-01…2022-06,BUY_NOW,17,20,10.0,14,14,0.07142857142857142,0.10256410256410256,0.6964285714285714,0.0,2.0892857142857144,0.5714285714285714,0.42735042735042733,1.3371428571428572,226.3785136063677,-7.685668238494408,234.0641818448621,-231.94626632593022,765.150148879011,-239.63193456442463,757.4644806405166,-362.35245645324807,1020.1720715443437,452.4381279889415,138.70861751481374,0.5414364640883977,0.0,0.6882532978786345,41.0,0.0
AMD,2,2022-01…2022-06,BUY_NOW,17,20,25.0,14,14,0.07142857142857142,0.10256410256410256,0.6964285714285714,0.0,2.0892857142857144,0.5714285714285714,0.42735042735042733,1.3371428571428572,226.3785136063677,-7.685668238494408,234.0641818448621,-231.94626632593022,765.150148879011,-239.63193456442463,757.4644806405166,-362.35245645324807,1020.1720715443437,452.4381279889415,138.70861751481374,0.5414364640883977,0.0,0.6882532978786345,41.0,0.0
AMD,2,2022-01…2022-06,BUY_NOW,17,20,50.0,14,14,0.14285714285714285,0.13675213675213677,1.044642857142857,0.0,2.611607142857143,0.5714285714285714,0.4358974358974359,1.3109243697478992,226.3785136063677,-7.685668238494408,234.0641818448621,-231.94626632593022,765.150148879011,-239.63193456442463,757.4644806405166,-362.35245645324807,1020.1720715443437,452.4381279889415,138.70861751481374,0.5414364640883977,0.0,0.6882532978786345,41.0,0.0
AMD,2,2022-01…2022-06,WINDOW_CLOSING,17,1,0.0,3,3,0.3333333333333333,0.4017094017094017,0.8297872340425531,,,0.3333333333333333,0.4017094017094017,0.8297872340425531,-155.0733499911827,-8.86416724665619,-146.20918274452652,,,,,,,-134.03148366683104,-382.4415600532446,0.11602209944751381,0.0,0.1724137931034483,121.0,0.6666666666666666
AMD,2,2022-01…2022-06,WINDOW_CLOSING,17,1,10.0,3,3,0.3333333333333333,0.4017094017094017,0.8297872340425531,,,0.3333333333333333,0.4017094017094017,0.8297872340425531,-155.0733499911827,-8.86416724665619,-146.20918274452652,,,,,,,-134.03148366683104,-382.4415600532446,0.11602209944751381,0.0,0.1724137931034483,121.0,0.6666666666666666
AMD,2,2022-01…2022-06,WINDOW_CLOSING,17,1,25.0,3,3,0.3333333333333333,0.4017094017094017,0.8297872340425531,,,0.3333333333333333,0.4017094017094017,0.8297872340425531,-155.0733499911827,-8.86416724665619,-146.20918274452652,,,,,,,-134.03148366683104,-382.4415600532446,0.11602209944751381,0.0,0.1724137931034483,121.0,0.6666666666666666
AMD,2,2022-01…2022-06,WINDOW_CLOSING,17,1,50.0,3,3,0.3333333333333333,0.4017094017094017,0.8297872340425531,,,0.3333333333333333,0.4017094017094017,0.8297872340425531,-155.0733499911827,-8.86416724665619,-146.20918274452652,,,,,,,-134.03148366683104,-382.4415600532446,0.11602209944751381,0.0,0.1724137931034483,121.0,0.6666666666666666
AMD,2,2022-01…2022-06,WINDOW_CLOSING,17,3,0.0,3,3,0.3333333333333333,0.36752136752136755,0.9069767441860463,,,0.3333333333333333,0.36752136752136755,0.9069767441860463,-157.11703874320193,-13.167613308140522,-143.9494254350614,,,,,,,-71.72387225605685,-382.4415600532446,0.11602209944751381,0.0,0.1724137931034483,121.0,0.6666666666666666
AMD,2,2022-01…2022-06,WINDOW_CLOSING,17,3,10.0,3,3,0.3333333333333333,0.36752136752136755,0.9069767441860463,,,0.3333333333333333,0.36752136752136755,0.9069767441860463,-157.11703874320193,-13.167613308140522,-143.9494254350614,,,,,,,-71.72387225605685,-382.4415600532446,0.11602209944751381,0.0,0.1724137931034483,121.0,0.6666666666666666
AMD,2,2022-01…2022-06,WINDOW_CLOSING,17,3,25.0,3,3,0.3333333333333333,0.36752136752136755,0.9069767441860463,,,0.3333333333333333,0.36752136752136755,0.9069767441860463,-157.11703874320193,-13.167613308140522,-143.9494254350614,,,,,,,-71.72387225605685,-382.4415600532446,0.11602209944751381,0.0,0.1724137931034483,121.0,0.6666666666666666
AMD,2,2022-01…2022-06,WINDOW_CLOSING,17,3,50.0,3,3,0.3333333333333333,0.36752136752136755,0.9069767441860463,,,0.3333333333333333,0.36752136752136755,0.9069767441860463,-157.11703874320193,-13.167613308140522,-143.9494254350614,,,,,,,-71.72387225605685,-382.4415600532446,0.11602209944751381,0.0,0.1724137931034483,121.0,0.6666666666666666
AMD,2,2022-01…2022-06,WINDOW_CLOSING,17,5,0.0,3,3,0.0,0.38461538461538464,0.0,,,0.0,0.38461538461538464,0.0,-221.70759802654592,-9.493046213200943,-212.21455181334497,,,,,,,-23.47732749316175,-382.4415600532446,0.11602209944751381,0.0,0.1724137931034483,121.0,0.6666666666666666
AMD,2,2022-01…2022-06,WINDOW_CLOSING,17,5,10.0,3,3,0.0,0.38461538461538464,0.0,,,0.0,0.38461538461538464,0.0,-221.70759802654592,-9.493046213200943,-212.21455181334497,,,,,,,-23.47732749316175,-382.4415600532446,0.11602209944751381,0.0,0.1724137931034483,121.0,0.6666666666666666
AMD,2,2022-01…2022-06,WINDOW_CLOSING,17,5,25.0,3,3,0.0,0.38461538461538464,0.0,,,0.0,0.38461538461538464,0.0,-221.70759802654592,-9.493046213200943,-212.21455181334497,,,,,,,-23.47732749316175,-382.4415600532446,0.11602209944751381,0.0,0.1724137931034483,121.0,0.6666666666666666
AMD,2,2022-01…2022-06,WINDOW_CLOSING,17,5,50.0,3,3,0.0,0.38461538461538464,0.0,,,0.0,0.38461538461538464,0.0,-221.70759802654592,-9.493046213200943,-212.21455181334497,,,,,,,-23.47732749316175,-382.4415600532446,0.11602209944751381,0.0,0.1724137931034483,121.0,0.6666666666666666
AMD,2,2022-01…2022-06,WINDOW_CLOSING,17,10,0.0,3,3,0.3333333333333333,0.38461538461538464,0.8666666666666666,,,0.3333333333333333,0.38461538461538464,0.8666666666666666,-282.7118111797696,-0.07325044354054346,-282.63856073622907,,,,,,,-49.3926882975933,-382.4415600532446,0.11602209944751381,0.0,0.1724137931034483,121.0,0.6666666666666666
AMD,2,2022-01…2022-06,WINDOW_CLOSING,17,10,10.0,3,3,0.3333333333333333,0.38461538461538464,0.8666666666666666,,,0.3333333333333333,0.38461538461538464,0.8666666666666666,-282.7118111797696,-0.07325044354054346,-282.63856073622907,,,,,,,-49.3926882975933,-382.4415600532446,0.11602209944751381,0.0,0.1724137931034483,121.0,0.6666666666666666
AMD,2,2022-01…2022-06,WINDOW_CLOSING,17,10,25.0,3,3,0.3333333333333333,0.38461538461538464,0.8666666666666666,,,0.3333333333333333,0.38461538461538464,0.8666666666666666,-282.7118111797696,-0.07325044354054346,-282.63856073622907,,,,,,,-49.3926882975933,-382.4415600532446,0.11602209944751381,0.0,0.1724137931034483,121.0,0.6666666666666666
AMD,2,2022-01…2022-06,WINDOW_CLOSING,17,10,50.0,3,3,0.3333333333333333,0.38461538461538464,0.8666666666666666,,,0.3333333333333333,0.38461538461538464,0.8666666666666666,-282.7118111797696,-0.07325044354054346,-282.63856073622907,,,,,,,-49.3926882975933,-382.4415600532446,0.11602209944751381,0.0,0.1724137931034483,121.0,0.6666666666666666
AMD,2,2022-01…2022-06,WINDOW_CLOSING,17,20,0.0,3,3,0.3333333333333333,0.4358974358974359,0.7647058823529411,,,0.3333333333333333,0.4358974358974359,0.7647058823529411,-180.57137786729243,-7.685668238494408,-172.88570962879803,,,,,,,124.28783348673848,-382.4415600532446,0.11602209944751381,0.0,0.1724137931034483,121.0,0.6666666666666666
AMD,2,2022-01…2022-06,WINDOW_CLOSING,17,20,10.0,3,3,0.3333333333333333,0.4358974358974359,0.7647058823529411,,,0.3333333333333333,0.4358974358974359,0.7647058823529411,-180.57137786729243,-7.685668238494408,-172.88570962879803,,,,,,,124.28783348673848,-382.4415600532446,0.11602209944751381,0.0,0.1724137931034483,121.0,0.6666666666666666
AMD,2,2022-01…2022-06,WINDOW_CLOSING,17,20,25.0,3,3,0.3333333333333333,0.4358974358974359,0.7647058823529411,,,0.3333333333333333,0.4358974358974359,0.7647058823529411,-180.57137786729243,-7.685668238494408,-172.88570962879803,,,,,,,124.28783348673848,-382.4415600532446,0.11602209944751381,0.0,0.1724137931034483,121.0,0.6666666666666666
AMD,2,2022-01…2022-06,WINDOW_CLOSING,17,20,50.0,3,3,0.3333333333333333,0.4358974358974359,0.7647058823529411,,,0.3333333333333333,0.4358974358974359,0.7647058823529411,-180.57137786729243,-7.685668238494408,-172.88570962879803,,,,,,,124.28783348673848,-382.4415600532446,0.11602209944751381,0.0,0.1724137931034483,121.0,0.6666666666666666
AMD,3,2022-07…2022-12,BUY_NOW,8,1,0.0,8,8,0.625,0.5923076923076923,1.0551948051948052,0.42207792207792205,1.4772727272727273,0.625,0.5923076923076923,1.0551948051948052,59.9484651817328,24.468316810629805,35.480148371103,-95.48978419971418,176.86232491150005,-71.02146738908438,201.33064172212985,19.875050975651476,109.76765128789535,112.16161938647883,239.12186726553668,0.30434782608695654,0.0,0.595821829325638,67.0,0.3333333333333333
AMD,3,2022-07…2022-12,BUY_NOW,8,1,10.0,8,8,0.625,0.6461538461538462,0.9672619047619047,0.38690476190476186,1.3541666666666665,0.625,0.6461538461538462,0.9672619047619047,59.9484651817328,24.468316810629805,35.480148371103,-95.48978419971418,176.86232491150005,-71.02146738908438,201.33064172212985,19.875050975651476,109.76765128789535,112.16161938647883,239.12186726553668,0.30434782608695654,0.0,0.595821829325638,67.0,0.3333333333333333
AMD,3,2022-07…2022-12,BUY_NOW,8,1,25.0,8,8,0.625,0.6846153846153846,0.9129213483146067,0.3651685393258427,1.2780898876404494,0.625,0.6846153846153846,0.9129213483146067,59.9484651817328,24.468316810629805,35.480148371103,-95.48978419971418,176.86232491150005,-71.02146738908438,201.33064172212985,19.875050975651476,109.76765128789535,112.16161938647883,239.12186726553668,0.30434782608695654,0.0,0.595821829325638,67.0,0.3333333333333333
AMD,3,2022-07…2022-12,BUY_NOW,8,1,50.0,8,8,0.625,0.7769230769230769,0.8044554455445544,0.3217821782178218,1.1262376237623761,0.625,0.7769230769230769,0.8044554455445544,59.9484651817328,24.468316810629805,35.480148371103,-95.48978419971418,176.86232491150005,-71.02146738908438,201.33064172212985,19.875050975651476,109.76765128789535,112.16161938647883,239.12186726553668,0.30434782608695654,0.0,0.595821829325638,67.0,0.3333333333333333
AMD,3,2022-07…2022-12,BUY_NOW,8,3,0.0,8,8,0.625,0.4307692307692308,1.450892857142857,0.5803571428571428,2.03125,0.625,0.5769230769230769,1.0833333333333335,114.4361530586478,45.362134013529136,69.07401904511866,-107.62381793350713,268.3965036629222,-62.261683919978,313.7586376764514,83.78276068002745,157.0729847930188,170.51365156148898,239.12186726553668,0.30434782608695654,0.0,0.595821829325638,67.0,0.3333333333333333
AMD,3,2022-07…2022-12,BUY_NOW,8,3,10.0,8,8,0.625,0.45384615384615384,1.3771186440677967,0.5508474576271186,1.9279661016949152,0.625,0.6153846153846154,1.015625,114.4361530586478,45.362134013529136,69.07401904511866,-107.62381793350713,268.3965036629222,-62.261683919978,313.7586376764514,83.78276068002745,157.0729847930188,170.51365156148898,239.12186726553668,0.30434782608695654,0.0,0.595821829325638,67.0,0.3333333333333333
AMD,3,2022-07…2022-12,BUY_NOW,8,3,25.0,8,8,0.625,0.5076923076923077,1.2310606060606062,0.49242424242424243,1.7234848484848486,0.625,0.6461538461538462,0.9672619047619047,114.4361530586478,45.362134013529136,69.07401904511866,-107.62381793350713,268.3965036629222,-62.261683919978,313.7586376764514,83.78276068002745,157.0729847930188,170.51365156148898,239.12186726553668,0.30434782608695654,0.0,0.595821829325638,67.0,0.3333333333333333
AMD,3,2022-07…2022-12,BUY_NOW,8,3,50.0,8,8,0.625,0.6153846153846154,1.015625,0.40625,1.421875,0.625,0.7153846153846154,0.8736559139784946,114.4361530586478,45.362134013529136,69.07401904511866,-107.62381793350713,268.3965036629222,-62.261683919978,313.7586376764514,83.78276068002745,157.0729847930188,170.51365156148898,239.12186726553668,0.30434782608695654,0.0,0.595821829325638,67.0,0.3333333333333333
AMD,3,2022-07…2022-12,BUY_NOW,8,5,0.0,8,8,0.625,0.36923076923076925,1.6927083333333333,0.6770833333333333,2.3697916666666665,0.625,0.5846153846153846,1.069078947368421,153.58345109954098,58.48524566659347,95.09820543294751,-141.88750112136725,364.62152983703675,-83.40225545477378,423.1067755036302,123.43293064459976,184.4780460591644,196.58443462423776,239.12186726553668,0.30434782608695654,0.0,0.595821829325638,67.0,0.3333333333333333
AMD,3,2022-07…2022-12,BUY_NOW,8,5,10.0,8,8,0.625,0.4,1.5625,0.625,2.1875,0.625,0.5923076923076923,1.0551948051948052,153.58345109954098,58.48524566659347,95.09820543294751,-141.88750112136725,364.62152983703675,-83.40225545477378,423.1067755036302,123.43293064459976,184.4780460591644,196.58443462423776,239.12186726553668,0.30434782608695654,0.0,0.595821829325638,67.0,0.3333333333333333
AMD,3,2022-07…2022-12,BUY_NOW,8,5,25.0,8,8,0.625,0.4461538461538462,1.4008620689655171,0.5603448275862069,1.961206896551724,0.625,0.6230769230769231,1.0030864197530864,153.58345109954098,58.48524566659347,95.09820543294751,-141.88750112136725,364.62152983703675,-83.40225545477378,423.1067755036302,123.43293064459976,184.4780460591644,196.58443462423776,239.12186726553668,0.30434782608695654,0.0,0.595821829325638,67.0,0.3333333333333333
AMD,3,2022-07…2022-12,BUY_NOW,8,5,50.0,8,8,0.625,0.5,1.25,0.5,1.75,0.625,0.676923076923077,0.9232954545454545,153.58345109954098,58.48524566659347,95.09820543294751,-141.88750112136725,364.62152983703675,-83.40225545477378,423.1067755036302,123.43293064459976,184.4780460591644,196.58443462423776,239.12186726553668,0.30434782608695654,0.0,0.595821829325638,67.0,0.3333333333333333
AMD,3,2022-07…2022-12,BUY_NOW,8,10,0.0,8,8,0.625,0.3153846153846154,1.9817073170731707,0.7926829268292683,2.774390243902439,0.625,0.6230769230769231,1.0030864197530864,247.36587524916848,91.81949940320327,155.5463758459652,-172.16446478889878,530.1367697797784,-80.34496538569552,621.9562691829817,165.8299786444665,314.6455409680875,254.60984333147084,239.12186726553668,0.30434782608695654,0.0,0.595821829325638,67.0,0.3333333333333333
AMD,3,2022-07…2022-12,BUY_NOW,8,10,10.0,8,8,0.625,0.33076923076923076,1.8895348837209303,0.7558139534883721,2.6453488372093026,0.625,0.6307692307692307,0.9908536585365854,247.36587524916848,91.81949940320327,155.5463758459652,-172.16446478889878,530.1367697797784,-80.34496538569552,621.9562691829817,165.8299786444665,314.6455409680875,254.60984333147084,239.12186726553668,0.30434782608695654,0.0,0.595821829325638,67.0,0.3333333333333333
AMD,3,2022-07…2022-12,BUY_NOW,8,10,25.0,8,8,0.625,0.36153846153846153,1.7287234042553192,0.6914893617021277,2.420212765957447,0.625,0.6307692307692307,0.9908536585365854,247.36587524916848,91.81949940320327,155.5463758459652,-172.16446478889878,530.1367697797784,-80.34496538569552,621.9562691829817,165.8299786444665,314.6455409680875,254.60984333147084,239.12186726553668,0.30434782608695654,0.0,0.595821829325638,67.0,0.3333333333333333
AMD,3,2022-07…2022-12,BUY_NOW,8,10,50.0,8,8,0.625,0.4153846153846154,1.5046296296296295,0.6018518518518519,2.1064814814814814,0.75,0.6615384615384615,1.1337209302325582,247.36587524916848,91.81949940320327,155.5463758459652,-172.16446478889878,530.1367697797784,-80.34496538569552,621.9562691829817,165.8299786444665,314.6455409680875,254.60984333147084,239.12186726553668,0.30434782608695654,0.0,0.595821829325638,67.0,0.3333333333333333
AMD,3,2022-07…2022-12,BUY_NOW,8,20,0.0,8,8,0.25,0.23076923076923078,1.0833333333333333,0.0,2.708333333333333,0.875,0.6538461538461539,1.338235294117647,370.74162856642806,176.90563882369997,193.8359897427281,-112.15738268709022,561.2781734115757,64.74825613660975,738.1838122352757,105.71148215388293,532.3123650072574,256.9896617418241,239.12186726553668,0.30434782608695654,0.0,0.595821829325638,67.0,0.3333333333333333
AMD,3,2022-07…2022-12,BUY_NOW,8,20,10.0,8,8,0.375,0.25384615384615383,1.4772727272727273,0.49242424242424243,2.9545454545454546,0.875,0.6538461538461539,1.338235294117647,370.74162856642806,176.90563882369997,193.8359897427281,-112.15738268709022,561.2781734115757,64.74825613660975,738.1838122352757,105.71148215388293,532.3123650072574,256.9896617418241,239.12186726553668,0.30434782608695654,0.0,0.595821829325638,67.0,0.3333333333333333
AMD,3,2022-07…2022-12,BUY_NOW,8,20,25.0,8,8,0.375,0.26153846153846155,1.4338235294117647,0.4779411764705882,2.8676470588235294,0.875,0.6692307692307692,1.3074712643678161,370.74162856642806,176.90563882369997,193.8359897427281,-112.15738268709022,561.2781734115757,64.74825613660975,738.1838122352757,105.71148215388293,532.3123650072574,256.9896617418241,239.12186726553668,0.30434782608695654,0.0,0.595821829325638,67.0,0.3333333333333333
AMD,3,2022-07…2022-12,BUY_NOW,8,20,50.0,8,8,0.375,0.3,1.25,0.4166666666666667,2.5,0.875,0.6923076923076923,1.2638888888888888,370.74162856642806,176.90563882369997,193.8359897427281,-112.15738268709022,561.2781734115757,64.74825613660975,738.1838122352757,105.71148215388293,532.3123650072574,256.9896617418241,239.12186726553668,0.30434782608695654,0.0,0.595821829325638,67.0,0.3333333333333333
AMD,4,2023-01…2023-06,BUY_NOW,1,1,0.0,1,1,1.0,0.635593220338983,1.5733333333333335,,,1.0,0.635593220338983,1.5733333333333335,41.45645474260995,22.337398747835184,19.119055994774765,,,,,,,-20.865198036754684,538.842597876954,0.03867403314917127,0.0,,168.0,0.8333333333333334
AMD,4,2023-01…2023-06,BUY_NOW,1,1,10.0,1,1,1.0,0.7033898305084746,1.4216867469879517,,,1.0,0.7033898305084746,1.4216867469879517,41.45645474260995,22.337398747835184,19.119055994774765,,,,,,,-20.865198036754684,538.842597876954,0.03867403314917127,0.0,,168.0,0.8333333333333334
AMD,4,2023-01…2023-06,BUY_NOW,1,1,25.0,1,1,1.0,0.788135593220339,1.2688172043010753,,,1.0,0.788135593220339,1.2688172043010753,41.45645474260995,22.337398747835184,19.119055994774765,,,,,,,-20.865198036754684,538.842597876954,0.03867403314917127,0.0,,168.0,0.8333333333333334
AMD,4,2023-01…2023-06,BUY_NOW,1,1,50.0,1,1,1.0,0.8559322033898306,1.1683168316831682,,,1.0,0.8559322033898306,1.1683168316831682,41.45645474260995,22.337398747835184,19.119055994774765,,,,,,,-20.865198036754684,538.842597876954,0.03867403314917127,0.0,,168.0,0.8333333333333334
AMD,4,2023-01…2023-06,BUY_NOW,1,3,0.0,1,1,1.0,0.5508474576271186,1.8153846153846154,,,1.0,0.711864406779661,1.4047619047619049,146.93908610128315,46.772252988018025,100.16683311326513,,,,,,,34.01438191987127,538.842597876954,0.03867403314917127,0.0,,168.0,0.8333333333333334
AMD,4,2023-01…2023-06,BUY_NOW,1,3,10.0,1,1,1.0,0.6101694915254238,1.6388888888888888,,,1.0,0.7372881355932204,1.3563218390804597,146.93908610128315,46.772252988018025,100.16683311326513,,,,,,,34.01438191987127,538.842597876954,0.03867403314917127,0.0,,168.0,0.8333333333333334
AMD,4,2023-01…2023-06,BUY_NOW,1,3,25.0,1,1,1.0,0.6610169491525424,1.5128205128205128,,,1.0,0.7796610169491526,1.2826086956521738,146.93908610128315,46.772252988018025,100.16683311326513,,,,,,,34.01438191987127,538.842597876954,0.03867403314917127,0.0,,168.0,0.8333333333333334
AMD,4,2023-01…2023-06,BUY_NOW,1,3,50.0,1,1,1.0,0.7627118644067796,1.3111111111111111,,,1.0,0.847457627118644,1.1800000000000002,146.93908610128315,46.772252988018025,100.16683311326513,,,,,,,34.01438191987127,538.842597876954,0.03867403314917127,0.0,,168.0,0.8333333333333334
AMD,4,2023-01…2023-06,BUY_NOW,1,5,0.0,1,1,1.0,0.5,2.0,,,1.0,0.7457627118644068,1.3409090909090908,286.46958109804774,74.35492124032587,212.11465985772188,,,,,,,105.83266750371135,538.842597876954,0.03867403314917127,0.0,,168.0,0.8333333333333334
AMD,4,2023-01…2023-06,BUY_NOW,1,5,10.0,1,1,1.0,0.5508474576271186,1.8153846153846154,,,1.0,0.8135593220338984,1.2291666666666665,286.46958109804774,74.35492124032587,212.11465985772188,,,,,,,105.83266750371135,538.842597876954,0.03867403314917127,0.0,,168.0,0.8333333333333334
AMD,4,2023-01…2023-06,BUY_NOW,1,5,25.0,1,1,1.0,0.6016949152542372,1.6619718309859157,,,1.0,0.8389830508474576,1.191919191919192,286.46958109804774,74.35492124032587,212.11465985772188,,,,,,,105.83266750371135,538.842597876954,0.03867403314917127,0.0,,168.0,0.8333333333333334
AMD,4,2023-01…2023-06,BUY_NOW,1,5,50.0,1,1,1.0,0.7457627118644068,1.3409090909090908,,,1.0,0.864406779661017,1.156862745098039,286.46958109804774,74.35492124032587,212.11465985772188,,,,,,,105.83266750371135,538.842597876954,0.03867403314917127,0.0,,168.0,0.8333333333333334
AMD,4,2023-01…2023-06,BUY_NOW,1,10,0.0,1,1,1.0,0.4745762711864407,2.107142857142857,,,1.0,0.8220338983050848,1.2164948453608246,526.8165734505214,142.4337110635744,384.38286238694707,,,,,,,214.16048396301736,538.842597876954,0.03867403314917127,0.0,,168.0,0.8333333333333334
AMD,4,2023-01…2023-06,BUY_NOW,1,10,10.0,1,1,1.0,0.5338983050847458,1.873015873015873,,,1.0,0.8305084745762712,1.2040816326530612,526.8165734505214,142.4337110635744,384.38286238694707,,,,,,,214.16048396301736,538.842597876954,0.03867403314917127,0.0,,168.0,0.8333333333333334
AMD,4,2023-01…2023-06,BUY_NOW,1,10,25.0,1,1,1.0,0.576271186440678,1.7352941176470589,,,1.0,0.8389830508474576,1.191919191919192,526.8165734505214,142.4337110635744,384.38286238694707,,,,,,,214.16048396301736,538.842597876954,0.03867403314917127,0.0,,168.0,0.8333333333333334
AMD,4,2023-01…2023-06,BUY_NOW,1,10,50.0,1,1,1.0,0.6949152542372882,1.4390243902439024,,,1.0,0.864406779661017,1.156862745098039,526.8165734505214,142.4337110635744,384.38286238694707,,,,,,,214.16048396301736,538.842597876954,0.03867403314917127,0.0,,168.0,0.8333333333333334
AMD,4,2023-01…2023-06,BUY_NOW,1,20,0.0,1,1,1.0,0.4576271186440678,2.185185185185185,,,1.0,0.8389830508474576,1.191919191919192,609.9874443556686,274.3772909876495,335.6101533680191,,,,,,,169.57653235931903,538.842597876954,0.03867403314917127,0.0,,168.0,0.8333333333333334
AMD,4,2023-01…2023-06,BUY_NOW,1,20,10.0,1,1,1.0,0.5169491525423728,1.9344262295081969,,,1.0,0.8389830508474576,1.191919191919192,609.9874443556686,274.3772909876495,335.6101533680191,,,,,,,169.57653235931903,538.842597876954,0.03867403314917127,0.0,,168.0,0.8333333333333334
AMD,4,2023-01…2023-06,BUY_NOW,1,20,25.0,1,1,1.0,0.559322033898305,1.787878787878788,,,1.0,0.8389830508474576,1.191919191919192,609.9874443556686,274.3772909876495,335.6101533680191,,,,,,,169.57653235931903,538.842597876954,0.03867403314917127,0.0,,168.0,0.8333333333333334
AMD,4,2023-01…2023-06,BUY_NOW,1,20,50.0,1,1,1.0,0.6610169491525424,1.5128205128205128,,,1.0,0.8389830508474576,1.191919191919192,609.9874443556686,274.3772909876495,335.6101533680191,,,,,,,169.57653235931903,538.842597876954,0.03867403314917127,0.0,,168.0,0.8333333333333334
AMD,5,2023-07…2023-12,BUY_NOW,11,1,0.0,9,9,0.3333333333333333,0.5116279069767442,0.6515151515151515,0.21717171717171715,1.303030303030303,0.3333333333333333,0.5116279069767442,0.6515151515151515,-18.974965477085433,-2.131650900298136,-16.843314576787296,-85.75253409117917,70.00055544965802,-87.88418499147731,67.86890454935988,-56.172777898609034,22.12018836272867,27.326361311805652,25.38403369608028,0.3423913043478261,0.0,1.3561971167534608,72.0,0.5
AMD,5,2023-07…2023-12,BUY_NOW,11,1,10.0,9,9,0.3333333333333333,0.5658914728682171,0.5890410958904109,0.1963470319634703,1.1780821917808217,0.3333333333333333,0.5658914728682171,0.5890410958904109,-18.974965477085433,-2.131650900298136,-16.843314576787296,-85.75253409117917,70.00055544965802,-87.88418499147731,67.86890454935988,-56.172777898609034,22.12018836272867,27.326361311805652,25.38403369608028,0.3423913043478261,0.0,1.3561971167534608,72.0,0.5
AMD,5,2023-07…2023-12,BUY_NOW,11,1,25.0,9,9,0.3333333333333333,0.6434108527131783,0.5180722891566264,0.17269076305220882,1.0361445783132528,0.3333333333333333,0.6434108527131783,0.5180722891566264,-18.974965477085433,-2.131650900298136,-16.843314576787296,-85.75253409117917,70.00055544965802,-87.88418499147731,67.86890454935988,-56.172777898609034,22.12018836272867,27.326361311805652,25.38403369608028,0.3423913043478261,0.0,1.3561971167534608,72.0,0.5
AMD,5,2023-07…2023-12,BUY_NOW,11,1,50.0,9,9,0.7777777777777778,0.751937984496124,1.034364261168385,0.5910652920962199,1.3298969072164948,0.7777777777777778,0.751937984496124,1.034364261168385,-18.974965477085433,-2.131650900298136,-16.843314576787296,-85.75253409117917,70.00055544965802,-87.88418499147731,67.86890454935988,-56.172777898609034,22.12018836272867,27.326361311805652,25.38403369608028,0.3423913043478261,0.0,1.3561971167534608,72.0,0.5
AMD,5,2023-07…2023-12,BUY_NOW,11,3,0.0,9,9,0.2222222222222222,0.3643410852713178,0.6099290780141844,0.0,1.524822695035461,0.3333333333333333,0.4728682170542636,0.7049180327868853,33.26385275570202,-5.561279719841638,38.825132475543654,-66.55169470824792,190.51968809239963,-72.11297442808956,184.95840837255798,-32.79618879767688,107.1715816256405,80.49038555602966,25.38403369608028,0.3423913043478261,0.0,1.3561971167534608,72.0,0.5
AMD,5,2023-07…2023-12,BUY_NOW,11,3,10.0,9,9,0.2222222222222222,0.40310077519379844,0.5512820512820512,0.0,1.3782051282051282,0.3333333333333333,0.5193798449612403,0.6417910447761194,33.26385275570202,-5.561279719841638,38.825132475543654,-66.55169470824792,190.51968809239963,-72.11297442808956,184.95840837255798,-32.79618879767688,107.1715816256405,80.49038555602966,25.38403369608028,0.3423913043478261,0.0,1.3561971167534608,72.0,0.5
AMD,5,2023-07…2023-12,BUY_NOW,11,3,25.0,9,9,0.2222222222222222,0.4573643410852713,0.4858757062146893,0.0,1.2146892655367232,0.4444444444444444,0.5658914728682171,0.7853881278538812,33.26385275570202,-5.561279719841638,38.825132475543654,-66.55169470824792,190.51968809239963,-72.11297442808956,184.95840837255798,-32.79618879767688,107.1715816256405,80.49038555602966,25.38403369608028,0.3423913043478261,0.0,1.3561971167534608,72.0,0.5
AMD,5,2023-07…2023-12,BUY_NOW,11,3,50.0,9,9,0.6666666666666666,0.5581395348837209,1.1944444444444444,0.5972222222222222,1.7916666666666667,0.6666666666666666,0.6511627906976745,1.0238095238095237,33.26385275570202,-5.561279719841638,38.825132475543654,-66.55169470824792,190.51968809239963,-72.11297442808956,184.95840837255798,-32.79618879767688,107.1715816256405,80.49038555602966,25.38403369608028,0.3423913043478261,0.0,1.3561971167534608,72.0,0.5
AMD,5,2023-07…2023-12,BUY_NOW,11,5,0.0,9,9,0.2222222222222222,0.27906976744186046,0.7962962962962963,0.0,1.990740740740741,0.4444444444444444,0.4496124031007752,0.9885057471264367,38.06587004279456,-11.173804948878907,49.23967499167347,-89.98677020803392,240.1712256968566,-101.16057515691283,228.99742074797769,-22.139465221455165,101.52716556051708,102.54700745621994,25.38403369608028,0.3423913043478261,0.0,1.3561971167534608,72.0,0.5
AMD,5,2023-07…2023-12,BUY_NOW,11,5,10.0,9,9,0.2222222222222222,0.31007751937984496,0.7166666666666667,0.0,1.7916666666666667,0.4444444444444444,0.46511627906976744,0.9555555555555555,38.06587004279456,-11.173804948878907,49.23967499167347,-89.98677020803392,240.1712256968566,-101.16057515691283,228.99742074797769,-22.139465221455165,101.52716556051708,102.54700745621994,25.38403369608028,0.3423913043478261,0.0,1.3561971167534608,72.0,0.5
AMD,5,2023-07…2023-12,BUY_NOW,11,5,25.0,9,9,0.2222222222222222,0.3643410852713178,0.6099290780141844,0.0,1.524822695035461,0.4444444444444444,0.5348837209302325,0.8309178743961353,38.06587004279456,-11.173804948878907,49.23967499167347,-89.98677020803392,240.1712256968566,-101.16057515691283,228.99742074797769,-22.139465221455165,101.52716556051708,102.54700745621994,25.38403369608028,0.3423913043478261,0.0,1.3561971167534608,72.0,0.5
AMD,5,2023-07…2023-12,BUY_NOW,11,5,50.0,9,9,0.4444444444444444,0.43410852713178294,1.0238095238095237,0.25595238095238093,1.7916666666666667,0.4444444444444444,0.5581395348837209,0.7962962962962963,38.06587004279456,-11.173804948878907,49.23967499167347,-89.98677020803392,240.1712256968566,-101.16057515691283,228.99742074797769,-22.139465221455165,101.52716556051708,102.54700745621994,25.38403369608028,0.3423913043478261,0.0,1.3561971167534608,72.0,0.5
AMD,5,2023-07…2023-12,BUY_NOW,11,10,0.0,9,9,0.2222222222222222,0.17829457364341086,1.2463768115942027,0.0,3.1159420289855073,0.4444444444444444,0.4496124031007752,0.9885057471264367,15.570846862747139,-25.19271232462392,40.76355918737106,-125.74827961817437,230.62703745387242,-150.9409919427983,205.4343251292485,-40.84945113789374,214.47851920929796,119.83557523697593,25.38403369608028,0.3423913043478261,0.0,1.3561971167534608,72.0,0.5
AMD,5,2023-07…2023-12,BUY_NOW,11,10,10.0,9,9,0.2222222222222222,0.20155038759689922,1.1025641025641024,0.0,2.7564102564102564,0.4444444444444444,0.4728682170542636,0.9398907103825136,15.570846862747139,-25.19271232462392,40.76355918737106,-125.74827961817437,230.62703745387242,-150.9409919427983,205.4343251292485,-40.84945113789374,214.47851920929796,119.83557523697593,25.38403369608028,0.3423913043478261,0.0,1.3561971167534608,72.0,0.5
AMD,5,2023-07…2023-12,BUY_NOW,11,10,25.0,9,9,0.2222222222222222,0.24031007751937986,0.9247311827956989,0.0,2.3118279569892475,0.4444444444444444,0.4806201550387597,0.9247311827956989,15.570846862747139,-25.19271232462392,40.76355918737106,-125.74827961817437,230.62703745387242,-150.9409919427983,205.4343251292485,-40.84945113789374,214.47851920929796,119.83557523697593,25.38403369608028,0.3423913043478261,0.0,1.3561971167534608,72.0,0.5
AMD,5,2023-07…2023-12,BUY_NOW,11,10,50.0,9,9,0.4444444444444444,0.3023255813953488,1.4700854700854702,0.36752136752136755,2.572649572649573,0.4444444444444444,0.5116279069767442,0.8686868686868686,15.570846862747139,-25.19271232462392,40.76355918737106,-125.74827961817437,230.62703745387242,-150.9409919427983,205.4343251292485,-40.84945113789374,214.47851920929796,119.83557523697593,25.38403369608028,0.3423913043478261,0.0,1.3561971167534608,72.0,0.5
AMD,5,2023-07…2023-12,BUY_NOW,11,20,0.0,9,9,0.1111111111111111,0.13953488372093023,0.7962962962962963,0.0,2.388888888888889,0.4444444444444444,0.4186046511627907,1.0617283950617282,-23.444864262241524,-49.59380850488834,26.148944242646813,-161.42862061182737,228.50467477686377,-211.0224291167157,178.91086627197544,-160.26635575664972,453.65898522888415,155.04277466414754,25.38403369608028,0.3423913043478261,0.0,1.3561971167534608,72.0,0.5
AMD,5,2023-07…2023-12,BUY_NOW,11,20,10.0,9,9,0.1111111111111111,0.15503875968992248,0.7166666666666667,0.0,2.15,0.4444444444444444,0.4263565891472868,1.0424242424242425,-23.444864262241524,-49.59380850488834,26.148944242646813,-161.42862061182737,228.50467477686377,-211.0224291167157,178.91086627197544,-160.26635575664972,453.65898522888415,155.04277466414754,25.38403369608028,0.3423913043478261,0.0,1.3561971167534608,72.0,0.5
AMD,5,2023-07…2023-12,BUY_NOW,11,20,25.0,9,9,0.1111111111111111,0.17829457364341086,0.6231884057971013,0.0,1.8695652173913042,0.4444444444444444,0.4263565891472868,1.0424242424242425,-23.444864262241524,-49.59380850488834,26.148944242646813,-161.42862061182737,228.50467477686377,-211.0224291167157,178.91086627197544,-160.26635575664972,453.65898522888415,155.04277466414754,25.38403369608028,0.3423913043478261,0.0,1.3561971167534608,72.0,0.5
AMD,5,2023-07…2023-12,BUY_NOW,11,20,50.0,9,9,0.3333333333333333,0.24031007751937986,1.3870967741935483,0.46236559139784944,2.7741935483870965,0.4444444444444444,0.4573643410852713,0.9717514124293786,-23.444864262241524,-49.59380850488834,26.148944242646813,-161.42862061182737,228.50467477686377,-211.0224291167157,178.91086627197544,-160.26635575664972,453.65898522888415,155.04277466414754,25.38403369608028,0.3423913043478261,0.0,1.3561971167534608,72.0,0.5
AMD,5,2023-07…2023-12,WINDOW_CLOSING,11,1,0.0,2,2,0.5,0.5116279069767442,0.9772727272727272,,,0.5,0.5116279069767442,0.9772727272727272,-21.852597581567544,-2.131650900298136,-19.720946681269407,,,,,,,17.231862127974896,36.8297785343541,0.07608695652173914,0.0,0.0,161.0,0.8333333333333334
AMD,5,2023-07…2023-12,WINDOW_CLOSING,11,1,10.0,2,2,0.5,0.5116279069767442,0.9772727272727272,,,0.5,0.5116279069767442,0.9772727272727272,-21.852597581567544,-2.131650900298136,-19.720946681269407,,,,,,,17.231862127974896,36.8297785343541,0.07608695652173914,0.0,0.0,161.0,0.8333333333333334
AMD,5,2023-07…2023-12,WINDOW_CLOSING,11,1,25.0,2,2,0.5,0.5116279069767442,0.9772727272727272,,,0.5,0.5116279069767442,0.9772727272727272,-21.852597581567544,-2.131650900298136,-19.720946681269407,,,,,,,17.231862127974896,36.8297785343541,0.07608695652173914,0.0,0.0,161.0,0.8333333333333334
AMD,5,2023-07…2023-12,WINDOW_CLOSING,11,1,50.0,2,2,0.5,0.5116279069767442,0.9772727272727272,,,0.5,0.5116279069767442,0.9772727272727272,-21.852597581567544,-2.131650900298136,-19.720946681269407,,,,,,,17.231862127974896,36.8297785343541,0.07608695652173914,0.0,0.0,161.0,0.8333333333333334
AMD,5,2023-07…2023-12,WINDOW_CLOSING,11,3,0.0,2,2,0.5,0.4728682170542636,1.0573770491803278,,,0.5,0.4728682170542636,1.0573770491803278,7.929779054379196,-5.561279719841638,13.491058774220834,,,,,,,41.592030601367284,36.8297785343541,0.07608695652173914,0.0,0.0,161.0,0.8333333333333334
AMD,5,2023-07…2023-12,WINDOW_CLOSING,11,3,10.0,2,2,0.5,0.4728682170542636,1.0573770491803278,,,0.5,0.4728682170542636,1.0573770491803278,7.929779054379196,-5.561279719841638,13.491058774220834,,,,,,,41.592030601367284,36.8297785343541,0.07608695652173914,0.0,0.0,161.0,0.8333333333333334
AMD,5,2023-07…2023-12,WINDOW_CLOSING,11,3,25.0,2,2,0.5,0.4728682170542636,1.0573770491803278,,,0.5,0.4728682170542636,1.0573770491803278,7.929779054379196,-5.561279719841638,13.491058774220834,,,,,,,41.592030601367284,36.8297785343541,0.07608695652173914,0.0,0.0,161.0,0.8333333333333334
AMD,5,2023-07…2023-12,WINDOW_CLOSING,11,3,50.0,2,2,0.5,0.4728682170542636,1.0573770491803278,,,0.5,0.4728682170542636,1.0573770491803278,7.929779054379196,-5.561279719841638,13.491058774220834,,,,,,,41.592030601367284,36.8297785343541,0.07608695652173914,0.0,0.0,161.0,0.8333333333333334
AMD,5,2023-07…2023-12,WINDOW_CLOSING,11,5,0.0,2,2,0.5,0.4496124031007752,1.1120689655172413,,,0.5,0.4496124031007752,1.1120689655172413,15.786249364729272,-11.173804948878907,26.96005431360818,,,,,,,37.86095815152824,36.8297785343541,0.07608695652173914,0.0,0.0,161.0,0.8333333333333334
AMD,5,2023-07…2023-12,WINDOW_CLOSING,11,5,10.0,2,2,0.5,0.4496124031007752,1.1120689655172413,,,0.5,0.4496124031007752,1.1120689655172413,15.786249364729272,-11.173804948878907,26.96005431360818,,,,,,,37.86095815152824,36.8297785343541,0.07608695652173914,0.0,0.0,161.0,0.8333333333333334
AMD,5,2023-07…2023-12,WINDOW_CLOSING,11,5,25.0,2,2,0.5,0.4496124031007752,1.1120689655172413,,,0.5,0.4496124031007752,1.1120689655172413,15.786249364729272,-11.173804948878907,26.96005431360818,,,,,,,37.86095815152824,36.8297785343541,0.07608695652173914,0.0,0.0,161.0,0.8333333333333334
AMD,5,2023-07…2023-12,WINDOW_CLOSING,11,5,50.0,2,2,0.5,0.4496124031007752,1.1120689655172413,,,0.5,0.4496124031007752,1.1120689655172413,15.786249364729272,-11.173804948878907,26.96005431360818,,,,,,,37.86095815152824,36.8297785343541,0.07608695652173914,0.0,0.0,161.0,0.8333333333333334
AMD,5,2023-07…2023-12,WINDOW_CLOSING,11,10,0.0,2,2,0.5,0.3953488372093023,1.2647058823529413,,,0.5,0.3953488372093023,1.2647058823529413,11.171412921059392,-25.19271232462392,36.36412524568331,,,,,,,28.524281487911082,36.8297785343541,0.07608695652173914,0.0,0.0,161.0,0.8333333333333334
AMD,5,2023-07…2023-12,WINDOW_CLOSING,11,10,10.0,2,2,0.5,0.3953488372093023,1.2647058823529413,,,0.5,0.3953488372093023,1.2647058823529413,11.171412921059392,-25.19271232462392,36.36412524568331,,,,,,,28.524281487911082,36.8297785343541,0.07608695652173914,0.0,0.0,161.0,0.8333333333333334
AMD,5,2023-07…2023-12,WINDOW_CLOSING,11,10,25.0,2,2,0.5,0.3953488372093023,1.2647058823529413,,,0.5,0.3953488372093023,1.2647058823529413,11.171412921059392,-25.19271232462392,36.36412524568331,,,,,,,28.524281487911082,36.8297785343541,0.07608695652173914,0.0,0.0,161.0,0.8333333333333334
AMD,5,2023-07…2023-12,WINDOW_CLOSING,11,10,50.0,2,2,0.5,0.3953488372093023,1.2647058823529413,,,0.5,0.3953488372093023,1.2647058823529413,11.171412921059392,-25.19271232462392,36.36412524568331,,,,,,,28.524281487911082,36.8297785343541,0.07608695652173914,0.0,0.0,161.0,0.8333333333333334
AMD,5,2023-07…2023-12,WINDOW_CLOSING,11,20,0.0,2,2,0.0,0.4418604651162791,0.0,,,0.0,0.4418604651162791,0.0,-93.61887688816905,-49.59380850488834,-44.02506838328072,,,,,,,-63.94717632608848,36.8297785343541,0.07608695652173914,0.0,0.0,161.0,0.8333333333333334
AMD,5,2023-07…2023-12,WINDOW_CLOSING,11,20,10.0,2,2,0.0,0.4418604651162791,0.0,,,0.0,0.4418604651162791,0.0,-93.61887688816905,-49.59380850488834,-44.02506838328072,,,,,,,-63.94717632608848,36.8297785343541,0.07608695652173914,0.0,0.0,161.0,0.8333333333333334
AMD,5,2023-07…2023-12,WINDOW_CLOSING,11,20,25.0,2,2,0.0,0.4418604651162791,0.0,,,0.0,0.4418604651162791,0.0,-93.61887688816905,-49.59380850488834,-44.02506838328072,,,,,,,-63.94717632608848,36.8297785343541,0.07608695652173914,0.0,0.0,161.0,0.8333333333333334
AMD,5,2023-07…2023-12,WINDOW_CLOSING,11,20,50.0,2,2,0.0,0.4418604651162791,0.0,,,0.0,0.4418604651162791,0.0,-93.61887688816905,-49.59380850488834,-44.02506838328072,,,,,,,-63.94717632608848,36.8297785343541,0.07608695652173914,0.0,0.0,161.0,0.8333333333333334
AMD,6,2024-01…2024-06,BUY_NOW,6,1,0.0,1,1,0.0,0.5384615384615384,0.0,,,0.0,0.5384615384615384,0.0,-56.92539371507377,1.1938792983356314,-58.1192730134094,,,,,,,26.421547282096114,-116.57232019740115,0.038461538461538464,0.0,,170.0,0.8333333333333334
AMD,6,2024-01…2024-06,BUY_NOW,6,1,10.0,1,1,0.0,0.6068376068376068,0.0,,,0.0,0.6068376068376068,0.0,-56.92539371507377,1.1938792983356314,-58.1192730134094,,,,,,,26.421547282096114,-116.57232019740115,0.038461538461538464,0.0,,170.0,0.8333333333333334
AMD,6,2024-01…2024-06,BUY_NOW,6,1,25.0,1,1,0.0,0.7008547008547008,0.0,,,0.0,0.7008547008547008,0.0,-56.92539371507377,1.1938792983356314,-58.1192730134094,,,,,,,26.421547282096114,-116.57232019740115,0.038461538461538464,0.0,,170.0,0.8333333333333334
AMD,6,2024-01…2024-06,BUY_NOW,6,1,50.0,1,1,0.0,0.811965811965812,0.0,,,0.0,0.811965811965812,0.0,-56.92539371507377,1.1938792983356314,-58.1192730134094,,,,,,,26.421547282096114,-116.57232019740115,0.038461538461538464,0.0,,170.0,0.8333333333333334
AMD,6,2024-01…2024-06,BUY_NOW,6,3,0.0,1,1,0.0,0.358974358974359,0.0,,,0.0,0.5299145299145299,0.0,-129.04601204731802,4.060128687187261,-133.1061407345053,,,,,,,-19.54211723153465,-116.57232019740115,0.038461538461538464,0.0,,170.0,0.8333333333333334
AMD,6,2024-01…2024-06,BUY_NOW,6,3,10.0,1,1,0.0,0.4188034188034188,0.0,,,0.0,0.5726495726495726,0.0,-129.04601204731802,4.060128687187261,-133.1061407345053,,,,,,,-19.54211723153465,-116.57232019740115,0.038461538461538464,0.0,,170.0,0.8333333333333334
AMD,6,2024-01…2024-06,BUY_NOW,6,3,25.0,1,1,0.0,0.4700854700854701,0.0,,,0.0,0.6581196581196581,0.0,-129.04601204731802,4.060128687187261,-133.1061407345053,,,,,,,-19.54211723153465,-116.57232019740115,0.038461538461538464,0.0,,170.0,0.8333333333333334
AMD,6,2024-01…2024-06,BUY_NOW,6,3,50.0,1,1,0.0,0.6324786324786325,0.0,,,0.0,0.7692307692307693,0.0,-129.04601204731802,4.060128687187261,-133.1061407345053,,,,,,,-19.54211723153465,-116.57232019740115,0.038461538461538464,0.0,,170.0,0.8333333333333334
AMD,6,2024-01…2024-06,BUY_NOW,6,5,0.0,1,1,0.0,0.2905982905982906,0.0,,,0.0,0.5470085470085471,0.0,-140.47644966978635,7.62630674611431,-148.10275641590067,,,,,,,9.951738152260692,-116.57232019740115,0.038461538461538464,0.0,,170.0,0.8333333333333334
AMD,6,2024-01…2024-06,BUY_NOW,6,5,10.0,1,1,0.0,0.3333333333333333,0.0,,,0.0,0.5811965811965812,0.0,-140.47644966978635,7.62630674611431,-148.10275641590067,,,,,,,9.951738152260692,-116.57232019740115,0.038461538461538464,0.0,,170.0,0.8333333333333334
AMD,6,2024-01…2024-06,BUY_NOW,6,5,25.0,1,1,0.0,0.37606837606837606,0.0,,,0.0,0.6239316239316239,0.0,-140.47644966978635,7.62630674611431,-148.10275641590067,,,,,,,9.951738152260692,-116.57232019740115,0.038461538461538464,0.0,,170.0,0.8333333333333334
AMD,6,2024-01…2024-06,BUY_NOW,6,5,50.0,1,1,0.0,0.5128205128205128,0.0,,,0.0,0.7008547008547008,0.0,-140.47644966978635,7.62630674611431,-148.10275641590067,,,,,,,9.951738152260692,-116.57232019740115,0.038461538461538464,0.0,,170.0,0.8333333333333334
AMD,6,2024-01…2024-06,BUY_NOW,6,10,0.0,1,1,0.0,0.24786324786324787,0.0,,,0.0,0.5299145299145299,0.0,-128.1025473546693,17.06440693185845,-145.16695428652775,,,,,,,26.505461209085368,-116.57232019740115,0.038461538461538464,0.0,,170.0,0.8333333333333334
AMD,6,2024-01…2024-06,BUY_NOW,6,10,10.0,1,1,0.0,0.2905982905982906,0.0,,,0.0,0.5470085470085471,0.0,-128.1025473546693,17.06440693185845,-145.16695428652775,,,,,,,26.505461209085368,-116.57232019740115,0.038461538461538464,0.0,,170.0,0.8333333333333334
AMD,6,2024-01…2024-06,BUY_NOW,6,10,25.0,1,1,0.0,0.3162393162393162,0.0,,,0.0,0.5555555555555556,0.0,-128.1025473546693,17.06440693185845,-145.16695428652775,,,,,,,26.505461209085368,-116.57232019740115,0.038461538461538464,0.0,,170.0,0.8333333333333334
AMD,6,2024-01…2024-06,BUY_NOW,6,10,50.0,1,1,0.0,0.41025641025641024,0.0,,,0.0,0.6410256410256411,0.0,-128.1025473546693,17.06440693185845,-145.16695428652775,,,,,,,26.505461209085368,-116.57232019740115,0.038461538461538464,0.0,,170.0,0.8333333333333334
AMD,6,2024-01…2024-06,BUY_NOW,6,20,0.0,1,1,0.0,0.18803418803418803,0.0,,,0.0,0.5128205128205128,0.0,-7.350406415558286,32.11626266314577,-39.46666907870406,,,,,,,94.49275165106074,-116.57232019740115,0.038461538461538464,0.0,,170.0,0.8333333333333334
AMD,6,2024-01…2024-06,BUY_NOW,6,20,10.0,1,1,0.0,0.23076923076923078,0.0,,,1.0,0.5299145299145299,1.8870967741935483,-7.350406415558286,32.11626266314577,-39.46666907870406,,,,,,,94.49275165106074,-116.57232019740115,0.038461538461538464,0.0,,170.0,0.8333333333333334
AMD,6,2024-01…2024-06,BUY_NOW,6,20,25.0,1,1,0.0,0.2564102564102564,0.0,,,1.0,0.5641025641025641,1.7727272727272727,-7.350406415558286,32.11626266314577,-39.46666907870406,,,,,,,94.49275165106074,-116.57232019740115,0.038461538461538464,0.0,,170.0,0.8333333333333334
AMD,6,2024-01…2024-06,BUY_NOW,6,20,50.0,1,1,0.0,0.3333333333333333,0.0,,,1.0,0.6153846153846154,1.625,-7.350406415558286,32.11626266314577,-39.46666907870406,,,,,,,94.49275165106074,-116.57232019740115,0.038461538461538464,0.0,,170.0,0.8333333333333334
AMD,6,2024-01…2024-06,WINDOW_CLOSING,6,1,0.0,5,5,0.8,0.5384615384615384,1.4857142857142858,0.7428571428571429,1.8571428571428572,0.8,0.5384615384615384,1.4857142857142858,74.94472473823355,1.1938792983356314,73.75084543989792,5.084405616447992,182.65596000977308,6.278284914783623,183.84983930810873,6.297759860205421,139.40574681549134,-14.133619459113067,6.0224911000985575,0.19230769230769232,0.0,1.3119275308315799,128.0,0.5
AMD,6,2024-01…2024-06,WINDOW_CLOSING,6,1,10.0,5,5,0.8,0.5384615384615384,1.4857142857142858,0.7428571428571429,1.8571428571428572,0.8,0.5384615384615384,1.4857142857142858,74.94472473823355,1.1938792983356314,73.75084543989792,5.084405616447992,182.65596000977308,6.278284914783623,183.84983930810873,6.297759860205421,139.40574681549134,-14.133619459113067,6.0224911000985575,0.19230769230769232,0.0,1.3119275308315799,128.0,0.5
AMD,6,2024-01…2024-06,WINDOW_CLOSING,6,1,25.0,5,5,0.8,0.5384615384615384,1.4857142857142858,0.7428571428571429,1.8571428571428572,0.8,0.5384615384615384,1.4857142857142858,74.94472473823355,1.1938792983356314,73.75084543989792,5.084405616447992,182.65596000977308,6.278284914783623,183.84983930810873,6.297759860205421,139.40574681549134,-14.133619459113067,6.0224911000985575,0.19230769230769232,0.0,1.3119275308315799,128.0,0.5
AMD,6,2024-01…2024-06,WINDOW_CLOSING,6,1,50.0,5,5,0.8,0.5384615384615384,1.4857142857142858,0.7428571428571429,1.8571428571428572,0.8,0.5384615384615384,1.4857142857142858,74.94472473823355,1.1938792983356314,73.75084543989792,5.084405616447992,182.65596000977308,6.278284914783623,183.84983930810873,6.297759860205421,139.40574681549134,-14.133619459113067,6.0224911000985575,0.19230769230769232,0.0,1.3119275308315799,128.0,0.5
AMD,6,2024-01…2024-06,WINDOW_CLOSING,6,3,0.0,5,5,0.4,0.5213675213675214,0.7672131147540984,0.0,1.5344262295081967,0.4,0.5213675213675214,0.7672131147540984,4.487546147305073,4.060128687187261,0.42741746011781245,-180.03565574635024,155.9597582066126,-175.97552705916297,160.01988689379988,-38.61139511664446,57.236780883883625,-0.10792598596931384,6.0224911000985575,0.19230769230769232,0.0,1.3119275308315799,128.0,0.5
AMD,6,2024-01…2024-06,WINDOW_CLOSING,6,3,10.0,5,5,0.4,0.5213675213675214,0.7672131147540984,0.0,1.5344262295081967,0.4,0.5213675213675214,0.7672131147540984,4.487546147305073,4.060128687187261,0.42741746011781245,-180.03565574635024,155.9597582066126,-175.97552705916297,160.01988689379988,-38.61139511664446,57.236780883883625,-0.10792598596931384,6.0224911000985575,0.19230769230769232,0.0,1.3119275308315799,128.0,0.5
AMD,6,2024-01…2024-06,WINDOW_CLOSING,6,3,25.0,5,5,0.4,0.5213675213675214,0.7672131147540984,0.0,1.5344262295081967,0.4,0.5213675213675214,0.7672131147540984,4.487546147305073,4.060128687187261,0.42741746011781245,-180.03565574635024,155.9597582066126,-175.97552705916297,160.01988689379988,-38.61139511664446,57.236780883883625,-0.10792598596931384,6.0224911000985575,0.19230769230769232,0.0,1.3119275308315799,128.0,0.5
AMD,6,2024-01…2024-06,WINDOW_CLOSING,6,3,50.0,5,5,0.4,0.5213675213675214,0.7672131147540984,0.0,1.5344262295081967,0.4,0.5213675213675214,0.7672131147540984,4.487546147305073,4.060128687187261,0.42741746011781245,-180.03565574635024,155.9597582066126,-175.97552705916297,160.01988689379988,-38.61139511664446,57.236780883883625,-0.10792598596931384,6.0224911000985575,0.19230769230769232,0.0,1.3119275308315799,128.0,0.5
AMD,6,2024-01…2024-06,WINDOW_CLOSING,6,5,0.0,5,5,0.6,0.5555555555555556,1.0799999999999998,0.36,1.7999999999999998,0.6,0.5555555555555556,1.0799999999999998,6.198141509030199,7.62630674611431,-1.4281652370841114,-159.53948399022613,134.70706744887116,-151.9131772441118,142.33337419498548,-53.49777747692409,67.97750659598867,8.586646100990027,6.0224911000985575,0.19230769230769232,0.0,1.3119275308315799,128.0,0.5
AMD,6,2024-01…2024-06,WINDOW_CLOSING,6,5,10.0,5,5,0.6,0.5555555555555556,1.0799999999999998,0.36,1.7999999999999998,0.6,0.5555555555555556,1.0799999999999998,6.198141509030199,7.62630674611431,-1.4281652370841114,-159.53948399022613,134.70706744887116,-151.9131772441118,142.33337419498548,-53.49777747692409,67.97750659598867,8.586646100990027,6.0224911000985575,0.19230769230769232,0.0,1.3119275308315799,128.0,0.5
AMD,6,2024-01…2024-06,WINDOW_CLOSING,6,5,25.0,5,5,0.6,0.5555555555555556,1.0799999999999998,0.36,1.7999999999999998,0.6,0.5555555555555556,1.0799999999999998,6.198141509030199,7.62630674611431,-1.4281652370841114,-159.53948399022613,134.70706744887116,-151.9131772441118,142.33337419498548,-53.49777747692409,67.97750659598867,8.586646100990027,6.0224911000985575,0.19230769230769232,0.0,1.3119275308315799,128.0,0.5
AMD,6,2024-01…2024-06,WINDOW_CLOSING,6,5,50.0,5,5,0.6,0.5555555555555556,1.0799999999999998,0.36,1.7999999999999998,0.6,0.5555555555555556,1.0799999999999998,6.198141509030199,7.62630674611431,-1.4281652370841114,-159.53948399022613,134.70706744887116,-151.9131772441118,142.33337419498548,-53.49777747692409,67.97750659598867,8.586646100990027,6.0224911000985575,0.19230769230769232,0.0,1.3119275308315799,128.0,0.5
AMD,6,2024-01…2024-06,WINDOW_CLOSING,6,10,0.0,5,5,0.8,0.5555555555555556,1.44,0.72,1.7999999999999998,0.8,0.5555555555555556,1.44,47.310341994855285,17.06440693185845,30.245935062996836,-140.73489239787776,156.7480029502199,-123.67048546601931,173.81240988207836,-34.09059954084526,120.65590311919226,45.02662416779812,6.0224911000985575,0.19230769230769232,0.0,1.3119275308315799,128.0,0.5
AMD,6,2024-01…2024-06,WINDOW_CLOSING,6,10,10.0,5,5,0.8,0.5555555555555556,1.44,0.72,1.7999999999999998,0.8,0.5555555555555556,1.44,47.310341994855285,17.06440693185845,30.245935062996836,-140.73489239787776,156.7480029502199,-123.67048546601931,173.81240988207836,-34.09059954084526,120.65590311919226,45.02662416779812,6.0224911000985575,0.19230769230769232,0.0,1.3119275308315799,128.0,0.5
AMD,6,2024-01…2024-06,WINDOW_CLOSING,6,10,25.0,5,5,0.8,0.5555555555555556,1.44,0.72,1.7999999999999998,0.8,0.5555555555555556,1.44,47.310341994855285,17.06440693185845,30.245935062996836,-140.73489239787776,156.7480029502199,-123.67048546601931,173.81240988207836,-34.09059954084526,120.65590311919226,45.02662416779812,6.0224911000985575,0.19230769230769232,0.0,1.3119275308315799,128.0,0.5
AMD,6,2024-01…2024-06,WINDOW_CLOSING,6,10,50.0,5,5,0.8,0.5555555555555556,1.44,0.72,1.7999999999999998,0.8,0.5555555555555556,1.44,47.310341994855285,17.06440693185845,30.245935062996836,-140.73489239787776,156.7480029502199,-123.67048546601931,173.81240988207836,-34.09059954084526,120.65590311919226,45.02662416779812,6.0224911000985575,0.19230769230769232,0.0,1.3119275308315799,128.0,0.5
AMD,6,2024-01…2024-06,WINDOW_CLOSING,6,20,0.0,5,5,0.6,0.5299145299145299,1.1322580645161289,0.3774193548387097,1.8870967741935483,0.6,0.5299145299145299,1.1322580645161289,111.85274104360255,32.11626266314577,79.73647838045679,-89.41885224521712,209.550234477938,-57.30258958207135,241.66649714108377,30.007448964679,223.30575473556988,95.03072770423992,6.0224911000985575,0.19230769230769232,0.0,1.3119275308315799,128.0,0.5
AMD,6,2024-01…2024-06,WINDOW_CLOSING,6,20,10.0,5,5,0.6,0.5299145299145299,1.1322580645161289,0.3774193548387097,1.8870967741935483,0.6,0.5299145299145299,1.1322580645161289,111.85274104360255,32.11626266314577,79.73647838045679,-89.41885224521712,209.550234477938,-57.30258958207135,241.66649714108377,30.007448964679,223.30575473556988,95.03072770423992,6.0224911000985575,0.19230769230769232,0.0,1.3119275308315799,128.0,0.5
AMD,6,2024-01…2024-06,WINDOW_CLOSING,6,20,25.0,5,5,0.6,0.5299145299145299,1.1322580645161289,0.3774193548387097,1.8870967741935483,0.6,0.5299145299145299,1.1322580645161289,111.85274104360255,32.11626266314577,79.73647838045679,-89.41885224521712,209.550234477938,-57.30258958207135,241.66649714108377,30.007448964679,223.30575473556988,95.03072770423992,6.0224911000985575,0.19230769230769232,0.0,1.3119275308315799,128.0,0.5
AMD,6,2024-01…2024-06,WINDOW_CLOSING,6,20,50.0,5,5,0.6,0.5299145299145299,1.1322580645161289,0.3774193548387097,1.8870967741935483,0.6,0.5299145299145299,1.1322580645161289,111.85274104360255,32.11626266314577,79.73647838045679,-89.41885224521712,209.550234477938,-57.30258958207135,241.66649714108377,30.007448964679,223.30575473556988,95.03072770423992,6.0224911000985575,0.19230769230769232,0.0,1.3119275308315799,128.0,0.5
AMD,7,2024-07…2024-12,WINDOW_CLOSING,5,1,0.0,1,1,0.0,0.5801526717557252,0.0,,,0.0,0.5801526717557252,0.0,-28.828828828828534,10.850174658570761,-39.6790034873993,,,,,,,-39.266095363655886,-109.86596352450029,0.03804347826086957,0.0,,165.0,0.8333333333333334
AMD,7,2024-07…2024-12,WINDOW_CLOSING,5,1,10.0,1,1,0.0,0.5801526717557252,0.0,,,0.0,0.5801526717557252,0.0,-28.828828828828534,10.850174658570761,-39.6790034873993,,,,,,,-39.266095363655886,-109.86596352450029,0.03804347826086957,0.0,,165.0,0.8333333333333334
AMD,7,2024-07…2024-12,WINDOW_CLOSING,5,1,25.0,1,1,0.0,0.5801526717557252,0.0,,,0.0,0.5801526717557252,0.0,-28.828828828828534,10.850174658570761,-39.6790034873993,,,,,,,-39.266095363655886,-109.86596352450029,0.03804347826086957,0.0,,165.0,0.8333333333333334
AMD,7,2024-07…2024-12,WINDOW_CLOSING,5,1,50.0,1,1,0.0,0.5801526717557252,0.0,,,0.0,0.5801526717557252,0.0,-28.828828828828534,10.850174658570761,-39.6790034873993,,,,,,,-39.266095363655886,-109.86596352450029,0.03804347826086957,0.0,,165.0,0.8333333333333334
AMD,7,2024-07…2024-12,WINDOW_CLOSING,5,3,0.0,1,1,0.0,0.5801526717557252,0.0,,,0.0,0.5801526717557252,0.0,-38.46773602871223,21.372152920554836,-59.83988894926706,,,,,,,-45.455211308869096,-109.86596352450029,0.03804347826086957,0.0,,165.0,0.8333333333333334
AMD,7,2024-07…2024-12,WINDOW_CLOSING,5,3,10.0,1,1,0.0,0.5801526717557252,0.0,,,0.0,0.5801526717557252,0.0,-38.46773602871223,21.372152920554836,-59.83988894926706,,,,,,,-45.455211308869096,-109.86596352450029,0.03804347826086957,0.0,,165.0,0.8333333333333334
AMD,7,2024-07…2024-12,WINDOW_CLOSING,5,3,25.0,1,1,0.0,0.5801526717557252,0.0,,,0.0,0.5801526717557252,0.0,-38.46773602871223,21.372152920554836,-59.83988894926706,,,,,,,-45.455211308869096,-109.86596352450029,0.03804347826086957,0.0,,165.0,0.8333333333333334
AMD,7,2024-07…2024-12,WINDOW_CLOSING,5,3,50.0,1,1,0.0,0.5801526717557252,0.0,,,0.0,0.5801526717557252,0.0,-38.46773602871223,21.372152920554836,-59.83988894926706,,,,,,,-45.455211308869096,-109.86596352450029,0.03804347826086957,0.0,,165.0,0.8333333333333334
AMD,7,2024-07…2024-12,WINDOW_CLOSING,5,5,0.0,1,1,0.0,0.6335877862595419,0.0,,,0.0,0.6335877862595419,0.0,-55.30213139969153,32.18250415143624,-87.48463555112778,,,,,,,-51.28982641177782,-109.86596352450029,0.03804347826086957,0.0,,165.0,0.8333333333333334
AMD,7,2024-07…2024-12,WINDOW_CLOSING,5,5,10.0,1,1,0.0,0.6335877862595419,0.0,,,0.0,0.6335877862595419,0.0,-55.30213139969153,32.18250415143624,-87.48463555112778,,,,,,,-51.28982641177782,-109.86596352450029,0.03804347826086957,0.0,,165.0,0.8333333333333334
AMD,7,2024-07…2024-12,WINDOW_CLOSING,5,5,25.0,1,1,0.0,0.6335877862595419,0.0,,,0.0,0.6335877862595419,0.0,-55.30213139969153,32.18250415143624,-87.48463555112778,,,,,,,-51.28982641177782,-109.86596352450029,0.03804347826086957,0.0,,165.0,0.8333333333333334
AMD,7,2024-07…2024-12,WINDOW_CLOSING,5,5,50.0,1,1,0.0,0.6335877862595419,0.0,,,0.0,0.6335877862595419,0.0,-55.30213139969153,32.18250415143624,-87.48463555112778,,,,,,,-51.28982641177782,-109.86596352450029,0.03804347826086957,0.0,,165.0,0.8333333333333334
AMD,7,2024-07…2024-12,WINDOW_CLOSING,5,10,0.0,1,1,0.0,0.6259541984732825,0.0,,,0.0,0.6259541984732825,0.0,-154.43638760711863,56.82077917444005,-211.25716678155868,,,,,,,-95.43836519446347,-109.86596352450029,0.03804347826086957,0.0,,165.0,0.8333333333333334
AMD,7,2024-07…2024-12,WINDOW_CLOSING,5,10,10.0,1,1,0.0,0.6259541984732825,0.0,,,0.0,0.6259541984732825,0.0,-154.43638760711863,56.82077917444005,-211.25716678155868,,,,,,,-95.43836519446347,-109.86596352450029,0.03804347826086957,0.0,,165.0,0.8333333333333334
AMD,7,2024-07…2024-12,WINDOW_CLOSING,5,10,25.0,1,1,0.0,0.6259541984732825,0.0,,,0.0,0.6259541984732825,0.0,-154.43638760711863,56.82077917444005,-211.25716678155868,,,,,,,-95.43836519446347,-109.86596352450029,0.03804347826086957,0.0,,165.0,0.8333333333333334
AMD,7,2024-07…2024-12,WINDOW_CLOSING,5,10,50.0,1,1,0.0,0.6259541984732825,0.0,,,0.0,0.6259541984732825,0.0,-154.43638760711863,56.82077917444005,-211.25716678155868,,,,,,,-95.43836519446347,-109.86596352450029,0.03804347826086957,0.0,,165.0,0.8333333333333334
AMD,7,2024-07…2024-12,WINDOW_CLOSING,5,20,0.0,1,1,1.0,0.7404580152671756,1.3505154639175259,,,1.0,0.7404580152671756,1.3505154639175259,-147.0402109426505,96.36585439104611,-243.40606533369663,,,,,,,-139.3561854537484,-109.86596352450029,0.03804347826086957,0.0,,165.0,0.8333333333333334
AMD,7,2024-07…2024-12,WINDOW_CLOSING,5,20,10.0,1,1,1.0,0.7404580152671756,1.3505154639175259,,,1.0,0.7404580152671756,1.3505154639175259,-147.0402109426505,96.36585439104611,-243.40606533369663,,,,,,,-139.3561854537484,-109.86596352450029,0.03804347826086957,0.0,,165.0,0.8333333333333334
AMD,7,2024-07…2024-12,WINDOW_CLOSING,5,20,25.0,1,1,1.0,0.7404580152671756,1.3505154639175259,,,1.0,0.7404580152671756,1.3505154639175259,-147.0402109426505,96.36585439104611,-243.40606533369663,,,,,,,-139.3561854537484,-109.86596352450029,0.03804347826086957,0.0,,165.0,0.8333333333333334
AMD,7,2024-07…2024-12,WINDOW_CLOSING,5,20,50.0,1,1,1.0,0.7404580152671756,1.3505154639175259,,,1.0,0.7404580152671756,1.3505154639175259,-147.0402109426505,96.36585439104611,-243.40606533369663,,,,,,,-139.3561854537484,-109.86596352450029,0.03804347826086957,0.0,,165.0,0.8333333333333334
AMD,7,2024-07…2024-12,BUY_NOW,5,1,0.0,4,4,0.25,0.5801526717557252,0.430921052631579,,,0.25,0.5801526717557252,0.430921052631579,-28.107756190160483,10.850174658570761,-38.957930848731245,,,,,,,6.840097600588347,84.66952782407861,0.15217391304347827,0.0,1.1294080246204545,80.0,0.5
AMD,7,2024-07…2024-12,BUY_NOW,5,1,10.0,4,4,0.25,0.6259541984732825,0.399390243902439,,,0.25,0.6259541984732825,0.399390243902439,-28.107756190160483,10.850174658570761,-38.957930848731245,,,,,,,6.840097600588347,84.66952782407861,0.15217391304347827,0.0,1.1294080246204545,80.0,0.5
AMD,7,2024-07…2024-12,BUY_NOW,5,1,25.0,4,4,0.75,0.7633587786259542,0.9824999999999999,,,0.75,0.7633587786259542,0.9824999999999999,-28.107756190160483,10.850174658570761,-38.957930848731245,,,,,,,6.840097600588347,84.66952782407861,0.15217391304347827,0.0,1.1294080246204545,80.0,0.5
AMD,7,2024-07…2024-12,BUY_NOW,5,1,50.0,4,4,0.75,0.8473282442748091,0.8851351351351352,,,0.75,0.8473282442748091,0.8851351351351352,-28.107756190160483,10.850174658570761,-38.957930848731245,,,,,,,6.840097600588347,84.66952782407861,0.15217391304347827,0.0,1.1294080246204545,80.0,0.5
AMD,7,2024-07…2024-12,BUY_NOW,5,3,0.0,4,4,0.25,0.45038167938931295,0.5550847457627119,,,0.5,0.549618320610687,0.9097222222222222,-20.227931566649808,21.372152920554836,-41.60008448720464,,,,,,,0.7007517070400953,84.66952782407861,0.15217391304347827,0.0,1.1294080246204545,80.0,0.5
AMD,7,2024-07…2024-12,BUY_NOW,5,3,10.0,4,4,0.25,0.48091603053435117,0.5198412698412698,,,0.5,0.6106870229007634,0.81875,-20.227931566649808,21.372152920554836,-41.60008448720464,,,,,,,0.7007517070400953,84.66952782407861,0.15217391304347827,0.0,1.1294080246204545,80.0,0.5
AMD,7,2024-07…2024-12,BUY_NOW,5,3,25.0,4,4,0.5,0.5801526717557252,0.861842105263158,,,0.5,0.7099236641221374,0.7043010752688172,-20.227931566649808,21.372152920554836,-41.60008448720464,,,,,,,0.7007517070400953,84.66952782407861,0.15217391304347827,0.0,1.1294080246204545,80.0,0.5
AMD,7,2024-07…2024-12,BUY_NOW,5,3,50.0,4,4,0.5,0.7099236641221374,0.7043010752688172,,,0.75,0.7786259541984732,0.9632352941176471,-20.227931566649808,21.372152920554836,-41.60008448720464,,,,,,,0.7007517070400953,84.66952782407861,0.15217391304347827,0.0,1.1294080246204545,80.0,0.5
AMD,7,2024-07…2024-12,BUY_NOW,5,5,0.0,4,4,0.25,0.4122137404580153,0.6064814814814814,,,0.5,0.6106870229007634,0.81875,12.691818383582241,32.18250415143624,-19.490685767854,,,,,,,29.838937137824924,84.66952782407861,0.15217391304347827,0.0,1.1294080246204545,80.0,0.5
AMD,7,2024-07…2024-12,BUY_NOW,5,5,10.0,4,4,0.25,0.46564885496183206,0.5368852459016393,,,0.5,0.6717557251908397,0.7443181818181818,12.691818383582241,32.18250415143624,-19.490685767854,,,,,,,29.838937137824924,84.66952782407861,0.15217391304347827,0.0,1.1294080246204545,80.0,0.5
AMD,7,2024-07…2024-12,BUY_NOW,5,5,25.0,4,4,0.5,0.5267175572519084,0.9492753623188406,,,0.5,0.7099236641221374,0.7043010752688172,12.691818383582241,32.18250415143624,-19.490685767854,,,,,,,29.838937137824924,84.66952782407861,0.15217391304347827,0.0,1.1294080246204545,80.0,0.5
AMD,7,2024-07…2024-12,BUY_NOW,5,5,50.0,4,4,0.5,0.648854961832061,0.7705882352941177,,,0.5,0.7480916030534351,0.6683673469387755,12.691818383582241,32.18250415143624,-19.490685767854,,,,,,,29.838937137824924,84.66952782407861,0.15217391304347827,0.0,1.1294080246204545,80.0,0.5
AMD,7,2024-07…2024-12,BUY_NOW,5,10,0.0,4,4,0.25,0.3282442748091603,0.7616279069767442,,,0.75,0.6335877862595419,1.1837349397590362,101.1293096254623,56.82077917444005,44.30853045102225,,,,,,,89.95366236884323,84.66952782407861,0.15217391304347827,0.0,1.1294080246204545,80.0,0.5
AMD,7,2024-07…2024-12,BUY_NOW,5,10,10.0,4,4,0.25,0.35877862595419846,0.6968085106382979,,,0.75,0.6335877862595419,1.1837349397590362,101.1293096254623,56.82077917444005,44.30853045102225,,,,,,,89.95366236884323,84.66952782407861,0.15217391304347827,0.0,1.1294080246204545,80.0,0.5
AMD,7,2024-07…2024-12,BUY_NOW,5,10,25.0,4,4,0.5,0.4198473282442748,1.190909090909091,,,0.75,0.6793893129770993,1.1039325842696628,101.1293096254623,56.82077917444005,44.30853045102225,,,,,,,89.95366236884323,84.66952782407861,0.15217391304347827,0.0,1.1294080246204545,80.0,0.5
AMD,7,2024-07…2024-12,BUY_NOW,5,10,50.0,4,4,0.5,0.5267175572519084,0.9492753623188406,,,0.75,0.732824427480916,1.0234375,101.1293096254623,56.82077917444005,44.30853045102225,,,,,,,89.95366236884323,84.66952782407861,0.15217391304347827,0.0,1.1294080246204545,80.0,0.5
AMD,7,2024-07…2024-12,BUY_NOW,5,20,0.0,4,4,0.25,0.2366412213740458,1.0564516129032258,,,1.0,0.648854961832061,1.5411764705882354,258.2172773425806,96.36585439104611,161.85142295153446,,,,,,,168.78013005903858,84.66952782407861,0.15217391304347827,0.0,1.1294080246204545,80.0,0.5
AMD,7,2024-07…2024-12,BUY_NOW,5,20,10.0,4,4,0.25,0.2595419847328244,0.9632352941176471,,,1.0,0.6641221374045801,1.5057471264367817,258.2172773425806,96.36585439104611,161.85142295153446,,,,,,,168.78013005903858,84.66952782407861,0.15217391304347827,0.0,1.1294080246204545,80.0,0.5
AMD,7,2024-07…2024-12,BUY_NOW,5,20,25.0,4,4,0.5,0.31297709923664124,1.597560975609756,,,1.0,0.6946564885496184,1.4395604395604396,258.2172773425806,96.36585439104611,161.85142295153446,,,,,,,168.78013005903858,84.66952782407861,0.15217391304347827,0.0,1.1294080246204545,80.0,0.5
AMD,7,2024-07…2024-12,BUY_NOW,5,20,50.0,4,4,0.5,0.3893129770992366,1.2843137254901962,,,1.0,0.7099236641221374,1.4086021505376345,258.2172773425806,96.36585439104611,161.85142295153446,,,,,,,168.78013005903858,84.66952782407861,0.15217391304347827,0.0,1.1294080246204545,80.0,0.5
AMD,8,2025-01…2025-06,WINDOW_CLOSING,22,1,0.0,12,12,0.6666666666666666,0.4017094017094017,1.6595744680851061,1.0372340425531914,2.2819148936170213,0.6666666666666666,0.4017094017094017,1.6595744680851061,1.4059504857842162,-19.729364729879737,21.135315215663955,-17.66193300154308,65.19159243786777,-37.39129773142282,45.46222770798803,-54.398168811631166,44.929804220276345,-11.431408571229246,-99.69488193913567,0.46408839779005523,0.0,0.46416689667799843,27.0,0.0
AMD,8,2025-01…2025-06,WINDOW_CLOSING,22,1,10.0,12,12,0.6666666666666666,0.4017094017094017,1.6595744680851061,1.0372340425531914,2.2819148936170213,0.6666666666666666,0.4017094017094017,1.6595744680851061,1.4059504857842162,-19.729364729879737,21.135315215663955,-17.66193300154308,65.19159243786777,-37.39129773142282,45.46222770798803,-54.398168811631166,44.929804220276345,-11.431408571229246,-99.69488193913567,0.46408839779005523,0.0,0.46416689667799843,27.0,0.0
AMD,8,2025-01…2025-06,WINDOW_CLOSING,22,1,25.0,12,12,0.6666666666666666,0.4017094017094017,1.6595744680851061,1.0372340425531914,2.2819148936170213,0.6666666666666666,0.4017094017094017,1.6595744680851061,1.4059504857842162,-19.729364729879737,21.135315215663955,-17.66193300154308,65.19159243786777,-37.39129773142282,45.46222770798803,-54.398168811631166,44.929804220276345,-11.431408571229246,-99.69488193913567,0.46408839779005523,0.0,0.46416689667799843,27.0,0.0
AMD,8,2025-01…2025-06,WINDOW_CLOSING,22,1,50.0,12,12,0.6666666666666666,0.4017094017094017,1.6595744680851061,1.0372340425531914,2.2819148936170213,0.6666666666666666,0.4017094017094017,1.6595744680851061,1.4059504857842162,-19.729364729879737,21.135315215663955,-17.66193300154308,65.19159243786777,-37.39129773142282,45.46222770798803,-54.398168811631166,44.929804220276345,-11.431408571229246,-99.69488193913567,0.46408839779005523,0.0,0.46416689667799843,27.0,0.0
AMD,8,2025-01…2025-06,WINDOW_CLOSING,22,3,0.0,12,12,0.3333333333333333,0.3504273504273504,0.9512195121951219,0.23780487804878048,1.6646341463414636,0.3333333333333333,0.3504273504273504,0.9512195121951219,-19.247593235492136,-38.72908977259208,19.481496537099947,-19.191938379745316,66.24731816519932,-57.9210281523374,27.518228392607227,-65.81254081216011,13.316745952652632,-11.383650904280934,-99.69488193913567,0.46408839779005523,0.0,0.46416689667799843,27.0,0.0
AMD,8,2025-01…2025-06,WINDOW_CLOSING,22,3,10.0,12,12,0.3333333333333333,0.3504273504273504,0.9512195121951219,0.23780487804878048,1.6646341463414636,0.3333333333333333,0.3504273504273504,0.9512195121951219,-19.247593235492136,-38.72908977259208,19.481496537099947,-19.191938379745316,66.24731816519932,-57.9210281523374,27.518228392607227,-65.81254081216011,13.316745952652632,-11.383650904280934,-99.69488193913567,0.46408839779005523,0.0,0.46416689667799843,27.0,0.0
AMD,8,2025-01…2025-06,WINDOW_CLOSING,22,3,25.0,12,12,0.3333333333333333,0.3504273504273504,0.9512195121951219,0.23780487804878048,1.6646341463414636,0.3333333333333333,0.3504273504273504,0.9512195121951219,-19.247593235492136,-38.72908977259208,19.481496537099947,-19.191938379745316,66.24731816519932,-57.9210281523374,27.518228392607227,-65.81254081216011,13.316745952652632,-11.383650904280934,-99.69488193913567,0.46408839779005523,0.0,0.46416689667799843,27.0,0.0
AMD,8,2025-01…2025-06,WINDOW_CLOSING,22,3,50.0,12,12,0.3333333333333333,0.3504273504273504,0.9512195121951219,0.23780487804878048,1.6646341463414636,0.3333333333333333,0.3504273504273504,0.9512195121951219,-19.247593235492136,-38.72908977259208,19.481496537099947,-19.191938379745316,66.24731816519932,-57.9210281523374,27.518228392607227,-65.81254081216011,13.316745952652632,-11.383650904280934,-99.69488193913567,0.46408839779005523,0.0,0.46416689667799843,27.0,0.0
AMD,8,2025-01…2025-06,WINDOW_CLOSING,22,5,0.0,12,12,0.3333333333333333,0.3418803418803419,0.975,0.24375,1.70625,0.3333333333333333,0.3418803418803419,0.975,-40.50848823630124,-58.125809929486536,17.617321693185296,-40.262254956092434,78.53833241024148,-98.38806488557897,20.412522480754937,-92.0293975306672,5.219204761233166,-26.32245626802254,-99.69488193913567,0.46408839779005523,0.0,0.46416689667799843,27.0,0.0
AMD,8,2025-01…2025-06,WINDOW_CLOSING,22,5,10.0,12,12,0.3333333333333333,0.3418803418803419,0.975,0.24375,1.70625,0.3333333333333333,0.3418803418803419,0.975,-40.50848823630124,-58.125809929486536,17.617321693185296,-40.262254956092434,78.53833241024148,-98.38806488557897,20.412522480754937,-92.0293975306672,5.219204761233166,-26.32245626802254,-99.69488193913567,0.46408839779005523,0.0,0.46416689667799843,27.0,0.0
AMD,8,2025-01…2025-06,WINDOW_CLOSING,22,5,25.0,12,12,0.3333333333333333,0.3418803418803419,0.975,0.24375,1.70625,0.3333333333333333,0.3418803418803419,0.975,-40.50848823630124,-58.125809929486536,17.617321693185296,-40.262254956092434,78.53833241024148,-98.38806488557897,20.412522480754937,-92.0293975306672,5.219204761233166,-26.32245626802254,-99.69488193913567,0.46408839779005523,0.0,0.46416689667799843,27.0,0.0
AMD,8,2025-01…2025-06,WINDOW_CLOSING,22,5,50.0,12,12,0.3333333333333333,0.3418803418803419,0.975,0.24375,1.70625,0.3333333333333333,0.3418803418803419,0.975,-40.50848823630124,-58.125809929486536,17.617321693185296,-40.262254956092434,78.53833241024148,-98.38806488557897,20.412522480754937,-92.0293975306672,5.219204761233166,-26.32245626802254,-99.69488193913567,0.46408839779005523,0.0,0.46416689667799843,27.0,0.0
AMD,8,2025-01…2025-06,WINDOW_CLOSING,22,10,0.0,12,12,0.08333333333333333,0.2222222222222222,0.375,0.0,1.125,0.08333333333333333,0.2222222222222222,0.375,-115.2812325966617,-105.55423471131465,-9.726997885347046,-95.7598633786167,73.51687946453137,-201.31409808993135,-32.03735524678327,-212.94716573318334,-69.43402712273945,-37.64615077599388,-99.69488193913567,0.46408839779005523,0.0,0.46416689667799843,27.0,0.0
AMD,8,2025-01…2025-06,WINDOW_CLOSING,22,10,10.0,12,12,0.08333333333333333,0.2222222222222222,0.375,0.0,1.125,0.08333333333333333,0.2222222222222222,0.375,-115.2812325966617,-105.55423471131465,-9.726997885347046,-95.7598633786167,73.51687946453137,-201.31409808993135,-32.03735524678327,-212.94716573318334,-69.43402712273945,-37.64615077599388,-99.69488193913567,0.46408839779005523,0.0,0.46416689667799843,27.0,0.0
AMD,8,2025-01…2025-06,WINDOW_CLOSING,22,10,25.0,12,12,0.08333333333333333,0.2222222222222222,0.375,0.0,1.125,0.08333333333333333,0.2222222222222222,0.375,-115.2812325966617,-105.55423471131465,-9.726997885347046,-95.7598633786167,73.51687946453137,-201.31409808993135,-32.03735524678327,-212.94716573318334,-69.43402712273945,-37.64615077599388,-99.69488193913567,0.46408839779005523,0.0,0.46416689667799843,27.0,0.0
AMD,8,2025-01…2025-06,WINDOW_CLOSING,22,10,50.0,12,12,0.08333333333333333,0.2222222222222222,0.375,0.0,1.125,0.08333333333333333,0.2222222222222222,0.375,-115.2812325966617,-105.55423471131465,-9.726997885347046,-95.7598633786167,73.51687946453137,-201.31409808993135,-32.03735524678327,-212.94716573318334,-69.43402712273945,-37.64615077599388,-99.69488193913567,0.46408839779005523,0.0,0.46416689667799843,27.0,0.0
AMD,8,2025-01…2025-06,WINDOW_CLOSING,22,20,0.0,12,12,0.08333333333333333,0.08547008547008547,0.975,0.0,2.925,0.08333333333333333,0.08547008547008547,0.975,-202.01443099155838,-189.98254467009855,-12.031886321459837,-134.13914113915428,98.24871204927229,-324.1216858092528,-91.73383262082626,-364.67808854413937,-113.19616623502968,-26.36225161088736,-99.69488193913567,0.46408839779005523,0.0,0.46416689667799843,27.0,0.0
AMD,8,2025-01…2025-06,WINDOW_CLOSING,22,20,10.0,12,12,0.08333333333333333,0.08547008547008547,0.975,0.0,2.925,0.08333333333333333,0.08547008547008547,0.975,-202.01443099155838,-189.98254467009855,-12.031886321459837,-134.13914113915428,98.24871204927229,-324.1216858092528,-91.73383262082626,-364.67808854413937,-113.19616623502968,-26.36225161088736,-99.69488193913567,0.46408839779005523,0.0,0.46416689667799843,27.0,0.0
AMD,8,2025-01…2025-06,WINDOW_CLOSING,22,20,25.0,12,12,0.08333333333333333,0.08547008547008547,0.975,0.0,2.925,0.08333333333333333,0.08547008547008547,0.975,-202.01443099155838,-189.98254467009855,-12.031886321459837,-134.13914113915428,98.24871204927229,-324.1216858092528,-91.73383262082626,-364.67808854413937,-113.19616623502968,-26.36225161088736,-99.69488193913567,0.46408839779005523,0.0,0.46416689667799843,27.0,0.0
AMD,8,2025-01…2025-06,WINDOW_CLOSING,22,20,50.0,12,12,0.08333333333333333,0.08547008547008547,0.975,0.0,2.925,0.08333333333333333,0.08547008547008547,0.975,-202.01443099155838,-189.98254467009855,-12.031886321459837,-134.13914113915428,98.24871204927229,-324.1216858092528,-91.73383262082626,-364.67808854413937,-113.19616623502968,-26.36225161088736,-99.69488193913567,0.46408839779005523,0.0,0.46416689667799843,27.0,0.0
AMD,8,2025-01…2025-06,BUY_NOW,22,1,0.0,10,10,0.2,0.4017094017094017,0.4978723404255319,0.0,1.2446808510638296,0.2,0.4017094017094017,0.4978723404255319,-75.86567931820841,-19.729364729879737,-56.13631458832867,-140.03370102773567,25.832508993916342,-159.7630657576154,6.103144264036603,-93.73532319243085,-37.716957240216956,-21.47424070943216,-89.08756948111063,0.3867403314917127,0.0,0.5223506382608419,34.0,0.16666666666666666
AMD,8,2025-01…2025-06,BUY_NOW,22,1,10.0,10,10,0.2,0.46153846153846156,0.43333333333333335,0.0,1.0833333333333333,0.2,0.46153846153846156,0.43333333333333335,-75.86567931820841,-19.729364729879737,-56.13631458832867,-140.03370102773567,25.832508993916342,-159.7630657576154,6.103144264036603,-93.73532319243085,-37.716957240216956,-21.47424070943216,-89.08756948111063,0.3867403314917127,0.0,0.5223506382608419,34.0,0.16666666666666666
AMD,8,2025-01…2025-06,BUY_NOW,22,1,25.0,10,10,0.3,0.5470085470085471,0.5484374999999999,0.0,1.0968749999999998,0.3,0.5470085470085471,0.5484374999999999,-75.86567931820841,-19.729364729879737,-56.13631458832867,-140.03370102773567,25.832508993916342,-159.7630657576154,6.103144264036603,-93.73532319243085,-37.716957240216956,-21.47424070943216,-89.08756948111063,0.3867403314917127,0.0,0.5223506382608419,34.0,0.16666666666666666
AMD,8,2025-01…2025-06,BUY_NOW,22,1,50.0,10,10,0.5,0.7008547008547008,0.7134146341463415,0.2853658536585366,1.1414634146341465,0.5,0.7008547008547008,0.7134146341463415,-75.86567931820841,-19.729364729879737,-56.13631458832867,-140.03370102773567,25.832508993916342,-159.7630657576154,6.103144264036603,-93.73532319243085,-37.716957240216956,-21.47424070943216,-89.08756948111063,0.3867403314917127,0.0,0.5223506382608419,34.0,0.16666666666666666
AMD,8,2025-01…2025-06,BUY_NOW,22,3,0.0,10,10,0.1,0.20512820512820512,0.48750000000000004,0.0,1.4625,0.2,0.36752136752136755,0.5441860465116279,-61.87730337967467,-38.72908977259208,-23.14821360708259,-120.21807489617996,81.85457212743464,-158.94716466877205,43.12548235484256,-74.77129861247147,-41.6752239546168,4.91413788090578,-89.08756948111063,0.3867403314917127,0.0,0.5223506382608419,34.0,0.16666666666666666
AMD,8,2025-01…2025-06,BUY_NOW,22,3,10.0,10,10,0.1,0.24786324786324787,0.403448275862069,0.0,1.2103448275862068,0.2,0.41025641025641024,0.48750000000000004,-61.87730337967467,-38.72908977259208,-23.14821360708259,-120.21807489617996,81.85457212743464,-158.94716466877205,43.12548235484256,-74.77129861247147,-41.6752239546168,4.91413788090578,-89.08756948111063,0.3867403314917127,0.0,0.5223506382608419,34.0,0.16666666666666666
AMD,8,2025-01…2025-06,BUY_NOW,22,3,25.0,10,10,0.1,0.2905982905982906,0.34411764705882353,0.0,1.0323529411764705,0.2,0.48717948717948717,0.41052631578947374,-61.87730337967467,-38.72908977259208,-23.14821360708259,-120.21807489617996,81.85457212743464,-158.94716466877205,43.12548235484256,-74.77129861247147,-41.6752239546168,4.91413788090578,-89.08756948111063,0.3867403314917127,0.0,0.5223506382608419,34.0,0.16666666666666666
AMD,8,2025-01…2025-06,BUY_NOW,22,3,50.0,10,10,0.3,0.39316239316239315,0.7630434782608696,0.0,1.5260869565217392,0.5,0.5641025641025641,0.8863636363636364,-61.87730337967467,-38.72908977259208,-23.14821360708259,-120.21807489617996,81.85457212743464,-158.94716466877205,43.12548235484256,-74.77129861247147,-41.6752239546168,4.91413788090578,-89.08756948111063,0.3867403314917127,0.0,0.5223506382608419,34.0,0.16666666666666666
AMD,8,2025-01…2025-06,BUY_NOW,22,5,0.0,10,10,0.1,0.1452991452991453,0.6882352941176471,0.0,2.064705882352941,0.3,0.3418803418803419,0.8775,-62.83610966727805,-58.125809929486536,-4.710299737791516,-123.62233895127676,119.48446992559383,-181.7481488807633,61.358659996107285,-85.20423325294175,-17.101731284003513,13.115122097379304,-89.08756948111063,0.3867403314917127,0.0,0.5223506382608419,34.0,0.16666666666666666
AMD,8,2025-01…2025-06,BUY_NOW,22,5,10.0,10,10,0.1,0.1794871794871795,0.5571428571428572,0.0,1.6714285714285713,0.4,0.36752136752136755,1.0883720930232559,-62.83610966727805,-58.125809929486536,-4.710299737791516,-123.62233895127676,119.48446992559383,-181.7481488807633,61.358659996107285,-85.20423325294175,-17.101731284003513,13.115122097379304,-89.08756948111063,0.3867403314917127,0.0,0.5223506382608419,34.0,0.16666666666666666
AMD,8,2025-01…2025-06,BUY_NOW,22,5,25.0,10,10,0.1,0.21367521367521367,0.468,0.0,1.404,0.5,0.4358974358974359,1.1470588235294117,-62.83610966727805,-58.125809929486536,-4.710299737791516,-123.62233895127676,119.48446992559383,-181.7481488807633,61.358659996107285,-85.20423325294175,-17.101731284003513,13.115122097379304,-89.08756948111063,0.3867403314917127,0.0,0.5223506382608419,34.0,0.16666666666666666
AMD,8,2025-01…2025-06,BUY_NOW,22,5,50.0,10,10,0.3,0.3076923076923077,0.9749999999999999,0.0,1.9499999999999997,0.5,0.5128205128205128,0.9750000000000001,-62.83610966727805,-58.125809929486536,-4.710299737791516,-123.62233895127676,119.48446992559383,-181.7481488807633,61.358659996107285,-85.20423325294175,-17.101731284003513,13.115122097379304,-89.08756948111063,0.3867403314917127,0.0,0.5223506382608419,34.0,0.16666666666666666
AMD,8,2025-01…2025-06,BUY_NOW,22,10,0.0,10,10,0.1,0.08547008547008547,1.1700000000000002,0.0,3.51,0.4,0.28205128205128205,1.4181818181818182,-84.45712357373237,-105.55423471131465,21.097111137582274,-117.77481218248252,147.08707577076171,-223.32904689379717,41.53284105944706,-129.05438033809392,5.551486120386289,43.30917028681536,-89.08756948111063,0.3867403314917127,0.0,0.5223506382608419,34.0,0.16666666666666666
AMD,8,2025-01…2025-06,BUY_NOW,22,10,10.0,10,10,0.1,0.10256410256410256,0.9750000000000001,0.0,2.925,0.4,0.3247863247863248,1.231578947368421,-84.45712357373237,-105.55423471131465,21.097111137582274,-117.77481218248252,147.08707577076171,-223.32904689379717,41.53284105944706,-129.05438033809392,5.551486120386289,43.30917028681536,-89.08756948111063,0.3867403314917127,0.0,0.5223506382608419,34.0,0.16666666666666666
AMD,8,2025-01…2025-06,BUY_NOW,22,10,25.0,10,10,0.1,0.1282051282051282,0.7800000000000001,0.0,2.3400000000000003,0.5,0.3504273504273504,1.426829268292683,-84.45712357373237,-105.55423471131465,21.097111137582274,-117.77481218248252,147.08707577076171,-223.32904689379717,41.53284105944706,-129.05438033809392,5.551486120386289,43.30917028681536,-89.08756948111063,0.3867403314917127,0.0,0.5223506382608419,34.0,0.16666666666666666
AMD,8,2025-01…2025-06,BUY_NOW,22,10,50.0,10,10,0.3,0.17094017094017094,1.755,0.0,3.51,0.5,0.452991452991453,1.1037735849056605,-84.45712357373237,-105.55423471131465,21.097111137582274,-117.77481218248252,147.08707577076171,-223.32904689379717,41.53284105944706,-129.05438033809392,5.551486120386289,43.30917028681536,-89.08756948111063,0.3867403314917127,0.0,0.5223506382608419,34.0,0.16666666666666666
AMD,8,2025-01…2025-06,BUY_NOW,22,20,0.0,10,10,0.0,0.017094017094017096,0.0,0.0,0.0,0.3,0.1452991452991453,2.064705882352941,-155.04606408043063,-189.98254467009855,34.93648058966792,-86.83065076420894,143.09560193365883,-276.8131954343075,-46.886942736439735,-219.11058740066153,-45.5197778622333,59.84977712748906,-89.08756948111063,0.3867403314917127,0.0,0.5223506382608419,34.0,0.16666666666666666
AMD,8,2025-01…2025-06,BUY_NOW,22,20,10.0,10,10,0.0,0.03418803418803419,0.0,0.0,0.0,0.3,0.18803418803418803,1.5954545454545455,-155.04606408043063,-189.98254467009855,34.93648058966792,-86.83065076420894,143.09560193365883,-276.8131954343075,-46.886942736439735,-219.11058740066153,-45.5197778622333,59.84977712748906,-89.08756948111063,0.3867403314917127,0.0,0.5223506382608419,34.0,0.16666666666666666
AMD,8,2025-01…2025-06,BUY_NOW,22,20,25.0,10,10,0.0,0.05128205128205128,0.0,0.0,0.0,0.3,0.20512820512820512,1.4625,-155.04606408043063,-189.98254467009855,34.93648058966792,-86.83065076420894,143.09560193365883,-276.8131954343075,-46.886942736439735,-219.11058740066153,-45.5197778622333,59.84977712748906,-89.08756948111063,0.3867403314917127,0.0,0.5223506382608419,34.0,0.16666666666666666
AMD,8,2025-01…2025-06,BUY_NOW,22,20,50.0,10,10,0.2,0.07692307692307693,2.6,0.0,6.5,0.4,0.2905982905982906,1.3764705882352941,-155.04606408043063,-189.98254467009855,34.93648058966792,-86.83065076420894,143.09560193365883,-276.8131954343075,-46.886942736439735,-219.11058740066153,-45.5197778622333,59.84977712748906,-89.08756948111063,0.3867403314917127,0.0,0.5223506382608419,34.0,0.16666666666666666
AMD,9,2025-07…2025-12,WINDOW_CLOSING,13,1,0.0,4,4,0.5,0.5153846153846153,0.9701492537313434,,,0.5,0.5153846153846153,0.9701492537313434,0.7767061276370306,1.5522962446424633,-0.7755901170054327,,,,,,,-19.77777871047804,57.10210112406077,0.15217391304347827,0.0,1.1561620885703088,144.0,0.6666666666666666
AMD,9,2025-07…2025-12,WINDOW_CLOSING,13,1,10.0,4,4,0.5,0.5153846153846153,0.9701492537313434,,,0.5,0.5153846153846153,0.9701492537313434,0.7767061276370306,1.5522962446424633,-0.7755901170054327,,,,,,,-19.77777871047804,57.10210112406077,0.15217391304347827,0.0,1.1561620885703088,144.0,0.6666666666666666
AMD,9,2025-07…2025-12,WINDOW_CLOSING,13,1,25.0,4,4,0.5,0.5153846153846153,0.9701492537313434,,,0.5,0.5153846153846153,0.9701492537313434,0.7767061276370306,1.5522962446424633,-0.7755901170054327,,,,,,,-19.77777871047804,57.10210112406077,0.15217391304347827,0.0,1.1561620885703088,144.0,0.6666666666666666
AMD,9,2025-07…2025-12,WINDOW_CLOSING,13,1,50.0,4,4,0.5,0.5153846153846153,0.9701492537313434,,,0.5,0.5153846153846153,0.9701492537313434,0.7767061276370306,1.5522962446424633,-0.7755901170054327,,,,,,,-19.77777871047804,57.10210112406077,0.15217391304347827,0.0,1.1561620885703088,144.0,0.6666666666666666
AMD,9,2025-07…2025-12,WINDOW_CLOSING,13,3,0.0,4,4,0.5,0.49230769230769234,1.015625,,,0.5,0.49230769230769234,1.015625,37.55826553983432,2.7897934561585536,34.76847208367577,,,,,,,14.885958684967559,57.10210112406077,0.15217391304347827,0.0,1.1561620885703088,144.0,0.6666666666666666
AMD,9,2025-07…2025-12,WINDOW_CLOSING,13,3,10.0,4,4,0.5,0.49230769230769234,1.015625,,,0.5,0.49230769230769234,1.015625,37.55826553983432,2.7897934561585536,34.76847208367577,,,,,,,14.885958684967559,57.10210112406077,0.15217391304347827,0.0,1.1561620885703088,144.0,0.6666666666666666
AMD,9,2025-07…2025-12,WINDOW_CLOSING,13,3,25.0,4,4,0.5,0.49230769230769234,1.015625,,,0.5,0.49230769230769234,1.015625,37.55826553983432,2.7897934561585536,34.76847208367577,,,,,,,14.885958684967559,57.10210112406077,0.15217391304347827,0.0,1.1561620885703088,144.0,0.6666666666666666
AMD,9,2025-07…2025-12,WINDOW_CLOSING,13,3,50.0,4,4,0.5,0.49230769230769234,1.015625,,,0.5,0.49230769230769234,1.015625,37.55826553983432,2.7897934561585536,34.76847208367577,,,,,,,14.885958684967559,57.10210112406077,0.15217391304347827,0.0,1.1561620885703088,144.0,0.6666666666666666
AMD,9,2025-07…2025-12,WINDOW_CLOSING,13,5,0.0,4,4,0.5,0.5076923076923077,0.9848484848484849,,,0.5,0.5076923076923077,0.9848484848484849,46.09353981186587,3.6932407460636463,42.40029906580222,,,,,,,6.0556608793529945,57.10210112406077,0.15217391304347827,0.0,1.1561620885703088,144.0,0.6666666666666666
AMD,9,2025-07…2025-12,WINDOW_CLOSING,13,5,10.0,4,4,0.5,0.5076923076923077,0.9848484848484849,,,0.5,0.5076923076923077,0.9848484848484849,46.09353981186587,3.6932407460636463,42.40029906580222,,,,,,,6.0556608793529945,57.10210112406077,0.15217391304347827,0.0,1.1561620885703088,144.0,0.6666666666666666
AMD,9,2025-07…2025-12,WINDOW_CLOSING,13,5,25.0,4,4,0.5,0.5076923076923077,0.9848484848484849,,,0.5,0.5076923076923077,0.9848484848484849,46.09353981186587,3.6932407460636463,42.40029906580222,,,,,,,6.0556608793529945,57.10210112406077,0.15217391304347827,0.0,1.1561620885703088,144.0,0.6666666666666666
AMD,9,2025-07…2025-12,WINDOW_CLOSING,13,5,50.0,4,4,0.5,0.5076923076923077,0.9848484848484849,,,0.5,0.5076923076923077,0.9848484848484849,46.09353981186587,3.6932407460636463,42.40029906580222,,,,,,,6.0556608793529945,57.10210112406077,0.15217391304347827,0.0,1.1561620885703088,144.0,0.6666666666666666
AMD,9,2025-07…2025-12,WINDOW_CLOSING,13,10,0.0,4,4,0.5,0.4846153846153846,1.0317460317460319,,,0.5,0.4846153846153846,1.0317460317460319,76.50195381431968,5.086011684575519,71.41594212974415,,,,,,,21.23868136501784,57.10210112406077,0.15217391304347827,0.0,1.1561620885703088,144.0,0.6666666666666666
AMD,9,2025-07…2025-12,WINDOW_CLOSING,13,10,10.0,4,4,0.5,0.4846153846153846,1.0317460317460319,,,0.5,0.4846153846153846,1.0317460317460319,76.50195381431968,5.086011684575519,71.41594212974415,,,,,,,21.23868136501784,57.10210112406077,0.15217391304347827,0.0,1.1561620885703088,144.0,0.6666666666666666
AMD,9,2025-07…2025-12,WINDOW_CLOSING,13,10,25.0,4,4,0.5,0.4846153846153846,1.0317460317460319,,,0.5,0.4846153846153846,1.0317460317460319,76.50195381431968,5.086011684575519,71.41594212974415,,,,,,,21.23868136501784,57.10210112406077,0.15217391304347827,0.0,1.1561620885703088,144.0,0.6666666666666666
AMD,9,2025-07…2025-12,WINDOW_CLOSING,13,10,50.0,4,4,0.5,0.4846153846153846,1.0317460317460319,,,0.5,0.4846153846153846,1.0317460317460319,76.50195381431968,5.086011684575519,71.41594212974415,,,,,,,21.23868136501784,57.10210112406077,0.15217391304347827,0.0,1.1561620885703088,144.0,0.6666666666666666
AMD,9,2025-07…2025-12,WINDOW_CLOSING,13,20,0.0,4,4,0.75,0.47692307692307695,1.5725806451612903,,,0.75,0.47692307692307695,1.5725806451612903,84.43550403807926,3.4633601708443584,80.9721438672349,,,,,,,61.651476415438275,57.10210112406077,0.15217391304347827,0.0,1.1561620885703088,144.0,0.6666666666666666
AMD,9,2025-07…2025-12,WINDOW_CLOSING,13,20,10.0,4,4,0.75,0.47692307692307695,1.5725806451612903,,,0.75,0.47692307692307695,1.5725806451612903,84.43550403807926,3.4633601708443584,80.9721438672349,,,,,,,61.651476415438275,57.10210112406077,0.15217391304347827,0.0,1.1561620885703088,144.0,0.6666666666666666
AMD,9,2025-07…2025-12,WINDOW_CLOSING,13,20,25.0,4,4,0.75,0.47692307692307695,1.5725806451612903,,,0.75,0.47692307692307695,1.5725806451612903,84.43550403807926,3.4633601708443584,80.9721438672349,,,,,,,61.651476415438275,57.10210112406077,0.15217391304347827,0.0,1.1561620885703088,144.0,0.6666666666666666
AMD,9,2025-07…2025-12,WINDOW_CLOSING,13,20,50.0,4,4,0.75,0.47692307692307695,1.5725806451612903,,,0.75,0.47692307692307695,1.5725806451612903,84.43550403807926,3.4633601708443584,80.9721438672349,,,,,,,61.651476415438275,57.10210112406077,0.15217391304347827,0.0,1.1561620885703088,144.0,0.6666666666666666
AMD,9,2025-07…2025-12,BUY_NOW,13,1,0.0,9,9,0.4444444444444444,0.5153846153846153,0.8623548922056385,0.21558872305140964,1.5091210613598676,0.4444444444444444,0.5153846153846153,0.8623548922056385,-14.259532715323509,1.5522962446424633,-15.811828959965972,-81.42939429828562,30.983366177930172,-79.87709805364315,32.535662422572635,-73.6343307699963,31.644010161277212,28.24834058279799,36.843505570621154,0.3423913043478261,0.0,0.9335852669435092,68.0,0.16666666666666666
AMD,9,2025-07…2025-12,BUY_NOW,13,1,10.0,9,9,0.4444444444444444,0.5461538461538461,0.8137715179968702,0.20344287949921755,1.4241001564945228,0.4444444444444444,0.5461538461538461,0.8137715179968702,-14.259532715323509,1.5522962446424633,-15.811828959965972,-81.42939429828562,30.983366177930172,-79.87709805364315,32.535662422572635,-73.6343307699963,31.644010161277212,28.24834058279799,36.843505570621154,0.3423913043478261,0.0,0.9335852669435092,68.0,0.16666666666666666
AMD,9,2025-07…2025-12,BUY_NOW,13,1,25.0,9,9,0.7777777777777778,0.6461538461538462,1.2037037037037037,0.6878306878306878,1.5476190476190474,0.7777777777777778,0.6461538461538462,1.2037037037037037,-14.259532715323509,1.5522962446424633,-15.811828959965972,-81.42939429828562,30.983366177930172,-79.87709805364315,32.535662422572635,-73.6343307699963,31.644010161277212,28.24834058279799,36.843505570621154,0.3423913043478261,0.0,0.9335852669435092,68.0,0.16666666666666666
AMD,9,2025-07…2025-12,BUY_NOW,13,1,50.0,9,9,0.8888888888888888,0.8,1.111111111111111,0.8333333333333333,1.25,0.8888888888888888,0.8,1.111111111111111,-14.259532715323509,1.5522962446424633,-15.811828959965972,-81.42939429828562,30.983366177930172,-79.87709805364315,32.535662422572635,-73.6343307699963,31.644010161277212,28.24834058279799,36.843505570621154,0.3423913043478261,0.0,0.9335852669435092,68.0,0.16666666666666666
AMD,9,2025-07…2025-12,BUY_NOW,13,3,0.0,9,9,0.3333333333333333,0.35384615384615387,0.9420289855072462,0.31400966183574874,1.8840579710144925,0.3333333333333333,0.5076923076923077,0.6565656565656566,8.958895410597787,2.7897934561585536,6.169101954439233,-67.48859725012571,83.60183178945772,-64.69880379396716,86.39162524561627,-36.017002679469115,46.91593374341466,52.73454652246378,36.843505570621154,0.3423913043478261,0.0,0.9335852669435092,68.0,0.16666666666666666
AMD,9,2025-07…2025-12,BUY_NOW,13,3,10.0,9,9,0.3333333333333333,0.3923076923076923,0.8496732026143791,0.28322440087145967,1.6993464052287581,0.4444444444444444,0.5307692307692308,0.8373590982286634,8.958895410597787,2.7897934561585536,6.169101954439233,-67.48859725012571,83.60183178945772,-64.69880379396716,86.39162524561627,-36.017002679469115,46.91593374341466,52.73454652246378,36.843505570621154,0.3423913043478261,0.0,0.9335852669435092,68.0,0.16666666666666666
AMD,9,2025-07…2025-12,BUY_NOW,13,3,25.0,9,9,0.4444444444444444,0.4307692307692308,1.0317460317460316,0.2579365079365079,1.8055555555555556,0.5555555555555556,0.6230769230769231,0.8916323731138546,8.958895410597787,2.7897934561585536,6.169101954439233,-67.48859725012571,83.60183178945772,-64.69880379396716,86.39162524561627,-36.017002679469115,46.91593374341466,52.73454652246378,36.843505570621154,0.3423913043478261,0.0,0.9335852669435092,68.0,0.16666666666666666
AMD,9,2025-07…2025-12,BUY_NOW,13,3,50.0,9,9,0.5555555555555556,0.5769230769230769,0.9629629629629631,0.3851851851851852,1.5407407407407407,0.7777777777777778,0.7384615384615385,1.0532407407407407,8.958895410597787,2.7897934561585536,6.169101954439233,-67.48859725012571,83.60183178945772,-64.69880379396716,86.39162524561627,-36.017002679469115,46.91593374341466,52.73454652246378,36.843505570621154,0.3423913043478261,0.0,0.9335852669435092,68.0,0.16666666666666666
AMD,9,2025-07…2025-12,BUY_NOW,13,5,0.0,9,9,0.3333333333333333,0.2846153846153846,1.1711711711711712,0.39039039039039036,2.3423423423423424,0.4444444444444444,0.5153846153846153,0.8623548922056385,17.7940317464895,3.6932407460636463,14.100791000425856,-59.482806068733986,102.83092641712831,-55.78956532267034,106.52416716319196,-57.091161975445345,65.44824593317531,56.74498887478618,36.843505570621154,0.3423913043478261,0.0,0.9335852669435092,68.0,0.16666666666666666
AMD,9,2025-07…2025-12,BUY_NOW,13,5,10.0,9,9,0.3333333333333333,0.3230769230769231,1.0317460317460316,0.3439153439153439,2.0634920634920633,0.4444444444444444,0.5538461538461539,0.802469135802469,17.7940317464895,3.6932407460636463,14.100791000425856,-59.482806068733986,102.83092641712831,-55.78956532267034,106.52416716319196,-57.091161975445345,65.44824593317531,56.74498887478618,36.843505570621154,0.3423913043478261,0.0,0.9335852669435092,68.0,0.16666666666666666
AMD,9,2025-07…2025-12,BUY_NOW,13,5,25.0,9,9,0.4444444444444444,0.38461538461538464,1.1555555555555554,0.28888888888888886,2.022222222222222,0.4444444444444444,0.5846153846153846,0.7602339181286549,17.7940317464895,3.6932407460636463,14.100791000425856,-59.482806068733986,102.83092641712831,-55.78956532267034,106.52416716319196,-57.091161975445345,65.44824593317531,56.74498887478618,36.843505570621154,0.3423913043478261,0.0,0.9335852669435092,68.0,0.16666666666666666
AMD,9,2025-07…2025-12,BUY_NOW,13,5,50.0,9,9,0.4444444444444444,0.49230769230769234,0.9027777777777777,0.22569444444444442,1.579861111111111,0.6666666666666666,0.6615384615384615,1.0077519379844961,17.7940317464895,3.6932407460636463,14.100791000425856,-59.482806068733986,102.83092641712831,-55.78956532267034,106.52416716319196,-57.091161975445345,65.44824593317531,56.74498887478618,36.843505570621154,0.3423913043478261,0.0,0.9335852669435092,68.0,0.16666666666666666
AMD,9,2025-07…2025-12,BUY_NOW,13,10,0.0,9,9,0.3333333333333333,0.2,1.6666666666666665,0.5555555555555555,3.333333333333333,0.5555555555555556,0.49230769230769234,1.128472222222222,29.274098411305154,5.086011684575519,24.188086726729637,-40.35411290396083,91.2197837856766,-35.268101219385315,96.30579547025212,-34.409644801642244,69.80011681954441,57.22653373985549,36.843505570621154,0.3423913043478261,0.0,0.9335852669435092,68.0,0.16666666666666666
AMD,9,2025-07…2025-12,BUY_NOW,13,10,10.0,9,9,0.3333333333333333,0.23076923076923078,1.4444444444444442,0.48148148148148145,2.8888888888888884,0.5555555555555556,0.5230769230769231,1.0620915032679739,29.274098411305154,5.086011684575519,24.188086726729637,-40.35411290396083,91.2197837856766,-35.268101219385315,96.30579547025212,-34.409644801642244,69.80011681954441,57.22653373985549,36.843505570621154,0.3423913043478261,0.0,0.9335852669435092,68.0,0.16666666666666666
AMD,9,2025-07…2025-12,BUY_NOW,13,10,25.0,9,9,0.4444444444444444,0.2846153846153846,1.5615615615615615,0.39039039039039036,2.732732732732733,0.5555555555555556,0.5384615384615384,1.0317460317460319,29.274098411305154,5.086011684575519,24.188086726729637,-40.35411290396083,91.2197837856766,-35.268101219385315,96.30579547025212,-34.409644801642244,69.80011681954441,57.22653373985549,36.843505570621154,0.3423913043478261,0.0,0.9335852669435092,68.0,0.16666666666666666
AMD,9,2025-07…2025-12,BUY_NOW,13,10,50.0,9,9,0.4444444444444444,0.3923076923076923,1.1328976034858387,0.28322440087145967,1.9825708061002179,0.7777777777777778,0.6153846153846154,1.2638888888888888,29.274098411305154,5.086011684575519,24.188086726729637,-40.35411290396083,91.2197837856766,-35.268101219385315,96.30579547025212,-34.409644801642244,69.80011681954441,57.22653373985549,36.843505570621154,0.3423913043478261,0.0,0.9335852669435092,68.0,0.16666666666666666
AMD,9,2025-07…2025-12,BUY_NOW,13,20,0.0,9,9,0.3333333333333333,0.15384615384615385,2.1666666666666665,0.7222222222222221,4.333333333333333,0.5555555555555556,0.4846153846153846,1.146384479717813,64.31828868891574,3.4633601708443584,60.85492851807138,-12.261364761054333,138.80941485150638,-8.798004590209974,142.27277502235074,-10.642721451371099,112.0207496872801,73.4038734754066,36.843505570621154,0.3423913043478261,0.0,0.9335852669435092,68.0,0.16666666666666666
AMD,9,2025-07…2025-12,BUY_NOW,13,20,10.0,9,9,0.3333333333333333,0.18461538461538463,1.8055555555555554,0.6018518518518517,3.6111111111111107,0.5555555555555556,0.5153846153846153,1.0779436152570483,64.31828868891574,3.4633601708443584,60.85492851807138,-12.261364761054333,138.80941485150638,-8.798004590209974,142.27277502235074,-10.642721451371099,112.0207496872801,73.4038734754066,36.843505570621154,0.3423913043478261,0.0,0.9335852669435092,68.0,0.16666666666666666
AMD,9,2025-07…2025-12,BUY_NOW,13,20,25.0,9,9,0.4444444444444444,0.23076923076923078,1.9259259259259258,0.48148148148148145,3.3703703703703702,0.6666666666666666,0.5461538461538461,1.2206572769953052,64.31828868891574,3.4633601708443584,60.85492851807138,-12.261364761054333,138.80941485150638,-8.798004590209974,142.27277502235074,-10.642721451371099,112.0207496872801,73.4038734754066,36.843505570621154,0.3423913043478261,0.0,0.9335852669435092,68.0,0.16666666666666666
AMD,9,2025-07…2025-12,BUY_NOW,13,20,50.0,9,9,0.4444444444444444,0.3076923076923077,1.4444444444444442,0.36111111111111105,2.5277777777777777,0.7777777777777778,0.6,1.2962962962962963,64.31828868891574,3.4633601708443584,60.85492851807138,-12.261364761054333,138.80941485150638,-8.798004590209974,142.27277502235074,-10.642721451371099,112.0207496872801,73.4038734754066,36.843505570621154,0.3423913043478261,0.0,0.9335852669435092,68.0,0.16666666666666666
AMD,10,2026-01…2026-06,BUY_NOW,16,1,0.0,14,14,0.35714285714285715,0.5213675213675214,0.6850117096018735,0.2740046838407494,1.2330210772833723,0.35714285714285715,0.5213675213675214,0.6850117096018735,-22.449001509798894,2.7571006006507535,-25.20610211044965,-48.68098723089084,-1.2509641836041914,-45.92388663024009,1.506136417046562,-46.09431936357512,-0.09737903802800635,-13.53309367340849,-42.58563462437145,0.5414364640883977,0.0,0.7691318391590809,42.0,0.0
AMD,10,2026-01…2026-06,BUY_NOW,16,1,10.0,14,14,0.5,0.5811965811965812,0.8602941176470588,0.3686974789915966,1.3518907563025209,0.5,0.5811965811965812,0.8602941176470588,-22.449001509798894,2.7571006006507535,-25.20610211044965,-48.68098723089084,-1.2509641836041914,-45.92388663024009,1.506136417046562,-46.09431936357512,-0.09737903802800635,-13.53309367340849,-42.58563462437145,0.5414364640883977,0.0,0.7691318391590809,42.0,0.0
AMD,10,2026-01…2026-06,BUY_NOW,16,1,25.0,14,14,0.5,0.6153846153846154,0.8125,0.3482142857142857,1.2767857142857142,0.5,0.6153846153846154,0.8125,-22.449001509798894,2.7571006006507535,-25.20610211044965,-48.68098723089084,-1.2509641836041914,-45.92388663024009,1.506136417046562,-46.09431936357512,-0.09737903802800635,-13.53309367340849,-42.58563462437145,0.5414364640883977,0.0,0.7691318391590809,42.0,0.0
AMD,10,2026-01…2026-06,BUY_NOW,16,1,50.0,14,14,0.7142857142857143,0.7350427350427351,0.9717607973421927,0.6802325581395349,1.2632890365448504,0.7142857142857143,0.7350427350427351,0.9717607973421927,-22.449001509798894,2.7571006006507535,-25.20610211044965,-48.68098723089084,-1.2509641836041914,-45.92388663024009,1.506136417046562,-46.09431936357512,-0.09737903802800635,-13.53309367340849,-42.58563462437145,0.5414364640883977,0.0,0.7691318391590809,42.0,0.0
AMD,10,2026-01…2026-06,BUY_NOW,16,3,0.0,14,14,0.14285714285714285,0.358974358974359,0.3979591836734694,0.0,0.9948979591836735,0.2857142857142857,0.5213675213675214,0.5480093676814988,-29.251408745115906,5.003102514833937,-34.254511259949844,-69.85629368595598,0.22539762624822046,-64.85319117112203,5.228500141082158,-53.48882042357943,1.7570780557754855,-24.678123891063084,-42.58563462437145,0.5414364640883977,0.0,0.7691318391590809,42.0,0.0
AMD,10,2026-01…2026-06,BUY_NOW,16,3,10.0,14,14,0.21428571428571427,0.41025641025641024,0.5223214285714286,0.0,1.048995535714262,0.5,0.5641025641025641,0.8863636363636364,-29.251408745115906,5.003102514833937,-34.254511259949844,-69.85629368595598,0.22539762624822046,-64.85319117112203,5.228500141082158,-53.48882042357943,1.7570780557754855,-24.678123891063084,-42.58563462437145,0.5414364640883977,0.0,0.7691318391590809,42.0,0.0
AMD,10,2026-01…2026-06,BUY_NOW,16,3,25.0,14,14,0.35714285714285715,0.46153846153846156,0.7738095238095238,0.3095238095238095,1.3928571428571428,0.5,0.5811965811965812,0.8602941176470588,-29.251408745115906,5.003102514833937,-34.254511259949844,-69.85629368595598,0.22539762624822046,-64.85319117112203,5.228500141082158,-53.48882042357943,1.7570780557754855,-24.678123891063084,-42.58563462437145,0.5414364640883977,0.0,0.7691318391590809,42.0,0.0
AMD,10,2026-01…2026-06,BUY_NOW,16,3,50.0,14,14,0.42857142857142855,0.5299145299145299,0.8087557603686636,0.2695852534562212,1.347926267281106,0.5714285714285714,0.6752136752136753,0.8462929475587703,-29.251408745115906,5.003102514833937,-34.254511259949844,-69.85629368595598,0.22539762624822046,-64.85319117112203,5.228500141082158,-53.48882042357943,1.7570780557754855,-24.678123891063084,-42.58563462437145,0.5414364640883977,0.0,0.7691318391590809,42.0,0.0
AMD,10,2026-01…2026-06,BUY_NOW,16,5,0.0,14,14,0.14285714285714285,0.2905982905982906,0.4915966386554621,0.0,1.2289915966386553,0.42857142857142855,0.5384615384615384,0.7959183673469388,-31.103872601226936,7.22034353048448,-38.32421613171142,-90.55903584711638,14.093451060887379,-83.33869231663189,21.31379459137186,-60.40039448036383,12.013776010379566,-24.030781360857805,-42.58563462437145,0.5414364640883977,0.0,0.7691318391590809,42.0,0.0
AMD,10,2026-01…2026-06,BUY_NOW,16,5,10.0,14,14,0.14285714285714285,0.3162393162393162,0.4517374517374517,0.0,1.1293436293436294,0.42857142857142855,0.5470085470085471,0.7834821428571427,-31.103872601226936,7.22034353048448,-38.32421613171142,-90.55903584711638,14.093451060887379,-83.33869231663189,21.31379459137186,-60.40039448036383,12.013776010379566,-24.030781360857805,-42.58563462437145,0.5414364640883977,0.0,0.7691318391590809,42.0,0.0
AMD,10,2026-01…2026-06,BUY_NOW,16,5,25.0,14,14,0.21428571428571427,0.38461538461538464,0.557142857142857,0.0,1.114285714285714,0.42857142857142855,0.5726495726495726,0.7484008528784648,-31.103872601226936,7.22034353048448,-38.32421613171142,-90.55903584711638,14.093451060887379,-83.33869231663189,21.31379459137186,-60.40039448036383,12.013776010379566,-24.030781360857805,-42.58563462437145,0.5414364640883977,0.0,0.7691318391590809,42.0,0.0
AMD,10,2026-01…2026-06,BUY_NOW,16,5,50.0,14,14,0.2857142857142857,0.4700854700854701,0.6077922077922078,0.15194805194805194,1.0636363636363637,0.5714285714285714,0.6153846153846154,0.9285714285714285,-31.103872601226936,7.22034353048448,-38.32421613171142,-90.55903584711638,14.093451060887379,-83.33869231663189,21.31379459137186,-60.40039448036383,12.013776010379566,-24.030781360857805,-42.58563462437145,0.5414364640883977,0.0,0.7691318391590809,42.0,0.0
AMD,10,2026-01…2026-06,BUY_NOW,16,10,0.0,14,14,0.14285714285714285,0.23931623931623933,0.596938775510204,0.0,1.4923469387755102,0.42857142857142855,0.5299145299145299,0.8087557603686636,-20.177312033742844,12.74493120450904,-32.92224323825188,-118.9664093231456,65.43881818205203,-106.22147811863655,78.18374938656108,-93.5054594533917,73.12427518588576,-3.32396162300551,-42.58563462437145,0.5414364640883977,0.0,0.7691318391590809,42.0,0.0
AMD,10,2026-01…2026-06,BUY_NOW,16,10,10.0,14,14,0.14285714285714285,0.26495726495726496,0.5391705069124424,0.0,1.347926267281106,0.42857142857142855,0.5384615384615384,0.7959183673469388,-20.177312033742844,12.74493120450904,-32.92224323825188,-118.9664093231456,65.43881818205203,-106.22147811863655,78.18374938656108,-93.5054594533917,73.12427518588576,-3.32396162300551,-42.58563462437145,0.5414364640883977,0.0,0.7691318391590809,42.0,0.0
AMD,10,2026-01…2026-06,BUY_NOW,16,10,25.0,14,14,0.21428571428571427,0.29914529914529914,0.7163265306122448,0.0,1.4326530612244897,0.42857142857142855,0.5470085470085471,0.7834821428571427,-20.177312033742844,12.74493120450904,-32.92224323825188,-118.9664093231456,65.43881818205203,-106.22147811863655,78.18374938656108,-93.5054594533917,73.12427518588576,-3.32396162300551,-42.58563462437145,0.5414364640883977,0.0,0.7691318391590809,42.0,0.0
AMD,10,2026-01…2026-06,BUY_NOW,16,10,50.0,14,14,0.2857142857142857,0.39316239316239315,0.7267080745341614,0.18167701863354035,1.2717391304347827,0.42857142857142855,0.5726495726495726,0.7484008528784648,-20.177312033742844,12.74493120450904,-32.92224323825188,-118.9664093231456,65.43881818205203,-106.22147811863655,78.18374938656108,-93.5054594533917,73.12427518588576,-3.32396162300551,-42.58563462437145,0.5414364640883977,0.0,0.7691318391590809,42.0,0.0
AMD,10,2026-01…2026-06,BUY_NOW,16,20,0.0,14,14,0.14285714285714285,0.21367521367521367,0.6685714285714286,0.0,1.6714285714285715,0.5714285714285714,0.5470085470085471,1.044642857142857,33.8895532063522,34.533119178883084,-0.6435659725308867,-119.38544183328882,126.60236781488851,-84.85232265440574,161.1354869937716,-88.658203872235,190.86263784716473,46.89025494852219,-42.58563462437145,0.5414364640883977,0.0,0.7691318391590809,42.0,0.0
AMD,10,2026-01…2026-06,BUY_NOW,16,20,10.0,14,14,0.14285714285714285,0.2222222222222222,0.6428571428571429,0.0,1.6071428571428572,0.5714285714285714,0.5470085470085471,1.044642857142857,33.8895532063522,34.533119178883084,-0.6435659725308867,-119.38544183328882,126.60236781488851,-84.85232265440574,161.1354869937716,-88.658203872235,190.86263784716473,46.89025494852219,-42.58563462437145,0.5414364640883977,0.0,0.7691318391590809,42.0,0.0
AMD,10,2026-01…2026-06,BUY_NOW,16,20,25.0,14,14,0.21428571428571427,0.24786324786324787,0.8645320197044334,0.0,1.7290640394088668,0.5714285714285714,0.5641025641025641,1.0129870129870129,33.8895532063522,34.533119178883084,-0.6435659725308867,-119.38544183328882,126.60236781488851,-84.85232265440574,161.1354869937716,-88.658203872235,190.86263784716473,46.89025494852219,-42.58563462437145,0.5414364640883977,0.0,0.7691318391590809,42.0,0.0
AMD,10,2026-01…2026-06,BUY_NOW,16,20,50.0,14,14,0.21428571428571427,0.3076923076923077,0.6964285714285714,0.0,1.3928571428571428,0.5714285714285714,0.5811965811965812,0.9831932773109242,33.8895532063522,34.533119178883084,-0.6435659725308867,-119.38544183328882,126.60236781488851,-84.85232265440574,161.1354869937716,-88.658203872235,190.86263784716473,46.89025494852219,-42.58563462437145,0.5414364640883977,0.0,0.7691318391590809,42.0,0.0
AMD,10,2026-01…2026-06,WINDOW_CLOSING,16,1,0.0,2,2,0.5,0.5213675213675214,0.9590163934426229,,,0.5,0.5213675213675214,0.9590163934426229,-17.67721384780596,2.7571006006507535,-20.43431444845671,,,,,,,-27.380377150911794,310.05523600521,0.07734806629834254,0.0,0.0,136.0,0.6666666666666666
AMD,10,2026-01…2026-06,WINDOW_CLOSING,16,1,10.0,2,2,0.5,0.5213675213675214,0.9590163934426229,,,0.5,0.5213675213675214,0.9590163934426229,-17.67721384780596,2.7571006006507535,-20.43431444845671,,,,,,,-27.380377150911794,310.05523600521,0.07734806629834254,0.0,0.0,136.0,0.6666666666666666
AMD,10,2026-01…2026-06,WINDOW_CLOSING,16,1,25.0,2,2,0.5,0.5213675213675214,0.9590163934426229,,,0.5,0.5213675213675214,0.9590163934426229,-17.67721384780596,2.7571006006507535,-20.43431444845671,,,,,,,-27.380377150911794,310.05523600521,0.07734806629834254,0.0,0.0,136.0,0.6666666666666666
AMD,10,2026-01…2026-06,WINDOW_CLOSING,16,1,50.0,2,2,0.5,0.5213675213675214,0.9590163934426229,,,0.5,0.5213675213675214,0.9590163934426229,-17.67721384780596,2.7571006006507535,-20.43431444845671,,,,,,,-27.380377150911794,310.05523600521,0.07734806629834254,0.0,0.0,136.0,0.6666666666666666
AMD,10,2026-01…2026-06,WINDOW_CLOSING,16,3,0.0,2,2,1.0,0.5213675213675214,1.9180327868852458,,,1.0,0.5213675213675214,1.9180327868852458,48.80742448650999,5.003102514833937,43.804321971676046,,,,,,,60.70543639856152,310.05523600521,0.07734806629834254,0.0,0.0,136.0,0.6666666666666666
AMD,10,2026-01…2026-06,WINDOW_CLOSING,16,3,10.0,2,2,1.0,0.5213675213675214,1.9180327868852458,,,1.0,0.5213675213675214,1.9180327868852458,48.80742448650999,5.003102514833937,43.804321971676046,,,,,,,60.70543639856152,310.05523600521,0.07734806629834254,0.0,0.0,136.0,0.6666666666666666
AMD,10,2026-01…2026-06,WINDOW_CLOSING,16,3,25.0,2,2,1.0,0.5213675213675214,1.9180327868852458,,,1.0,0.5213675213675214,1.9180327868852458,48.80742448650999,5.003102514833937,43.804321971676046,,,,,,,60.70543639856152,310.05523600521,0.07734806629834254,0.0,0.0,136.0,0.6666666666666666
AMD,10,2026-01…2026-06,WINDOW_CLOSING,16,3,50.0,2,2,1.0,0.5213675213675214,1.9180327868852458,,,1.0,0.5213675213675214,1.9180327868852458,48.80742448650999,5.003102514833937,43.804321971676046,,,,,,,60.70543639856152,310.05523600521,0.07734806629834254,0.0,0.0,136.0,0.6666666666666666
AMD,10,2026-01…2026-06,WINDOW_CLOSING,16,5,0.0,2,2,1.0,0.48717948717948717,2.0526315789473686,,,1.0,0.48717948717948717,2.0526315789473686,132.0170221418615,7.22034353048448,124.79667861137702,,,,,,,110.90524516159661,310.05523600521,0.07734806629834254,0.0,0.0,136.0,0.6666666666666666
AMD,10,2026-01…2026-06,WINDOW_CLOSING,16,5,10.0,2,2,1.0,0.48717948717948717,2.0526315789473686,,,1.0,0.48717948717948717,2.0526315789473686,132.0170221418615,7.22034353048448,124.79667861137702,,,,,,,110.90524516159661,310.05523600521,0.07734806629834254,0.0,0.0,136.0,0.6666666666666666
AMD,10,2026-01…2026-06,WINDOW_CLOSING,16,5,25.0,2,2,1.0,0.48717948717948717,2.0526315789473686,,,1.0,0.48717948717948717,2.0526315789473686,132.0170221418615,7.22034353048448,124.79667861137702,,,,,,,110.90524516159661,310.05523600521,0.07734806629834254,0.0,0.0,136.0,0.6666666666666666
AMD,10,2026-01…2026-06,WINDOW_CLOSING,16,5,50.0,2,2,1.0,0.48717948717948717,2.0526315789473686,,,1.0,0.48717948717948717,2.0526315789473686,132.0170221418615,7.22034353048448,124.79667861137702,,,,,,,110.90524516159661,310.05523600521,0.07734806629834254,0.0,0.0,136.0,0.6666666666666666
AMD,10,2026-01…2026-06,WINDOW_CLOSING,16,10,0.0,2,2,1.0,0.5128205128205128,1.9500000000000002,,,1.0,0.5128205128205128,1.9500000000000002,195.1810840564272,12.74493120450904,182.43615285191817,,,,,,,128.78781222476766,310.05523600521,0.07734806629834254,0.0,0.0,136.0,0.6666666666666666
AMD,10,2026-01…2026-06,WINDOW_CLOSING,16,10,10.0,2,2,1.0,0.5128205128205128,1.9500000000000002,,,1.0,0.5128205128205128,1.9500000000000002,195.1810840564272,12.74493120450904,182.43615285191817,,,,,,,128.78781222476766,310.05523600521,0.07734806629834254,0.0,0.0,136.0,0.6666666666666666
AMD,10,2026-01…2026-06,WINDOW_CLOSING,16,10,25.0,2,2,1.0,0.5128205128205128,1.9500000000000002,,,1.0,0.5128205128205128,1.9500000000000002,195.1810840564272,12.74493120450904,182.43615285191817,,,,,,,128.78781222476766,310.05523600521,0.07734806629834254,0.0,0.0,136.0,0.6666666666666666
AMD,10,2026-01…2026-06,WINDOW_CLOSING,16,10,50.0,2,2,1.0,0.5128205128205128,1.9500000000000002,,,1.0,0.5128205128205128,1.9500000000000002,195.1810840564272,12.74493120450904,182.43615285191817,,,,,,,128.78781222476766,310.05523600521,0.07734806629834254,0.0,0.0,136.0,0.6666666666666666
AMD,10,2026-01…2026-06,WINDOW_CLOSING,16,20,0.0,2,2,1.0,0.5213675213675214,1.9180327868852458,,,1.0,0.5213675213675214,1.9180327868852458,385.9272251022361,34.533119178883084,351.394105923353,,,,,,,262.5983946107491,310.05523600521,0.07734806629834254,0.0,0.0,136.0,0.6666666666666666
AMD,10,2026-01…2026-06,WINDOW_CLOSING,16,20,10.0,2,2,1.0,0.5213675213675214,1.9180327868852458,,,1.0,0.5213675213675214,1.9180327868852458,385.9272251022361,34.533119178883084,351.394105923353,,,,,,,262.5983946107491,310.05523600521,0.07734806629834254,0.0,0.0,136.0,0.6666666666666666
AMD,10,2026-01…2026-06,WINDOW_CLOSING,16,20,25.0,2,2,1.0,0.5213675213675214,1.9180327868852458,,,1.0,0.5213675213675214,1.9180327868852458,385.9272251022361,34.533119178883084,351.394105923353,,,,,,,262.5983946107491,310.05523600521,0.07734806629834254,0.0,0.0,136.0,0.6666666666666666
AMD,10,2026-01…2026-06,WINDOW_CLOSING,16,20,50.0,2,2,1.0,0.5213675213675214,1.9180327868852458,,,1.0,0.5213675213675214,1.9180327868852458,385.9272251022361,34.533119178883084,351.394105923353,,,,,,,262.5983946107491,310.05523600521,0.07734806629834254,0.0,0.0,136.0,0.6666666666666666
KGS,0,2021-01…2021-06,BUY_NOW,20,1,0.0,15,15,0.6,0.4830508474576271,1.2421052631578948,0.6900584795321637,1.656140350877193,0.6,0.4830508474576271,1.2421052631578948,21.826982981729326,-3.240608009594079,25.067590991323407,-8.140207147230246,58.299106517674886,-11.380815156824324,55.05849850808081,-4.966141025148915,44.11108312553598,38.03806721485866,-15.36191647937116,0.580110497237569,0.0,0.6529050549448558,35.0,0.0
KGS,0,2021-01…2021-06,BUY_NOW,20,1,10.0,15,15,0.6666666666666666,0.5423728813559322,1.2291666666666665,0.7375,1.5979166666666667,0.6666666666666666,0.5423728813559322,1.2291666666666665,21.826982981729326,-3.240608009594079,25.067590991323407,-8.140207147230246,58.299106517674886,-11.380815156824324,55.05849850808081,-4.966141025148915,44.11108312553598,38.03806721485866,-15.36191647937116,0.580110497237569,0.0,0.6529050549448558,35.0,0.0
KGS,0,2021-01…2021-06,BUY_NOW,20,1,25.0,15,15,0.7333333333333333,0.6186440677966102,1.1853881278538811,0.7543378995433789,1.5086757990867579,0.7333333333333333,0.6186440677966102,1.1853881278538811,21.826982981729326,-3.240608009594079,25.067590991323407,-8.140207147230246,58.299106517674886,-11.380815156824324,55.05849850808081,-4.966141025148915,44.11108312553598,38.03806721485866,-15.36191647937116,0.580110497237569,0.0,0.6529050549448558,35.0,0.0
KGS,0,2021-01…2021-06,BUY_NOW,20,1,50.0,15,15,0.8666666666666667,0.7711864406779662,1.1238095238095238,0.8644688644688644,1.2967032967032965,0.8666666666666667,0.7711864406779662,1.1238095238095238,21.826982981729326,-3.240608009594079,25.067590991323407,-8.140207147230246,58.299106517674886,-11.380815156824324,55.05849850808081,-4.966141025148915,44.11108312553598,38.03806721485866,-15.36191647937116,0.580110497237569,0.0,0.6529050549448558,35.0,0.0
KGS,0,2021-01…2021-06,BUY_NOW,20,3,0.0,15,15,0.5333333333333333,0.3135593220338983,1.7009009009009008,0.8504504504504504,2.5513513513513515,0.6,0.4661016949152542,1.2872727272727273,11.415899589796311,-5.214512824082478,16.630412413878787,-21.902039258313636,49.17651674572823,-27.11655208239611,43.96200392164575,-21.72370644059729,38.355904563918685,34.76290696874059,-15.36191647937116,0.580110497237569,0.0,0.6529050549448558,35.0,0.0
KGS,0,2021-01…2021-06,BUY_NOW,20,3,10.0,15,15,0.5333333333333333,0.3559322033898305,1.4984126984126984,0.7492063492063492,2.2476190476190476,0.6,0.5254237288135594,1.1419354838709677,11.415899589796311,-5.214512824082478,16.630412413878787,-21.902039258313636,49.17651674572823,-27.11655208239611,43.96200392164575,-21.72370644059729,38.355904563918685,34.76290696874059,-15.36191647937116,0.580110497237569,0.0,0.6529050549448558,35.0,0.0
KGS,0,2021-01…2021-06,BUY_NOW,20,3,25.0,15,15,0.6,0.423728813559322,1.416,0.7866666666666666,1.8880000000000001,0.6666666666666666,0.5847457627118644,1.1400966183574879,11.415899589796311,-5.214512824082478,16.630412413878787,-21.902039258313636,49.17651674572823,-27.11655208239611,43.96200392164575,-21.72370644059729,38.355904563918685,34.76290696874059,-15.36191647937116,0.580110497237569,0.0,0.6529050549448558,35.0,0.0
KGS,0,2021-01…2021-06,BUY_NOW,20,3,50.0,15,15,0.7333333333333333,0.5084745762711864,1.4422222222222223,0.9177777777777778,1.8355555555555556,0.7333333333333333,0.652542372881356,1.1238095238095236,11.415899589796311,-5.214512824082478,16.630412413878787,-21.902039258313636,49.17651674572823,-27.11655208239611,43.96200392164575,-21.72370644059729,38.355904563918685,34.76290696874059,-15.36191647937116,0.580110497237569,0.0,0.6529050549448558,35.0,0.0
KGS,0,2021-01…2021-06,BUY_NOW,20,5,0.0,15,15,0.3333333333333333,0.2288135593220339,1.45679012345679,0.582716049382716,2.6222222222222222,0.5333333333333333,0.4830508474576271,1.104093567251462,0.49275424546069263,-6.366098806701204,6.858853052161896,-40.844713327000264,49.716376299528235,-47.21081213370147,43.35027749282703,-30.65881741011956,19.152055173506117,28.48886025006466,-15.36191647937116,0.580110497237569,0.0,0.6529050549448558,35.0,0.0
KGS,0,2021-01…2021-06,BUY_NOW,20,5,10.0,15,15,0.3333333333333333,0.2711864406779661,1.2291666666666665,0.49166666666666664,2.2125,0.5333333333333333,0.5,1.0666666666666667,0.49275424546069263,-6.366098806701204,6.858853052161896,-40.844713327000264,49.716376299528235,-47.21081213370147,43.35027749282703,-30.65881741011956,19.152055173506117,28.48886025006466,-15.36191647937116,0.580110497237569,0.0,0.6529050549448558,35.0,0.0
KGS,0,2021-01…2021-06,BUY_NOW,20,5,25.0,15,15,0.5333333333333333,0.3559322033898305,1.4984126984126984,0.7492063492063492,2.2476190476190476,0.6666666666666666,0.576271186440678,1.156862745098039,0.49275424546069263,-6.366098806701204,6.858853052161896,-40.844713327000264,49.716376299528235,-47.21081213370147,43.35027749282703,-30.65881741011956,19.152055173506117,28.48886025006466,-15.36191647937116,0.580110497237569,0.0,0.6529050549448558,35.0,0.0
KGS,0,2021-01…2021-06,BUY_NOW,20,5,50.0,15,15,0.5333333333333333,0.4152542372881356,1.2843537414965986,0.6421768707482993,1.926530612244898,0.7333333333333333,0.6694915254237288,1.0953586497890295,0.49275424546069263,-6.366098806701204,6.858853052161896,-40.844713327000264,49.716376299528235,-47.21081213370147,43.35027749282703,-30.65881741011956,19.152055173506117,28.48886025006466,-15.36191647937116,0.580110497237569,0.0,0.6529050549448558,35.0,0.0
KGS,0,2021-01…2021-06,BUY_NOW,20,10,0.0,15,15,0.26666666666666666,0.16101694915254236,1.656140350877193,0.41403508771929826,3.312280701754386,0.4666666666666667,0.4745762711864407,0.9833333333333333,-11.674789209904946,-5.442885996381312,-6.231903213523633,-59.63399053313598,45.136902873434984,-65.07687652951729,39.69401687705367,-34.36126725351728,0.20514439474707433,32.222244086753975,-15.36191647937116,0.580110497237569,0.0,0.6529050549448558,35.0,0.0
KGS,0,2021-01…2021-06,BUY_NOW,20,10,10.0,15,15,0.26666666666666666,0.19491525423728814,1.3681159420289855,0.34202898550724636,2.736231884057971,0.5333333333333333,0.5084745762711864,1.048888888888889,-11.674789209904946,-5.442885996381312,-6.231903213523633,-59.63399053313598,45.136902873434984,-65.07687652951729,39.69401687705367,-34.36126725351728,0.20514439474707433,32.222244086753975,-15.36191647937116,0.580110497237569,0.0,0.6529050549448558,35.0,0.0
KGS,0,2021-01…2021-06,BUY_NOW,20,10,25.0,15,15,0.3333333333333333,0.2627118644067797,1.268817204301075,0.50752688172043,2.2838709677419353,0.5333333333333333,0.576271186440678,0.9254901960784313,-11.674789209904946,-5.442885996381312,-6.231903213523633,-59.63399053313598,45.136902873434984,-65.07687652951729,39.69401687705367,-34.36126725351728,0.20514439474707433,32.222244086753975,-15.36191647937116,0.580110497237569,0.0,0.6529050549448558,35.0,0.0
KGS,0,2021-01…2021-06,BUY_NOW,20,10,50.0,15,15,0.3333333333333333,0.2966101694915254,1.1238095238095238,0.44952380952380955,2.0228571428571427,0.6,0.6186440677966102,0.96986301369863,-11.674789209904946,-5.442885996381312,-6.231903213523633,-59.63399053313598,45.136902873434984,-65.07687652951729,39.69401687705367,-34.36126725351728,0.20514439474707433,32.222244086753975,-15.36191647937116,0.580110497237569,0.0,0.6529050549448558,35.0,0.0
KGS,0,2021-01…2021-06,BUY_NOW,20,20,0.0,15,15,0.13333333333333333,0.11864406779661017,1.1238095238095238,0.0,2.8095238095238093,0.3333333333333333,0.4406779661016949,0.7564102564102564,-16.570758660100275,-8.151508733265231,-8.419249926835043,-69.71837957929542,56.2728467249645,-77.86988831256065,48.12133799169927,-66.45689066037947,31.622417162575523,34.40421410289018,-15.36191647937116,0.580110497237569,0.0,0.6529050549448558,35.0,0.0
KGS,0,2021-01…2021-06,BUY_NOW,20,20,10.0,15,15,0.13333333333333333,0.13559322033898305,0.9833333333333333,0.0,2.458333333333333,0.4,0.4661016949152542,0.8581818181818183,-16.570758660100275,-8.151508733265231,-8.419249926835043,-69.71837957929542,56.2728467249645,-77.86988831256065,48.12133799169927,-66.45689066037947,31.622417162575523,34.40421410289018,-15.36191647937116,0.580110497237569,0.0,0.6529050549448558,35.0,0.0
KGS,0,2021-01…2021-06,BUY_NOW,20,20,25.0,15,15,0.13333333333333333,0.1440677966101695,0.9254901960784313,0.0,2.313725490196078,0.4,0.5,0.8,-16.570758660100275,-8.151508733265231,-8.419249926835043,-69.71837957929542,56.2728467249645,-77.86988831256065,48.12133799169927,-66.45689066037947,31.622417162575523,34.40421410289018,-15.36191647937116,0.580110497237569,0.0,0.6529050549448558,35.0,0.0
KGS,0,2021-01…2021-06,BUY_NOW,20,20,50.0,15,15,0.13333333333333333,0.16101694915254236,0.8280701754385965,0.0,2.0701754385964914,0.6,0.6016949152542372,0.9971830985915493,-16.570758660100275,-8.151508733265231,-8.419249926835043,-69.71837957929542,56.2728467249645,-77.86988831256065,48.12133799169927,-66.45689066037947,31.622417162575523,34.40421410289018,-15.36191647937116,0.580110497237569,0.0,0.6529050549448558,35.0,0.0
KGS,0,2021-01…2021-06,WINDOW_CLOSING,20,1,0.0,5,5,0.8,0.4830508474576271,1.656140350877193,0.8280701754385965,2.0701754385964914,0.8,0.4830508474576271,1.656140350877193,15.836582547060999,-3.240608009594079,19.07719055665508,-25.973947828482448,68.38843878057993,-29.214555838076528,65.14783077098585,-40.276069781877695,54.3070319745612,-12.739414168263073,49.312736689660184,0.19337016574585636,0.0,0.7743624398229918,74.0,0.3333333333333333
KGS,0,2021-01…2021-06,WINDOW_CLOSING,20,1,10.0,5,5,0.8,0.4830508474576271,1.656140350877193,0.8280701754385965,2.0701754385964914,0.8,0.4830508474576271,1.656140350877193,15.836582547060999,-3.240608009594079,19.07719055665508,-25.973947828482448,68.38843878057993,-29.214555838076528,65.14783077098585,-40.276069781877695,54.3070319745612,-12.739414168263073,49.312736689660184,0.19337016574585636,0.0,0.7743624398229918,74.0,0.3333333333333333
KGS,0,2021-01…2021-06,WINDOW_CLOSING,20,1,25.0,5,5,0.8,0.4830508474576271,1.656140350877193,0.8280701754385965,2.0701754385964914,0.8,0.4830508474576271,1.656140350877193,15.836582547060999,-3.240608009594079,19.07719055665508,-25.973947828482448,68.38843878057993,-29.214555838076528,65.14783077098585,-40.276069781877695,54.3070319745612,-12.739414168263073,49.312736689660184,0.19337016574585636,0.0,0.7743624398229918,74.0,0.3333333333333333
KGS,0,2021-01…2021-06,WINDOW_CLOSING,20,1,50.0,5,5,0.8,0.4830508474576271,1.656140350877193,0.8280701754385965,2.0701754385964914,0.8,0.4830508474576271,1.656140350877193,15.836582547060999,-3.240608009594079,19.07719055665508,-25.973947828482448,68.38843878057993,-29.214555838076528,65.14783077098585,-40.276069781877695,54.3070319745612,-12.739414168263073,49.312736689660184,0.19337016574585636,0.0,0.7743624398229918,74.0,0.3333333333333333
KGS,0,2021-01…2021-06,WINDOW_CLOSING,20,3,0.0,5,5,0.6,0.4661016949152542,1.2872727272727273,0.42909090909090913,2.1454545454545455,0.6,0.4661016949152542,1.2872727272727273,3.541778089332314,-5.214512824082478,8.75629091341479,-55.99235103752533,69.05381662868282,-61.20686386160781,63.83930380460034,-82.28636944118128,60.76054310967472,-25.600152044741755,49.312736689660184,0.19337016574585636,0.0,0.7743624398229918,74.0,0.3333333333333333
KGS,0,2021-01…2021-06,WINDOW_CLOSING,20,3,10.0,5,5,0.6,0.4661016949152542,1.2872727272727273,0.42909090909090913,2.1454545454545455,0.6,0.4661016949152542,1.2872727272727273,3.541778089332314,-5.214512824082478,8.75629091341479,-55.99235103752533,69.05381662868282,-61.20686386160781,63.83930380460034,-82.28636944118128,60.76054310967472,-25.600152044741755,49.312736689660184,0.19337016574585636,0.0,0.7743624398229918,74.0,0.3333333333333333
KGS,0,2021-01…2021-06,WINDOW_CLOSING,20,3,25.0,5,5,0.6,0.4661016949152542,1.2872727272727273,0.42909090909090913,2.1454545454545455,0.6,0.4661016949152542,1.2872727272727273,3.541778089332314,-5.214512824082478,8.75629091341479,-55.99235103752533,69.05381662868282,-61.20686386160781,63.83930380460034,-82.28636944118128,60.76054310967472,-25.600152044741755,49.312736689660184,0.19337016574585636,0.0,0.7743624398229918,74.0,0.3333333333333333
KGS,0,2021-01…2021-06,WINDOW_CLOSING,20,3,50.0,5,5,0.6,0.4661016949152542,1.2872727272727273,0.42909090909090913,2.1454545454545455,0.6,0.4661016949152542,1.2872727272727273,3.541778089332314,-5.214512824082478,8.75629091341479,-55.99235103752533,69.05381662868282,-61.20686386160781,63.83930380460034,-82.28636944118128,60.76054310967472,-25.600152044741755,49.312736689660184,0.19337016574585636,0.0,0.7743624398229918,74.0,0.3333333333333333
KGS,0,2021-01…2021-06,WINDOW_CLOSING,20,5,0.0,5,5,0.6,0.4322033898305085,1.388235294117647,0.4627450980392157,2.313725490196078,0.6,0.4322033898305085,1.388235294117647,6.814924797250211,-6.366098806701204,13.181023603951415,-51.4540617905596,84.23301655679799,-57.8201605972608,77.86691775009679,-80.96193497968446,77.17442577875798,-27.926542357739276,49.312736689660184,0.19337016574585636,0.0,0.7743624398229918,74.0,0.3333333333333333
KGS,0,2021-01…2021-06,WINDOW_CLOSING,20,5,10.0,5,5,0.6,0.4322033898305085,1.388235294117647,0.4627450980392157,2.313725490196078,0.6,0.4322033898305085,1.388235294117647,6.814924797250211,-6.366098806701204,13.181023603951415,-51.4540617905596,84.23301655679799,-57.8201605972608,77.86691775009679,-80.96193497968446,77.17442577875798,-27.926542357739276,49.312736689660184,0.19337016574585636,0.0,0.7743624398229918,74.0,0.3333333333333333
KGS,0,2021-01…2021-06,WINDOW_CLOSING,20,5,25.0,5,5,0.6,0.4322033898305085,1.388235294117647,0.4627450980392157,2.313725490196078,0.6,0.4322033898305085,1.388235294117647,6.814924797250211,-6.366098806701204,13.181023603951415,-51.4540617905596,84.23301655679799,-57.8201605972608,77.86691775009679,-80.96193497968446,77.17442577875798,-27.926542357739276,49.312736689660184,0.19337016574585636,0.0,0.7743624398229918,74.0,0.3333333333333333
KGS,0,2021-01…2021-06,WINDOW_CLOSING,20,5,50.0,5,5,0.6,0.4322033898305085,1.388235294117647,0.4627450980392157,2.313725490196078,0.6,0.4322033898305085,1.388235294117647,6.814924797250211,-6.366098806701204,13.181023603951415,-51.4540617905596,84.23301655679799,-57.8201605972608,77.86691775009679,-80.96193497968446,77.17442577875798,-27.926542357739276,49.312736689660184,0.19337016574585636,0.0,0.7743624398229918,74.0,0.3333333333333333
KGS,0,2021-01…2021-06,WINDOW_CLOSING,20,10,0.0,5,5,0.6,0.4576271186440678,1.3111111111111111,0.43703703703703706,2.185185185185185,0.6,0.4576271186440678,1.3111111111111111,34.278577650569176,-5.442885996381312,39.72146364695049,-34.88579721618713,114.32872451008812,-40.32868321256844,108.88583851370682,-71.23890365162146,104.62356518536295,-24.68739825842792,49.312736689660184,0.19337016574585636,0.0,0.7743624398229918,74.0,0.3333333333333333
KGS,0,2021-01…2021-06,WINDOW_CLOSING,20,10,10.0,5,5,0.6,0.4576271186440678,1.3111111111111111,0.43703703703703706,2.185185185185185,0.6,0.4576271186440678,1.3111111111111111,34.278577650569176,-5.442885996381312,39.72146364695049,-34.88579721618713,114.32872451008812,-40.32868321256844,108.88583851370682,-71.23890365162146,104.62356518536295,-24.68739825842792,49.312736689660184,0.19337016574585636,0.0,0.7743624398229918,74.0,0.3333333333333333
KGS,0,2021-01…2021-06,WINDOW_CLOSING,20,10,25.0,5,5,0.6,0.4576271186440678,1.3111111111111111,0.43703703703703706,2.185185185185185,0.6,0.4576271186440678,1.3111111111111111,34.278577650569176,-5.442885996381312,39.72146364695049,-34.88579721618713,114.32872451008812,-40.32868321256844,108.88583851370682,-71.23890365162146,104.62356518536295,-24.68739825842792,49.312736689660184,0.19337016574585636,0.0,0.7743624398229918,74.0,0.3333333333333333
KGS,0,2021-01…2021-06,WINDOW_CLOSING,20,10,50.0,5,5,0.6,0.4576271186440678,1.3111111111111111,0.43703703703703706,2.185185185185185,0.6,0.4576271186440678,1.3111111111111111,34.278577650569176,-5.442885996381312,39.72146364695049,-34.88579721618713,114.32872451008812,-40.32868321256844,108.88583851370682,-71.23890365162146,104.62356518536295,-24.68739825842792,49.312736689660184,0.19337016574585636,0.0,0.7743624398229918,74.0,0.3333333333333333
KGS,0,2021-01…2021-06,WINDOW_CLOSING,20,20,0.0,5,5,0.4,0.4152542372881356,0.963265306122449,0.0,1.926530612244898,0.4,0.4152542372881356,0.963265306122449,25.66297132126572,-8.151508733265231,33.81448005453095,-72.52519701860545,109.2031881531376,-80.67670575187068,101.05167941987237,-120.85413440257543,96.72188564116891,-31.637858574014917,49.312736689660184,0.19337016574585636,0.0,0.7743624398229918,74.0,0.3333333333333333
KGS,0,2021-01…2021-06,WINDOW_CLOSING,20,20,10.0,5,5,0.4,0.4152542372881356,0.963265306122449,0.0,1.926530612244898,0.4,0.4152542372881356,0.963265306122449,25.66297132126572,-8.151508733265231,33.81448005453095,-72.52519701860545,109.2031881531376,-80.67670575187068,101.05167941987237,-120.85413440257543,96.72188564116891,-31.637858574014917,49.312736689660184,0.19337016574585636,0.0,0.7743624398229918,74.0,0.3333333333333333
KGS,0,2021-01…2021-06,WINDOW_CLOSING,20,20,25.0,5,5,0.4,0.4152542372881356,0.963265306122449,0.0,1.926530612244898,0.4,0.4152542372881356,0.963265306122449,25.66297132126572,-8.151508733265231,33.81448005453095,-72.52519701860545,109.2031881531376,-80.67670575187068,101.05167941987237,-120.85413440257543,96.72188564116891,-31.637858574014917,49.312736689660184,0.19337016574585636,0.0,0.7743624398229918,74.0,0.3333333333333333
KGS,0,2021-01…2021-06,WINDOW_CLOSING,20,20,50.0,5,5,0.4,0.4152542372881356,0.963265306122449,0.0,1.926530612244898,0.4,0.4152542372881356,0.963265306122449,25.66297132126572,-8.151508733265231,33.81448005453095,-72.52519701860545,109.2031881531376,-80.67670575187068,101.05167941987237,-120.85413440257543,96.72188564116891,-31.637858574014917,49.312736689660184,0.19337016574585636,0.0,0.7743624398229918,74.0,0.3333333333333333
KGS,1,2021-07…2021-12,WINDOW_CLOSING,17,1,0.0,6,6,0.3333333333333333,0.4806201550387597,0.6935483870967741,0.0,1.3870967741935483,0.3333333333333333,0.4806201550387597,0.6935483870967741,3.507856286789623,2.3854437033423466,1.1224125834472765,-34.40867471927253,42.68502221770441,-32.023231015930186,45.070465921046754,-23.84975193130782,57.32249264056577,-10.914530638837144,11.352486861638075,0.2282608695652174,0.0,0.888751493384354,73.0,0.3333333333333333
KGS,1,2021-07…2021-12,WINDOW_CLOSING,17,1,10.0,6,6,0.3333333333333333,0.4806201550387597,0.6935483870967741,0.0,1.3870967741935483,0.3333333333333333,0.4806201550387597,0.6935483870967741,3.507856286789623,2.3854437033423466,1.1224125834472765,-34.40867471927253,42.68502221770441,-32.023231015930186,45.070465921046754,-23.84975193130782,57.32249264056577,-10.914530638837144,11.352486861638075,0.2282608695652174,0.0,0.888751493384354,73.0,0.3333333333333333
KGS,1,2021-07…2021-12,WINDOW_CLOSING,17,1,25.0,6,6,0.3333333333333333,0.4806201550387597,0.6935483870967741,0.0,1.3870967741935483,0.3333333333333333,0.4806201550387597,0.6935483870967741,3.507856286789623,2.3854437033423466,1.1224125834472765,-34.40867471927253,42.68502221770441,-32.023231015930186,45.070465921046754,-23.84975193130782,57.32249264056577,-10.914530638837144,11.352486861638075,0.2282608695652174,0.0,0.888751493384354,73.0,0.3333333333333333
KGS,1,2021-07…2021-12,WINDOW_CLOSING,17,1,50.0,6,6,0.3333333333333333,0.4806201550387597,0.6935483870967741,0.0,1.3870967741935483,0.3333333333333333,0.4806201550387597,0.6935483870967741,3.507856286789623,2.3854437033423466,1.1224125834472765,-34.40867471927253,42.68502221770441,-32.023231015930186,45.070465921046754,-23.84975193130782,57.32249264056577,-10.914530638837144,11.352486861638075,0.2282608695652174,0.0,0.888751493384354,73.0,0.3333333333333333
KGS,1,2021-07…2021-12,WINDOW_CLOSING,17,3,0.0,6,6,0.3333333333333333,0.49612403100775193,0.671875,0.0,1.34375,0.3333333333333333,0.49612403100775193,0.671875,3.2593958283512925,3.7859852501678506,-0.5265894218165581,-52.43626141292319,81.91287962971707,-48.65027616275534,85.69886487988492,-51.17917247057827,115.21437353514918,-21.408200736531455,11.352486861638075,0.2282608695652174,0.0,0.888751493384354,73.0,0.3333333333333333
KGS,1,2021-07…2021-12,WINDOW_CLOSING,17,3,10.0,6,6,0.3333333333333333,0.49612403100775193,0.671875,0.0,1.34375,0.3333333333333333,0.49612403100775193,0.671875,3.2593958283512925,3.7859852501678506,-0.5265894218165581,-52.43626141292319,81.91287962971707,-48.65027616275534,85.69886487988492,-51.17917247057827,115.21437353514918,-21.408200736531455,11.352486861638075,0.2282608695652174,0.0,0.888751493384354,73.0,0.3333333333333333
KGS,1,2021-07…2021-12,WINDOW_CLOSING,17,3,25.0,6,6,0.3333333333333333,0.49612403100775193,0.671875,0.0,1.34375,0.3333333333333333,0.49612403100775193,0.671875,3.2593958283512925,3.7859852501678506,-0.5265894218165581,-52.43626141292319,81.91287962971707,-48.65027616275534,85.69886487988492,-51.17917247057827,115.21437353514918,-21.408200736531455,11.352486861638075,0.2282608695652174,0.0,0.888751493384354,73.0,0.3333333333333333
KGS,1,2021-07…2021-12,WINDOW_CLOSING,17,3,50.0,6,6,0.3333333333333333,0.49612403100775193,0.671875,0.0,1.34375,0.3333333333333333,0.49612403100775193,0.671875,3.2593958283512925,3.7859852501678506,-0.5265894218165581,-52.43626141292319,81.91287962971707,-48.65027616275534,85.69886487988492,-51.17917247057827,115.21437353514918,-21.408200736531455,11.352486861638075,0.2282608695652174,0.0,0.888751493384354,73.0,0.3333333333333333
KGS,1,2021-07…2021-12,WINDOW_CLOSING,17,5,0.0,6,6,0.3333333333333333,0.4418604651162791,0.7543859649122806,0.0,1.5087719298245612,0.3333333333333333,0.4418604651162791,0.7543859649122806,9.80250831939866,5.325231201518606,4.477277117880054,-74.02095093747891,108.87491486080829,-68.69571973596031,114.2001460623269,-75.38290919464673,156.63321604632353,-23.00668396998495,11.352486861638075,0.2282608695652174,0.0,0.888751493384354,73.0,0.3333333333333333
KGS,1,2021-07…2021-12,WINDOW_CLOSING,17,5,10.0,6,6,0.3333333333333333,0.4418604651162791,0.7543859649122806,0.0,1.5087719298245612,0.3333333333333333,0.4418604651162791,0.7543859649122806,9.80250831939866,5.325231201518606,4.477277117880054,-74.02095093747891,108.87491486080829,-68.69571973596031,114.2001460623269,-75.38290919464673,156.63321604632353,-23.00668396998495,11.352486861638075,0.2282608695652174,0.0,0.888751493384354,73.0,0.3333333333333333
KGS,1,2021-07…2021-12,WINDOW_CLOSING,17,5,25.0,6,6,0.3333333333333333,0.4418604651162791,0.7543859649122806,0.0,1.5087719298245612,0.3333333333333333,0.4418604651162791,0.7543859649122806,9.80250831939866,5.325231201518606,4.477277117880054,-74.02095093747891,108.87491486080829,-68.69571973596031,114.2001460623269,-75.38290919464673,156.63321604632353,-23.00668396998495,11.352486861638075,0.2282608695652174,0.0,0.888751493384354,73.0,0.3333333333333333
KGS,1,2021-07…2021-12,WINDOW_CLOSING,17,5,50.0,6,6,0.3333333333333333,0.4418604651162791,0.7543859649122806,0.0,1.5087719298245612,0.3333333333333333,0.4418604651162791,0.7543859649122806,9.80250831939866,5.325231201518606,4.477277117880054,-74.02095093747891,108.87491486080829,-68.69571973596031,114.2001460623269,-75.38290919464673,156.63321604632353,-23.00668396998495,11.352486861638075,0.2282608695652174,0.0,0.888751493384354,73.0,0.3333333333333333
KGS,1,2021-07…2021-12,WINDOW_CLOSING,17,10,0.0,6,6,0.3333333333333333,0.4573643410852713,0.7288135593220338,0.0,1.4576271186440677,0.3333333333333333,0.4573643410852713,0.7288135593220338,-9.838257810635403,9.825333178344458,-19.663590988979863,-111.80514537859571,93.48685509543475,-101.97981220025126,103.3121882737792,-113.41055902681121,149.43808880371034,-38.1223220361752,11.352486861638075,0.2282608695652174,0.0,0.888751493384354,73.0,0.3333333333333333
KGS,1,2021-07…2021-12,WINDOW_CLOSING,17,10,10.0,6,6,0.3333333333333333,0.4573643410852713,0.7288135593220338,0.0,1.4576271186440677,0.3333333333333333,0.4573643410852713,0.7288135593220338,-9.838257810635403,9.825333178344458,-19.663590988979863,-111.80514537859571,93.48685509543475,-101.97981220025126,103.3121882737792,-113.41055902681121,149.43808880371034,-38.1223220361752,11.352486861638075,0.2282608695652174,0.0,0.888751493384354,73.0,0.3333333333333333
KGS,1,2021-07…2021-12,WINDOW_CLOSING,17,10,25.0,6,6,0.3333333333333333,0.4573643410852713,0.7288135593220338,0.0,1.4576271186440677,0.3333333333333333,0.4573643410852713,0.7288135593220338,-9.838257810635403,9.825333178344458,-19.663590988979863,-111.80514537859571,93.48685509543475,-101.97981220025126,103.3121882737792,-113.41055902681121,149.43808880371034,-38.1223220361752,11.352486861638075,0.2282608695652174,0.0,0.888751493384354,73.0,0.3333333333333333
KGS,1,2021-07…2021-12,WINDOW_CLOSING,17,10,50.0,6,6,0.3333333333333333,0.4573643410852713,0.7288135593220338,0.0,1.4576271186440677,0.3333333333333333,0.4573643410852713,0.7288135593220338,-9.838257810635403,9.825333178344458,-19.663590988979863,-111.80514537859571,93.48685509543475,-101.97981220025126,103.3121882737792,-113.41055902681121,149.43808880371034,-38.1223220361752,11.352486861638075,0.2282608695652174,0.0,0.888751493384354,73.0,0.3333333333333333
KGS,1,2021-07…2021-12,WINDOW_CLOSING,17,20,0.0,6,6,0.16666666666666666,0.43410852713178294,0.3839285714285714,0.0,1.1517857142857144,0.16666666666666666,0.43410852713178294,0.3839285714285714,-55.60730180055854,25.66914672872073,-81.27644852927926,-183.48961563633122,39.259001585333664,-157.8204689076105,64.9281483140544,-165.420667250857,101.99094369820084,-65.69502442525724,11.352486861638075,0.2282608695652174,0.0,0.888751493384354,73.0,0.3333333333333333
KGS,1,2021-07…2021-12,WINDOW_CLOSING,17,20,10.0,6,6,0.16666666666666666,0.43410852713178294,0.3839285714285714,0.0,1.1517857142857144,0.16666666666666666,0.43410852713178294,0.3839285714285714,-55.60730180055854,25.66914672872073,-81.27644852927926,-183.48961563633122,39.259001585333664,-157.8204689076105,64.9281483140544,-165.420667250857,101.99094369820084,-65.69502442525724,11.352486861638075,0.2282608695652174,0.0,0.888751493384354,73.0,0.3333333333333333
KGS,1,2021-07…2021-12,WINDOW_CLOSING,17,20,25.0,6,6,0.16666666666666666,0.43410852713178294,0.3839285714285714,0.0,1.1517857142857144,0.16666666666666666,0.43410852713178294,0.3839285714285714,-55.60730180055854,25.66914672872073,-81.27644852927926,-183.48961563633122,39.259001585333664,-157.8204689076105,64.9281483140544,-165.420667250857,101.99094369820084,-65.69502442525724,11.352486861638075,0.2282608695652174,0.0,0.888751493384354,73.0,0.3333333333333333
KGS,1,2021-07…2021-12,WINDOW_CLOSING,17,20,50.0,6,6,0.16666666666666666,0.43410852713178294,0.3839285714285714,0.0,1.1517857142857144,0.16666666666666666,0.43410852713178294,0.3839285714285714,-55.60730180055854,25.66914672872073,-81.27644852927926,-183.48961563633122,39.259001585333664,-157.8204689076105,64.9281483140544,-165.420667250857,101.99094369820084,-65.69502442525724,11.352486861638075,0.2282608695652174,0.0,0.888751493384354,73.0,0.3333333333333333
KGS,1,2021-07…2021-12,BUY_NOW,17,1,0.0,11,11,0.45454545454545453,0.4806201550387597,0.9457478005865102,0.3782991202346041,1.5131964809384164,0.45454545454545453,0.4806201550387597,0.9457478005865102,2.5933319400291266,2.3854437033423466,0.20788823668678003,-28.580209250484483,27.095637307128186,-26.194765547142136,29.481081010470533,-14.0156417250617,24.281523974515682,24.15928179390877,33.360882774317744,0.41847826086956524,0.0,0.5584395693188206,28.0,0.0
KGS,1,2021-07…2021-12,BUY_NOW,17,1,10.0,11,11,0.45454545454545453,0.5581395348837209,0.8143939393939393,0.32575757575757575,1.303030303030303,0.45454545454545453,0.5581395348837209,0.8143939393939393,2.5933319400291266,2.3854437033423466,0.20788823668678003,-28.580209250484483,27.095637307128186,-26.194765547142136,29.481081010470533,-14.0156417250617,24.281523974515682,24.15928179390877,33.360882774317744,0.41847826086956524,0.0,0.5584395693188206,28.0,0.0
KGS,1,2021-07…2021-12,BUY_NOW,17,1,25.0,11,11,0.8181818181818182,0.689922480620155,1.1859039836567926,0.790602655771195,1.449438202247191,0.8181818181818182,0.689922480620155,1.1859039836567926,2.5933319400291266,2.3854437033423466,0.20788823668678003,-28.580209250484483,27.095637307128186,-26.194765547142136,29.481081010470533,-14.0156417250617,24.281523974515682,24.15928179390877,33.360882774317744,0.41847826086956524,0.0,0.5584395693188206,28.0,0.0
KGS,1,2021-07…2021-12,BUY_NOW,17,1,50.0,11,11,0.8181818181818182,0.8527131782945736,0.9595041322314051,0.6396694214876033,1.1727272727272728,0.8181818181818182,0.8527131782945736,0.9595041322314051,2.5933319400291266,2.3854437033423466,0.20788823668678003,-28.580209250484483,27.095637307128186,-26.194765547142136,29.481081010470533,-14.0156417250617,24.281523974515682,24.15928179390877,33.360882774317744,0.41847826086956524,0.0,0.5584395693188206,28.0,0.0
KGS,1,2021-07…2021-12,BUY_NOW,17,3,0.0,11,11,0.18181818181818182,0.34108527131782945,0.5330578512396694,0.0,1.3326446280991735,0.36363636363636365,0.4806201550387597,0.7565982404692082,5.323162143614602,3.7859852501678506,1.5371768934467513,-36.435353578327486,42.04841935981105,-32.64936832815964,45.8344046099789,-31.90248329213357,51.26740235049247,31.75490793280974,33.360882774317744,0.41847826086956524,0.0,0.5584395693188206,28.0,0.0
KGS,1,2021-07…2021-12,BUY_NOW,17,3,10.0,11,11,0.2727272727272727,0.3875968992248062,0.7036363636363635,0.0,1.407272727272727,0.5454545454545454,0.5348837209302325,1.0197628458498025,5.323162143614602,3.7859852501678506,1.5371768934467513,-36.435353578327486,42.04841935981105,-32.64936832815964,45.8344046099789,-31.90248329213357,51.26740235049247,31.75490793280974,33.360882774317744,0.41847826086956524,0.0,0.5584395693188206,28.0,0.0
KGS,1,2021-07…2021-12,BUY_NOW,17,3,25.0,11,11,0.45454545454545453,0.4496124031007752,1.0109717868338557,0.4043887147335423,1.6175548589341693,0.6363636363636364,0.6434108527131783,0.9890470974808323,5.323162143614602,3.7859852501678506,1.5371768934467513,-36.435353578327486,42.04841935981105,-32.64936832815964,45.8344046099789,-31.90248329213357,51.26740235049247,31.75490793280974,33.360882774317744,0.41847826086956524,0.0,0.5584395693188206,28.0,0.0
KGS,1,2021-07…2021-12,BUY_NOW,17,3,50.0,11,11,0.7272727272727273,0.627906976744186,1.1582491582491583,0.7239057239057238,1.5925925925925926,0.9090909090909091,0.7751937984496124,1.1727272727272726,5.323162143614602,3.7859852501678506,1.5371768934467513,-36.435353578327486,42.04841935981105,-32.64936832815964,45.8344046099789,-31.90248329213357,51.26740235049247,31.75490793280974,33.360882774317744,0.41847826086956524,0.0,0.5584395693188206,28.0,0.0
KGS,1,2021-07…2021-12,BUY_NOW,17,5,0.0,11,11,0.18181818181818182,0.2558139534883721,0.7107438016528925,0.0,1.7768595041322313,0.45454545454545453,0.4728682170542636,0.9612518628912071,13.431370692223792,5.325231201518606,8.106139490705186,-38.96236667402198,57.16735403775492,-33.637135472503374,62.492585239273524,-35.22265139815579,72.14298000002661,36.44011888786451,33.360882774317744,0.41847826086956524,0.0,0.5584395693188206,28.0,0.0
KGS,1,2021-07…2021-12,BUY_NOW,17,5,10.0,11,11,0.18181818181818182,0.27906976744186046,0.6515151515151515,0.0,1.6287878787878787,0.5454545454545454,0.5581395348837209,0.9772727272727272,13.431370692223792,5.325231201518606,8.106139490705186,-38.96236667402198,57.16735403775492,-33.637135472503374,62.492585239273524,-35.22265139815579,72.14298000002661,36.44011888786451,33.360882774317744,0.41847826086956524,0.0,0.5584395693188206,28.0,0.0
KGS,1,2021-07…2021-12,BUY_NOW,17,5,25.0,11,11,0.36363636363636365,0.3333333333333333,1.090909090909091,0.27272727272727276,1.9090909090909092,0.7272727272727273,0.6046511627906976,1.202797202797203,13.431370692223792,5.325231201518606,8.106139490705186,-38.96236667402198,57.16735403775492,-33.637135472503374,62.492585239273524,-35.22265139815579,72.14298000002661,36.44011888786451,33.360882774317744,0.41847826086956524,0.0,0.5584395693188206,28.0,0.0
KGS,1,2021-07…2021-12,BUY_NOW,17,5,50.0,11,11,0.6363636363636364,0.4728682170542636,1.34575260804769,0.7690014903129657,1.9225037257824142,0.9090909090909091,0.7364341085271318,1.2344497607655502,13.431370692223792,5.325231201518606,8.106139490705186,-38.96236667402198,57.16735403775492,-33.637135472503374,62.492585239273524,-35.22265139815579,72.14298000002661,36.44011888786451,33.360882774317744,0.41847826086956524,0.0,0.5584395693188206,28.0,0.0
KGS,1,2021-07…2021-12,BUY_NOW,17,10,0.0,11,11,0.18181818181818182,0.18604651162790697,0.9772727272727273,0.0,2.4431818181818183,0.5454545454545454,0.4573643410852713,1.192604006163328,34.40050941403538,9.825333178344458,24.575176235690925,-43.74637241902154,96.30143905112612,-33.92103924067708,106.12677222947057,-31.480140265471977,123.37121816829985,41.73848166554599,33.360882774317744,0.41847826086956524,0.0,0.5584395693188206,28.0,0.0
KGS,1,2021-07…2021-12,BUY_NOW,17,10,10.0,11,11,0.18181818181818182,0.21705426356589147,0.8376623376623377,0.0,2.094155844155844,0.5454545454545454,0.5116279069767442,1.0661157024793386,34.40050941403538,9.825333178344458,24.575176235690925,-43.74637241902154,96.30143905112612,-33.92103924067708,106.12677222947057,-31.480140265471977,123.37121816829985,41.73848166554599,33.360882774317744,0.41847826086956524,0.0,0.5584395693188206,28.0,0.0
KGS,1,2021-07…2021-12,BUY_NOW,17,10,25.0,11,11,0.2727272727272727,0.24806201550387597,1.0994318181818181,0.0,2.1988636363636362,0.5454545454545454,0.5658914728682171,0.9638854296388543,34.40050941403538,9.825333178344458,24.575176235690925,-43.74637241902154,96.30143905112612,-33.92103924067708,106.12677222947057,-31.480140265471977,123.37121816829985,41.73848166554599,33.360882774317744,0.41847826086956524,0.0,0.5584395693188206,28.0,0.0
KGS,1,2021-07…2021-12,BUY_NOW,17,10,50.0,11,11,0.45454545454545453,0.3643410852713178,1.2475822050290135,0.49903288201160545,1.9961315280464218,0.8181818181818182,0.6666666666666666,1.2272727272727275,34.40050941403538,9.825333178344458,24.575176235690925,-43.74637241902154,96.30143905112612,-33.92103924067708,106.12677222947057,-31.480140265471977,123.37121816829985,41.73848166554599,33.360882774317744,0.41847826086956524,0.0,0.5584395693188206,28.0,0.0
KGS,1,2021-07…2021-12,BUY_NOW,17,20,0.0,11,11,0.18181818181818182,0.13178294573643412,1.3796791443850267,0.0,3.4491978609625664,0.45454545454545453,0.4573643410852713,0.9938366718027735,85.00220010580544,25.66914672872073,59.33305337708471,-53.861735210575155,172.62698042485033,-28.192588481854425,198.29612715357106,-25.731882417502852,226.1789272976249,68.79830922344424,33.360882774317744,0.41847826086956524,0.0,0.5584395693188206,28.0,0.0
KGS,1,2021-07…2021-12,BUY_NOW,17,20,10.0,11,11,0.18181818181818182,0.15503875968992248,1.1727272727272728,0.0,2.9318181818181817,0.5454545454545454,0.5116279069767442,1.0661157024793386,85.00220010580544,25.66914672872073,59.33305337708471,-53.861735210575155,172.62698042485033,-28.192588481854425,198.29612715357106,-25.731882417502852,226.1789272976249,68.79830922344424,33.360882774317744,0.41847826086956524,0.0,0.5584395693188206,28.0,0.0
KGS,1,2021-07…2021-12,BUY_NOW,17,20,25.0,11,11,0.2727272727272727,0.16279069767441862,1.675324675324675,0.0,3.35064935064935,0.5454545454545454,0.5348837209302325,1.0197628458498025,85.00220010580544,25.66914672872073,59.33305337708471,-53.861735210575155,172.62698042485033,-28.192588481854425,198.29612715357106,-25.731882417502852,226.1789272976249,68.79830922344424,33.360882774317744,0.41847826086956524,0.0,0.5584395693188206,28.0,0.0
KGS,1,2021-07…2021-12,BUY_NOW,17,20,50.0,11,11,0.36363636363636365,0.23255813953488372,1.5636363636363637,0.39090909090909093,2.7363636363636363,0.6363636363636364,0.6201550387596899,1.0261363636363636,85.00220010580544,25.66914672872073,59.33305337708471,-53.861735210575155,172.62698042485033,-28.192588481854425,198.29612715357106,-25.731882417502852,226.1789272976249,68.79830922344424,33.360882774317744,0.41847826086956524,0.0,0.5584395693188206,28.0,0.0
KGS,2,2022-01…2022-06,BUY_NOW,13,1,0.0,11,11,0.18181818181818182,0.42735042735042733,0.4254545454545455,0.0,1.0636363636363637,0.18181818181818182,0.42735042735042733,0.4254545454545455,-73.77589475286509,-16.86028353562292,-56.915611217242166,-223.92620143245705,188.683567053488,-240.78648496807998,171.82328351786506,-192.49743708878515,153.60930459767195,92.09769047553755,218.94959658013397,0.42541436464088395,0.0,0.8274748952127875,49.0,0.16666666666666666
KGS,2,2022-01…2022-06,BUY_NOW,13,1,10.0,11,11,0.18181818181818182,0.4444444444444444,0.4090909090909091,0.0,1.0227272727272727,0.18181818181818182,0.4444444444444444,0.4090909090909091,-73.77589475286509,-16.86028353562292,-56.915611217242166,-223.92620143245705,188.683567053488,-240.78648496807998,171.82328351786506,-192.49743708878515,153.60930459767195,92.09769047553755,218.94959658013397,0.42541436464088395,0.0,0.8274748952127875,49.0,0.16666666666666666
KGS,2,2022-01…2022-06,BUY_NOW,13,1,25.0,11,11,0.18181818181818182,0.46153846153846156,0.3939393939393939,0.0,0.9848484848484848,0.18181818181818182,0.46153846153846156,0.3939393939393939,-73.77589475286509,-16.86028353562292,-56.915611217242166,-223.92620143245705,188.683567053488,-240.78648496807998,171.82328351786506,-192.49743708878515,153.60930459767195,92.09769047553755,218.94959658013397,0.42541436464088395,0.0,0.8274748952127875,49.0,0.16666666666666666
KGS,2,2022-01…2022-06,BUY_NOW,13,1,50.0,11,11,0.2727272727272727,0.5213675213675214,0.5230998509687034,0.0,1.0461997019374067,0.2727272727272727,0.5213675213675214,0.5230998509687034,-73.77589475286509,-16.86028353562292,-56.915611217242166,-223.92620143245705,188.683567053488,-240.78648496807998,171.82328351786506,-192.49743708878515,153.60930459767195,92.09769047553755,218.94959658013397,0.42541436464088395,0.0,0.8274748952127875,49.0,0.16666666666666666
KGS,2,2022-01…2022-06,BUY_NOW,13,3,0.0,11,11,0.18181818181818182,0.28205128205128205,0.6446280991735538,0.0,1.6115702479338843,0.36363636363636365,0.41025641025641024,0.8863636363636365,55.19896508915501,-28.675637804257608,83.87460289341261,-117.91115989315034,352.2431586467733,-146.58679769740795,323.56752084251565,-134.5581481110025,321.48733544030944,219.51373514748195,218.94959658013397,0.42541436464088395,0.0,0.8274748952127875,49.0,0.16666666666666666
KGS,2,2022-01…2022-06,BUY_NOW,13,3,10.0,11,11,0.18181818181818182,0.28205128205128205,0.6446280991735538,0.0,1.6115702479338843,0.36363636363636365,0.42735042735042733,0.850909090909091,55.19896508915501,-28.675637804257608,83.87460289341261,-117.91115989315034,352.2431586467733,-146.58679769740795,323.56752084251565,-134.5581481110025,321.48733544030944,219.51373514748195,218.94959658013397,0.42541436464088395,0.0,0.8274748952127875,49.0,0.16666666666666666
KGS,2,2022-01…2022-06,BUY_NOW,13,3,25.0,11,11,0.18181818181818182,0.2905982905982906,0.6256684491978609,0.0,1.5641711229946522,0.36363636363636365,0.4358974358974359,0.8342245989304813,55.19896508915501,-28.675637804257608,83.87460289341261,-117.91115989315034,352.2431586467733,-146.58679769740795,323.56752084251565,-134.5581481110025,321.48733544030944,219.51373514748195,218.94959658013397,0.42541436464088395,0.0,0.8274748952127875,49.0,0.16666666666666666
KGS,2,2022-01…2022-06,BUY_NOW,13,3,50.0,11,11,0.18181818181818182,0.3076923076923077,0.5909090909090909,0.0,1.477272727272727,0.36363636363636365,0.47863247863247865,0.7597402597402597,55.19896508915501,-28.675637804257608,83.87460289341261,-117.91115989315034,352.2431586467733,-146.58679769740795,323.56752084251565,-134.5581481110025,321.48733544030944,219.51373514748195,218.94959658013397,0.42541436464088395,0.0,0.8274748952127875,49.0,0.16666666666666666
KGS,2,2022-01…2022-06,BUY_NOW,13,5,0.0,11,11,0.09090909090909091,0.20512820512820512,0.44318181818181823,0.0,1.3295454545454546,0.45454545454545453,0.4017094017094017,1.1315280464216633,113.68740003126081,-35.27877077349024,148.96617080475104,-93.28229140107152,428.9664215651369,-128.56106217456176,393.68765079164666,-88.9304690655926,396.40880498523546,294.90555285702425,218.94959658013397,0.42541436464088395,0.0,0.8274748952127875,49.0,0.16666666666666666
KGS,2,2022-01…2022-06,BUY_NOW,13,5,10.0,11,11,0.09090909090909091,0.21367521367521367,0.4254545454545455,0.0,1.2763636363636364,0.45454545454545453,0.4017094017094017,1.1315280464216633,113.68740003126081,-35.27877077349024,148.96617080475104,-93.28229140107152,428.9664215651369,-128.56106217456176,393.68765079164666,-88.9304690655926,396.40880498523546,294.90555285702425,218.94959658013397,0.42541436464088395,0.0,0.8274748952127875,49.0,0.16666666666666666
KGS,2,2022-01…2022-06,BUY_NOW,13,5,25.0,11,11,0.09090909090909091,0.2222222222222222,0.4090909090909091,0.0,1.2272727272727273,0.45454545454545453,0.4017094017094017,1.1315280464216633,113.68740003126081,-35.27877077349024,148.96617080475104,-93.28229140107152,428.9664215651369,-128.56106217456176,393.68765079164666,-88.9304690655926,396.40880498523546,294.90555285702425,218.94959658013397,0.42541436464088395,0.0,0.8274748952127875,49.0,0.16666666666666666
KGS,2,2022-01…2022-06,BUY_NOW,13,5,50.0,11,11,0.09090909090909091,0.23931623931623933,0.37987012987012986,0.0,1.1396103896103895,0.45454545454545453,0.42735042735042733,1.0636363636363637,113.68740003126081,-35.27877077349024,148.96617080475104,-93.28229140107152,428.9664215651369,-128.56106217456176,393.68765079164666,-88.9304690655926,396.40880498523546,294.90555285702425,218.94959658013397,0.42541436464088395,0.0,0.8274748952127875,49.0,0.16666666666666666
KGS,2,2022-01…2022-06,BUY_NOW,13,10,0.0,11,11,0.09090909090909091,0.15384615384615385,0.5909090909090909,0.0,1.7727272727272725,0.45454545454545453,0.41025641025641024,1.1079545454545454,65.89348896758187,-60.32936212213379,126.22285108971566,-202.63763184221222,489.14998875037793,-262.966993964346,428.82062662824416,-80.85758935875295,274.57166463266105,343.1892003379658,218.94959658013397,0.42541436464088395,0.0,0.8274748952127875,49.0,0.16666666666666666
KGS,2,2022-01…2022-06,BUY_NOW,13,10,10.0,11,11,0.09090909090909091,0.15384615384615385,0.5909090909090909,0.0,1.7727272727272725,0.45454545454545453,0.41025641025641024,1.1079545454545454,65.89348896758187,-60.32936212213379,126.22285108971566,-202.63763184221222,489.14998875037793,-262.966993964346,428.82062662824416,-80.85758935875295,274.57166463266105,343.1892003379658,218.94959658013397,0.42541436464088395,0.0,0.8274748952127875,49.0,0.16666666666666666
KGS,2,2022-01…2022-06,BUY_NOW,13,10,25.0,11,11,0.09090909090909091,0.1623931623931624,0.5598086124401914,0.0,1.679425837320574,0.45454545454545453,0.4188034188034188,1.085343228200371,65.89348896758187,-60.32936212213379,126.22285108971566,-202.63763184221222,489.14998875037793,-262.966993964346,428.82062662824416,-80.85758935875295,274.57166463266105,343.1892003379658,218.94959658013397,0.42541436464088395,0.0,0.8274748952127875,49.0,0.16666666666666666
KGS,2,2022-01…2022-06,BUY_NOW,13,10,50.0,11,11,0.09090909090909091,0.17094017094017094,0.5318181818181819,0.0,1.5954545454545452,0.45454545454545453,0.4188034188034188,1.085343228200371,65.89348896758187,-60.32936212213379,126.22285108971566,-202.63763184221222,489.14998875037793,-262.966993964346,428.82062662824416,-80.85758935875295,274.57166463266105,343.1892003379658,218.94959658013397,0.42541436464088395,0.0,0.8274748952127875,49.0,0.16666666666666666
KGS,2,2022-01…2022-06,BUY_NOW,13,20,0.0,11,11,0.0,0.09401709401709402,0.0,0.0,0.0,0.6363636363636364,0.38461538461538464,1.6545454545454543,133.58458379247386,-134.33666686632213,267.921250658796,-97.31499807286733,651.257083631721,-231.65166493918946,516.9204167653988,-50.16037279095696,465.87562648847853,511.8433121441827,218.94959658013397,0.42541436464088395,0.0,0.8274748952127875,49.0,0.16666666666666666
KGS,2,2022-01…2022-06,BUY_NOW,13,20,10.0,11,11,0.0,0.09401709401709402,0.0,0.0,0.0,0.6363636363636364,0.38461538461538464,1.6545454545454543,133.58458379247386,-134.33666686632213,267.921250658796,-97.31499807286733,651.257083631721,-231.65166493918946,516.9204167653988,-50.16037279095696,465.87562648847853,511.8433121441827,218.94959658013397,0.42541436464088395,0.0,0.8274748952127875,49.0,0.16666666666666666
KGS,2,2022-01…2022-06,BUY_NOW,13,20,25.0,11,11,0.0,0.10256410256410256,0.0,0.0,0.0,0.6363636363636364,0.39316239316239315,1.6185770750988142,133.58458379247386,-134.33666686632213,267.921250658796,-97.31499807286733,651.257083631721,-231.65166493918946,516.9204167653988,-50.16037279095696,465.87562648847853,511.8433121441827,218.94959658013397,0.42541436464088395,0.0,0.8274748952127875,49.0,0.16666666666666666
KGS,2,2022-01…2022-06,BUY_NOW,13,20,50.0,11,11,0.0,0.1111111111111111,0.0,0.0,0.0,0.6363636363636364,0.41025641025641024,1.5511363636363638,133.58458379247386,-134.33666686632213,267.921250658796,-97.31499807286733,651.257083631721,-231.65166493918946,516.9204167653988,-50.16037279095696,465.87562648847853,511.8433121441827,218.94959658013397,0.42541436464088395,0.0,0.8274748952127875,49.0,0.16666666666666666
KGS,2,2022-01…2022-06,WINDOW_CLOSING,13,1,0.0,2,2,0.5,0.42735042735042733,1.1700000000000002,,,0.5,0.42735042735042733,1.1700000000000002,-161.27200432535128,-16.86028353562292,-144.41172078972835,,,,,,,-14.925780210159886,75.85030161188168,0.07734806629834254,0.0,0.0,129.0,0.8333333333333334
KGS,2,2022-01…2022-06,WINDOW_CLOSING,13,1,10.0,2,2,0.5,0.42735042735042733,1.1700000000000002,,,0.5,0.42735042735042733,1.1700000000000002,-161.27200432535128,-16.86028353562292,-144.41172078972835,,,,,,,-14.925780210159886,75.85030161188168,0.07734806629834254,0.0,0.0,129.0,0.8333333333333334
KGS,2,2022-01…2022-06,WINDOW_CLOSING,13,1,25.0,2,2,0.5,0.42735042735042733,1.1700000000000002,,,0.5,0.42735042735042733,1.1700000000000002,-161.27200432535128,-16.86028353562292,-144.41172078972835,,,,,,,-14.925780210159886,75.85030161188168,0.07734806629834254,0.0,0.0,129.0,0.8333333333333334
KGS,2,2022-01…2022-06,WINDOW_CLOSING,13,1,50.0,2,2,0.5,0.42735042735042733,1.1700000000000002,,,0.5,0.42735042735042733,1.1700000000000002,-161.27200432535128,-16.86028353562292,-144.41172078972835,,,,,,,-14.925780210159886,75.85030161188168,0.07734806629834254,0.0,0.0,129.0,0.8333333333333334
KGS,2,2022-01…2022-06,WINDOW_CLOSING,13,3,0.0,2,2,0.5,0.41025641025641024,1.21875,,,0.5,0.41025641025641024,1.21875,-197.83630056521505,-28.675637804257608,-169.16066276095745,,,,,,,4.5559020428176495,75.85030161188168,0.07734806629834254,0.0,0.0,129.0,0.8333333333333334
KGS,2,2022-01…2022-06,WINDOW_CLOSING,13,3,10.0,2,2,0.5,0.41025641025641024,1.21875,,,0.5,0.41025641025641024,1.21875,-197.83630056521505,-28.675637804257608,-169.16066276095745,,,,,,,4.5559020428176495,75.85030161188168,0.07734806629834254,0.0,0.0,129.0,0.8333333333333334
KGS,2,2022-01…2022-06,WINDOW_CLOSING,13,3,25.0,2,2,0.5,0.41025641025641024,1.21875,,,0.5,0.41025641025641024,1.21875,-197.83630056521505,-28.675637804257608,-169.16066276095745,,,,,,,4.5559020428176495,75.85030161188168,0.07734806629834254,0.0,0.0,129.0,0.8333333333333334
KGS,2,2022-01…2022-06,WINDOW_CLOSING,13,3,50.0,2,2,0.5,0.41025641025641024,1.21875,,,0.5,0.41025641025641024,1.21875,-197.83630056521505,-28.675637804257608,-169.16066276095745,,,,,,,4.5559020428176495,75.85030161188168,0.07734806629834254,0.0,0.0,129.0,0.8333333333333334
KGS,2,2022-01…2022-06,WINDOW_CLOSING,13,5,0.0,2,2,1.0,0.42735042735042733,2.3400000000000003,,,1.0,0.42735042735042733,2.3400000000000003,-178.54861658096024,-35.27877077349024,-143.26984580747,,,,,,,-82.09505696646247,75.85030161188168,0.07734806629834254,0.0,0.0,129.0,0.8333333333333334
KGS,2,2022-01…2022-06,WINDOW_CLOSING,13,5,10.0,2,2,1.0,0.42735042735042733,2.3400000000000003,,,1.0,0.42735042735042733,2.3400000000000003,-178.54861658096024,-35.27877077349024,-143.26984580747,,,,,,,-82.09505696646247,75.85030161188168,0.07734806629834254,0.0,0.0,129.0,0.8333333333333334
KGS,2,2022-01…2022-06,WINDOW_CLOSING,13,5,25.0,2,2,1.0,0.42735042735042733,2.3400000000000003,,,1.0,0.42735042735042733,2.3400000000000003,-178.54861658096024,-35.27877077349024,-143.26984580747,,,,,,,-82.09505696646247,75.85030161188168,0.07734806629834254,0.0,0.0,129.0,0.8333333333333334
KGS,2,2022-01…2022-06,WINDOW_CLOSING,13,5,50.0,2,2,1.0,0.42735042735042733,2.3400000000000003,,,1.0,0.42735042735042733,2.3400000000000003,-178.54861658096024,-35.27877077349024,-143.26984580747,,,,,,,-82.09505696646247,75.85030161188168,0.07734806629834254,0.0,0.0,129.0,0.8333333333333334
KGS,2,2022-01…2022-06,WINDOW_CLOSING,13,10,0.0,2,2,0.0,0.37606837606837606,0.0,,,0.0,0.37606837606837606,0.0,-181.6232468115453,-60.32936212213379,-121.29388468941151,,,,,,,12.059199365701545,75.85030161188168,0.07734806629834254,0.0,0.0,129.0,0.8333333333333334
KGS,2,2022-01…2022-06,WINDOW_CLOSING,13,10,10.0,2,2,0.0,0.37606837606837606,0.0,,,0.0,0.37606837606837606,0.0,-181.6232468115453,-60.32936212213379,-121.29388468941151,,,,,,,12.059199365701545,75.85030161188168,0.07734806629834254,0.0,0.0,129.0,0.8333333333333334
KGS,2,2022-01…2022-06,WINDOW_CLOSING,13,10,25.0,2,2,0.0,0.37606837606837606,0.0,,,0.0,0.37606837606837606,0.0,-181.6232468115453,-60.32936212213379,-121.29388468941151,,,,,,,12.059199365701545,75.85030161188168,0.07734806629834254,0.0,0.0,129.0,0.8333333333333334
KGS,2,2022-01…2022-06,WINDOW_CLOSING,13,10,50.0,2,2,0.0,0.37606837606837606,0.0,,,0.0,0.37606837606837606,0.0,-181.6232468115453,-60.32936212213379,-121.29388468941151,,,,,,,12.059199365701545,75.85030161188168,0.07734806629834254,0.0,0.0,129.0,0.8333333333333334
KGS,2,2022-01…2022-06,WINDOW_CLOSING,13,20,0.0,2,2,0.0,0.358974358974359,0.0,,,0.0,0.358974358974359,0.0,-466.44878839139653,-134.33666686632213,-332.1121215250744,,,,,,,158.40668051961603,75.85030161188168,0.07734806629834254,0.0,0.0,129.0,0.8333333333333334
KGS,2,2022-01…2022-06,WINDOW_CLOSING,13,20,10.0,2,2,0.0,0.358974358974359,0.0,,,0.0,0.358974358974359,0.0,-466.44878839139653,-134.33666686632213,-332.1121215250744,,,,,,,158.40668051961603,75.85030161188168,0.07734806629834254,0.0,0.0,129.0,0.8333333333333334
KGS,2,2022-01…2022-06,WINDOW_CLOSING,13,20,25.0,2,2,0.0,0.358974358974359,0.0,,,0.0,0.358974358974359,0.0,-466.44878839139653,-134.33666686632213,-332.1121215250744,,,,,,,158.40668051961603,75.85030161188168,0.07734806629834254,0.0,0.0,129.0,0.8333333333333334
KGS,2,2022-01…2022-06,WINDOW_CLOSING,13,20,50.0,2,2,0.0,0.358974358974359,0.0,,,0.0,0.358974358974359,0.0,-466.44878839139653,-134.33666686632213,-332.1121215250744,,,,,,,158.40668051961603,75.85030161188168,0.07734806629834254,0.0,0.0,129.0,0.8333333333333334
KGS,3,2022-07…2022-12,BUY_NOW,14,1,0.0,14,14,0.42857142857142855,0.5615384615384615,0.7632093933463796,0.25440313111545987,1.2720156555772995,0.42857142857142855,0.5615384615384615,0.7632093933463796,26.737527409371744,16.103762207838002,10.633765201533741,-51.48529551027489,88.95565253151867,-35.381533302436885,105.05941473935667,-49.8350046701538,86.41050565028816,57.779870962684626,92.89061965218433,0.532608695652174,0.0,0.40600408799752175,24.0,0.0
KGS,3,2022-07…2022-12,BUY_NOW,14,1,10.0,14,14,0.5714285714285714,0.6153846153846154,0.9285714285714285,0.46428571428571425,1.2767857142857142,0.5714285714285714,0.6153846153846154,0.9285714285714285,26.737527409371744,16.103762207838002,10.633765201533741,-51.48529551027489,88.95565253151867,-35.381533302436885,105.05941473935667,-49.8350046701538,86.41050565028816,57.779870962684626,92.89061965218433,0.532608695652174,0.0,0.40600408799752175,24.0,0.0
KGS,3,2022-07…2022-12,BUY_NOW,14,1,25.0,14,14,0.7142857142857143,0.676923076923077,1.0551948051948052,0.7386363636363636,1.3717532467532467,0.7142857142857143,0.676923076923077,1.0551948051948052,26.737527409371744,16.103762207838002,10.633765201533741,-51.48529551027489,88.95565253151867,-35.381533302436885,105.05941473935667,-49.8350046701538,86.41050565028816,57.779870962684626,92.89061965218433,0.532608695652174,0.0,0.40600408799752175,24.0,0.0
KGS,3,2022-07…2022-12,BUY_NOW,14,1,50.0,14,14,0.7142857142857143,0.7692307692307693,0.9285714285714285,0.6499999999999999,1.207142857142857,0.7142857142857143,0.7692307692307693,0.9285714285714285,26.737527409371744,16.103762207838002,10.633765201533741,-51.48529551027489,88.95565253151867,-35.381533302436885,105.05941473935667,-49.8350046701538,86.41050565028816,57.779870962684626,92.89061965218433,0.532608695652174,0.0,0.40600408799752175,24.0,0.0
KGS,3,2022-07…2022-12,BUY_NOW,14,3,0.0,14,14,0.35714285714285715,0.3923076923076923,0.9103641456582633,0.3641456582633053,1.6386554621848741,0.5714285714285714,0.5692307692307692,1.0038610038610039,60.23849432016083,28.19483020378302,32.04366411637781,-63.886658015994556,145.7762754628476,-35.691827812211535,173.97110566663062,-52.26655197390709,162.38638308157323,94.91871842374441,92.89061965218433,0.532608695652174,0.0,0.40600408799752175,24.0,0.0
KGS,3,2022-07…2022-12,BUY_NOW,14,3,10.0,14,14,0.42857142857142855,0.4307692307692308,0.9948979591836734,0.33163265306122447,1.6581632653061225,0.5714285714285714,0.5769230769230769,0.9904761904761905,60.23849432016083,28.19483020378302,32.04366411637781,-63.886658015994556,145.7762754628476,-35.691827812211535,173.97110566663062,-52.26655197390709,162.38638308157323,94.91871842374441,92.89061965218433,0.532608695652174,0.0,0.40600408799752175,24.0,0.0
KGS,3,2022-07…2022-12,BUY_NOW,14,3,25.0,14,14,0.5,0.47692307692307695,1.0483870967741935,0.4493087557603686,1.6474654377880182,0.5714285714285714,0.6153846153846154,0.9285714285714285,60.23849432016083,28.19483020378302,32.04366411637781,-63.886658015994556,145.7762754628476,-35.691827812211535,173.97110566663062,-52.26655197390709,162.38638308157323,94.91871842374441,92.89061965218433,0.532608695652174,0.0,0.40600408799752175,24.0,0.0
KGS,3,2022-07…2022-12,BUY_NOW,14,3,50.0,14,14,0.5714285714285714,0.5846153846153846,0.9774436090225563,0.48872180451127817,1.4661654135338344,0.7857142857142857,0.7076923076923077,1.110248447204969,60.23849432016083,28.19483020378302,32.04366411637781,-63.886658015994556,145.7762754628476,-35.691827812211535,173.97110566663062,-52.26655197390709,162.38638308157323,94.91871842374441,92.89061965218433,0.532608695652174,0.0,0.40600408799752175,24.0,0.0
KGS,3,2022-07…2022-12,BUY_NOW,14,5,0.0,14,14,0.2857142857142857,0.3153846153846154,0.9059233449477352,0.2264808362369338,1.8118466898954704,0.5714285714285714,0.5538461538461539,1.0317460317460316,78.4517028910001,32.855938469176415,45.59576442182368,-58.56764404236202,172.4848194246527,-25.711705573185608,205.3407578938291,-34.09735053271785,180.34815568936327,94.36677697992081,92.89061965218433,0.532608695652174,0.0,0.40600408799752175,24.0,0.0
KGS,3,2022-07…2022-12,BUY_NOW,14,5,10.0,14,14,0.2857142857142857,0.33076923076923076,0.8637873754152824,0.2159468438538206,1.7275747508305648,0.5714285714285714,0.5769230769230769,0.9904761904761905,78.4517028910001,32.855938469176415,45.59576442182368,-58.56764404236202,172.4848194246527,-25.711705573185608,205.3407578938291,-34.09735053271785,180.34815568936327,94.36677697992081,92.89061965218433,0.532608695652174,0.0,0.40600408799752175,24.0,0.0
KGS,3,2022-07…2022-12,BUY_NOW,14,5,25.0,14,14,0.35714285714285715,0.38461538461538464,0.9285714285714285,0.3714285714285714,1.6714285714285715,0.6428571428571429,0.6153846153846154,1.0446428571428572,78.4517028910001,32.855938469176415,45.59576442182368,-58.56764404236202,172.4848194246527,-25.711705573185608,205.3407578938291,-34.09735053271785,180.34815568936327,94.36677697992081,92.89061965218433,0.532608695652174,0.0,0.40600408799752175,24.0,0.0
KGS,3,2022-07…2022-12,BUY_NOW,14,5,50.0,14,14,0.42857142857142855,0.49230769230769234,0.8705357142857142,0.2901785714285714,1.450892857142857,0.7142857142857143,0.6538461538461539,1.092436974789916,78.4517028910001,32.855938469176415,45.59576442182368,-58.56764404236202,172.4848194246527,-25.711705573185608,205.3407578938291,-34.09735053271785,180.34815568936327,94.36677697992081,92.89061965218433,0.532608695652174,0.0,0.40600408799752175,24.0,0.0
KGS,3,2022-07…2022-12,BUY_NOW,14,10,0.0,14,14,0.21428571428571427,0.25384615384615383,0.8441558441558441,0.0,1.6883116883116882,0.5714285714285714,0.5307692307692308,1.0766045548654244,119.37213205578382,48.37015125441184,71.00198080137199,-61.522759260186064,235.7280006339107,-13.152608005774226,284.09815188832255,-39.97740232498146,266.5837417846019,97.24378047877126,92.89061965218433,0.532608695652174,0.0,0.40600408799752175,24.0,0.0
KGS,3,2022-07…2022-12,BUY_NOW,14,10,10.0,14,14,0.21428571428571427,0.2692307692307692,0.7959183673469388,0.0,1.5918367346938775,0.5714285714285714,0.5384615384615384,1.0612244897959184,119.37213205578382,48.37015125441184,71.00198080137199,-61.522759260186064,235.7280006339107,-13.152608005774226,284.09815188832255,-39.97740232498146,266.5837417846019,97.24378047877126,92.89061965218433,0.532608695652174,0.0,0.40600408799752175,24.0,0.0
KGS,3,2022-07…2022-12,BUY_NOW,14,10,25.0,14,14,0.2857142857142857,0.3153846153846154,0.9059233449477352,0.2264808362369338,1.8118466898954704,0.6428571428571429,0.5615384615384615,1.1448140900195696,119.37213205578382,48.37015125441184,71.00198080137199,-61.522759260186064,235.7280006339107,-13.152608005774226,284.09815188832255,-39.97740232498146,266.5837417846019,97.24378047877126,92.89061965218433,0.532608695652174,0.0,0.40600408799752175,24.0,0.0
KGS,3,2022-07…2022-12,BUY_NOW,14,10,50.0,14,14,0.2857142857142857,0.36923076923076925,0.7738095238095237,0.19345238095238093,1.5476190476190474,0.6428571428571429,0.6076923076923076,1.0578661844484631,119.37213205578382,48.37015125441184,71.00198080137199,-61.522759260186064,235.7280006339107,-13.152608005774226,284.09815188832255,-39.97740232498146,266.5837417846019,97.24378047877126,92.89061965218433,0.532608695652174,0.0,0.40600408799752175,24.0,0.0
KGS,3,2022-07…2022-12,BUY_NOW,14,20,0.0,14,14,0.21428571428571427,0.23076923076923078,0.9285714285714285,0.0,1.857142857142857,0.5714285714285714,0.5461538461538461,1.0462776659959758,142.28621002240143,92.68431984896502,49.601890173436416,-123.15467013604447,241.11999102063777,-30.470350287079455,333.8043108696028,-60.56524818703309,326.49790630254387,77.23152987988257,92.89061965218433,0.532608695652174,0.0,0.40600408799752175,24.0,0.0
KGS,3,2022-07…2022-12,BUY_NOW,14,20,10.0,14,14,0.21428571428571427,0.24615384615384617,0.8705357142857142,0.0,1.7410714285714284,0.5714285714285714,0.5615384615384615,1.0176125244618395,142.28621002240143,92.68431984896502,49.601890173436416,-123.15467013604447,241.11999102063777,-30.470350287079455,333.8043108696028,-60.56524818703309,326.49790630254387,77.23152987988257,92.89061965218433,0.532608695652174,0.0,0.40600408799752175,24.0,0.0
KGS,3,2022-07…2022-12,BUY_NOW,14,20,25.0,14,14,0.2857142857142857,0.2846153846153846,1.0038610038610039,0.25096525096525096,2.0077220077220077,0.5714285714285714,0.5769230769230769,0.9904761904761905,142.28621002240143,92.68431984896502,49.601890173436416,-123.15467013604447,241.11999102063777,-30.470350287079455,333.8043108696028,-60.56524818703309,326.49790630254387,77.23152987988257,92.89061965218433,0.532608695652174,0.0,0.40600408799752175,24.0,0.0
KGS,3,2022-07…2022-12,BUY_NOW,14,20,50.0,14,14,0.2857142857142857,0.3230769230769231,0.8843537414965985,0.22108843537414963,1.768707482993197,0.5714285714285714,0.6076923076923076,0.9403254972875227,142.28621002240143,92.68431984896502,49.601890173436416,-123.15467013604447,241.11999102063777,-30.470350287079455,333.8043108696028,-60.56524818703309,326.49790630254387,77.23152987988257,92.89061965218433,0.532608695652174,0.0,0.40600408799752175,24.0,0.0
KGS,4,2023-01…2023-06,BUY_NOW,1,1,0.0,1,1,1.0,0.5932203389830508,1.6857142857142857,,,1.0,0.5932203389830508,1.6857142857142857,33.888303205014125,18.99915676940123,14.889146435612894,,,,,,,29.973972663219772,-161.6236233886359,0.03867403314917127,0.0,,105.0,0.8333333333333334
KGS,4,2023-01…2023-06,BUY_NOW,1,1,10.0,1,1,1.0,0.6779661016949152,1.475,,,1.0,0.6779661016949152,1.475,33.888303205014125,18.99915676940123,14.889146435612894,,,,,,,29.973972663219772,-161.6236233886359,0.03867403314917127,0.0,,105.0,0.8333333333333334
KGS,4,2023-01…2023-06,BUY_NOW,1,1,25.0,1,1,1.0,0.7796610169491526,1.2826086956521738,,,1.0,0.7796610169491526,1.2826086956521738,33.888303205014125,18.99915676940123,14.889146435612894,,,,,,,29.973972663219772,-161.6236233886359,0.03867403314917127,0.0,,105.0,0.8333333333333334
KGS,4,2023-01…2023-06,BUY_NOW,1,1,50.0,1,1,1.0,0.8389830508474576,1.191919191919192,,,1.0,0.8389830508474576,1.191919191919192,33.888303205014125,18.99915676940123,14.889146435612894,,,,,,,29.973972663219772,-161.6236233886359,0.03867403314917127,0.0,,105.0,0.8333333333333334
KGS,4,2023-01…2023-06,BUY_NOW,1,3,0.0,1,1,1.0,0.4915254237288136,2.0344827586206895,,,1.0,0.652542372881356,1.5324675324675323,37.48137507326943,39.614058550696825,-2.132683477427392,,,,,,,37.94621304224144,-161.6236233886359,0.03867403314917127,0.0,,105.0,0.8333333333333334
KGS,4,2023-01…2023-06,BUY_NOW,1,3,10.0,1,1,1.0,0.559322033898305,1.787878787878788,,,1.0,0.7203389830508474,1.388235294117647,37.48137507326943,39.614058550696825,-2.132683477427392,,,,,,,37.94621304224144,-161.6236233886359,0.03867403314917127,0.0,,105.0,0.8333333333333334
KGS,4,2023-01…2023-06,BUY_NOW,1,3,25.0,1,1,1.0,0.6694915254237288,1.4936708860759493,,,1.0,0.7542372881355932,1.3258426966292136,37.48137507326943,39.614058550696825,-2.132683477427392,,,,,,,37.94621304224144,-161.6236233886359,0.03867403314917127,0.0,,105.0,0.8333333333333334
KGS,4,2023-01…2023-06,BUY_NOW,1,3,50.0,1,1,1.0,0.7372881355932204,1.3563218390804597,,,1.0,0.847457627118644,1.1800000000000002,37.48137507326943,39.614058550696825,-2.132683477427392,,,,,,,37.94621304224144,-161.6236233886359,0.03867403314917127,0.0,,105.0,0.8333333333333334
KGS,4,2023-01…2023-06,BUY_NOW,1,5,0.0,1,1,0.0,0.4152542372881356,0.0,,,0.0,0.7033898305084746,0.0,-28.66560633356996,63.06829462714408,-91.73390096071404,,,,,,,5.67389480734537,-161.6236233886359,0.03867403314917127,0.0,,105.0,0.8333333333333334
KGS,4,2023-01…2023-06,BUY_NOW,1,5,10.0,1,1,0.0,0.4915254237288136,0.0,,,0.0,0.7372881355932204,0.0,-28.66560633356996,63.06829462714408,-91.73390096071404,,,,,,,5.67389480734537,-161.6236233886359,0.03867403314917127,0.0,,105.0,0.8333333333333334
KGS,4,2023-01…2023-06,BUY_NOW,1,5,25.0,1,1,0.0,0.6016949152542372,0.0,,,0.0,0.8220338983050848,0.0,-28.66560633356996,63.06829462714408,-91.73390096071404,,,,,,,5.67389480734537,-161.6236233886359,0.03867403314917127,0.0,,105.0,0.8333333333333334
KGS,4,2023-01…2023-06,BUY_NOW,1,5,50.0,1,1,0.0,0.711864406779661,0.0,,,1.0,0.864406779661017,1.156862745098039,-28.66560633356996,63.06829462714408,-91.73390096071404,,,,,,,5.67389480734537,-161.6236233886359,0.03867403314917127,0.0,,105.0,0.8333333333333334
KGS,4,2023-01…2023-06,BUY_NOW,1,10,0.0,1,1,0.0,0.4067796610169492,0.0,,,0.0,0.7966101694915254,0.0,-239.3890413820643,120.49760124978636,-359.8866426318507,,,,,,,-90.54325739065172,-161.6236233886359,0.03867403314917127,0.0,,105.0,0.8333333333333334
KGS,4,2023-01…2023-06,BUY_NOW,1,10,10.0,1,1,0.0,0.4661016949152542,0.0,,,0.0,0.8135593220338984,0.0,-239.3890413820643,120.49760124978636,-359.8866426318507,,,,,,,-90.54325739065172,-161.6236233886359,0.03867403314917127,0.0,,105.0,0.8333333333333334
KGS,4,2023-01…2023-06,BUY_NOW,1,10,25.0,1,1,0.0,0.5677966101694916,0.0,,,0.0,0.8305084745762712,0.0,-239.3890413820643,120.49760124978636,-359.8866426318507,,,,,,,-90.54325739065172,-161.6236233886359,0.03867403314917127,0.0,,105.0,0.8333333333333334
KGS,4,2023-01…2023-06,BUY_NOW,1,10,50.0,1,1,0.0,0.6610169491525424,0.0,,,0.0,0.847457627118644,0.0,-239.3890413820643,120.49760124978636,-359.8866426318507,,,,,,,-90.54325739065172,-161.6236233886359,0.03867403314917127,0.0,,105.0,0.8333333333333334
KGS,4,2023-01…2023-06,BUY_NOW,1,20,0.0,1,1,0.0,0.3813559322033898,0.0,,,0.0,0.8389830508474576,0.0,-214.2915600141704,231.7318649254994,-446.0234249396698,,,,,,,-176.93339392379605,-161.6236233886359,0.03867403314917127,0.0,,105.0,0.8333333333333334
KGS,4,2023-01…2023-06,BUY_NOW,1,20,10.0,1,1,0.0,0.4406779661016949,0.0,,,0.0,0.8389830508474576,0.0,-214.2915600141704,231.7318649254994,-446.0234249396698,,,,,,,-176.93339392379605,-161.6236233886359,0.03867403314917127,0.0,,105.0,0.8333333333333334
KGS,4,2023-01…2023-06,BUY_NOW,1,20,25.0,1,1,0.0,0.5508474576271186,0.0,,,0.0,0.8389830508474576,0.0,-214.2915600141704,231.7318649254994,-446.0234249396698,,,,,,,-176.93339392379605,-161.6236233886359,0.03867403314917127,0.0,,105.0,0.8333333333333334
KGS,4,2023-01…2023-06,BUY_NOW,1,20,50.0,1,1,0.0,0.635593220338983,0.0,,,0.0,0.8389830508474576,0.0,-214.2915600141704,231.7318649254994,-446.0234249396698,,,,,,,-176.93339392379605,-161.6236233886359,0.03867403314917127,0.0,,105.0,0.8333333333333334
KGS,5,2023-07…2023-12,BUY_NOW,10,1,0.0,10,10,0.2,0.5426356589147286,0.3685714285714286,0.0,0.9214285714285715,0.2,0.5426356589147286,0.3685714285714286,-41.8995990364095,-0.3725848455247058,-41.52701419088479,-80.1318564454982,1.6047199487727999,-80.5044412910229,1.232135103248094,-99.48839427118922,-14.25829529373646,-0.8721855595517056,-36.93429078058098,0.3804347826086957,0.0,1.5157340497661198,88.0,0.3333333333333333
KGS,5,2023-07…2023-12,BUY_NOW,10,1,10.0,10,10,0.2,0.5968992248062015,0.3350649350649351,0.0,0.8376623376623378,0.2,0.5968992248062015,0.3350649350649351,-41.8995990364095,-0.3725848455247058,-41.52701419088479,-80.1318564454982,1.6047199487727999,-80.5044412910229,1.232135103248094,-99.48839427118922,-14.25829529373646,-0.8721855595517056,-36.93429078058098,0.3804347826086957,0.0,1.5157340497661198,88.0,0.3333333333333333
KGS,5,2023-07…2023-12,BUY_NOW,10,1,25.0,10,10,0.3,0.6976744186046512,0.43,0.0,0.86,0.3,0.6976744186046512,0.43,-41.8995990364095,-0.3725848455247058,-41.52701419088479,-80.1318564454982,1.6047199487727999,-80.5044412910229,1.232135103248094,-99.48839427118922,-14.25829529373646,-0.8721855595517056,-36.93429078058098,0.3804347826086957,0.0,1.5157340497661198,88.0,0.3333333333333333
KGS,5,2023-07…2023-12,BUY_NOW,10,1,50.0,10,10,0.6,0.7829457364341085,0.7663366336633664,0.3831683168316832,1.1495049504950496,0.6,0.7829457364341085,0.7663366336633664,-41.8995990364095,-0.3725848455247058,-41.52701419088479,-80.1318564454982,1.6047199487727999,-80.5044412910229,1.232135103248094,-99.48839427118922,-14.25829529373646,-0.8721855595517056,-36.93429078058098,0.3804347826086957,0.0,1.5157340497661198,88.0,0.3333333333333333
KGS,5,2023-07…2023-12,BUY_NOW,10,3,0.0,10,10,0.2,0.4108527131782946,0.4867924528301887,0.0,1.2169811320754718,0.3,0.5271317829457365,0.5691176470588235,-38.070062514797165,-1.949277756823232,-36.12078475797394,-97.03248140750337,21.20375767920371,-98.9817591643266,19.25447992238048,-106.74624227712037,9.991624018437227,5.563532783807171,-36.93429078058098,0.3804347826086957,0.0,1.5157340497661198,88.0,0.3333333333333333
KGS,5,2023-07…2023-12,BUY_NOW,10,3,10.0,10,10,0.2,0.43410852713178294,0.46071428571428574,0.0,1.1517857142857144,0.3,0.5736434108527132,0.522972972972973,-38.070062514797165,-1.949277756823232,-36.12078475797394,-97.03248140750337,21.20375767920371,-98.9817591643266,19.25447992238048,-106.74624227712037,9.991624018437227,5.563532783807171,-36.93429078058098,0.3804347826086957,0.0,1.5157340497661198,88.0,0.3333333333333333
KGS,5,2023-07…2023-12,BUY_NOW,10,3,25.0,10,10,0.2,0.49612403100775193,0.403125,0.0,1.0078125,0.4,0.6124031007751938,0.6531645569620254,-38.070062514797165,-1.949277756823232,-36.12078475797394,-97.03248140750337,21.20375767920371,-98.9817591643266,19.25447992238048,-106.74624227712037,9.991624018437227,5.563532783807171,-36.93429078058098,0.3804347826086957,0.0,1.5157340497661198,88.0,0.3333333333333333
KGS,5,2023-07…2023-12,BUY_NOW,10,3,50.0,10,10,0.5,0.5968992248062015,0.8376623376623378,0.3350649350649351,1.3402597402597405,0.6,0.7286821705426356,0.823404255319149,-38.070062514797165,-1.949277756823232,-36.12078475797394,-97.03248140750337,21.20375767920371,-98.9817591643266,19.25447992238048,-106.74624227712037,9.991624018437227,5.563532783807171,-36.93429078058098,0.3804347826086957,0.0,1.5157340497661198,88.0,0.3333333333333333
KGS,5,2023-07…2023-12,BUY_NOW,10,5,0.0,10,10,0.2,0.3488372093023256,0.5733333333333334,0.0,1.4333333333333333,0.4,0.5116279069767442,0.7818181818181819,-36.6862301776889,-5.435524898061201,-31.250705279627695,-114.8463779278897,54.679039928683935,-120.28190282595091,49.24351503062273,-117.89801390384115,24.355227483362057,4.56632262275902,-36.93429078058098,0.3804347826086957,0.0,1.5157340497661198,88.0,0.3333333333333333
KGS,5,2023-07…2023-12,BUY_NOW,10,5,10.0,10,10,0.2,0.3798449612403101,0.5265306122448979,0.0,1.316326530612245,0.4,0.5348837209302325,0.7478260869565219,-36.6862301776889,-5.435524898061201,-31.250705279627695,-114.8463779278897,54.679039928683935,-120.28190282595091,49.24351503062273,-117.89801390384115,24.355227483362057,4.56632262275902,-36.93429078058098,0.3804347826086957,0.0,1.5157340497661198,88.0,0.3333333333333333
KGS,5,2023-07…2023-12,BUY_NOW,10,5,25.0,10,10,0.2,0.4186046511627907,0.4777777777777778,0.0,1.1944444444444444,0.4,0.5581395348837209,0.7166666666666667,-36.6862301776889,-5.435524898061201,-31.250705279627695,-114.8463779278897,54.679039928683935,-120.28190282595091,49.24351503062273,-117.89801390384115,24.355227483362057,4.56632262275902,-36.93429078058098,0.3804347826086957,0.0,1.5157340497661198,88.0,0.3333333333333333
KGS,5,2023-07…2023-12,BUY_NOW,10,5,50.0,10,10,0.4,0.4883720930232558,0.8190476190476191,0.20476190476190478,1.4333333333333333,0.5,0.6356589147286822,0.7865853658536585,-36.6862301776889,-5.435524898061201,-31.250705279627695,-114.8463779278897,54.679039928683935,-120.28190282595091,49.24351503062273,-117.89801390384115,24.355227483362057,4.56632262275902,-36.93429078058098,0.3804347826086957,0.0,1.5157340497661198,88.0,0.3333333333333333
KGS,5,2023-07…2023-12,BUY_NOW,10,10,0.0,10,10,0.1,0.20155038759689922,0.49615384615384617,0.0,1.4884615384615385,0.4,0.49612403100775193,0.80625,-43.61290466462264,-13.61904976191353,-29.99385490270911,-146.400267380279,92.22467880466716,-160.01931714219253,78.60562904275363,-139.15766272275644,51.93185339351114,23.984759439172112,-36.93429078058098,0.3804347826086957,0.0,1.5157340497661198,88.0,0.3333333333333333
KGS,5,2023-07…2023-12,BUY_NOW,10,10,10.0,10,10,0.2,0.23255813953488372,0.8600000000000001,0.0,2.15,0.4,0.5116279069767442,0.7818181818181819,-43.61290466462264,-13.61904976191353,-29.99385490270911,-146.400267380279,92.22467880466716,-160.01931714219253,78.60562904275363,-139.15766272275644,51.93185339351114,23.984759439172112,-36.93429078058098,0.3804347826086957,0.0,1.5157340497661198,88.0,0.3333333333333333
KGS,5,2023-07…2023-12,BUY_NOW,10,10,25.0,10,10,0.2,0.26356589147286824,0.7588235294117647,0.0,1.8970588235294117,0.4,0.5581395348837209,0.7166666666666667,-43.61290466462264,-13.61904976191353,-29.99385490270911,-146.400267380279,92.22467880466716,-160.01931714219253,78.60562904275363,-139.15766272275644,51.93185339351114,23.984759439172112,-36.93429078058098,0.3804347826086957,0.0,1.5157340497661198,88.0,0.3333333333333333
KGS,5,2023-07…2023-12,BUY_NOW,10,10,50.0,10,10,0.4,0.3333333333333333,1.2000000000000002,0.30000000000000004,2.1,0.4,0.5813953488372093,0.688,-43.61290466462264,-13.61904976191353,-29.99385490270911,-146.400267380279,92.22467880466716,-160.01931714219253,78.60562904275363,-139.15766272275644,51.93185339351114,23.984759439172112,-36.93429078058098,0.3804347826086957,0.0,1.5157340497661198,88.0,0.3333333333333333
KGS,5,2023-07…2023-12,BUY_NOW,10,20,0.0,10,10,0.1,0.14728682170542637,0.6789473684210526,0.0,2.036842105263158,0.4,0.4806201550387597,0.832258064516129,-53.994304889955835,-26.704775666556326,-27.28952922339951,-189.14481975464219,136.38092564653525,-215.8495954211985,109.67614997997893,-243.2218129413346,135.23320316142295,54.26895019918354,-36.93429078058098,0.3804347826086957,0.0,1.5157340497661198,88.0,0.3333333333333333
KGS,5,2023-07…2023-12,BUY_NOW,10,20,10.0,10,10,0.1,0.17054263565891473,0.5863636363636364,0.0,1.759090909090909,0.5,0.5116279069767442,0.9772727272727272,-53.994304889955835,-26.704775666556326,-27.28952922339951,-189.14481975464219,136.38092564653525,-215.8495954211985,109.67614997997893,-243.2218129413346,135.23320316142295,54.26895019918354,-36.93429078058098,0.3804347826086957,0.0,1.5157340497661198,88.0,0.3333333333333333
KGS,5,2023-07…2023-12,BUY_NOW,10,20,25.0,10,10,0.1,0.20155038759689922,0.49615384615384617,0.0,1.4884615384615385,0.5,0.5271317829457365,0.9485294117647058,-53.994304889955835,-26.704775666556326,-27.28952922339951,-189.14481975464219,136.38092564653525,-215.8495954211985,109.67614997997893,-243.2218129413346,135.23320316142295,54.26895019918354,-36.93429078058098,0.3804347826086957,0.0,1.5157340497661198,88.0,0.3333333333333333
KGS,5,2023-07…2023-12,BUY_NOW,10,20,50.0,10,10,0.3,0.26356589147286824,1.138235294117647,0.0,2.276470588235294,0.5,0.5348837209302325,0.9347826086956522,-53.994304889955835,-26.704775666556326,-27.28952922339951,-189.14481975464219,136.38092564653525,-215.8495954211985,109.67614997997893,-243.2218129413346,135.23320316142295,54.26895019918354,-36.93429078058098,0.3804347826086957,0.0,1.5157340497661198,88.0,0.3333333333333333
KGS,6,2024-01…2024-06,BUY_NOW,5,1,0.0,5,5,0.2,0.5213675213675214,0.3836065573770492,0.0,1.1508196721311474,0.2,0.5213675213675214,0.3836065573770492,-103.40978346954398,0.25701974670853533,-103.66680321625252,-305.96399790702725,45.30069938165328,-305.7069781603187,45.55771912836182,-326.1801922146295,45.55771912836182,-12.070997802034583,61.82894937948769,0.19230769230769232,0.0,0.8976158898517147,96.0,0.3333333333333333
KGS,6,2024-01…2024-06,BUY_NOW,5,1,10.0,5,5,0.2,0.6239316239316239,0.32054794520547947,0.0,0.9616438356164383,0.2,0.6239316239316239,0.32054794520547947,-103.40978346954398,0.25701974670853533,-103.66680321625252,-305.96399790702725,45.30069938165328,-305.7069781603187,45.55771912836182,-326.1801922146295,45.55771912836182,-12.070997802034583,61.82894937948769,0.19230769230769232,0.0,0.8976158898517147,96.0,0.3333333333333333
KGS,6,2024-01…2024-06,BUY_NOW,5,1,25.0,5,5,0.2,0.717948717948718,0.2785714285714286,0.0,0.8357142857142856,0.2,0.717948717948718,0.2785714285714286,-103.40978346954398,0.25701974670853533,-103.66680321625252,-305.96399790702725,45.30069938165328,-305.7069781603187,45.55771912836182,-326.1801922146295,45.55771912836182,-12.070997802034583,61.82894937948769,0.19230769230769232,0.0,0.8976158898517147,96.0,0.3333333333333333
KGS,6,2024-01…2024-06,BUY_NOW,5,1,50.0,5,5,0.4,0.8205128205128205,0.48750000000000004,0.0,0.9750000000000001,0.4,0.8205128205128205,0.48750000000000004,-103.40978346954398,0.25701974670853533,-103.66680321625252,-305.96399790702725,45.30069938165328,-305.7069781603187,45.55771912836182,-326.1801922146295,45.55771912836182,-12.070997802034583,61.82894937948769,0.19230769230769232,0.0,0.8976158898517147,96.0,0.3333333333333333
KGS,6,2024-01…2024-06,BUY_NOW,5,3,0.0,5,5,0.2,0.3504273504273504,0.5707317073170732,0.0,1.7121951219512195,0.2,0.5042735042735043,0.39661016949152544,-18.463400199355767,2.5477742158597896,-21.011174415215557,-94.57262035616417,77.70776436837295,-92.02484614030438,80.25553858423274,-92.02484614030438,97.0726051479251,42.537337607336134,61.82894937948769,0.19230769230769232,0.0,0.8976158898517147,96.0,0.3333333333333333
KGS,6,2024-01…2024-06,BUY_NOW,5,3,10.0,5,5,0.2,0.42735042735042733,0.468,0.0,1.404,0.2,0.5384615384615384,0.37142857142857144,-18.463400199355767,2.5477742158597896,-21.011174415215557,-94.57262035616417,77.70776436837295,-92.02484614030438,80.25553858423274,-92.02484614030438,97.0726051479251,42.537337607336134,61.82894937948769,0.19230769230769232,0.0,0.8976158898517147,96.0,0.3333333333333333
KGS,6,2024-01…2024-06,BUY_NOW,5,3,25.0,5,5,0.2,0.452991452991453,0.44150943396226416,0.0,1.3245283018867924,0.2,0.6239316239316239,0.32054794520547947,-18.463400199355767,2.5477742158597896,-21.011174415215557,-94.57262035616417,77.70776436837295,-92.02484614030438,80.25553858423274,-92.02484614030438,97.0726051479251,42.537337607336134,61.82894937948769,0.19230769230769232,0.0,0.8976158898517147,96.0,0.3333333333333333
KGS,6,2024-01…2024-06,BUY_NOW,5,3,50.0,5,5,0.2,0.6153846153846154,0.325,0.0,0.9749999999999999,0.4,0.7350427350427351,0.5441860465116279,-18.463400199355767,2.5477742158597896,-21.011174415215557,-94.57262035616417,77.70776436837295,-92.02484614030438,80.25553858423274,-92.02484614030438,97.0726051479251,42.537337607336134,61.82894937948769,0.19230769230769232,0.0,0.8976158898517147,96.0,0.3333333333333333
KGS,6,2024-01…2024-06,BUY_NOW,5,5,0.0,5,5,0.2,0.2905982905982906,0.6882352941176471,0.0,2.064705882352941,0.4,0.5128205128205128,0.7800000000000001,13.785087002043724,5.614659303171231,8.170427698872494,-37.94279204611978,73.79737395208043,-32.32813274294855,79.41203325525167,-34.629363232616114,94.86564135862352,70.54513427866092,61.82894937948769,0.19230769230769232,0.0,0.8976158898517147,96.0,0.3333333333333333
KGS,6,2024-01…2024-06,BUY_NOW,5,5,10.0,5,5,0.2,0.358974358974359,0.5571428571428572,0.0,1.6714285714285713,0.4,0.5555555555555556,0.72,13.785087002043724,5.614659303171231,8.170427698872494,-37.94279204611978,73.79737395208043,-32.32813274294855,79.41203325525167,-34.629363232616114,94.86564135862352,70.54513427866092,61.82894937948769,0.19230769230769232,0.0,0.8976158898517147,96.0,0.3333333333333333
KGS,6,2024-01…2024-06,BUY_NOW,5,5,25.0,5,5,0.2,0.39316239316239315,0.5086956521739131,0.0,1.5260869565217392,0.8,0.6068376068376068,1.3183098591549298,13.785087002043724,5.614659303171231,8.170427698872494,-37.94279204611978,73.79737395208043,-32.32813274294855,79.41203325525167,-34.629363232616114,94.86564135862352,70.54513427866092,61.82894937948769,0.19230769230769232,0.0,0.8976158898517147,96.0,0.3333333333333333
KGS,6,2024-01…2024-06,BUY_NOW,5,5,50.0,5,5,0.2,0.5470085470085471,0.365625,0.0,1.0968749999999998,0.8,0.7264957264957265,1.1011764705882354,13.785087002043724,5.614659303171231,8.170427698872494,-37.94279204611978,73.79737395208043,-32.32813274294855,79.41203325525167,-34.629363232616114,94.86564135862352,70.54513427866092,61.82894937948769,0.19230769230769232,0.0,0.8976158898517147,96.0,0.3333333333333333
KGS,6,2024-01…2024-06,BUY_NOW,5,10,0.0,5,5,0.2,0.23931623931623933,0.8357142857142857,0.0,2.507142857142857,0.8,0.5470085470085471,1.4625,42.54209303147883,14.279074177139613,28.263018854339215,-32.24660245598013,81.85563562902684,-17.96752827884052,96.13470980616646,-18.663901463071177,100.1589066586397,110.97684558994558,61.82894937948769,0.19230769230769232,0.0,0.8976158898517147,96.0,0.3333333333333333
KGS,6,2024-01…2024-06,BUY_NOW,5,10,10.0,5,5,0.2,0.29914529914529914,0.6685714285714286,0.0,2.005714285714286,0.8,0.5641025641025641,1.4181818181818182,42.54209303147883,14.279074177139613,28.263018854339215,-32.24660245598013,81.85563562902684,-17.96752827884052,96.13470980616646,-18.663901463071177,100.1589066586397,110.97684558994558,61.82894937948769,0.19230769230769232,0.0,0.8976158898517147,96.0,0.3333333333333333
KGS,6,2024-01…2024-06,BUY_NOW,5,10,25.0,5,5,0.2,0.3162393162393162,0.6324324324324325,0.0,1.8972972972972972,0.8,0.6153846153846154,1.3,42.54209303147883,14.279074177139613,28.263018854339215,-32.24660245598013,81.85563562902684,-17.96752827884052,96.13470980616646,-18.663901463071177,100.1589066586397,110.97684558994558,61.82894937948769,0.19230769230769232,0.0,0.8976158898517147,96.0,0.3333333333333333
KGS,6,2024-01…2024-06,BUY_NOW,5,10,50.0,5,5,0.2,0.4358974358974359,0.45882352941176474,0.0,1.3764705882352941,0.8,0.6581196581196581,1.2155844155844158,42.54209303147883,14.279074177139613,28.263018854339215,-32.24660245598013,81.85563562902684,-17.96752827884052,96.13470980616646,-18.663901463071177,100.1589066586397,110.97684558994558,61.82894937948769,0.19230769230769232,0.0,0.8976158898517147,96.0,0.3333333333333333
KGS,6,2024-01…2024-06,BUY_NOW,5,20,0.0,5,5,0.0,0.1623931623931624,0.0,0.0,0.0,0.8,0.5470085470085471,1.4625,89.17677495207509,31.12319280205631,58.053582150018784,-52.908938509545344,148.66927467487324,-21.785745707489035,179.79246747692955,-37.7279281263504,173.32076187434487,144.20551958040883,61.82894937948769,0.19230769230769232,0.0,0.8976158898517147,96.0,0.3333333333333333
KGS,6,2024-01…2024-06,BUY_NOW,5,20,10.0,5,5,0.0,0.2222222222222222,0.0,0.0,0.0,0.8,0.5470085470085471,1.4625,89.17677495207509,31.12319280205631,58.053582150018784,-52.908938509545344,148.66927467487324,-21.785745707489035,179.79246747692955,-37.7279281263504,173.32076187434487,144.20551958040883,61.82894937948769,0.19230769230769232,0.0,0.8976158898517147,96.0,0.3333333333333333
KGS,6,2024-01…2024-06,BUY_NOW,5,20,25.0,5,5,0.0,0.23931623931623933,0.0,0.0,0.0,0.8,0.5726495726495726,1.3970149253731345,89.17677495207509,31.12319280205631,58.053582150018784,-52.908938509545344,148.66927467487324,-21.785745707489035,179.79246747692955,-37.7279281263504,173.32076187434487,144.20551958040883,61.82894937948769,0.19230769230769232,0.0,0.8976158898517147,96.0,0.3333333333333333
KGS,6,2024-01…2024-06,BUY_NOW,5,20,50.0,5,5,0.0,0.3162393162393162,0.0,0.0,0.0,0.8,0.6239316239316239,1.2821917808219179,89.17677495207509,31.12319280205631,58.053582150018784,-52.908938509545344,148.66927467487324,-21.785745707489035,179.79246747692955,-37.7279281263504,173.32076187434487,144.20551958040883,61.82894937948769,0.19230769230769232,0.0,0.8976158898517147,96.0,0.3333333333333333
KGS,7,2024-07…2024-12,BUY_NOW,4,1,0.0,4,4,0.5,0.6030534351145038,0.8291139240506329,,,0.5,0.6030534351145038,0.8291139240506329,0.15689709433636168,11.966943950980763,-11.810046856644401,,,,,,,19.582370968646845,200.96919994675193,0.15217391304347827,0.0,0.7179804090423325,80.0,0.3333333333333333
KGS,7,2024-07…2024-12,BUY_NOW,4,1,10.0,4,4,0.75,0.6717557251908397,1.1164772727272727,,,0.75,0.6717557251908397,1.1164772727272727,0.15689709433636168,11.966943950980763,-11.810046856644401,,,,,,,19.582370968646845,200.96919994675193,0.15217391304347827,0.0,0.7179804090423325,80.0,0.3333333333333333
KGS,7,2024-07…2024-12,BUY_NOW,4,1,25.0,4,4,0.75,0.732824427480916,1.0234375,,,0.75,0.732824427480916,1.0234375,0.15689709433636168,11.966943950980763,-11.810046856644401,,,,,,,19.582370968646845,200.96919994675193,0.15217391304347827,0.0,0.7179804090423325,80.0,0.3333333333333333
KGS,7,2024-07…2024-12,BUY_NOW,4,1,50.0,4,4,0.75,0.8473282442748091,0.8851351351351352,,,0.75,0.8473282442748091,0.8851351351351352,0.15689709433636168,11.966943950980763,-11.810046856644401,,,,,,,19.582370968646845,200.96919994675193,0.15217391304347827,0.0,0.7179804090423325,80.0,0.3333333333333333
KGS,7,2024-07…2024-12,BUY_NOW,4,3,0.0,4,4,0.5,0.48091603053435117,1.0396825396825395,,,0.75,0.6335877862595419,1.1837349397590362,100.69811433544574,23.179867336132666,77.51824699931308,,,,,,,55.808053959249264,200.96919994675193,0.15217391304347827,0.0,0.7179804090423325,80.0,0.3333333333333333
KGS,7,2024-07…2024-12,BUY_NOW,4,3,10.0,4,4,0.75,0.5419847328244275,1.3838028169014085,,,0.75,0.6717557251908397,1.1164772727272727,100.69811433544574,23.179867336132666,77.51824699931308,,,,,,,55.808053959249264,200.96919994675193,0.15217391304347827,0.0,0.7179804090423325,80.0,0.3333333333333333
KGS,7,2024-07…2024-12,BUY_NOW,4,3,25.0,4,4,0.75,0.5877862595419847,1.275974025974026,,,0.75,0.732824427480916,1.0234375,100.69811433544574,23.179867336132666,77.51824699931308,,,,,,,55.808053959249264,200.96919994675193,0.15217391304347827,0.0,0.7179804090423325,80.0,0.3333333333333333
KGS,7,2024-07…2024-12,BUY_NOW,4,3,50.0,4,4,0.75,0.6870229007633588,1.0916666666666666,,,0.75,0.7709923664122137,0.9727722772277229,100.69811433544574,23.179867336132666,77.51824699931308,,,,,,,55.808053959249264,200.96919994675193,0.15217391304347827,0.0,0.7179804090423325,80.0,0.3333333333333333
KGS,7,2024-07…2024-12,BUY_NOW,4,5,0.0,4,4,0.5,0.45038167938931295,1.1101694915254239,,,0.75,0.6183206106870229,1.2129629629629628,133.56901668097584,34.485517623662005,99.08349905731383,,,,,,,71.35564885755063,200.96919994675193,0.15217391304347827,0.0,0.7179804090423325,80.0,0.3333333333333333
KGS,7,2024-07…2024-12,BUY_NOW,4,5,10.0,4,4,0.75,0.5114503816793893,1.4664179104477613,,,0.75,0.6641221374045801,1.1293103448275863,133.56901668097584,34.485517623662005,99.08349905731383,,,,,,,71.35564885755063,200.96919994675193,0.15217391304347827,0.0,0.7179804090423325,80.0,0.3333333333333333
KGS,7,2024-07…2024-12,BUY_NOW,4,5,25.0,4,4,0.75,0.549618320610687,1.3645833333333333,,,0.75,0.7022900763358778,1.0679347826086958,133.56901668097584,34.485517623662005,99.08349905731383,,,,,,,71.35564885755063,200.96919994675193,0.15217391304347827,0.0,0.7179804090423325,80.0,0.3333333333333333
KGS,7,2024-07…2024-12,BUY_NOW,4,5,50.0,4,4,0.75,0.6412213740458015,1.1696428571428572,,,1.0,0.7633587786259542,1.3099999999999998,133.56901668097584,34.485517623662005,99.08349905731383,,,,,,,71.35564885755063,200.96919994675193,0.15217391304347827,0.0,0.7179804090423325,80.0,0.3333333333333333
KGS,7,2024-07…2024-12,BUY_NOW,4,10,0.0,4,4,0.25,0.3435114503816794,0.7277777777777777,,,0.75,0.6793893129770993,1.1039325842696628,100.95640511554927,60.16927143556251,40.787133679986766,,,,,,,42.884024625669525,200.96919994675193,0.15217391304347827,0.0,0.7179804090423325,80.0,0.3333333333333333
KGS,7,2024-07…2024-12,BUY_NOW,4,10,10.0,4,4,0.5,0.40458015267175573,1.2358490566037736,,,0.75,0.6946564885496184,1.0796703296703296,100.95640511554927,60.16927143556251,40.787133679986766,,,,,,,42.884024625669525,200.96919994675193,0.15217391304347827,0.0,0.7179804090423325,80.0,0.3333333333333333
KGS,7,2024-07…2024-12,BUY_NOW,4,10,25.0,4,4,0.5,0.44274809160305345,1.129310344827586,,,0.75,0.7022900763358778,1.0679347826086958,100.95640511554927,60.16927143556251,40.787133679986766,,,,,,,42.884024625669525,200.96919994675193,0.15217391304347827,0.0,0.7179804090423325,80.0,0.3333333333333333
KGS,7,2024-07…2024-12,BUY_NOW,4,10,50.0,4,4,0.5,0.5267175572519084,0.9492753623188406,,,0.75,0.7404580152671756,1.0128865979381443,100.95640511554927,60.16927143556251,40.787133679986766,,,,,,,42.884024625669525,200.96919994675193,0.15217391304347827,0.0,0.7179804090423325,80.0,0.3333333333333333
KGS,7,2024-07…2024-12,BUY_NOW,4,20,0.0,4,4,0.25,0.25190839694656486,0.9924242424242425,,,0.75,0.6946564885496184,1.0796703296703296,164.6454504554182,99.54663906237663,65.09881139304157,,,,,,,50.696363435106534,200.96919994675193,0.15217391304347827,0.0,0.7179804090423325,80.0,0.3333333333333333
KGS,7,2024-07…2024-12,BUY_NOW,4,20,10.0,4,4,0.5,0.2824427480916031,1.7702702702702702,,,1.0,0.7251908396946565,1.3789473684210527,164.6454504554182,99.54663906237663,65.09881139304157,,,,,,,50.696363435106534,200.96919994675193,0.15217391304347827,0.0,0.7179804090423325,80.0,0.3333333333333333
KGS,7,2024-07…2024-12,BUY_NOW,4,20,25.0,4,4,0.5,0.3282442748091603,1.5232558139534884,,,1.0,0.7557251908396947,1.323232323232323,164.6454504554182,99.54663906237663,65.09881139304157,,,,,,,50.696363435106534,200.96919994675193,0.15217391304347827,0.0,0.7179804090423325,80.0,0.3333333333333333
KGS,7,2024-07…2024-12,BUY_NOW,4,20,50.0,4,4,0.5,0.4122137404580153,1.2129629629629628,,,1.0,0.7862595419847328,1.2718446601941749,164.6454504554182,99.54663906237663,65.09881139304157,,,,,,,50.696363435106534,200.96919994675193,0.15217391304347827,0.0,0.7179804090423325,80.0,0.3333333333333333
KGS,8,2025-01…2025-06,BUY_NOW,16,1,0.0,16,16,0.25,0.358974358974359,0.6964285714285714,0.17410714285714285,1.3928571428571428,0.25,0.358974358974359,0.6964285714285714,-77.83645986523507,-22.654296041824175,-55.182163823410896,-104.76031730710932,-7.2903457807237295,-127.41461334893349,-29.944641822547904,-132.73671627888268,-21.39853252171216,-10.259817965350415,-105.02941888525913,0.6187845303867403,0.0,0.43157496642510434,18.0,0.0
KGS,8,2025-01…2025-06,BUY_NOW,16,1,10.0,16,16,0.3125,0.46153846153846156,0.6770833333333333,0.2708333333333333,1.21875,0.3125,0.46153846153846156,0.6770833333333333,-77.83645986523507,-22.654296041824175,-55.182163823410896,-104.76031730710932,-7.2903457807237295,-127.41461334893349,-29.944641822547904,-132.73671627888268,-21.39853252171216,-10.259817965350415,-105.02941888525913,0.6187845303867403,0.0,0.43157496642510434,18.0,0.0
KGS,8,2025-01…2025-06,BUY_NOW,16,1,25.0,16,16,0.375,0.5641025641025641,0.6647727272727273,0.2215909090909091,1.1079545454545454,0.375,0.5641025641025641,0.6647727272727273,-77.83645986523507,-22.654296041824175,-55.182163823410896,-104.76031730710932,-7.2903457807237295,-127.41461334893349,-29.944641822547904,-132.73671627888268,-21.39853252171216,-10.259817965350415,-105.02941888525913,0.6187845303867403,0.0,0.43157496642510434,18.0,0.0
KGS,8,2025-01…2025-06,BUY_NOW,16,1,50.0,16,16,0.5,0.7008547008547008,0.7134146341463415,0.35670731707317077,1.0701219512195124,0.5,0.7008547008547008,0.7134146341463415,-77.83645986523507,-22.654296041824175,-55.182163823410896,-104.76031730710932,-7.2903457807237295,-127.41461334893349,-29.944641822547904,-132.73671627888268,-21.39853252171216,-10.259817965350415,-105.02941888525913,0.6187845303867403,0.0,0.43157496642510434,18.0,0.0
KGS,8,2025-01…2025-06,BUY_NOW,16,3,0.0,16,16,0.125,0.15384615384615385,0.8125,0.0,2.03125,0.1875,0.3333333333333333,0.5625,-100.83915164160427,-44.67077340651315,-56.168378235091126,-117.79115582146372,-1.2894029153422792,-162.46192922797687,-45.96017632185543,-184.80957872360972,-28.79142794899187,-20.61174940581466,-105.02941888525913,0.6187845303867403,0.0,0.43157496642510434,18.0,0.0
KGS,8,2025-01…2025-06,BUY_NOW,16,3,10.0,16,16,0.125,0.20512820512820512,0.609375,0.0,1.5234375,0.25,0.39316239316239315,0.6358695652173914,-100.83915164160427,-44.67077340651315,-56.168378235091126,-117.79115582146372,-1.2894029153422792,-162.46192922797687,-45.96017632185543,-184.80957872360972,-28.79142794899187,-20.61174940581466,-105.02941888525913,0.6187845303867403,0.0,0.43157496642510434,18.0,0.0
KGS,8,2025-01…2025-06,BUY_NOW,16,3,25.0,16,16,0.25,0.3333333333333333,0.75,0.1875,1.5,0.3125,0.47863247863247865,0.6529017857142857,-100.83915164160427,-44.67077340651315,-56.168378235091126,-117.79115582146372,-1.2894029153422792,-162.46192922797687,-45.96017632185543,-184.80957872360972,-28.79142794899187,-20.61174940581466,-105.02941888525913,0.6187845303867403,0.0,0.43157496642510434,18.0,0.0
KGS,8,2025-01…2025-06,BUY_NOW,16,3,50.0,16,16,0.25,0.41025641025641024,0.609375,0.15234375,1.21875,0.3125,0.5641025641025641,0.5539772727272727,-100.83915164160427,-44.67077340651315,-56.168378235091126,-117.79115582146372,-1.2894029153422792,-162.46192922797687,-45.96017632185543,-184.80957872360972,-28.79142794899187,-20.61174940581466,-105.02941888525913,0.6187845303867403,0.0,0.43157496642510434,18.0,0.0
KGS,8,2025-01…2025-06,BUY_NOW,16,5,0.0,16,16,0.125,0.10256410256410256,1.21875,0.0,3.046875,0.25,0.3076923076923077,0.8125,-100.21713427657814,-67.01121549316895,-33.20591878340919,-108.7680750219931,31.532605452496064,-175.77929051516205,-35.47861004067288,-183.4596298211898,-28.30511067432865,-5.721575817404929,-105.02941888525913,0.6187845303867403,0.0,0.43157496642510434,18.0,0.0
KGS,8,2025-01…2025-06,BUY_NOW,16,5,10.0,16,16,0.125,0.13675213675213677,0.9140624999999999,0.0,2.2851562499999996,0.3125,0.3504273504273504,0.8917682926829269,-100.21713427657814,-67.01121549316895,-33.20591878340919,-108.7680750219931,31.532605452496064,-175.77929051516205,-35.47861004067288,-183.4596298211898,-28.30511067432865,-5.721575817404929,-105.02941888525913,0.6187845303867403,0.0,0.43157496642510434,18.0,0.0
KGS,8,2025-01…2025-06,BUY_NOW,16,5,25.0,16,16,0.25,0.23931623931623933,1.0446428571428572,0.2611607142857143,2.0892857142857144,0.375,0.4188034188034188,0.8954081632653061,-100.21713427657814,-67.01121549316895,-33.20591878340919,-108.7680750219931,31.532605452496064,-175.77929051516205,-35.47861004067288,-183.4596298211898,-28.30511067432865,-5.721575817404929,-105.02941888525913,0.6187845303867403,0.0,0.43157496642510434,18.0,0.0
KGS,8,2025-01…2025-06,BUY_NOW,16,5,50.0,16,16,0.25,0.29914529914529914,0.8357142857142857,0.20892857142857144,1.6714285714285715,0.4375,0.5128205128205128,0.853125,-100.21713427657814,-67.01121549316895,-33.20591878340919,-108.7680750219931,31.532605452496064,-175.77929051516205,-35.47861004067288,-183.4596298211898,-28.30511067432865,-5.721575817404929,-105.02941888525913,0.6187845303867403,0.0,0.43157496642510434,18.0,0.0
KGS,8,2025-01…2025-06,BUY_NOW,16,10,0.0,16,16,0.0625,0.042735042735042736,1.4625,0.0,4.3875,0.3125,0.2222222222222222,1.40625,-120.96755241920428,-122.0998520302291,1.1322996110248198,-95.90347534155026,86.51192394525438,-218.00332737177936,-35.58792808497471,-211.3270495168846,-36.75368960825805,22.10744674504286,-105.02941888525913,0.6187845303867403,0.0,0.43157496642510434,18.0,0.0
KGS,8,2025-01…2025-06,BUY_NOW,16,10,10.0,16,16,0.0625,0.06837606837606838,0.9140624999999999,0.0,2.7421874999999996,0.375,0.24786324786324787,1.5129310344827587,-120.96755241920428,-122.0998520302291,1.1322996110248198,-95.90347534155026,86.51192394525438,-218.00332737177936,-35.58792808497471,-211.3270495168846,-36.75368960825805,22.10744674504286,-105.02941888525913,0.6187845303867403,0.0,0.43157496642510434,18.0,0.0
KGS,8,2025-01…2025-06,BUY_NOW,16,10,25.0,16,16,0.125,0.10256410256410256,1.21875,0.0,3.046875,0.4375,0.29914529914529914,1.4625000000000001,-120.96755241920428,-122.0998520302291,1.1322996110248198,-95.90347534155026,86.51192394525438,-218.00332737177936,-35.58792808497471,-211.3270495168846,-36.75368960825805,22.10744674504286,-105.02941888525913,0.6187845303867403,0.0,0.43157496642510434,18.0,0.0
KGS,8,2025-01…2025-06,BUY_NOW,16,10,50.0,16,16,0.1875,0.1623931623931624,1.1546052631578947,0.0,2.3092105263157894,0.5,0.358974358974359,1.3928571428571428,-120.96755241920428,-122.0998520302291,1.1322996110248198,-95.90347534155026,86.51192394525438,-218.00332737177936,-35.58792808497471,-211.3270495168846,-36.75368960825805,22.10744674504286,-105.02941888525913,0.6187845303867403,0.0,0.43157496642510434,18.0,0.0
KGS,8,2025-01…2025-06,BUY_NOW,16,20,0.0,16,16,0.0,0.008547008547008548,0.0,0.0,0.0,0.125,0.08547008547008547,1.4625,-193.91818661102639,-221.43511533665657,27.51692872563018,-70.45512369025238,118.384531595367,-291.89023902690894,-103.05058374128957,-319.7039043925315,-87.54695739150887,38.37009495538231,-105.02941888525913,0.6187845303867403,0.0,0.43157496642510434,18.0,0.0
KGS,8,2025-01…2025-06,BUY_NOW,16,20,10.0,16,16,0.0,0.008547008547008548,0.0,0.0,0.0,0.125,0.1111111111111111,1.125,-193.91818661102639,-221.43511533665657,27.51692872563018,-70.45512369025238,118.384531595367,-291.89023902690894,-103.05058374128957,-319.7039043925315,-87.54695739150887,38.37009495538231,-105.02941888525913,0.6187845303867403,0.0,0.43157496642510434,18.0,0.0
KGS,8,2025-01…2025-06,BUY_NOW,16,20,25.0,16,16,0.0,0.02564102564102564,0.0,0.0,0.0,0.25,0.15384615384615385,1.625,-193.91818661102639,-221.43511533665657,27.51692872563018,-70.45512369025238,118.384531595367,-291.89023902690894,-103.05058374128957,-319.7039043925315,-87.54695739150887,38.37009495538231,-105.02941888525913,0.6187845303867403,0.0,0.43157496642510434,18.0,0.0
KGS,8,2025-01…2025-06,BUY_NOW,16,20,50.0,16,16,0.0,0.03418803418803419,0.0,0.0,0.0,0.3125,0.20512820512820512,1.5234375,-193.91818661102639,-221.43511533665657,27.51692872563018,-70.45512369025238,118.384531595367,-291.89023902690894,-103.05058374128957,-319.7039043925315,-87.54695739150887,38.37009495538231,-105.02941888525913,0.6187845303867403,0.0,0.43157496642510434,18.0,0.0
KGS,9,2025-07…2025-12,BUY_NOW,5,1,0.0,5,5,0.4,0.49230769230769234,0.8125,0.0,1.625,0.4,0.49230769230769234,0.8125,-57.59582913575279,0.7116500125203306,-58.30747914827312,-153.1224391381604,43.285156255513705,-152.41078912564006,43.996806268034035,-174.34476875741976,46.54745422040806,-9.947036200963487,89.14264054419507,0.19021739130434784,0.0,0.8357692423222561,92.0,0.3333333333333333
KGS,9,2025-07…2025-12,BUY_NOW,5,1,10.0,5,5,0.4,0.5538461538461539,0.7222222222222222,0.0,1.4444444444444444,0.4,0.5538461538461539,0.7222222222222222,-57.59582913575279,0.7116500125203306,-58.30747914827312,-153.1224391381604,43.285156255513705,-152.41078912564006,43.996806268034035,-174.34476875741976,46.54745422040806,-9.947036200963487,89.14264054419507,0.19021739130434784,0.0,0.8357692423222561,92.0,0.3333333333333333
KGS,9,2025-07…2025-12,BUY_NOW,5,1,25.0,5,5,0.6,0.6461538461538462,0.9285714285714285,0.30952380952380953,1.5476190476190474,0.6,0.6461538461538462,0.9285714285714285,-57.59582913575279,0.7116500125203306,-58.30747914827312,-153.1224391381604,43.285156255513705,-152.41078912564006,43.996806268034035,-174.34476875741976,46.54745422040806,-9.947036200963487,89.14264054419507,0.19021739130434784,0.0,0.8357692423222561,92.0,0.3333333333333333
KGS,9,2025-07…2025-12,BUY_NOW,5,1,50.0,5,5,0.6,0.8076923076923077,0.7428571428571428,0.24761904761904763,1.2380952380952381,0.6,0.8076923076923077,0.7428571428571428,-57.59582913575279,0.7116500125203306,-58.30747914827312,-153.1224391381604,43.285156255513705,-152.41078912564006,43.996806268034035,-174.34476875741976,46.54745422040806,-9.947036200963487,89.14264054419507,0.19021739130434784,0.0,0.8357692423222561,92.0,0.3333333333333333
KGS,9,2025-07…2025-12,BUY_NOW,5,3,0.0,5,5,0.2,0.35384615384615387,0.5652173913043478,0.0,1.6956521739130432,0.2,0.49230769230769234,0.40625,-14.178971518344685,1.1782224639986871,-15.357193982343372,-123.90342589925997,109.63788884571302,-122.72520343526128,110.81611130971172,-122.72520343526128,112.49859934815308,27.536565033845715,89.14264054419507,0.19021739130434784,0.0,0.8357692423222561,92.0,0.3333333333333333
KGS,9,2025-07…2025-12,BUY_NOW,5,3,10.0,5,5,0.2,0.36923076923076925,0.5416666666666666,0.0,1.6249999999999998,0.4,0.5307692307692308,0.7536231884057971,-14.178971518344685,1.1782224639986871,-15.357193982343372,-123.90342589925997,109.63788884571302,-122.72520343526128,110.81611130971172,-122.72520343526128,112.49859934815308,27.536565033845715,89.14264054419507,0.19021739130434784,0.0,0.8357692423222561,92.0,0.3333333333333333
KGS,9,2025-07…2025-12,BUY_NOW,5,3,25.0,5,5,0.2,0.4230769230769231,0.4727272727272728,0.0,1.4181818181818182,0.4,0.6,0.6666666666666667,-14.178971518344685,1.1782224639986871,-15.357193982343372,-123.90342589925997,109.63788884571302,-122.72520343526128,110.81611130971172,-122.72520343526128,112.49859934815308,27.536565033845715,89.14264054419507,0.19021739130434784,0.0,0.8357692423222561,92.0,0.3333333333333333
KGS,9,2025-07…2025-12,BUY_NOW,5,3,50.0,5,5,0.2,0.5846153846153846,0.34210526315789475,0.0,1.026315789473684,0.8,0.7307692307692307,1.0947368421052632,-14.178971518344685,1.1782224639986871,-15.357193982343372,-123.90342589925997,109.63788884571302,-122.72520343526128,110.81611130971172,-122.72520343526128,112.49859934815308,27.536565033845715,89.14264054419507,0.19021739130434784,0.0,0.8357692423222561,92.0,0.3333333333333333
KGS,9,2025-07…2025-12,BUY_NOW,5,5,0.0,5,5,0.2,0.2923076923076923,0.6842105263157895,0.0,2.052631578947368,0.6,0.5307692307692308,1.1304347826086956,27.36759733325411,1.210388577958476,26.157208755295635,-72.06729696034205,151.54835266060357,-70.85690838238357,152.75874123856204,-99.31706862986556,151.31117778468956,62.06933227313738,89.14264054419507,0.19021739130434784,0.0,0.8357692423222561,92.0,0.3333333333333333
KGS,9,2025-07…2025-12,BUY_NOW,5,5,10.0,5,5,0.2,0.3153846153846154,0.6341463414634146,0.0,1.9024390243902438,0.6,0.5307692307692308,1.1304347826086956,27.36759733325411,1.210388577958476,26.157208755295635,-72.06729696034205,151.54835266060357,-70.85690838238357,152.75874123856204,-99.31706862986556,151.31117778468956,62.06933227313738,89.14264054419507,0.19021739130434784,0.0,0.8357692423222561,92.0,0.3333333333333333
KGS,9,2025-07…2025-12,BUY_NOW,5,5,25.0,5,5,0.2,0.36153846153846153,0.5531914893617021,0.0,1.6595744680851063,0.6,0.5769230769230769,1.04,27.36759733325411,1.210388577958476,26.157208755295635,-72.06729696034205,151.54835266060357,-70.85690838238357,152.75874123856204,-99.31706862986556,151.31117778468956,62.06933227313738,89.14264054419507,0.19021739130434784,0.0,0.8357692423222561,92.0,0.3333333333333333
KGS,9,2025-07…2025-12,BUY_NOW,5,5,50.0,5,5,0.2,0.5,0.4,0.0,1.2,0.6,0.6384615384615384,0.9397590361445783,27.36759733325411,1.210388577958476,26.157208755295635,-72.06729696034205,151.54835266060357,-70.85690838238357,152.75874123856204,-99.31706862986556,151.31117778468956,62.06933227313738,89.14264054419507,0.19021739130434784,0.0,0.8357692423222561,92.0,0.3333333333333333
KGS,9,2025-07…2025-12,BUY_NOW,5,10,0.0,5,5,0.2,0.2153846153846154,0.9285714285714286,0.0,2.7857142857142856,0.6,0.46923076923076923,1.2786885245901638,44.72856173376893,0.28136286761152335,44.44719886615741,-73.60402578223038,162.49842351454518,-73.32266291461886,162.77978638215671,-100.54520797173839,141.57774153744046,74.15706786722231,89.14264054419507,0.19021739130434784,0.0,0.8357692423222561,92.0,0.3333333333333333
KGS,9,2025-07…2025-12,BUY_NOW,5,10,10.0,5,5,0.2,0.2230769230769231,0.896551724137931,0.0,2.6896551724137927,0.6,0.5153846153846153,1.164179104477612,44.72856173376893,0.28136286761152335,44.44719886615741,-73.60402578223038,162.49842351454518,-73.32266291461886,162.77978638215671,-100.54520797173839,141.57774153744046,74.15706786722231,89.14264054419507,0.19021739130434784,0.0,0.8357692423222561,92.0,0.3333333333333333
KGS,9,2025-07…2025-12,BUY_NOW,5,10,25.0,5,5,0.2,0.26153846153846155,0.7647058823529411,0.0,2.2941176470588234,0.6,0.5307692307692308,1.1304347826086956,44.72856173376893,0.28136286761152335,44.44719886615741,-73.60402578223038,162.49842351454518,-73.32266291461886,162.77978638215671,-100.54520797173839,141.57774153744046,74.15706786722231,89.14264054419507,0.19021739130434784,0.0,0.8357692423222561,92.0,0.3333333333333333
KGS,9,2025-07…2025-12,BUY_NOW,5,10,50.0,5,5,0.2,0.4076923076923077,0.4905660377358491,0.0,1.471698113207547,0.6,0.6,1.0,44.72856173376893,0.28136286761152335,44.44719886615741,-73.60402578223038,162.49842351454518,-73.32266291461886,162.77978638215671,-100.54520797173839,141.57774153744046,74.15706786722231,89.14264054419507,0.19021739130434784,0.0,0.8357692423222561,92.0,0.3333333333333333
KGS,9,2025-07…2025-12,BUY_NOW,5,20,0.0,5,5,0.2,0.16153846153846155,1.2380952380952381,0.0,3.714285714285714,0.4,0.47692307692307695,0.8387096774193549,38.07443959462243,-6.366992636140395,44.44143223076283,-53.87787704318745,149.86877317830516,-60.24486967932785,143.50178054216477,-48.82436570265658,100.70446521420224,83.63877363973106,89.14264054419507,0.19021739130434784,0.0,0.8357692423222561,92.0,0.3333333333333333
KGS,9,2025-07…2025-12,BUY_NOW,5,20,10.0,5,5,0.2,0.17692307692307693,1.1304347826086956,0.0,3.3913043478260865,0.4,0.4846153846153846,0.8253968253968255,38.07443959462243,-6.366992636140395,44.44143223076283,-53.87787704318745,149.86877317830516,-60.24486967932785,143.50178054216477,-48.82436570265658,100.70446521420224,83.63877363973106,89.14264054419507,0.19021739130434784,0.0,0.8357692423222561,92.0,0.3333333333333333
KGS,9,2025-07…2025-12,BUY_NOW,5,20,25.0,5,5,0.2,0.2076923076923077,0.9629629629629629,0.0,2.888888888888889,0.4,0.5230769230769231,0.7647058823529411,38.07443959462243,-6.366992636140395,44.44143223076283,-53.87787704318745,149.86877317830516,-60.24486967932785,143.50178054216477,-48.82436570265658,100.70446521420224,83.63877363973106,89.14264054419507,0.19021739130434784,0.0,0.8357692423222561,92.0,0.3333333333333333
KGS,9,2025-07…2025-12,BUY_NOW,5,20,50.0,5,5,0.2,0.3153846153846154,0.6341463414634146,0.0,1.9024390243902438,0.8,0.5615384615384615,1.4246575342465755,38.07443959462243,-6.366992636140395,44.44143223076283,-53.87787704318745,149.86877317830516,-60.24486967932785,143.50178054216477,-48.82436570265658,100.70446521420224,83.63877363973106,89.14264054419507,0.19021739130434784,0.0,0.8357692423222561,92.0,0.3333333333333333
KGS,10,2026-01…2026-06,BUY_NOW,15,1,0.0,15,15,0.4,0.452991452991453,0.8830188679245283,0.2943396226415094,1.471698113207547,0.4,0.452991452991453,0.8830188679245283,-4.761440133841092,-0.22613585615066906,-4.5353042776904235,-37.13659106546729,26.15661955452775,-37.36272692161796,25.93048369837708,-31.762337779666005,18.864345306255704,18.987934259397562,30.6564422524153,0.580110497237569,0.0,0.8868661538304564,46.0,0.16666666666666666
KGS,10,2026-01…2026-06,BUY_NOW,15,1,10.0,15,15,0.4,0.5384615384615384,0.7428571428571429,0.24761904761904763,1.2380952380952381,0.4,0.5384615384615384,0.7428571428571429,-4.761440133841092,-0.22613585615066906,-4.5353042776904235,-37.13659106546729,26.15661955452775,-37.36272692161796,25.93048369837708,-31.762337779666005,18.864345306255704,18.987934259397562,30.6564422524153,0.580110497237569,0.0,0.8868661538304564,46.0,0.16666666666666666
KGS,10,2026-01…2026-06,BUY_NOW,15,1,25.0,15,15,0.5333333333333333,0.6153846153846154,0.8666666666666666,0.4333333333333333,1.3,0.5333333333333333,0.6153846153846154,0.8666666666666666,-4.761440133841092,-0.22613585615066906,-4.5353042776904235,-37.13659106546729,26.15661955452775,-37.36272692161796,25.93048369837708,-31.762337779666005,18.864345306255704,18.987934259397562,30.6564422524153,0.580110497237569,0.0,0.8868661538304564,46.0,0.16666666666666666
KGS,10,2026-01…2026-06,BUY_NOW,15,1,50.0,15,15,0.8,0.7435897435897436,1.0758620689655172,0.8068965517241379,1.3448275862068966,0.8,0.7435897435897436,1.0758620689655172,-4.761440133841092,-0.22613585615066906,-4.5353042776904235,-37.13659106546729,26.15661955452775,-37.36272692161796,25.93048369837708,-31.762337779666005,18.864345306255704,18.987934259397562,30.6564422524153,0.580110497237569,0.0,0.8868661538304564,46.0,0.16666666666666666
KGS,10,2026-01…2026-06,BUY_NOW,15,3,0.0,15,15,0.3333333333333333,0.3418803418803419,0.975,0.39,1.755,0.5333333333333333,0.48717948717948717,1.0947368421052632,4.587251583144588,-0.8240218067656634,5.411273389910251,-50.25453433165249,57.41656300346853,-51.07855613841816,56.59254119670287,-23.788473896707963,31.12197564861141,24.19925707890558,30.6564422524153,0.580110497237569,0.0,0.8868661538304564,46.0,0.16666666666666666
KGS,10,2026-01…2026-06,BUY_NOW,15,3,10.0,15,15,0.3333333333333333,0.36752136752136755,0.9069767441860463,0.36279069767441857,1.6325581395348836,0.6666666666666666,0.5299145299145299,1.2580645161290323,4.587251583144588,-0.8240218067656634,5.411273389910251,-50.25453433165249,57.41656300346853,-51.07855613841816,56.59254119670287,-23.788473896707963,31.12197564861141,24.19925707890558,30.6564422524153,0.580110497237569,0.0,0.8868661538304564,46.0,0.16666666666666666
KGS,10,2026-01…2026-06,BUY_NOW,15,3,25.0,15,15,0.4666666666666667,0.4358974358974359,1.0705882352941176,0.45882352941176474,1.6823529411764704,0.6666666666666666,0.5811965811965812,1.1470588235294117,4.587251583144588,-0.8240218067656634,5.411273389910251,-50.25453433165249,57.41656300346853,-51.07855613841816,56.59254119670287,-23.788473896707963,31.12197564861141,24.19925707890558,30.6564422524153,0.580110497237569,0.0,0.8868661538304564,46.0,0.16666666666666666
KGS,10,2026-01…2026-06,BUY_NOW,15,3,50.0,15,15,0.5333333333333333,0.5213675213675214,1.022950819672131,0.5114754098360655,1.5344262295081967,0.7333333333333333,0.6410256410256411,1.144,4.587251583144588,-0.8240218067656634,5.411273389910251,-50.25453433165249,57.41656300346853,-51.07855613841816,56.59254119670287,-23.788473896707963,31.12197564861141,24.19925707890558,30.6564422524153,0.580110497237569,0.0,0.8868661538304564,46.0,0.16666666666666666
KGS,10,2026-01…2026-06,BUY_NOW,15,5,0.0,15,15,0.3333333333333333,0.27350427350427353,1.2187499999999998,0.48749999999999993,2.1937499999999996,0.6,0.5128205128205128,1.1700000000000002,14.224950696896475,-1.3718591777167901,15.596809874613264,-56.73574807040213,87.32654370493647,-58.107607248118924,85.95468452721968,-27.99757791300461,51.91399302434559,28.004498122320864,30.6564422524153,0.580110497237569,0.0,0.8868661538304564,46.0,0.16666666666666666
KGS,10,2026-01…2026-06,BUY_NOW,15,5,10.0,15,15,0.3333333333333333,0.28205128205128205,1.1818181818181817,0.4727272727272727,2.1272727272727274,0.6,0.5384615384615384,1.1142857142857143,14.224950696896475,-1.3718591777167901,15.596809874613264,-56.73574807040213,87.32654370493647,-58.107607248118924,85.95468452721968,-27.99757791300461,51.91399302434559,28.004498122320864,30.6564422524153,0.580110497237569,0.0,0.8868661538304564,46.0,0.16666666666666666
KGS,10,2026-01…2026-06,BUY_NOW,15,5,25.0,15,15,0.4666666666666667,0.3504273504273504,1.3317073170731708,0.5707317073170732,2.0926829268292684,0.6,0.5555555555555556,1.0799999999999998,14.224950696896475,-1.3718591777167901,15.596809874613264,-56.73574807040213,87.32654370493647,-58.107607248118924,85.95468452721968,-27.99757791300461,51.91399302434559,28.004498122320864,30.6564422524153,0.580110497237569,0.0,0.8868661538304564,46.0,0.16666666666666666
KGS,10,2026-01…2026-06,BUY_NOW,15,5,50.0,15,15,0.5333333333333333,0.4444444444444444,1.2,0.6,1.8000000000000003,0.6,0.5897435897435898,1.017391304347826,14.224950696896475,-1.3718591777167901,15.596809874613264,-56.73574807040213,87.32654370493647,-58.107607248118924,85.95468452721968,-27.99757791300461,51.91399302434559,28.004498122320864,30.6564422524153,0.580110497237569,0.0,0.8868661538304564,46.0,0.16666666666666666
KGS,10,2026-01…2026-06,BUY_NOW,15,10,0.0,15,15,0.26666666666666666,0.23076923076923078,1.1555555555555554,0.28888888888888886,2.022222222222222,0.6,0.49572649572649574,1.2103448275862068,33.86793079808566,-2.589129845353031,36.45706064343869,-59.17519833043704,130.87748900555326,-61.76432817579007,128.28835916020023,-60.74275820211591,128.81840240333474,50.524711813829676,30.6564422524153,0.580110497237569,0.0,0.8868661538304564,46.0,0.16666666666666666
KGS,10,2026-01…2026-06,BUY_NOW,15,10,10.0,15,15,0.26666666666666666,0.23931623931623933,1.1142857142857143,0.2785714285714286,1.95,0.6,0.5042735042735043,1.1898305084745762,33.86793079808566,-2.589129845353031,36.45706064343869,-59.17519833043704,130.87748900555326,-61.76432817579007,128.28835916020023,-60.74275820211591,128.81840240333474,50.524711813829676,30.6564422524153,0.580110497237569,0.0,0.8868661538304564,46.0,0.16666666666666666
KGS,10,2026-01…2026-06,BUY_NOW,15,10,25.0,15,15,0.3333333333333333,0.27350427350427353,1.2187499999999998,0.48749999999999993,2.1937499999999996,0.6,0.5213675213675214,1.1508196721311474,33.86793079808566,-2.589129845353031,36.45706064343869,-59.17519833043704,130.87748900555326,-61.76432817579007,128.28835916020023,-60.74275820211591,128.81840240333474,50.524711813829676,30.6564422524153,0.580110497237569,0.0,0.8868661538304564,46.0,0.16666666666666666
KGS,10,2026-01…2026-06,BUY_NOW,15,10,50.0,15,15,0.4666666666666667,0.358974358974359,1.3,0.5571428571428572,2.0428571428571427,0.6,0.5384615384615384,1.1142857142857143,33.86793079808566,-2.589129845353031,36.45706064343869,-59.17519833043704,130.87748900555326,-61.76432817579007,128.28835916020023,-60.74275820211591,128.81840240333474,50.524711813829676,30.6564422524153,0.580110497237569,0.0,0.8868661538304564,46.0,0.16666666666666666
KGS,10,2026-01…2026-06,BUY_NOW,15,20,0.0,15,15,0.2,0.19658119658119658,1.0173913043478262,0.0,2.0347826086956524,0.6666666666666666,0.5213675213675214,1.2786885245901638,112.53067161929688,5.753419433060342,106.77725218623654,-15.084570104975565,231.97562871190604,-9.331150671915223,237.72904814496638,-55.0390766678978,263.5878395341258,125.34389234089865,30.6564422524153,0.580110497237569,0.0,0.8868661538304564,46.0,0.16666666666666666
KGS,10,2026-01…2026-06,BUY_NOW,15,20,10.0,15,15,0.2,0.20512820512820512,0.9750000000000001,0.0,1.9500000000000002,0.6666666666666666,0.5299145299145299,1.2580645161290323,112.53067161929688,5.753419433060342,106.77725218623654,-15.084570104975565,231.97562871190604,-9.331150671915223,237.72904814496638,-55.0390766678978,263.5878395341258,125.34389234089865,30.6564422524153,0.580110497237569,0.0,0.8868661538304564,46.0,0.16666666666666666
KGS,10,2026-01…2026-06,BUY_NOW,15,20,25.0,15,15,0.26666666666666666,0.23931623931623933,1.1142857142857143,0.2785714285714286,2.2285714285714286,0.6666666666666666,0.5384615384615384,1.2380952380952381,112.53067161929688,5.753419433060342,106.77725218623654,-15.084570104975565,231.97562871190604,-9.331150671915223,237.72904814496638,-55.0390766678978,263.5878395341258,125.34389234089865,30.6564422524153,0.580110497237569,0.0,0.8868661538304564,46.0,0.16666666666666666
KGS,10,2026-01…2026-06,BUY_NOW,15,20,50.0,15,15,0.4,0.3076923076923077,1.3,0.65,2.1666666666666665,0.6666666666666666,0.5470085470085471,1.2187499999999998,112.53067161929688,5.753419433060342,106.77725218623654,-15.084570104975565,231.97562871190604,-9.331150671915223,237.72904814496638,-55.0390766678978,263.5878395341258,125.34389234089865,30.6564422524153,0.580110497237569,0.0,0.8868661538304564,46.0,0.16666666666666666
KZT,0,2021-01…2021-06,BUY_NOW,21,1,0.0,18,18,0.6111111111111112,0.4661016949152542,1.3111111111111113,0.8343434343434344,1.787878787878788,0.6111111111111112,0.4661016949152542,1.3111111111111113,4.388048666403299,-3.1902388160747464,7.5782874824780455,-14.433161670871716,30.928297523837454,-17.623400486946462,27.738058707762708,-17.458429258562965,36.32335215223133,16.38762022559791,27.116519321530895,0.6961325966850829,0.0,0.4474461818055511,21.0,0.0
KZT,0,2021-01…2021-06,BUY_NOW,21,1,10.0,18,18,0.6111111111111112,0.5423728813559322,1.1267361111111112,0.717013888888889,1.5364583333333335,0.6111111111111112,0.5423728813559322,1.1267361111111112,4.388048666403299,-3.1902388160747464,7.5782874824780455,-14.433161670871716,30.928297523837454,-17.623400486946462,27.738058707762708,-17.458429258562965,36.32335215223133,16.38762022559791,27.116519321530895,0.6961325966850829,0.0,0.4474461818055511,21.0,0.0
KZT,0,2021-01…2021-06,BUY_NOW,21,1,25.0,18,18,0.7222222222222222,0.652542372881356,1.1067821067821066,0.7662337662337662,1.362193362193362,0.7222222222222222,0.652542372881356,1.1067821067821066,4.388048666403299,-3.1902388160747464,7.5782874824780455,-14.433161670871716,30.928297523837454,-17.623400486946462,27.738058707762708,-17.458429258562965,36.32335215223133,16.38762022559791,27.116519321530895,0.6961325966850829,0.0,0.4474461818055511,21.0,0.0
KZT,0,2021-01…2021-06,BUY_NOW,21,1,50.0,18,18,0.8888888888888888,0.8050847457627118,1.104093567251462,0.8970760233918129,1.2421052631578948,0.8888888888888888,0.8050847457627118,1.104093567251462,4.388048666403299,-3.1902388160747464,7.5782874824780455,-14.433161670871716,30.928297523837454,-17.623400486946462,27.738058707762708,-17.458429258562965,36.32335215223133,16.38762022559791,27.116519321530895,0.6961325966850829,0.0,0.4474461818055511,21.0,0.0
KZT,0,2021-01…2021-06,BUY_NOW,21,3,0.0,18,18,0.3888888888888889,0.2627118644067797,1.4802867383512543,0.6344086021505375,2.326164874551971,0.5555555555555556,0.4406779661016949,1.2606837606837609,7.659239857701339,-5.020390666390882,12.679630524092222,-14.925905915807384,38.26504595796014,-19.946296582198265,33.24465529156926,-9.160741291802811,24.10438203647977,21.147617557537764,27.116519321530895,0.6961325966850829,0.0,0.4474461818055511,21.0,0.0
KZT,0,2021-01…2021-06,BUY_NOW,21,3,10.0,18,18,0.5,0.3389830508474576,1.475,0.8194444444444445,2.1305555555555555,0.6111111111111112,0.5254237288135594,1.1630824372759856,7.659239857701339,-5.020390666390882,12.679630524092222,-14.925905915807384,38.26504595796014,-19.946296582198265,33.24465529156926,-9.160741291802811,24.10438203647977,21.147617557537764,27.116519321530895,0.6961325966850829,0.0,0.4474461818055511,21.0,0.0
KZT,0,2021-01…2021-06,BUY_NOW,21,3,25.0,18,18,0.5,0.423728813559322,1.1800000000000002,0.6555555555555557,1.7044444444444444,0.6666666666666666,0.5677966101694916,1.1741293532338306,7.659239857701339,-5.020390666390882,12.679630524092222,-14.925905915807384,38.26504595796014,-19.946296582198265,33.24465529156926,-9.160741291802811,24.10438203647977,21.147617557537764,27.116519321530895,0.6961325966850829,0.0,0.4474461818055511,21.0,0.0
KZT,0,2021-01…2021-06,BUY_NOW,21,3,50.0,18,18,0.6111111111111112,0.5932203389830508,1.0301587301587303,0.6555555555555556,1.4047619047619049,0.7777777777777778,0.7457627118644068,1.042929292929293,7.659239857701339,-5.020390666390882,12.679630524092222,-14.925905915807384,38.26504595796014,-19.946296582198265,33.24465529156926,-9.160741291802811,24.10438203647977,21.147617557537764,27.116519321530895,0.6961325966850829,0.0,0.4474461818055511,21.0,0.0
KZT,0,2021-01…2021-06,BUY_NOW,21,5,0.0,18,18,0.3333333333333333,0.1864406779661017,1.7878787878787878,0.5959595959595959,2.9797979797979797,0.5555555555555556,0.423728813559322,1.3111111111111113,9.979022811951115,-6.620394512985885,16.599417324937,-19.125518406126965,51.576243496039055,-25.74591291911285,44.95584898305317,-13.355947738861536,32.947980104169865,24.588993137960593,27.116519321530895,0.6961325966850829,0.0,0.4474461818055511,21.0,0.0
KZT,0,2021-01…2021-06,BUY_NOW,21,5,10.0,18,18,0.4444444444444444,0.2542372881355932,1.7481481481481482,0.8740740740740741,2.6222222222222222,0.5555555555555556,0.4661016949152542,1.191919191919192,9.979022811951115,-6.620394512985885,16.599417324937,-19.125518406126965,51.576243496039055,-25.74591291911285,44.95584898305317,-13.355947738861536,32.947980104169865,24.588993137960593,27.116519321530895,0.6961325966850829,0.0,0.4474461818055511,21.0,0.0
KZT,0,2021-01…2021-06,BUY_NOW,21,5,25.0,18,18,0.5,0.3305084745762712,1.5128205128205128,0.8404558404558404,2.185185185185185,0.6111111111111112,0.559322033898305,1.0925925925925928,9.979022811951115,-6.620394512985885,16.599417324937,-19.125518406126965,51.576243496039055,-25.74591291911285,44.95584898305317,-13.355947738861536,32.947980104169865,24.588993137960593,27.116519321530895,0.6961325966850829,0.0,0.4474461818055511,21.0,0.0
KZT,0,2021-01…2021-06,BUY_NOW,21,5,50.0,18,18,0.5555555555555556,0.4661016949152542,1.191919191919192,0.7151515151515151,1.6686868686868688,0.6666666666666666,0.711864406779661,0.9365079365079365,9.979022811951115,-6.620394512985885,16.599417324937,-19.125518406126965,51.576243496039055,-25.74591291911285,44.95584898305317,-13.355947738861536,32.947980104169865,24.588993137960593,27.116519321530895,0.6961325966850829,0.0,0.4474461818055511,21.0,0.0
KZT,0,2021-01…2021-06,BUY_NOW,21,10,0.0,18,18,0.3333333333333333,0.13559322033898305,2.458333333333333,0.8194444444444444,4.097222222222222,0.5,0.3728813559322034,1.3409090909090908,18.12644062307368,-9.23182156680976,27.35826218988344,-17.376599660175344,75.23676674570291,-26.608421226985104,66.00494517889315,-33.526021535617076,66.66190778320707,34.85461357496463,27.116519321530895,0.6961325966850829,0.0,0.4474461818055511,21.0,0.0
KZT,0,2021-01…2021-06,BUY_NOW,21,10,10.0,18,18,0.3333333333333333,0.15254237288135594,2.185185185185185,0.728395061728395,3.641975308641975,0.5,0.4152542372881356,1.2040816326530612,18.12644062307368,-9.23182156680976,27.35826218988344,-17.376599660175344,75.23676674570291,-26.608421226985104,66.00494517889315,-33.526021535617076,66.66190778320707,34.85461357496463,27.116519321530895,0.6961325966850829,0.0,0.4474461818055511,21.0,0.0
KZT,0,2021-01…2021-06,BUY_NOW,21,10,25.0,18,18,0.3333333333333333,0.1864406779661017,1.7878787878787878,0.5959595959595959,2.9797979797979797,0.6111111111111112,0.5423728813559322,1.1267361111111112,18.12644062307368,-9.23182156680976,27.35826218988344,-17.376599660175344,75.23676674570291,-26.608421226985104,66.00494517889315,-33.526021535617076,66.66190778320707,34.85461357496463,27.116519321530895,0.6961325966850829,0.0,0.4474461818055511,21.0,0.0
KZT,0,2021-01…2021-06,BUY_NOW,21,10,50.0,18,18,0.3333333333333333,0.2711864406779661,1.2291666666666665,0.4097222222222222,2.048611111111111,0.6666666666666666,0.635593220338983,1.048888888888889,18.12644062307368,-9.23182156680976,27.35826218988344,-17.376599660175344,75.23676674570291,-26.608421226985104,66.00494517889315,-33.526021535617076,66.66190778320707,34.85461357496463,27.116519321530895,0.6961325966850829,0.0,0.4474461818055511,21.0,0.0
KZT,0,2021-01…2021-06,BUY_NOW,21,20,0.0,18,18,0.2777777777777778,0.09322033898305085,2.9797979797979797,1.1919191919191918,5.363636363636363,0.4444444444444444,0.3389830508474576,1.3111111111111111,14.34213668824335,-18.204220636461798,32.54635732470515,-23.746330863358928,92.50943063806498,-41.950551499820726,74.30521000160319,-65.46739848345908,94.51685516828134,41.20213103111929,27.116519321530895,0.6961325966850829,0.0,0.4474461818055511,21.0,0.0
KZT,0,2021-01…2021-06,BUY_NOW,21,20,10.0,18,18,0.2777777777777778,0.11864406779661017,2.3412698412698414,0.9365079365079364,4.214285714285714,0.4444444444444444,0.3644067796610169,1.2196382428940569,14.34213668824335,-18.204220636461798,32.54635732470515,-23.746330863358928,92.50943063806498,-41.950551499820726,74.30521000160319,-65.46739848345908,94.51685516828134,41.20213103111929,27.116519321530895,0.6961325966850829,0.0,0.4474461818055511,21.0,0.0
KZT,0,2021-01…2021-06,BUY_NOW,21,20,25.0,18,18,0.2777777777777778,0.15254237288135594,1.8209876543209875,0.728395061728395,3.2777777777777777,0.4444444444444444,0.4152542372881356,1.0702947845804989,14.34213668824335,-18.204220636461798,32.54635732470515,-23.746330863358928,92.50943063806498,-41.950551499820726,74.30521000160319,-65.46739848345908,94.51685516828134,41.20213103111929,27.116519321530895,0.6961325966850829,0.0,0.4474461818055511,21.0,0.0
KZT,0,2021-01…2021-06,BUY_NOW,21,20,50.0,18,18,0.2777777777777778,0.17796610169491525,1.560846560846561,0.6243386243386243,2.8095238095238098,0.6111111111111112,0.5169491525423728,1.1821493624772315,14.34213668824335,-18.204220636461798,32.54635732470515,-23.746330863358928,92.50943063806498,-41.950551499820726,74.30521000160319,-65.46739848345908,94.51685516828134,41.20213103111929,27.116519321530895,0.6961325966850829,0.0,0.4474461818055511,21.0,0.0
KZT,0,2021-01…2021-06,WINDOW_CLOSING,21,1,0.0,3,3,0.6666666666666666,0.4661016949152542,1.4303030303030302,,,0.6666666666666666,0.4661016949152542,1.4303030303030302,82.6201545279141,-3.1902388160747464,85.81039334398884,,,,,,,27.6571323660287,8.185728648217873,0.11602209944751381,0.0,0.16666666666666666,71.0,0.5
KZT,0,2021-01…2021-06,WINDOW_CLOSING,21,1,10.0,3,3,0.6666666666666666,0.4661016949152542,1.4303030303030302,,,0.6666666666666666,0.4661016949152542,1.4303030303030302,82.6201545279141,-3.1902388160747464,85.81039334398884,,,,,,,27.6571323660287,8.185728648217873,0.11602209944751381,0.0,0.16666666666666666,71.0,0.5
KZT,0,2021-01…2021-06,WINDOW_CLOSING,21,1,25.0,3,3,0.6666666666666666,0.4661016949152542,1.4303030303030302,,,0.6666666666666666,0.4661016949152542,1.4303030303030302,82.6201545279141,-3.1902388160747464,85.81039334398884,,,,,,,27.6571323660287,8.185728648217873,0.11602209944751381,0.0,0.16666666666666666,71.0,0.5
KZT,0,2021-01…2021-06,WINDOW_CLOSING,21,1,50.0,3,3,0.6666666666666666,0.4661016949152542,1.4303030303030302,,,0.6666666666666666,0.4661016949152542,1.4303030303030302,82.6201545279141,-3.1902388160747464,85.81039334398884,,,,,,,27.6571323660287,8.185728648217873,0.11602209944751381,0.0,0.16666666666666666,71.0,0.5
KZT,0,2021-01…2021-06,WINDOW_CLOSING,21,3,0.0,3,3,0.3333333333333333,0.423728813559322,0.7866666666666666,,,0.3333333333333333,0.423728813559322,0.7866666666666666,51.206475428997585,-5.020390666390882,56.226866095388466,,,,,,,9.140468874914523,8.185728648217873,0.11602209944751381,0.0,0.16666666666666666,71.0,0.5
KZT,0,2021-01…2021-06,WINDOW_CLOSING,21,3,10.0,3,3,0.3333333333333333,0.423728813559322,0.7866666666666666,,,0.3333333333333333,0.423728813559322,0.7866666666666666,51.206475428997585,-5.020390666390882,56.226866095388466,,,,,,,9.140468874914523,8.185728648217873,0.11602209944751381,0.0,0.16666666666666666,71.0,0.5
KZT,0,2021-01…2021-06,WINDOW_CLOSING,21,3,25.0,3,3,0.3333333333333333,0.423728813559322,0.7866666666666666,,,0.3333333333333333,0.423728813559322,0.7866666666666666,51.206475428997585,-5.020390666390882,56.226866095388466,,,,,,,9.140468874914523,8.185728648217873,0.11602209944751381,0.0,0.16666666666666666,71.0,0.5
KZT,0,2021-01…2021-06,WINDOW_CLOSING,21,3,50.0,3,3,0.3333333333333333,0.423728813559322,0.7866666666666666,,,0.3333333333333333,0.423728813559322,0.7866666666666666,51.206475428997585,-5.020390666390882,56.226866095388466,,,,,,,9.140468874914523,8.185728648217873,0.11602209944751381,0.0,0.16666666666666666,71.0,0.5
KZT,0,2021-01…2021-06,WINDOW_CLOSING,21,5,0.0,3,3,0.6666666666666666,0.3813559322033898,1.7481481481481482,,,0.6666666666666666,0.3813559322033898,1.7481481481481482,35.702640500174795,-6.620394512985885,42.32303501316068,,,,,,,-0.08159666358957196,8.185728648217873,0.11602209944751381,0.0,0.16666666666666666,71.0,0.5
KZT,0,2021-01…2021-06,WINDOW_CLOSING,21,5,10.0,3,3,0.6666666666666666,0.3813559322033898,1.7481481481481482,,,0.6666666666666666,0.3813559322033898,1.7481481481481482,35.702640500174795,-6.620394512985885,42.32303501316068,,,,,,,-0.08159666358957196,8.185728648217873,0.11602209944751381,0.0,0.16666666666666666,71.0,0.5
KZT,0,2021-01…2021-06,WINDOW_CLOSING,21,5,25.0,3,3,0.6666666666666666,0.3813559322033898,1.7481481481481482,,,0.6666666666666666,0.3813559322033898,1.7481481481481482,35.702640500174795,-6.620394512985885,42.32303501316068,,,,,,,-0.08159666358957196,8.185728648217873,0.11602209944751381,0.0,0.16666666666666666,71.0,0.5
KZT,0,2021-01…2021-06,WINDOW_CLOSING,21,5,50.0,3,3,0.6666666666666666,0.3813559322033898,1.7481481481481482,,,0.6666666666666666,0.3813559322033898,1.7481481481481482,35.702640500174795,-6.620394512985885,42.32303501316068,,,,,,,-0.08159666358957196,8.185728648217873,0.11602209944751381,0.0,0.16666666666666666,71.0,0.5
KZT,0,2021-01…2021-06,WINDOW_CLOSING,21,10,0.0,3,3,0.3333333333333333,0.3644067796610169,0.9147286821705427,,,0.3333333333333333,0.3644067796610169,0.9147286821705427,19.202234818577192,-9.23182156680976,28.434056385386953,,,,,,,5.938840890048479,8.185728648217873,0.11602209944751381,0.0,0.16666666666666666,71.0,0.5
KZT,0,2021-01…2021-06,WINDOW_CLOSING,21,10,10.0,3,3,0.3333333333333333,0.3644067796610169,0.9147286821705427,,,0.3333333333333333,0.3644067796610169,0.9147286821705427,19.202234818577192,-9.23182156680976,28.434056385386953,,,,,,,5.938840890048479,8.185728648217873,0.11602209944751381,0.0,0.16666666666666666,71.0,0.5
KZT,0,2021-01…2021-06,WINDOW_CLOSING,21,10,25.0,3,3,0.3333333333333333,0.3644067796610169,0.9147286821705427,,,0.3333333333333333,0.3644067796610169,0.9147286821705427,19.202234818577192,-9.23182156680976,28.434056385386953,,,,,,,5.938840890048479,8.185728648217873,0.11602209944751381,0.0,0.16666666666666666,71.0,0.5
KZT,0,2021-01…2021-06,WINDOW_CLOSING,21,10,50.0,3,3,0.3333333333333333,0.3644067796610169,0.9147286821705427,,,0.3333333333333333,0.3644067796610169,0.9147286821705427,19.202234818577192,-9.23182156680976,28.434056385386953,,,,,,,5.938840890048479,8.185728648217873,0.11602209944751381,0.0,0.16666666666666666,71.0,0.5
KZT,0,2021-01…2021-06,WINDOW_CLOSING,21,20,0.0,3,3,0.3333333333333333,0.3813559322033898,0.8740740740740741,,,0.3333333333333333,0.3813559322033898,0.8740740740740741,20.063749089975023,-18.204220636461798,38.26796972643682,,,,,,,31.342496786087576,8.185728648217873,0.11602209944751381,0.0,0.16666666666666666,71.0,0.5
KZT,0,2021-01…2021-06,WINDOW_CLOSING,21,20,10.0,3,3,0.3333333333333333,0.3813559322033898,0.8740740740740741,,,0.3333333333333333,0.3813559322033898,0.8740740740740741,20.063749089975023,-18.204220636461798,38.26796972643682,,,,,,,31.342496786087576,8.185728648217873,0.11602209944751381,0.0,0.16666666666666666,71.0,0.5
KZT,0,2021-01…2021-06,WINDOW_CLOSING,21,20,25.0,3,3,0.3333333333333333,0.3813559322033898,0.8740740740740741,,,0.3333333333333333,0.3813559322033898,0.8740740740740741,20.063749089975023,-18.204220636461798,38.26796972643682,,,,,,,31.342496786087576,8.185728648217873,0.11602209944751381,0.0,0.16666666666666666,71.0,0.5
KZT,0,2021-01…2021-06,WINDOW_CLOSING,21,20,50.0,3,3,0.3333333333333333,0.3813559322033898,0.8740740740740741,,,0.3333333333333333,0.3813559322033898,0.8740740740740741,20.063749089975023,-18.204220636461798,38.26796972643682,,,,,,,31.342496786087576,8.185728648217873,0.11602209944751381,0.0,0.16666666666666666,71.0,0.5
KZT,1,2021-07…2021-12,BUY_NOW,22,1,0.0,20,20,0.5,0.4496124031007752,1.1120689655172413,0.6672413793103448,1.5568965517241378,0.5,0.4496124031007752,1.1120689655172413,1.2063894024149096,0.872242453223514,0.33414694919139554,-16.213878770455807,17.90406376438498,-15.341636317232291,18.776306217608493,-8.266695945774396,13.805476512602972,5.058215803654676,14.279060418141478,0.7608695652173914,0.0,0.2945929562327194,16.0,0.0
KZT,1,2021-07…2021-12,BUY_NOW,22,1,10.0,20,20,0.65,0.5581395348837209,1.1645833333333333,0.80625,1.5229166666666667,0.65,0.5581395348837209,1.1645833333333333,1.2063894024149096,0.872242453223514,0.33414694919139554,-16.213878770455807,17.90406376438498,-15.341636317232291,18.776306217608493,-8.266695945774396,13.805476512602972,5.058215803654676,14.279060418141478,0.7608695652173914,0.0,0.2945929562327194,16.0,0.0
KZT,1,2021-07…2021-12,BUY_NOW,22,1,25.0,20,20,0.7,0.7131782945736435,0.9815217391304346,0.7010869565217391,1.2619565217391304,0.7,0.7131782945736435,0.9815217391304346,1.2063894024149096,0.872242453223514,0.33414694919139554,-16.213878770455807,17.90406376438498,-15.341636317232291,18.776306217608493,-8.266695945774396,13.805476512602972,5.058215803654676,14.279060418141478,0.7608695652173914,0.0,0.2945929562327194,16.0,0.0
KZT,1,2021-07…2021-12,BUY_NOW,22,1,50.0,20,20,0.9,0.8914728682170543,1.0095652173913043,0.8413043478260869,1.1217391304347826,0.9,0.8914728682170543,1.0095652173913043,1.2063894024149096,0.872242453223514,0.33414694919139554,-16.213878770455807,17.90406376438498,-15.341636317232291,18.776306217608493,-8.266695945774396,13.805476512602972,5.058215803654676,14.279060418141478,0.7608695652173914,0.0,0.2945929562327194,16.0,0.0
KZT,1,2021-07…2021-12,BUY_NOW,22,3,0.0,20,20,0.3,0.29457364341085274,1.018421052631579,0.3394736842105263,1.6973684210526314,0.4,0.4806201550387597,0.832258064516129,-1.4263248697077289,0.7696830498997921,-2.196007919607521,-26.99816566049769,23.43877425132387,-26.228482610597897,24.208457301223664,-15.247451324514204,17.676593868827187,6.102878005747826,14.279060418141478,0.7608695652173914,0.0,0.2945929562327194,16.0,0.0
KZT,1,2021-07…2021-12,BUY_NOW,22,3,10.0,20,20,0.35,0.3643410852713178,0.9606382978723405,0.4117021276595745,1.5095744680851066,0.45,0.5193798449612403,0.8664179104477612,-1.4263248697077289,0.7696830498997921,-2.196007919607521,-26.99816566049769,23.43877425132387,-26.228482610597897,24.208457301223664,-15.247451324514204,17.676593868827187,6.102878005747826,14.279060418141478,0.7608695652173914,0.0,0.2945929562327194,16.0,0.0
KZT,1,2021-07…2021-12,BUY_NOW,22,3,25.0,20,20,0.35,0.49612403100775193,0.70546875,0.30234374999999997,1.10859375,0.6,0.6356589147286822,0.9439024390243902,-1.4263248697077289,0.7696830498997921,-2.196007919607521,-26.99816566049769,23.43877425132387,-26.228482610597897,24.208457301223664,-15.247451324514204,17.676593868827187,6.102878005747826,14.279060418141478,0.7608695652173914,0.0,0.2945929562327194,16.0,0.0
KZT,1,2021-07…2021-12,BUY_NOW,22,3,50.0,20,20,0.6,0.6666666666666666,0.9,0.525,1.2000000000000002,0.85,0.8527131782945736,0.9968181818181818,-1.4263248697077289,0.7696830498997921,-2.196007919607521,-26.99816566049769,23.43877425132387,-26.228482610597897,24.208457301223664,-15.247451324514204,17.676593868827187,6.102878005747826,14.279060418141478,0.7608695652173914,0.0,0.2945929562327194,16.0,0.0
KZT,1,2021-07…2021-12,BUY_NOW,22,5,0.0,20,20,0.3,0.24031007751937986,1.2483870967741935,0.4161290322580645,2.0806451612903225,0.45,0.46511627906976744,0.9675,3.9815570955362127,0.7810987744197379,3.200458321116475,-28.78127982466828,36.36408626621399,-28.000181050248543,37.14518504063373,-18.57619804880084,38.261863728113944,11.019878789545913,14.279060418141478,0.7608695652173914,0.0,0.2945929562327194,16.0,0.0
KZT,1,2021-07…2021-12,BUY_NOW,22,5,10.0,20,20,0.35,0.2713178294573643,1.29,0.5528571428571428,2.0271428571428576,0.45,0.5271317829457365,0.8536764705882353,3.9815570955362127,0.7810987744197379,3.200458321116475,-28.78127982466828,36.36408626621399,-28.000181050248543,37.14518504063373,-18.57619804880084,38.261863728113944,11.019878789545913,14.279060418141478,0.7608695652173914,0.0,0.2945929562327194,16.0,0.0
KZT,1,2021-07…2021-12,BUY_NOW,22,5,25.0,20,20,0.35,0.4108527131782946,0.8518867924528302,0.3650943396226415,1.338679245283019,0.65,0.6046511627906976,1.0750000000000002,3.9815570955362127,0.7810987744197379,3.200458321116475,-28.78127982466828,36.36408626621399,-28.000181050248543,37.14518504063373,-18.57619804880084,38.261863728113944,11.019878789545913,14.279060418141478,0.7608695652173914,0.0,0.2945929562327194,16.0,0.0
KZT,1,2021-07…2021-12,BUY_NOW,22,5,50.0,20,20,0.55,0.5348837209302325,1.0282608695652176,0.6543478260869565,1.4021739130434785,0.8,0.7751937984496124,1.032,3.9815570955362127,0.7810987744197379,3.200458321116475,-28.78127982466828,36.36408626621399,-28.000181050248543,37.14518504063373,-18.57619804880084,38.261863728113944,11.019878789545913,14.279060418141478,0.7608695652173914,0.0,0.2945929562327194,16.0,0.0
KZT,1,2021-07…2021-12,BUY_NOW,22,10,0.0,20,20,0.2,0.15503875968992248,1.29,0.3225,2.58,0.5,0.4883720930232558,1.023809523809524,3.076652263502675,1.9507261572402148,1.1259261062624601,-40.013791526089,43.07905430923608,-38.06306536884879,45.02978046647629,-32.298383610047864,61.43583354441651,12.600045964155479,14.279060418141478,0.7608695652173914,0.0,0.2945929562327194,16.0,0.0
KZT,1,2021-07…2021-12,BUY_NOW,22,10,10.0,20,20,0.25,0.1937984496124031,1.29,0.516,2.322,0.55,0.5116279069767442,1.075,3.076652263502675,1.9507261572402148,1.1259261062624601,-40.013791526089,43.07905430923608,-38.06306536884879,45.02978046647629,-32.298383610047864,61.43583354441651,12.600045964155479,14.279060418141478,0.7608695652173914,0.0,0.2945929562327194,16.0,0.0
KZT,1,2021-07…2021-12,BUY_NOW,22,10,25.0,20,20,0.25,0.3178294573643411,0.7865853658536585,0.3146341463414634,1.4158536585365853,0.55,0.5658914728682171,0.9719178082191782,3.076652263502675,1.9507261572402148,1.1259261062624601,-40.013791526089,43.07905430923608,-38.06306536884879,45.02978046647629,-32.298383610047864,61.43583354441651,12.600045964155479,14.279060418141478,0.7608695652173914,0.0,0.2945929562327194,16.0,0.0
KZT,1,2021-07…2021-12,BUY_NOW,22,10,50.0,20,20,0.5,0.4186046511627907,1.1944444444444444,0.7166666666666666,1.672222222222222,0.7,0.6821705426356589,1.0261363636363636,3.076652263502675,1.9507261572402148,1.1259261062624601,-40.013791526089,43.07905430923608,-38.06306536884879,45.02978046647629,-32.298383610047864,61.43583354441651,12.600045964155479,14.279060418141478,0.7608695652173914,0.0,0.2945929562327194,16.0,0.0
KZT,1,2021-07…2021-12,BUY_NOW,22,20,0.0,20,20,0.15,0.10077519379844961,1.4884615384615385,0.0,2.976923076923077,0.4,0.4418604651162791,0.9052631578947369,7.012568777182873,10.733408670057983,-3.7208398928751105,-59.33155959068816,52.40283004227142,-48.598150920630175,63.1362387123294,-38.721903515422326,67.68192490534459,16.56043192974105,14.279060418141478,0.7608695652173914,0.0,0.2945929562327194,16.0,0.0
KZT,1,2021-07…2021-12,BUY_NOW,22,20,10.0,20,20,0.25,0.14728682170542637,1.6973684210526314,0.6789473684210526,3.0552631578947365,0.4,0.49612403100775193,0.80625,7.012568777182873,10.733408670057983,-3.7208398928751105,-59.33155959068816,52.40283004227142,-48.598150920630175,63.1362387123294,-38.721903515422326,67.68192490534459,16.56043192974105,14.279060418141478,0.7608695652173914,0.0,0.2945929562327194,16.0,0.0
KZT,1,2021-07…2021-12,BUY_NOW,22,20,25.0,20,20,0.25,0.2248062015503876,1.1120689655172413,0.44482758620689655,2.0017241379310344,0.45,0.5271317829457365,0.8536764705882353,7.012568777182873,10.733408670057983,-3.7208398928751105,-59.33155959068816,52.40283004227142,-48.598150920630175,63.1362387123294,-38.721903515422326,67.68192490534459,16.56043192974105,14.279060418141478,0.7608695652173914,0.0,0.2945929562327194,16.0,0.0
KZT,1,2021-07…2021-12,BUY_NOW,22,20,50.0,20,20,0.35,0.2868217054263566,1.2202702702702701,0.522972972972973,1.9175675675675676,0.7,0.6434108527131783,1.0879518072289156,7.012568777182873,10.733408670057983,-3.7208398928751105,-59.33155959068816,52.40283004227142,-48.598150920630175,63.1362387123294,-38.721903515422326,67.68192490534459,16.56043192974105,14.279060418141478,0.7608695652173914,0.0,0.2945929562327194,16.0,0.0
KZT,1,2021-07…2021-12,WINDOW_CLOSING,22,1,0.0,2,2,0.0,0.4496124031007752,0.0,,,0.0,0.4496124031007752,0.0,-10.591713851740849,0.872242453223514,-11.463956304964363,,,,,,,-12.499097818970963,-48.790168137666235,0.07608695652173914,0.0,0.0,83.0,0.6666666666666666
KZT,1,2021-07…2021-12,WINDOW_CLOSING,22,1,10.0,2,2,0.0,0.4496124031007752,0.0,,,0.0,0.4496124031007752,0.0,-10.591713851740849,0.872242453223514,-11.463956304964363,,,,,,,-12.499097818970963,-48.790168137666235,0.07608695652173914,0.0,0.0,83.0,0.6666666666666666
KZT,1,2021-07…2021-12,WINDOW_CLOSING,22,1,25.0,2,2,0.0,0.4496124031007752,0.0,,,0.0,0.4496124031007752,0.0,-10.591713851740849,0.872242453223514,-11.463956304964363,,,,,,,-12.499097818970963,-48.790168137666235,0.07608695652173914,0.0,0.0,83.0,0.6666666666666666
KZT,1,2021-07…2021-12,WINDOW_CLOSING,22,1,50.0,2,2,0.0,0.4496124031007752,0.0,,,0.0,0.4496124031007752,0.0,-10.591713851740849,0.872242453223514,-11.463956304964363,,,,,,,-12.499097818970963,-48.790168137666235,0.07608695652173914,0.0,0.0,83.0,0.6666666666666666
KZT,1,2021-07…2021-12,WINDOW_CLOSING,22,3,0.0,2,2,0.0,0.46511627906976744,0.0,,,0.0,0.46511627906976744,0.0,-18.303811843315977,0.7696830498997921,-19.07349489321577,,,,,,,-32.41736526836514,-48.790168137666235,0.07608695652173914,0.0,0.0,83.0,0.6666666666666666
KZT,1,2021-07…2021-12,WINDOW_CLOSING,22,3,10.0,2,2,0.0,0.46511627906976744,0.0,,,0.0,0.46511627906976744,0.0,-18.303811843315977,0.7696830498997921,-19.07349489321577,,,,,,,-32.41736526836514,-48.790168137666235,0.07608695652173914,0.0,0.0,83.0,0.6666666666666666
KZT,1,2021-07…2021-12,WINDOW_CLOSING,22,3,25.0,2,2,0.0,0.46511627906976744,0.0,,,0.0,0.46511627906976744,0.0,-18.303811843315977,0.7696830498997921,-19.07349489321577,,,,,,,-32.41736526836514,-48.790168137666235,0.07608695652173914,0.0,0.0,83.0,0.6666666666666666
KZT,1,2021-07…2021-12,WINDOW_CLOSING,22,3,50.0,2,2,0.0,0.46511627906976744,0.0,,,0.0,0.46511627906976744,0.0,-18.303811843315977,0.7696830498997921,-19.07349489321577,,,,,,,-32.41736526836514,-48.790168137666235,0.07608695652173914,0.0,0.0,83.0,0.6666666666666666
KZT,1,2021-07…2021-12,WINDOW_CLOSING,22,5,0.0,2,2,0.0,0.5038759689922481,0.0,,,0.0,0.5038759689922481,0.0,-36.41935931100737,0.7810987744197379,-37.20045808542711,,,,,,,-57.37816394500605,-48.790168137666235,0.07608695652173914,0.0,0.0,83.0,0.6666666666666666
KZT,1,2021-07…2021-12,WINDOW_CLOSING,22,5,10.0,2,2,0.0,0.5038759689922481,0.0,,,0.0,0.5038759689922481,0.0,-36.41935931100737,0.7810987744197379,-37.20045808542711,,,,,,,-57.37816394500605,-48.790168137666235,0.07608695652173914,0.0,0.0,83.0,0.6666666666666666
KZT,1,2021-07…2021-12,WINDOW_CLOSING,22,5,25.0,2,2,0.0,0.5038759689922481,0.0,,,0.0,0.5038759689922481,0.0,-36.41935931100737,0.7810987744197379,-37.20045808542711,,,,,,,-57.37816394500605,-48.790168137666235,0.07608695652173914,0.0,0.0,83.0,0.6666666666666666
KZT,1,2021-07…2021-12,WINDOW_CLOSING,22,5,50.0,2,2,0.0,0.5038759689922481,0.0,,,0.0,0.5038759689922481,0.0,-36.41935931100737,0.7810987744197379,-37.20045808542711,,,,,,,-57.37816394500605,-48.790168137666235,0.07608695652173914,0.0,0.0,83.0,0.6666666666666666
KZT,1,2021-07…2021-12,WINDOW_CLOSING,22,10,0.0,2,2,0.5,0.4806201550387597,1.0403225806451613,,,0.5,0.4806201550387597,1.0403225806451613,-11.089963742813014,1.9507261572402148,-13.040689900053229,,,,,,,-30.78310976193044,-48.790168137666235,0.07608695652173914,0.0,0.0,83.0,0.6666666666666666
KZT,1,2021-07…2021-12,WINDOW_CLOSING,22,10,10.0,2,2,0.5,0.4806201550387597,1.0403225806451613,,,0.5,0.4806201550387597,1.0403225806451613,-11.089963742813014,1.9507261572402148,-13.040689900053229,,,,,,,-30.78310976193044,-48.790168137666235,0.07608695652173914,0.0,0.0,83.0,0.6666666666666666
KZT,1,2021-07…2021-12,WINDOW_CLOSING,22,10,25.0,2,2,0.5,0.4806201550387597,1.0403225806451613,,,0.5,0.4806201550387597,1.0403225806451613,-11.089963742813014,1.9507261572402148,-13.040689900053229,,,,,,,-30.78310976193044,-48.790168137666235,0.07608695652173914,0.0,0.0,83.0,0.6666666666666666
KZT,1,2021-07…2021-12,WINDOW_CLOSING,22,10,50.0,2,2,0.5,0.4806201550387597,1.0403225806451613,,,0.5,0.4806201550387597,1.0403225806451613,-11.089963742813014,1.9507261572402148,-13.040689900053229,,,,,,,-30.78310976193044,-48.790168137666235,0.07608695652173914,0.0,0.0,83.0,0.6666666666666666
KZT,1,2021-07…2021-12,WINDOW_CLOSING,22,20,0.0,2,2,0.5,0.4263565891472868,1.1727272727272728,,,0.5,0.4263565891472868,1.1727272727272728,4.725683313907545,10.733408670057983,-6.007725356150438,,,,,,,9.943746230755,-48.790168137666235,0.07608695652173914,0.0,0.0,83.0,0.6666666666666666
KZT,1,2021-07…2021-12,WINDOW_CLOSING,22,20,10.0,2,2,0.5,0.4263565891472868,1.1727272727272728,,,0.5,0.4263565891472868,1.1727272727272728,4.725683313907545,10.733408670057983,-6.007725356150438,,,,,,,9.943746230755,-48.790168137666235,0.07608695652173914,0.0,0.0,83.0,0.6666666666666666
KZT,1,2021-07…2021-12,WINDOW_CLOSING,22,20,25.0,2,2,0.5,0.4263565891472868,1.1727272727272728,,,0.5,0.4263565891472868,1.1727272727272728,4.725683313907545,10.733408670057983,-6.007725356150438,,,,,,,9.943746230755,-48.790168137666235,0.07608695652173914,0.0,0.0,83.0,0.6666666666666666
KZT,1,2021-07…2021-12,WINDOW_CLOSING,22,20,50.0,2,2,0.5,0.4263565891472868,1.1727272727272728,,,0.5,0.4263565891472868,1.1727272727272728,4.725683313907545,10.733408670057983,-6.007725356150438,,,,,,,9.943746230755,-48.790168137666235,0.07608695652173914,0.0,0.0,83.0,0.6666666666666666
KZT,2,2022-01…2022-06,BUY_NOW,18,1,0.0,15,15,0.4666666666666667,0.37606837606837606,1.240909090909091,0.5318181818181819,1.95,0.4666666666666667,0.37606837606837606,1.240909090909091,-19.88358886447335,-30.59267262869027,10.70908376421692,-52.34832316102279,79.7536064628617,-82.94099578971306,49.16093383417142,-48.5930622562114,12.587466208437347,79.96427610502211,-20.206995361426593,0.580110497237569,0.0,0.7723284457212329,43.0,0.0
KZT,2,2022-01…2022-06,BUY_NOW,18,1,10.0,15,15,0.4666666666666667,0.37606837606837606,1.240909090909091,0.5318181818181819,1.95,0.4666666666666667,0.37606837606837606,1.240909090909091,-19.88358886447335,-30.59267262869027,10.70908376421692,-52.34832316102279,79.7536064628617,-82.94099578971306,49.16093383417142,-48.5930622562114,12.587466208437347,79.96427610502211,-20.206995361426593,0.580110497237569,0.0,0.7723284457212329,43.0,0.0
KZT,2,2022-01…2022-06,BUY_NOW,18,1,25.0,15,15,0.4666666666666667,0.452991452991453,1.030188679245283,0.44150943396226416,1.6188679245283017,0.4666666666666667,0.452991452991453,1.030188679245283,-19.88358886447335,-30.59267262869027,10.70908376421692,-52.34832316102279,79.7536064628617,-82.94099578971306,49.16093383417142,-48.5930622562114,12.587466208437347,79.96427610502211,-20.206995361426593,0.580110497237569,0.0,0.7723284457212329,43.0,0.0
KZT,2,2022-01…2022-06,BUY_NOW,18,1,50.0,15,15,0.4666666666666667,0.5213675213675214,0.8950819672131147,0.3836065573770492,1.4065573770491802,0.4666666666666667,0.5213675213675214,0.8950819672131147,-19.88358886447335,-30.59267262869027,10.70908376421692,-52.34832316102279,79.7536064628617,-82.94099578971306,49.16093383417142,-48.5930622562114,12.587466208437347,79.96427610502211,-20.206995361426593,0.580110497237569,0.0,0.7723284457212329,43.0,0.0
KZT,2,2022-01…2022-06,BUY_NOW,18,3,0.0,15,15,0.26666666666666666,0.21367521367521367,1.248,0.312,2.496,0.4666666666666667,0.3418803418803419,1.365,3.079437467859028,-55.798992804411306,58.878430272270336,-81.3009419049776,198.5459925012915,-137.09993470938892,142.74699969688018,-83.087494015679,91.79056834832524,117.87532356731096,-20.206995361426593,0.580110497237569,0.0,0.7723284457212329,43.0,0.0
KZT,2,2022-01…2022-06,BUY_NOW,18,3,10.0,15,15,0.26666666666666666,0.21367521367521367,1.248,0.312,2.496,0.5333333333333333,0.36752136752136755,1.4511627906976743,3.079437467859028,-55.798992804411306,58.878430272270336,-81.3009419049776,198.5459925012915,-137.09993470938892,142.74699969688018,-83.087494015679,91.79056834832524,117.87532356731096,-20.206995361426593,0.580110497237569,0.0,0.7723284457212329,43.0,0.0
KZT,2,2022-01…2022-06,BUY_NOW,18,3,25.0,15,15,0.26666666666666666,0.23076923076923078,1.1555555555555554,0.28888888888888886,2.311111111111111,0.5333333333333333,0.4017094017094017,1.327659574468085,3.079437467859028,-55.798992804411306,58.878430272270336,-81.3009419049776,198.5459925012915,-137.09993470938892,142.74699969688018,-83.087494015679,91.79056834832524,117.87532356731096,-20.206995361426593,0.580110497237569,0.0,0.7723284457212329,43.0,0.0
KZT,2,2022-01…2022-06,BUY_NOW,18,3,50.0,15,15,0.3333333333333333,0.27350427350427353,1.2187499999999998,0.48749999999999993,2.1937499999999996,0.5333333333333333,0.4358974358974359,1.2235294117647058,3.079437467859028,-55.798992804411306,58.878430272270336,-81.3009419049776,198.5459925012915,-137.09993470938892,142.74699969688018,-83.087494015679,91.79056834832524,117.87532356731096,-20.206995361426593,0.580110497237569,0.0,0.7723284457212329,43.0,0.0
KZT,2,2022-01…2022-06,BUY_NOW,18,5,0.0,15,15,0.26666666666666666,0.1794871794871795,1.4857142857142858,0.37142857142857144,2.9714285714285715,0.4,0.358974358974359,1.1142857142857143,7.0896509773463015,-74.4422554760041,81.5319064533504,-125.38699299253389,310.361653309728,-199.829248468538,235.91939783372388,-130.89955725075754,124.3791053383228,139.643326842991,-20.206995361426593,0.580110497237569,0.0,0.7723284457212329,43.0,0.0
KZT,2,2022-01…2022-06,BUY_NOW,18,5,10.0,15,15,0.26666666666666666,0.1794871794871795,1.4857142857142858,0.37142857142857144,2.9714285714285715,0.4,0.358974358974359,1.1142857142857143,7.0896509773463015,-74.4422554760041,81.5319064533504,-125.38699299253389,310.361653309728,-199.829248468538,235.91939783372388,-130.89955725075754,124.3791053383228,139.643326842991,-20.206995361426593,0.580110497237569,0.0,0.7723284457212329,43.0,0.0
KZT,2,2022-01…2022-06,BUY_NOW,18,5,25.0,15,15,0.26666666666666666,0.18803418803418803,1.4181818181818182,0.35454545454545455,2.8363636363636364,0.4666666666666667,0.37606837606837606,1.240909090909091,7.0896509773463015,-74.4422554760041,81.5319064533504,-125.38699299253389,310.361653309728,-199.829248468538,235.91939783372388,-130.89955725075754,124.3791053383228,139.643326842991,-20.206995361426593,0.580110497237569,0.0,0.7723284457212329,43.0,0.0
KZT,2,2022-01…2022-06,BUY_NOW,18,5,50.0,15,15,0.26666666666666666,0.21367521367521367,1.248,0.312,2.496,0.5333333333333333,0.4188034188034188,1.273469387755102,7.0896509773463015,-74.4422554760041,81.5319064533504,-125.38699299253389,310.361653309728,-199.829248468538,235.91939783372388,-130.89955725075754,124.3791053383228,139.643326842991,-20.206995361426593,0.580110497237569,0.0,0.7723284457212329,43.0,0.0
KZT,2,2022-01…2022-06,BUY_NOW,18,10,0.0,15,15,0.26666666666666666,0.1623931623931624,1.6421052631578947,0.4105263157894737,3.2842105263157895,0.4666666666666667,0.36752136752136755,1.269767441860465,3.1383187425696026,-122.98662348605336,126.12494222862297,-132.72085074985932,408.7767251599646,-255.70747423591268,285.79010167391124,-177.23194738753915,200.16831147158493,239.86968907086592,-20.206995361426593,0.580110497237569,0.0,0.7723284457212329,43.0,0.0
KZT,2,2022-01…2022-06,BUY_NOW,18,10,10.0,15,15,0.26666666666666666,0.1623931623931624,1.6421052631578947,0.4105263157894737,3.2842105263157895,0.4666666666666667,0.36752136752136755,1.269767441860465,3.1383187425696026,-122.98662348605336,126.12494222862297,-132.72085074985932,408.7767251599646,-255.70747423591268,285.79010167391124,-177.23194738753915,200.16831147158493,239.86968907086592,-20.206995361426593,0.580110497237569,0.0,0.7723284457212329,43.0,0.0
KZT,2,2022-01…2022-06,BUY_NOW,18,10,25.0,15,15,0.26666666666666666,0.17094017094017094,1.56,0.39,3.12,0.4666666666666667,0.39316239316239315,1.1869565217391305,3.1383187425696026,-122.98662348605336,126.12494222862297,-132.72085074985932,408.7767251599646,-255.70747423591268,285.79010167391124,-177.23194738753915,200.16831147158493,239.86968907086592,-20.206995361426593,0.580110497237569,0.0,0.7723284457212329,43.0,0.0
KZT,2,2022-01…2022-06,BUY_NOW,18,10,50.0,15,15,0.26666666666666666,0.18803418803418803,1.4181818181818182,0.35454545454545455,2.8363636363636364,0.4666666666666667,0.39316239316239315,1.1869565217391305,3.1383187425696026,-122.98662348605336,126.12494222862297,-132.72085074985932,408.7767251599646,-255.70747423591268,285.79010167391124,-177.23194738753915,200.16831147158493,239.86968907086592,-20.206995361426593,0.580110497237569,0.0,0.7723284457212329,43.0,0.0
KZT,2,2022-01…2022-06,BUY_NOW,18,20,0.0,15,15,0.2,0.10256410256410256,1.9500000000000002,0.0,4.55,0.4666666666666667,0.37606837606837606,1.240909090909091,-37.733369789671414,-253.47141149360772,215.7380417039363,-120.93706770023368,601.270513641032,-374.4084791938414,347.79910214742426,-432.76286836111876,436.60850497221713,407.81425146017773,-20.206995361426593,0.580110497237569,0.0,0.7723284457212329,43.0,0.0
KZT,2,2022-01…2022-06,BUY_NOW,18,20,10.0,15,15,0.2,0.10256410256410256,1.9500000000000002,0.0,4.55,0.4666666666666667,0.38461538461538464,1.2133333333333334,-37.733369789671414,-253.47141149360772,215.7380417039363,-120.93706770023368,601.270513641032,-374.4084791938414,347.79910214742426,-432.76286836111876,436.60850497221713,407.81425146017773,-20.206995361426593,0.580110497237569,0.0,0.7723284457212329,43.0,0.0
KZT,2,2022-01…2022-06,BUY_NOW,18,20,25.0,15,15,0.2,0.1111111111111111,1.8000000000000003,0.0,4.2,0.4666666666666667,0.38461538461538464,1.2133333333333334,-37.733369789671414,-253.47141149360772,215.7380417039363,-120.93706770023368,601.270513641032,-374.4084791938414,347.79910214742426,-432.76286836111876,436.60850497221713,407.81425146017773,-20.206995361426593,0.580110497237569,0.0,0.7723284457212329,43.0,0.0
KZT,2,2022-01…2022-06,BUY_NOW,18,20,50.0,15,15,0.26666666666666666,0.13675213675213677,1.9499999999999997,0.48749999999999993,3.8999999999999995,0.4666666666666667,0.39316239316239315,1.1869565217391305,-37.733369789671414,-253.47141149360772,215.7380417039363,-120.93706770023368,601.270513641032,-374.4084791938414,347.79910214742426,-432.76286836111876,436.60850497221713,407.81425146017773,-20.206995361426593,0.580110497237569,0.0,0.7723284457212329,43.0,0.0
KZT,2,2022-01…2022-06,WINDOW_CLOSING,18,1,0.0,3,3,0.3333333333333333,0.37606837606837606,0.8863636363636364,,,0.3333333333333333,0.37606837606837606,0.8863636363636364,299.2854731998466,-30.59267262869027,329.87814582853684,,,,,,,134.52616505878072,-193.23935298840578,0.11602209944751381,0.0,0.41935483870967744,99.0,0.5
KZT,2,2022-01…2022-06,WINDOW_CLOSING,18,1,10.0,3,3,0.3333333333333333,0.37606837606837606,0.8863636363636364,,,0.3333333333333333,0.37606837606837606,0.8863636363636364,299.2854731998466,-30.59267262869027,329.87814582853684,,,,,,,134.52616505878072,-193.23935298840578,0.11602209944751381,0.0,0.41935483870967744,99.0,0.5
KZT,2,2022-01…2022-06,WINDOW_CLOSING,18,1,25.0,3,3,0.3333333333333333,0.37606837606837606,0.8863636363636364,,,0.3333333333333333,0.37606837606837606,0.8863636363636364,299.2854731998466,-30.59267262869027,329.87814582853684,,,,,,,134.52616505878072,-193.23935298840578,0.11602209944751381,0.0,0.41935483870967744,99.0,0.5
KZT,2,2022-01…2022-06,WINDOW_CLOSING,18,1,50.0,3,3,0.3333333333333333,0.37606837606837606,0.8863636363636364,,,0.3333333333333333,0.37606837606837606,0.8863636363636364,299.2854731998466,-30.59267262869027,329.87814582853684,,,,,,,134.52616505878072,-193.23935298840578,0.11602209944751381,0.0,0.41935483870967744,99.0,0.5
KZT,2,2022-01…2022-06,WINDOW_CLOSING,18,3,0.0,3,3,0.3333333333333333,0.3162393162393162,1.054054054054054,,,0.3333333333333333,0.3162393162393162,1.054054054054054,148.45399342428456,-55.798992804411306,204.25298622869587,,,,,,,131.01406212071308,-193.23935298840578,0.11602209944751381,0.0,0.41935483870967744,99.0,0.5
KZT,2,2022-01…2022-06,WINDOW_CLOSING,18,3,10.0,3,3,0.3333333333333333,0.3162393162393162,1.054054054054054,,,0.3333333333333333,0.3162393162393162,1.054054054054054,148.45399342428456,-55.798992804411306,204.25298622869587,,,,,,,131.01406212071308,-193.23935298840578,0.11602209944751381,0.0,0.41935483870967744,99.0,0.5
KZT,2,2022-01…2022-06,WINDOW_CLOSING,18,3,25.0,3,3,0.3333333333333333,0.3162393162393162,1.054054054054054,,,0.3333333333333333,0.3162393162393162,1.054054054054054,148.45399342428456,-55.798992804411306,204.25298622869587,,,,,,,131.01406212071308,-193.23935298840578,0.11602209944751381,0.0,0.41935483870967744,99.0,0.5
KZT,2,2022-01…2022-06,WINDOW_CLOSING,18,3,50.0,3,3,0.3333333333333333,0.3162393162393162,1.054054054054054,,,0.3333333333333333,0.3162393162393162,1.054054054054054,148.45399342428456,-55.798992804411306,204.25298622869587,,,,,,,131.01406212071308,-193.23935298840578,0.11602209944751381,0.0,0.41935483870967744,99.0,0.5
KZT,2,2022-01…2022-06,WINDOW_CLOSING,18,5,0.0,3,3,0.3333333333333333,0.36752136752136755,0.9069767441860463,,,0.3333333333333333,0.36752136752136755,0.9069767441860463,7.324943501530242,-74.4422554760041,81.76719897753435,,,,,,,119.77453010435808,-193.23935298840578,0.11602209944751381,0.0,0.41935483870967744,99.0,0.5
KZT,2,2022-01…2022-06,WINDOW_CLOSING,18,5,10.0,3,3,0.3333333333333333,0.36752136752136755,0.9069767441860463,,,0.3333333333333333,0.36752136752136755,0.9069767441860463,7.324943501530242,-74.4422554760041,81.76719897753435,,,,,,,119.77453010435808,-193.23935298840578,0.11602209944751381,0.0,0.41935483870967744,99.0,0.5
KZT,2,2022-01…2022-06,WINDOW_CLOSING,18,5,25.0,3,3,0.3333333333333333,0.36752136752136755,0.9069767441860463,,,0.3333333333333333,0.36752136752136755,0.9069767441860463,7.324943501530242,-74.4422554760041,81.76719897753435,,,,,,,119.77453010435808,-193.23935298840578,0.11602209944751381,0.0,0.41935483870967744,99.0,0.5
KZT,2,2022-01…2022-06,WINDOW_CLOSING,18,5,50.0,3,3,0.3333333333333333,0.36752136752136755,0.9069767441860463,,,0.3333333333333333,0.36752136752136755,0.9069767441860463,7.324943501530242,-74.4422554760041,81.76719897753435,,,,,,,119.77453010435808,-193.23935298840578,0.11602209944751381,0.0,0.41935483870967744,99.0,0.5
KZT,2,2022-01…2022-06,WINDOW_CLOSING,18,10,0.0,3,3,0.3333333333333333,0.41025641025641024,0.8125,,,0.3333333333333333,0.41025641025641024,0.8125,-266.21126525894397,-122.98662348605336,-143.2246417728906,,,,,,,18.527922050187346,-193.23935298840578,0.11602209944751381,0.0,0.41935483870967744,99.0,0.5
KZT,2,2022-01…2022-06,WINDOW_CLOSING,18,10,10.0,3,3,0.3333333333333333,0.41025641025641024,0.8125,,,0.3333333333333333,0.41025641025641024,0.8125,-266.21126525894397,-122.98662348605336,-143.2246417728906,,,,,,,18.527922050187346,-193.23935298840578,0.11602209944751381,0.0,0.41935483870967744,99.0,0.5
KZT,2,2022-01…2022-06,WINDOW_CLOSING,18,10,25.0,3,3,0.3333333333333333,0.41025641025641024,0.8125,,,0.3333333333333333,0.41025641025641024,0.8125,-266.21126525894397,-122.98662348605336,-143.2246417728906,,,,,,,18.527922050187346,-193.23935298840578,0.11602209944751381,0.0,0.41935483870967744,99.0,0.5
KZT,2,2022-01…2022-06,WINDOW_CLOSING,18,10,50.0,3,3,0.3333333333333333,0.41025641025641024,0.8125,,,0.3333333333333333,0.41025641025641024,0.8125,-266.21126525894397,-122.98662348605336,-143.2246417728906,,,,,,,18.527922050187346,-193.23935298840578,0.11602209944751381,0.0,0.41935483870967744,99.0,0.5
KZT,2,2022-01…2022-06,WINDOW_CLOSING,18,20,0.0,3,3,0.0,0.3162393162393162,0.0,,,0.0,0.3162393162393162,0.0,-775.404510034388,-253.47141149360772,-521.9330985407803,,,,,,,-55.5599119237682,-193.23935298840578,0.11602209944751381,0.0,0.41935483870967744,99.0,0.5
KZT,2,2022-01…2022-06,WINDOW_CLOSING,18,20,10.0,3,3,0.0,0.3162393162393162,0.0,,,0.0,0.3162393162393162,0.0,-775.404510034388,-253.47141149360772,-521.9330985407803,,,,,,,-55.5599119237682,-193.23935298840578,0.11602209944751381,0.0,0.41935483870967744,99.0,0.5
KZT,2,2022-01…2022-06,WINDOW_CLOSING,18,20,25.0,3,3,0.0,0.3162393162393162,0.0,,,0.0,0.3162393162393162,0.0,-775.404510034388,-253.47141149360772,-521.9330985407803,,,,,,,-55.5599119237682,-193.23935298840578,0.11602209944751381,0.0,0.41935483870967744,99.0,0.5
KZT,2,2022-01…2022-06,WINDOW_CLOSING,18,20,50.0,3,3,0.0,0.3162393162393162,0.0,,,0.0,0.3162393162393162,0.0,-775.404510034388,-253.47141149360772,-521.9330985407803,,,,,,,-55.5599119237682,-193.23935298840578,0.11602209944751381,0.0,0.41935483870967744,99.0,0.5
KZT,3,2022-07…2022-12,WINDOW_CLOSING,7,1,0.0,2,2,0.5,0.5538461538461539,0.9027777777777777,,,0.5,0.5538461538461539,0.9027777777777777,-81.00135312059388,23.237235087227404,-104.23858820782128,,,,,,,-89.69898747152038,-61.42067834594701,0.07608695652173914,0.0,0.0,161.0,0.8333333333333334
KZT,3,2022-07…2022-12,WINDOW_CLOSING,7,1,10.0,2,2,0.5,0.5538461538461539,0.9027777777777777,,,0.5,0.5538461538461539,0.9027777777777777,-81.00135312059388,23.237235087227404,-104.23858820782128,,,,,,,-89.69898747152038,-61.42067834594701,0.07608695652173914,0.0,0.0,161.0,0.8333333333333334
KZT,3,2022-07…2022-12,WINDOW_CLOSING,7,1,25.0,2,2,0.5,0.5538461538461539,0.9027777777777777,,,0.5,0.5538461538461539,0.9027777777777777,-81.00135312059388,23.237235087227404,-104.23858820782128,,,,,,,-89.69898747152038,-61.42067834594701,0.07608695652173914,0.0,0.0,161.0,0.8333333333333334
KZT,3,2022-07…2022-12,WINDOW_CLOSING,7,1,50.0,2,2,0.5,0.5538461538461539,0.9027777777777777,,,0.5,0.5538461538461539,0.9027777777777777,-81.00135312059388,23.237235087227404,-104.23858820782128,,,,,,,-89.69898747152038,-61.42067834594701,0.07608695652173914,0.0,0.0,161.0,0.8333333333333334
KZT,3,2022-07…2022-12,WINDOW_CLOSING,7,3,0.0,2,2,0.5,0.4846153846153846,1.0317460317460319,,,0.5,0.4846153846153846,1.0317460317460319,-34.42807353507661,42.34259419596368,-76.77066773104028,,,,,,,-32.19824829581386,-61.42067834594701,0.07608695652173914,0.0,0.0,161.0,0.8333333333333334
KZT,3,2022-07…2022-12,WINDOW_CLOSING,7,3,10.0,2,2,0.5,0.4846153846153846,1.0317460317460319,,,0.5,0.4846153846153846,1.0317460317460319,-34.42807353507661,42.34259419596368,-76.77066773104028,,,,,,,-32.19824829581386,-61.42067834594701,0.07608695652173914,0.0,0.0,161.0,0.8333333333333334
KZT,3,2022-07…2022-12,WINDOW_CLOSING,7,3,25.0,2,2,0.5,0.4846153846153846,1.0317460317460319,,,0.5,0.4846153846153846,1.0317460317460319,-34.42807353507661,42.34259419596368,-76.77066773104028,,,,,,,-32.19824829581386,-61.42067834594701,0.07608695652173914,0.0,0.0,161.0,0.8333333333333334
KZT,3,2022-07…2022-12,WINDOW_CLOSING,7,3,50.0,2,2,0.5,0.4846153846153846,1.0317460317460319,,,0.5,0.4846153846153846,1.0317460317460319,-34.42807353507661,42.34259419596368,-76.77066773104028,,,,,,,-32.19824829581386,-61.42067834594701,0.07608695652173914,0.0,0.0,161.0,0.8333333333333334
KZT,3,2022-07…2022-12,WINDOW_CLOSING,7,5,0.0,2,2,0.5,0.5076923076923077,0.9848484848484849,,,0.5,0.5076923076923077,0.9848484848484849,-43.33589343893274,54.101458635959254,-97.437352074892,,,,,,,-82.76268750247617,-61.42067834594701,0.07608695652173914,0.0,0.0,161.0,0.8333333333333334
KZT,3,2022-07…2022-12,WINDOW_CLOSING,7,5,10.0,2,2,0.5,0.5076923076923077,0.9848484848484849,,,0.5,0.5076923076923077,0.9848484848484849,-43.33589343893274,54.101458635959254,-97.437352074892,,,,,,,-82.76268750247617,-61.42067834594701,0.07608695652173914,0.0,0.0,161.0,0.8333333333333334
KZT,3,2022-07…2022-12,WINDOW_CLOSING,7,5,25.0,2,2,0.5,0.5076923076923077,0.9848484848484849,,,0.5,0.5076923076923077,0.9848484848484849,-43.33589343893274,54.101458635959254,-97.437352074892,,,,,,,-82.76268750247617,-61.42067834594701,0.07608695652173914,0.0,0.0,161.0,0.8333333333333334
KZT,3,2022-07…2022-12,WINDOW_CLOSING,7,5,50.0,2,2,0.5,0.5076923076923077,0.9848484848484849,,,0.5,0.5076923076923077,0.9848484848484849,-43.33589343893274,54.101458635959254,-97.437352074892,,,,,,,-82.76268750247617,-61.42067834594701,0.07608695652173914,0.0,0.0,161.0,0.8333333333333334
KZT,3,2022-07…2022-12,WINDOW_CLOSING,7,10,0.0,2,2,0.5,0.5461538461538461,0.915492957746479,,,0.5,0.5461538461538461,0.915492957746479,-89.03368509096788,84.58217440125817,-173.61585949222604,,,,,,,-152.57152566349686,-61.42067834594701,0.07608695652173914,0.0,0.0,161.0,0.8333333333333334
KZT,3,2022-07…2022-12,WINDOW_CLOSING,7,10,10.0,2,2,0.5,0.5461538461538461,0.915492957746479,,,0.5,0.5461538461538461,0.915492957746479,-89.03368509096788,84.58217440125817,-173.61585949222604,,,,,,,-152.57152566349686,-61.42067834594701,0.07608695652173914,0.0,0.0,161.0,0.8333333333333334
KZT,3,2022-07…2022-12,WINDOW_CLOSING,7,10,25.0,2,2,0.5,0.5461538461538461,0.915492957746479,,,0.5,0.5461538461538461,0.915492957746479,-89.03368509096788,84.58217440125817,-173.61585949222604,,,,,,,-152.57152566349686,-61.42067834594701,0.07608695652173914,0.0,0.0,161.0,0.8333333333333334
KZT,3,2022-07…2022-12,WINDOW_CLOSING,7,10,50.0,2,2,0.5,0.5461538461538461,0.915492957746479,,,0.5,0.5461538461538461,0.915492957746479,-89.03368509096788,84.58217440125817,-173.61585949222604,,,,,,,-152.57152566349686,-61.42067834594701,0.07608695652173914,0.0,0.0,161.0,0.8333333333333334
KZT,3,2022-07…2022-12,WINDOW_CLOSING,7,20,0.0,2,2,0.5,0.7,0.7142857142857143,,,0.5,0.7,0.7142857142857143,68.02081330404053,165.82739028859348,-97.80657698455295,,,,,,,-52.759757509713836,-61.42067834594701,0.07608695652173914,0.0,0.0,161.0,0.8333333333333334
KZT,3,2022-07…2022-12,WINDOW_CLOSING,7,20,10.0,2,2,0.5,0.7,0.7142857142857143,,,0.5,0.7,0.7142857142857143,68.02081330404053,165.82739028859348,-97.80657698455295,,,,,,,-52.759757509713836,-61.42067834594701,0.07608695652173914,0.0,0.0,161.0,0.8333333333333334
KZT,3,2022-07…2022-12,WINDOW_CLOSING,7,20,25.0,2,2,0.5,0.7,0.7142857142857143,,,0.5,0.7,0.7142857142857143,68.02081330404053,165.82739028859348,-97.80657698455295,,,,,,,-52.759757509713836,-61.42067834594701,0.07608695652173914,0.0,0.0,161.0,0.8333333333333334
KZT,3,2022-07…2022-12,WINDOW_CLOSING,7,20,50.0,2,2,0.5,0.7,0.7142857142857143,,,0.5,0.7,0.7142857142857143,68.02081330404053,165.82739028859348,-97.80657698455295,,,,,,,-52.759757509713836,-61.42067834594701,0.07608695652173914,0.0,0.0,161.0,0.8333333333333334
KZT,3,2022-07…2022-12,BUY_NOW,7,1,0.0,5,5,0.4,0.5538461538461539,0.7222222222222222,0.0,1.4444444444444444,0.4,0.5538461538461539,0.7222222222222222,-151.0039775182268,23.237235087227404,-174.24121260545422,-346.8413439393636,-1.6410812715448273,-323.60410885213616,21.596153815682577,-339.5074935997683,91.99283473500519,22.42585919067053,122.46948306149208,0.19021739130434784,0.0,0.5037581669902016,92.0,0.5
KZT,3,2022-07…2022-12,BUY_NOW,7,1,10.0,5,5,0.4,0.6,0.6666666666666667,0.0,1.3333333333333335,0.4,0.6,0.6666666666666667,-151.0039775182268,23.237235087227404,-174.24121260545422,-346.8413439393636,-1.6410812715448273,-323.60410885213616,21.596153815682577,-339.5074935997683,91.99283473500519,22.42585919067053,122.46948306149208,0.19021739130434784,0.0,0.5037581669902016,92.0,0.5
KZT,3,2022-07…2022-12,BUY_NOW,7,1,25.0,5,5,0.4,0.676923076923077,0.5909090909090909,0.0,1.1818181818181819,0.4,0.676923076923077,0.5909090909090909,-151.0039775182268,23.237235087227404,-174.24121260545422,-346.8413439393636,-1.6410812715448273,-323.60410885213616,21.596153815682577,-339.5074935997683,91.99283473500519,22.42585919067053,122.46948306149208,0.19021739130434784,0.0,0.5037581669902016,92.0,0.5
KZT,3,2022-07…2022-12,BUY_NOW,7,1,50.0,5,5,0.4,0.7461538461538462,0.5360824742268041,0.0,1.0721649484536082,0.4,0.7461538461538462,0.5360824742268041,-151.0039775182268,23.237235087227404,-174.24121260545422,-346.8413439393636,-1.6410812715448273,-323.60410885213616,21.596153815682577,-339.5074935997683,91.99283473500519,22.42585919067053,122.46948306149208,0.19021739130434784,0.0,0.5037581669902016,92.0,0.5
KZT,3,2022-07…2022-12,BUY_NOW,7,3,0.0,5,5,0.4,0.38461538461538464,1.04,0.0,2.08,0.6,0.5384615384615384,1.1142857142857143,-94.43838939801984,42.34259419596368,-136.7809835939835,-365.37831766281266,67.80298465256024,-323.035723466849,110.14557884852393,-447.82127957602944,134.88092464402965,49.60836820556703,122.46948306149208,0.19021739130434784,0.0,0.5037581669902016,92.0,0.5
KZT,3,2022-07…2022-12,BUY_NOW,7,3,10.0,5,5,0.4,0.4076923076923077,0.9811320754716982,0.0,1.9622641509433965,0.6,0.5615384615384615,1.0684931506849316,-94.43838939801984,42.34259419596368,-136.7809835939835,-365.37831766281266,67.80298465256024,-323.035723466849,110.14557884852393,-447.82127957602944,134.88092464402965,49.60836820556703,122.46948306149208,0.19021739130434784,0.0,0.5037581669902016,92.0,0.5
KZT,3,2022-07…2022-12,BUY_NOW,7,3,25.0,5,5,0.4,0.43846153846153846,0.912280701754386,0.0,1.824561403508772,0.6,0.5923076923076923,1.0129870129870129,-94.43838939801984,42.34259419596368,-136.7809835939835,-365.37831766281266,67.80298465256024,-323.035723466849,110.14557884852393,-447.82127957602944,134.88092464402965,49.60836820556703,122.46948306149208,0.19021739130434784,0.0,0.5037581669902016,92.0,0.5
KZT,3,2022-07…2022-12,BUY_NOW,7,3,50.0,5,5,0.4,0.5538461538461539,0.7222222222222222,0.0,1.4444444444444444,0.6,0.676923076923077,0.8863636363636362,-94.43838939801984,42.34259419596368,-136.7809835939835,-365.37831766281266,67.80298465256024,-323.035723466849,110.14557884852393,-447.82127957602944,134.88092464402965,49.60836820556703,122.46948306149208,0.19021739130434784,0.0,0.5037581669902016,92.0,0.5
KZT,3,2022-07…2022-12,BUY_NOW,7,5,0.0,5,5,0.4,0.33076923076923076,1.2093023255813955,0.0,2.418604651162791,0.6,0.5307692307692308,1.1304347826086956,-15.408563074823963,54.101458635959254,-69.51002171078322,-312.5971367500307,173.57709332846426,-258.49567811407144,227.67855196442352,-357.17062760052494,177.8918968439458,99.64033978197028,122.46948306149208,0.19021739130434784,0.0,0.5037581669902016,92.0,0.5
KZT,3,2022-07…2022-12,BUY_NOW,7,5,10.0,5,5,0.4,0.34615384615384615,1.1555555555555557,0.0,2.3111111111111113,0.6,0.5461538461538461,1.0985915492957747,-15.408563074823963,54.101458635959254,-69.51002171078322,-312.5971367500307,173.57709332846426,-258.49567811407144,227.67855196442352,-357.17062760052494,177.8918968439458,99.64033978197028,122.46948306149208,0.19021739130434784,0.0,0.5037581669902016,92.0,0.5
KZT,3,2022-07…2022-12,BUY_NOW,7,5,25.0,5,5,0.4,0.36923076923076925,1.0833333333333333,0.0,2.1666666666666665,0.6,0.5846153846153846,1.026315789473684,-15.408563074823963,54.101458635959254,-69.51002171078322,-312.5971367500307,173.57709332846426,-258.49567811407144,227.67855196442352,-357.17062760052494,177.8918968439458,99.64033978197028,122.46948306149208,0.19021739130434784,0.0,0.5037581669902016,92.0,0.5
KZT,3,2022-07…2022-12,BUY_NOW,7,5,50.0,5,5,0.4,0.4461538461538462,0.896551724137931,0.0,1.793103448275862,0.6,0.6461538461538462,0.9285714285714285,-15.408563074823963,54.101458635959254,-69.51002171078322,-312.5971367500307,173.57709332846426,-258.49567811407144,227.67855196442352,-357.17062760052494,177.8918968439458,99.64033978197028,122.46948306149208,0.19021739130434784,0.0,0.5037581669902016,92.0,0.5
KZT,3,2022-07…2022-12,BUY_NOW,7,10,0.0,5,5,0.4,0.24615384615384617,1.625,0.0,3.25,0.6,0.5538461538461539,1.0833333333333333,162.74153425535377,84.58217440125817,78.1593598540956,-177.32081034428327,367.52626119687494,-92.7386359430251,452.1084355981331,-36.6038266508939,218.60810795027217,164.5229047582497,122.46948306149208,0.19021739130434784,0.0,0.5037581669902016,92.0,0.5
KZT,3,2022-07…2022-12,BUY_NOW,7,10,10.0,5,5,0.4,0.26153846153846155,1.5294117647058822,0.0,3.0588235294117645,0.6,0.5692307692307692,1.0540540540540542,162.74153425535377,84.58217440125817,78.1593598540956,-177.32081034428327,367.52626119687494,-92.7386359430251,452.1084355981331,-36.6038266508939,218.60810795027217,164.5229047582497,122.46948306149208,0.19021739130434784,0.0,0.5037581669902016,92.0,0.5
KZT,3,2022-07…2022-12,BUY_NOW,7,10,25.0,5,5,0.4,0.27692307692307694,1.4444444444444444,0.0,2.888888888888889,0.6,0.5923076923076923,1.0129870129870129,162.74153425535377,84.58217440125817,78.1593598540956,-177.32081034428327,367.52626119687494,-92.7386359430251,452.1084355981331,-36.6038266508939,218.60810795027217,164.5229047582497,122.46948306149208,0.19021739130434784,0.0,0.5037581669902016,92.0,0.5
KZT,3,2022-07…2022-12,BUY_NOW,7,10,50.0,5,5,0.4,0.33076923076923076,1.2093023255813955,0.0,2.418604651162791,0.8,0.6384615384615384,1.2530120481927713,162.74153425535377,84.58217440125817,78.1593598540956,-177.32081034428327,367.52626119687494,-92.7386359430251,452.1084355981331,-36.6038266508939,218.60810795027217,164.5229047582497,122.46948306149208,0.19021739130434784,0.0,0.5037581669902016,92.0,0.5
KZT,3,2022-07…2022-12,BUY_NOW,7,20,0.0,5,5,0.2,0.18461538461538463,1.0833333333333333,0.0,3.2499999999999996,1.0,0.6230769230769231,1.6049382716049383,312.10860615075075,165.82739028859348,146.28121586215727,-6.239008297449715,381.80362483549777,159.58838199114376,547.6310151240913,214.50771815450298,450.63132032207574,240.99320739433242,122.46948306149208,0.19021739130434784,0.0,0.5037581669902016,92.0,0.5
KZT,3,2022-07…2022-12,BUY_NOW,7,20,10.0,5,5,0.2,0.19230769230769232,1.04,0.0,3.1199999999999997,1.0,0.6307692307692307,1.5853658536585367,312.10860615075075,165.82739028859348,146.28121586215727,-6.239008297449715,381.80362483549777,159.58838199114376,547.6310151240913,214.50771815450298,450.63132032207574,240.99320739433242,122.46948306149208,0.19021739130434784,0.0,0.5037581669902016,92.0,0.5
KZT,3,2022-07…2022-12,BUY_NOW,7,20,25.0,5,5,0.2,0.2,1.0,0.0,2.9999999999999996,1.0,0.6461538461538462,1.5476190476190474,312.10860615075075,165.82739028859348,146.28121586215727,-6.239008297449715,381.80362483549777,159.58838199114376,547.6310151240913,214.50771815450298,450.63132032207574,240.99320739433242,122.46948306149208,0.19021739130434784,0.0,0.5037581669902016,92.0,0.5
KZT,3,2022-07…2022-12,BUY_NOW,7,20,50.0,5,5,0.2,0.23076923076923078,0.8666666666666667,0.0,2.5999999999999996,1.0,0.7,1.4285714285714286,312.10860615075075,165.82739028859348,146.28121586215727,-6.239008297449715,381.80362483549777,159.58838199114376,547.6310151240913,214.50771815450298,450.63132032207574,240.99320739433242,122.46948306149208,0.19021739130434784,0.0,0.5037581669902016,92.0,0.5
KZT,4,2023-01…2023-06,BUY_NOW,15,1,0.0,15,15,0.6,0.6016949152542372,0.9971830985915493,0.5539906103286385,1.4403755868544603,0.6,0.6016949152542372,0.9971830985915493,11.528790294911568,23.384690562921453,-11.855900268009885,-39.57639006388919,14.90605738526735,-16.191699500967736,38.2907479481888,-5.473226456576643,29.638860215573295,30.91985828670955,70.48527924267593,0.580110497237569,0.0,0.6799862500221148,35.0,0.0
KZT,4,2023-01…2023-06,BUY_NOW,15,1,10.0,15,15,0.6666666666666666,0.6610169491525424,1.0085470085470085,0.6051282051282052,1.3111111111111111,0.6666666666666666,0.6610169491525424,1.0085470085470085,11.528790294911568,23.384690562921453,-11.855900268009885,-39.57639006388919,14.90605738526735,-16.191699500967736,38.2907479481888,-5.473226456576643,29.638860215573295,30.91985828670955,70.48527924267593,0.580110497237569,0.0,0.6799862500221148,35.0,0.0
KZT,4,2023-01…2023-06,BUY_NOW,15,1,25.0,15,15,0.7333333333333333,0.711864406779661,1.03015873015873,0.6555555555555556,1.3111111111111111,0.7333333333333333,0.711864406779661,1.03015873015873,11.528790294911568,23.384690562921453,-11.855900268009885,-39.57639006388919,14.90605738526735,-16.191699500967736,38.2907479481888,-5.473226456576643,29.638860215573295,30.91985828670955,70.48527924267593,0.580110497237569,0.0,0.6799862500221148,35.0,0.0
KZT,4,2023-01…2023-06,BUY_NOW,15,1,50.0,15,15,0.8,0.7711864406779662,1.0373626373626375,0.7780219780219779,1.2967032967032965,0.8,0.7711864406779662,1.0373626373626375,11.528790294911568,23.384690562921453,-11.855900268009885,-39.57639006388919,14.90605738526735,-16.191699500967736,38.2907479481888,-5.473226456576643,29.638860215573295,30.91985828670955,70.48527924267593,0.580110497237569,0.0,0.6799862500221148,35.0,0.0
KZT,4,2023-01…2023-06,BUY_NOW,15,3,0.0,15,15,0.5333333333333333,0.4661016949152542,1.1442424242424243,0.5721212121212121,1.7163636363636365,0.7333333333333333,0.6694915254237288,1.0953586497890295,29.515144392053678,48.753582993254994,-19.238438601201317,-82.36189990915722,34.53161175644502,-33.60831691590223,83.28519474970001,-43.252288466318724,71.98455376108171,59.29074804899104,70.48527924267593,0.580110497237569,0.0,0.6799862500221148,35.0,0.0
KZT,4,2023-01…2023-06,BUY_NOW,15,3,10.0,15,15,0.6,0.5508474576271186,1.0892307692307692,0.6051282051282051,1.5733333333333335,0.7333333333333333,0.6949152542372882,1.0552845528455284,29.515144392053678,48.753582993254994,-19.238438601201317,-82.36189990915722,34.53161175644502,-33.60831691590223,83.28519474970001,-43.252288466318724,71.98455376108171,59.29074804899104,70.48527924267593,0.580110497237569,0.0,0.6799862500221148,35.0,0.0
KZT,4,2023-01…2023-06,BUY_NOW,15,3,25.0,15,15,0.6666666666666666,0.5847457627118644,1.1400966183574879,0.6840579710144928,1.4821256038647344,0.7333333333333333,0.7457627118644068,0.9833333333333333,29.515144392053678,48.753582993254994,-19.238438601201317,-82.36189990915722,34.53161175644502,-33.60831691590223,83.28519474970001,-43.252288466318724,71.98455376108171,59.29074804899104,70.48527924267593,0.580110497237569,0.0,0.6799862500221148,35.0,0.0
KZT,4,2023-01…2023-06,BUY_NOW,15,3,50.0,15,15,0.6666666666666666,0.6271186440677966,1.063063063063063,0.6378378378378379,1.381981981981982,0.8,0.7966101694915254,1.0042553191489363,29.515144392053678,48.753582993254994,-19.238438601201317,-82.36189990915722,34.53161175644502,-33.60831691590223,83.28519474970001,-43.252288466318724,71.98455376108171,59.29074804899104,70.48527924267593,0.580110497237569,0.0,0.6799862500221148,35.0,0.0
KZT,4,2023-01…2023-06,BUY_NOW,15,5,0.0,15,15,0.4666666666666667,0.4322033898305085,1.0797385620915032,0.4627450980392157,1.6967320261437906,0.7333333333333333,0.6949152542372882,1.0552845528455284,37.10781389092592,77.62654405813132,-40.5187301672054,-129.09778643591014,33.68549289116349,-51.47124237777883,111.31203694929481,-64.05335298729574,98.88541372443426,43.793642179523594,70.48527924267593,0.580110497237569,0.0,0.6799862500221148,35.0,0.0
KZT,4,2023-01…2023-06,BUY_NOW,15,5,10.0,15,15,0.5333333333333333,0.4915254237288136,1.0850574712643677,0.5425287356321838,1.6275862068965516,0.7333333333333333,0.7288135593220338,1.006201550387597,37.10781389092592,77.62654405813132,-40.5187301672054,-129.09778643591014,33.68549289116349,-51.47124237777883,111.31203694929481,-64.05335298729574,98.88541372443426,43.793642179523594,70.48527924267593,0.580110497237569,0.0,0.6799862500221148,35.0,0.0
KZT,4,2023-01…2023-06,BUY_NOW,15,5,25.0,15,15,0.6,0.5338983050847458,1.1238095238095238,0.6243386243386243,1.6232804232804232,0.7333333333333333,0.7372881355932204,0.9946360153256704,37.10781389092592,77.62654405813132,-40.5187301672054,-129.09778643591014,33.68549289116349,-51.47124237777883,111.31203694929481,-64.05335298729574,98.88541372443426,43.793642179523594,70.48527924267593,0.580110497237569,0.0,0.6799862500221148,35.0,0.0
KZT,4,2023-01…2023-06,BUY_NOW,15,5,50.0,15,15,0.6,0.5847457627118644,1.0260869565217392,0.5700483091787439,1.4821256038647344,0.8,0.788135593220339,1.0150537634408603,37.10781389092592,77.62654405813132,-40.5187301672054,-129.09778643591014,33.68549289116349,-51.47124237777883,111.31203694929481,-64.05335298729574,98.88541372443426,43.793642179523594,70.48527924267593,0.580110497237569,0.0,0.6799862500221148,35.0,0.0
KZT,4,2023-01…2023-06,BUY_NOW,15,10,0.0,15,15,0.4666666666666667,0.4067796610169492,1.1472222222222221,0.49166666666666664,1.8027777777777776,0.6666666666666666,0.7288135593220338,0.9147286821705427,117.55457548923634,150.11232622521496,-32.557750735978615,-154.90903207773275,82.7932779608582,-4.796705852517801,232.90560418607316,-41.05108870966387,233.91144151315115,53.186507691327684,70.48527924267593,0.580110497237569,0.0,0.6799862500221148,35.0,0.0
KZT,4,2023-01…2023-06,BUY_NOW,15,10,10.0,15,15,0.5333333333333333,0.4661016949152542,1.1442424242424243,0.5721212121212121,1.7163636363636365,0.6666666666666666,0.7372881355932204,0.904214559386973,117.55457548923634,150.11232622521496,-32.557750735978615,-154.90903207773275,82.7932779608582,-4.796705852517801,232.90560418607316,-41.05108870966387,233.91144151315115,53.186507691327684,70.48527924267593,0.580110497237569,0.0,0.6799862500221148,35.0,0.0
KZT,4,2023-01…2023-06,BUY_NOW,15,10,25.0,15,15,0.6,0.5,1.2,0.6666666666666666,1.7333333333333334,0.7333333333333333,0.7627118644067796,0.9614814814814815,117.55457548923634,150.11232622521496,-32.557750735978615,-154.90903207773275,82.7932779608582,-4.796705852517801,232.90560418607316,-41.05108870966387,233.91144151315115,53.186507691327684,70.48527924267593,0.580110497237569,0.0,0.6799862500221148,35.0,0.0
KZT,4,2023-01…2023-06,BUY_NOW,15,10,50.0,15,15,0.6,0.5508474576271186,1.0892307692307692,0.6051282051282051,1.5733333333333335,0.8,0.7796610169491526,1.0260869565217392,117.55457548923634,150.11232622521496,-32.557750735978615,-154.90903207773275,82.7932779608582,-4.796705852517801,232.90560418607316,-41.05108870966387,233.91144151315115,53.186507691327684,70.48527924267593,0.580110497237569,0.0,0.6799862500221148,35.0,0.0
KZT,4,2023-01…2023-06,BUY_NOW,15,20,0.0,15,15,0.4,0.3813559322033898,1.048888888888889,0.3496296296296296,1.7481481481481482,0.7333333333333333,0.7796610169491526,0.9405797101449275,260.37422862440576,290.11536164792756,-29.741133023521797,-188.95812775089894,128.64822244192897,101.15723389702863,418.7635840898565,52.765273309978156,429.23843143980116,47.18768406941817,70.48527924267593,0.580110497237569,0.0,0.6799862500221148,35.0,0.0
KZT,4,2023-01…2023-06,BUY_NOW,15,20,10.0,15,15,0.4666666666666667,0.4491525423728814,1.038993710691824,0.44528301886792454,1.6327044025157231,0.7333333333333333,0.7966101694915254,0.9205673758865248,260.37422862440576,290.11536164792756,-29.741133023521797,-188.95812775089894,128.64822244192897,101.15723389702863,418.7635840898565,52.765273309978156,429.23843143980116,47.18768406941817,70.48527924267593,0.580110497237569,0.0,0.6799862500221148,35.0,0.0
KZT,4,2023-01…2023-06,BUY_NOW,15,20,25.0,15,15,0.5333333333333333,0.4830508474576271,1.104093567251462,0.552046783625731,1.656140350877193,0.7333333333333333,0.8050847457627118,0.9108771929824561,260.37422862440576,290.11536164792756,-29.741133023521797,-188.95812775089894,128.64822244192897,101.15723389702863,418.7635840898565,52.765273309978156,429.23843143980116,47.18768406941817,70.48527924267593,0.580110497237569,0.0,0.6799862500221148,35.0,0.0
KZT,4,2023-01…2023-06,BUY_NOW,15,20,50.0,15,15,0.5333333333333333,0.5254237288135594,1.01505376344086,0.50752688172043,1.5225806451612902,0.7333333333333333,0.8220338983050848,0.8920962199312714,260.37422862440576,290.11536164792756,-29.741133023521797,-188.95812775089894,128.64822244192897,101.15723389702863,418.7635840898565,52.765273309978156,429.23843143980116,47.18768406941817,70.48527924267593,0.580110497237569,0.0,0.6799862500221148,35.0,0.0
KZT,5,2023-07…2023-12,BUY_NOW,2,1,0.0,2,2,0.0,0.5193798449612403,0.0,,,0.0,0.5193798449612403,0.0,-46.18947679819907,0.8358386376701836,-47.02531543586925,,,,,,,16.288867196254113,-86.45847129283347,0.07608695652173914,0.0,0.0,118.0,0.6666666666666666
KZT,5,2023-07…2023-12,BUY_NOW,2,1,10.0,2,2,0.0,0.5736434108527132,0.0,,,0.0,0.5736434108527132,0.0,-46.18947679819907,0.8358386376701836,-47.02531543586925,,,,,,,16.288867196254113,-86.45847129283347,0.07608695652173914,0.0,0.0,118.0,0.6666666666666666
KZT,5,2023-07…2023-12,BUY_NOW,2,1,25.0,2,2,0.5,0.6434108527131783,0.7771084337349398,,,0.5,0.6434108527131783,0.7771084337349398,-46.18947679819907,0.8358386376701836,-47.02531543586925,,,,,,,16.288867196254113,-86.45847129283347,0.07608695652173914,0.0,0.0,118.0,0.6666666666666666
KZT,5,2023-07…2023-12,BUY_NOW,2,1,50.0,2,2,0.5,0.7054263565891473,0.7087912087912087,,,0.5,0.7054263565891473,0.7087912087912087,-46.18947679819907,0.8358386376701836,-47.02531543586925,,,,,,,16.288867196254113,-86.45847129283347,0.07608695652173914,0.0,0.0,118.0,0.6666666666666666
KZT,5,2023-07…2023-12,BUY_NOW,2,3,0.0,2,2,0.0,0.3488372093023256,0.0,,,0.0,0.5038759689922481,0.0,-66.97499325923062,0.07804212673783709,-67.05303538596846,,,,,,,-6.579177706074745,-86.45847129283347,0.07608695652173914,0.0,0.0,118.0,0.6666666666666666
KZT,5,2023-07…2023-12,BUY_NOW,2,3,10.0,2,2,0.0,0.3875968992248062,0.0,,,0.0,0.5426356589147286,0.0,-66.97499325923062,0.07804212673783709,-67.05303538596846,,,,,,,-6.579177706074745,-86.45847129283347,0.07608695652173914,0.0,0.0,118.0,0.6666666666666666
KZT,5,2023-07…2023-12,BUY_NOW,2,3,25.0,2,2,0.0,0.4108527131782946,0.0,,,0.0,0.5968992248062015,0.0,-66.97499325923062,0.07804212673783709,-67.05303538596846,,,,,,,-6.579177706074745,-86.45847129283347,0.07608695652173914,0.0,0.0,118.0,0.6666666666666666
KZT,5,2023-07…2023-12,BUY_NOW,2,3,50.0,2,2,0.0,0.4806201550387597,0.0,,,0.5,0.6744186046511628,0.7413793103448276,-66.97499325923062,0.07804212673783709,-67.05303538596846,,,,,,,-6.579177706074745,-86.45847129283347,0.07608695652173914,0.0,0.0,118.0,0.6666666666666666
KZT,5,2023-07…2023-12,BUY_NOW,2,5,0.0,2,2,0.0,0.29457364341085274,0.0,,,0.0,0.4883720930232558,0.0,-87.08446633899413,-3.154023957638075,-83.93044238135606,,,,,,,-8.849540751880163,-86.45847129283347,0.07608695652173914,0.0,0.0,118.0,0.6666666666666666
KZT,5,2023-07…2023-12,BUY_NOW,2,5,10.0,2,2,0.0,0.3178294573643411,0.0,,,0.0,0.5348837209302325,0.0,-87.08446633899413,-3.154023957638075,-83.93044238135606,,,,,,,-8.849540751880163,-86.45847129283347,0.07608695652173914,0.0,0.0,118.0,0.6666666666666666
KZT,5,2023-07…2023-12,BUY_NOW,2,5,25.0,2,2,0.0,0.32558139534883723,0.0,,,0.0,0.5348837209302325,0.0,-87.08446633899413,-3.154023957638075,-83.93044238135606,,,,,,,-8.849540751880163,-86.45847129283347,0.07608695652173914,0.0,0.0,118.0,0.6666666666666666
KZT,5,2023-07…2023-12,BUY_NOW,2,5,50.0,2,2,0.0,0.3953488372093023,0.0,,,0.0,0.6124031007751938,0.0,-87.08446633899413,-3.154023957638075,-83.93044238135606,,,,,,,-8.849540751880163,-86.45847129283347,0.07608695652173914,0.0,0.0,118.0,0.6666666666666666
KZT,5,2023-07…2023-12,BUY_NOW,2,10,0.0,2,2,0.0,0.17054263565891473,0.0,,,0.0,0.46511627906976744,0.0,-23.051541581976533,-11.385444208445822,-11.666097373530711,,,,,,,43.96540511375502,-86.45847129283347,0.07608695652173914,0.0,0.0,118.0,0.6666666666666666
KZT,5,2023-07…2023-12,BUY_NOW,2,10,10.0,2,2,0.0,0.1937984496124031,0.0,,,0.0,0.4883720930232558,0.0,-23.051541581976533,-11.385444208445822,-11.666097373530711,,,,,,,43.96540511375502,-86.45847129283347,0.07608695652173914,0.0,0.0,118.0,0.6666666666666666
KZT,5,2023-07…2023-12,BUY_NOW,2,10,25.0,2,2,0.0,0.20930232558139536,0.0,,,0.5,0.5193798449612403,0.962686567164179,-23.051541581976533,-11.385444208445822,-11.666097373530711,,,,,,,43.96540511375502,-86.45847129283347,0.07608695652173914,0.0,0.0,118.0,0.6666666666666666
KZT,5,2023-07…2023-12,BUY_NOW,2,10,50.0,2,2,0.0,0.27906976744186046,0.0,,,1.0,0.5658914728682171,1.7671232876712328,-23.051541581976533,-11.385444208445822,-11.666097373530711,,,,,,,43.96540511375502,-86.45847129283347,0.07608695652173914,0.0,0.0,118.0,0.6666666666666666
KZT,5,2023-07…2023-12,BUY_NOW,2,20,0.0,2,2,0.0,0.07751937984496124,0.0,,,1.0,0.4728682170542636,2.1147540983606556,193.20250953414163,-23.450077638838618,216.65258717298025,,,,,,,91.08181852559572,-86.45847129283347,0.07608695652173914,0.0,0.0,118.0,0.6666666666666666
KZT,5,2023-07…2023-12,BUY_NOW,2,20,10.0,2,2,0.0,0.08527131782945736,0.0,,,1.0,0.4806201550387597,2.0806451612903225,193.20250953414163,-23.450077638838618,216.65258717298025,,,,,,,91.08181852559572,-86.45847129283347,0.07608695652173914,0.0,0.0,118.0,0.6666666666666666
KZT,5,2023-07…2023-12,BUY_NOW,2,20,25.0,2,2,0.0,0.09302325581395349,0.0,,,1.0,0.5193798449612403,1.925373134328358,193.20250953414163,-23.450077638838618,216.65258717298025,,,,,,,91.08181852559572,-86.45847129283347,0.07608695652173914,0.0,0.0,118.0,0.6666666666666666
KZT,5,2023-07…2023-12,BUY_NOW,2,20,50.0,2,2,0.0,0.14728682170542637,0.0,,,1.0,0.5426356589147286,1.842857142857143,193.20250953414163,-23.450077638838618,216.65258717298025,,,,,,,91.08181852559572,-86.45847129283347,0.07608695652173914,0.0,0.0,118.0,0.6666666666666666
KZT,6,2024-01…2024-06,BUY_NOW,12,1,0.0,12,12,0.5833333333333334,0.5213675213675214,1.1188524590163935,0.6393442622950819,1.5983606557377048,0.5833333333333334,0.5213675213675214,1.1188524590163935,30.263049883387794,-5.860569133008663,36.123619016396454,-8.082906821013665,91.24447659353274,-13.943475954022327,85.38390746052407,-7.412515252733417,84.94850701211837,58.21722779189307,35.923953999219826,0.46153846153846156,0.0,0.7204146669383839,38.0,0.0
KZT,6,2024-01…2024-06,BUY_NOW,12,1,10.0,12,12,0.5833333333333334,0.6068376068376068,0.961267605633803,0.5492957746478874,1.3732394366197185,0.5833333333333334,0.6068376068376068,0.961267605633803,30.263049883387794,-5.860569133008663,36.123619016396454,-8.082906821013665,91.24447659353274,-13.943475954022327,85.38390746052407,-7.412515252733417,84.94850701211837,58.21722779189307,35.923953999219826,0.46153846153846156,0.0,0.7204146669383839,38.0,0.0
KZT,6,2024-01…2024-06,BUY_NOW,12,1,25.0,12,12,0.8333333333333334,0.7008547008547008,1.1890243902439026,0.8323170731707318,1.426829268292683,0.8333333333333334,0.7008547008547008,1.1890243902439026,30.263049883387794,-5.860569133008663,36.123619016396454,-8.082906821013665,91.24447659353274,-13.943475954022327,85.38390746052407,-7.412515252733417,84.94850701211837,58.21722779189307,35.923953999219826,0.46153846153846156,0.0,0.7204146669383839,38.0,0.0
KZT,6,2024-01…2024-06,BUY_NOW,12,1,50.0,12,12,0.8333333333333334,0.7948717948717948,1.0483870967741937,0.7338709677419356,1.2580645161290323,0.8333333333333334,0.7948717948717948,1.0483870967741937,30.263049883387794,-5.860569133008663,36.123619016396454,-8.082906821013665,91.24447659353274,-13.943475954022327,85.38390746052407,-7.412515252733417,84.94850701211837,58.21722779189307,35.923953999219826,0.46153846153846156,0.0,0.7204146669383839,38.0,0.0
KZT,6,2024-01…2024-06,BUY_NOW,12,3,0.0,12,12,0.3333333333333333,0.2905982905982906,1.1470588235294117,0.2867647058823529,2.0073529411764706,0.5833333333333334,0.5128205128205128,1.1375000000000002,56.140133085776824,-10.506104824536036,66.64623791031286,5.664377554031952,144.46973255065814,-4.841727270504085,133.9636277261221,11.88187794965573,126.42955725072387,86.71510700235198,35.923953999219826,0.46153846153846156,0.0,0.7204146669383839,38.0,0.0
KZT,6,2024-01…2024-06,BUY_NOW,12,3,10.0,12,12,0.3333333333333333,0.37606837606837606,0.8863636363636364,0.2215909090909091,1.5511363636363638,0.75,0.5555555555555556,1.3499999999999999,56.140133085776824,-10.506104824536036,66.64623791031286,5.664377554031952,144.46973255065814,-4.841727270504085,133.9636277261221,11.88187794965573,126.42955725072387,86.71510700235198,35.923953999219826,0.46153846153846156,0.0,0.7204146669383839,38.0,0.0
KZT,6,2024-01…2024-06,BUY_NOW,12,3,25.0,12,12,0.5,0.4700854700854701,1.0636363636363637,0.5318181818181819,1.5954545454545455,0.8333333333333334,0.6239316239316239,1.3356164383561644,56.140133085776824,-10.506104824536036,66.64623791031286,5.664377554031952,144.46973255065814,-4.841727270504085,133.9636277261221,11.88187794965573,126.42955725072387,86.71510700235198,35.923953999219826,0.46153846153846156,0.0,0.7204146669383839,38.0,0.0
KZT,6,2024-01…2024-06,BUY_NOW,12,3,50.0,12,12,0.6666666666666666,0.5726495726495726,1.164179104477612,0.7276119402985075,1.6007462686567164,0.9166666666666666,0.7008547008547008,1.3079268292682926,56.140133085776824,-10.506104824536036,66.64623791031286,5.664377554031952,144.46973255065814,-4.841727270504085,133.9636277261221,11.88187794965573,126.42955725072387,86.71510700235198,35.923953999219826,0.46153846153846156,0.0,0.7204146669383839,38.0,0.0
KZT,6,2024-01…2024-06,BUY_NOW,12,5,0.0,12,12,0.3333333333333333,0.23076923076923078,1.4444444444444442,0.36111111111111105,2.5277777777777777,0.5,0.5042735042735043,0.9915254237288136,50.890797127405484,-14.39578467788812,65.28658180529361,-0.16626625753183788,145.59390209663775,-14.562050935419958,131.19811741874963,-18.811025692267737,130.7535367436408,81.79503405522601,35.923953999219826,0.46153846153846156,0.0,0.7204146669383839,38.0,0.0
KZT,6,2024-01…2024-06,BUY_NOW,12,5,10.0,12,12,0.3333333333333333,0.3162393162393162,1.054054054054054,0.2635135135135135,1.8445945945945947,0.6666666666666666,0.5384615384615384,1.2380952380952381,50.890797127405484,-14.39578467788812,65.28658180529361,-0.16626625753183788,145.59390209663775,-14.562050935419958,131.19811741874963,-18.811025692267737,130.7535367436408,81.79503405522601,35.923953999219826,0.46153846153846156,0.0,0.7204146669383839,38.0,0.0
KZT,6,2024-01…2024-06,BUY_NOW,12,5,25.0,12,12,0.5,0.39316239316239315,1.2717391304347827,0.6358695652173914,1.907608695652174,0.6666666666666666,0.6068376068376068,1.0985915492957747,50.890797127405484,-14.39578467788812,65.28658180529361,-0.16626625753183788,145.59390209663775,-14.562050935419958,131.19811741874963,-18.811025692267737,130.7535367436408,81.79503405522601,35.923953999219826,0.46153846153846156,0.0,0.7204146669383839,38.0,0.0
KZT,6,2024-01…2024-06,BUY_NOW,12,5,50.0,12,12,0.5833333333333334,0.48717948717948717,1.1973684210526316,0.6842105263157895,1.710526315789474,0.8333333333333334,0.7008547008547008,1.1890243902439026,50.890797127405484,-14.39578467788812,65.28658180529361,-0.16626625753183788,145.59390209663775,-14.562050935419958,131.19811741874963,-18.811025692267737,130.7535367436408,81.79503405522601,35.923953999219826,0.46153846153846156,0.0,0.7204146669383839,38.0,0.0
KZT,6,2024-01…2024-06,BUY_NOW,12,10,0.0,12,12,0.3333333333333333,0.19658119658119658,1.6956521739130435,0.42391304347826086,2.967391304347826,0.5,0.5299145299145299,0.9435483870967741,25.575983512730048,-25.129809657864534,50.70579317059458,-25.115571734524707,137.01633980167645,-50.24538139238924,111.88653014381192,-68.72788095052067,93.76797116603474,76.65276277522577,35.923953999219826,0.46153846153846156,0.0,0.7204146669383839,38.0,0.0
KZT,6,2024-01…2024-06,BUY_NOW,12,10,10.0,12,12,0.3333333333333333,0.2564102564102564,1.3,0.325,2.2750000000000004,0.5,0.5470085470085471,0.9140624999999999,25.575983512730048,-25.129809657864534,50.70579317059458,-25.115571734524707,137.01633980167645,-50.24538139238924,111.88653014381192,-68.72788095052067,93.76797116603474,76.65276277522577,35.923953999219826,0.46153846153846156,0.0,0.7204146669383839,38.0,0.0
KZT,6,2024-01…2024-06,BUY_NOW,12,10,25.0,12,12,0.4166666666666667,0.3076923076923077,1.3541666666666667,0.5416666666666666,2.1666666666666665,0.5833333333333334,0.5726495726495726,1.0186567164179106,25.575983512730048,-25.129809657864534,50.70579317059458,-25.115571734524707,137.01633980167645,-50.24538139238924,111.88653014381192,-68.72788095052067,93.76797116603474,76.65276277522577,35.923953999219826,0.46153846153846156,0.0,0.7204146669383839,38.0,0.0
KZT,6,2024-01…2024-06,BUY_NOW,12,10,50.0,12,12,0.4166666666666667,0.4017094017094017,1.0372340425531914,0.41489361702127653,1.6595744680851061,0.5833333333333334,0.6068376068376068,0.961267605633803,25.575983512730048,-25.129809657864534,50.70579317059458,-25.115571734524707,137.01633980167645,-50.24538139238924,111.88653014381192,-68.72788095052067,93.76797116603474,76.65276277522577,35.923953999219826,0.46153846153846156,0.0,0.7204146669383839,38.0,0.0
KZT,6,2024-01…2024-06,BUY_NOW,12,20,0.0,12,12,0.3333333333333333,0.15384615384615385,2.1666666666666665,0.5416666666666666,3.7916666666666665,0.5,0.4700854700854701,1.0636363636363637,1.0331724605662107,-51.33409444413086,52.367266904697075,-73.58030624417682,182.28492482689344,-124.91440068830768,130.95083038276258,-171.50573735105183,152.87116842931678,81.50912650221265,35.923953999219826,0.46153846153846156,0.0,0.7204146669383839,38.0,0.0
KZT,6,2024-01…2024-06,BUY_NOW,12,20,10.0,12,12,0.3333333333333333,0.19658119658119658,1.6956521739130435,0.42391304347826086,2.967391304347826,0.5,0.47863247863247865,1.0446428571428572,1.0331724605662107,-51.33409444413086,52.367266904697075,-73.58030624417682,182.28492482689344,-124.91440068830768,130.95083038276258,-171.50573735105183,152.87116842931678,81.50912650221265,35.923953999219826,0.46153846153846156,0.0,0.7204146669383839,38.0,0.0
KZT,6,2024-01…2024-06,BUY_NOW,12,20,25.0,12,12,0.4166666666666667,0.26495726495726496,1.5725806451612905,0.6290322580645161,2.5161290322580645,0.5,0.5128205128205128,0.9750000000000001,1.0331724605662107,-51.33409444413086,52.367266904697075,-73.58030624417682,182.28492482689344,-124.91440068830768,130.95083038276258,-171.50573735105183,152.87116842931678,81.50912650221265,35.923953999219826,0.46153846153846156,0.0,0.7204146669383839,38.0,0.0
KZT,6,2024-01…2024-06,BUY_NOW,12,20,50.0,12,12,0.4166666666666667,0.3247863247863248,1.2828947368421053,0.513157894736842,2.052631578947368,0.5,0.5470085470085471,0.9140624999999999,1.0331724605662107,-51.33409444413086,52.367266904697075,-73.58030624417682,182.28492482689344,-124.91440068830768,130.95083038276258,-171.50573735105183,152.87116842931678,81.50912650221265,35.923953999219826,0.46153846153846156,0.0,0.7204146669383839,38.0,0.0
KZT,7,2024-07…2024-12,BUY_NOW,18,1,0.0,18,18,0.5,0.48854961832061067,1.0234375,0.568576388888889,1.4782986111111112,0.5,0.48854961832061067,1.0234375,-9.162290412905477,4.2233885893702166,-13.385679002275694,-70.70384333508404,39.16767506915648,-66.48045474571383,43.3910636585267,-60.13173579612742,38.343895037400245,30.098162674373423,65.73496505204082,0.6847826086956522,0.0,0.31311214554257477,22.0,0.0
KZT,7,2024-07…2024-12,BUY_NOW,18,1,10.0,18,18,0.5,0.5343511450381679,0.9357142857142857,0.5198412698412699,1.3515873015873017,0.5,0.5343511450381679,0.9357142857142857,-9.162290412905477,4.2233885893702166,-13.385679002275694,-70.70384333508404,39.16767506915648,-66.48045474571383,43.3910636585267,-60.13173579612742,38.343895037400245,30.098162674373423,65.73496505204082,0.6847826086956522,0.0,0.31311214554257477,22.0,0.0
KZT,7,2024-07…2024-12,BUY_NOW,18,1,25.0,18,18,0.5555555555555556,0.6259541984732825,0.8875338753387534,0.532520325203252,1.2425474254742548,0.5555555555555556,0.6259541984732825,0.8875338753387534,-9.162290412905477,4.2233885893702166,-13.385679002275694,-70.70384333508404,39.16767506915648,-66.48045474571383,43.3910636585267,-60.13173579612742,38.343895037400245,30.098162674373423,65.73496505204082,0.6847826086956522,0.0,0.31311214554257477,22.0,0.0
KZT,7,2024-07…2024-12,BUY_NOW,18,1,50.0,18,18,0.7222222222222222,0.7938931297709924,0.9097222222222222,0.6298076923076923,1.1214075854700758,0.7222222222222222,0.7938931297709924,0.9097222222222222,-9.162290412905477,4.2233885893702166,-13.385679002275694,-70.70384333508404,39.16767506915648,-66.48045474571383,43.3910636585267,-60.13173579612742,38.343895037400245,30.098162674373423,65.73496505204082,0.6847826086956522,0.0,0.31311214554257477,22.0,0.0
KZT,7,2024-07…2024-12,BUY_NOW,18,3,0.0,18,18,0.4444444444444444,0.37404580152671757,1.1882086167800452,0.5941043083900226,1.7823129251700678,0.6111111111111112,0.4961832061068702,1.2316239316239317,29.070922455679554,8.656925879834048,20.413996575845506,-72.40799917390514,109.70254607126866,-63.75107329407109,118.3594719511027,-44.34916791643941,99.64160355388091,53.536214323596546,65.73496505204082,0.6847826086956522,0.0,0.31311214554257477,22.0,0.0
KZT,7,2024-07…2024-12,BUY_NOW,18,3,10.0,18,18,0.5,0.40458015267175573,1.2358490566037736,0.6865828092243187,1.7851153039832284,0.6111111111111112,0.5419847328244275,1.1275430359937402,29.070922455679554,8.656925879834048,20.413996575845506,-72.40799917390514,109.70254607126866,-63.75107329407109,118.3594719511027,-44.34916791643941,99.64160355388091,53.536214323596546,65.73496505204082,0.6847826086956522,0.0,0.31311214554257477,22.0,0.0
KZT,7,2024-07…2024-12,BUY_NOW,18,3,25.0,18,18,0.5555555555555556,0.45038167938931295,1.233521657250471,0.7401129943502824,1.7269303201506592,0.6666666666666666,0.5877862595419847,1.1341991341991342,29.070922455679554,8.656925879834048,20.413996575845506,-72.40799917390514,109.70254607126866,-63.75107329407109,118.3594719511027,-44.34916791643941,99.64160355388091,53.536214323596546,65.73496505204082,0.6847826086956522,0.0,0.31311214554257477,22.0,0.0
KZT,7,2024-07…2024-12,BUY_NOW,18,3,50.0,18,18,0.6666666666666666,0.5572519083969466,1.1963470319634701,0.7975646879756467,1.5951293759512934,0.6666666666666666,0.6870229007633588,0.9703703703703702,29.070922455679554,8.656925879834048,20.413996575845506,-72.40799917390514,109.70254607126866,-63.75107329407109,118.3594719511027,-44.34916791643941,99.64160355388091,53.536214323596546,65.73496505204082,0.6847826086956522,0.0,0.31311214554257477,22.0,0.0
KZT,7,2024-07…2024-12,BUY_NOW,18,5,0.0,18,18,0.3888888888888889,0.3053435114503817,1.273611111111111,0.5458333333333333,2.001388888888889,0.6666666666666666,0.5267175572519084,1.2657004830917873,42.43212179043368,12.935992780267004,29.49612901016668,-81.06840208175436,129.45986165132882,-68.13240930148736,142.39585443159584,-44.18728544051079,113.44850864863447,49.63553894986915,65.73496505204082,0.6847826086956522,0.0,0.31311214554257477,22.0,0.0
KZT,7,2024-07…2024-12,BUY_NOW,18,5,10.0,18,18,0.4444444444444444,0.3435114503816794,1.293827160493827,0.6469135802469135,1.9407407407407404,0.6666666666666666,0.5572519083969466,1.1963470319634701,42.43212179043368,12.935992780267004,29.49612901016668,-81.06840208175436,129.45986165132882,-68.13240930148736,142.39585443159584,-44.18728544051079,113.44850864863447,49.63553894986915,65.73496505204082,0.6847826086956522,0.0,0.31311214554257477,22.0,0.0
KZT,7,2024-07…2024-12,BUY_NOW,18,5,25.0,18,18,0.5,0.3969465648854962,1.2596153846153846,0.6997863247863249,1.8194444444444444,0.6666666666666666,0.5877862595419847,1.1341991341991342,42.43212179043368,12.935992780267004,29.49612901016668,-81.06840208175436,129.45986165132882,-68.13240930148736,142.39585443159584,-44.18728544051079,113.44850864863447,49.63553894986915,65.73496505204082,0.6847826086956522,0.0,0.31311214554257477,22.0,0.0
KZT,7,2024-07…2024-12,BUY_NOW,18,5,50.0,18,18,0.6666666666666666,0.4961832061068702,1.3435897435897435,0.8957264957264957,1.7914529914529913,0.6666666666666666,0.6793893129770993,0.9812734082397003,42.43212179043368,12.935992780267004,29.49612901016668,-81.06840208175436,129.45986165132882,-68.13240930148736,142.39585443159584,-44.18728544051079,113.44850864863447,49.63553894986915,65.73496505204082,0.6847826086956522,0.0,0.31311214554257477,22.0,0.0
KZT,7,2024-07…2024-12,BUY_NOW,18,10,0.0,18,18,0.3333333333333333,0.21374045801526717,1.5595238095238095,0.5198412698412698,2.5992063492063493,0.6666666666666666,0.5572519083969466,1.1963470319634701,52.042235094738466,22.176827288085843,29.865407806652623,-84.07794844834302,136.48952888996357,-61.901121160257176,158.6663561780494,-23.13874161970751,109.57841856977082,38.889503378554735,65.73496505204082,0.6847826086956522,0.0,0.31311214554257477,22.0,0.0
KZT,7,2024-07…2024-12,BUY_NOW,18,10,10.0,18,18,0.3888888888888889,0.24427480916030533,1.592013888888889,0.6822916666666666,2.5017361111111116,0.6666666666666666,0.6106870229007634,1.0916666666666666,52.042235094738466,22.176827288085843,29.865407806652623,-84.07794844834302,136.48952888996357,-61.901121160257176,158.6663561780494,-23.13874161970751,109.57841856977082,38.889503378554735,65.73496505204082,0.6847826086956522,0.0,0.31311214554257477,22.0,0.0
KZT,7,2024-07…2024-12,BUY_NOW,18,10,25.0,18,18,0.4444444444444444,0.2824427480916031,1.5735735735735734,0.7867867867867867,2.36036036036036,0.6666666666666666,0.6259541984732825,1.065040650406504,52.042235094738466,22.176827288085843,29.865407806652623,-84.07794844834302,136.48952888996357,-61.901121160257176,158.6663561780494,-23.13874161970751,109.57841856977082,38.889503378554735,65.73496505204082,0.6847826086956522,0.0,0.31311214554257477,22.0,0.0
KZT,7,2024-07…2024-12,BUY_NOW,18,10,50.0,18,18,0.5555555555555556,0.3816793893129771,1.4555555555555555,0.8733333333333332,2.0377777777777775,0.6666666666666666,0.6870229007633588,0.9703703703703702,52.042235094738466,22.176827288085843,29.865407806652623,-84.07794844834302,136.48952888996357,-61.901121160257176,158.6663561780494,-23.13874161970751,109.57841856977082,38.889503378554735,65.73496505204082,0.6847826086956522,0.0,0.31311214554257477,22.0,0.0
KZT,7,2024-07…2024-12,BUY_NOW,18,20,0.0,18,18,0.2222222222222222,0.15267175572519084,1.4555555555555555,0.3638888888888889,2.911111111111111,0.7777777777777778,0.5725190839694656,1.3585185185185187,82.2294711187024,34.71548822943122,47.51398288927118,-77.22544748231297,156.98747553355912,-42.50995925288176,191.70296376299035,-9.705532104217138,155.56963691843538,22.88618726964034,65.73496505204082,0.6847826086956522,0.0,0.31311214554257477,22.0,0.0
KZT,7,2024-07…2024-12,BUY_NOW,18,20,10.0,18,18,0.2222222222222222,0.16030534351145037,1.3862433862433863,0.34656084656084657,2.7724867724867726,0.7777777777777778,0.5954198473282443,1.3062678062678064,82.2294711187024,34.71548822943122,47.51398288927118,-77.22544748231297,156.98747553355912,-42.50995925288176,191.70296376299035,-9.705532104217138,155.56963691843538,22.88618726964034,65.73496505204082,0.6847826086956522,0.0,0.31311214554257477,22.0,0.0
KZT,7,2024-07…2024-12,BUY_NOW,18,20,25.0,18,18,0.2777777777777778,0.16793893129770993,1.6540404040404042,0.6616161616161615,2.977272727272727,0.7777777777777778,0.6335877862595419,1.2275769745649265,82.2294711187024,34.71548822943122,47.51398288927118,-77.22544748231297,156.98747553355912,-42.50995925288176,191.70296376299035,-9.705532104217138,155.56963691843538,22.88618726964034,65.73496505204082,0.6847826086956522,0.0,0.31311214554257477,22.0,0.0
KZT,7,2024-07…2024-12,BUY_NOW,18,20,50.0,18,18,0.3888888888888889,0.2595419847328244,1.4983660130718954,0.642156862745098,2.3545751633986933,0.7777777777777778,0.6793893129770993,1.1448189762796503,82.2294711187024,34.71548822943122,47.51398288927118,-77.22544748231297,156.98747553355912,-42.50995925288176,191.70296376299035,-9.705532104217138,155.56963691843538,22.88618726964034,65.73496505204082,0.6847826086956522,0.0,0.31311214554257477,22.0,0.0
KZT,8,2025-01…2025-06,BUY_NOW,18,1,0.0,18,18,0.4444444444444444,0.4358974358974359,1.0196078431372548,0.5098039215686274,1.5294117647058822,0.4444444444444444,0.4358974358974359,1.0196078431372548,-45.93950994396196,-20.866948151706342,-25.072561792255616,-94.94701448114887,37.47186286232761,-115.81396263285521,16.604914710621266,-118.26835264958179,34.824216546647335,14.592965417095646,-113.25829415634973,0.6961325966850829,0.0,0.5076636819176852,31.0,0.0
KZT,8,2025-01…2025-06,BUY_NOW,18,1,10.0,18,18,0.5,0.46153846153846156,1.0833333333333333,0.6018518518518519,1.5648148148148147,0.5,0.46153846153846156,1.0833333333333333,-45.93950994396196,-20.866948151706342,-25.072561792255616,-94.94701448114887,37.47186286232761,-115.81396263285521,16.604914710621266,-118.26835264958179,34.824216546647335,14.592965417095646,-113.25829415634973,0.6961325966850829,0.0,0.5076636819176852,31.0,0.0
KZT,8,2025-01…2025-06,BUY_NOW,18,1,25.0,18,18,0.6666666666666666,0.5897435897435898,1.1304347826086956,0.753623188405797,1.507246376811594,0.6666666666666666,0.5897435897435898,1.1304347826086956,-45.93950994396196,-20.866948151706342,-25.072561792255616,-94.94701448114887,37.47186286232761,-115.81396263285521,16.604914710621266,-118.26835264958179,34.824216546647335,14.592965417095646,-113.25829415634973,0.6961325966850829,0.0,0.5076636819176852,31.0,0.0
KZT,8,2025-01…2025-06,BUY_NOW,18,1,50.0,18,18,0.7222222222222222,0.6837606837606838,1.05625,0.73125,1.2999999999999998,0.7222222222222222,0.6837606837606838,1.05625,-45.93950994396196,-20.866948151706342,-25.072561792255616,-94.94701448114887,37.47186286232761,-115.81396263285521,16.604914710621266,-118.26835264958179,34.824216546647335,14.592965417095646,-113.25829415634973,0.6961325966850829,0.0,0.5076636819176852,31.0,0.0
KZT,8,2025-01…2025-06,BUY_NOW,18,3,0.0,18,18,0.2777777777777778,0.24786324786324787,1.1206896551724137,0.44827586206896547,2.0172413793103448,0.4444444444444444,0.4017094017094017,1.106382978723404,-53.80020682345346,-41.503653584238705,-12.296553239214752,-80.15880700237979,47.6134144879726,-121.6624605866185,6.1097609037338945,-112.83981344240802,0.0727082320066338,19.59921743960542,-113.25829415634973,0.6961325966850829,0.0,0.5076636819176852,31.0,0.0
KZT,8,2025-01…2025-06,BUY_NOW,18,3,10.0,18,18,0.3333333333333333,0.27350427350427353,1.2187499999999998,0.40624999999999994,2.03125,0.4444444444444444,0.4188034188034188,1.0612244897959182,-53.80020682345346,-41.503653584238705,-12.296553239214752,-80.15880700237979,47.6134144879726,-121.6624605866185,6.1097609037338945,-112.83981344240802,0.0727082320066338,19.59921743960542,-113.25829415634973,0.6961325966850829,0.0,0.5076636819176852,31.0,0.0
KZT,8,2025-01…2025-06,BUY_NOW,18,3,25.0,18,18,0.4444444444444444,0.3418803418803419,1.2999999999999998,0.6499999999999999,1.95,0.4444444444444444,0.47863247863247865,0.9285714285714285,-53.80020682345346,-41.503653584238705,-12.296553239214752,-80.15880700237979,47.6134144879726,-121.6624605866185,6.1097609037338945,-112.83981344240802,0.0727082320066338,19.59921743960542,-113.25829415634973,0.6961325966850829,0.0,0.5076636819176852,31.0,0.0
KZT,8,2025-01…2025-06,BUY_NOW,18,3,50.0,18,18,0.4444444444444444,0.39316239316239315,1.1304347826086956,0.5652173913043478,1.6956521739130435,0.5,0.5555555555555556,0.8999999999999999,-53.80020682345346,-41.503653584238705,-12.296553239214752,-80.15880700237979,47.6134144879726,-121.6624605866185,6.1097609037338945,-112.83981344240802,0.0727082320066338,19.59921743960542,-113.25829415634973,0.6961325966850829,0.0,0.5076636819176852,31.0,0.0
KZT,8,2025-01…2025-06,BUY_NOW,18,5,0.0,18,18,0.16666666666666666,0.17094017094017094,0.975,0.0,2.275,0.3333333333333333,0.3418803418803419,0.975,-75.1451754738051,-62.349224834909016,-12.79595063889608,-92.49191452535777,63.00814499278876,-154.8411393602668,0.6589201578797441,-129.24102964494398,-26.319081244844078,15.24190265394921,-113.25829415634973,0.6961325966850829,0.0,0.5076636819176852,31.0,0.0
KZT,8,2025-01…2025-06,BUY_NOW,18,5,10.0,18,18,0.16666666666666666,0.18803418803418803,0.8863636363636364,0.0,2.0681818181818183,0.3333333333333333,0.358974358974359,0.9285714285714285,-75.1451754738051,-62.349224834909016,-12.79595063889608,-92.49191452535777,63.00814499278876,-154.8411393602668,0.6589201578797441,-129.24102964494398,-26.319081244844078,15.24190265394921,-113.25829415634973,0.6961325966850829,0.0,0.5076636819176852,31.0,0.0
KZT,8,2025-01…2025-06,BUY_NOW,18,5,25.0,18,18,0.2222222222222222,0.23931623931623933,0.9285714285714285,0.23214285714285712,1.857142857142857,0.3333333333333333,0.41025641025641024,0.8125,-75.1451754738051,-62.349224834909016,-12.79595063889608,-92.49191452535777,63.00814499278876,-154.8411393602668,0.6589201578797441,-129.24102964494398,-26.319081244844078,15.24190265394921,-113.25829415634973,0.6961325966850829,0.0,0.5076636819176852,31.0,0.0
KZT,8,2025-01…2025-06,BUY_NOW,18,5,50.0,18,18,0.3333333333333333,0.29914529914529914,1.1142857142857143,0.37142857142857144,1.8571428571428572,0.3888888888888889,0.48717948717948717,0.7982456140350878,-75.1451754738051,-62.349224834909016,-12.79595063889608,-92.49191452535777,63.00814499278876,-154.8411393602668,0.6589201578797441,-129.24102964494398,-26.319081244844078,15.24190265394921,-113.25829415634973,0.6961325966850829,0.0,0.5076636819176852,31.0,0.0
KZT,8,2025-01…2025-06,BUY_NOW,18,10,0.0,18,18,0.16666666666666666,0.07692307692307693,2.1666666666666665,0.0,5.055555555555555,0.2222222222222222,0.2905982905982906,0.7647058823529411,-127.98893599993868,-113.47526711205548,-14.513668887883199,-105.3806113768578,76.37545344235335,-218.85587848891328,-37.09981366970213,-179.26917710700124,-84.7660172205688,17.32343337697722,-113.25829415634973,0.6961325966850829,0.0,0.5076636819176852,31.0,0.0
KZT,8,2025-01…2025-06,BUY_NOW,18,10,10.0,18,18,0.16666666666666666,0.1111111111111111,1.5,0.0,3.5000000000000004,0.2222222222222222,0.29914529914529914,0.7428571428571429,-127.98893599993868,-113.47526711205548,-14.513668887883199,-105.3806113768578,76.37545344235335,-218.85587848891328,-37.09981366970213,-179.26917710700124,-84.7660172205688,17.32343337697722,-113.25829415634973,0.6961325966850829,0.0,0.5076636819176852,31.0,0.0
KZT,8,2025-01…2025-06,BUY_NOW,18,10,25.0,18,18,0.2222222222222222,0.13675213675213677,1.6249999999999998,0.40624999999999994,3.2499999999999996,0.2777777777777778,0.3247863247863248,0.8552631578947368,-127.98893599993868,-113.47526711205548,-14.513668887883199,-105.3806113768578,76.37545344235335,-218.85587848891328,-37.09981366970213,-179.26917710700124,-84.7660172205688,17.32343337697722,-113.25829415634973,0.6961325966850829,0.0,0.5076636819176852,31.0,0.0
KZT,8,2025-01…2025-06,BUY_NOW,18,10,50.0,18,18,0.2222222222222222,0.15384615384615385,1.4444444444444442,0.36111111111111105,2.8888888888888884,0.2777777777777778,0.38461538461538464,0.7222222222222222,-127.98893599993868,-113.47526711205548,-14.513668887883199,-105.3806113768578,76.37545344235335,-218.85587848891328,-37.09981366970213,-179.26917710700124,-84.7660172205688,17.32343337697722,-113.25829415634973,0.6961325966850829,0.0,0.5076636819176852,31.0,0.0
KZT,8,2025-01…2025-06,BUY_NOW,18,20,0.0,18,18,0.0,0.008547008547008548,0.0,0.0,0.0,0.1111111111111111,0.07692307692307693,1.4444444444444442,-228.22321346963224,-215.04473247998948,-13.178480989642765,-89.28759998800689,68.84145248371584,-304.33233246799637,-146.20327999627364,-278.41735427276626,-174.93801696489993,13.466476959673734,-113.25829415634973,0.6961325966850829,0.0,0.5076636819176852,31.0,0.0
KZT,8,2025-01…2025-06,BUY_NOW,18,20,10.0,18,18,0.0,0.008547008547008548,0.0,0.0,0.0,0.1111111111111111,0.10256410256410256,1.0833333333333333,-228.22321346963224,-215.04473247998948,-13.178480989642765,-89.28759998800689,68.84145248371584,-304.33233246799637,-146.20327999627364,-278.41735427276626,-174.93801696489993,13.466476959673734,-113.25829415634973,0.6961325966850829,0.0,0.5076636819176852,31.0,0.0
KZT,8,2025-01…2025-06,BUY_NOW,18,20,25.0,18,18,0.05555555555555555,0.02564102564102564,2.1666666666666665,0.0,6.5,0.1111111111111111,0.1111111111111111,1.0,-228.22321346963224,-215.04473247998948,-13.178480989642765,-89.28759998800689,68.84145248371584,-304.33233246799637,-146.20327999627364,-278.41735427276626,-174.93801696489993,13.466476959673734,-113.25829415634973,0.6961325966850829,0.0,0.5076636819176852,31.0,0.0
KZT,8,2025-01…2025-06,BUY_NOW,18,20,50.0,18,18,0.05555555555555555,0.02564102564102564,2.1666666666666665,0.0,6.5,0.1111111111111111,0.11965811965811966,0.9285714285714285,-228.22321346963224,-215.04473247998948,-13.178480989642765,-89.28759998800689,68.84145248371584,-304.33233246799637,-146.20327999627364,-278.41735427276626,-174.93801696489993,13.466476959673734,-113.25829415634973,0.6961325966850829,0.0,0.5076636819176852,31.0,0.0
KZT,9,2025-07…2025-12,BUY_NOW,16,1,0.0,16,16,0.5,0.49230769230769234,1.015625,0.5078125,1.5234375,0.5,0.49230769230769234,1.015625,0.22548814287808128,2.272075627110421,-2.0465874842323397,-40.702914977968476,32.99219346481952,-38.43083935085806,35.26426909192994,-28.759708616423108,27.990435684593365,39.76111849294077,86.700010978005,0.6086956521739131,0.0,0.2993047499344662,18.0,0.0
KZT,9,2025-07…2025-12,BUY_NOW,16,1,10.0,16,16,0.5,0.5692307692307692,0.8783783783783784,0.4391891891891892,1.3175675675675675,0.5,0.5692307692307692,0.8783783783783784,0.22548814287808128,2.272075627110421,-2.0465874842323397,-40.702914977968476,32.99219346481952,-38.43083935085806,35.26426909192994,-28.759708616423108,27.990435684593365,39.76111849294077,86.700010978005,0.6086956521739131,0.0,0.2993047499344662,18.0,0.0
KZT,9,2025-07…2025-12,BUY_NOW,16,1,25.0,16,16,0.6875,0.6538461538461539,1.0514705882352942,0.6691176470588235,1.338235294117647,0.6875,0.6538461538461539,1.0514705882352942,0.22548814287808128,2.272075627110421,-2.0465874842323397,-40.702914977968476,32.99219346481952,-38.43083935085806,35.26426909192994,-28.759708616423108,27.990435684593365,39.76111849294077,86.700010978005,0.6086956521739131,0.0,0.2993047499344662,18.0,0.0
KZT,9,2025-07…2025-12,BUY_NOW,16,1,50.0,16,16,0.8125,0.7692307692307693,1.05625,0.8125,1.2999999999999998,0.8125,0.7692307692307693,1.05625,0.22548814287808128,2.272075627110421,-2.0465874842323397,-40.702914977968476,32.99219346481952,-38.43083935085806,35.26426909192994,-28.759708616423108,27.990435684593365,39.76111849294077,86.700010978005,0.6086956521739131,0.0,0.2993047499344662,18.0,0.0
KZT,9,2025-07…2025-12,BUY_NOW,16,3,0.0,16,16,0.25,0.2846153846153846,0.8783783783783784,0.2195945945945946,1.7567567567567568,0.4375,0.46923076923076923,0.9323770491803278,-0.7358724313754466,4.128817506735914,-4.864689938111361,-37.993044130818085,31.655388675614375,-33.86422662408217,35.78420618235029,-20.06505683194687,24.60638418100458,50.11181689906212,86.700010978005,0.6086956521739131,0.0,0.2993047499344662,18.0,0.0
KZT,9,2025-07…2025-12,BUY_NOW,16,3,10.0,16,16,0.25,0.35384615384615387,0.7065217391304347,0.17663043478260868,1.4130434782608694,0.5625,0.5076923076923077,1.1079545454545454,-0.7358724313754466,4.128817506735914,-4.864689938111361,-37.993044130818085,31.655388675614375,-33.86422662408217,35.78420618235029,-20.06505683194687,24.60638418100458,50.11181689906212,86.700010978005,0.6086956521739131,0.0,0.2993047499344662,18.0,0.0
KZT,9,2025-07…2025-12,BUY_NOW,16,3,25.0,16,16,0.375,0.4230769230769231,0.8863636363636364,0.29545454545454547,1.4772727272727273,0.5625,0.6076923076923076,0.9256329113924051,-0.7358724313754466,4.128817506735914,-4.864689938111361,-37.993044130818085,31.655388675614375,-33.86422662408217,35.78420618235029,-20.06505683194687,24.60638418100458,50.11181689906212,86.700010978005,0.6086956521739131,0.0,0.2993047499344662,18.0,0.0
KZT,9,2025-07…2025-12,BUY_NOW,16,3,50.0,16,16,0.5,0.49230769230769234,1.015625,0.5078125,1.5234375,0.75,0.7230769230769231,1.0372340425531914,-0.7358724313754466,4.128817506735914,-4.864689938111361,-37.993044130818085,31.655388675614375,-33.86422662408217,35.78420618235029,-20.06505683194687,24.60638418100458,50.11181689906212,86.700010978005,0.6086956521739131,0.0,0.2993047499344662,18.0,0.0
KZT,9,2025-07…2025-12,BUY_NOW,16,5,0.0,16,16,0.25,0.23076923076923078,1.0833333333333333,0.2708333333333333,2.1666666666666665,0.6875,0.49230769230769234,1.396484375,31.308647303026973,5.447344535712699,25.861302767314275,-12.71113502867432,73.49577034256005,-7.263790492961621,78.94311487827275,-0.09316787540606074,83.33291223252932,58.91351582536279,86.700010978005,0.6086956521739131,0.0,0.2993047499344662,18.0,0.0
KZT,9,2025-07…2025-12,BUY_NOW,16,5,10.0,16,16,0.25,0.2846153846153846,0.8783783783783784,0.2195945945945946,1.7567567567567568,0.6875,0.5230769230769231,1.3143382352941175,31.308647303026973,5.447344535712699,25.861302767314275,-12.71113502867432,73.49577034256005,-7.263790492961621,78.94311487827275,-0.09316787540606074,83.33291223252932,58.91351582536279,86.700010978005,0.6086956521739131,0.0,0.2993047499344662,18.0,0.0
KZT,9,2025-07…2025-12,BUY_NOW,16,5,25.0,16,16,0.3125,0.33076923076923076,0.9447674418604651,0.37790697674418605,1.7005813953488373,0.75,0.5769230769230769,1.3,31.308647303026973,5.447344535712699,25.861302767314275,-12.71113502867432,73.49577034256005,-7.263790492961621,78.94311487827275,-0.09316787540606074,83.33291223252932,58.91351582536279,86.700010978005,0.6086956521739131,0.0,0.2993047499344662,18.0,0.0
KZT,9,2025-07…2025-12,BUY_NOW,16,5,50.0,16,16,0.4375,0.4,1.09375,0.46875,1.71875,0.8125,0.6692307692307692,1.214080459770115,31.308647303026973,5.447344535712699,25.861302767314275,-12.71113502867432,73.49577034256005,-7.263790492961621,78.94311487827275,-0.09316787540606074,83.33291223252932,58.91351582536279,86.700010978005,0.6086956521739131,0.0,0.2993047499344662,18.0,0.0
KZT,9,2025-07…2025-12,BUY_NOW,16,10,0.0,16,16,0.1875,0.17692307692307693,1.059782608695652,0.0,2.119565217391304,0.6875,0.5230769230769231,1.3143382352941175,53.39327225880187,7.873639449397498,45.51963280940437,-11.41215070067045,116.62031461746767,-3.538511251272953,124.49395406686517,3.2431994844786103,127.09615323190006,51.73376731112483,86.700010978005,0.6086956521739131,0.0,0.2993047499344662,18.0,0.0
KZT,9,2025-07…2025-12,BUY_NOW,16,10,10.0,16,16,0.1875,0.2230769230769231,0.8405172413793103,0.0,1.6810344827586206,0.6875,0.5384615384615384,1.2767857142857144,53.39327225880187,7.873639449397498,45.51963280940437,-11.41215070067045,116.62031461746767,-3.538511251272953,124.49395406686517,3.2431994844786103,127.09615323190006,51.73376731112483,86.700010978005,0.6086956521739131,0.0,0.2993047499344662,18.0,0.0
KZT,9,2025-07…2025-12,BUY_NOW,16,10,25.0,16,16,0.25,0.24615384615384617,1.015625,0.25390625,2.03125,0.8125,0.6153846153846154,1.3203125,53.39327225880187,7.873639449397498,45.51963280940437,-11.41215070067045,116.62031461746767,-3.538511251272953,124.49395406686517,3.2431994844786103,127.09615323190006,51.73376731112483,86.700010978005,0.6086956521739131,0.0,0.2993047499344662,18.0,0.0
KZT,9,2025-07…2025-12,BUY_NOW,16,10,50.0,16,16,0.25,0.2846153846153846,0.8783783783783784,0.2195945945945946,1.7567567567567568,0.8125,0.7,1.1607142857142858,53.39327225880187,7.873639449397498,45.51963280940437,-11.41215070067045,116.62031461746767,-3.538511251272953,124.49395406686517,3.2431994844786103,127.09615323190006,51.73376731112483,86.700010978005,0.6086956521739131,0.0,0.2993047499344662,18.0,0.0
KZT,9,2025-07…2025-12,BUY_NOW,16,20,0.0,16,16,0.1875,0.13076923076923078,1.4338235294117647,0.0,2.8676470588235294,0.5625,0.5692307692307692,0.9881756756756758,59.743153470492445,15.864915632713714,43.87823783777873,-28.055840397109836,126.31425487377703,-12.190924764396122,142.17917050649075,-5.985041753514667,172.01936415926474,53.63636509377795,86.700010978005,0.6086956521739131,0.0,0.2993047499344662,18.0,0.0
KZT,9,2025-07…2025-12,BUY_NOW,16,20,10.0,16,16,0.1875,0.16923076923076924,1.1079545454545454,0.0,2.215909090909091,0.625,0.6,1.0416666666666667,59.743153470492445,15.864915632713714,43.87823783777873,-28.055840397109836,126.31425487377703,-12.190924764396122,142.17917050649075,-5.985041753514667,172.01936415926474,53.63636509377795,86.700010978005,0.6086956521739131,0.0,0.2993047499344662,18.0,0.0
KZT,9,2025-07…2025-12,BUY_NOW,16,20,25.0,16,16,0.25,0.18461538461538463,1.3541666666666665,0.33854166666666663,2.708333333333333,0.625,0.6076923076923076,1.028481012658228,59.743153470492445,15.864915632713714,43.87823783777873,-28.055840397109836,126.31425487377703,-12.190924764396122,142.17917050649075,-5.985041753514667,172.01936415926474,53.63636509377795,86.700010978005,0.6086956521739131,0.0,0.2993047499344662,18.0,0.0
KZT,9,2025-07…2025-12,BUY_NOW,16,20,50.0,16,16,0.25,0.2153846153846154,1.1607142857142856,0.2901785714285714,2.321428571428571,0.625,0.6307692307692307,0.9908536585365854,59.743153470492445,15.864915632713714,43.87823783777873,-28.055840397109836,126.31425487377703,-12.190924764396122,142.17917050649075,-5.985041753514667,172.01936415926474,53.63636509377795,86.700010978005,0.6086956521739131,0.0,0.2993047499344662,18.0,0.0
KZT,10,2026-01…2026-06,BUY_NOW,14,1,0.0,14,14,0.42857142857142855,0.5299145299145299,0.8087557603686636,0.4043778801843318,1.2131336405529956,0.42857142857142855,0.5299145299145299,0.8087557603686636,2.995908676426725,5.077642314138686,-2.081733637711961,-62.76669603282,59.68404443010101,-57.689053718681315,64.7616867442397,-68.24240872394324,74.21153268559806,41.587861345209355,-12.391600264246332,0.5414364640883977,0.0,0.49759034742060043,26.0,0.0
KZT,10,2026-01…2026-06,BUY_NOW,14,1,10.0,14,14,0.5,0.5470085470085471,0.9140624999999999,0.39174107142857134,1.3058035714285714,0.5,0.5470085470085471,0.9140624999999999,2.995908676426725,5.077642314138686,-2.081733637711961,-62.76669603282,59.68404443010101,-57.689053718681315,64.7616867442397,-68.24240872394324,74.21153268559806,41.587861345209355,-12.391600264246332,0.5414364640883977,0.0,0.49759034742060043,26.0,0.0
KZT,10,2026-01…2026-06,BUY_NOW,14,1,25.0,14,14,0.5714285714285714,0.6239316239316239,0.9158512720156555,0.45792563600782776,1.3737769080234832,0.5714285714285714,0.6239316239316239,0.9158512720156555,2.995908676426725,5.077642314138686,-2.081733637711961,-62.76669603282,59.68404443010101,-57.689053718681315,64.7616867442397,-68.24240872394324,74.21153268559806,41.587861345209355,-12.391600264246332,0.5414364640883977,0.0,0.49759034742060043,26.0,0.0
KZT,10,2026-01…2026-06,BUY_NOW,14,1,50.0,14,14,0.5714285714285714,0.717948717948718,0.7959183673469388,0.3979591836734694,1.193877551020408,0.5714285714285714,0.717948717948718,0.7959183673469388,2.995908676426725,5.077642314138686,-2.081733637711961,-62.76669603282,59.68404443010101,-57.689053718681315,64.7616867442397,-68.24240872394324,74.21153268559806,41.587861345209355,-12.391600264246332,0.5414364640883977,0.0,0.49759034742060043,26.0,0.0
KZT,10,2026-01…2026-06,BUY_NOW,14,3,0.0,14,14,0.2857142857142857,0.3504273504273504,0.8153310104529616,0.2038327526132404,1.426829268292683,0.5,0.5470085470085471,0.9140624999999999,7.06679910028556,10.299834222861337,-3.233035122575777,-66.22437244266324,61.46154093027545,-55.924538219801896,71.76137515313678,-79.73100235522335,82.0298456115323,54.547392567820104,-12.391600264246332,0.5414364640883977,0.0,0.49759034742060043,26.0,0.0
KZT,10,2026-01…2026-06,BUY_NOW,14,3,10.0,14,14,0.35714285714285715,0.39316239316239315,0.9083850931677019,0.3633540372670807,1.6350931677018634,0.5,0.5811965811965812,0.8602941176470588,7.06679910028556,10.299834222861337,-3.233035122575777,-66.22437244266324,61.46154093027545,-55.924538219801896,71.76137515313678,-79.73100235522335,82.0298456115323,54.547392567820104,-12.391600264246332,0.5414364640883977,0.0,0.49759034742060043,26.0,0.0
KZT,10,2026-01…2026-06,BUY_NOW,14,3,25.0,14,14,0.42857142857142855,0.4444444444444444,0.9642857142857143,0.48214285714285715,1.6071428571428572,0.5,0.6239316239316239,0.8013698630136986,7.06679910028556,10.299834222861337,-3.233035122575777,-66.22437244266324,61.46154093027545,-55.924538219801896,71.76137515313678,-79.73100235522335,82.0298456115323,54.547392567820104,-12.391600264246332,0.5414364640883977,0.0,0.49759034742060043,26.0,0.0
KZT,10,2026-01…2026-06,BUY_NOW,14,3,50.0,14,14,0.42857142857142855,0.49572649572649574,0.8645320197044334,0.4322660098522167,1.4408866995073892,0.5,0.6324786324786325,0.7905405405405406,7.06679910028556,10.299834222861337,-3.233035122575777,-66.22437244266324,61.46154093027545,-55.924538219801896,71.76137515313678,-79.73100235522335,82.0298456115323,54.547392567820104,-12.391600264246332,0.5414364640883977,0.0,0.49759034742060043,26.0,0.0
KZT,10,2026-01…2026-06,BUY_NOW,14,5,0.0,14,14,0.21428571428571427,0.29914529914529914,0.7163265306122448,0.0,1.4326530612244897,0.42857142857142855,0.5213675213675214,0.8220140515222482,-4.3775062384307075,16.414138547563564,-20.791644785994272,-93.76483882110573,48.19534331856822,-77.35070027354216,64.60948186613179,-79.94279872958369,52.624025795197596,46.64852097415295,-12.391600264246332,0.5414364640883977,0.0,0.49759034742060043,26.0,0.0
KZT,10,2026-01…2026-06,BUY_NOW,14,5,10.0,14,14,0.2857142857142857,0.3162393162393162,0.9034749034749034,0.22586872586872586,1.5810810810810811,0.42857142857142855,0.5384615384615384,0.7959183673469388,-4.3775062384307075,16.414138547563564,-20.791644785994272,-93.76483882110573,48.19534331856822,-77.35070027354216,64.60948186613179,-79.94279872958369,52.624025795197596,46.64852097415295,-12.391600264246332,0.5414364640883977,0.0,0.49759034742060043,26.0,0.0
KZT,10,2026-01…2026-06,BUY_NOW,14,5,25.0,14,14,0.35714285714285715,0.358974358974359,0.9948979591836735,0.3979591836734694,1.7908163265306123,0.5,0.5726495726495726,0.873134328358209,-4.3775062384307075,16.414138547563564,-20.791644785994272,-93.76483882110573,48.19534331856822,-77.35070027354216,64.60948186613179,-79.94279872958369,52.624025795197596,46.64852097415295,-12.391600264246332,0.5414364640883977,0.0,0.49759034742060043,26.0,0.0
KZT,10,2026-01…2026-06,BUY_NOW,14,5,50.0,14,14,0.35714285714285715,0.41025641025641024,0.8705357142857143,0.3482142857142857,1.5669642857142858,0.6428571428571429,0.6410256410256411,1.002857142857143,-4.3775062384307075,16.414138547563564,-20.791644785994272,-93.76483882110573,48.19534331856822,-77.35070027354216,64.60948186613179,-79.94279872958369,52.624025795197596,46.64852097415295,-12.391600264246332,0.5414364640883977,0.0,0.49759034742060043,26.0,0.0
KZT,10,2026-01…2026-06,BUY_NOW,14,10,0.0,14,14,0.21428571428571427,0.26495726495726496,0.8087557603686636,0.0,1.6175115207373272,0.5714285714285714,0.5042735042735043,1.1331719128329298,22.66587053962916,33.06285601462351,-10.396985474994352,-128.0367399744688,106.05434550198308,-94.97388395984527,139.1172015166066,-90.09258710811973,124.26790550161654,74.51049340629005,-12.391600264246332,0.5414364640883977,0.0,0.49759034742060043,26.0,0.0
KZT,10,2026-01…2026-06,BUY_NOW,14,10,10.0,14,14,0.2857142857142857,0.28205128205128205,1.0129870129870129,0.2532467532467532,1.7727272727272727,0.5714285714285714,0.5042735042735043,1.1331719128329298,22.66587053962916,33.06285601462351,-10.396985474994352,-128.0367399744688,106.05434550198308,-94.97388395984527,139.1172015166066,-90.09258710811973,124.26790550161654,74.51049340629005,-12.391600264246332,0.5414364640883977,0.0,0.49759034742060043,26.0,0.0
KZT,10,2026-01…2026-06,BUY_NOW,14,10,25.0,14,14,0.35714285714285715,0.3076923076923077,1.1607142857142856,0.46428571428571425,2.0892857142857144,0.5714285714285714,0.5384615384615384,1.0612244897959184,22.66587053962916,33.06285601462351,-10.396985474994352,-128.0367399744688,106.05434550198308,-94.97388395984527,139.1172015166066,-90.09258710811973,124.26790550161654,74.51049340629005,-12.391600264246332,0.5414364640883977,0.0,0.49759034742060043,26.0,0.0
KZT,10,2026-01…2026-06,BUY_NOW,14,10,50.0,14,14,0.35714285714285715,0.3504273504273504,1.0191637630662023,0.4076655052264808,1.8344947735191641,0.5714285714285714,0.5555555555555556,1.0285714285714285,22.66587053962916,33.06285601462351,-10.396985474994352,-128.0367399744688,106.05434550198308,-94.97388395984527,139.1172015166066,-90.09258710811973,124.26790550161654,74.51049340629005,-12.391600264246332,0.5414364640883977,0.0,0.49759034742060043,26.0,0.0
KZT,10,2026-01…2026-06,BUY_NOW,14,20,0.0,14,14,0.07142857142857142,0.23076923076923078,0.3095238095238095,0.0,0.9285714285714285,0.6428571428571429,0.5555555555555556,1.1571428571428573,100.89755115288351,74.19195081286851,26.705600340014996,-155.52343948781783,201.83950106923174,-81.33148867494931,276.03145188210027,-116.7366078737126,331.92752514335933,135.6166797979611,-12.391600264246332,0.5414364640883977,0.0,0.49759034742060043,26.0,0.0
KZT,10,2026-01…2026-06,BUY_NOW,14,20,10.0,14,14,0.14285714285714285,0.23931623931623933,0.596938775510204,0.0,1.4923469387755102,0.6428571428571429,0.5811965811965812,1.10609243697479,100.89755115288351,74.19195081286851,26.705600340014996,-155.52343948781783,201.83950106923174,-81.33148867494931,276.03145188210027,-116.7366078737126,331.92752514335933,135.6166797979611,-12.391600264246332,0.5414364640883977,0.0,0.49759034742060043,26.0,0.0
KZT,10,2026-01…2026-06,BUY_NOW,14,20,25.0,14,14,0.21428571428571427,0.26495726495726496,0.8087557603686636,0.0,1.6175115207373272,0.6428571428571429,0.5897435897435898,1.0900621118012424,100.89755115288351,74.19195081286851,26.705600340014996,-155.52343948781783,201.83950106923174,-81.33148867494931,276.03145188210027,-116.7366078737126,331.92752514335933,135.6166797979611,-12.391600264246332,0.5414364640883977,0.0,0.49759034742060043,26.0,0.0
KZT,10,2026-01…2026-06,BUY_NOW,14,20,50.0,14,14,0.21428571428571427,0.2905982905982906,0.7373949579831932,0.0,1.4747899159663864,0.7142857142857143,0.6153846153846154,1.1607142857142856,100.89755115288351,74.19195081286851,26.705600340014996,-155.52343948781783,201.83950106923174,-81.33148867494931,276.03145188210027,-116.7366078737126,331.92752514335933,135.6166797979611,-12.391600264246332,0.5414364640883977,0.0,0.49759034742060043,26.0,0.0
TJS,0,2021-01…2021-06,BUY_NOW,23,1,0.0,14,14,0.7142857142857143,0.4745762711864407,1.5051020408163265,1.0535714285714286,1.9566326530612246,0.7142857142857143,0.4745762711864407,1.5051020408163265,25.041031712603427,-1.6952910407747044,26.736322753378133,-13.233897769633199,65.42426194320112,-14.929188810407902,63.72897090242641,-17.34191401045904,71.15170952697619,35.796045710700305,22.162613064511383,0.5414364640883977,0.0,0.49273569135842143,24.0,0.0
TJS,0,2021-01…2021-06,BUY_NOW,23,1,10.0,14,14,0.7857142857142857,0.5338983050847458,1.471655328798186,1.0702947845804989,1.873015873015873,0.7857142857142857,0.5338983050847458,1.471655328798186,25.041031712603427,-1.6952910407747044,26.736322753378133,-13.233897769633199,65.42426194320112,-14.929188810407902,63.72897090242641,-17.34191401045904,71.15170952697619,35.796045710700305,22.162613064511383,0.5414364640883977,0.0,0.49273569135842143,24.0,0.0
TJS,0,2021-01…2021-06,BUY_NOW,23,1,25.0,14,14,0.8571428571428571,0.6271186440677966,1.3667953667953667,1.0250965250965252,1.5945945945945945,0.8571428571428571,0.6271186440677966,1.3667953667953667,25.041031712603427,-1.6952910407747044,26.736322753378133,-13.233897769633199,65.42426194320112,-14.929188810407902,63.72897090242641,-17.34191401045904,71.15170952697619,35.796045710700305,22.162613064511383,0.5414364640883977,0.0,0.49273569135842143,24.0,0.0
TJS,0,2021-01…2021-06,BUY_NOW,23,1,50.0,14,14,0.8571428571428571,0.8050847457627118,1.0646616541353384,0.7984962406015038,1.2421052631578948,0.8571428571428571,0.8050847457627118,1.0646616541353384,25.041031712603427,-1.6952910407747044,26.736322753378133,-13.233897769633199,65.42426194320112,-14.929188810407902,63.72897090242641,-17.34191401045904,71.15170952697619,35.796045710700305,22.162613064511383,0.5414364640883977,0.0,0.49273569135842143,24.0,0.0
TJS,0,2021-01…2021-06,BUY_NOW,23,3,0.0,14,14,0.35714285714285715,0.2966101694915254,1.2040816326530612,0.4816326530612245,1.926530612244898,0.5714285714285714,0.4406779661016949,1.2967032967032968,11.717628459426223,-1.753943134230494,13.471571593656718,-25.517740614621534,49.83319282330041,-27.271683748852027,48.07924968906991,-23.404349165076198,46.62218021827432,33.778482941790784,22.162613064511383,0.5414364640883977,0.0,0.49273569135842143,24.0,0.0
TJS,0,2021-01…2021-06,BUY_NOW,23,3,10.0,14,14,0.35714285714285715,0.3220338983050847,1.1090225563909775,0.443609022556391,1.774436090225564,0.5714285714285714,0.4830508474576271,1.1829573934837092,11.717628459426223,-1.753943134230494,13.471571593656718,-25.517740614621534,49.83319282330041,-27.271683748852027,48.07924968906991,-23.404349165076198,46.62218021827432,33.778482941790784,22.162613064511383,0.5414364640883977,0.0,0.49273569135842143,24.0,0.0
TJS,0,2021-01…2021-06,BUY_NOW,23,3,25.0,14,14,0.42857142857142855,0.3983050847457627,1.0759878419452886,0.5379939209726443,1.6184650455926808,0.6428571428571429,0.5932203389830508,1.0836734693877552,11.717628459426223,-1.753943134230494,13.471571593656718,-25.517740614621534,49.83319282330041,-27.271683748852027,48.07924968906991,-23.404349165076198,46.62218021827432,33.778482941790784,22.162613064511383,0.5414364640883977,0.0,0.49273569135842143,24.0,0.0
TJS,0,2021-01…2021-06,BUY_NOW,23,3,50.0,14,14,0.6428571428571429,0.559322033898305,1.1493506493506496,0.7630411255411258,1.5324675324675325,0.8571428571428571,0.7288135593220338,1.176079734219269,11.717628459426223,-1.753943134230494,13.471571593656718,-25.517740614621534,49.83319282330041,-27.271683748852027,48.07924968906991,-23.404349165076198,46.62218021827432,33.778482941790784,22.162613064511383,0.5414364640883977,0.0,0.49273569135842143,24.0,0.0
TJS,0,2021-01…2021-06,BUY_NOW,23,5,0.0,14,14,0.2857142857142857,0.2033898305084746,1.4047619047619047,0.35119047619047616,2.458333333333333,0.5,0.4491525423728814,1.1132075471698113,9.710972874527599,-1.8278022888000809,11.53877516332768,-34.54518068417765,55.96400148020409,-36.37298297297773,54.13619919140401,-28.40718748906377,61.04272575943567,42.45751710247706,22.162613064511383,0.5414364640883977,0.0,0.49273569135842143,24.0,0.0
TJS,0,2021-01…2021-06,BUY_NOW,23,5,10.0,14,14,0.2857142857142857,0.2288135593220339,1.2486772486772486,0.31216931216931215,2.185185185185185,0.5,0.4745762711864407,1.0535714285714286,9.710972874527599,-1.8278022888000809,11.53877516332768,-34.54518068417765,55.96400148020409,-36.37298297297773,54.13619919140401,-28.40718748906377,61.04272575943567,42.45751710247706,22.162613064511383,0.5414364640883977,0.0,0.49273569135842143,24.0,0.0
TJS,0,2021-01…2021-06,BUY_NOW,23,5,25.0,14,14,0.35714285714285715,0.288135593220339,1.2394957983193278,0.49579831932773105,1.9831932773109242,0.6428571428571429,0.5932203389830508,1.0836734693877552,9.710972874527599,-1.8278022888000809,11.53877516332768,-34.54518068417765,55.96400148020409,-36.37298297297773,54.13619919140401,-28.40718748906377,61.04272575943567,42.45751710247706,22.162613064511383,0.5414364640883977,0.0,0.49273569135842143,24.0,0.0
TJS,0,2021-01…2021-06,BUY_NOW,23,5,50.0,14,14,0.5714285714285714,0.4576271186440678,1.2486772486772486,0.6243386243386243,1.716931216931217,0.7142857142857143,0.6949152542372882,1.0278745644599303,9.710972874527599,-1.8278022888000809,11.53877516332768,-34.54518068417765,55.96400148020409,-36.37298297297773,54.13619919140401,-28.40718748906377,61.04272575943567,42.45751710247706,22.162613064511383,0.5414364640883977,0.0,0.49273569135842143,24.0,0.0
TJS,0,2021-01…2021-06,BUY_NOW,23,10,0.0,14,14,0.2857142857142857,0.16101694915254236,1.774436090225564,0.443609022556391,3.105263157894737,0.5,0.4491525423728814,1.1132075471698113,5.812719151855323,0.06389764753973065,5.748821504315592,-50.52208580695005,66.92663060542836,-50.45818815941032,66.99052825296809,-34.48438014397135,90.53600911842543,47.72523119375173,22.162613064511383,0.5414364640883977,0.0,0.49273569135842143,24.0,0.0
TJS,0,2021-01…2021-06,BUY_NOW,23,10,10.0,14,14,0.2857142857142857,0.17796610169491525,1.6054421768707483,0.4013605442176871,2.8095238095238098,0.5,0.4661016949152542,1.0727272727272728,5.812719151855323,0.06389764753973065,5.748821504315592,-50.52208580695005,66.92663060542836,-50.45818815941032,66.99052825296809,-34.48438014397135,90.53600911842543,47.72523119375173,22.162613064511383,0.5414364640883977,0.0,0.49273569135842143,24.0,0.0
TJS,0,2021-01…2021-06,BUY_NOW,23,10,25.0,14,14,0.2857142857142857,0.22033898305084745,1.2967032967032968,0.3241758241758242,2.269230769230769,0.5714285714285714,0.559322033898305,1.0216450216450217,5.812719151855323,0.06389764753973065,5.748821504315592,-50.52208580695005,66.92663060542836,-50.45818815941032,66.99052825296809,-34.48438014397135,90.53600911842543,47.72523119375173,22.162613064511383,0.5414364640883977,0.0,0.49273569135842143,24.0,0.0
TJS,0,2021-01…2021-06,BUY_NOW,23,10,50.0,14,14,0.35714285714285715,0.3050847457627119,1.1706349206349207,0.4682539682539682,1.8788690476190153,0.7142857142857143,0.635593220338983,1.1238095238095238,5.812719151855323,0.06389764753973065,5.748821504315592,-50.52208580695005,66.92663060542836,-50.45818815941032,66.99052825296809,-34.48438014397135,90.53600911842543,47.72523119375173,22.162613064511383,0.5414364640883977,0.0,0.49273569135842143,24.0,0.0
TJS,0,2021-01…2021-06,BUY_NOW,23,20,0.0,14,14,0.14285714285714285,0.11016949152542373,1.2967032967032968,0.0,3.241758241758242,0.42857142857142855,0.4830508474576271,0.8872180451127819,0.5677596326110717,-2.594269522656172,3.1620291552672435,-71.09881604735722,89.82000035383196,-73.6930855700134,87.22573083117578,-70.89017857189246,111.02287548798162,44.242307646037816,22.162613064511383,0.5414364640883977,0.0,0.49273569135842143,24.0,0.0
TJS,0,2021-01…2021-06,BUY_NOW,23,20,10.0,14,14,0.14285714285714285,0.1271186440677966,1.1238095238095238,0.0,2.8095238095238098,0.42857142857142855,0.4915254237288136,0.8719211822660098,0.5677596326110717,-2.594269522656172,3.1620291552672435,-71.09881604735722,89.82000035383196,-73.6930855700134,87.22573083117578,-70.89017857189246,111.02287548798162,44.242307646037816,22.162613064511383,0.5414364640883977,0.0,0.49273569135842143,24.0,0.0
TJS,0,2021-01…2021-06,BUY_NOW,23,20,25.0,14,14,0.14285714285714285,0.15254237288135594,0.9365079365079364,0.0,2.3412698412698414,0.42857142857142855,0.5338983050847458,0.802721088435374,0.5677596326110717,-2.594269522656172,3.1620291552672435,-71.09881604735722,89.82000035383196,-73.6930855700134,87.22573083117578,-70.89017857189246,111.02287548798162,44.242307646037816,22.162613064511383,0.5414364640883977,0.0,0.49273569135842143,24.0,0.0
TJS,0,2021-01…2021-06,BUY_NOW,23,20,50.0,14,14,0.14285714285714285,0.19491525423728814,0.732919254658385,0.0,1.8322981366459627,0.42857142857142855,0.5508474576271186,0.778021978021978,0.5677596326110717,-2.594269522656172,3.1620291552672435,-71.09881604735722,89.82000035383196,-73.6930855700134,87.22573083117578,-70.89017857189246,111.02287548798162,44.242307646037816,22.162613064511383,0.5414364640883977,0.0,0.49273569135842143,24.0,0.0
TJS,0,2021-01…2021-06,WINDOW_CLOSING,23,1,0.0,9,9,0.7777777777777778,0.4745762711864407,1.6388888888888888,0.9365079365079364,2.107142857142857,0.7777777777777778,0.4745762711864407,1.6388888888888888,36.990134670567244,-1.6952910407747044,38.68542571134195,3.70952374115683,75.14535179792502,2.0142327003821254,73.45006075715031,17.089795620946482,61.60906184501501,12.421609121106139,19.963822659628814,0.34806629834254144,0.0,0.9660347511843804,71.0,0.16666666666666666
TJS,0,2021-01…2021-06,WINDOW_CLOSING,23,1,10.0,9,9,0.7777777777777778,0.4745762711864407,1.6388888888888888,0.9365079365079364,2.107142857142857,0.7777777777777778,0.4745762711864407,1.6388888888888888,36.990134670567244,-1.6952910407747044,38.68542571134195,3.70952374115683,75.14535179792502,2.0142327003821254,73.45006075715031,17.089795620946482,61.60906184501501,12.421609121106139,19.963822659628814,0.34806629834254144,0.0,0.9660347511843804,71.0,0.16666666666666666
TJS,0,2021-01…2021-06,WINDOW_CLOSING,23,1,25.0,9,9,0.7777777777777778,0.4745762711864407,1.6388888888888888,0.9365079365079364,2.107142857142857,0.7777777777777778,0.4745762711864407,1.6388888888888888,36.990134670567244,-1.6952910407747044,38.68542571134195,3.70952374115683,75.14535179792502,2.0142327003821254,73.45006075715031,17.089795620946482,61.60906184501501,12.421609121106139,19.963822659628814,0.34806629834254144,0.0,0.9660347511843804,71.0,0.16666666666666666
TJS,0,2021-01…2021-06,WINDOW_CLOSING,23,1,50.0,9,9,0.7777777777777778,0.4745762711864407,1.6388888888888888,0.9365079365079364,2.107142857142857,0.7777777777777778,0.4745762711864407,1.6388888888888888,36.990134670567244,-1.6952910407747044,38.68542571134195,3.70952374115683,75.14535179792502,2.0142327003821254,73.45006075715031,17.089795620946482,61.60906184501501,12.421609121106139,19.963822659628814,0.34806629834254144,0.0,0.9660347511843804,71.0,0.16666666666666666
TJS,0,2021-01…2021-06,WINDOW_CLOSING,23,3,0.0,9,9,0.7777777777777778,0.423728813559322,1.8355555555555556,1.048888888888889,2.3600000000000003,0.7777777777777778,0.423728813559322,1.8355555555555556,36.7324839513746,-1.753943134230494,38.486427085605094,-5.929579869211533,78.34925050014942,-7.683523003442027,76.59530736591893,14.572939133960087,64.73298791452842,-2.424925163770046,19.963822659628814,0.34806629834254144,0.0,0.9660347511843804,71.0,0.16666666666666666
TJS,0,2021-01…2021-06,WINDOW_CLOSING,23,3,10.0,9,9,0.7777777777777778,0.423728813559322,1.8355555555555556,1.048888888888889,2.3600000000000003,0.7777777777777778,0.423728813559322,1.8355555555555556,36.7324839513746,-1.753943134230494,38.486427085605094,-5.929579869211533,78.34925050014942,-7.683523003442027,76.59530736591893,14.572939133960087,64.73298791452842,-2.424925163770046,19.963822659628814,0.34806629834254144,0.0,0.9660347511843804,71.0,0.16666666666666666
TJS,0,2021-01…2021-06,WINDOW_CLOSING,23,3,25.0,9,9,0.7777777777777778,0.423728813559322,1.8355555555555556,1.048888888888889,2.3600000000000003,0.7777777777777778,0.423728813559322,1.8355555555555556,36.7324839513746,-1.753943134230494,38.486427085605094,-5.929579869211533,78.34925050014942,-7.683523003442027,76.59530736591893,14.572939133960087,64.73298791452842,-2.424925163770046,19.963822659628814,0.34806629834254144,0.0,0.9660347511843804,71.0,0.16666666666666666
TJS,0,2021-01…2021-06,WINDOW_CLOSING,23,3,50.0,9,9,0.7777777777777778,0.423728813559322,1.8355555555555556,1.048888888888889,2.3600000000000003,0.7777777777777778,0.423728813559322,1.8355555555555556,36.7324839513746,-1.753943134230494,38.486427085605094,-5.929579869211533,78.34925050014942,-7.683523003442027,76.59530736591893,14.572939133960087,64.73298791452842,-2.424925163770046,19.963822659628814,0.34806629834254144,0.0,0.9660347511843804,71.0,0.16666666666666666
TJS,0,2021-01…2021-06,WINDOW_CLOSING,23,5,0.0,9,9,0.4444444444444444,0.423728813559322,1.048888888888889,0.26222222222222225,1.8355555555555556,0.4444444444444444,0.423728813559322,1.048888888888889,32.01015370166297,-1.8278022888000809,33.83795599046305,-15.286082089577752,86.75833630759733,-17.113884378377833,84.93053401879725,-15.687063821858967,76.25942035434677,-5.412955207840058,19.963822659628814,0.34806629834254144,0.0,0.9660347511843804,71.0,0.16666666666666666
TJS,0,2021-01…2021-06,WINDOW_CLOSING,23,5,10.0,9,9,0.4444444444444444,0.423728813559322,1.048888888888889,0.26222222222222225,1.8355555555555556,0.4444444444444444,0.423728813559322,1.048888888888889,32.01015370166297,-1.8278022888000809,33.83795599046305,-15.286082089577752,86.75833630759733,-17.113884378377833,84.93053401879725,-15.687063821858967,76.25942035434677,-5.412955207840058,19.963822659628814,0.34806629834254144,0.0,0.9660347511843804,71.0,0.16666666666666666
TJS,0,2021-01…2021-06,WINDOW_CLOSING,23,5,25.0,9,9,0.4444444444444444,0.423728813559322,1.048888888888889,0.26222222222222225,1.8355555555555556,0.4444444444444444,0.423728813559322,1.048888888888889,32.01015370166297,-1.8278022888000809,33.83795599046305,-15.286082089577752,86.75833630759733,-17.113884378377833,84.93053401879725,-15.687063821858967,76.25942035434677,-5.412955207840058,19.963822659628814,0.34806629834254144,0.0,0.9660347511843804,71.0,0.16666666666666666
TJS,0,2021-01…2021-06,WINDOW_CLOSING,23,5,50.0,9,9,0.4444444444444444,0.423728813559322,1.048888888888889,0.26222222222222225,1.8355555555555556,0.4444444444444444,0.423728813559322,1.048888888888889,32.01015370166297,-1.8278022888000809,33.83795599046305,-15.286082089577752,86.75833630759733,-17.113884378377833,84.93053401879725,-15.687063821858967,76.25942035434677,-5.412955207840058,19.963822659628814,0.34806629834254144,0.0,0.9660347511843804,71.0,0.16666666666666666
TJS,0,2021-01…2021-06,WINDOW_CLOSING,23,10,0.0,9,9,0.7777777777777778,0.4491525423728814,1.7316561844863732,0.9895178197064989,2.2264150943396226,0.7777777777777778,0.4491525423728814,1.7316561844863732,48.21899927288147,0.06389764753973065,48.155101625341736,-20.214559487181706,116.93593742440285,-20.150661839641977,116.99983507194258,-37.34200799529908,120.42917546282024,2.5762230546960074,19.963822659628814,0.34806629834254144,0.0,0.9660347511843804,71.0,0.16666666666666666
TJS,0,2021-01…2021-06,WINDOW_CLOSING,23,10,10.0,9,9,0.7777777777777778,0.4491525423728814,1.7316561844863732,0.9895178197064989,2.2264150943396226,0.7777777777777778,0.4491525423728814,1.7316561844863732,48.21899927288147,0.06389764753973065,48.155101625341736,-20.214559487181706,116.93593742440285,-20.150661839641977,116.99983507194258,-37.34200799529908,120.42917546282024,2.5762230546960074,19.963822659628814,0.34806629834254144,0.0,0.9660347511843804,71.0,0.16666666666666666
TJS,0,2021-01…2021-06,WINDOW_CLOSING,23,10,25.0,9,9,0.7777777777777778,0.4491525423728814,1.7316561844863732,0.9895178197064989,2.2264150943396226,0.7777777777777778,0.4491525423728814,1.7316561844863732,48.21899927288147,0.06389764753973065,48.155101625341736,-20.214559487181706,116.93593742440285,-20.150661839641977,116.99983507194258,-37.34200799529908,120.42917546282024,2.5762230546960074,19.963822659628814,0.34806629834254144,0.0,0.9660347511843804,71.0,0.16666666666666666
TJS,0,2021-01…2021-06,WINDOW_CLOSING,23,10,50.0,9,9,0.7777777777777778,0.4491525423728814,1.7316561844863732,0.9895178197064989,2.2264150943396226,0.7777777777777778,0.4491525423728814,1.7316561844863732,48.21899927288147,0.06389764753973065,48.155101625341736,-20.214559487181706,116.93593742440285,-20.150661839641977,116.99983507194258,-37.34200799529908,120.42917546282024,2.5762230546960074,19.963822659628814,0.34806629834254144,0.0,0.9660347511843804,71.0,0.16666666666666666
TJS,0,2021-01…2021-06,WINDOW_CLOSING,23,20,0.0,9,9,0.5555555555555556,0.4067796610169492,1.3657407407407407,0.5462962962962963,2.185185185185185,0.5555555555555556,0.4067796610169492,1.3657407407407407,48.24867915392321,-2.594269522656172,50.84294867657938,-38.21613694302261,136.4318540737178,-40.81040646567878,133.83758455106164,-68.02021412657261,141.85495122105416,7.232621231324016,19.963822659628814,0.34806629834254144,0.0,0.9660347511843804,71.0,0.16666666666666666
TJS,0,2021-01…2021-06,WINDOW_CLOSING,23,20,10.0,9,9,0.5555555555555556,0.4067796610169492,1.3657407407407407,0.5462962962962963,2.185185185185185,0.5555555555555556,0.4067796610169492,1.3657407407407407,48.24867915392321,-2.594269522656172,50.84294867657938,-38.21613694302261,136.4318540737178,-40.81040646567878,133.83758455106164,-68.02021412657261,141.85495122105416,7.232621231324016,19.963822659628814,0.34806629834254144,0.0,0.9660347511843804,71.0,0.16666666666666666
TJS,0,2021-01…2021-06,WINDOW_CLOSING,23,20,25.0,9,9,0.5555555555555556,0.4067796610169492,1.3657407407407407,0.5462962962962963,2.185185185185185,0.5555555555555556,0.4067796610169492,1.3657407407407407,48.24867915392321,-2.594269522656172,50.84294867657938,-38.21613694302261,136.4318540737178,-40.81040646567878,133.83758455106164,-68.02021412657261,141.85495122105416,7.232621231324016,19.963822659628814,0.34806629834254144,0.0,0.9660347511843804,71.0,0.16666666666666666
TJS,0,2021-01…2021-06,WINDOW_CLOSING,23,20,50.0,9,9,0.5555555555555556,0.4067796610169492,1.3657407407407407,0.5462962962962963,2.185185185185185,0.5555555555555556,0.4067796610169492,1.3657407407407407,48.24867915392321,-2.594269522656172,50.84294867657938,-38.21613694302261,136.4318540737178,-40.81040646567878,133.83758455106164,-68.02021412657261,141.85495122105416,7.232621231324016,19.963822659628814,0.34806629834254144,0.0,0.9660347511843804,71.0,0.16666666666666666
TJS,1,2021-07…2021-12,BUY_NOW,20,1,0.0,18,18,0.5555555555555556,0.4573643410852713,1.2146892655367232,0.7288135593220338,1.7005649717514126,0.5555555555555556,0.4573643410852713,1.2146892655367232,3.5142024990344702,3.244671194201681,0.2695313048327894,-22.63700692086764,23.414687387238224,-19.39233572666596,26.659358581439903,-21.20926391421197,18.81936628417902,14.52777035741531,5.005759975786213,0.6847826086956522,0.0,0.6407528585112017,35.0,0.0
TJS,1,2021-07…2021-12,BUY_NOW,20,1,10.0,18,18,0.6111111111111112,0.5503875968992248,1.1103286384976527,0.7065727699530516,1.5140845070422537,0.6111111111111112,0.5503875968992248,1.1103286384976527,3.5142024990344702,3.244671194201681,0.2695313048327894,-22.63700692086764,23.414687387238224,-19.39233572666596,26.659358581439903,-21.20926391421197,18.81936628417902,14.52777035741531,5.005759975786213,0.6847826086956522,0.0,0.6407528585112017,35.0,0.0
TJS,1,2021-07…2021-12,BUY_NOW,20,1,25.0,18,18,0.7777777777777778,0.6821705426356589,1.1401515151515151,0.8958333333333334,1.384469696969697,0.7777777777777778,0.6821705426356589,1.1401515151515151,3.5142024990344702,3.244671194201681,0.2695313048327894,-22.63700692086764,23.414687387238224,-19.39233572666596,26.659358581439903,-21.20926391421197,18.81936628417902,14.52777035741531,5.005759975786213,0.6847826086956522,0.0,0.6407528585112017,35.0,0.0
TJS,1,2021-07…2021-12,BUY_NOW,20,1,50.0,18,18,0.8333333333333334,0.8527131782945736,0.9772727272727274,0.7818181818181819,1.1727272727272728,0.8333333333333334,0.8527131782945736,0.9772727272727274,3.5142024990344702,3.244671194201681,0.2695313048327894,-22.63700692086764,23.414687387238224,-19.39233572666596,26.659358581439903,-21.20926391421197,18.81936628417902,14.52777035741531,5.005759975786213,0.6847826086956522,0.0,0.6407528585112017,35.0,0.0
TJS,1,2021-07…2021-12,BUY_NOW,20,3,0.0,18,18,0.3333333333333333,0.32558139534883723,1.0238095238095237,0.3412698412698412,1.7063492063492063,0.5555555555555556,0.4728682170542636,1.174863387978142,5.32408698946348,5.032106860265486,0.2919801291979942,-30.300443957454327,33.26872235399858,-25.26833709718884,38.30082921426406,-22.361547095722948,25.219598687507,20.15363840236194,5.005759975786213,0.6847826086956522,0.0,0.6407528585112017,35.0,0.0
TJS,1,2021-07…2021-12,BUY_NOW,20,3,10.0,18,18,0.4444444444444444,0.3875968992248062,1.1466666666666665,0.5733333333333333,1.7199999999999998,0.6111111111111112,0.5348837209302325,1.1425120772946862,5.32408698946348,5.032106860265486,0.2919801291979942,-30.300443957454327,33.26872235399858,-25.26833709718884,38.30082921426406,-22.361547095722948,25.219598687507,20.15363840236194,5.005759975786213,0.6847826086956522,0.0,0.6407528585112017,35.0,0.0
TJS,1,2021-07…2021-12,BUY_NOW,20,3,25.0,18,18,0.5555555555555556,0.4573643410852713,1.2146892655367232,0.7288135593220338,1.7005649717514126,0.6666666666666666,0.6511627906976745,1.0238095238095237,5.32408698946348,5.032106860265486,0.2919801291979942,-30.300443957454327,33.26872235399858,-25.26833709718884,38.30082921426406,-22.361547095722948,25.219598687507,20.15363840236194,5.005759975786213,0.6847826086956522,0.0,0.6407528585112017,35.0,0.0
TJS,1,2021-07…2021-12,BUY_NOW,20,3,50.0,18,18,0.6666666666666666,0.627906976744186,1.0617283950617282,0.7078189300411523,1.4156378600823045,0.7222222222222222,0.7674418604651163,0.9410774410774411,5.32408698946348,5.032106860265486,0.2919801291979942,-30.300443957454327,33.26872235399858,-25.26833709718884,38.30082921426406,-22.361547095722948,25.219598687507,20.15363840236194,5.005759975786213,0.6847826086956522,0.0,0.6407528585112017,35.0,0.0
TJS,1,2021-07…2021-12,BUY_NOW,20,5,0.0,18,18,0.2777777777777778,0.23255813953488372,1.1944444444444444,0.47777777777777775,2.15,0.4444444444444444,0.4883720930232558,0.91005291005291,4.59960069910861,7.26750496338902,-2.66790426428041,-37.312062657329136,33.37884157519259,-30.044557693940114,40.64634653858161,-22.131127348870677,18.9199100830601,18.95974846237202,5.005759975786213,0.6847826086956522,0.0,0.6407528585112017,35.0,0.0
TJS,1,2021-07…2021-12,BUY_NOW,20,5,10.0,18,18,0.2777777777777778,0.2713178294573643,1.023809523809524,0.4095238095238095,1.842857142857143,0.5,0.5503875968992248,0.9084507042253521,4.59960069910861,7.26750496338902,-2.66790426428041,-37.312062657329136,33.37884157519259,-30.044557693940114,40.64634653858161,-22.131127348870677,18.9199100830601,18.95974846237202,5.005759975786213,0.6847826086956522,0.0,0.6407528585112017,35.0,0.0
TJS,1,2021-07…2021-12,BUY_NOW,20,5,25.0,18,18,0.3888888888888889,0.3488372093023256,1.1148148148148147,0.47777777777777775,1.751851851851852,0.6111111111111112,0.627906976744186,0.9732510288065844,4.59960069910861,7.26750496338902,-2.66790426428041,-37.312062657329136,33.37884157519259,-30.044557693940114,40.64634653858161,-22.131127348870677,18.9199100830601,18.95974846237202,5.005759975786213,0.6847826086956522,0.0,0.6407528585112017,35.0,0.0
TJS,1,2021-07…2021-12,BUY_NOW,20,5,50.0,18,18,0.5555555555555556,0.4883720930232558,1.1375661375661377,0.6825396825396826,1.5925925925925928,0.6666666666666666,0.751937984496124,0.8865979381443299,4.59960069910861,7.26750496338902,-2.66790426428041,-37.312062657329136,33.37884157519259,-30.044557693940114,40.64634653858161,-22.131127348870677,18.9199100830601,18.95974846237202,5.005759975786213,0.6847826086956522,0.0,0.6407528585112017,35.0,0.0
TJS,1,2021-07…2021-12,BUY_NOW,20,10,0.0,18,18,0.16666666666666666,0.17829457364341086,0.9347826086956521,0.0,1.8695652173913042,0.5555555555555556,0.4806201550387597,1.1559139784946237,5.298237912209871,13.570695609273773,-8.272457697063903,-46.00041799853061,31.618206903344106,-32.42972238925684,45.18890251261788,-26.299933008314934,21.40987193932,19.319891829925268,5.005759975786213,0.6847826086956522,0.0,0.6407528585112017,35.0,0.0
TJS,1,2021-07…2021-12,BUY_NOW,20,10,10.0,18,18,0.16666666666666666,0.20155038759689922,0.8269230769230769,0.0,1.6538461538461537,0.6666666666666666,0.5426356589147286,1.2285714285714286,5.298237912209871,13.570695609273773,-8.272457697063903,-46.00041799853061,31.618206903344106,-32.42972238925684,45.18890251261788,-26.299933008314934,21.40987193932,19.319891829925268,5.005759975786213,0.6847826086956522,0.0,0.6407528585112017,35.0,0.0
TJS,1,2021-07…2021-12,BUY_NOW,20,10,25.0,18,18,0.2777777777777778,0.2558139534883721,1.0858585858585859,0.4343434343434343,1.9545454545454544,0.7222222222222222,0.5813953488372093,1.2422222222222221,5.298237912209871,13.570695609273773,-8.272457697063903,-46.00041799853061,31.618206903344106,-32.42972238925684,45.18890251261788,-26.299933008314934,21.40987193932,19.319891829925268,5.005759975786213,0.6847826086956522,0.0,0.6407528585112017,35.0,0.0
TJS,1,2021-07…2021-12,BUY_NOW,20,10,50.0,18,18,0.5,0.37209302325581395,1.34375,0.7465277777777778,1.9409722222222223,0.7777777777777778,0.7286821705426356,1.0673758865248228,5.298237912209871,13.570695609273773,-8.272457697063903,-46.00041799853061,31.618206903344106,-32.42972238925684,45.18890251261788,-26.299933008314934,21.40987193932,19.319891829925268,5.005759975786213,0.6847826086956522,0.0,0.6407528585112017,35.0,0.0
TJS,1,2021-07…2021-12,BUY_NOW,20,20,0.0,18,18,0.05555555555555555,0.13178294573643412,0.42156862745098034,0.0,1.264705882352941,0.5,0.49612403100775193,1.0078125,16.186103138355335,33.342203091136966,-17.15609995278163,-73.50407989370436,44.579199405246214,-40.1618768025674,77.92140249638318,-36.173860652841185,73.5079952876159,19.1747859070109,5.005759975786213,0.6847826086956522,0.0,0.6407528585112017,35.0,0.0
TJS,1,2021-07…2021-12,BUY_NOW,20,20,10.0,18,18,0.05555555555555555,0.14728682170542637,0.3771929824561403,0.0,1.1315789473684208,0.5555555555555556,0.5271317829457365,1.053921568627451,16.186103138355335,33.342203091136966,-17.15609995278163,-73.50407989370436,44.579199405246214,-40.1618768025674,77.92140249638318,-36.173860652841185,73.5079952876159,19.1747859070109,5.005759975786213,0.6847826086956522,0.0,0.6407528585112017,35.0,0.0
TJS,1,2021-07…2021-12,BUY_NOW,20,20,25.0,18,18,0.1111111111111111,0.17829457364341086,0.6231884057971013,0.0,1.5579710144927537,0.6666666666666666,0.5581395348837209,1.1944444444444444,16.186103138355335,33.342203091136966,-17.15609995278163,-73.50407989370436,44.579199405246214,-40.1618768025674,77.92140249638318,-36.173860652841185,73.5079952876159,19.1747859070109,5.005759975786213,0.6847826086956522,0.0,0.6407528585112017,35.0,0.0
TJS,1,2021-07…2021-12,BUY_NOW,20,20,50.0,18,18,0.2222222222222222,0.27906976744186046,0.7962962962962963,0.19907407407407407,1.3984953703703433,0.6666666666666666,0.6511627906976745,1.0238095238095237,16.186103138355335,33.342203091136966,-17.15609995278163,-73.50407989370436,44.579199405246214,-40.1618768025674,77.92140249638318,-36.173860652841185,73.5079952876159,19.1747859070109,5.005759975786213,0.6847826086956522,0.0,0.6407528585112017,35.0,0.0
TJS,1,2021-07…2021-12,WINDOW_CLOSING,20,1,0.0,2,2,0.5,0.4573643410852713,1.0932203389830508,,,0.5,0.4573643410852713,1.0932203389830508,-5.120533143223027,3.244671194201681,-8.365204337424707,,,,,,,-3.5423457306948958,-4.5724639084637815,0.07608695652173914,0.0,0.0,103.0,0.6666666666666666
TJS,1,2021-07…2021-12,WINDOW_CLOSING,20,1,10.0,2,2,0.5,0.4573643410852713,1.0932203389830508,,,0.5,0.4573643410852713,1.0932203389830508,-5.120533143223027,3.244671194201681,-8.365204337424707,,,,,,,-3.5423457306948958,-4.5724639084637815,0.07608695652173914,0.0,0.0,103.0,0.6666666666666666
TJS,1,2021-07…2021-12,WINDOW_CLOSING,20,1,25.0,2,2,0.5,0.4573643410852713,1.0932203389830508,,,0.5,0.4573643410852713,1.0932203389830508,-5.120533143223027,3.244671194201681,-8.365204337424707,,,,,,,-3.5423457306948958,-4.5724639084637815,0.07608695652173914,0.0,0.0,103.0,0.6666666666666666
TJS,1,2021-07…2021-12,WINDOW_CLOSING,20,1,50.0,2,2,0.5,0.4573643410852713,1.0932203389830508,,,0.5,0.4573643410852713,1.0932203389830508,-5.120533143223027,3.244671194201681,-8.365204337424707,,,,,,,-3.5423457306948958,-4.5724639084637815,0.07608695652173914,0.0,0.0,103.0,0.6666666666666666
TJS,1,2021-07…2021-12,WINDOW_CLOSING,20,3,0.0,2,2,0.0,0.5038759689922481,0.0,,,0.0,0.5038759689922481,0.0,-40.80810561412018,5.032106860265486,-45.840212474385666,,,,,,,-11.242335238764166,-4.5724639084637815,0.07608695652173914,0.0,0.0,103.0,0.6666666666666666
TJS,1,2021-07…2021-12,WINDOW_CLOSING,20,3,10.0,2,2,0.0,0.5038759689922481,0.0,,,0.0,0.5038759689922481,0.0,-40.80810561412018,5.032106860265486,-45.840212474385666,,,,,,,-11.242335238764166,-4.5724639084637815,0.07608695652173914,0.0,0.0,103.0,0.6666666666666666
TJS,1,2021-07…2021-12,WINDOW_CLOSING,20,3,25.0,2,2,0.0,0.5038759689922481,0.0,,,0.0,0.5038759689922481,0.0,-40.80810561412018,5.032106860265486,-45.840212474385666,,,,,,,-11.242335238764166,-4.5724639084637815,0.07608695652173914,0.0,0.0,103.0,0.6666666666666666
TJS,1,2021-07…2021-12,WINDOW_CLOSING,20,3,50.0,2,2,0.0,0.5038759689922481,0.0,,,0.0,0.5038759689922481,0.0,-40.80810561412018,5.032106860265486,-45.840212474385666,,,,,,,-11.242335238764166,-4.5724639084637815,0.07608695652173914,0.0,0.0,103.0,0.6666666666666666
TJS,1,2021-07…2021-12,WINDOW_CLOSING,20,5,0.0,2,2,0.5,0.4263565891472868,1.1727272727272728,,,0.5,0.4263565891472868,1.1727272727272728,-29.917912440856618,7.26750496338902,-37.18541740424564,,,,,,,-10.245746982692761,-4.5724639084637815,0.07608695652173914,0.0,0.0,103.0,0.6666666666666666
TJS,1,2021-07…2021-12,WINDOW_CLOSING,20,5,10.0,2,2,0.5,0.4263565891472868,1.1727272727272728,,,0.5,0.4263565891472868,1.1727272727272728,-29.917912440856618,7.26750496338902,-37.18541740424564,,,,,,,-10.245746982692761,-4.5724639084637815,0.07608695652173914,0.0,0.0,103.0,0.6666666666666666
TJS,1,2021-07…2021-12,WINDOW_CLOSING,20,5,25.0,2,2,0.5,0.4263565891472868,1.1727272727272728,,,0.5,0.4263565891472868,1.1727272727272728,-29.917912440856618,7.26750496338902,-37.18541740424564,,,,,,,-10.245746982692761,-4.5724639084637815,0.07608695652173914,0.0,0.0,103.0,0.6666666666666666
TJS,1,2021-07…2021-12,WINDOW_CLOSING,20,5,50.0,2,2,0.5,0.4263565891472868,1.1727272727272728,,,0.5,0.4263565891472868,1.1727272727272728,-29.917912440856618,7.26750496338902,-37.18541740424564,,,,,,,-10.245746982692761,-4.5724639084637815,0.07608695652173914,0.0,0.0,103.0,0.6666666666666666
TJS,1,2021-07…2021-12,WINDOW_CLOSING,20,10,0.0,2,2,0.5,0.4883720930232558,1.023809523809524,,,0.5,0.4883720930232558,1.023809523809524,-6.029310119493594,13.570695609273773,-19.600005728767368,,,,,,,-6.070688609670083,-4.5724639084637815,0.07608695652173914,0.0,0.0,103.0,0.6666666666666666
TJS,1,2021-07…2021-12,WINDOW_CLOSING,20,10,10.0,2,2,0.5,0.4883720930232558,1.023809523809524,,,0.5,0.4883720930232558,1.023809523809524,-6.029310119493594,13.570695609273773,-19.600005728767368,,,,,,,-6.070688609670083,-4.5724639084637815,0.07608695652173914,0.0,0.0,103.0,0.6666666666666666
TJS,1,2021-07…2021-12,WINDOW_CLOSING,20,10,25.0,2,2,0.5,0.4883720930232558,1.023809523809524,,,0.5,0.4883720930232558,1.023809523809524,-6.029310119493594,13.570695609273773,-19.600005728767368,,,,,,,-6.070688609670083,-4.5724639084637815,0.07608695652173914,0.0,0.0,103.0,0.6666666666666666
TJS,1,2021-07…2021-12,WINDOW_CLOSING,20,10,50.0,2,2,0.5,0.4883720930232558,1.023809523809524,,,0.5,0.4883720930232558,1.023809523809524,-6.029310119493594,13.570695609273773,-19.600005728767368,,,,,,,-6.070688609670083,-4.5724639084637815,0.07608695652173914,0.0,0.0,103.0,0.6666666666666666
TJS,1,2021-07…2021-12,WINDOW_CLOSING,20,20,0.0,2,2,0.5,0.5116279069767442,0.9772727272727272,,,0.5,0.5116279069767442,0.9772727272727272,81.40328693549192,33.342203091136966,48.061083844354954,,,,,,,52.963492363879986,-4.5724639084637815,0.07608695652173914,0.0,0.0,103.0,0.6666666666666666
TJS,1,2021-07…2021-12,WINDOW_CLOSING,20,20,10.0,2,2,0.5,0.5116279069767442,0.9772727272727272,,,0.5,0.5116279069767442,0.9772727272727272,81.40328693549192,33.342203091136966,48.061083844354954,,,,,,,52.963492363879986,-4.5724639084637815,0.07608695652173914,0.0,0.0,103.0,0.6666666666666666
TJS,1,2021-07…2021-12,WINDOW_CLOSING,20,20,25.0,2,2,0.5,0.5116279069767442,0.9772727272727272,,,0.5,0.5116279069767442,0.9772727272727272,81.40328693549192,33.342203091136966,48.061083844354954,,,,,,,52.963492363879986,-4.5724639084637815,0.07608695652173914,0.0,0.0,103.0,0.6666666666666666
TJS,1,2021-07…2021-12,WINDOW_CLOSING,20,20,50.0,2,2,0.5,0.5116279069767442,0.9772727272727272,,,0.5,0.5116279069767442,0.9772727272727272,81.40328693549192,33.342203091136966,48.061083844354954,,,,,,,52.963492363879986,-4.5724639084637815,0.07608695652173914,0.0,0.0,103.0,0.6666666666666666
TJS,2,2022-01…2022-06,BUY_NOW,16,1,0.0,14,14,0.35714285714285715,0.47863247863247865,0.7461734693877551,0.298469387755102,1.3431122448979593,0.35714285714285715,0.47863247863247865,0.7461734693877551,-133.93417317339848,-14.273040468855912,-119.66113270454257,-217.48764940278593,-26.825497896998115,-231.76068987164186,-41.098538365854026,-227.3475629768755,-31.761187914221807,-50.012205021711104,-52.87312761855146,0.5414364640883977,0.0,0.9065908050245723,50.0,0.16666666666666666
TJS,2,2022-01…2022-06,BUY_NOW,16,1,10.0,14,14,0.35714285714285715,0.47863247863247865,0.7461734693877551,0.298469387755102,1.3431122448979593,0.35714285714285715,0.47863247863247865,0.7461734693877551,-133.93417317339848,-14.273040468855912,-119.66113270454257,-217.48764940278593,-26.825497896998115,-231.76068987164186,-41.098538365854026,-227.3475629768755,-31.761187914221807,-50.012205021711104,-52.87312761855146,0.5414364640883977,0.0,0.9065908050245723,50.0,0.16666666666666666
TJS,2,2022-01…2022-06,BUY_NOW,16,1,25.0,14,14,0.35714285714285715,0.5042735042735043,0.7082324455205812,0.28329297820823246,1.274818401937046,0.35714285714285715,0.5042735042735043,0.7082324455205812,-133.93417317339848,-14.273040468855912,-119.66113270454257,-217.48764940278593,-26.825497896998115,-231.76068987164186,-41.098538365854026,-227.3475629768755,-31.761187914221807,-50.012205021711104,-52.87312761855146,0.5414364640883977,0.0,0.9065908050245723,50.0,0.16666666666666666
TJS,2,2022-01…2022-06,BUY_NOW,16,1,50.0,14,14,0.5,0.5726495726495726,0.873134328358209,0.3742004264392324,1.3720682302771856,0.5,0.5726495726495726,0.873134328358209,-133.93417317339848,-14.273040468855912,-119.66113270454257,-217.48764940278593,-26.825497896998115,-231.76068987164186,-41.098538365854026,-227.3475629768755,-31.761187914221807,-50.012205021711104,-52.87312761855146,0.5414364640883977,0.0,0.9065908050245723,50.0,0.16666666666666666
TJS,2,2022-01…2022-06,BUY_NOW,16,3,0.0,14,14,0.21428571428571427,0.2905982905982906,0.7373949579831932,0.0,1.4747899159663864,0.2857142857142857,0.41025641025641024,0.6964285714285714,-160.93568402034455,-25.14152414759963,-135.79415987274493,-268.1862454445382,-9.465563677830172,-293.3277695921378,-34.6070878254298,-353.1748008816712,-7.406178322967304,-66.49427816492866,-52.87312761855146,0.5414364640883977,0.0,0.9065908050245723,50.0,0.16666666666666666
TJS,2,2022-01…2022-06,BUY_NOW,16,3,10.0,14,14,0.21428571428571427,0.29914529914529914,0.7163265306122448,0.0,1.4326530612244897,0.2857142857142857,0.4358974358974359,0.6554621848739496,-160.93568402034455,-25.14152414759963,-135.79415987274493,-268.1862454445382,-9.465563677830172,-293.3277695921378,-34.6070878254298,-353.1748008816712,-7.406178322967304,-66.49427816492866,-52.87312761855146,0.5414364640883977,0.0,0.9065908050245723,50.0,0.16666666666666666
TJS,2,2022-01…2022-06,BUY_NOW,16,3,25.0,14,14,0.21428571428571427,0.3247863247863248,0.6597744360902255,0.0,1.319548872180451,0.2857142857142857,0.4358974358974359,0.6554621848739496,-160.93568402034455,-25.14152414759963,-135.79415987274493,-268.1862454445382,-9.465563677830172,-293.3277695921378,-34.6070878254298,-353.1748008816712,-7.406178322967304,-66.49427816492866,-52.87312761855146,0.5414364640883977,0.0,0.9065908050245723,50.0,0.16666666666666666
TJS,2,2022-01…2022-06,BUY_NOW,16,3,50.0,14,14,0.21428571428571427,0.3333333333333333,0.6428571428571429,0.0,1.2857142857142858,0.2857142857142857,0.4700854700854701,0.6077922077922078,-160.93568402034455,-25.14152414759963,-135.79415987274493,-268.1862454445382,-9.465563677830172,-293.3277695921378,-34.6070878254298,-353.1748008816712,-7.406178322967304,-66.49427816492866,-52.87312761855146,0.5414364640883977,0.0,0.9065908050245723,50.0,0.16666666666666666
TJS,2,2022-01…2022-06,BUY_NOW,16,5,0.0,14,14,0.21428571428571427,0.23076923076923078,0.9285714285714285,0.0,1.857142857142857,0.35714285714285715,0.38461538461538464,0.9285714285714285,-136.83485145901255,-27.72887635378301,-109.10597510522955,-292.39111629049404,80.72372710795187,-320.11999264427703,52.994850754168866,-371.90170531388617,108.8510771245174,-46.81115331964819,-52.87312761855146,0.5414364640883977,0.0,0.9065908050245723,50.0,0.16666666666666666
TJS,2,2022-01…2022-06,BUY_NOW,16,5,10.0,14,14,0.21428571428571427,0.23076923076923078,0.9285714285714285,0.0,1.857142857142857,0.35714285714285715,0.38461538461538464,0.9285714285714285,-136.83485145901255,-27.72887635378301,-109.10597510522955,-292.39111629049404,80.72372710795187,-320.11999264427703,52.994850754168866,-371.90170531388617,108.8510771245174,-46.81115331964819,-52.87312761855146,0.5414364640883977,0.0,0.9065908050245723,50.0,0.16666666666666666
TJS,2,2022-01…2022-06,BUY_NOW,16,5,25.0,14,14,0.21428571428571427,0.24786324786324787,0.8645320197044334,0.0,1.7290640394088668,0.35714285714285715,0.38461538461538464,0.9285714285714285,-136.83485145901255,-27.72887635378301,-109.10597510522955,-292.39111629049404,80.72372710795187,-320.11999264427703,52.994850754168866,-371.90170531388617,108.8510771245174,-46.81115331964819,-52.87312761855146,0.5414364640883977,0.0,0.9065908050245723,50.0,0.16666666666666666
TJS,2,2022-01…2022-06,BUY_NOW,16,5,50.0,14,14,0.21428571428571427,0.2564102564102564,0.8357142857142857,0.0,1.6714285714285715,0.35714285714285715,0.4444444444444444,0.8035714285714286,-136.83485145901255,-27.72887635378301,-109.10597510522955,-292.39111629049404,80.72372710795187,-320.11999264427703,52.994850754168866,-371.90170531388617,108.8510771245174,-46.81115331964819,-52.87312761855146,0.5414364640883977,0.0,0.9065908050245723,50.0,0.16666666666666666
TJS,2,2022-01…2022-06,BUY_NOW,16,10,0.0,14,14,0.14285714285714285,0.1794871794871795,0.7959183673469388,0.0,1.989795918367347,0.35714285714285715,0.41025641025641024,0.8705357142857143,-67.54618997570543,-29.553303867559784,-37.99288610814565,-375.7112583820368,347.5024991628599,-405.2645622495966,317.9491952953001,-416.2278968095824,397.3627524694639,77.8283228136506,-52.87312761855146,0.5414364640883977,0.0,0.9065908050245723,50.0,0.16666666666666666
TJS,2,2022-01…2022-06,BUY_NOW,16,10,10.0,14,14,0.14285714285714285,0.1794871794871795,0.7959183673469388,0.0,1.989795918367347,0.42857142857142855,0.4188034188034188,1.0233236151603498,-67.54618997570543,-29.553303867559784,-37.99288610814565,-375.7112583820368,347.5024991628599,-405.2645622495966,317.9491952953001,-416.2278968095824,397.3627524694639,77.8283228136506,-52.87312761855146,0.5414364640883977,0.0,0.9065908050245723,50.0,0.16666666666666666
TJS,2,2022-01…2022-06,BUY_NOW,16,10,25.0,14,14,0.14285714285714285,0.18803418803418803,0.7597402597402597,0.0,1.8993506493506493,0.42857142857142855,0.4188034188034188,1.0233236151603498,-67.54618997570543,-29.553303867559784,-37.99288610814565,-375.7112583820368,347.5024991628599,-405.2645622495966,317.9491952953001,-416.2278968095824,397.3627524694639,77.8283228136506,-52.87312761855146,0.5414364640883977,0.0,0.9065908050245723,50.0,0.16666666666666666
TJS,2,2022-01…2022-06,BUY_NOW,16,10,50.0,14,14,0.14285714285714285,0.19658119658119658,0.7267080745341614,0.0,1.8167701863354038,0.5,0.452991452991453,1.1037735849056605,-67.54618997570543,-29.553303867559784,-37.99288610814565,-375.7112583820368,347.5024991628599,-405.2645622495966,317.9491952953001,-416.2278968095824,397.3627524694639,77.8283228136506,-52.87312761855146,0.5414364640883977,0.0,0.9065908050245723,50.0,0.16666666666666666
TJS,2,2022-01…2022-06,BUY_NOW,16,20,0.0,14,14,0.14285714285714285,0.13675213675213677,1.044642857142857,0.0,2.611607142857143,0.5714285714285714,0.46153846153846156,1.238095238095238,110.26155063452029,-53.00503542290707,163.26658605742736,-370.40778904535273,767.1118408972961,-423.41282446825977,714.106805474389,-588.4457831765129,1118.0106801966601,376.9183173004778,-52.87312761855146,0.5414364640883977,0.0,0.9065908050245723,50.0,0.16666666666666666
TJS,2,2022-01…2022-06,BUY_NOW,16,20,10.0,14,14,0.14285714285714285,0.13675213675213677,1.044642857142857,0.0,2.611607142857143,0.5714285714285714,0.46153846153846156,1.238095238095238,110.26155063452029,-53.00503542290707,163.26658605742736,-370.40778904535273,767.1118408972961,-423.41282446825977,714.106805474389,-588.4457831765129,1118.0106801966601,376.9183173004778,-52.87312761855146,0.5414364640883977,0.0,0.9065908050245723,50.0,0.16666666666666666
TJS,2,2022-01…2022-06,BUY_NOW,16,20,25.0,14,14,0.14285714285714285,0.1452991452991453,0.9831932773109242,0.0,2.4579831932773106,0.5714285714285714,0.4700854700854701,1.2155844155844155,110.26155063452029,-53.00503542290707,163.26658605742736,-370.40778904535273,767.1118408972961,-423.41282446825977,714.106805474389,-588.4457831765129,1118.0106801966601,376.9183173004778,-52.87312761855146,0.5414364640883977,0.0,0.9065908050245723,50.0,0.16666666666666666
TJS,2,2022-01…2022-06,BUY_NOW,16,20,50.0,14,14,0.14285714285714285,0.15384615384615385,0.9285714285714285,0.0,2.321428571428571,0.5714285714285714,0.47863247863247865,1.193877551020408,110.26155063452029,-53.00503542290707,163.26658605742736,-370.40778904535273,767.1118408972961,-423.41282446825977,714.106805474389,-588.4457831765129,1118.0106801966601,376.9183173004778,-52.87312761855146,0.5414364640883977,0.0,0.9065908050245723,50.0,0.16666666666666666
TJS,2,2022-01…2022-06,WINDOW_CLOSING,16,1,0.0,2,2,0.5,0.47863247863247865,1.0446428571428572,,,0.5,0.47863247863247865,1.0446428571428572,5.410382185220829,-14.273040468855912,19.683422654076743,,,,,,,-4.251888528959967,529.4643490970292,0.07734806629834254,0.0,0.0,133.0,0.6666666666666666
TJS,2,2022-01…2022-06,WINDOW_CLOSING,16,1,10.0,2,2,0.5,0.47863247863247865,1.0446428571428572,,,0.5,0.47863247863247865,1.0446428571428572,5.410382185220829,-14.273040468855912,19.683422654076743,,,,,,,-4.251888528959967,529.4643490970292,0.07734806629834254,0.0,0.0,133.0,0.6666666666666666
TJS,2,2022-01…2022-06,WINDOW_CLOSING,16,1,25.0,2,2,0.5,0.47863247863247865,1.0446428571428572,,,0.5,0.47863247863247865,1.0446428571428572,5.410382185220829,-14.273040468855912,19.683422654076743,,,,,,,-4.251888528959967,529.4643490970292,0.07734806629834254,0.0,0.0,133.0,0.6666666666666666
TJS,2,2022-01…2022-06,WINDOW_CLOSING,16,1,50.0,2,2,0.5,0.47863247863247865,1.0446428571428572,,,0.5,0.47863247863247865,1.0446428571428572,5.410382185220829,-14.273040468855912,19.683422654076743,,,,,,,-4.251888528959967,529.4643490970292,0.07734806629834254,0.0,0.0,133.0,0.6666666666666666
TJS,2,2022-01…2022-06,WINDOW_CLOSING,16,3,0.0,2,2,0.5,0.38461538461538464,1.2999999999999998,,,0.5,0.38461538461538464,1.2999999999999998,195.60145892290882,-25.14152414759963,220.74298307050844,,,,,,,186.50491598098174,529.4643490970292,0.07734806629834254,0.0,0.0,133.0,0.6666666666666666
TJS,2,2022-01…2022-06,WINDOW_CLOSING,16,3,10.0,2,2,0.5,0.38461538461538464,1.2999999999999998,,,0.5,0.38461538461538464,1.2999999999999998,195.60145892290882,-25.14152414759963,220.74298307050844,,,,,,,186.50491598098174,529.4643490970292,0.07734806629834254,0.0,0.0,133.0,0.6666666666666666
TJS,2,2022-01…2022-06,WINDOW_CLOSING,16,3,25.0,2,2,0.5,0.38461538461538464,1.2999999999999998,,,0.5,0.38461538461538464,1.2999999999999998,195.60145892290882,-25.14152414759963,220.74298307050844,,,,,,,186.50491598098174,529.4643490970292,0.07734806629834254,0.0,0.0,133.0,0.6666666666666666
TJS,2,2022-01…2022-06,WINDOW_CLOSING,16,3,50.0,2,2,0.5,0.38461538461538464,1.2999999999999998,,,0.5,0.38461538461538464,1.2999999999999998,195.60145892290882,-25.14152414759963,220.74298307050844,,,,,,,186.50491598098174,529.4643490970292,0.07734806629834254,0.0,0.0,133.0,0.6666666666666666
TJS,2,2022-01…2022-06,WINDOW_CLOSING,16,5,0.0,2,2,0.5,0.4017094017094017,1.2446808510638296,,,0.5,0.4017094017094017,1.2446808510638296,387.9268541786296,-27.72887635378301,415.6557305324126,,,,,,,323.83326337604046,529.4643490970292,0.07734806629834254,0.0,0.0,133.0,0.6666666666666666
TJS,2,2022-01…2022-06,WINDOW_CLOSING,16,5,10.0,2,2,0.5,0.4017094017094017,1.2446808510638296,,,0.5,0.4017094017094017,1.2446808510638296,387.9268541786296,-27.72887635378301,415.6557305324126,,,,,,,323.83326337604046,529.4643490970292,0.07734806629834254,0.0,0.0,133.0,0.6666666666666666
TJS,2,2022-01…2022-06,WINDOW_CLOSING,16,5,25.0,2,2,0.5,0.4017094017094017,1.2446808510638296,,,0.5,0.4017094017094017,1.2446808510638296,387.9268541786296,-27.72887635378301,415.6557305324126,,,,,,,323.83326337604046,529.4643490970292,0.07734806629834254,0.0,0.0,133.0,0.6666666666666666
TJS,2,2022-01…2022-06,WINDOW_CLOSING,16,5,50.0,2,2,0.5,0.4017094017094017,1.2446808510638296,,,0.5,0.4017094017094017,1.2446808510638296,387.9268541786296,-27.72887635378301,415.6557305324126,,,,,,,323.83326337604046,529.4643490970292,0.07734806629834254,0.0,0.0,133.0,0.6666666666666666
TJS,2,2022-01…2022-06,WINDOW_CLOSING,16,10,0.0,2,2,0.5,0.38461538461538464,1.2999999999999998,,,0.5,0.38461538461538464,1.2999999999999998,412.37300904041706,-29.553303867559784,441.92631290797686,,,,,,,357.42610240519775,529.4643490970292,0.07734806629834254,0.0,0.0,133.0,0.6666666666666666
TJS,2,2022-01…2022-06,WINDOW_CLOSING,16,10,10.0,2,2,0.5,0.38461538461538464,1.2999999999999998,,,0.5,0.38461538461538464,1.2999999999999998,412.37300904041706,-29.553303867559784,441.92631290797686,,,,,,,357.42610240519775,529.4643490970292,0.07734806629834254,0.0,0.0,133.0,0.6666666666666666
TJS,2,2022-01…2022-06,WINDOW_CLOSING,16,10,25.0,2,2,0.5,0.38461538461538464,1.2999999999999998,,,0.5,0.38461538461538464,1.2999999999999998,412.37300904041706,-29.553303867559784,441.92631290797686,,,,,,,357.42610240519775,529.4643490970292,0.07734806629834254,0.0,0.0,133.0,0.6666666666666666
TJS,2,2022-01…2022-06,WINDOW_CLOSING,16,10,50.0,2,2,0.5,0.38461538461538464,1.2999999999999998,,,0.5,0.38461538461538464,1.2999999999999998,412.37300904041706,-29.553303867559784,441.92631290797686,,,,,,,357.42610240519775,529.4643490970292,0.07734806629834254,0.0,0.0,133.0,0.6666666666666666
TJS,2,2022-01…2022-06,WINDOW_CLOSING,16,20,0.0,2,2,1.0,0.4700854700854701,2.1272727272727274,,,1.0,0.4700854700854701,2.1272727272727274,280.6761602577784,-53.00503542290707,333.6811956806855,,,,,,,448.21719078564973,529.4643490970292,0.07734806629834254,0.0,0.0,133.0,0.6666666666666666
TJS,2,2022-01…2022-06,WINDOW_CLOSING,16,20,10.0,2,2,1.0,0.4700854700854701,2.1272727272727274,,,1.0,0.4700854700854701,2.1272727272727274,280.6761602577784,-53.00503542290707,333.6811956806855,,,,,,,448.21719078564973,529.4643490970292,0.07734806629834254,0.0,0.0,133.0,0.6666666666666666
TJS,2,2022-01…2022-06,WINDOW_CLOSING,16,20,25.0,2,2,1.0,0.4700854700854701,2.1272727272727274,,,1.0,0.4700854700854701,2.1272727272727274,280.6761602577784,-53.00503542290707,333.6811956806855,,,,,,,448.21719078564973,529.4643490970292,0.07734806629834254,0.0,0.0,133.0,0.6666666666666666
TJS,2,2022-01…2022-06,WINDOW_CLOSING,16,20,50.0,2,2,1.0,0.4700854700854701,2.1272727272727274,,,1.0,0.4700854700854701,2.1272727272727274,280.6761602577784,-53.00503542290707,333.6811956806855,,,,,,,448.21719078564973,529.4643490970292,0.07734806629834254,0.0,0.0,133.0,0.6666666666666666
TJS,3,2022-07…2022-12,BUY_NOW,13,1,0.0,13,13,0.38461538461538464,0.5769230769230769,0.6666666666666667,0.2666666666666667,1.0666666666666669,0.38461538461538464,0.5769230769230769,0.6666666666666667,17.42124358825643,24.55859581374374,-7.137352225487309,-83.80893408037717,78.41586200632094,-59.250338266633435,102.97445782006467,-87.09494451239782,89.97234701406234,58.765907788387125,77.23157732802616,0.4945652173913044,0.0,0.5445323226050077,30.0,0.0
TJS,3,2022-07…2022-12,BUY_NOW,13,1,10.0,13,13,0.46153846153846156,0.6307692307692307,0.7317073170731708,0.24390243902439027,1.0975609756097562,0.46153846153846156,0.6307692307692307,0.7317073170731708,17.42124358825643,24.55859581374374,-7.137352225487309,-83.80893408037717,78.41586200632094,-59.250338266633435,102.97445782006467,-87.09494451239782,89.97234701406234,58.765907788387125,77.23157732802616,0.4945652173913044,0.0,0.5445323226050077,30.0,0.0
TJS,3,2022-07…2022-12,BUY_NOW,13,1,25.0,13,13,0.6153846153846154,0.7230769230769231,0.8510638297872342,0.4255319148936171,1.1702127659574468,0.6153846153846154,0.7230769230769231,0.8510638297872342,17.42124358825643,24.55859581374374,-7.137352225487309,-83.80893408037717,78.41586200632094,-59.250338266633435,102.97445782006467,-87.09494451239782,89.97234701406234,58.765907788387125,77.23157732802616,0.4945652173913044,0.0,0.5445323226050077,30.0,0.0
TJS,3,2022-07…2022-12,BUY_NOW,13,1,50.0,13,13,0.7692307692307693,0.8153846153846154,0.9433962264150944,0.660377358490566,1.2264150943396226,0.7692307692307693,0.8153846153846154,0.9433962264150944,17.42124358825643,24.55859581374374,-7.137352225487309,-83.80893408037717,78.41586200632094,-59.250338266633435,102.97445782006467,-87.09494451239782,89.97234701406234,58.765907788387125,77.23157732802616,0.4945652173913044,0.0,0.5445323226050077,30.0,0.0
TJS,3,2022-07…2022-12,BUY_NOW,13,3,0.0,13,13,0.3076923076923077,0.4076923076923077,0.7547169811320755,0.18867924528301888,1.320754716981132,0.5384615384615384,0.5923076923076923,0.9090909090909091,69.89914118402542,44.922888956476505,24.97625222754892,-81.56027180728853,144.34508142464568,-36.63738285081202,189.26797038112218,-51.01820734447525,159.338747910575,127.78098741550063,77.23157732802616,0.4945652173913044,0.0,0.5445323226050077,30.0,0.0
TJS,3,2022-07…2022-12,BUY_NOW,13,3,10.0,13,13,0.3076923076923077,0.45384615384615384,0.6779661016949153,0.16949152542372883,1.1864406779661016,0.5384615384615384,0.6076923076923076,0.8860759493670887,69.89914118402542,44.922888956476505,24.97625222754892,-81.56027180728853,144.34508142464568,-36.63738285081202,189.26797038112218,-51.01820734447525,159.338747910575,127.78098741550063,77.23157732802616,0.4945652173913044,0.0,0.5445323226050077,30.0,0.0
TJS,3,2022-07…2022-12,BUY_NOW,13,3,25.0,13,13,0.46153846153846156,0.5384615384615384,0.8571428571428572,0.4285714285714286,1.2857142857142858,0.6153846153846154,0.6384615384615384,0.9638554216867471,69.89914118402542,44.922888956476505,24.97625222754892,-81.56027180728853,144.34508142464568,-36.63738285081202,189.26797038112218,-51.01820734447525,159.338747910575,127.78098741550063,77.23157732802616,0.4945652173913044,0.0,0.5445323226050077,30.0,0.0
TJS,3,2022-07…2022-12,BUY_NOW,13,3,50.0,13,13,0.46153846153846156,0.6153846153846154,0.75,0.375,1.125,0.6923076923076923,0.7230769230769231,0.9574468085106383,69.89914118402542,44.922888956476505,24.97625222754892,-81.56027180728853,144.34508142464568,-36.63738285081202,189.26797038112218,-51.01820734447525,159.338747910575,127.78098741550063,77.23157732802616,0.4945652173913044,0.0,0.5445323226050077,30.0,0.0
TJS,3,2022-07…2022-12,BUY_NOW,13,5,0.0,13,13,0.3076923076923077,0.38461538461538464,0.8,0.2,1.4,0.46153846153846156,0.5692307692307692,0.8108108108108109,77.72920347127365,57.35999665095657,20.369206820317082,-116.77834523380578,168.0421592914536,-59.41834858284921,225.40215594241016,-50.61436422879051,172.7071785631079,130.16554423068715,77.23157732802616,0.4945652173913044,0.0,0.5445323226050077,30.0,0.0
TJS,3,2022-07…2022-12,BUY_NOW,13,5,10.0,13,13,0.3076923076923077,0.4230769230769231,0.7272727272727273,0.18181818181818182,1.2727272727272727,0.46153846153846156,0.5846153846153846,0.7894736842105263,77.72920347127365,57.35999665095657,20.369206820317082,-116.77834523380578,168.0421592914536,-59.41834858284921,225.40215594241016,-50.61436422879051,172.7071785631079,130.16554423068715,77.23157732802616,0.4945652173913044,0.0,0.5445323226050077,30.0,0.0
TJS,3,2022-07…2022-12,BUY_NOW,13,5,25.0,13,13,0.38461538461538464,0.47692307692307695,0.8064516129032258,0.3225806451612903,1.2903225806451613,0.46153846153846156,0.6230769230769231,0.7407407407407408,77.72920347127365,57.35999665095657,20.369206820317082,-116.77834523380578,168.0421592914536,-59.41834858284921,225.40215594241016,-50.61436422879051,172.7071785631079,130.16554423068715,77.23157732802616,0.4945652173913044,0.0,0.5445323226050077,30.0,0.0
TJS,3,2022-07…2022-12,BUY_NOW,13,5,50.0,13,13,0.38461538461538464,0.5230769230769231,0.7352941176470589,0.29411764705882354,1.1764705882352942,0.6153846153846154,0.676923076923077,0.9090909090909091,77.72920347127365,57.35999665095657,20.369206820317082,-116.77834523380578,168.0421592914536,-59.41834858284921,225.40215594241016,-50.61436422879051,172.7071785631079,130.16554423068715,77.23157732802616,0.4945652173913044,0.0,0.5445323226050077,30.0,0.0
TJS,3,2022-07…2022-12,BUY_NOW,13,10,0.0,13,13,0.15384615384615385,0.27692307692307694,0.5555555555555556,0.0,1.3888888888888888,0.5384615384615384,0.5846153846153846,0.9210526315789472,179.68574055212818,88.6700869471183,91.01565360500987,-105.09000052938143,312.49458228301324,-16.41991358226312,401.16466923013155,5.177056495969134,310.60896409820634,136.44342459894244,77.23157732802616,0.4945652173913044,0.0,0.5445323226050077,30.0,0.0
TJS,3,2022-07…2022-12,BUY_NOW,13,10,10.0,13,13,0.15384615384615385,0.3153846153846154,0.48780487804878053,0.0,1.2195121951219514,0.6153846153846154,0.6230769230769231,0.9876543209876544,179.68574055212818,88.6700869471183,91.01565360500987,-105.09000052938143,312.49458228301324,-16.41991358226312,401.16466923013155,5.177056495969134,310.60896409820634,136.44342459894244,77.23157732802616,0.4945652173913044,0.0,0.5445323226050077,30.0,0.0
TJS,3,2022-07…2022-12,BUY_NOW,13,10,25.0,13,13,0.23076923076923078,0.34615384615384615,0.6666666666666667,0.0,1.3333333333333335,0.6153846153846154,0.6230769230769231,0.9876543209876544,179.68574055212818,88.6700869471183,91.01565360500987,-105.09000052938143,312.49458228301324,-16.41991358226312,401.16466923013155,5.177056495969134,310.60896409820634,136.44342459894244,77.23157732802616,0.4945652173913044,0.0,0.5445323226050077,30.0,0.0
TJS,3,2022-07…2022-12,BUY_NOW,13,10,50.0,13,13,0.23076923076923078,0.4,0.5769230769230769,0.0,1.1538461538461537,0.6153846153846154,0.6461538461538462,0.9523809523809523,179.68574055212818,88.6700869471183,91.01565360500987,-105.09000052938143,312.49458228301324,-16.41991358226312,401.16466923013155,5.177056495969134,310.60896409820634,136.44342459894244,77.23157732802616,0.4945652173913044,0.0,0.5445323226050077,30.0,0.0
TJS,3,2022-07…2022-12,BUY_NOW,13,20,0.0,13,13,0.15384615384615385,0.23846153846153847,0.6451612903225806,0.0,1.6129032258064515,0.6923076923076923,0.5692307692307692,1.2162162162162162,281.71642525334477,163.51128752215095,118.20513773119382,-104.37618974131448,355.5451158106781,59.13509778083647,519.0564033328291,64.41347187519648,444.083627144595,120.35968786167518,77.23157732802616,0.4945652173913044,0.0,0.5445323226050077,30.0,0.0
TJS,3,2022-07…2022-12,BUY_NOW,13,20,10.0,13,13,0.15384615384615385,0.26153846153846155,0.5882352941176471,0.0,1.4705882352941178,0.6923076923076923,0.5923076923076923,1.1688311688311688,281.71642525334477,163.51128752215095,118.20513773119382,-104.37618974131448,355.5451158106781,59.13509778083647,519.0564033328291,64.41347187519648,444.083627144595,120.35968786167518,77.23157732802616,0.4945652173913044,0.0,0.5445323226050077,30.0,0.0
TJS,3,2022-07…2022-12,BUY_NOW,13,20,25.0,13,13,0.23076923076923078,0.2846153846153846,0.8108108108108109,0.0,1.6216216216216217,0.7692307692307693,0.6230769230769231,1.234567901234568,281.71642525334477,163.51128752215095,118.20513773119382,-104.37618974131448,355.5451158106781,59.13509778083647,519.0564033328291,64.41347187519648,444.083627144595,120.35968786167518,77.23157732802616,0.4945652173913044,0.0,0.5445323226050077,30.0,0.0
TJS,3,2022-07…2022-12,BUY_NOW,13,20,50.0,13,13,0.23076923076923078,0.3230769230769231,0.7142857142857143,0.0,1.4285714285714286,0.7692307692307693,0.6538461538461539,1.1764705882352942,281.71642525334477,163.51128752215095,118.20513773119382,-104.37618974131448,355.5451158106781,59.13509778083647,519.0564033328291,64.41347187519648,444.083627144595,120.35968786167518,77.23157732802616,0.4945652173913044,0.0,0.5445323226050077,30.0,0.0
TJS,4,2023-01…2023-06,BUY_NOW,9,1,0.0,9,9,0.6666666666666666,0.6016949152542372,1.107981220657277,0.5539906103286385,1.4773082942097027,0.6666666666666666,0.6016949152542372,1.107981220657277,-14.204481193945192,14.999430383772784,-29.203911577717975,-67.97100675329175,5.437248433064626,-52.971576369518964,20.43667881683741,-58.981870963667475,28.193760375893916,19.493064912841703,-14.91771436185482,0.34806629834254144,0.0,0.7960809355631362,45.0,0.16666666666666666
TJS,4,2023-01…2023-06,BUY_NOW,9,1,10.0,9,9,0.6666666666666666,0.6864406779661016,0.9711934156378601,0.48559670781893005,1.2949245541838135,0.6666666666666666,0.6864406779661016,0.9711934156378601,-14.204481193945192,14.999430383772784,-29.203911577717975,-67.97100675329175,5.437248433064626,-52.971576369518964,20.43667881683741,-58.981870963667475,28.193760375893916,19.493064912841703,-14.91771436185482,0.34806629834254144,0.0,0.7960809355631362,45.0,0.16666666666666666
TJS,4,2023-01…2023-06,BUY_NOW,9,1,25.0,9,9,0.6666666666666666,0.7627118644067796,0.8740740740740741,0.43703703703703706,1.165432098765432,0.6666666666666666,0.7627118644067796,0.8740740740740741,-14.204481193945192,14.999430383772784,-29.203911577717975,-67.97100675329175,5.437248433064626,-52.971576369518964,20.43667881683741,-58.981870963667475,28.193760375893916,19.493064912841703,-14.91771436185482,0.34806629834254144,0.0,0.7960809355631362,45.0,0.16666666666666666
TJS,4,2023-01…2023-06,BUY_NOW,9,1,50.0,9,9,0.6666666666666666,0.8305084745762712,0.8027210884353742,0.4013605442176871,1.0702947845804989,0.6666666666666666,0.8305084745762712,0.8027210884353742,-14.204481193945192,14.999430383772784,-29.203911577717975,-67.97100675329175,5.437248433064626,-52.971576369518964,20.43667881683741,-58.981870963667475,28.193760375893916,19.493064912841703,-14.91771436185482,0.34806629834254144,0.0,0.7960809355631362,45.0,0.16666666666666666
TJS,4,2023-01…2023-06,BUY_NOW,9,3,0.0,9,9,0.4444444444444444,0.5,0.8888888888888888,0.2222222222222222,1.5555555555555556,0.5555555555555556,0.635593220338983,0.8740740740740741,-29.019486878811716,31.863557547732114,-60.88304442654383,-134.42497044320623,7.574916749431836,-102.5614128954741,39.43847429716395,-73.77764204289328,12.14067941696678,39.541298697132554,-14.91771436185482,0.34806629834254144,0.0,0.7960809355631362,45.0,0.16666666666666666
TJS,4,2023-01…2023-06,BUY_NOW,9,3,10.0,9,9,0.4444444444444444,0.576271186440678,0.7712418300653594,0.19281045751633985,1.349673202614379,0.5555555555555556,0.6864406779661016,0.8093278463648835,-29.019486878811716,31.863557547732114,-60.88304442654383,-134.42497044320623,7.574916749431836,-102.5614128954741,39.43847429716395,-73.77764204289328,12.14067941696678,39.541298697132554,-14.91771436185482,0.34806629834254144,0.0,0.7960809355631362,45.0,0.16666666666666666
TJS,4,2023-01…2023-06,BUY_NOW,9,3,25.0,9,9,0.4444444444444444,0.635593220338983,0.6992592592592592,0.1748148148148148,1.2237037037037037,0.5555555555555556,0.7288135593220338,0.7622739018087856,-29.019486878811716,31.863557547732114,-60.88304442654383,-134.42497044320623,7.574916749431836,-102.5614128954741,39.43847429716395,-73.77764204289328,12.14067941696678,39.541298697132554,-14.91771436185482,0.34806629834254144,0.0,0.7960809355631362,45.0,0.16666666666666666
TJS,4,2023-01…2023-06,BUY_NOW,9,3,50.0,9,9,0.4444444444444444,0.7288135593220338,0.6098191214470284,0.1524547803617571,1.0671834625322998,0.7777777777777778,0.8135593220338984,0.9560185185185185,-29.019486878811716,31.863557547732114,-60.88304442654383,-134.42497044320623,7.574916749431836,-102.5614128954741,39.43847429716395,-73.77764204289328,12.14067941696678,39.541298697132554,-14.91771436185482,0.34806629834254144,0.0,0.7960809355631362,45.0,0.16666666666666666
TJS,4,2023-01…2023-06,BUY_NOW,9,5,0.0,9,9,0.2222222222222222,0.4322033898305085,0.5141612200435729,0.0,1.2854030501089324,0.5555555555555556,0.652542372881356,0.8513708513708513,-25.299872948846524,51.74543005669356,-77.04530300554008,-176.97156682508592,19.408214601819687,-125.22613676839235,71.15364465851324,-50.68581578419315,-2.760948928296896,48.813676646183914,-14.91771436185482,0.34806629834254144,0.0,0.7960809355631362,45.0,0.16666666666666666
TJS,4,2023-01…2023-06,BUY_NOW,9,5,10.0,9,9,0.3333333333333333,0.5,0.6666666666666666,0.2222222222222222,1.3333333333333333,0.5555555555555556,0.6949152542372882,0.7994579945799458,-25.299872948846524,51.74543005669356,-77.04530300554008,-176.97156682508592,19.408214601819687,-125.22613676839235,71.15364465851324,-50.68581578419315,-2.760948928296896,48.813676646183914,-14.91771436185482,0.34806629834254144,0.0,0.7960809355631362,45.0,0.16666666666666666
TJS,4,2023-01…2023-06,BUY_NOW,9,5,25.0,9,9,0.3333333333333333,0.559322033898305,0.595959595959596,0.19865319865319866,1.191919191919192,0.5555555555555556,0.7711864406779662,0.7203907203907204,-25.299872948846524,51.74543005669356,-77.04530300554008,-176.97156682508592,19.408214601819687,-125.22613676839235,71.15364465851324,-50.68581578419315,-2.760948928296896,48.813676646183914,-14.91771436185482,0.34806629834254144,0.0,0.7960809355631362,45.0,0.16666666666666666
TJS,4,2023-01…2023-06,BUY_NOW,9,5,50.0,9,9,0.3333333333333333,0.6949152542372882,0.4796747967479674,0.15989159891598914,0.9593495934959348,0.6666666666666666,0.8305084745762712,0.8027210884353742,-25.299872948846524,51.74543005669356,-77.04530300554008,-176.97156682508592,19.408214601819687,-125.22613676839235,71.15364465851324,-50.68581578419315,-2.760948928296896,48.813676646183914,-14.91771436185482,0.34806629834254144,0.0,0.7960809355631362,45.0,0.16666666666666666
TJS,4,2023-01…2023-06,BUY_NOW,9,10,0.0,9,9,0.2222222222222222,0.3983050847457627,0.557919621749409,0.0,1.3947990543735225,0.4444444444444444,0.7203389830508474,0.6169934640522876,8.602353118718238,100.6162968625604,-92.01394374384216,-211.32770831895394,33.832635089318956,-110.71141145639353,134.44893195187936,-66.40418468022536,98.32163527621252,53.64377388673433,-14.91771436185482,0.34806629834254144,0.0,0.7960809355631362,45.0,0.16666666666666666
TJS,4,2023-01…2023-06,BUY_NOW,9,10,10.0,9,9,0.2222222222222222,0.4661016949152542,0.4767676767676768,0.0,1.191919191919192,0.5555555555555556,0.7542372881355932,0.7365792759051186,8.602353118718238,100.6162968625604,-92.01394374384216,-211.32770831895394,33.832635089318956,-110.71141145639353,134.44893195187936,-66.40418468022536,98.32163527621252,53.64377388673433,-14.91771436185482,0.34806629834254144,0.0,0.7960809355631362,45.0,0.16666666666666666
TJS,4,2023-01…2023-06,BUY_NOW,9,10,25.0,9,9,0.2222222222222222,0.5169491525423728,0.42987249544626593,0.0,1.074681238615665,0.5555555555555556,0.7711864406779662,0.7203907203907204,8.602353118718238,100.6162968625604,-92.01394374384216,-211.32770831895394,33.832635089318956,-110.71141145639353,134.44893195187936,-66.40418468022536,98.32163527621252,53.64377388673433,-14.91771436185482,0.34806629834254144,0.0,0.7960809355631362,45.0,0.16666666666666666
TJS,4,2023-01…2023-06,BUY_NOW,9,10,50.0,9,9,0.2222222222222222,0.6271186440677966,0.35435435435435436,0.0,0.8858858858858859,0.5555555555555556,0.788135593220339,0.7048984468339308,8.602353118718238,100.6162968625604,-92.01394374384216,-211.32770831895394,33.832635089318956,-110.71141145639353,134.44893195187936,-66.40418468022536,98.32163527621252,53.64377388673433,-14.91771436185482,0.34806629834254144,0.0,0.7960809355631362,45.0,0.16666666666666666
TJS,4,2023-01…2023-06,BUY_NOW,9,20,0.0,9,9,0.2222222222222222,0.3559322033898305,0.6243386243386243,0.0,1.560846560846561,0.4444444444444444,0.7627118644067796,0.582716049382716,89.66264843953478,194.18642689935936,-104.52377845982458,-268.20034768113777,68.5583034635828,-74.01392078177841,262.74473036294216,-75.06983006564383,266.857888152799,26.317160578914496,-14.91771436185482,0.34806629834254144,0.0,0.7960809355631362,45.0,0.16666666666666666
TJS,4,2023-01…2023-06,BUY_NOW,9,20,10.0,9,9,0.2222222222222222,0.4406779661016949,0.5042735042735043,0.0,1.2606837606837609,0.4444444444444444,0.7627118644067796,0.582716049382716,89.66264843953478,194.18642689935936,-104.52377845982458,-268.20034768113777,68.5583034635828,-74.01392078177841,262.74473036294216,-75.06983006564383,266.857888152799,26.317160578914496,-14.91771436185482,0.34806629834254144,0.0,0.7960809355631362,45.0,0.16666666666666666
TJS,4,2023-01…2023-06,BUY_NOW,9,20,25.0,9,9,0.2222222222222222,0.4915254237288136,0.4521072796934865,0.0,1.1302681992337165,0.4444444444444444,0.7627118644067796,0.582716049382716,89.66264843953478,194.18642689935936,-104.52377845982458,-268.20034768113777,68.5583034635828,-74.01392078177841,262.74473036294216,-75.06983006564383,266.857888152799,26.317160578914496,-14.91771436185482,0.34806629834254144,0.0,0.7960809355631362,45.0,0.16666666666666666
TJS,4,2023-01…2023-06,BUY_NOW,9,20,50.0,9,9,0.2222222222222222,0.5932203389830508,0.3746031746031746,0.0,0.9365079365079366,0.5555555555555556,0.7711864406779662,0.7203907203907204,89.66264843953478,194.18642689935936,-104.52377845982458,-268.20034768113777,68.5583034635828,-74.01392078177841,262.74473036294216,-75.06983006564383,266.857888152799,26.317160578914496,-14.91771436185482,0.34806629834254144,0.0,0.7960809355631362,45.0,0.16666666666666666
TJS,5,2023-07…2023-12,BUY_NOW,17,1,0.0,17,17,0.29411764705882354,0.5426356589147286,0.5420168067226891,0.21680672268907564,0.9756302521008404,0.29411764705882354,0.5426356589147286,0.5420168067226891,-43.32279090774506,1.0368924686202663,-44.359683376365325,-92.61914159473174,-3.406627965177897,-91.58224912611148,-2.3697354965576305,-109.25443855150152,-9.91141831637328,-2.121723676365722,-38.6233975425518,0.6467391304347826,0.0,0.69602043392737,28.0,0.0
TJS,5,2023-07…2023-12,BUY_NOW,17,1,10.0,17,17,0.47058823529411764,0.627906976744186,0.7494553376906318,0.3747276688453159,1.1241830065359477,0.47058823529411764,0.627906976744186,0.7494553376906318,-43.32279090774506,1.0368924686202663,-44.359683376365325,-92.61914159473174,-3.406627965177897,-91.58224912611148,-2.3697354965576305,-109.25443855150152,-9.91141831637328,-2.121723676365722,-38.6233975425518,0.6467391304347826,0.0,0.69602043392737,28.0,0.0
TJS,5,2023-07…2023-12,BUY_NOW,17,1,25.0,17,17,0.47058823529411764,0.689922480620155,0.682088565763384,0.341044282881692,1.0231328486450761,0.47058823529411764,0.689922480620155,0.682088565763384,-43.32279090774506,1.0368924686202663,-44.359683376365325,-92.61914159473174,-3.406627965177897,-91.58224912611148,-2.3697354965576305,-109.25443855150152,-9.91141831637328,-2.121723676365722,-38.6233975425518,0.6467391304347826,0.0,0.69602043392737,28.0,0.0
TJS,5,2023-07…2023-12,BUY_NOW,17,1,50.0,17,17,0.7058823529411765,0.7984496124031008,0.8840662478583667,0.5893774985722444,1.1050828098229584,0.7058823529411765,0.7984496124031008,0.8840662478583667,-43.32279090774506,1.0368924686202663,-44.359683376365325,-92.61914159473174,-3.406627965177897,-91.58224912611148,-2.3697354965576305,-109.25443855150152,-9.91141831637328,-2.121723676365722,-38.6233975425518,0.6467391304347826,0.0,0.69602043392737,28.0,0.0
TJS,5,2023-07…2023-12,BUY_NOW,17,3,0.0,17,17,0.23529411764705882,0.3953488372093023,0.5951557093425606,0.14878892733564014,1.1903114186851211,0.4117647058823529,0.5581395348837209,0.7377450980392156,-44.384721571207876,0.8443323016044321,-45.22905387281231,-97.63388900048064,-2.661620887909591,-96.7895566988762,-1.8172885863051587,-118.96536541078765,-8.50594405051687,6.272024490796623,-38.6233975425518,0.6467391304347826,0.0,0.69602043392737,28.0,0.0
TJS,5,2023-07…2023-12,BUY_NOW,17,3,10.0,17,17,0.29411764705882354,0.4806201550387597,0.611954459203036,0.24478178368121442,1.101518026565465,0.4117647058823529,0.5736434108527132,0.717806041335453,-44.384721571207876,0.8443323016044321,-45.22905387281231,-97.63388900048064,-2.661620887909591,-96.7895566988762,-1.8172885863051587,-118.96536541078765,-8.50594405051687,6.272024490796623,-38.6233975425518,0.6467391304347826,0.0,0.69602043392737,28.0,0.0
TJS,5,2023-07…2023-12,BUY_NOW,17,3,25.0,17,17,0.35294117647058826,0.5193798449612403,0.6795434591747147,0.22651448639157154,1.1325724319578578,0.47058823529411764,0.6356589147286822,0.7403156384505021,-44.384721571207876,0.8443323016044321,-45.22905387281231,-97.63388900048064,-2.661620887909591,-96.7895566988762,-1.8172885863051587,-118.96536541078765,-8.50594405051687,6.272024490796623,-38.6233975425518,0.6467391304347826,0.0,0.69602043392737,28.0,0.0
TJS,5,2023-07…2023-12,BUY_NOW,17,3,50.0,17,17,0.4117647058823529,0.5968992248062015,0.6898395721925134,0.2956455309396486,1.0840336134453783,0.5294117647058824,0.7286821705426356,0.7265331664580726,-44.384721571207876,0.8443323016044321,-45.22905387281231,-97.63388900048064,-2.661620887909591,-96.7895566988762,-1.8172885863051587,-118.96536541078765,-8.50594405051687,6.272024490796623,-38.6233975425518,0.6467391304347826,0.0,0.69602043392737,28.0,0.0
TJS,5,2023-07…2023-12,BUY_NOW,17,5,0.0,17,17,0.17647058823529413,0.3333333333333333,0.5294117647058825,0.0,1.058823529411765,0.4117647058823529,0.5116279069767442,0.8048128342245988,-41.73764151605243,-1.3567943552337887,-40.38084716081864,-97.05306565256188,10.344875649165628,-98.40986000779567,8.98808129393184,-109.86178999660257,-6.50597142580686,8.964559778770854,-38.6233975425518,0.6467391304347826,0.0,0.69602043392737,28.0,0.0
TJS,5,2023-07…2023-12,BUY_NOW,17,5,10.0,17,17,0.23529411764705882,0.4186046511627907,0.5620915032679739,0.14052287581699346,1.1241830065359477,0.4117647058823529,0.5426356589147286,0.7588235294117647,-41.73764151605243,-1.3567943552337887,-40.38084716081864,-97.05306565256188,10.344875649165628,-98.40986000779567,8.98808129393184,-109.86178999660257,-6.50597142580686,8.964559778770854,-38.6233975425518,0.6467391304347826,0.0,0.69602043392737,28.0,0.0
TJS,5,2023-07…2023-12,BUY_NOW,17,5,25.0,17,17,0.29411764705882354,0.4496124031007752,0.6541582150101419,0.2616632860040568,1.1774847870182554,0.47058823529411764,0.5813953488372093,0.8094117647058823,-41.73764151605243,-1.3567943552337887,-40.38084716081864,-97.05306565256188,10.344875649165628,-98.40986000779567,8.98808129393184,-109.86178999660257,-6.50597142580686,8.964559778770854,-38.6233975425518,0.6467391304347826,0.0,0.69602043392737,28.0,0.0
TJS,5,2023-07…2023-12,BUY_NOW,17,5,50.0,17,17,0.35294117647058826,0.4883720930232558,0.7226890756302522,0.24089635854341737,1.204481792717087,0.47058823529411764,0.6356589147286822,0.7403156384505021,-41.73764151605243,-1.3567943552337887,-40.38084716081864,-97.05306565256188,10.344875649165628,-98.40986000779567,8.98808129393184,-109.86178999660257,-6.50597142580686,8.964559778770854,-38.6233975425518,0.6467391304347826,0.0,0.69602043392737,28.0,0.0
TJS,5,2023-07…2023-12,BUY_NOW,17,10,0.0,17,17,0.11764705882352941,0.17054263565891473,0.6898395721925134,0.0,1.7245989304812834,0.47058823529411764,0.5193798449612403,0.9060579455662862,-15.431000043108384,-6.624721135510256,-8.806278907598127,-92.87439198554004,77.15847814646249,-99.4991131210503,70.53375701095223,-101.72373312439628,50.749413736411014,18.499130887660378,-38.6233975425518,0.6467391304347826,0.0,0.69602043392737,28.0,0.0
TJS,5,2023-07…2023-12,BUY_NOW,17,10,10.0,17,17,0.23529411764705882,0.24806201550387597,0.9485294117647058,0.23713235294117646,1.8970588235294117,0.47058823529411764,0.5193798449612403,0.9060579455662862,-15.431000043108384,-6.624721135510256,-8.806278907598127,-92.87439198554004,77.15847814646249,-99.4991131210503,70.53375701095223,-101.72373312439628,50.749413736411014,18.499130887660378,-38.6233975425518,0.6467391304347826,0.0,0.69602043392737,28.0,0.0
TJS,5,2023-07…2023-12,BUY_NOW,17,10,25.0,17,17,0.29411764705882354,0.3023255813953488,0.9728506787330318,0.3891402714932127,1.7511312217194572,0.47058823529411764,0.5426356589147286,0.8672268907563025,-15.431000043108384,-6.624721135510256,-8.806278907598127,-92.87439198554004,77.15847814646249,-99.4991131210503,70.53375701095223,-101.72373312439628,50.749413736411014,18.499130887660378,-38.6233975425518,0.6467391304347826,0.0,0.69602043392737,28.0,0.0
TJS,5,2023-07…2023-12,BUY_NOW,17,10,50.0,17,17,0.29411764705882354,0.3643410852713178,0.807259073842303,0.32290362953692114,1.4530663329161453,0.5294117647058824,0.5891472868217055,0.8986068111455108,-15.431000043108384,-6.624721135510256,-8.806278907598127,-92.87439198554004,77.15847814646249,-99.4991131210503,70.53375701095223,-101.72373312439628,50.749413736411014,18.499130887660378,-38.6233975425518,0.6467391304347826,0.0,0.69602043392737,28.0,0.0
TJS,5,2023-07…2023-12,BUY_NOW,17,20,0.0,17,17,0.058823529411764705,0.11627906976744186,0.5058823529411764,0.0,1.5176470588235296,0.47058823529411764,0.5116279069767442,0.9197860962566844,25.252517496755758,-14.369798255992611,39.62231575274837,-73.27136052640824,153.1213878869603,-87.64115878240085,138.7515896309677,-151.3826972786125,176.36109158401283,23.85295365051714,-38.6233975425518,0.6467391304347826,0.0,0.69602043392737,28.0,0.0
TJS,5,2023-07…2023-12,BUY_NOW,17,20,10.0,17,17,0.17647058823529413,0.18604651162790697,0.948529411764706,0.0,1.897058823529412,0.47058823529411764,0.5116279069767442,0.9197860962566844,25.252517496755758,-14.369798255992611,39.62231575274837,-73.27136052640824,153.1213878869603,-87.64115878240085,138.7515896309677,-151.3826972786125,176.36109158401283,23.85295365051714,-38.6233975425518,0.6467391304347826,0.0,0.69602043392737,28.0,0.0
TJS,5,2023-07…2023-12,BUY_NOW,17,20,25.0,17,17,0.29411764705882354,0.24031007751937986,1.223908918406072,0.48956356736242884,2.20303605313093,0.5882352941176471,0.5426356589147286,1.0840336134453783,25.252517496755758,-14.369798255992611,39.62231575274837,-73.27136052640824,153.1213878869603,-87.64115878240085,138.7515896309677,-151.3826972786125,176.36109158401283,23.85295365051714,-38.6233975425518,0.6467391304347826,0.0,0.69602043392737,28.0,0.0
TJS,5,2023-07…2023-12,BUY_NOW,17,20,50.0,17,17,0.29411764705882354,0.27906976744186046,1.053921568627451,0.4215686274509804,1.897058823529412,0.5882352941176471,0.5426356589147286,1.0840336134453783,25.252517496755758,-14.369798255992611,39.62231575274837,-73.27136052640824,153.1213878869603,-87.64115878240085,138.7515896309677,-151.3826972786125,176.36109158401283,23.85295365051714,-38.6233975425518,0.6467391304347826,0.0,0.69602043392737,28.0,0.0
TJS,6,2024-01…2024-06,BUY_NOW,12,1,0.0,12,12,0.25,0.5128205128205128,0.48750000000000004,0.0,0.9750000000000001,0.25,0.5128205128205128,0.48750000000000004,-52.626858636854365,-0.2450485494214336,-52.38181008743293,-133.6068938614802,-5.843894672804483,-133.85194241090161,-6.088943222225916,-141.27748054021444,-8.297726731625795,3.7058609332481667,-22.273374205153036,0.46153846153846156,0.0,0.7542930382796663,37.0,0.16666666666666666
TJS,6,2024-01…2024-06,BUY_NOW,12,1,10.0,12,12,0.25,0.5726495726495726,0.4365671641791045,0.0,0.873134328358209,0.25,0.5726495726495726,0.4365671641791045,-52.626858636854365,-0.2450485494214336,-52.38181008743293,-133.6068938614802,-5.843894672804483,-133.85194241090161,-6.088943222225916,-141.27748054021444,-8.297726731625795,3.7058609332481667,-22.273374205153036,0.46153846153846156,0.0,0.7542930382796663,37.0,0.16666666666666666
TJS,6,2024-01…2024-06,BUY_NOW,12,1,25.0,12,12,0.8333333333333334,0.7521367521367521,1.1079545454545454,0.7755681818181819,1.3295454545454546,0.8333333333333334,0.7521367521367521,1.1079545454545454,-52.626858636854365,-0.2450485494214336,-52.38181008743293,-133.6068938614802,-5.843894672804483,-133.85194241090161,-6.088943222225916,-141.27748054021444,-8.297726731625795,3.7058609332481667,-22.273374205153036,0.46153846153846156,0.0,0.7542930382796663,37.0,0.16666666666666666
TJS,6,2024-01…2024-06,BUY_NOW,12,1,50.0,12,12,0.8333333333333334,0.8205128205128205,1.015625,0.7109375000000001,1.21875,0.8333333333333334,0.8205128205128205,1.015625,-52.626858636854365,-0.2450485494214336,-52.38181008743293,-133.6068938614802,-5.843894672804483,-133.85194241090161,-6.088943222225916,-141.27748054021444,-8.297726731625795,3.7058609332481667,-22.273374205153036,0.46153846153846156,0.0,0.7542930382796663,37.0,0.16666666666666666
TJS,6,2024-01…2024-06,BUY_NOW,12,3,0.0,12,12,0.25,0.3504273504273504,0.7134146341463415,0.0,1.426829268292683,0.3333333333333333,0.5128205128205128,0.65,-27.899799480612106,1.167738813870282,-29.06753829448239,-63.06337586286011,5.197320596621052,-61.89563704898983,6.365059410491334,-67.22586437358848,-2.2434365842018034,16.327769302350024,-22.273374205153036,0.46153846153846156,0.0,0.7542930382796663,37.0,0.16666666666666666
TJS,6,2024-01…2024-06,BUY_NOW,12,3,10.0,12,12,0.25,0.4188034188034188,0.596938775510204,0.0,1.193877551020408,0.3333333333333333,0.5470085470085471,0.6093749999999999,-27.899799480612106,1.167738813870282,-29.06753829448239,-63.06337586286011,5.197320596621052,-61.89563704898983,6.365059410491334,-67.22586437358848,-2.2434365842018034,16.327769302350024,-22.273374205153036,0.46153846153846156,0.0,0.7542930382796663,37.0,0.16666666666666666
TJS,6,2024-01…2024-06,BUY_NOW,12,3,25.0,12,12,0.3333333333333333,0.47863247863247865,0.6964285714285714,0.17410714285714285,1.21875,0.5,0.6239316239316239,0.8013698630136986,-27.899799480612106,1.167738813870282,-29.06753829448239,-63.06337586286011,5.197320596621052,-61.89563704898983,6.365059410491334,-67.22586437358848,-2.2434365842018034,16.327769302350024,-22.273374205153036,0.46153846153846156,0.0,0.7542930382796663,37.0,0.16666666666666666
TJS,6,2024-01…2024-06,BUY_NOW,12,3,50.0,12,12,0.5833333333333334,0.6239316239316239,0.9349315068493151,0.5342465753424657,1.3356164383561644,0.6666666666666666,0.7606837606837606,0.8764044943820225,-27.899799480612106,1.167738813870282,-29.06753829448239,-63.06337586286011,5.197320596621052,-61.89563704898983,6.365059410491334,-67.22586437358848,-2.2434365842018034,16.327769302350024,-22.273374205153036,0.46153846153846156,0.0,0.7542930382796663,37.0,0.16666666666666666
TJS,6,2024-01…2024-06,BUY_NOW,12,5,0.0,12,12,0.16666666666666666,0.28205128205128205,0.5909090909090908,0.0,1.4772727272727273,0.25,0.49572649572649574,0.5043103448275862,-24.940165653794534,3.2843525704186893,-28.224518224213224,-66.86316540805936,13.698197116836347,-63.57881283764067,16.982549687255037,-54.33303876015205,-1.4033430935405775,19.020722984693837,-22.273374205153036,0.46153846153846156,0.0,0.7542930382796663,37.0,0.16666666666666666
TJS,6,2024-01…2024-06,BUY_NOW,12,5,10.0,12,12,0.16666666666666666,0.3418803418803419,0.4875,0.0,1.21875,0.3333333333333333,0.5470085470085471,0.6093749999999999,-24.940165653794534,3.2843525704186893,-28.224518224213224,-66.86316540805936,13.698197116836347,-63.57881283764067,16.982549687255037,-54.33303876015205,-1.4033430935405775,19.020722984693837,-22.273374205153036,0.46153846153846156,0.0,0.7542930382796663,37.0,0.16666666666666666
TJS,6,2024-01…2024-06,BUY_NOW,12,5,25.0,12,12,0.25,0.38461538461538464,0.6499999999999999,0.0,1.2999999999999998,0.4166666666666667,0.6239316239316239,0.6678082191780822,-24.940165653794534,3.2843525704186893,-28.224518224213224,-66.86316540805936,13.698197116836347,-63.57881283764067,16.982549687255037,-54.33303876015205,-1.4033430935405775,19.020722984693837,-22.273374205153036,0.46153846153846156,0.0,0.7542930382796663,37.0,0.16666666666666666
TJS,6,2024-01…2024-06,BUY_NOW,12,5,50.0,12,12,0.25,0.5042735042735043,0.4957627118644068,0.0,0.9915254237288136,0.6666666666666666,0.7264957264957265,0.9176470588235294,-24.940165653794534,3.2843525704186893,-28.224518224213224,-66.86316540805936,13.698197116836347,-63.57881283764067,16.982549687255037,-54.33303876015205,-1.4033430935405775,19.020722984693837,-22.273374205153036,0.46153846153846156,0.0,0.7542930382796663,37.0,0.16666666666666666
TJS,6,2024-01…2024-06,BUY_NOW,12,10,0.0,12,12,0.08333333333333333,0.23931623931623933,0.3482142857142857,0.0,1.0446428571428572,0.3333333333333333,0.48717948717948717,0.6842105263157895,-34.707512448726995,8.875416221837805,-43.5829286705648,-88.07023830068977,6.4543394432619365,-79.19482207885196,15.329755665099741,-61.93021618228192,-15.906770308923686,17.657252857808672,-22.273374205153036,0.46153846153846156,0.0,0.7542930382796663,37.0,0.16666666666666666
TJS,6,2024-01…2024-06,BUY_NOW,12,10,10.0,12,12,0.08333333333333333,0.2905982905982906,0.2867647058823529,0.0,0.8602941176470588,0.3333333333333333,0.5213675213675214,0.6393442622950819,-34.707512448726995,8.875416221837805,-43.5829286705648,-88.07023830068977,6.4543394432619365,-79.19482207885196,15.329755665099741,-61.93021618228192,-15.906770308923686,17.657252857808672,-22.273374205153036,0.46153846153846156,0.0,0.7542930382796663,37.0,0.16666666666666666
TJS,6,2024-01…2024-06,BUY_NOW,12,10,25.0,12,12,0.16666666666666666,0.3162393162393162,0.527027027027027,0.0,1.3175675675675678,0.3333333333333333,0.5726495726495726,0.582089552238806,-34.707512448726995,8.875416221837805,-43.5829286705648,-88.07023830068977,6.4543394432619365,-79.19482207885196,15.329755665099741,-61.93021618228192,-15.906770308923686,17.657252857808672,-22.273374205153036,0.46153846153846156,0.0,0.7542930382796663,37.0,0.16666666666666666
TJS,6,2024-01…2024-06,BUY_NOW,12,10,50.0,12,12,0.16666666666666666,0.39316239316239315,0.42391304347826086,0.0,1.0597826086956523,0.4166666666666667,0.6410256410256411,0.65,-34.707512448726995,8.875416221837805,-43.5829286705648,-88.07023830068977,6.4543394432619365,-79.19482207885196,15.329755665099741,-61.93021618228192,-15.906770308923686,17.657252857808672,-22.273374205153036,0.46153846153846156,0.0,0.7542930382796663,37.0,0.16666666666666666
TJS,6,2024-01…2024-06,BUY_NOW,12,20,0.0,12,12,0.0,0.15384615384615385,0.0,0.0,0.0,0.3333333333333333,0.5299145299145299,0.6290322580645161,-29.256599800813103,16.838282384351277,-46.09488218516438,-98.23142420258289,8.29558048806392,-81.39314181823161,25.133862872415197,-62.44889653211698,20.48641077527902,19.92580347997236,-22.273374205153036,0.46153846153846156,0.0,0.7542930382796663,37.0,0.16666666666666666
TJS,6,2024-01…2024-06,BUY_NOW,12,20,10.0,12,12,0.0,0.1794871794871795,0.0,0.0,0.0,0.3333333333333333,0.5299145299145299,0.6290322580645161,-29.256599800813103,16.838282384351277,-46.09488218516438,-98.23142420258289,8.29558048806392,-81.39314181823161,25.133862872415197,-62.44889653211698,20.48641077527902,19.92580347997236,-22.273374205153036,0.46153846153846156,0.0,0.7542930382796663,37.0,0.16666666666666666
TJS,6,2024-01…2024-06,BUY_NOW,12,20,25.0,12,12,0.0,0.19658119658119658,0.0,0.0,0.0,0.3333333333333333,0.5555555555555556,0.6,-29.256599800813103,16.838282384351277,-46.09488218516438,-98.23142420258289,8.29558048806392,-81.39314181823161,25.133862872415197,-62.44889653211698,20.48641077527902,19.92580347997236,-22.273374205153036,0.46153846153846156,0.0,0.7542930382796663,37.0,0.16666666666666666
TJS,6,2024-01…2024-06,BUY_NOW,12,20,50.0,12,12,0.0,0.28205128205128205,0.0,0.0,0.0,0.5,0.5897435897435898,0.8478260869565217,-29.256599800813103,16.838282384351277,-46.09488218516438,-98.23142420258289,8.29558048806392,-81.39314181823161,25.133862872415197,-62.44889653211698,20.48641077527902,19.92580347997236,-22.273374205153036,0.46153846153846156,0.0,0.7542930382796663,37.0,0.16666666666666666
TJS,7,2024-07…2024-12,BUY_NOW,5,1,0.0,5,5,0.8,0.5801526717557252,1.3789473684210527,0.6894736842105263,1.723684210526316,0.8,0.5801526717557252,1.3789473684210527,37.542502061530094,10.62629200515131,26.916210056378784,-26.09297832107236,79.81124147464557,-15.46668631592105,90.43753347979688,10.848513321765065,88.03048848770533,12.69127188619801,132.28453993583057,0.19021739130434784,0.0,0.9622504486493763,80.0,0.3333333333333333
TJS,7,2024-07…2024-12,BUY_NOW,5,1,10.0,5,5,0.8,0.6717557251908397,1.190909090909091,0.5954545454545455,1.4886363636363635,0.8,0.6717557251908397,1.190909090909091,37.542502061530094,10.62629200515131,26.916210056378784,-26.09297832107236,79.81124147464557,-15.46668631592105,90.43753347979688,10.848513321765065,88.03048848770533,12.69127188619801,132.28453993583057,0.19021739130434784,0.0,0.9622504486493763,80.0,0.3333333333333333
TJS,7,2024-07…2024-12,BUY_NOW,5,1,25.0,5,5,0.8,0.7633587786259542,1.048,0.524,1.3099999999999998,0.8,0.7633587786259542,1.048,37.542502061530094,10.62629200515131,26.916210056378784,-26.09297832107236,79.81124147464557,-15.46668631592105,90.43753347979688,10.848513321765065,88.03048848770533,12.69127188619801,132.28453993583057,0.19021739130434784,0.0,0.9622504486493763,80.0,0.3333333333333333
TJS,7,2024-07…2024-12,BUY_NOW,5,1,50.0,5,5,0.8,0.8473282442748091,0.9441441441441443,0.47207207207207214,1.1801801801801801,0.8,0.8473282442748091,0.9441441441441443,37.542502061530094,10.62629200515131,26.916210056378784,-26.09297832107236,79.81124147464557,-15.46668631592105,90.43753347979688,10.848513321765065,88.03048848770533,12.69127188619801,132.28453993583057,0.19021739130434784,0.0,0.9622504486493763,80.0,0.3333333333333333
TJS,7,2024-07…2024-12,BUY_NOW,5,3,0.0,5,5,0.8,0.4580152671755725,1.7466666666666668,0.8733333333333334,2.1833333333333336,0.8,0.5572519083969466,1.4356164383561643,89.65982796702777,20.864679861233146,68.79514810579462,-71.71933827571958,220.86980835969598,-50.85465841448644,241.73448822092914,-11.129129834826406,272.1290192059495,36.798137524966855,132.28453993583057,0.19021739130434784,0.0,0.9622504486493763,80.0,0.3333333333333333
TJS,7,2024-07…2024-12,BUY_NOW,5,3,10.0,5,5,0.8,0.4961832061068702,1.6123076923076924,0.8061538461538462,2.0153846153846153,0.8,0.6412213740458015,1.2476190476190478,89.65982796702777,20.864679861233146,68.79514810579462,-71.71933827571958,220.86980835969598,-50.85465841448644,241.73448822092914,-11.129129834826406,272.1290192059495,36.798137524966855,132.28453993583057,0.19021739130434784,0.0,0.9622504486493763,80.0,0.3333333333333333
TJS,7,2024-07…2024-12,BUY_NOW,5,3,25.0,5,5,0.8,0.5877862595419847,1.3610389610389613,0.6805194805194806,1.7012987012987013,0.8,0.7251908396946565,1.1031578947368421,89.65982796702777,20.864679861233146,68.79514810579462,-71.71933827571958,220.86980835969598,-50.85465841448644,241.73448822092914,-11.129129834826406,272.1290192059495,36.798137524966855,132.28453993583057,0.19021739130434784,0.0,0.9622504486493763,80.0,0.3333333333333333
TJS,7,2024-07…2024-12,BUY_NOW,5,3,50.0,5,5,0.8,0.7175572519083969,1.1148936170212767,0.5574468085106383,1.3936170212765957,0.8,0.7938931297709924,1.0076923076923077,89.65982796702777,20.864679861233146,68.79514810579462,-71.71933827571958,220.86980835969598,-50.85465841448644,241.73448822092914,-11.129129834826406,272.1290192059495,36.798137524966855,132.28453993583057,0.19021739130434784,0.0,0.9622504486493763,80.0,0.3333333333333333
TJS,7,2024-07…2024-12,BUY_NOW,5,5,0.0,5,5,0.8,0.4198473282442748,1.9054545454545457,0.9527272727272729,2.381818181818182,0.8,0.6106870229007634,1.31,97.68599181573335,31.47642016460822,66.20957165112512,-65.52058407546086,196.28338422374,-34.04416391085264,227.75980438834821,-15.733648172224775,267.81545179767056,46.77669231498927,132.28453993583057,0.19021739130434784,0.0,0.9622504486493763,80.0,0.3333333333333333
TJS,7,2024-07…2024-12,BUY_NOW,5,5,10.0,5,5,0.8,0.4732824427480916,1.6903225806451614,0.8451612903225807,2.1129032258064515,0.8,0.6412213740458015,1.2476190476190478,97.68599181573335,31.47642016460822,66.20957165112512,-65.52058407546086,196.28338422374,-34.04416391085264,227.75980438834821,-15.733648172224775,267.81545179767056,46.77669231498927,132.28453993583057,0.19021739130434784,0.0,0.9622504486493763,80.0,0.3333333333333333
TJS,7,2024-07…2024-12,BUY_NOW,5,5,25.0,5,5,0.8,0.5343511450381679,1.4971428571428573,0.7485714285714287,1.8714285714285714,0.8,0.7099236641221374,1.1268817204301076,97.68599181573335,31.47642016460822,66.20957165112512,-65.52058407546086,196.28338422374,-34.04416391085264,227.75980438834821,-15.733648172224775,267.81545179767056,46.77669231498927,132.28453993583057,0.19021739130434784,0.0,0.9622504486493763,80.0,0.3333333333333333
TJS,7,2024-07…2024-12,BUY_NOW,5,5,50.0,5,5,0.8,0.6641221374045801,1.2045977011494253,0.6022988505747127,1.5057471264367817,0.8,0.7709923664122137,1.0376237623762377,97.68599181573335,31.47642016460822,66.20957165112512,-65.52058407546086,196.28338422374,-34.04416391085264,227.75980438834821,-15.733648172224775,267.81545179767056,46.77669231498927,132.28453993583057,0.19021739130434784,0.0,0.9622504486493763,80.0,0.3333333333333333
TJS,7,2024-07…2024-12,BUY_NOW,5,10,0.0,5,5,0.4,0.3435114503816794,1.1644444444444444,0.0,2.328888888888889,0.6,0.6412213740458015,0.9357142857142857,74.89401014159513,56.16007308229302,18.733937059302114,-147.86260271738809,200.85653954025378,-91.70252963509508,257.0166126225468,-42.28181361688825,298.4667117241288,32.7056730985904,132.28453993583057,0.19021739130434784,0.0,0.9622504486493763,80.0,0.3333333333333333
TJS,7,2024-07…2024-12,BUY_NOW,5,10,10.0,5,5,0.4,0.3816793893129771,1.048,0.0,2.096,0.6,0.6412213740458015,0.9357142857142857,74.89401014159513,56.16007308229302,18.733937059302114,-147.86260271738809,200.85653954025378,-91.70252963509508,257.0166126225468,-42.28181361688825,298.4667117241288,32.7056730985904,132.28453993583057,0.19021739130434784,0.0,0.9622504486493763,80.0,0.3333333333333333
TJS,7,2024-07…2024-12,BUY_NOW,5,10,25.0,5,5,0.4,0.44274809160305345,0.903448275862069,0.0,1.806896551724138,0.6,0.6870229007633588,0.8733333333333333,74.89401014159513,56.16007308229302,18.733937059302114,-147.86260271738809,200.85653954025378,-91.70252963509508,257.0166126225468,-42.28181361688825,298.4667117241288,32.7056730985904,132.28453993583057,0.19021739130434784,0.0,0.9622504486493763,80.0,0.3333333333333333
TJS,7,2024-07…2024-12,BUY_NOW,5,10,50.0,5,5,0.4,0.549618320610687,0.7277777777777777,0.0,1.4555555555555555,0.8,0.7251908396946565,1.1031578947368421,74.89401014159513,56.16007308229302,18.733937059302114,-147.86260271738809,200.85653954025378,-91.70252963509508,257.0166126225468,-42.28181361688825,298.4667117241288,32.7056730985904,132.28453993583057,0.19021739130434784,0.0,0.9622504486493763,80.0,0.3333333333333333
TJS,7,2024-07…2024-12,BUY_NOW,5,20,0.0,5,5,0.4,0.21374045801526717,1.8714285714285717,0.0,3.7428571428571433,0.6,0.648854961832061,0.9247058823529412,166.6277532993563,95.96472466495561,70.66302863440069,-147.84935130334995,289.2553472161773,-51.884626638394344,385.2200718811329,-51.88462663839432,385.2200718811329,63.81692779696889,132.28453993583057,0.19021739130434784,0.0,0.9622504486493763,80.0,0.3333333333333333
TJS,7,2024-07…2024-12,BUY_NOW,5,20,10.0,5,5,0.4,0.25190839694656486,1.5878787878787881,0.0,3.1757575757575762,0.6,0.6564885496183206,0.913953488372093,166.6277532993563,95.96472466495561,70.66302863440069,-147.84935130334995,289.2553472161773,-51.884626638394344,385.2200718811329,-51.88462663839432,385.2200718811329,63.81692779696889,132.28453993583057,0.19021739130434784,0.0,0.9622504486493763,80.0,0.3333333333333333
TJS,7,2024-07…2024-12,BUY_NOW,5,20,25.0,5,5,0.4,0.29770992366412213,1.3435897435897437,0.0,2.6871794871794874,0.8,0.6717557251908397,1.190909090909091,166.6277532993563,95.96472466495561,70.66302863440069,-147.84935130334995,289.2553472161773,-51.884626638394344,385.2200718811329,-51.88462663839432,385.2200718811329,63.81692779696889,132.28453993583057,0.19021739130434784,0.0,0.9622504486493763,80.0,0.3333333333333333
TJS,7,2024-07…2024-12,BUY_NOW,5,20,50.0,5,5,0.4,0.3893129770992366,1.027450980392157,0.0,2.054901960784314,0.8,0.732824427480916,1.0916666666666668,166.6277532993563,95.96472466495561,70.66302863440069,-147.84935130334995,289.2553472161773,-51.884626638394344,385.2200718811329,-51.88462663839432,385.2200718811329,63.81692779696889,132.28453993583057,0.19021739130434784,0.0,0.9622504486493763,80.0,0.3333333333333333
TJS,8,2025-01…2025-06,BUY_NOW,17,1,0.0,17,17,0.4117647058823529,0.49572649572649574,0.8306288032454361,0.35598377281947263,1.3052738336713996,0.4117647058823529,0.49572649572649574,0.8306288032454361,-57.01960822431502,-13.226345670018512,-43.79326255429651,-91.6904121198922,3.4419469051426166,-104.91675778991072,-9.784398764875895,-122.03515714939603,31.723070401719465,-1.4688697510971185,-95.55083133174627,0.6574585635359116,0.0,0.3926422570823598,20.0,0.0
TJS,8,2025-01…2025-06,BUY_NOW,17,1,10.0,17,17,0.4117647058823529,0.5042735042735043,0.8165503489531406,0.349950149551346,1.2831505483549352,0.4117647058823529,0.5042735042735043,0.8165503489531406,-57.01960822431502,-13.226345670018512,-43.79326255429651,-91.6904121198922,3.4419469051426166,-104.91675778991072,-9.784398764875895,-122.03515714939603,31.723070401719465,-1.4688697510971185,-95.55083133174627,0.6574585635359116,0.0,0.3926422570823598,20.0,0.0
TJS,8,2025-01…2025-06,BUY_NOW,17,1,25.0,17,17,0.47058823529411764,0.5897435897435898,0.7979539641943734,0.3989769820971867,1.19693094629156,0.47058823529411764,0.5897435897435898,0.7979539641943734,-57.01960822431502,-13.226345670018512,-43.79326255429651,-91.6904121198922,3.4419469051426166,-104.91675778991072,-9.784398764875895,-122.03515714939603,31.723070401719465,-1.4688697510971185,-95.55083133174627,0.6574585635359116,0.0,0.3926422570823598,20.0,0.0
TJS,8,2025-01…2025-06,BUY_NOW,17,1,50.0,17,17,0.47058823529411764,0.717948717948718,0.6554621848739496,0.3277310924369748,0.9831932773109244,0.47058823529411764,0.717948717948718,0.6554621848739496,-57.01960822431502,-13.226345670018512,-43.79326255429651,-91.6904121198922,3.4419469051426166,-104.91675778991072,-9.784398764875895,-122.03515714939603,31.723070401719465,-1.4688697510971185,-95.55083133174627,0.6574585635359116,0.0,0.3926422570823598,20.0,0.0
TJS,8,2025-01…2025-06,BUY_NOW,17,3,0.0,17,17,0.17647058823529413,0.3076923076923077,0.5735294117647058,0.0,1.1470588235294117,0.29411764705882354,0.452991452991453,0.6492785793562709,-75.33342885501396,-25.67608422696345,-49.65734462805051,-122.55377617249557,19.07489482122202,-148.22986039945903,-6.60118940574143,-151.8227856550615,23.449827766878904,-10.946823550252489,-95.55083133174627,0.6574585635359116,0.0,0.3926422570823598,20.0,0.0
TJS,8,2025-01…2025-06,BUY_NOW,17,3,10.0,17,17,0.17647058823529413,0.3333333333333333,0.5294117647058825,0.0,1.058823529411765,0.29411764705882354,0.48717948717948717,0.6037151702786379,-75.33342885501396,-25.67608422696345,-49.65734462805051,-122.55377617249557,19.07489482122202,-148.22986039945903,-6.60118940574143,-151.8227856550615,23.449827766878904,-10.946823550252489,-95.55083133174627,0.6574585635359116,0.0,0.3926422570823598,20.0,0.0
TJS,8,2025-01…2025-06,BUY_NOW,17,3,25.0,17,17,0.23529411764705882,0.4017094017094017,0.5857321652065081,0.14643304130162701,1.1714643304130161,0.35294117647058826,0.5384615384615384,0.6554621848739497,-75.33342885501396,-25.67608422696345,-49.65734462805051,-122.55377617249557,19.07489482122202,-148.22986039945903,-6.60118940574143,-151.8227856550615,23.449827766878904,-10.946823550252489,-95.55083133174627,0.6574585635359116,0.0,0.3926422570823598,20.0,0.0
TJS,8,2025-01…2025-06,BUY_NOW,17,3,50.0,17,17,0.23529411764705882,0.48717948717948717,0.48297213622291024,0.12074303405572756,0.9659442724458205,0.4117647058823529,0.6239316239316239,0.6599516518936341,-75.33342885501396,-25.67608422696345,-49.65734462805051,-122.55377617249557,19.07489482122202,-148.22986039945903,-6.60118940574143,-151.8227856550615,23.449827766878904,-10.946823550252489,-95.55083133174627,0.6574585635359116,0.0,0.3926422570823598,20.0,0.0
TJS,8,2025-01…2025-06,BUY_NOW,17,5,0.0,17,17,0.17647058823529413,0.26495726495726496,0.6660341555977229,0.0,1.3320683111954459,0.29411764705882354,0.4358974358974359,0.6747404844290658,-85.15388543261079,-38.220062010811844,-46.93382342179895,-132.1338271572733,34.58861802884055,-170.35388916808515,-3.631443981971292,-164.10769998939855,13.794032345217063,-1.22942264773345,-95.55083133174627,0.6574585635359116,0.0,0.3926422570823598,20.0,0.0
TJS,8,2025-01…2025-06,BUY_NOW,17,5,10.0,17,17,0.17647058823529413,0.28205128205128205,0.625668449197861,0.0,1.251336898395722,0.35294117647058826,0.47863247863247865,0.7373949579831933,-85.15388543261079,-38.220062010811844,-46.93382342179895,-132.1338271572733,34.58861802884055,-170.35388916808515,-3.631443981971292,-164.10769998939855,13.794032345217063,-1.22942264773345,-95.55083133174627,0.6574585635359116,0.0,0.3926422570823598,20.0,0.0
TJS,8,2025-01…2025-06,BUY_NOW,17,5,25.0,17,17,0.23529411764705882,0.3333333333333333,0.7058823529411765,0.17647058823529413,1.411764705882353,0.35294117647058826,0.5470085470085471,0.645220588235294,-85.15388543261079,-38.220062010811844,-46.93382342179895,-132.1338271572733,34.58861802884055,-170.35388916808515,-3.631443981971292,-164.10769998939855,13.794032345217063,-1.22942264773345,-95.55083133174627,0.6574585635359116,0.0,0.3926422570823598,20.0,0.0
TJS,8,2025-01…2025-06,BUY_NOW,17,5,50.0,17,17,0.23529411764705882,0.4188034188034188,0.5618247298919568,0.1404561824729892,1.1236494597839135,0.4117647058823529,0.6068376068376068,0.6785418392709196,-85.15388543261079,-38.220062010811844,-46.93382342179895,-132.1338271572733,34.58861802884055,-170.35388916808515,-3.631443981971292,-164.10769998939855,13.794032345217063,-1.22942264773345,-95.55083133174627,0.6574585635359116,0.0,0.3926422570823598,20.0,0.0
TJS,8,2025-01…2025-06,BUY_NOW,17,10,0.0,17,17,0.17647058823529413,0.20512820512820512,0.8602941176470589,0.0,1.7205882352941178,0.35294117647058826,0.42735042735042733,0.8258823529411765,-104.74444116867441,-67.38616713893451,-37.3582740297399,-163.18144719290154,72.06167801592075,-230.56761433183604,4.675510876986237,-210.75444805679888,27.7600687713769,8.140729592065657,-95.55083133174627,0.6574585635359116,0.0,0.3926422570823598,20.0,0.0
TJS,8,2025-01…2025-06,BUY_NOW,17,10,10.0,17,17,0.17647058823529413,0.21367521367521367,0.8258823529411765,0.0,1.651764705882353,0.35294117647058826,0.4358974358974359,0.809688581314879,-104.74444116867441,-67.38616713893451,-37.3582740297399,-163.18144719290154,72.06167801592075,-230.56761433183604,4.675510876986237,-210.75444805679888,27.7600687713769,8.140729592065657,-95.55083133174627,0.6574585635359116,0.0,0.3926422570823598,20.0,0.0
TJS,8,2025-01…2025-06,BUY_NOW,17,10,25.0,17,17,0.23529411764705882,0.24786324786324787,0.9492900608519269,0.23732251521298173,1.8985801217038538,0.47058823529411764,0.49572649572649574,0.9492900608519269,-104.74444116867441,-67.38616713893451,-37.3582740297399,-163.18144719290154,72.06167801592075,-230.56761433183604,4.675510876986237,-210.75444805679888,27.7600687713769,8.140729592065657,-95.55083133174627,0.6574585635359116,0.0,0.3926422570823598,20.0,0.0
TJS,8,2025-01…2025-06,BUY_NOW,17,10,50.0,17,17,0.23529411764705882,0.3076923076923077,0.7647058823529411,0.19117647058823528,1.5294117647058822,0.47058823529411764,0.5641025641025641,0.8342245989304813,-104.74444116867441,-67.38616713893451,-37.3582740297399,-163.18144719290154,72.06167801592075,-230.56761433183604,4.675510876986237,-210.75444805679888,27.7600687713769,8.140729592065657,-95.55083133174627,0.6574585635359116,0.0,0.3926422570823598,20.0,0.0
TJS,8,2025-01…2025-06,BUY_NOW,17,20,0.0,17,17,0.17647058823529413,0.1452991452991453,1.2145328719723183,0.0,2.4290657439446366,0.35294117647058826,0.4188034188034188,0.8427370948379352,-147.08611899322506,-112.63640534071882,-34.44971365250623,-183.41212751605767,102.47672026097463,-296.0485328567765,-10.159685079744193,-335.5950296360373,52.882248601947985,29.047815299456406,-95.55083133174627,0.6574585635359116,0.0,0.3926422570823598,20.0,0.0
TJS,8,2025-01…2025-06,BUY_NOW,17,20,10.0,17,17,0.17647058823529413,0.1452991452991453,1.2145328719723183,0.0,2.4290657439446366,0.35294117647058826,0.4444444444444444,0.7941176470588236,-147.08611899322506,-112.63640534071882,-34.44971365250623,-183.41212751605767,102.47672026097463,-296.0485328567765,-10.159685079744193,-335.5950296360373,52.882248601947985,29.047815299456406,-95.55083133174627,0.6574585635359116,0.0,0.3926422570823598,20.0,0.0
TJS,8,2025-01…2025-06,BUY_NOW,17,20,25.0,17,17,0.23529411764705882,0.19658119658119658,1.19693094629156,0.29923273657289,2.39386189258312,0.4117647058823529,0.4700854700854701,0.8759358288770053,-147.08611899322506,-112.63640534071882,-34.44971365250623,-183.41212751605767,102.47672026097463,-296.0485328567765,-10.159685079744193,-335.5950296360373,52.882248601947985,29.047815299456406,-95.55083133174627,0.6574585635359116,0.0,0.3926422570823598,20.0,0.0
TJS,8,2025-01…2025-06,BUY_NOW,17,20,50.0,17,17,0.23529411764705882,0.2222222222222222,1.0588235294117647,0.2647058823529412,2.1176470588235294,0.47058823529411764,0.49572649572649574,0.9492900608519269,-147.08611899322506,-112.63640534071882,-34.44971365250623,-183.41212751605767,102.47672026097463,-296.0485328567765,-10.159685079744193,-335.5950296360373,52.882248601947985,29.047815299456406,-95.55083133174627,0.6574585635359116,0.0,0.3926422570823598,20.0,0.0
TJS,9,2025-07…2025-12,BUY_NOW,5,1,0.0,5,5,0.2,0.5076923076923077,0.393939393939394,0.0,1.1818181818181819,0.2,0.5076923076923077,0.393939393939394,-69.37222772773133,4.874504935801267,-74.2467326635326,-151.41104251063925,-20.447375597112675,-146.53653757483798,-15.57287066131141,-146.53653757483798,-15.57287066131141,-41.017587167297314,-163.6560055467158,0.19021739130434784,0.0,0.050102286707364066,40.0,0.16666666666666666
TJS,9,2025-07…2025-12,BUY_NOW,5,1,10.0,5,5,0.2,0.5692307692307692,0.35135135135135137,0.0,1.0540540540540542,0.2,0.5692307692307692,0.35135135135135137,-69.37222772773133,4.874504935801267,-74.2467326635326,-151.41104251063925,-20.447375597112675,-146.53653757483798,-15.57287066131141,-146.53653757483798,-15.57287066131141,-41.017587167297314,-163.6560055467158,0.19021739130434784,0.0,0.050102286707364066,40.0,0.16666666666666666
TJS,9,2025-07…2025-12,BUY_NOW,5,1,25.0,5,5,0.4,0.676923076923077,0.5909090909090909,0.0,1.1818181818181819,0.4,0.676923076923077,0.5909090909090909,-69.37222772773133,4.874504935801267,-74.2467326635326,-151.41104251063925,-20.447375597112675,-146.53653757483798,-15.57287066131141,-146.53653757483798,-15.57287066131141,-41.017587167297314,-163.6560055467158,0.19021739130434784,0.0,0.050102286707364066,40.0,0.16666666666666666
TJS,9,2025-07…2025-12,BUY_NOW,5,1,50.0,5,5,0.6,0.8307692307692308,0.7222222222222222,0.24074074074074073,1.2037037037037037,0.6,0.8307692307692308,0.7222222222222222,-69.37222772773133,4.874504935801267,-74.2467326635326,-151.41104251063925,-20.447375597112675,-146.53653757483798,-15.57287066131141,-146.53653757483798,-15.57287066131141,-41.017587167297314,-163.6560055467158,0.19021739130434784,0.0,0.050102286707364066,40.0,0.16666666666666666
TJS,9,2025-07…2025-12,BUY_NOW,5,3,0.0,5,5,0.0,0.36153846153846153,0.0,0.0,0.0,0.2,0.5307692307692308,0.37681159420289856,-55.80056509228881,9.29726534962248,-65.09783044191128,-151.92708399277143,-9.24529338048195,-142.62981864314895,0.05197196914052995,-142.62981864314895,0.05197196914052995,-57.94390970445052,-163.6560055467158,0.19021739130434784,0.0,0.050102286707364066,40.0,0.16666666666666666
TJS,9,2025-07…2025-12,BUY_NOW,5,3,10.0,5,5,0.0,0.4,0.0,0.0,0.0,0.4,0.5615384615384615,0.7123287671232877,-55.80056509228881,9.29726534962248,-65.09783044191128,-151.92708399277143,-9.24529338048195,-142.62981864314895,0.05197196914052995,-142.62981864314895,0.05197196914052995,-57.94390970445052,-163.6560055467158,0.19021739130434784,0.0,0.050102286707364066,40.0,0.16666666666666666
TJS,9,2025-07…2025-12,BUY_NOW,5,3,25.0,5,5,0.0,0.46153846153846156,0.0,0.0,0.0,0.4,0.6153846153846154,0.65,-55.80056509228881,9.29726534962248,-65.09783044191128,-151.92708399277143,-9.24529338048195,-142.62981864314895,0.05197196914052995,-142.62981864314895,0.05197196914052995,-57.94390970445052,-163.6560055467158,0.19021739130434784,0.0,0.050102286707364066,40.0,0.16666666666666666
TJS,9,2025-07…2025-12,BUY_NOW,5,3,50.0,5,5,0.4,0.5692307692307692,0.7027027027027027,0.0,1.4054054054054055,0.8,0.7538461538461538,1.0612244897959184,-55.80056509228881,9.29726534962248,-65.09783044191128,-151.92708399277143,-9.24529338048195,-142.62981864314895,0.05197196914052995,-142.62981864314895,0.05197196914052995,-57.94390970445052,-163.6560055467158,0.19021739130434784,0.0,0.050102286707364066,40.0,0.16666666666666666
TJS,9,2025-07…2025-12,BUY_NOW,5,5,0.0,5,5,0.0,0.3076923076923077,0.0,0.0,0.0,0.2,0.5538461538461539,0.3611111111111111,-81.10894330420892,12.875036926855215,-93.98398023106414,-193.02834331072106,1.5977987115955017,-180.15330638386584,14.472835638450716,-180.15330638386584,14.472835638450716,-76.77996215824324,-163.6560055467158,0.19021739130434784,0.0,0.050102286707364066,40.0,0.16666666666666666
TJS,9,2025-07…2025-12,BUY_NOW,5,5,10.0,5,5,0.0,0.35384615384615387,0.0,0.0,0.0,0.2,0.5615384615384615,0.35616438356164387,-81.10894330420892,12.875036926855215,-93.98398023106414,-193.02834331072106,1.5977987115955017,-180.15330638386584,14.472835638450716,-180.15330638386584,14.472835638450716,-76.77996215824324,-163.6560055467158,0.19021739130434784,0.0,0.050102286707364066,40.0,0.16666666666666666
TJS,9,2025-07…2025-12,BUY_NOW,5,5,25.0,5,5,0.0,0.4153846153846154,0.0,0.0,0.0,0.2,0.5923076923076923,0.33766233766233766,-81.10894330420892,12.875036926855215,-93.98398023106414,-193.02834331072106,1.5977987115955017,-180.15330638386584,14.472835638450716,-180.15330638386584,14.472835638450716,-76.77996215824324,-163.6560055467158,0.19021739130434784,0.0,0.050102286707364066,40.0,0.16666666666666666
TJS,9,2025-07…2025-12,BUY_NOW,5,5,50.0,5,5,0.2,0.49230769230769234,0.40625,0.0,1.2187499999999998,0.4,0.6538461538461539,0.611764705882353,-81.10894330420892,12.875036926855215,-93.98398023106414,-193.02834331072106,1.5977987115955017,-180.15330638386584,14.472835638450716,-180.15330638386584,14.472835638450716,-76.77996215824324,-163.6560055467158,0.19021739130434784,0.0,0.050102286707364066,40.0,0.16666666666666666
TJS,9,2025-07…2025-12,BUY_NOW,5,10,0.0,5,5,0.0,0.2076923076923077,0.0,0.0,0.0,0.2,0.4846153846153846,0.41269841269841273,-81.8382175240826,19.48535300660457,-101.32357053068716,-243.28458014652796,75.02183647404361,-223.7992271399234,94.50718948064818,-223.7992271399234,94.50718948064818,-68.90830246547308,-163.6560055467158,0.19021739130434784,0.0,0.050102286707364066,40.0,0.16666666666666666
TJS,9,2025-07…2025-12,BUY_NOW,5,10,10.0,5,5,0.0,0.24615384615384617,0.0,0.0,0.0,0.2,0.5076923076923077,0.393939393939394,-81.8382175240826,19.48535300660457,-101.32357053068716,-243.28458014652796,75.02183647404361,-223.7992271399234,94.50718948064818,-223.7992271399234,94.50718948064818,-68.90830246547308,-163.6560055467158,0.19021739130434784,0.0,0.050102286707364066,40.0,0.16666666666666666
TJS,9,2025-07…2025-12,BUY_NOW,5,10,25.0,5,5,0.0,0.27692307692307694,0.0,0.0,0.0,0.2,0.5615384615384615,0.35616438356164387,-81.8382175240826,19.48535300660457,-101.32357053068716,-243.28458014652796,75.02183647404361,-223.7992271399234,94.50718948064818,-223.7992271399234,94.50718948064818,-68.90830246547308,-163.6560055467158,0.19021739130434784,0.0,0.050102286707364066,40.0,0.16666666666666666
TJS,9,2025-07…2025-12,BUY_NOW,5,10,50.0,5,5,0.2,0.3384615384615385,0.5909090909090909,0.0,1.7727272727272725,0.2,0.6230769230769231,0.3209876543209877,-81.8382175240826,19.48535300660457,-101.32357053068716,-243.28458014652796,75.02183647404361,-223.7992271399234,94.50718948064818,-223.7992271399234,94.50718948064818,-68.90830246547308,-163.6560055467158,0.19021739130434784,0.0,0.050102286707364066,40.0,0.16666666666666666
TJS,9,2025-07…2025-12,BUY_NOW,5,20,0.0,5,5,0.0,0.14615384615384616,0.0,0.0,0.0,0.4,0.5384615384615384,0.7428571428571429,-24.99271311754025,24.64574363935889,-49.638456756899146,-218.7124885819506,126.0213971152281,-194.0667449425917,150.667140754587,-194.0667449425917,150.667140754587,-73.58359520717238,-163.6560055467158,0.19021739130434784,0.0,0.050102286707364066,40.0,0.16666666666666666
TJS,9,2025-07…2025-12,BUY_NOW,5,20,10.0,5,5,0.0,0.17692307692307693,0.0,0.0,0.0,0.4,0.5461538461538461,0.7323943661971832,-24.99271311754025,24.64574363935889,-49.638456756899146,-218.7124885819506,126.0213971152281,-194.0667449425917,150.667140754587,-194.0667449425917,150.667140754587,-73.58359520717238,-163.6560055467158,0.19021739130434784,0.0,0.050102286707364066,40.0,0.16666666666666666
TJS,9,2025-07…2025-12,BUY_NOW,5,20,25.0,5,5,0.0,0.2,0.0,0.0,0.0,0.4,0.5692307692307692,0.7027027027027027,-24.99271311754025,24.64574363935889,-49.638456756899146,-218.7124885819506,126.0213971152281,-194.0667449425917,150.667140754587,-194.0667449425917,150.667140754587,-73.58359520717238,-163.6560055467158,0.19021739130434784,0.0,0.050102286707364066,40.0,0.16666666666666666
TJS,9,2025-07…2025-12,BUY_NOW,5,20,50.0,5,5,0.2,0.23846153846153847,0.8387096774193549,0.0,2.5161290322580645,0.4,0.6076923076923076,0.6582278481012659,-24.99271311754025,24.64574363935889,-49.638456756899146,-218.7124885819506,126.0213971152281,-194.0667449425917,150.667140754587,-194.0667449425917,150.667140754587,-73.58359520717238,-163.6560055467158,0.19021739130434784,0.0,0.050102286707364066,40.0,0.16666666666666666
TJS,10,2026-01…2026-06,BUY_NOW,13,1,0.0,13,13,0.46153846153846156,0.49572649572649574,0.9310344827586207,0.46551724137931033,1.396551724137931,0.46153846153846156,0.49572649572649574,0.9310344827586207,2.220082002212585,0.353865427151634,1.866216575060951,-25.35564107986099,31.34338158610418,-25.001775652709355,31.697247013255815,-24.30002457716836,29.810094270311264,26.65749166016405,-1.494908183557256,0.5027624309392265,0.0,0.9296360795045204,49.0,0.16666666666666666
TJS,10,2026-01…2026-06,BUY_NOW,13,1,10.0,13,13,0.5384615384615384,0.5384615384615384,1.0,0.4285714285714286,1.4285714285714288,0.5384615384615384,0.5384615384615384,1.0,2.220082002212585,0.353865427151634,1.866216575060951,-25.35564107986099,31.34338158610418,-25.001775652709355,31.697247013255815,-24.30002457716836,29.810094270311264,26.65749166016405,-1.494908183557256,0.5027624309392265,0.0,0.9296360795045204,49.0,0.16666666666666666
TJS,10,2026-01…2026-06,BUY_NOW,13,1,25.0,13,13,0.7692307692307693,0.6153846153846154,1.25,0.8749999999999999,1.625,0.7692307692307693,0.6153846153846154,1.25,2.220082002212585,0.353865427151634,1.866216575060951,-25.35564107986099,31.34338158610418,-25.001775652709355,31.697247013255815,-24.30002457716836,29.810094270311264,26.65749166016405,-1.494908183557256,0.5027624309392265,0.0,0.9296360795045204,49.0,0.16666666666666666
TJS,10,2026-01…2026-06,BUY_NOW,13,1,50.0,13,13,0.8461538461538461,0.7350427350427351,1.1511627906976742,0.8372093023255813,1.3604651162790697,0.8461538461538461,0.7350427350427351,1.1511627906976742,2.220082002212585,0.353865427151634,1.866216575060951,-25.35564107986099,31.34338158610418,-25.001775652709355,31.697247013255815,-24.30002457716836,29.810094270311264,26.65749166016405,-1.494908183557256,0.5027624309392265,0.0,0.9296360795045204,49.0,0.16666666666666666
TJS,10,2026-01…2026-06,BUY_NOW,13,3,0.0,13,13,0.46153846153846156,0.3504273504273504,1.3170731707317074,0.6585365853658537,1.975609756097561,0.5384615384615384,0.47863247863247865,1.125,22.28300985068065,0.3319014120378486,21.9511084386428,-23.951362554363048,68.10063430855192,-23.6194611423252,68.43253572058977,-16.718134230400953,71.35788335209791,54.50765952031934,-1.494908183557256,0.5027624309392265,0.0,0.9296360795045204,49.0,0.16666666666666666
TJS,10,2026-01…2026-06,BUY_NOW,13,3,10.0,13,13,0.46153846153846156,0.358974358974359,1.2857142857142858,0.6428571428571429,1.9285714285714286,0.5384615384615384,0.5128205128205128,1.05,22.28300985068065,0.3319014120378486,21.9511084386428,-23.951362554363048,68.10063430855192,-23.6194611423252,68.43253572058977,-16.718134230400953,71.35788335209791,54.50765952031934,-1.494908183557256,0.5027624309392265,0.0,0.9296360795045204,49.0,0.16666666666666666
TJS,10,2026-01…2026-06,BUY_NOW,13,3,25.0,13,13,0.46153846153846156,0.4188034188034188,1.1020408163265307,0.5510204081632654,1.6530612244897958,0.6923076923076923,0.5811965811965812,1.1911764705882353,22.28300985068065,0.3319014120378486,21.9511084386428,-23.951362554363048,68.10063430855192,-23.6194611423252,68.43253572058977,-16.718134230400953,71.35788335209791,54.50765952031934,-1.494908183557256,0.5027624309392265,0.0,0.9296360795045204,49.0,0.16666666666666666
TJS,10,2026-01…2026-06,BUY_NOW,13,3,50.0,13,13,0.5384615384615384,0.49572649572649574,1.086206896551724,0.6206896551724138,1.5517241379310345,0.7692307692307693,0.6324786324786325,1.2162162162162162,22.28300985068065,0.3319014120378486,21.9511084386428,-23.951362554363048,68.10063430855192,-23.6194611423252,68.43253572058977,-16.718134230400953,71.35788335209791,54.50765952031934,-1.494908183557256,0.5027624309392265,0.0,0.9296360795045204,49.0,0.16666666666666666
TJS,10,2026-01…2026-06,BUY_NOW,13,5,0.0,13,13,0.3076923076923077,0.27350427350427353,1.125,0.28125,1.9687499999999998,0.5384615384615384,0.5213675213675214,1.0327868852459015,15.826314249302975,0.3391630826619502,15.487151166641025,-41.32628974286321,75.80631908136083,-40.98712666020126,76.14548216402278,-18.173768146367028,62.190062970671164,56.349357571123726,-1.494908183557256,0.5027624309392265,0.0,0.9296360795045204,49.0,0.16666666666666666
TJS,10,2026-01…2026-06,BUY_NOW,13,5,10.0,13,13,0.3076923076923077,0.28205128205128205,1.090909090909091,0.27272727272727276,1.909090909090909,0.5384615384615384,0.5384615384615384,1.0,15.826314249302975,0.3391630826619502,15.487151166641025,-41.32628974286321,75.80631908136083,-40.98712666020126,76.14548216402278,-18.173768146367028,62.190062970671164,56.349357571123726,-1.494908183557256,0.5027624309392265,0.0,0.9296360795045204,49.0,0.16666666666666666
TJS,10,2026-01…2026-06,BUY_NOW,13,5,25.0,13,13,0.3076923076923077,0.3247863247863248,0.9473684210526316,0.2368421052631579,1.657894736842105,0.6923076923076923,0.5811965811965812,1.1911764705882353,15.826314249302975,0.3391630826619502,15.487151166641025,-41.32628974286321,75.80631908136083,-40.98712666020126,76.14548216402278,-18.173768146367028,62.190062970671164,56.349357571123726,-1.494908183557256,0.5027624309392265,0.0,0.9296360795045204,49.0,0.16666666666666666
TJS,10,2026-01…2026-06,BUY_NOW,13,5,50.0,13,13,0.46153846153846156,0.4358974358974359,1.0588235294117647,0.5294117647058824,1.588235294117647,0.6923076923076923,0.6068376068376068,1.1408450704225352,15.826314249302975,0.3391630826619502,15.487151166641025,-41.32628974286321,75.80631908136083,-40.98712666020126,76.14548216402278,-18.173768146367028,62.190062970671164,56.349357571123726,-1.494908183557256,0.5027624309392265,0.0,0.9296360795045204,49.0,0.16666666666666666
TJS,10,2026-01…2026-06,BUY_NOW,13,10,0.0,13,13,0.15384615384615385,0.2222222222222222,0.6923076923076924,0.0,1.730769230769231,0.6153846153846154,0.47863247863247865,1.2857142857142858,15.363451180322624,0.5953112824386947,14.768139897883929,-55.66458263885676,87.17230422746692,-55.069271356418064,87.76761550990562,-32.025012107713906,90.63688380496575,75.21417313924766,-1.494908183557256,0.5027624309392265,0.0,0.9296360795045204,49.0,0.16666666666666666
TJS,10,2026-01…2026-06,BUY_NOW,13,10,10.0,13,13,0.23076923076923078,0.23931623931623933,0.9642857142857143,0.0,1.9285714285714286,0.6153846153846154,0.48717948717948717,1.2631578947368423,15.363451180322624,0.5953112824386947,14.768139897883929,-55.66458263885676,87.17230422746692,-55.069271356418064,87.76761550990562,-32.025012107713906,90.63688380496575,75.21417313924766,-1.494908183557256,0.5027624309392265,0.0,0.9296360795045204,49.0,0.16666666666666666
TJS,10,2026-01…2026-06,BUY_NOW,13,10,25.0,13,13,0.23076923076923078,0.27350427350427353,0.84375,0.0,1.6875,0.6153846153846154,0.5128205128205128,1.2000000000000002,15.363451180322624,0.5953112824386947,14.768139897883929,-55.66458263885676,87.17230422746692,-55.069271356418064,87.76761550990562,-32.025012107713906,90.63688380496575,75.21417313924766,-1.494908183557256,0.5027624309392265,0.0,0.9296360795045204,49.0,0.16666666666666666
TJS,10,2026-01…2026-06,BUY_NOW,13,10,50.0,13,13,0.38461538461538464,0.3333333333333333,1.153846153846154,0.46153846153846156,1.8461538461538463,0.6153846153846154,0.5555555555555556,1.1076923076923078,15.363451180322624,0.5953112824386947,14.768139897883929,-55.66458263885676,87.17230422746692,-55.069271356418064,87.76761550990562,-32.025012107713906,90.63688380496575,75.21417313924766,-1.494908183557256,0.5027624309392265,0.0,0.9296360795045204,49.0,0.16666666666666666
TJS,10,2026-01…2026-06,BUY_NOW,13,20,0.0,13,13,0.15384615384615385,0.1794871794871795,0.8571428571428572,0.0,2.142857142857143,0.46153846153846156,0.4700854700854701,0.9818181818181819,56.34864151863137,12.647688147121416,43.700953371509954,-63.228109329146974,163.81185703408792,-50.58042118202556,176.45954518120934,-46.13011825430377,213.05602709826206,145.17248071010334,-1.494908183557256,0.5027624309392265,0.0,0.9296360795045204,49.0,0.16666666666666666
TJS,10,2026-01…2026-06,BUY_NOW,13,20,10.0,13,13,0.23076923076923078,0.18803418803418803,1.2272727272727273,0.0,2.4545454545454546,0.46153846153846156,0.48717948717948717,0.9473684210526316,56.34864151863137,12.647688147121416,43.700953371509954,-63.228109329146974,163.81185703408792,-50.58042118202556,176.45954518120934,-46.13011825430377,213.05602709826206,145.17248071010334,-1.494908183557256,0.5027624309392265,0.0,0.9296360795045204,49.0,0.16666666666666666
TJS,10,2026-01…2026-06,BUY_NOW,13,20,25.0,13,13,0.23076923076923078,0.20512820512820512,1.125,0.0,2.25,0.46153846153846156,0.5042735042735043,0.9152542372881357,56.34864151863137,12.647688147121416,43.700953371509954,-63.228109329146974,163.81185703408792,-50.58042118202556,176.45954518120934,-46.13011825430377,213.05602709826206,145.17248071010334,-1.494908183557256,0.5027624309392265,0.0,0.9296360795045204,49.0,0.16666666666666666
TJS,10,2026-01…2026-06,BUY_NOW,13,20,50.0,13,13,0.23076923076923078,0.26495726495726496,0.8709677419354839,0.0,1.7419354838709677,0.5384615384615384,0.5299145299145299,1.0161290322580645,56.34864151863137,12.647688147121416,43.700953371509954,-63.228109329146974,163.81185703408792,-50.58042118202556,176.45954518120934,-46.13011825430377,213.05602709826206,145.17248071010334,-1.494908183557256,0.5027624309392265,0.0,0.9296360795045204,49.0,0.16666666666666666
UZS,0,2021-01…2021-06,BUY_NOW,19,1,0.0,16,16,0.5,0.4661016949152542,1.0727272727272728,0.5363636363636364,1.6090909090909091,0.5,0.4661016949152542,1.0727272727272728,-14.659309058224004,-2.7203511631751507,-11.938957895048853,-46.67269534923996,23.239425746628648,-49.39304651241511,20.519074583453495,-42.63827330084547,17.114169464910976,14.028283884890067,12.488100956146095,0.6187845303867403,0.0,0.4653641434492246,24.0,0.0
UZS,0,2021-01…2021-06,BUY_NOW,19,1,10.0,16,16,0.5,0.5254237288135594,0.9516129032258064,0.4758064516129032,1.4274193548387095,0.5,0.5254237288135594,0.9516129032258064,-14.659309058224004,-2.7203511631751507,-11.938957895048853,-46.67269534923996,23.239425746628648,-49.39304651241511,20.519074583453495,-42.63827330084547,17.114169464910976,14.028283884890067,12.488100956146095,0.6187845303867403,0.0,0.4653641434492246,24.0,0.0
UZS,0,2021-01…2021-06,BUY_NOW,19,1,25.0,16,16,0.5625,0.6271186440677966,0.8969594594594594,0.4983108108108108,1.2956081081081081,0.5625,0.6271186440677966,0.8969594594594594,-14.659309058224004,-2.7203511631751507,-11.938957895048853,-46.67269534923996,23.239425746628648,-49.39304651241511,20.519074583453495,-42.63827330084547,17.114169464910976,14.028283884890067,12.488100956146095,0.6187845303867403,0.0,0.4653641434492246,24.0,0.0
UZS,0,2021-01…2021-06,BUY_NOW,19,1,50.0,16,16,0.8125,0.8135593220338984,0.9986979166666666,0.7682291666666666,1.2291666666666665,0.8125,0.8135593220338984,0.9986979166666666,-14.659309058224004,-2.7203511631751507,-11.938957895048853,-46.67269534923996,23.239425746628648,-49.39304651241511,20.519074583453495,-42.63827330084547,17.114169464910976,14.028283884890067,12.488100956146095,0.6187845303867403,0.0,0.4653641434492246,24.0,0.0
UZS,0,2021-01…2021-06,BUY_NOW,19,3,0.0,16,16,0.25,0.3135593220338983,0.7972972972972973,0.19932432432432431,1.3952702702702702,0.375,0.423728813559322,0.885,-18.122828393796752,-4.083036626374455,-14.039791767422297,-48.15522289228526,16.02991256210843,-52.23825951865972,11.946875935733972,-41.85090994803781,6.341301221171761,17.857807513212144,12.488100956146095,0.6187845303867403,0.0,0.4653641434492246,24.0,0.0
UZS,0,2021-01…2021-06,BUY_NOW,19,3,10.0,16,16,0.25,0.3474576271186441,0.7195121951219512,0.1798780487804878,1.2591463414634145,0.5,0.5169491525423728,0.9672131147540984,-18.122828393796752,-4.083036626374455,-14.039791767422297,-48.15522289228526,16.02991256210843,-52.23825951865972,11.946875935733972,-41.85090994803781,6.341301221171761,17.857807513212144,12.488100956146095,0.6187845303867403,0.0,0.4653641434492246,24.0,0.0
UZS,0,2021-01…2021-06,BUY_NOW,19,3,25.0,16,16,0.3125,0.3983050847457627,0.7845744680851064,0.31382978723404253,1.4122340425531914,0.5625,0.5847457627118644,0.9619565217391305,-18.122828393796752,-4.083036626374455,-14.039791767422297,-48.15522289228526,16.02991256210843,-52.23825951865972,11.946875935733972,-41.85090994803781,6.341301221171761,17.857807513212144,12.488100956146095,0.6187845303867403,0.0,0.4653641434492246,24.0,0.0
UZS,0,2021-01…2021-06,BUY_NOW,19,3,50.0,16,16,0.5625,0.576271186440678,0.9761029411764706,0.5422794117647058,1.4099264705882353,0.6875,0.6949152542372882,0.9893292682926829,-18.122828393796752,-4.083036626374455,-14.039791767422297,-48.15522289228526,16.02991256210843,-52.23825951865972,11.946875935733972,-41.85090994803781,6.341301221171761,17.857807513212144,12.488100956146095,0.6187845303867403,0.0,0.4653641434492246,24.0,0.0
UZS,0,2021-01…2021-06,BUY_NOW,19,5,0.0,16,16,0.1875,0.2288135593220339,0.8194444444444444,0.0,1.6388888888888888,0.4375,0.4406779661016949,0.9927884615384616,-10.7543705619377,-5.194482060730622,-5.559888501207078,-51.11298674595305,36.81899329817566,-56.30746880668367,31.624511237445038,-41.26041141542802,23.81914240535132,25.259591323686454,12.488100956146095,0.6187845303867403,0.0,0.4653641434492246,24.0,0.0
UZS,0,2021-01…2021-06,BUY_NOW,19,5,10.0,16,16,0.1875,0.2711864406779661,0.69140625,0.0,1.3828125,0.5625,0.4830508474576271,1.1644736842105263,-10.7543705619377,-5.194482060730622,-5.559888501207078,-51.11298674595305,36.81899329817566,-56.30746880668367,31.624511237445038,-41.26041141542802,23.81914240535132,25.259591323686454,12.488100956146095,0.6187845303867403,0.0,0.4653641434492246,24.0,0.0
UZS,0,2021-01…2021-06,BUY_NOW,19,5,25.0,16,16,0.1875,0.3220338983050847,0.5822368421052632,0.0,1.1644736842105263,0.625,0.5338983050847458,1.1706349206349207,-10.7543705619377,-5.194482060730622,-5.559888501207078,-51.11298674595305,36.81899329817566,-56.30746880668367,31.624511237445038,-41.26041141542802,23.81914240535132,25.259591323686454,12.488100956146095,0.6187845303867403,0.0,0.4653641434492246,24.0,0.0
UZS,0,2021-01…2021-06,BUY_NOW,19,5,50.0,16,16,0.5,0.4322033898305085,1.156862745098039,0.5784313725490196,1.7352941176470589,0.6875,0.6949152542372882,0.9893292682926829,-10.7543705619377,-5.194482060730622,-5.559888501207078,-51.11298674595305,36.81899329817566,-56.30746880668367,31.624511237445038,-41.26041141542802,23.81914240535132,25.259591323686454,12.488100956146095,0.6187845303867403,0.0,0.4653641434492246,24.0,0.0
UZS,0,2021-01…2021-06,BUY_NOW,19,10,0.0,16,16,0.1875,0.16101694915254236,1.1644736842105263,0.0,2.3289473684210527,0.375,0.4322033898305085,0.8676470588235294,12.892583603283654,-5.812939425458904,18.705523028742558,-37.048751212187895,74.8827707944655,-42.8616906376468,69.0698313690066,-45.953732036245874,87.66114789887668,42.28415258832274,12.488100956146095,0.6187845303867403,0.0,0.4653641434492246,24.0,0.0
UZS,0,2021-01…2021-06,BUY_NOW,19,10,10.0,16,16,0.1875,0.2033898305084746,0.9218749999999999,0.0,1.8437499999999998,0.5,0.4830508474576271,1.0350877192982457,12.892583603283654,-5.812939425458904,18.705523028742558,-37.048751212187895,74.8827707944655,-42.8616906376468,69.0698313690066,-45.953732036245874,87.66114789887668,42.28415258832274,12.488100956146095,0.6187845303867403,0.0,0.4653641434492246,24.0,0.0
UZS,0,2021-01…2021-06,BUY_NOW,19,10,25.0,16,16,0.1875,0.2288135593220339,0.8194444444444444,0.0,1.6388888888888888,0.625,0.559322033898305,1.1174242424242424,12.892583603283654,-5.812939425458904,18.705523028742558,-37.048751212187895,74.8827707944655,-42.8616906376468,69.0698313690066,-45.953732036245874,87.66114789887668,42.28415258832274,12.488100956146095,0.6187845303867403,0.0,0.4653641434492246,24.0,0.0
UZS,0,2021-01…2021-06,BUY_NOW,19,10,50.0,16,16,0.375,0.288135593220339,1.3014705882352942,0.4338235294117647,2.1691176470588234,0.6875,0.6271186440677966,1.0962837837837838,12.892583603283654,-5.812939425458904,18.705523028742558,-37.048751212187895,74.8827707944655,-42.8616906376468,69.0698313690066,-45.953732036245874,87.66114789887668,42.28415258832274,12.488100956146095,0.6187845303867403,0.0,0.4653641434492246,24.0,0.0
UZS,0,2021-01…2021-06,BUY_NOW,19,20,0.0,16,16,0.125,0.1016949152542373,1.2291666666666665,0.0,3.0729166666666665,0.5625,0.4745762711864407,1.1852678571428572,21.6483333267075,-12.978020395404887,34.626353722112384,-38.667706465395824,111.71542794853994,-51.64572686080071,98.73740755313506,-68.48923303978765,125.87712747817176,50.09283858362371,12.488100956146095,0.6187845303867403,0.0,0.4653641434492246,24.0,0.0
UZS,0,2021-01…2021-06,BUY_NOW,19,20,10.0,16,16,0.125,0.1271186440677966,0.9833333333333334,0.0,2.4583333333333335,0.5625,0.5,1.125,21.6483333267075,-12.978020395404887,34.626353722112384,-38.667706465395824,111.71542794853994,-51.64572686080071,98.73740755313506,-68.48923303978765,125.87712747817176,50.09283858362371,12.488100956146095,0.6187845303867403,0.0,0.4653641434492246,24.0,0.0
UZS,0,2021-01…2021-06,BUY_NOW,19,20,25.0,16,16,0.125,0.13559322033898305,0.921875,0.0,2.3046875,0.5625,0.5169491525423728,1.0881147540983607,21.6483333267075,-12.978020395404887,34.626353722112384,-38.667706465395824,111.71542794853994,-51.64572686080071,98.73740755313506,-68.48923303978765,125.87712747817176,50.09283858362371,12.488100956146095,0.6187845303867403,0.0,0.4653641434492246,24.0,0.0
UZS,0,2021-01…2021-06,BUY_NOW,19,20,50.0,16,16,0.1875,0.19491525423728814,0.9619565217391304,0.0,1.9239130434782608,0.5625,0.5338983050847458,1.0535714285714286,21.6483333267075,-12.978020395404887,34.626353722112384,-38.667706465395824,111.71542794853994,-51.64572686080071,98.73740755313506,-68.48923303978765,125.87712747817176,50.09283858362371,12.488100956146095,0.6187845303867403,0.0,0.4653641434492246,24.0,0.0
UZS,0,2021-01…2021-06,WINDOW_CLOSING,19,1,0.0,3,3,0.6666666666666666,0.4661016949152542,1.4303030303030302,,,0.6666666666666666,0.4661016949152542,1.4303030303030302,37.543620729906614,-2.7203511631751507,40.26397189308177,,,,,,,-8.105943596029935,59.39927206364604,0.11602209944751381,0.0,0.4942528735632184,94.0,0.5
UZS,0,2021-01…2021-06,WINDOW_CLOSING,19,1,10.0,3,3,0.6666666666666666,0.4661016949152542,1.4303030303030302,,,0.6666666666666666,0.4661016949152542,1.4303030303030302,37.543620729906614,-2.7203511631751507,40.26397189308177,,,,,,,-8.105943596029935,59.39927206364604,0.11602209944751381,0.0,0.4942528735632184,94.0,0.5
UZS,0,2021-01…2021-06,WINDOW_CLOSING,19,1,25.0,3,3,0.6666666666666666,0.4661016949152542,1.4303030303030302,,,0.6666666666666666,0.4661016949152542,1.4303030303030302,37.543620729906614,-2.7203511631751507,40.26397189308177,,,,,,,-8.105943596029935,59.39927206364604,0.11602209944751381,0.0,0.4942528735632184,94.0,0.5
UZS,0,2021-01…2021-06,WINDOW_CLOSING,19,1,50.0,3,3,0.6666666666666666,0.4661016949152542,1.4303030303030302,,,0.6666666666666666,0.4661016949152542,1.4303030303030302,37.543620729906614,-2.7203511631751507,40.26397189308177,,,,,,,-8.105943596029935,59.39927206364604,0.11602209944751381,0.0,0.4942528735632184,94.0,0.5
UZS,0,2021-01…2021-06,WINDOW_CLOSING,19,3,0.0,3,3,1.0,0.4491525423728814,2.2264150943396226,,,1.0,0.4491525423728814,2.2264150943396226,44.12748047568119,-4.083036626374455,48.21051710205565,,,,,,,-3.460619487357652,59.39927206364604,0.11602209944751381,0.0,0.4942528735632184,94.0,0.5
UZS,0,2021-01…2021-06,WINDOW_CLOSING,19,3,10.0,3,3,1.0,0.4491525423728814,2.2264150943396226,,,1.0,0.4491525423728814,2.2264150943396226,44.12748047568119,-4.083036626374455,48.21051710205565,,,,,,,-3.460619487357652,59.39927206364604,0.11602209944751381,0.0,0.4942528735632184,94.0,0.5
UZS,0,2021-01…2021-06,WINDOW_CLOSING,19,3,25.0,3,3,1.0,0.4491525423728814,2.2264150943396226,,,1.0,0.4491525423728814,2.2264150943396226,44.12748047568119,-4.083036626374455,48.21051710205565,,,,,,,-3.460619487357652,59.39927206364604,0.11602209944751381,0.0,0.4942528735632184,94.0,0.5
UZS,0,2021-01…2021-06,WINDOW_CLOSING,19,3,50.0,3,3,1.0,0.4491525423728814,2.2264150943396226,,,1.0,0.4491525423728814,2.2264150943396226,44.12748047568119,-4.083036626374455,48.21051710205565,,,,,,,-3.460619487357652,59.39927206364604,0.11602209944751381,0.0,0.4942528735632184,94.0,0.5
UZS,0,2021-01…2021-06,WINDOW_CLOSING,19,5,0.0,3,3,0.6666666666666666,0.4576271186440678,1.45679012345679,,,0.6666666666666666,0.4576271186440678,1.45679012345679,46.84861920924877,-5.194482060730622,52.04310126997939,,,,,,,-9.571257396257709,59.39927206364604,0.11602209944751381,0.0,0.4942528735632184,94.0,0.5
UZS,0,2021-01…2021-06,WINDOW_CLOSING,19,5,10.0,3,3,0.6666666666666666,0.4576271186440678,1.45679012345679,,,0.6666666666666666,0.4576271186440678,1.45679012345679,46.84861920924877,-5.194482060730622,52.04310126997939,,,,,,,-9.571257396257709,59.39927206364604,0.11602209944751381,0.0,0.4942528735632184,94.0,0.5
UZS,0,2021-01…2021-06,WINDOW_CLOSING,19,5,25.0,3,3,0.6666666666666666,0.4576271186440678,1.45679012345679,,,0.6666666666666666,0.4576271186440678,1.45679012345679,46.84861920924877,-5.194482060730622,52.04310126997939,,,,,,,-9.571257396257709,59.39927206364604,0.11602209944751381,0.0,0.4942528735632184,94.0,0.5
UZS,0,2021-01…2021-06,WINDOW_CLOSING,19,5,50.0,3,3,0.6666666666666666,0.4576271186440678,1.45679012345679,,,0.6666666666666666,0.4576271186440678,1.45679012345679,46.84861920924877,-5.194482060730622,52.04310126997939,,,,,,,-9.571257396257709,59.39927206364604,0.11602209944751381,0.0,0.4942528735632184,94.0,0.5
UZS,0,2021-01…2021-06,WINDOW_CLOSING,19,10,0.0,3,3,1.0,0.4406779661016949,2.269230769230769,,,1.0,0.4406779661016949,2.269230769230769,89.8238775076569,-5.812939425458904,95.63681693311581,,,,,,,22.23826391953214,59.39927206364604,0.11602209944751381,0.0,0.4942528735632184,94.0,0.5
UZS,0,2021-01…2021-06,WINDOW_CLOSING,19,10,10.0,3,3,1.0,0.4406779661016949,2.269230769230769,,,1.0,0.4406779661016949,2.269230769230769,89.8238775076569,-5.812939425458904,95.63681693311581,,,,,,,22.23826391953214,59.39927206364604,0.11602209944751381,0.0,0.4942528735632184,94.0,0.5
UZS,0,2021-01…2021-06,WINDOW_CLOSING,19,10,25.0,3,3,1.0,0.4406779661016949,2.269230769230769,,,1.0,0.4406779661016949,2.269230769230769,89.8238775076569,-5.812939425458904,95.63681693311581,,,,,,,22.23826391953214,59.39927206364604,0.11602209944751381,0.0,0.4942528735632184,94.0,0.5
UZS,0,2021-01…2021-06,WINDOW_CLOSING,19,10,50.0,3,3,1.0,0.4406779661016949,2.269230769230769,,,1.0,0.4406779661016949,2.269230769230769,89.8238775076569,-5.812939425458904,95.63681693311581,,,,,,,22.23826391953214,59.39927206364604,0.11602209944751381,0.0,0.4942528735632184,94.0,0.5
UZS,0,2021-01…2021-06,WINDOW_CLOSING,19,20,0.0,3,3,1.0,0.3898305084745763,2.5652173913043477,,,1.0,0.3898305084745763,2.5652173913043477,116.08881313628878,-12.978020395404887,129.06683353169367,,,,,,,58.062188649365226,59.39927206364604,0.11602209944751381,0.0,0.4942528735632184,94.0,0.5
UZS,0,2021-01…2021-06,WINDOW_CLOSING,19,20,10.0,3,3,1.0,0.3898305084745763,2.5652173913043477,,,1.0,0.3898305084745763,2.5652173913043477,116.08881313628878,-12.978020395404887,129.06683353169367,,,,,,,58.062188649365226,59.39927206364604,0.11602209944751381,0.0,0.4942528735632184,94.0,0.5
UZS,0,2021-01…2021-06,WINDOW_CLOSING,19,20,25.0,3,3,1.0,0.3898305084745763,2.5652173913043477,,,1.0,0.3898305084745763,2.5652173913043477,116.08881313628878,-12.978020395404887,129.06683353169367,,,,,,,58.062188649365226,59.39927206364604,0.11602209944751381,0.0,0.4942528735632184,94.0,0.5
UZS,0,2021-01…2021-06,WINDOW_CLOSING,19,20,50.0,3,3,1.0,0.3898305084745763,2.5652173913043477,,,1.0,0.3898305084745763,2.5652173913043477,116.08881313628878,-12.978020395404887,129.06683353169367,,,,,,,58.062188649365226,59.39927206364604,0.11602209944751381,0.0,0.4942528735632184,94.0,0.5
UZS,1,2021-07…2021-12,BUY_NOW,19,1,0.0,17,17,0.23529411764705882,0.4883720930232558,0.48179271708683474,0.12044817927170869,0.9635854341736695,0.23529411764705882,0.4883720930232558,0.48179271708683474,-24.915949755416793,0.8318785804066443,-25.74782833582344,-48.4769187199831,-3.001442053450814,-47.64504013957645,-2.1695634730441697,-53.53184486557897,-4.226154574985537,4.971177627624394,3.7857496943643745,0.6467391304347826,0.0,0.5436502143433363,32.0,0.0
UZS,1,2021-07…2021-12,BUY_NOW,19,1,10.0,17,17,0.35294117647058826,0.5426356589147286,0.650420168067227,0.21680672268907564,1.0840336134453783,0.35294117647058826,0.5426356589147286,0.650420168067227,-24.915949755416793,0.8318785804066443,-25.74782833582344,-48.4769187199831,-3.001442053450814,-47.64504013957645,-2.1695634730441697,-53.53184486557897,-4.226154574985537,4.971177627624394,3.7857496943643745,0.6467391304347826,0.0,0.5436502143433363,32.0,0.0
UZS,1,2021-07…2021-12,BUY_NOW,19,1,25.0,17,17,0.5294117647058824,0.6589147286821705,0.8034602076124568,0.4463667820069205,1.160553633217993,0.5294117647058824,0.6589147286821705,0.8034602076124568,-24.915949755416793,0.8318785804066443,-25.74782833582344,-48.4769187199831,-3.001442053450814,-47.64504013957645,-2.1695634730441697,-53.53184486557897,-4.226154574985537,4.971177627624394,3.7857496943643745,0.6467391304347826,0.0,0.5436502143433363,32.0,0.0
UZS,1,2021-07…2021-12,BUY_NOW,19,1,50.0,17,17,0.7058823529411765,0.8449612403100775,0.8354020507285485,0.5569347004856989,1.0442525634106854,0.7058823529411765,0.8449612403100775,0.8354020507285485,-24.915949755416793,0.8318785804066443,-25.74782833582344,-48.4769187199831,-3.001442053450814,-47.64504013957645,-2.1695634730441697,-53.53184486557897,-4.226154574985537,4.971177627624394,3.7857496943643745,0.6467391304347826,0.0,0.5436502143433363,32.0,0.0
UZS,1,2021-07…2021-12,BUY_NOW,19,3,0.0,17,17,0.23529411764705882,0.32558139534883723,0.7226890756302521,0.18067226890756302,1.4453781512605042,0.29411764705882354,0.46511627906976744,0.6323529411764707,-10.78571609562406,0.6426953635608399,-11.4284114591849,-37.692832935824704,17.330207798297902,-37.050137572263864,17.972903161858742,-41.50364715419796,6.216431354266423,15.137540951263883,3.7857496943643745,0.6467391304347826,0.0,0.5436502143433363,32.0,0.0
UZS,1,2021-07…2021-12,BUY_NOW,19,3,10.0,17,17,0.23529411764705882,0.37209302325581395,0.6323529411764706,0.15808823529411764,1.2647058823529411,0.4117647058823529,0.5116279069767442,0.8048128342245988,-10.78571609562406,0.6426953635608399,-11.4284114591849,-37.692832935824704,17.330207798297902,-37.050137572263864,17.972903161858742,-41.50364715419796,6.216431354266423,15.137540951263883,3.7857496943643745,0.6467391304347826,0.0,0.5436502143433363,32.0,0.0
UZS,1,2021-07…2021-12,BUY_NOW,19,3,25.0,17,17,0.35294117647058826,0.4573643410852713,0.7716849451645066,0.2572283150548355,1.2861415752741776,0.6470588235294118,0.6046511627906976,1.070135746606335,-10.78571609562406,0.6426953635608399,-11.4284114591849,-37.692832935824704,17.330207798297902,-37.050137572263864,17.972903161858742,-41.50364715419796,6.216431354266423,15.137540951263883,3.7857496943643745,0.6467391304347826,0.0,0.5436502143433363,32.0,0.0
UZS,1,2021-07…2021-12,BUY_NOW,19,3,50.0,17,17,0.5882352941176471,0.5968992248062015,0.9854851031321621,0.5912910618792973,1.3796791443850267,0.8235294117647058,0.7674418604651163,1.0730837789661318,-10.78571609562406,0.6426953635608399,-11.4284114591849,-37.692832935824704,17.330207798297902,-37.050137572263864,17.972903161858742,-41.50364715419796,6.216431354266423,15.137540951263883,3.7857496943643745,0.6467391304347826,0.0,0.5436502143433363,32.0,0.0
UZS,1,2021-07…2021-12,BUY_NOW,19,5,0.0,17,17,0.17647058823529413,0.2248062015503876,0.7849898580121704,0.0,1.5699797160243407,0.4117647058823529,0.4418604651162791,0.9318885448916409,-5.9978306547368945,0.603685616873775,-6.601516271610669,-36.05774001273421,25.063861315524836,-35.45405439586043,25.66754693239861,-34.13385607400061,10.580275084219878,17.46908736432266,3.7857496943643745,0.6467391304347826,0.0,0.5436502143433363,32.0,0.0
UZS,1,2021-07…2021-12,BUY_NOW,19,5,10.0,17,17,0.17647058823529413,0.26356589147286824,0.6695501730103806,0.0,1.3391003460207611,0.4117647058823529,0.4806201550387597,0.8567362428842504,-5.9978306547368945,0.603685616873775,-6.601516271610669,-36.05774001273421,25.063861315524836,-35.45405439586043,25.66754693239861,-34.13385607400061,10.580275084219878,17.46908736432266,3.7857496943643745,0.6467391304347826,0.0,0.5436502143433363,32.0,0.0
UZS,1,2021-07…2021-12,BUY_NOW,19,5,25.0,17,17,0.23529411764705882,0.32558139534883723,0.7226890756302521,0.18067226890756302,1.4453781512605042,0.5294117647058824,0.5813953488372093,0.9105882352941176,-5.9978306547368945,0.603685616873775,-6.601516271610669,-36.05774001273421,25.063861315524836,-35.45405439586043,25.66754693239861,-34.13385607400061,10.580275084219878,17.46908736432266,3.7857496943643745,0.6467391304347826,0.0,0.5436502143433363,32.0,0.0
UZS,1,2021-07…2021-12,BUY_NOW,19,5,50.0,17,17,0.4117647058823529,0.4496124031007752,0.9158215010141987,0.3924949290060852,1.4391480730223123,0.8235294117647058,0.7131782945736435,1.1547314578005115,-5.9978306547368945,0.603685616873775,-6.601516271610669,-36.05774001273421,25.063861315524836,-35.45405439586043,25.66754693239861,-34.13385607400061,10.580275084219878,17.46908736432266,3.7857496943643745,0.6467391304347826,0.0,0.5436502143433363,32.0,0.0
UZS,1,2021-07…2021-12,BUY_NOW,19,10,0.0,17,17,0.11764705882352941,0.17054263565891473,0.6898395721925134,0.0,1.7245989304812834,0.47058823529411764,0.4418604651162791,1.0650154798761609,-13.546373834677492,1.2971541818611467,-14.84352801653864,-55.568147458501706,24.340217528428234,-54.27099327664056,25.63737171028938,-41.67443405455116,1.3481394108034843,16.894218130879743,3.7857496943643745,0.6467391304347826,0.0,0.5436502143433363,32.0,0.0
UZS,1,2021-07…2021-12,BUY_NOW,19,10,10.0,17,17,0.11764705882352941,0.1937984496124031,0.6070588235294118,0.0,1.5176470588235293,0.47058823529411764,0.4806201550387597,0.9791271347248577,-13.546373834677492,1.2971541818611467,-14.84352801653864,-55.568147458501706,24.340217528428234,-54.27099327664056,25.63737171028938,-41.67443405455116,1.3481394108034843,16.894218130879743,3.7857496943643745,0.6467391304347826,0.0,0.5436502143433363,32.0,0.0
UZS,1,2021-07…2021-12,BUY_NOW,19,10,25.0,17,17,0.17647058823529413,0.21705426356589147,0.8130252100840337,0.0,1.6260504201680674,0.47058823529411764,0.5426356589147286,0.8672268907563025,-13.546373834677492,1.2971541818611467,-14.84352801653864,-55.568147458501706,24.340217528428234,-54.27099327664056,25.63737171028938,-41.67443405455116,1.3481394108034843,16.894218130879743,3.7857496943643745,0.6467391304347826,0.0,0.5436502143433363,32.0,0.0
UZS,1,2021-07…2021-12,BUY_NOW,19,10,50.0,17,17,0.23529411764705882,0.29457364341085274,0.7987616099071206,0.19969040247678016,1.3978328173374612,0.6470588235294118,0.6434108527131783,1.005669737774628,-13.546373834677492,1.2971541818611467,-14.84352801653864,-55.568147458501706,24.340217528428234,-54.27099327664056,25.63737171028938,-41.67443405455116,1.3481394108034843,16.894218130879743,3.7857496943643745,0.6467391304347826,0.0,0.5436502143433363,32.0,0.0
UZS,1,2021-07…2021-12,BUY_NOW,19,20,0.0,17,17,0.058823529411764705,0.12403100775193798,0.4742647058823529,0.0,1.4227941176470589,0.4117647058823529,0.4186046511627907,0.9836601307189542,3.1178247089577837,10.345720517709584,-7.2278958087518,-70.56292142914367,61.93128985381132,-60.217200911434084,72.2770103715209,-48.94600856839981,51.705391537494464,27.866405960231365,3.7857496943643745,0.6467391304347826,0.0,0.5436502143433363,32.0,0.0
UZS,1,2021-07…2021-12,BUY_NOW,19,20,10.0,17,17,0.058823529411764705,0.13953488372093023,0.4215686274509804,0.0,1.2647058823529413,0.4117647058823529,0.46511627906976744,0.8852941176470588,3.1178247089577837,10.345720517709584,-7.2278958087518,-70.56292142914367,61.93128985381132,-60.217200911434084,72.2770103715209,-48.94600856839981,51.705391537494464,27.866405960231365,3.7857496943643745,0.6467391304347826,0.0,0.5436502143433363,32.0,0.0
UZS,1,2021-07…2021-12,BUY_NOW,19,20,25.0,17,17,0.058823529411764705,0.14728682170542637,0.3993808049535603,0.0,1.1981424148606812,0.47058823529411764,0.5116279069767442,0.9197860962566844,3.1178247089577837,10.345720517709584,-7.2278958087518,-70.56292142914367,61.93128985381132,-60.217200911434084,72.2770103715209,-48.94600856839981,51.705391537494464,27.866405960231365,3.7857496943643745,0.6467391304347826,0.0,0.5436502143433363,32.0,0.0
UZS,1,2021-07…2021-12,BUY_NOW,19,20,50.0,17,17,0.11764705882352941,0.1937984496124031,0.6070588235294118,0.0,1.5176470588235293,0.7058823529411765,0.5968992248062015,1.1825821237585945,3.1178247089577837,10.345720517709584,-7.2278958087518,-70.56292142914367,61.93128985381132,-60.217200911434084,72.2770103715209,-48.94600856839981,51.705391537494464,27.866405960231365,3.7857496943643745,0.6467391304347826,0.0,0.5436502143433363,32.0,0.0
UZS,1,2021-07…2021-12,WINDOW_CLOSING,19,1,0.0,2,2,0.0,0.4883720930232558,0.0,,,0.0,0.4883720930232558,0.0,-8.513868870636543,0.8318785804066443,-9.345747451043188,,,,,,,8.840793193812813,43.91039435743871,0.07608695652173914,0.0,0.0,83.0,0.6666666666666666
UZS,1,2021-07…2021-12,WINDOW_CLOSING,19,1,10.0,2,2,0.0,0.4883720930232558,0.0,,,0.0,0.4883720930232558,0.0,-8.513868870636543,0.8318785804066443,-9.345747451043188,,,,,,,8.840793193812813,43.91039435743871,0.07608695652173914,0.0,0.0,83.0,0.6666666666666666
UZS,1,2021-07…2021-12,WINDOW_CLOSING,19,1,25.0,2,2,0.0,0.4883720930232558,0.0,,,0.0,0.4883720930232558,0.0,-8.513868870636543,0.8318785804066443,-9.345747451043188,,,,,,,8.840793193812813,43.91039435743871,0.07608695652173914,0.0,0.0,83.0,0.6666666666666666
UZS,1,2021-07…2021-12,WINDOW_CLOSING,19,1,50.0,2,2,0.0,0.4883720930232558,0.0,,,0.0,0.4883720930232558,0.0,-8.513868870636543,0.8318785804066443,-9.345747451043188,,,,,,,8.840793193812813,43.91039435743871,0.07608695652173914,0.0,0.0,83.0,0.6666666666666666
UZS,1,2021-07…2021-12,WINDOW_CLOSING,19,3,0.0,2,2,0.5,0.4573643410852713,1.0932203389830508,,,0.5,0.4573643410852713,1.0932203389830508,-14.925086836511948,0.6426953635608399,-15.567782200072788,,,,,,,0.953798884519852,43.91039435743871,0.07608695652173914,0.0,0.0,83.0,0.6666666666666666
UZS,1,2021-07…2021-12,WINDOW_CLOSING,19,3,10.0,2,2,0.5,0.4573643410852713,1.0932203389830508,,,0.5,0.4573643410852713,1.0932203389830508,-14.925086836511948,0.6426953635608399,-15.567782200072788,,,,,,,0.953798884519852,43.91039435743871,0.07608695652173914,0.0,0.0,83.0,0.6666666666666666
UZS,1,2021-07…2021-12,WINDOW_CLOSING,19,3,25.0,2,2,0.5,0.4573643410852713,1.0932203389830508,,,0.5,0.4573643410852713,1.0932203389830508,-14.925086836511948,0.6426953635608399,-15.567782200072788,,,,,,,0.953798884519852,43.91039435743871,0.07608695652173914,0.0,0.0,83.0,0.6666666666666666
UZS,1,2021-07…2021-12,WINDOW_CLOSING,19,3,50.0,2,2,0.5,0.4573643410852713,1.0932203389830508,,,0.5,0.4573643410852713,1.0932203389830508,-14.925086836511948,0.6426953635608399,-15.567782200072788,,,,,,,0.953798884519852,43.91039435743871,0.07608695652173914,0.0,0.0,83.0,0.6666666666666666
UZS,1,2021-07…2021-12,WINDOW_CLOSING,19,5,0.0,2,2,0.5,0.3953488372093023,1.2647058823529413,,,0.5,0.3953488372093023,1.2647058823529413,0.1001487750745822,0.603685616873775,-0.5035368417991928,,,,,,,-8.830628665604245,43.91039435743871,0.07608695652173914,0.0,0.0,83.0,0.6666666666666666
UZS,1,2021-07…2021-12,WINDOW_CLOSING,19,5,10.0,2,2,0.5,0.3953488372093023,1.2647058823529413,,,0.5,0.3953488372093023,1.2647058823529413,0.1001487750745822,0.603685616873775,-0.5035368417991928,,,,,,,-8.830628665604245,43.91039435743871,0.07608695652173914,0.0,0.0,83.0,0.6666666666666666
UZS,1,2021-07…2021-12,WINDOW_CLOSING,19,5,25.0,2,2,0.5,0.3953488372093023,1.2647058823529413,,,0.5,0.3953488372093023,1.2647058823529413,0.1001487750745822,0.603685616873775,-0.5035368417991928,,,,,,,-8.830628665604245,43.91039435743871,0.07608695652173914,0.0,0.0,83.0,0.6666666666666666
UZS,1,2021-07…2021-12,WINDOW_CLOSING,19,5,50.0,2,2,0.5,0.3953488372093023,1.2647058823529413,,,0.5,0.3953488372093023,1.2647058823529413,0.1001487750745822,0.603685616873775,-0.5035368417991928,,,,,,,-8.830628665604245,43.91039435743871,0.07608695652173914,0.0,0.0,83.0,0.6666666666666666
UZS,1,2021-07…2021-12,WINDOW_CLOSING,19,10,0.0,2,2,0.5,0.46511627906976744,1.075,,,0.5,0.46511627906976744,1.075,35.75783796319065,1.2971541818611467,34.46068378132951,,,,,,,-0.42366948945993244,43.91039435743871,0.07608695652173914,0.0,0.0,83.0,0.6666666666666666
UZS,1,2021-07…2021-12,WINDOW_CLOSING,19,10,10.0,2,2,0.5,0.46511627906976744,1.075,,,0.5,0.46511627906976744,1.075,35.75783796319065,1.2971541818611467,34.46068378132951,,,,,,,-0.42366948945993244,43.91039435743871,0.07608695652173914,0.0,0.0,83.0,0.6666666666666666
UZS,1,2021-07…2021-12,WINDOW_CLOSING,19,10,25.0,2,2,0.5,0.46511627906976744,1.075,,,0.5,0.46511627906976744,1.075,35.75783796319065,1.2971541818611467,34.46068378132951,,,,,,,-0.42366948945993244,43.91039435743871,0.07608695652173914,0.0,0.0,83.0,0.6666666666666666
UZS,1,2021-07…2021-12,WINDOW_CLOSING,19,10,50.0,2,2,0.5,0.46511627906976744,1.075,,,0.5,0.46511627906976744,1.075,35.75783796319065,1.2971541818611467,34.46068378132951,,,,,,,-0.42366948945993244,43.91039435743871,0.07608695652173914,0.0,0.0,83.0,0.6666666666666666
UZS,1,2021-07…2021-12,WINDOW_CLOSING,19,20,0.0,2,2,0.5,0.4263565891472868,1.1727272727272728,,,0.5,0.4263565891472868,1.1727272727272728,65.91073161846705,10.345720517709584,55.565011100757474,,,,,,,40.638268777369866,43.91039435743871,0.07608695652173914,0.0,0.0,83.0,0.6666666666666666
UZS,1,2021-07…2021-12,WINDOW_CLOSING,19,20,10.0,2,2,0.5,0.4263565891472868,1.1727272727272728,,,0.5,0.4263565891472868,1.1727272727272728,65.91073161846705,10.345720517709584,55.565011100757474,,,,,,,40.638268777369866,43.91039435743871,0.07608695652173914,0.0,0.0,83.0,0.6666666666666666
UZS,1,2021-07…2021-12,WINDOW_CLOSING,19,20,25.0,2,2,0.5,0.4263565891472868,1.1727272727272728,,,0.5,0.4263565891472868,1.1727272727272728,65.91073161846705,10.345720517709584,55.565011100757474,,,,,,,40.638268777369866,43.91039435743871,0.07608695652173914,0.0,0.0,83.0,0.6666666666666666
UZS,1,2021-07…2021-12,WINDOW_CLOSING,19,20,50.0,2,2,0.5,0.4263565891472868,1.1727272727272728,,,0.5,0.4263565891472868,1.1727272727272728,65.91073161846705,10.345720517709584,55.565011100757474,,,,,,,40.638268777369866,43.91039435743871,0.07608695652173914,0.0,0.0,83.0,0.6666666666666666
UZS,2,2022-01…2022-06,BUY_NOW,13,1,0.0,9,9,0.4444444444444444,0.37606837606837606,1.1818181818181817,0.2954545454545454,2.0681818181818183,0.4444444444444444,0.37606837606837606,1.1818181818181817,25.073188243209806,-23.59492605855246,48.668114301762266,-169.61809498581678,328.64752213405086,-193.21302104436924,305.0525960754984,-109.56776821002063,102.83820885098487,69.33485455577569,-348.6341669463011,0.34806629834254144,0.0,0.517194075695146,80.0,0.3333333333333333
UZS,2,2022-01…2022-06,BUY_NOW,13,1,10.0,9,9,0.4444444444444444,0.41025641025641024,1.0833333333333333,0.2708333333333333,1.8958333333333335,0.4444444444444444,0.41025641025641024,1.0833333333333333,25.073188243209806,-23.59492605855246,48.668114301762266,-169.61809498581678,328.64752213405086,-193.21302104436924,305.0525960754984,-109.56776821002063,102.83820885098487,69.33485455577569,-348.6341669463011,0.34806629834254144,0.0,0.517194075695146,80.0,0.3333333333333333
UZS,2,2022-01…2022-06,BUY_NOW,13,1,25.0,9,9,0.4444444444444444,0.4188034188034188,1.0612244897959182,0.26530612244897955,1.8571428571428572,0.4444444444444444,0.4188034188034188,1.0612244897959182,25.073188243209806,-23.59492605855246,48.668114301762266,-169.61809498581678,328.64752213405086,-193.21302104436924,305.0525960754984,-109.56776821002063,102.83820885098487,69.33485455577569,-348.6341669463011,0.34806629834254144,0.0,0.517194075695146,80.0,0.3333333333333333
UZS,2,2022-01…2022-06,BUY_NOW,13,1,50.0,9,9,0.5555555555555556,0.5128205128205128,1.0833333333333335,0.43333333333333335,1.7333333333333334,0.5555555555555556,0.5128205128205128,1.0833333333333335,25.073188243209806,-23.59492605855246,48.668114301762266,-169.61809498581678,328.64752213405086,-193.21302104436924,305.0525960754984,-109.56776821002063,102.83820885098487,69.33485455577569,-348.6341669463011,0.34806629834254144,0.0,0.517194075695146,80.0,0.3333333333333333
UZS,2,2022-01…2022-06,BUY_NOW,13,3,0.0,9,9,0.2222222222222222,0.2222222222222222,1.0,0.0,2.5000000000000004,0.4444444444444444,0.3504273504273504,1.2682926829268293,7.115861985806578,-41.032594481952486,48.14845646775906,-271.74718379594094,453.0218351140628,-312.7797782778934,411.9892406321103,-110.41307454764949,65.88033025253462,95.79316206756165,-348.6341669463011,0.34806629834254144,0.0,0.517194075695146,80.0,0.3333333333333333
UZS,2,2022-01…2022-06,BUY_NOW,13,3,10.0,9,9,0.2222222222222222,0.24786324786324787,0.8965517241379309,0.0,2.2413793103448274,0.4444444444444444,0.36752136752136755,1.2093023255813953,7.115861985806578,-41.032594481952486,48.14845646775906,-271.74718379594094,453.0218351140628,-312.7797782778934,411.9892406321103,-110.41307454764949,65.88033025253462,95.79316206756165,-348.6341669463011,0.34806629834254144,0.0,0.517194075695146,80.0,0.3333333333333333
UZS,2,2022-01…2022-06,BUY_NOW,13,3,25.0,9,9,0.2222222222222222,0.2564102564102564,0.8666666666666667,0.0,2.166666666666667,0.4444444444444444,0.38461538461538464,1.1555555555555554,7.115861985806578,-41.032594481952486,48.14845646775906,-271.74718379594094,453.0218351140628,-312.7797782778934,411.9892406321103,-110.41307454764949,65.88033025253462,95.79316206756165,-348.6341669463011,0.34806629834254144,0.0,0.517194075695146,80.0,0.3333333333333333
UZS,2,2022-01…2022-06,BUY_NOW,13,3,50.0,9,9,0.3333333333333333,0.28205128205128205,1.1818181818181817,0.0,2.3636363636363633,0.5555555555555556,0.42735042735042733,1.3,7.115861985806578,-41.032594481952486,48.14845646775906,-271.74718379594094,453.0218351140628,-312.7797782778934,411.9892406321103,-110.41307454764949,65.88033025253462,95.79316206756165,-348.6341669463011,0.34806629834254144,0.0,0.517194075695146,80.0,0.3333333333333333
UZS,2,2022-01…2022-06,BUY_NOW,13,5,0.0,9,9,0.1111111111111111,0.19658119658119658,0.5652173913043478,0.0,1.6956521739130435,0.2222222222222222,0.3418803418803419,0.6499999999999999,-100.55138928996851,-49.97551735587604,-50.57587193409247,-382.73890998992727,367.05538208618214,-432.7144273458033,317.0798647303061,-250.34137995394227,-12.41278161353544,133.50790144036026,-348.6341669463011,0.34806629834254144,0.0,0.517194075695146,80.0,0.3333333333333333
UZS,2,2022-01…2022-06,BUY_NOW,13,5,10.0,9,9,0.1111111111111111,0.2222222222222222,0.5,0.0,1.5,0.2222222222222222,0.3504273504273504,0.6341463414634146,-100.55138928996851,-49.97551735587604,-50.57587193409247,-382.73890998992727,367.05538208618214,-432.7144273458033,317.0798647303061,-250.34137995394227,-12.41278161353544,133.50790144036026,-348.6341669463011,0.34806629834254144,0.0,0.517194075695146,80.0,0.3333333333333333
UZS,2,2022-01…2022-06,BUY_NOW,13,5,25.0,9,9,0.1111111111111111,0.23076923076923078,0.48148148148148145,0.0,1.4444444444444442,0.3333333333333333,0.36752136752136755,0.9069767441860463,-100.55138928996851,-49.97551735587604,-50.57587193409247,-382.73890998992727,367.05538208618214,-432.7144273458033,317.0798647303061,-250.34137995394227,-12.41278161353544,133.50790144036026,-348.6341669463011,0.34806629834254144,0.0,0.517194075695146,80.0,0.3333333333333333
UZS,2,2022-01…2022-06,BUY_NOW,13,5,50.0,9,9,0.1111111111111111,0.24786324786324787,0.44827586206896547,0.0,1.3448275862068964,0.4444444444444444,0.38461538461538464,1.1555555555555554,-100.55138928996851,-49.97551735587604,-50.57587193409247,-382.73890998992727,367.05538208618214,-432.7144273458033,317.0798647303061,-250.34137995394227,-12.41278161353544,133.50790144036026,-348.6341669463011,0.34806629834254144,0.0,0.517194075695146,80.0,0.3333333333333333
UZS,2,2022-01…2022-06,BUY_NOW,13,10,0.0,9,9,0.1111111111111111,0.1452991452991453,0.7647058823529411,0.0,2.2941176470588234,0.3333333333333333,0.3504273504273504,0.9512195121951219,-188.80240109683135,-68.80694870380078,-119.99545239303056,-477.35200795769686,314.3564817962579,-546.1589566614977,245.54953309245715,-365.05743018166066,-104.83465387764947,277.2826926011888,-348.6341669463011,0.34806629834254144,0.0,0.517194075695146,80.0,0.3333333333333333
UZS,2,2022-01…2022-06,BUY_NOW,13,10,10.0,9,9,0.1111111111111111,0.1623931623931624,0.6842105263157894,0.0,2.052631578947368,0.3333333333333333,0.36752136752136755,0.9069767441860463,-188.80240109683135,-68.80694870380078,-119.99545239303056,-477.35200795769686,314.3564817962579,-546.1589566614977,245.54953309245715,-365.05743018166066,-104.83465387764947,277.2826926011888,-348.6341669463011,0.34806629834254144,0.0,0.517194075695146,80.0,0.3333333333333333
UZS,2,2022-01…2022-06,BUY_NOW,13,10,25.0,9,9,0.1111111111111111,0.1623931623931624,0.6842105263157894,0.0,2.052631578947368,0.3333333333333333,0.37606837606837606,0.8863636363636364,-188.80240109683135,-68.80694870380078,-119.99545239303056,-477.35200795769686,314.3564817962579,-546.1589566614977,245.54953309245715,-365.05743018166066,-104.83465387764947,277.2826926011888,-348.6341669463011,0.34806629834254144,0.0,0.517194075695146,80.0,0.3333333333333333
UZS,2,2022-01…2022-06,BUY_NOW,13,10,50.0,9,9,0.1111111111111111,0.17094017094017094,0.6499999999999999,0.0,1.95,0.3333333333333333,0.37606837606837606,0.8863636363636364,-188.80240109683135,-68.80694870380078,-119.99545239303056,-477.35200795769686,314.3564817962579,-546.1589566614977,245.54953309245715,-365.05743018166066,-104.83465387764947,277.2826926011888,-348.6341669463011,0.34806629834254144,0.0,0.517194075695146,80.0,0.3333333333333333
UZS,2,2022-01…2022-06,BUY_NOW,13,20,0.0,9,9,0.0,0.09401709401709402,0.0,0.0,0.0,0.2222222222222222,0.39316239316239315,0.5652173913043478,-344.65650793375056,-133.26289884507412,-211.39360908867644,-602.9538517583734,201.87479193778762,-736.2167506034475,68.6118930927135,-719.9312922592874,117.79199714656981,553.0871726092001,-348.6341669463011,0.34806629834254144,0.0,0.517194075695146,80.0,0.3333333333333333
UZS,2,2022-01…2022-06,BUY_NOW,13,20,10.0,9,9,0.0,0.1111111111111111,0.0,0.0,0.0,0.3333333333333333,0.4017094017094017,0.8297872340425531,-344.65650793375056,-133.26289884507412,-211.39360908867644,-602.9538517583734,201.87479193778762,-736.2167506034475,68.6118930927135,-719.9312922592874,117.79199714656981,553.0871726092001,-348.6341669463011,0.34806629834254144,0.0,0.517194075695146,80.0,0.3333333333333333
UZS,2,2022-01…2022-06,BUY_NOW,13,20,25.0,9,9,0.0,0.1111111111111111,0.0,0.0,0.0,0.3333333333333333,0.41025641025641024,0.8125,-344.65650793375056,-133.26289884507412,-211.39360908867644,-602.9538517583734,201.87479193778762,-736.2167506034475,68.6118930927135,-719.9312922592874,117.79199714656981,553.0871726092001,-348.6341669463011,0.34806629834254144,0.0,0.517194075695146,80.0,0.3333333333333333
UZS,2,2022-01…2022-06,BUY_NOW,13,20,50.0,9,9,0.0,0.11965811965811966,0.0,0.0,0.0,0.3333333333333333,0.42735042735042733,0.78,-344.65650793375056,-133.26289884507412,-211.39360908867644,-602.9538517583734,201.87479193778762,-736.2167506034475,68.6118930927135,-719.9312922592874,117.79199714656981,553.0871726092001,-348.6341669463011,0.34806629834254144,0.0,0.517194075695146,80.0,0.3333333333333333
UZS,2,2022-01…2022-06,WINDOW_CLOSING,13,1,0.0,4,4,0.5,0.37606837606837606,1.3295454545454546,,,0.5,0.37606837606837606,1.3295454545454546,-73.67571353368547,-23.59492605855246,-50.08078747513301,,,,,,,-13.60906080053792,153.10967459180205,0.15469613259668508,0.0,0.5220359211227786,99.0,0.5
UZS,2,2022-01…2022-06,WINDOW_CLOSING,13,1,10.0,4,4,0.5,0.37606837606837606,1.3295454545454546,,,0.5,0.37606837606837606,1.3295454545454546,-73.67571353368547,-23.59492605855246,-50.08078747513301,,,,,,,-13.60906080053792,153.10967459180205,0.15469613259668508,0.0,0.5220359211227786,99.0,0.5
UZS,2,2022-01…2022-06,WINDOW_CLOSING,13,1,25.0,4,4,0.5,0.37606837606837606,1.3295454545454546,,,0.5,0.37606837606837606,1.3295454545454546,-73.67571353368547,-23.59492605855246,-50.08078747513301,,,,,,,-13.60906080053792,153.10967459180205,0.15469613259668508,0.0,0.5220359211227786,99.0,0.5
UZS,2,2022-01…2022-06,WINDOW_CLOSING,13,1,50.0,4,4,0.5,0.37606837606837606,1.3295454545454546,,,0.5,0.37606837606837606,1.3295454545454546,-73.67571353368547,-23.59492605855246,-50.08078747513301,,,,,,,-13.60906080053792,153.10967459180205,0.15469613259668508,0.0,0.5220359211227786,99.0,0.5
UZS,2,2022-01…2022-06,WINDOW_CLOSING,13,3,0.0,4,4,0.5,0.3247863247863248,1.5394736842105263,,,0.5,0.3247863247863248,1.5394736842105263,-51.81157441065676,-41.032594481952486,-10.778979928704274,,,,,,,61.5046929658769,153.10967459180205,0.15469613259668508,0.0,0.5220359211227786,99.0,0.5
UZS,2,2022-01…2022-06,WINDOW_CLOSING,13,3,10.0,4,4,0.5,0.3247863247863248,1.5394736842105263,,,0.5,0.3247863247863248,1.5394736842105263,-51.81157441065676,-41.032594481952486,-10.778979928704274,,,,,,,61.5046929658769,153.10967459180205,0.15469613259668508,0.0,0.5220359211227786,99.0,0.5
UZS,2,2022-01…2022-06,WINDOW_CLOSING,13,3,25.0,4,4,0.5,0.3247863247863248,1.5394736842105263,,,0.5,0.3247863247863248,1.5394736842105263,-51.81157441065676,-41.032594481952486,-10.778979928704274,,,,,,,61.5046929658769,153.10967459180205,0.15469613259668508,0.0,0.5220359211227786,99.0,0.5
UZS,2,2022-01…2022-06,WINDOW_CLOSING,13,3,50.0,4,4,0.5,0.3247863247863248,1.5394736842105263,,,0.5,0.3247863247863248,1.5394736842105263,-51.81157441065676,-41.032594481952486,-10.778979928704274,,,,,,,61.5046929658769,153.10967459180205,0.15469613259668508,0.0,0.5220359211227786,99.0,0.5
UZS,2,2022-01…2022-06,WINDOW_CLOSING,13,5,0.0,4,4,0.25,0.37606837606837606,0.6647727272727273,,,0.25,0.37606837606837606,0.6647727272727273,32.81561178579193,-49.97551735587604,82.79112914166797,,,,,,,50.78326545994217,153.10967459180205,0.15469613259668508,0.0,0.5220359211227786,99.0,0.5
UZS,2,2022-01…2022-06,WINDOW_CLOSING,13,5,10.0,4,4,0.25,0.37606837606837606,0.6647727272727273,,,0.25,0.37606837606837606,0.6647727272727273,32.81561178579193,-49.97551735587604,82.79112914166797,,,,,,,50.78326545994217,153.10967459180205,0.15469613259668508,0.0,0.5220359211227786,99.0,0.5
UZS,2,2022-01…2022-06,WINDOW_CLOSING,13,5,25.0,4,4,0.25,0.37606837606837606,0.6647727272727273,,,0.25,0.37606837606837606,0.6647727272727273,32.81561178579193,-49.97551735587604,82.79112914166797,,,,,,,50.78326545994217,153.10967459180205,0.15469613259668508,0.0,0.5220359211227786,99.0,0.5
UZS,2,2022-01…2022-06,WINDOW_CLOSING,13,5,50.0,4,4,0.25,0.37606837606837606,0.6647727272727273,,,0.25,0.37606837606837606,0.6647727272727273,32.81561178579193,-49.97551735587604,82.79112914166797,,,,,,,50.78326545994217,153.10967459180205,0.15469613259668508,0.0,0.5220359211227786,99.0,0.5
UZS,2,2022-01…2022-06,WINDOW_CLOSING,13,10,0.0,4,4,0.25,0.3333333333333333,0.75,,,0.25,0.3333333333333333,0.75,-120.98595927147272,-68.80694870380078,-52.17901056767194,,,,,,,-7.676333780086708,153.10967459180205,0.15469613259668508,0.0,0.5220359211227786,99.0,0.5
UZS,2,2022-01…2022-06,WINDOW_CLOSING,13,10,10.0,4,4,0.25,0.3333333333333333,0.75,,,0.25,0.3333333333333333,0.75,-120.98595927147272,-68.80694870380078,-52.17901056767194,,,,,,,-7.676333780086708,153.10967459180205,0.15469613259668508,0.0,0.5220359211227786,99.0,0.5
UZS,2,2022-01…2022-06,WINDOW_CLOSING,13,10,25.0,4,4,0.25,0.3333333333333333,0.75,,,0.25,0.3333333333333333,0.75,-120.98595927147272,-68.80694870380078,-52.17901056767194,,,,,,,-7.676333780086708,153.10967459180205,0.15469613259668508,0.0,0.5220359211227786,99.0,0.5
UZS,2,2022-01…2022-06,WINDOW_CLOSING,13,10,50.0,4,4,0.25,0.3333333333333333,0.75,,,0.25,0.3333333333333333,0.75,-120.98595927147272,-68.80694870380078,-52.17901056767194,,,,,,,-7.676333780086708,153.10967459180205,0.15469613259668508,0.0,0.5220359211227786,99.0,0.5
UZS,2,2022-01…2022-06,WINDOW_CLOSING,13,20,0.0,4,4,0.5,0.38461538461538464,1.2999999999999998,,,0.5,0.38461538461538464,1.2999999999999998,-393.8021864493906,-133.26289884507412,-260.5392876043165,,,,,,,68.85856231815589,153.10967459180205,0.15469613259668508,0.0,0.5220359211227786,99.0,0.5
UZS,2,2022-01…2022-06,WINDOW_CLOSING,13,20,10.0,4,4,0.5,0.38461538461538464,1.2999999999999998,,,0.5,0.38461538461538464,1.2999999999999998,-393.8021864493906,-133.26289884507412,-260.5392876043165,,,,,,,68.85856231815589,153.10967459180205,0.15469613259668508,0.0,0.5220359211227786,99.0,0.5
UZS,2,2022-01…2022-06,WINDOW_CLOSING,13,20,25.0,4,4,0.5,0.38461538461538464,1.2999999999999998,,,0.5,0.38461538461538464,1.2999999999999998,-393.8021864493906,-133.26289884507412,-260.5392876043165,,,,,,,68.85856231815589,153.10967459180205,0.15469613259668508,0.0,0.5220359211227786,99.0,0.5
UZS,2,2022-01…2022-06,WINDOW_CLOSING,13,20,50.0,4,4,0.5,0.38461538461538464,1.2999999999999998,,,0.5,0.38461538461538464,1.2999999999999998,-393.8021864493906,-133.26289884507412,-260.5392876043165,,,,,,,68.85856231815589,153.10967459180205,0.15469613259668508,0.0,0.5220359211227786,99.0,0.5
UZS,3,2022-07…2022-12,BUY_NOW,7,1,0.0,7,7,0.7142857142857143,0.5769230769230769,1.2380952380952381,0.7428571428571429,1.7333333333333334,0.7142857142857143,0.5769230769230769,1.2380952380952381,67.47025842252016,18.935896238661574,48.53436218385859,-34.55930354370242,138.40705435529182,-15.623407305040844,157.3429505939534,-5.8831133296571885,174.4625384757781,47.73888523722071,233.6836201377013,0.266304347826087,0.0,0.9122675688676535,63.0,0.3333333333333333
UZS,3,2022-07…2022-12,BUY_NOW,7,1,10.0,7,7,0.7142857142857143,0.6461538461538462,1.1054421768707483,0.6632653061224489,1.5476190476190474,0.7142857142857143,0.6461538461538462,1.1054421768707483,67.47025842252016,18.935896238661574,48.53436218385859,-34.55930354370242,138.40705435529182,-15.623407305040844,157.3429505939534,-5.8831133296571885,174.4625384757781,47.73888523722071,233.6836201377013,0.266304347826087,0.0,0.9122675688676535,63.0,0.3333333333333333
UZS,3,2022-07…2022-12,BUY_NOW,7,1,25.0,7,7,0.7142857142857143,0.6923076923076923,1.0317460317460319,0.6190476190476191,1.4444444444444444,0.7142857142857143,0.6923076923076923,1.0317460317460319,67.47025842252016,18.935896238661574,48.53436218385859,-34.55930354370242,138.40705435529182,-15.623407305040844,157.3429505939534,-5.8831133296571885,174.4625384757781,47.73888523722071,233.6836201377013,0.266304347826087,0.0,0.9122675688676535,63.0,0.3333333333333333
UZS,3,2022-07…2022-12,BUY_NOW,7,1,50.0,7,7,0.7142857142857143,0.7769230769230769,0.9193776520509194,0.5516265912305516,1.2871287128712872,0.7142857142857143,0.7769230769230769,0.9193776520509194,67.47025842252016,18.935896238661574,48.53436218385859,-34.55930354370242,138.40705435529182,-15.623407305040844,157.3429505939534,-5.8831133296571885,174.4625384757781,47.73888523722071,233.6836201377013,0.266304347826087,0.0,0.9122675688676535,63.0,0.3333333333333333
UZS,3,2022-07…2022-12,BUY_NOW,7,3,0.0,7,7,0.5714285714285714,0.4076923076923077,1.4016172506738545,0.692048517520216,2.1024258760107815,0.8571428571428571,0.5461538461538461,1.5694164989939638,159.1750665720488,34.22408743390864,124.95097913814016,-14.392581151737858,256.12436656091285,19.831506282170785,290.3484539948215,75.94876581597097,303.7487845213249,161.4284643014427,233.6836201377013,0.266304347826087,0.0,0.9122675688676535,63.0,0.3333333333333333
UZS,3,2022-07…2022-12,BUY_NOW,7,3,10.0,7,7,0.5714285714285714,0.46153846153846156,1.238095238095238,0.6113095238095241,1.857142857142857,0.8571428571428571,0.5769230769230769,1.4857142857142858,159.1750665720488,34.22408743390864,124.95097913814016,-14.392581151737858,256.12436656091285,19.831506282170785,290.3484539948215,75.94876581597097,303.7487845213249,161.4284643014427,233.6836201377013,0.266304347826087,0.0,0.9122675688676535,63.0,0.3333333333333333
UZS,3,2022-07…2022-12,BUY_NOW,7,3,25.0,7,7,0.5714285714285714,0.5153846153846153,1.1087420042643923,0.547441364605544,1.6631130063965887,0.8571428571428571,0.6307692307692307,1.3588850174216027,159.1750665720488,34.22408743390864,124.95097913814016,-14.392581151737858,256.12436656091285,19.831506282170785,290.3484539948215,75.94876581597097,303.7487845213249,161.4284643014427,233.6836201377013,0.266304347826087,0.0,0.9122675688676535,63.0,0.3333333333333333
UZS,3,2022-07…2022-12,BUY_NOW,7,3,50.0,7,7,0.5714285714285714,0.5923076923076923,0.9647495361781075,0.4763450834879409,1.4471243042671613,0.8571428571428571,0.7384615384615385,1.1607142857142856,159.1750665720488,34.22408743390864,124.95097913814016,-14.392581151737858,256.12436656091285,19.831506282170785,290.3484539948215,75.94876581597097,303.7487845213249,161.4284643014427,233.6836201377013,0.266304347826087,0.0,0.9122675688676535,63.0,0.3333333333333333
UZS,3,2022-07…2022-12,BUY_NOW,7,5,0.0,7,7,0.5714285714285714,0.3230769230769231,1.768707482993197,0.8732993197278917,2.6530612244897958,0.7142857142857143,0.5769230769230769,1.2380952380952381,172.03181015250883,41.72049353241231,130.3113166200965,-78.76292408540378,319.58746897499026,-37.04243055299147,361.3079625074026,30.99648604166542,275.2890775599644,164.70950529035184,233.6836201377013,0.266304347826087,0.0,0.9122675688676535,63.0,0.3333333333333333
UZS,3,2022-07…2022-12,BUY_NOW,7,5,10.0,7,7,0.5714285714285714,0.38461538461538464,1.4857142857142855,0.733571428571429,2.228571428571428,0.7142857142857143,0.5846153846153846,1.2218045112781954,172.03181015250883,41.72049353241231,130.3113166200965,-78.76292408540378,319.58746897499026,-37.04243055299147,361.3079625074026,30.99648604166542,275.2890775599644,164.70950529035184,233.6836201377013,0.266304347826087,0.0,0.9122675688676535,63.0,0.3333333333333333
UZS,3,2022-07…2022-12,BUY_NOW,7,5,25.0,7,7,0.5714285714285714,0.45384615384615384,1.2590799031476998,0.6216707021791771,1.8886198547215496,0.7142857142857143,0.6384615384615384,1.1187607573149743,172.03181015250883,41.72049353241231,130.3113166200965,-78.76292408540378,319.58746897499026,-37.04243055299147,361.3079625074026,30.99648604166542,275.2890775599644,164.70950529035184,233.6836201377013,0.266304347826087,0.0,0.9122675688676535,63.0,0.3333333333333333
UZS,3,2022-07…2022-12,BUY_NOW,7,5,50.0,7,7,0.5714285714285714,0.5384615384615384,1.0612244897959184,0.523979591836735,1.5918367346938775,0.7142857142857143,0.6846153846153846,1.043338683788122,172.03181015250883,41.72049353241231,130.3113166200965,-78.76292408540378,319.58746897499026,-37.04243055299147,361.3079625074026,30.99648604166542,275.2890775599644,164.70950529035184,233.6836201377013,0.266304347826087,0.0,0.9122675688676535,63.0,0.3333333333333333
UZS,3,2022-07…2022-12,BUY_NOW,7,10,0.0,7,7,0.2857142857142857,0.26153846153846155,1.0924369747899159,0.0,2.73109243697479,0.8571428571428571,0.5461538461538461,1.5694164989939638,252.11374395566264,60.75501350817667,191.35873044748598,-53.31807673019098,424.30297137460934,7.436936777985685,485.057984882786,140.6083890864873,321.41799007335214,197.84599955879608,233.6836201377013,0.266304347826087,0.0,0.9122675688676535,63.0,0.3333333333333333
UZS,3,2022-07…2022-12,BUY_NOW,7,10,10.0,7,7,0.2857142857142857,0.2846153846153846,1.0038610038610039,0.0,2.50965250965251,0.8571428571428571,0.5538461538461539,1.5476190476190474,252.11374395566264,60.75501350817667,191.35873044748598,-53.31807673019098,424.30297137460934,7.436936777985685,485.057984882786,140.6083890864873,321.41799007335214,197.84599955879608,233.6836201377013,0.266304347826087,0.0,0.9122675688676535,63.0,0.3333333333333333
UZS,3,2022-07…2022-12,BUY_NOW,7,10,25.0,7,7,0.2857142857142857,0.3384615384615385,0.8441558441558441,0.0,2.1103896103896105,0.8571428571428571,0.6076923076923076,1.410488245931284,252.11374395566264,60.75501350817667,191.35873044748598,-53.31807673019098,424.30297137460934,7.436936777985685,485.057984882786,140.6083890864873,321.41799007335214,197.84599955879608,233.6836201377013,0.266304347826087,0.0,0.9122675688676535,63.0,0.3333333333333333
UZS,3,2022-07…2022-12,BUY_NOW,7,10,50.0,7,7,0.2857142857142857,0.3769230769230769,0.7580174927113702,0.0,1.8950437317784257,0.8571428571428571,0.6230769230769231,1.3756613756613756,252.11374395566264,60.75501350817667,191.35873044748598,-53.31807673019098,424.30297137460934,7.436936777985685,485.057984882786,140.6083890864873,321.41799007335214,197.84599955879608,233.6836201377013,0.266304347826087,0.0,0.9122675688676535,63.0,0.3333333333333333
UZS,3,2022-07…2022-12,BUY_NOW,7,20,0.0,7,7,0.2857142857142857,0.2076923076923077,1.3756613756613756,0.0,3.439153439153439,0.7142857142857143,0.5076923076923077,1.4069264069264071,321.68855759833593,116.21310466761958,205.47545293071636,-16.81185765179744,425.0276394313708,99.40124701582214,541.2407440989904,141.14036352214308,413.6086521151636,147.25582150562772,233.6836201377013,0.266304347826087,0.0,0.9122675688676535,63.0,0.3333333333333333
UZS,3,2022-07…2022-12,BUY_NOW,7,20,10.0,7,7,0.2857142857142857,0.2153846153846154,1.3265306122448979,0.0,3.316326530612245,0.7142857142857143,0.5153846153846153,1.3859275053304905,321.68855759833593,116.21310466761958,205.47545293071636,-16.81185765179744,425.0276394313708,99.40124701582214,541.2407440989904,141.14036352214308,413.6086521151636,147.25582150562772,233.6836201377013,0.266304347826087,0.0,0.9122675688676535,63.0,0.3333333333333333
UZS,3,2022-07…2022-12,BUY_NOW,7,20,25.0,7,7,0.2857142857142857,0.25384615384615383,1.1255411255411256,0.0,2.8138528138528143,0.8571428571428571,0.5307692307692308,1.6149068322981366,321.68855759833593,116.21310466761958,205.47545293071636,-16.81185765179744,425.0276394313708,99.40124701582214,541.2407440989904,141.14036352214308,413.6086521151636,147.25582150562772,233.6836201377013,0.266304347826087,0.0,0.9122675688676535,63.0,0.3333333333333333
UZS,3,2022-07…2022-12,BUY_NOW,7,20,50.0,7,7,0.2857142857142857,0.27692307692307694,1.0317460317460316,0.0,2.579365079365079,0.8571428571428571,0.5692307692307692,1.5057915057915057,321.68855759833593,116.21310466761958,205.47545293071636,-16.81185765179744,425.0276394313708,99.40124701582214,541.2407440989904,141.14036352214308,413.6086521151636,147.25582150562772,233.6836201377013,0.266304347826087,0.0,0.9122675688676535,63.0,0.3333333333333333
UZS,4,2023-01…2023-06,BUY_NOW,1,1,0.0,1,1,0.0,0.6186440677966102,0.0,,,0.0,0.6186440677966102,0.0,-45.16989115289971,18.965912641281374,-64.13580379418109,,,,,,,-49.721487446622305,-16.716771842395506,0.03867403314917127,0.0,,123.0,0.8333333333333334
UZS,4,2023-01…2023-06,BUY_NOW,1,1,10.0,1,1,0.0,0.6864406779661016,0.0,,,0.0,0.6864406779661016,0.0,-45.16989115289971,18.965912641281374,-64.13580379418109,,,,,,,-49.721487446622305,-16.716771842395506,0.03867403314917127,0.0,,123.0,0.8333333333333334
UZS,4,2023-01…2023-06,BUY_NOW,1,1,25.0,1,1,0.0,0.788135593220339,0.0,,,0.0,0.788135593220339,0.0,-45.16989115289971,18.965912641281374,-64.13580379418109,,,,,,,-49.721487446622305,-16.716771842395506,0.03867403314917127,0.0,,123.0,0.8333333333333334
UZS,4,2023-01…2023-06,BUY_NOW,1,1,50.0,1,1,1.0,0.847457627118644,1.1800000000000002,,,1.0,0.847457627118644,1.1800000000000002,-45.16989115289971,18.965912641281374,-64.13580379418109,,,,,,,-49.721487446622305,-16.716771842395506,0.03867403314917127,0.0,,123.0,0.8333333333333334
UZS,4,2023-01…2023-06,BUY_NOW,1,3,0.0,1,1,0.0,0.4915254237288136,0.0,,,0.0,0.6610169491525424,0.0,-17.16315428883286,39.58446454054043,-56.747618829373295,,,,,,,-55.44922625370874,-16.716771842395506,0.03867403314917127,0.0,,123.0,0.8333333333333334
UZS,4,2023-01…2023-06,BUY_NOW,1,3,10.0,1,1,0.0,0.5508474576271186,0.0,,,0.0,0.7457627118644068,0.0,-17.16315428883286,39.58446454054043,-56.747618829373295,,,,,,,-55.44922625370874,-16.716771842395506,0.03867403314917127,0.0,,123.0,0.8333333333333334
UZS,4,2023-01…2023-06,BUY_NOW,1,3,25.0,1,1,0.0,0.6440677966101694,0.0,,,1.0,0.8135593220338984,1.2291666666666665,-17.16315428883286,39.58446454054043,-56.747618829373295,,,,,,,-55.44922625370874,-16.716771842395506,0.03867403314917127,0.0,,123.0,0.8333333333333334
UZS,4,2023-01…2023-06,BUY_NOW,1,3,50.0,1,1,1.0,0.7542372881355932,1.3258426966292136,,,1.0,0.847457627118644,1.1800000000000002,-17.16315428883286,39.58446454054043,-56.747618829373295,,,,,,,-55.44922625370874,-16.716771842395506,0.03867403314917127,0.0,,123.0,0.8333333333333334
UZS,4,2023-01…2023-06,BUY_NOW,1,5,0.0,1,1,0.0,0.4491525423728814,0.0,,,0.0,0.7288135593220338,0.0,-15.392671102404387,63.26606191286509,-78.65873301526948,,,,,,,-55.60771709985812,-16.716771842395506,0.03867403314917127,0.0,,123.0,0.8333333333333334
UZS,4,2023-01…2023-06,BUY_NOW,1,5,10.0,1,1,0.0,0.5169491525423728,0.0,,,0.0,0.7627118644067796,0.0,-15.392671102404387,63.26606191286509,-78.65873301526948,,,,,,,-55.60771709985812,-16.716771842395506,0.03867403314917127,0.0,,123.0,0.8333333333333334
UZS,4,2023-01…2023-06,BUY_NOW,1,5,25.0,1,1,0.0,0.6016949152542372,0.0,,,1.0,0.8305084745762712,1.2040816326530612,-15.392671102404387,63.26606191286509,-78.65873301526948,,,,,,,-55.60771709985812,-16.716771842395506,0.03867403314917127,0.0,,123.0,0.8333333333333334
UZS,4,2023-01…2023-06,BUY_NOW,1,5,50.0,1,1,1.0,0.7033898305084746,1.4216867469879517,,,1.0,0.864406779661017,1.156862745098039,-15.392671102404387,63.26606191286509,-78.65873301526948,,,,,,,-55.60771709985812,-16.716771842395506,0.03867403314917127,0.0,,123.0,0.8333333333333334
UZS,4,2023-01…2023-06,BUY_NOW,1,10,0.0,1,1,0.0,0.4406779661016949,0.0,,,0.0,0.7796610169491526,0.0,-15.847078401811654,121.1238575686359,-136.97093597044756,,,,,,,-96.57659772314919,-16.716771842395506,0.03867403314917127,0.0,,123.0,0.8333333333333334
UZS,4,2023-01…2023-06,BUY_NOW,1,10,10.0,1,1,0.0,0.4830508474576271,0.0,,,0.0,0.8050847457627118,0.0,-15.847078401811654,121.1238575686359,-136.97093597044756,,,,,,,-96.57659772314919,-16.716771842395506,0.03867403314917127,0.0,,123.0,0.8333333333333334
UZS,4,2023-01…2023-06,BUY_NOW,1,10,25.0,1,1,0.0,0.5423728813559322,0.0,,,1.0,0.8305084745762712,1.2040816326530612,-15.847078401811654,121.1238575686359,-136.97093597044756,,,,,,,-96.57659772314919,-16.716771842395506,0.03867403314917127,0.0,,123.0,0.8333333333333334
UZS,4,2023-01…2023-06,BUY_NOW,1,10,50.0,1,1,0.0,0.6186440677966102,0.0,,,1.0,0.8559322033898306,1.1683168316831682,-15.847078401811654,121.1238575686359,-136.97093597044756,,,,,,,-96.57659772314919,-16.716771842395506,0.03867403314917127,0.0,,123.0,0.8333333333333334
UZS,4,2023-01…2023-06,BUY_NOW,1,20,0.0,1,1,0.0,0.4067796610169492,0.0,,,1.0,0.8305084745762712,1.2040816326530612,37.8218843759126,230.9240759258275,-193.1021915499149,,,,,,,-190.12770048841165,-16.716771842395506,0.03867403314917127,0.0,,123.0,0.8333333333333334
UZS,4,2023-01…2023-06,BUY_NOW,1,20,10.0,1,1,0.0,0.4406779661016949,0.0,,,1.0,0.8389830508474576,1.191919191919192,37.8218843759126,230.9240759258275,-193.1021915499149,,,,,,,-190.12770048841165,-16.716771842395506,0.03867403314917127,0.0,,123.0,0.8333333333333334
UZS,4,2023-01…2023-06,BUY_NOW,1,20,25.0,1,1,0.0,0.5,0.0,,,1.0,0.8389830508474576,1.191919191919192,37.8218843759126,230.9240759258275,-193.1021915499149,,,,,,,-190.12770048841165,-16.716771842395506,0.03867403314917127,0.0,,123.0,0.8333333333333334
UZS,4,2023-01…2023-06,BUY_NOW,1,20,50.0,1,1,0.0,0.5932203389830508,0.0,,,1.0,0.8389830508474576,1.191919191919192,37.8218843759126,230.9240759258275,-193.1021915499149,,,,,,,-190.12770048841165,-16.716771842395506,0.03867403314917127,0.0,,123.0,0.8333333333333334
UZS,5,2023-07…2023-12,BUY_NOW,8,1,0.0,8,8,0.125,0.5116279069767442,0.2443181818181818,0.0,0.7329545454545454,0.125,0.5116279069767442,0.2443181818181818,-48.41303580430973,-4.227014112910296,-44.18602169139943,-92.82515690699987,-3.4476536885953593,-97.05217101991016,-7.674667801505655,-55.27261725112143,-27.834291463874614,-6.554535100022353,-0.5033401628443173,0.30434782608695654,0.0,1.3360519936438553,92.0,0.3333333333333333
UZS,5,2023-07…2023-12,BUY_NOW,8,1,10.0,8,8,0.25,0.5658914728682171,0.4417808219178082,0.0,0.8835616438356164,0.25,0.5658914728682171,0.4417808219178082,-48.41303580430973,-4.227014112910296,-44.18602169139943,-92.82515690699987,-3.4476536885953593,-97.05217101991016,-7.674667801505655,-55.27261725112143,-27.834291463874614,-6.554535100022353,-0.5033401628443173,0.30434782608695654,0.0,1.3360519936438553,92.0,0.3333333333333333
UZS,5,2023-07…2023-12,BUY_NOW,8,1,25.0,8,8,0.5,0.689922480620155,0.7247191011235955,0.18117977528089887,1.2682584269662922,0.5,0.689922480620155,0.7247191011235955,-48.41303580430973,-4.227014112910296,-44.18602169139943,-92.82515690699987,-3.4476536885953593,-97.05217101991016,-7.674667801505655,-55.27261725112143,-27.834291463874614,-6.554535100022353,-0.5033401628443173,0.30434782608695654,0.0,1.3360519936438553,92.0,0.3333333333333333
UZS,5,2023-07…2023-12,BUY_NOW,8,1,50.0,8,8,0.75,0.7751937984496124,0.9674999999999999,0.645,1.29,0.75,0.7751937984496124,0.9674999999999999,-48.41303580430973,-4.227014112910296,-44.18602169139943,-92.82515690699987,-3.4476536885953593,-97.05217101991016,-7.674667801505655,-55.27261725112143,-27.834291463874614,-6.554535100022353,-0.5033401628443173,0.30434782608695654,0.0,1.3360519936438553,92.0,0.3333333333333333
UZS,5,2023-07…2023-12,BUY_NOW,8,3,0.0,8,8,0.125,0.40310077519379844,0.31009615384615385,0.0,0.9302884615384616,0.375,0.5271317829457365,0.7113970588235293,-39.082133348191796,-9.792873723509038,-29.289259624682757,-100.06268895204998,36.256286157203284,-109.85556267555901,26.463412433694245,-59.30159586115452,-18.86267083522907,12.240714440579364,-0.5033401628443173,0.30434782608695654,0.0,1.3360519936438553,92.0,0.3333333333333333
UZS,5,2023-07…2023-12,BUY_NOW,8,3,10.0,8,8,0.25,0.4186046511627907,0.5972222222222222,0.0,1.1944444444444444,0.5,0.5503875968992248,0.9084507042253521,-39.082133348191796,-9.792873723509038,-29.289259624682757,-100.06268895204998,36.256286157203284,-109.85556267555901,26.463412433694245,-59.30159586115452,-18.86267083522907,12.240714440579364,-0.5033401628443173,0.30434782608695654,0.0,1.3360519936438553,92.0,0.3333333333333333
UZS,5,2023-07…2023-12,BUY_NOW,8,3,25.0,8,8,0.25,0.4883720930232558,0.511904761904762,0.0,1.023809523809524,0.5,0.5891472868217055,0.8486842105263157,-39.082133348191796,-9.792873723509038,-29.289259624682757,-100.06268895204998,36.256286157203284,-109.85556267555901,26.463412433694245,-59.30159586115452,-18.86267083522907,12.240714440579364,-0.5033401628443173,0.30434782608695654,0.0,1.3360519936438553,92.0,0.3333333333333333
UZS,5,2023-07…2023-12,BUY_NOW,8,3,50.0,8,8,0.5,0.5581395348837209,0.8958333333333334,0.22395833333333334,1.5677083333333333,0.625,0.6589147286821705,0.948529411764706,-39.082133348191796,-9.792873723509038,-29.289259624682757,-100.06268895204998,36.256286157203284,-109.85556267555901,26.463412433694245,-59.30159586115452,-18.86267083522907,12.240714440579364,-0.5033401628443173,0.30434782608695654,0.0,1.3360519936438553,92.0,0.3333333333333333
UZS,5,2023-07…2023-12,BUY_NOW,8,5,0.0,8,8,0.125,0.32558139534883723,0.3839285714285714,0.0,1.1517857142857142,0.5,0.4883720930232558,1.023809523809524,-25.922581234078812,-17.369813495445502,-8.55276773863331,-103.20117873557079,89.51188110003909,-120.57099223101629,72.14206760459359,-57.62329812798784,5.778135659830202,23.61087795280742,-0.5033401628443173,0.30434782608695654,0.0,1.3360519936438553,92.0,0.3333333333333333
UZS,5,2023-07…2023-12,BUY_NOW,8,5,10.0,8,8,0.25,0.3488372093023256,0.7166666666666667,0.0,1.4333333333333333,0.5,0.49612403100775193,1.0078125,-25.922581234078812,-17.369813495445502,-8.55276773863331,-103.20117873557079,89.51188110003909,-120.57099223101629,72.14206760459359,-57.62329812798784,5.778135659830202,23.61087795280742,-0.5033401628443173,0.30434782608695654,0.0,1.3360519936438553,92.0,0.3333333333333333
UZS,5,2023-07…2023-12,BUY_NOW,8,5,25.0,8,8,0.25,0.4108527131782946,0.6084905660377359,0.0,1.2169811320754718,0.5,0.5503875968992248,0.9084507042253521,-25.922581234078812,-17.369813495445502,-8.55276773863331,-103.20117873557079,89.51188110003909,-120.57099223101629,72.14206760459359,-57.62329812798784,5.778135659830202,23.61087795280742,-0.5033401628443173,0.30434782608695654,0.0,1.3360519936438553,92.0,0.3333333333333333
UZS,5,2023-07…2023-12,BUY_NOW,8,5,50.0,8,8,0.375,0.4573643410852713,0.8199152542372882,0.2733050847457627,1.6398305084745763,0.625,0.5968992248062015,1.0470779220779223,-25.922581234078812,-17.369813495445502,-8.55276773863331,-103.20117873557079,89.51188110003909,-120.57099223101629,72.14206760459359,-57.62329812798784,5.778135659830202,23.61087795280742,-0.5033401628443173,0.30434782608695654,0.0,1.3360519936438553,92.0,0.3333333333333333
UZS,5,2023-07…2023-12,BUY_NOW,8,10,0.0,8,8,0.125,0.17829457364341086,0.7010869565217391,0.0,2.1032608695652173,0.5,0.46511627906976744,1.075,-13.452721479089437,-35.8037699131304,22.351048434040965,-101.47144344616433,141.60088307401134,-137.27521335929472,105.79711316088093,-92.56830054783256,104.2453754037755,46.04719674530203,-0.5033401628443173,0.30434782608695654,0.0,1.3360519936438553,92.0,0.3333333333333333
UZS,5,2023-07…2023-12,BUY_NOW,8,10,10.0,8,8,0.25,0.20155038759689922,1.2403846153846154,0.0,2.480769230769231,0.5,0.4806201550387597,1.0403225806451613,-13.452721479089437,-35.8037699131304,22.351048434040965,-101.47144344616433,141.60088307401134,-137.27521335929472,105.79711316088093,-92.56830054783256,104.2453754037755,46.04719674530203,-0.5033401628443173,0.30434782608695654,0.0,1.3360519936438553,92.0,0.3333333333333333
UZS,5,2023-07…2023-12,BUY_NOW,8,10,25.0,8,8,0.25,0.24806201550387597,1.0078125,0.0,2.015625,0.5,0.49612403100775193,1.0078125,-13.452721479089437,-35.8037699131304,22.351048434040965,-101.47144344616433,141.60088307401134,-137.27521335929472,105.79711316088093,-92.56830054783256,104.2453754037755,46.04719674530203,-0.5033401628443173,0.30434782608695654,0.0,1.3360519936438553,92.0,0.3333333333333333
UZS,5,2023-07…2023-12,BUY_NOW,8,10,50.0,8,8,0.375,0.31007751937984496,1.209375,0.403125,2.41875,0.5,0.5426356589147286,0.9214285714285715,-13.452721479089437,-35.8037699131304,22.351048434040965,-101.47144344616433,141.60088307401134,-137.27521335929472,105.79711316088093,-92.56830054783256,104.2453754037755,46.04719674530203,-0.5033401628443173,0.30434782608695654,0.0,1.3360519936438553,92.0,0.3333333333333333
UZS,5,2023-07…2023-12,BUY_NOW,8,20,0.0,8,8,0.125,0.05426356589147287,2.303571428571429,0.0,6.910714285714286,0.375,0.4496124031007752,0.834051724137931,-40.49383436161098,-69.49233690529937,28.99850254368839,-115.58657030028522,180.19996570534332,-185.07890720558458,110.70762880004395,-210.1231962758915,143.0232962440556,56.32833507963633,-0.5033401628443173,0.30434782608695654,0.0,1.3360519936438553,92.0,0.3333333333333333
UZS,5,2023-07…2023-12,BUY_NOW,8,20,10.0,8,8,0.25,0.07751937984496124,3.225,0.0,6.45,0.375,0.4573643410852713,0.8199152542372882,-40.49383436161098,-69.49233690529937,28.99850254368839,-115.58657030028522,180.19996570534332,-185.07890720558458,110.70762880004395,-210.1231962758915,143.0232962440556,56.32833507963633,-0.5033401628443173,0.30434782608695654,0.0,1.3360519936438553,92.0,0.3333333333333333
UZS,5,2023-07…2023-12,BUY_NOW,8,20,25.0,8,8,0.25,0.13953488372093023,1.7916666666666667,0.0,3.5833333333333335,0.375,0.4728682170542636,0.7930327868852459,-40.49383436161098,-69.49233690529937,28.99850254368839,-115.58657030028522,180.19996570534332,-185.07890720558458,110.70762880004395,-210.1231962758915,143.0232962440556,56.32833507963633,-0.5033401628443173,0.30434782608695654,0.0,1.3360519936438553,92.0,0.3333333333333333
UZS,5,2023-07…2023-12,BUY_NOW,8,20,50.0,8,8,0.25,0.20155038759689922,1.2403846153846154,0.0,2.480769230769231,0.375,0.5193798449612403,0.7220149253731343,-40.49383436161098,-69.49233690529937,28.99850254368839,-115.58657030028522,180.19996570534332,-185.07890720558458,110.70762880004395,-210.1231962758915,143.0232962440556,56.32833507963633,-0.5033401628443173,0.30434782608695654,0.0,1.3360519936438553,92.0,0.3333333333333333
UZS,6,2024-01…2024-06,BUY_NOW,8,1,0.0,8,8,0.25,0.5042735042735043,0.4957627118644068,0.0,0.9915254237288136,0.25,0.5042735042735043,0.4957627118644068,-4.8732306113784265,-3.740699651830933,-1.1325309595474935,-26.723362146898584,24.469558876246435,-30.464061798729517,20.7288592244155,-31.59724681362386,4.034774789370051,7.000849060734837,-10.60207645592892,0.3076923076923077,0.0,1.1845724146524583,79.0,0.3333333333333333
UZS,6,2024-01…2024-06,BUY_NOW,8,1,10.0,8,8,0.625,0.5982905982905983,1.0446428571428572,0.41785714285714287,1.4625000000000001,0.625,0.5982905982905983,1.0446428571428572,-4.8732306113784265,-3.740699651830933,-1.1325309595474935,-26.723362146898584,24.469558876246435,-30.464061798729517,20.7288592244155,-31.59724681362386,4.034774789370051,7.000849060734837,-10.60207645592892,0.3076923076923077,0.0,1.1845724146524583,79.0,0.3333333333333333
UZS,6,2024-01…2024-06,BUY_NOW,8,1,25.0,8,8,0.75,0.6752136752136753,1.110759493670886,0.740506329113924,1.481012658227848,0.75,0.6752136752136753,1.110759493670886,-4.8732306113784265,-3.740699651830933,-1.1325309595474935,-26.723362146898584,24.469558876246435,-30.464061798729517,20.7288592244155,-31.59724681362386,4.034774789370051,7.000849060734837,-10.60207645592892,0.3076923076923077,0.0,1.1845724146524583,79.0,0.3333333333333333
UZS,6,2024-01…2024-06,BUY_NOW,8,1,50.0,8,8,0.875,0.811965811965812,1.0776315789473685,0.7697368421052632,1.231578947368421,0.875,0.811965811965812,1.0776315789473685,-4.8732306113784265,-3.740699651830933,-1.1325309595474935,-26.723362146898584,24.469558876246435,-30.464061798729517,20.7288592244155,-31.59724681362386,4.034774789370051,7.000849060734837,-10.60207645592892,0.3076923076923077,0.0,1.1845724146524583,79.0,0.3333333333333333
UZS,6,2024-01…2024-06,BUY_NOW,8,3,0.0,8,8,0.25,0.3418803418803419,0.73125,0.0,1.4625,0.625,0.452991452991453,1.3797169811320755,3.86266478477601,-5.781070995701275,9.643735780477286,-39.76179534768234,54.696488854510896,-45.542866343383615,48.91541785880962,-62.55840384014999,45.572913082086444,22.22224764354616,-10.60207645592892,0.3076923076923077,0.0,1.1845724146524583,79.0,0.3333333333333333
UZS,6,2024-01…2024-06,BUY_NOW,8,3,10.0,8,8,0.5,0.38461538461538464,1.2999999999999998,0.32499999999999996,2.275,0.625,0.5213675213675214,1.1987704918032787,3.86266478477601,-5.781070995701275,9.643735780477286,-39.76179534768234,54.696488854510896,-45.542866343383615,48.91541785880962,-62.55840384014999,45.572913082086444,22.22224764354616,-10.60207645592892,0.3076923076923077,0.0,1.1845724146524583,79.0,0.3333333333333333
UZS,6,2024-01…2024-06,BUY_NOW,8,3,25.0,8,8,0.625,0.42735042735042733,1.4625000000000001,0.5850000000000001,2.0475,0.625,0.5982905982905983,1.0446428571428572,3.86266478477601,-5.781070995701275,9.643735780477286,-39.76179534768234,54.696488854510896,-45.542866343383615,48.91541785880962,-62.55840384014999,45.572913082086444,22.22224764354616,-10.60207645592892,0.3076923076923077,0.0,1.1845724146524583,79.0,0.3333333333333333
UZS,6,2024-01…2024-06,BUY_NOW,8,3,50.0,8,8,0.625,0.5811965811965812,1.0753676470588234,0.4301470588235294,1.5055147058823528,0.75,0.7350427350427351,1.0203488372093024,3.86266478477601,-5.781070995701275,9.643735780477286,-39.76179534768234,54.696488854510896,-45.542866343383615,48.91541785880962,-62.55840384014999,45.572913082086444,22.22224764354616,-10.60207645592892,0.3076923076923077,0.0,1.1845724146524583,79.0,0.3333333333333333
UZS,6,2024-01…2024-06,BUY_NOW,8,5,0.0,8,8,0.125,0.2564102564102564,0.48750000000000004,0.0,1.4625000000000001,0.625,0.4358974358974359,1.4338235294117647,2.552213890726211,-7.12994799069307,9.682161881419281,-46.72510548628759,64.4472182905627,-53.85505347698066,57.317270299869634,-85.0619532572966,68.81816937103102,23.379697366155973,-10.60207645592892,0.3076923076923077,0.0,1.1845724146524583,79.0,0.3333333333333333
UZS,6,2024-01…2024-06,BUY_NOW,8,5,10.0,8,8,0.25,0.29914529914529914,0.8357142857142857,0.0,1.6714285714285715,0.625,0.48717948717948717,1.2828947368421053,2.552213890726211,-7.12994799069307,9.682161881419281,-46.72510548628759,64.4472182905627,-53.85505347698066,57.317270299869634,-85.0619532572966,68.81816937103102,23.379697366155973,-10.60207645592892,0.3076923076923077,0.0,1.1845724146524583,79.0,0.3333333333333333
UZS,6,2024-01…2024-06,BUY_NOW,8,5,25.0,8,8,0.375,0.3333333333333333,1.125,0.0,2.25,0.625,0.5641025641025641,1.1079545454545454,2.552213890726211,-7.12994799069307,9.682161881419281,-46.72510548628759,64.4472182905627,-53.85505347698066,57.317270299869634,-85.0619532572966,68.81816937103102,23.379697366155973,-10.60207645592892,0.3076923076923077,0.0,1.1845724146524583,79.0,0.3333333333333333
UZS,6,2024-01…2024-06,BUY_NOW,8,5,50.0,8,8,0.5,0.4700854700854701,1.0636363636363637,0.26590909090909093,1.8613636363636363,0.625,0.6666666666666666,0.9375,2.552213890726211,-7.12994799069307,9.682161881419281,-46.72510548628759,64.4472182905627,-53.85505347698066,57.317270299869634,-85.0619532572966,68.81816937103102,23.379697366155973,-10.60207645592892,0.3076923076923077,0.0,1.1845724146524583,79.0,0.3333333333333333
UZS,6,2024-01…2024-06,BUY_NOW,8,10,0.0,8,8,0.125,0.21367521367521367,0.5850000000000001,0.0,1.7550000000000001,0.375,0.4444444444444444,0.84375,-10.966549708205235,-10.533303702401687,-0.43324600580354833,-80.70002301653889,84.37949042472628,-91.23332671894057,73.8461867223246,-135.27633632538394,99.56927906894919,32.24143945179615,-10.60207645592892,0.3076923076923077,0.0,1.1845724146524583,79.0,0.3333333333333333
UZS,6,2024-01…2024-06,BUY_NOW,8,10,10.0,8,8,0.25,0.24786324786324787,1.0086206896551724,0.0,2.0172413793103448,0.375,0.4700854700854701,0.7977272727272727,-10.966549708205235,-10.533303702401687,-0.43324600580354833,-80.70002301653889,84.37949042472628,-91.23332671894057,73.8461867223246,-135.27633632538394,99.56927906894919,32.24143945179615,-10.60207645592892,0.3076923076923077,0.0,1.1845724146524583,79.0,0.3333333333333333
UZS,6,2024-01…2024-06,BUY_NOW,8,10,25.0,8,8,0.375,0.27350427350427353,1.3710937499999998,0.0,2.7421874999999996,0.5,0.5042735042735043,0.9915254237288136,-10.966549708205235,-10.533303702401687,-0.43324600580354833,-80.70002301653889,84.37949042472628,-91.23332671894057,73.8461867223246,-135.27633632538394,99.56927906894919,32.24143945179615,-10.60207645592892,0.3076923076923077,0.0,1.1845724146524583,79.0,0.3333333333333333
UZS,6,2024-01…2024-06,BUY_NOW,8,10,50.0,8,8,0.375,0.36752136752136755,1.0203488372093024,0.0,2.0406976744186047,0.5,0.5641025641025641,0.8863636363636364,-10.966549708205235,-10.533303702401687,-0.43324600580354833,-80.70002301653889,84.37949042472628,-91.23332671894057,73.8461867223246,-135.27633632538394,99.56927906894919,32.24143945179615,-10.60207645592892,0.3076923076923077,0.0,1.1845724146524583,79.0,0.3333333333333333
UZS,6,2024-01…2024-06,BUY_NOW,8,20,0.0,8,8,0.125,0.10256410256410256,1.21875,0.0,3.65625,0.375,0.47863247863247865,0.7834821428571428,-2.424754185734315,-20.683669886704273,18.258915700969958,-101.12213548903702,145.68952071927436,-121.80580537574129,125.00585083257009,-141.93516824209718,180.98977172494003,71.30901289408922,-10.60207645592892,0.3076923076923077,0.0,1.1845724146524583,79.0,0.3333333333333333
UZS,6,2024-01…2024-06,BUY_NOW,8,20,10.0,8,8,0.25,0.1282051282051282,1.9500000000000002,0.0,3.9000000000000004,0.375,0.5042735042735043,0.7436440677966102,-2.424754185734315,-20.683669886704273,18.258915700969958,-101.12213548903702,145.68952071927436,-121.80580537574129,125.00585083257009,-141.93516824209718,180.98977172494003,71.30901289408922,-10.60207645592892,0.3076923076923077,0.0,1.1845724146524583,79.0,0.3333333333333333
UZS,6,2024-01…2024-06,BUY_NOW,8,20,25.0,8,8,0.375,0.15384615384615385,2.4375,0.0,4.875,0.375,0.5128205128205128,0.7312500000000001,-2.424754185734315,-20.683669886704273,18.258915700969958,-101.12213548903702,145.68952071927436,-121.80580537574129,125.00585083257009,-141.93516824209718,180.98977172494003,71.30901289408922,-10.60207645592892,0.3076923076923077,0.0,1.1845724146524583,79.0,0.3333333333333333
UZS,6,2024-01…2024-06,BUY_NOW,8,20,50.0,8,8,0.375,0.20512820512820512,1.828125,0.0,3.65625,0.375,0.5555555555555556,0.6749999999999999,-2.424754185734315,-20.683669886704273,18.258915700969958,-101.12213548903702,145.68952071927436,-121.80580537574129,125.00585083257009,-141.93516824209718,180.98977172494003,71.30901289408922,-10.60207645592892,0.3076923076923077,0.0,1.1845724146524583,79.0,0.3333333333333333
UZS,7,2024-07…2024-12,BUY_NOW,6,1,0.0,6,6,0.5,0.5725190839694656,0.8733333333333334,0.2911111111111111,1.4555555555555557,0.5,0.5725190839694656,0.8733333333333334,9.883834271693557,10.134347093301205,-0.2505128216076482,-82.4250846013999,84.22199914608103,-72.2907375080987,94.35634623938223,-57.471622354279546,144.59474752363977,13.744484750370935,61.783886840803454,0.2282608695652174,0.0,1.234695644219834,109.0,0.3333333333333333
UZS,7,2024-07…2024-12,BUY_NOW,6,1,10.0,6,6,0.5,0.648854961832061,0.7705882352941177,0.2568627450980392,1.2843137254901962,0.5,0.648854961832061,0.7705882352941177,9.883834271693557,10.134347093301205,-0.2505128216076482,-82.4250846013999,84.22199914608103,-72.2907375080987,94.35634623938223,-57.471622354279546,144.59474752363977,13.744484750370935,61.783886840803454,0.2282608695652174,0.0,1.234695644219834,109.0,0.3333333333333333
UZS,7,2024-07…2024-12,BUY_NOW,6,1,25.0,6,6,0.5,0.7175572519083969,0.6968085106382979,0.2322695035460993,1.1613475177304966,0.5,0.7175572519083969,0.6968085106382979,9.883834271693557,10.134347093301205,-0.2505128216076482,-82.4250846013999,84.22199914608103,-72.2907375080987,94.35634623938223,-57.471622354279546,144.59474752363977,13.744484750370935,61.783886840803454,0.2282608695652174,0.0,1.234695644219834,109.0,0.3333333333333333
UZS,7,2024-07…2024-12,BUY_NOW,6,1,50.0,6,6,0.8333333333333334,0.8396946564885496,0.9924242424242425,0.5954545454545455,1.190909090909091,0.8333333333333334,0.8396946564885496,0.9924242424242425,9.883834271693557,10.134347093301205,-0.2505128216076482,-82.4250846013999,84.22199914608103,-72.2907375080987,94.35634623938223,-57.471622354279546,144.59474752363977,13.744484750370935,61.783886840803454,0.2282608695652174,0.0,1.234695644219834,109.0,0.3333333333333333
UZS,7,2024-07…2024-12,BUY_NOW,6,3,0.0,6,6,0.3333333333333333,0.4351145038167939,0.7660818713450291,0.0,1.5321637426900583,0.3333333333333333,0.5572519083969466,0.5981735159817351,87.69405272150904,20.14046824692962,67.55358447457942,-88.66094722628344,235.73418288512642,-68.52047897935383,255.87465113205604,-63.88667286424843,390.855503893024,42.4921043754802,61.783886840803454,0.2282608695652174,0.0,1.234695644219834,109.0,0.3333333333333333
UZS,7,2024-07…2024-12,BUY_NOW,6,3,10.0,6,6,0.3333333333333333,0.5190839694656488,0.642156862745098,0.0,1.284313725490196,0.3333333333333333,0.6106870229007634,0.5458333333333333,87.69405272150904,20.14046824692962,67.55358447457942,-88.66094722628344,235.73418288512642,-68.52047897935383,255.87465113205604,-63.88667286424843,390.855503893024,42.4921043754802,61.783886840803454,0.2282608695652174,0.0,1.234695644219834,109.0,0.3333333333333333
UZS,7,2024-07…2024-12,BUY_NOW,6,3,25.0,6,6,0.3333333333333333,0.549618320610687,0.6064814814814814,0.0,1.2129629629629628,0.5,0.6793893129770993,0.7359550561797753,87.69405272150904,20.14046824692962,67.55358447457942,-88.66094722628344,235.73418288512642,-68.52047897935383,255.87465113205604,-63.88667286424843,390.855503893024,42.4921043754802,61.783886840803454,0.2282608695652174,0.0,1.234695644219834,109.0,0.3333333333333333
UZS,7,2024-07…2024-12,BUY_NOW,6,3,50.0,6,6,0.3333333333333333,0.6412213740458015,0.5198412698412699,0.0,1.0396825396825398,0.6666666666666666,0.7709923664122137,0.8646864686468647,87.69405272150904,20.14046824692962,67.55358447457942,-88.66094722628344,235.73418288512642,-68.52047897935383,255.87465113205604,-63.88667286424843,390.855503893024,42.4921043754802,61.783886840803454,0.2282608695652174,0.0,1.234695644219834,109.0,0.3333333333333333
UZS,7,2024-07…2024-12,BUY_NOW,6,5,0.0,6,6,0.3333333333333333,0.40458015267175573,0.8238993710691823,0.0,1.6477987421383646,0.5,0.5801526717557252,0.861842105263158,85.46525694065961,30.444255254624398,55.02100168603522,-98.43874283257931,219.84211393467967,-67.99448757795491,250.28636918930408,-56.34279290141819,369.0813566248152,41.533840965252324,61.783886840803454,0.2282608695652174,0.0,1.234695644219834,109.0,0.3333333333333333
UZS,7,2024-07…2024-12,BUY_NOW,6,5,10.0,6,6,0.3333333333333333,0.46564885496183206,0.7158469945355191,0.0,1.4316939890710383,0.5,0.6183206106870229,0.8086419753086419,85.46525694065961,30.444255254624398,55.02100168603522,-98.43874283257931,219.84211393467967,-67.99448757795491,250.28636918930408,-56.34279290141819,369.0813566248152,41.533840965252324,61.783886840803454,0.2282608695652174,0.0,1.234695644219834,109.0,0.3333333333333333
UZS,7,2024-07…2024-12,BUY_NOW,6,5,25.0,6,6,0.3333333333333333,0.4961832061068702,0.6717948717948717,0.0,1.3435897435897435,0.5,0.6641221374045801,0.7528735632183908,85.46525694065961,30.444255254624398,55.02100168603522,-98.43874283257931,219.84211393467967,-67.99448757795491,250.28636918930408,-56.34279290141819,369.0813566248152,41.533840965252324,61.783886840803454,0.2282608695652174,0.0,1.234695644219834,109.0,0.3333333333333333
UZS,7,2024-07…2024-12,BUY_NOW,6,5,50.0,6,6,0.3333333333333333,0.5877862595419847,0.5670995670995671,0.0,1.1341991341991342,0.5,0.732824427480916,0.6822916666666666,85.46525694065961,30.444255254624398,55.02100168603522,-98.43874283257931,219.84211393467967,-67.99448757795491,250.28636918930408,-56.34279290141819,369.0813566248152,41.533840965252324,61.783886840803454,0.2282608695652174,0.0,1.234695644219834,109.0,0.3333333333333333
UZS,7,2024-07…2024-12,BUY_NOW,6,10,0.0,6,6,0.16666666666666666,0.3053435114503817,0.5458333333333333,0.0,1.6375,0.6666666666666666,0.6183206106870229,1.0781893004115226,87.87035921316023,54.69565549823834,33.17470371492189,-101.92034049130706,178.56643006186806,-47.22468499306873,233.26208556010639,-29.58517528407168,340.1408762123925,46.812392703914725,61.783886840803454,0.2282608695652174,0.0,1.234695644219834,109.0,0.3333333333333333
UZS,7,2024-07…2024-12,BUY_NOW,6,10,10.0,6,6,0.16666666666666666,0.3511450381679389,0.4746376811594203,0.0,1.423913043478261,0.6666666666666666,0.6259541984732825,1.065040650406504,87.87035921316023,54.69565549823834,33.17470371492189,-101.92034049130706,178.56643006186806,-47.22468499306873,233.26208556010639,-29.58517528407168,340.1408762123925,46.812392703914725,61.783886840803454,0.2282608695652174,0.0,1.234695644219834,109.0,0.3333333333333333
UZS,7,2024-07…2024-12,BUY_NOW,6,10,25.0,6,6,0.16666666666666666,0.3816793893129771,0.4366666666666666,0.0,1.3099999999999998,0.6666666666666666,0.6717557251908397,0.9924242424242423,87.87035921316023,54.69565549823834,33.17470371492189,-101.92034049130706,178.56643006186806,-47.22468499306873,233.26208556010639,-29.58517528407168,340.1408762123925,46.812392703914725,61.783886840803454,0.2282608695652174,0.0,1.234695644219834,109.0,0.3333333333333333
UZS,7,2024-07…2024-12,BUY_NOW,6,10,50.0,6,6,0.16666666666666666,0.48091603053435117,0.3465608465608465,0.0,1.0396825396825395,0.6666666666666666,0.7175572519083969,0.9290780141843972,87.87035921316023,54.69565549823834,33.17470371492189,-101.92034049130706,178.56643006186806,-47.22468499306873,233.26208556010639,-29.58517528407168,340.1408762123925,46.812392703914725,61.783886840803454,0.2282608695652174,0.0,1.234695644219834,109.0,0.3333333333333333
UZS,7,2024-07…2024-12,BUY_NOW,6,20,0.0,6,6,0.16666666666666666,0.25190839694656486,0.6616161616161617,0.0,1.984848484848485,0.6666666666666666,0.6335877862595419,1.0522088353413654,119.80972489890978,93.66515844300025,26.144566455909526,-110.20917165504375,183.11004715123906,-16.5440132120435,276.7752055942393,-3.370014593135906,324.212790774307,74.5441671326469,61.783886840803454,0.2282608695652174,0.0,1.234695644219834,109.0,0.3333333333333333
UZS,7,2024-07…2024-12,BUY_NOW,6,20,10.0,6,6,0.16666666666666666,0.2748091603053435,0.6064814814814814,0.0,1.8194444444444444,0.6666666666666666,0.648854961832061,1.0274509803921568,119.80972489890978,93.66515844300025,26.144566455909526,-110.20917165504375,183.11004715123906,-16.5440132120435,276.7752055942393,-3.370014593135906,324.212790774307,74.5441671326469,61.783886840803454,0.2282608695652174,0.0,1.234695644219834,109.0,0.3333333333333333
UZS,7,2024-07…2024-12,BUY_NOW,6,20,25.0,6,6,0.16666666666666666,0.31297709923664124,0.532520325203252,0.0,1.597560975609756,0.8333333333333334,0.6641221374045801,1.2547892720306515,119.80972489890978,93.66515844300025,26.144566455909526,-110.20917165504375,183.11004715123906,-16.5440132120435,276.7752055942393,-3.370014593135906,324.212790774307,74.5441671326469,61.783886840803454,0.2282608695652174,0.0,1.234695644219834,109.0,0.3333333333333333
UZS,7,2024-07…2024-12,BUY_NOW,6,20,50.0,6,6,0.16666666666666666,0.3969465648854962,0.4198717948717949,0.0,1.2596153846153846,0.8333333333333334,0.6717557251908397,1.240530303030303,119.80972489890978,93.66515844300025,26.144566455909526,-110.20917165504375,183.11004715123906,-16.5440132120435,276.7752055942393,-3.370014593135906,324.212790774307,74.5441671326469,61.783886840803454,0.2282608695652174,0.0,1.234695644219834,109.0,0.3333333333333333
UZS,8,2025-01…2025-06,BUY_NOW,15,1,0.0,15,15,0.26666666666666666,0.4017094017094017,0.6638297872340425,0.16595744680851063,1.1617021276595745,0.26666666666666666,0.4017094017094017,0.6638297872340425,-50.65777625281732,-20.417674532393306,-30.240101720424015,-71.26022364833598,7.306185510058501,-91.67789818072929,-13.111489022334805,-83.24074916442284,-20.975690163769258,-24.037948916651196,-141.60504083345484,0.580110497237569,0.0,0.3328470700061243,21.0,0.0
UZS,8,2025-01…2025-06,BUY_NOW,15,1,10.0,15,15,0.26666666666666666,0.4444444444444444,0.6,0.15,1.05,0.26666666666666666,0.4444444444444444,0.6,-50.65777625281732,-20.417674532393306,-30.240101720424015,-71.26022364833598,7.306185510058501,-91.67789818072929,-13.111489022334805,-83.24074916442284,-20.975690163769258,-24.037948916651196,-141.60504083345484,0.580110497237569,0.0,0.3328470700061243,21.0,0.0
UZS,8,2025-01…2025-06,BUY_NOW,15,1,25.0,15,15,0.4,0.5470085470085471,0.73125,0.24374999999999997,1.2187499999999998,0.4,0.5470085470085471,0.73125,-50.65777625281732,-20.417674532393306,-30.240101720424015,-71.26022364833598,7.306185510058501,-91.67789818072929,-13.111489022334805,-83.24074916442284,-20.975690163769258,-24.037948916651196,-141.60504083345484,0.580110497237569,0.0,0.3328470700061243,21.0,0.0
UZS,8,2025-01…2025-06,BUY_NOW,15,1,50.0,15,15,0.4,0.6324786324786325,0.6324324324324325,0.21081081081081082,1.054054054054054,0.4,0.6324786324786325,0.6324324324324325,-50.65777625281732,-20.417674532393306,-30.240101720424015,-71.26022364833598,7.306185510058501,-91.67789818072929,-13.111489022334805,-83.24074916442284,-20.975690163769258,-24.037948916651196,-141.60504083345484,0.580110497237569,0.0,0.3328470700061243,21.0,0.0
UZS,8,2025-01…2025-06,BUY_NOW,15,3,0.0,15,15,0.13333333333333333,0.19658119658119658,0.6782608695652174,0.0,1.6956521739130435,0.2,0.38461538461538464,0.52,-75.28980241752043,-40.0951257209853,-35.19467669653513,-104.24681133004742,25.810902346728632,-144.34193705103272,-14.284223374256667,-125.45027516745898,-18.2297999542802,-49.40326534499436,-141.60504083345484,0.580110497237569,0.0,0.3328470700061243,21.0,0.0
UZS,8,2025-01…2025-06,BUY_NOW,15,3,10.0,15,15,0.13333333333333333,0.2222222222222222,0.6,0.0,1.5,0.26666666666666666,0.42735042735042733,0.624,-75.28980241752043,-40.0951257209853,-35.19467669653513,-104.24681133004742,25.810902346728632,-144.34193705103272,-14.284223374256667,-125.45027516745898,-18.2297999542802,-49.40326534499436,-141.60504083345484,0.580110497237569,0.0,0.3328470700061243,21.0,0.0
UZS,8,2025-01…2025-06,BUY_NOW,15,3,25.0,15,15,0.2,0.2905982905982906,0.6882352941176471,0.0,1.3764705882352941,0.26666666666666666,0.48717948717948717,0.5473684210526316,-75.28980241752043,-40.0951257209853,-35.19467669653513,-104.24681133004742,25.810902346728632,-144.34193705103272,-14.284223374256667,-125.45027516745898,-18.2297999542802,-49.40326534499436,-141.60504083345484,0.580110497237569,0.0,0.3328470700061243,21.0,0.0
UZS,8,2025-01…2025-06,BUY_NOW,15,3,50.0,15,15,0.2,0.39316239316239315,0.5086956521739131,0.0,1.0173913043478262,0.3333333333333333,0.5641025641025641,0.5909090909090908,-75.28980241752043,-40.0951257209853,-35.19467669653513,-104.24681133004742,25.810902346728632,-144.34193705103272,-14.284223374256667,-125.45027516745898,-18.2297999542802,-49.40326534499436,-141.60504083345484,0.580110497237569,0.0,0.3328470700061243,21.0,0.0
UZS,8,2025-01…2025-06,BUY_NOW,15,5,0.0,15,15,0.13333333333333333,0.11965811965811966,1.1142857142857143,0.0,2.7857142857142856,0.2,0.3504273504273504,0.5707317073170732,-99.84235939916411,-59.845795952261966,-39.996563446902144,-111.77192606252237,29.08606580624262,-171.61772201478433,-30.759730146019347,-150.04918714258946,-41.14958699498634,-46.86047449737612,-141.60504083345484,0.580110497237569,0.0,0.3328470700061243,21.0,0.0
UZS,8,2025-01…2025-06,BUY_NOW,15,5,10.0,15,15,0.13333333333333333,0.1282051282051282,1.04,0.0,2.6,0.26666666666666666,0.38461538461538464,0.6933333333333332,-99.84235939916411,-59.845795952261966,-39.996563446902144,-111.77192606252237,29.08606580624262,-171.61772201478433,-30.759730146019347,-150.04918714258946,-41.14958699498634,-46.86047449737612,-141.60504083345484,0.580110497237569,0.0,0.3328470700061243,21.0,0.0
UZS,8,2025-01…2025-06,BUY_NOW,15,5,25.0,15,15,0.13333333333333333,0.19658119658119658,0.6782608695652174,0.0,1.6956521739130435,0.26666666666666666,0.4444444444444444,0.6,-99.84235939916411,-59.845795952261966,-39.996563446902144,-111.77192606252237,29.08606580624262,-171.61772201478433,-30.759730146019347,-150.04918714258946,-41.14958699498634,-46.86047449737612,-141.60504083345484,0.580110497237569,0.0,0.3328470700061243,21.0,0.0
UZS,8,2025-01…2025-06,BUY_NOW,15,5,50.0,15,15,0.13333333333333333,0.28205128205128205,0.4727272727272727,0.0,1.1818181818181817,0.3333333333333333,0.5470085470085471,0.6093749999999999,-99.84235939916411,-59.845795952261966,-39.996563446902144,-111.77192606252237,29.08606580624262,-171.61772201478433,-30.759730146019347,-150.04918714258946,-41.14958699498634,-46.86047449737612,-141.60504083345484,0.580110497237569,0.0,0.3328470700061243,21.0,0.0
UZS,8,2025-01…2025-06,BUY_NOW,15,10,0.0,15,15,0.0,0.05128205128205128,0.0,0.0,0.0,0.2,0.28205128205128205,0.7090909090909091,-137.8366890665746,-109.41838578830297,-28.418303278271623,-109.79695496416642,45.3704997091193,-219.2153407524694,-64.04788607918367,-202.14668688683565,-62.743929282824396,-34.06165999337,-141.60504083345484,0.580110497237569,0.0,0.3328470700061243,21.0,0.0
UZS,8,2025-01…2025-06,BUY_NOW,15,10,10.0,15,15,0.0,0.06837606837606838,0.0,0.0,0.0,0.2,0.3162393162393162,0.6324324324324325,-137.8366890665746,-109.41838578830297,-28.418303278271623,-109.79695496416642,45.3704997091193,-219.2153407524694,-64.04788607918367,-202.14668688683565,-62.743929282824396,-34.06165999337,-141.60504083345484,0.580110497237569,0.0,0.3328470700061243,21.0,0.0
UZS,8,2025-01…2025-06,BUY_NOW,15,10,25.0,15,15,0.0,0.10256410256410256,0.0,0.0,0.0,0.2,0.36752136752136755,0.5441860465116279,-137.8366890665746,-109.41838578830297,-28.418303278271623,-109.79695496416642,45.3704997091193,-219.2153407524694,-64.04788607918367,-202.14668688683565,-62.743929282824396,-34.06165999337,-141.60504083345484,0.580110497237569,0.0,0.3328470700061243,21.0,0.0
UZS,8,2025-01…2025-06,BUY_NOW,15,10,50.0,15,15,0.0,0.15384615384615385,0.0,0.0,0.0,0.3333333333333333,0.42735042735042733,0.78,-137.8366890665746,-109.41838578830297,-28.418303278271623,-109.79695496416642,45.3704997091193,-219.2153407524694,-64.04788607918367,-202.14668688683565,-62.743929282824396,-34.06165999337,-141.60504083345484,0.580110497237569,0.0,0.3328470700061243,21.0,0.0
UZS,8,2025-01…2025-06,BUY_NOW,15,20,0.0,15,15,0.0,0.017094017094017096,0.0,0.0,0.0,0.06666666666666667,0.18803418803418803,0.35454545454545455,-226.02397218147334,-198.85952062411175,-27.164451557361588,-121.17190126149623,60.35253762949884,-320.031421885608,-138.5069829946129,-341.2811039804384,-124.09671366346649,-20.563342660154877,-141.60504083345484,0.580110497237569,0.0,0.3328470700061243,21.0,0.0
UZS,8,2025-01…2025-06,BUY_NOW,15,20,10.0,15,15,0.0,0.02564102564102564,0.0,0.0,0.0,0.06666666666666667,0.20512820512820512,0.325,-226.02397218147334,-198.85952062411175,-27.164451557361588,-121.17190126149623,60.35253762949884,-320.031421885608,-138.5069829946129,-341.2811039804384,-124.09671366346649,-20.563342660154877,-141.60504083345484,0.580110497237569,0.0,0.3328470700061243,21.0,0.0
UZS,8,2025-01…2025-06,BUY_NOW,15,20,25.0,15,15,0.0,0.042735042735042736,0.0,0.0,0.0,0.13333333333333333,0.24786324786324787,0.5379310344827586,-226.02397218147334,-198.85952062411175,-27.164451557361588,-121.17190126149623,60.35253762949884,-320.031421885608,-138.5069829946129,-341.2811039804384,-124.09671366346649,-20.563342660154877,-141.60504083345484,0.580110497237569,0.0,0.3328470700061243,21.0,0.0
UZS,8,2025-01…2025-06,BUY_NOW,15,20,50.0,15,15,0.0,0.05128205128205128,0.0,0.0,0.0,0.13333333333333333,0.2905982905982906,0.4588235294117647,-226.02397218147334,-198.85952062411175,-27.164451557361588,-121.17190126149623,60.35253762949884,-320.031421885608,-138.5069829946129,-341.2811039804384,-124.09671366346649,-20.563342660154877,-141.60504083345484,0.580110497237569,0.0,0.3328470700061243,21.0,0.0
UZS,9,2025-07…2025-12,BUY_NOW,3,1,0.0,3,3,0.3333333333333333,0.5076923076923077,0.6565656565656566,,,0.3333333333333333,0.5076923076923077,0.6565656565656566,-23.3696446287146,4.584461316536895,-27.954105945251495,,,,,,,7.34232325301824,103.26188128702563,0.1141304347826087,0.0,0.5348837209302325,92.0,0.5
UZS,9,2025-07…2025-12,BUY_NOW,3,1,10.0,3,3,0.6666666666666666,0.5846153846153846,1.1403508771929822,,,0.6666666666666666,0.5846153846153846,1.1403508771929822,-23.3696446287146,4.584461316536895,-27.954105945251495,,,,,,,7.34232325301824,103.26188128702563,0.1141304347826087,0.0,0.5348837209302325,92.0,0.5
UZS,9,2025-07…2025-12,BUY_NOW,3,1,25.0,3,3,0.6666666666666666,0.6153846153846154,1.0833333333333333,,,0.6666666666666666,0.6153846153846154,1.0833333333333333,-23.3696446287146,4.584461316536895,-27.954105945251495,,,,,,,7.34232325301824,103.26188128702563,0.1141304347826087,0.0,0.5348837209302325,92.0,0.5
UZS,9,2025-07…2025-12,BUY_NOW,3,1,50.0,3,3,0.6666666666666666,0.6846153846153846,0.9737827715355805,,,0.6666666666666666,0.6846153846153846,0.9737827715355805,-23.3696446287146,4.584461316536895,-27.954105945251495,,,,,,,7.34232325301824,103.26188128702563,0.1141304347826087,0.0,0.5348837209302325,92.0,0.5
UZS,9,2025-07…2025-12,BUY_NOW,3,3,0.0,3,3,0.3333333333333333,0.34615384615384615,0.9629629629629629,,,0.3333333333333333,0.5307692307692308,0.6280193236714976,68.00918384526862,9.118220666799118,58.890963178469505,,,,,,,93.49911615692172,103.26188128702563,0.1141304347826087,0.0,0.5348837209302325,92.0,0.5
UZS,9,2025-07…2025-12,BUY_NOW,3,3,10.0,3,3,0.3333333333333333,0.4076923076923077,0.8176100628930817,,,0.3333333333333333,0.5615384615384615,0.593607305936073,68.00918384526862,9.118220666799118,58.890963178469505,,,,,,,93.49911615692172,103.26188128702563,0.1141304347826087,0.0,0.5348837209302325,92.0,0.5
UZS,9,2025-07…2025-12,BUY_NOW,3,3,25.0,3,3,0.6666666666666666,0.46923076923076923,1.4207650273224044,,,0.6666666666666666,0.6076923076923076,1.0970464135021096,68.00918384526862,9.118220666799118,58.890963178469505,,,,,,,93.49911615692172,103.26188128702563,0.1141304347826087,0.0,0.5348837209302325,92.0,0.5
UZS,9,2025-07…2025-12,BUY_NOW,3,3,50.0,3,3,0.6666666666666666,0.5153846153846153,1.2935323383084578,,,0.6666666666666666,0.676923076923077,0.9848484848484848,68.00918384526862,9.118220666799118,58.890963178469505,,,,,,,93.49911615692172,103.26188128702563,0.1141304347826087,0.0,0.5348837209302325,92.0,0.5
UZS,9,2025-07…2025-12,BUY_NOW,3,5,0.0,3,3,0.3333333333333333,0.2692307692307692,1.2380952380952381,,,0.3333333333333333,0.5384615384615384,0.6190476190476191,102.92791094552463,12.965705078224314,89.96220586730031,,,,,,,101.48285300551304,103.26188128702563,0.1141304347826087,0.0,0.5348837209302325,92.0,0.5
UZS,9,2025-07…2025-12,BUY_NOW,3,5,10.0,3,3,0.3333333333333333,0.3153846153846154,1.056910569105691,,,0.3333333333333333,0.5538461538461539,0.6018518518518517,102.92791094552463,12.965705078224314,89.96220586730031,,,,,,,101.48285300551304,103.26188128702563,0.1141304347826087,0.0,0.5348837209302325,92.0,0.5
UZS,9,2025-07…2025-12,BUY_NOW,3,5,25.0,3,3,0.3333333333333333,0.3769230769230769,0.8843537414965986,,,0.3333333333333333,0.5846153846153846,0.5701754385964911,102.92791094552463,12.965705078224314,89.96220586730031,,,,,,,101.48285300551304,103.26188128702563,0.1141304347826087,0.0,0.5348837209302325,92.0,0.5
UZS,9,2025-07…2025-12,BUY_NOW,3,5,50.0,3,3,0.3333333333333333,0.4,0.8333333333333333,,,1.0,0.6615384615384615,1.5116279069767442,102.92791094552463,12.965705078224314,89.96220586730031,,,,,,,101.48285300551304,103.26188128702563,0.1141304347826087,0.0,0.5348837209302325,92.0,0.5
UZS,9,2025-07…2025-12,BUY_NOW,3,10,0.0,3,3,0.3333333333333333,0.18461538461538463,1.8055555555555554,,,0.6666666666666666,0.5076923076923077,1.3131313131313131,83.88973237566897,21.35720884389153,62.53252353177744,,,,,,,71.4357018882672,103.26188128702563,0.1141304347826087,0.0,0.5348837209302325,92.0,0.5
UZS,9,2025-07…2025-12,BUY_NOW,3,10,10.0,3,3,0.3333333333333333,0.2230769230769231,1.4942528735632181,,,0.6666666666666666,0.5461538461538461,1.2206572769953052,83.88973237566897,21.35720884389153,62.53252353177744,,,,,,,71.4357018882672,103.26188128702563,0.1141304347826087,0.0,0.5348837209302325,92.0,0.5
UZS,9,2025-07…2025-12,BUY_NOW,3,10,25.0,3,3,0.3333333333333333,0.2692307692307692,1.2380952380952381,,,0.6666666666666666,0.5769230769230769,1.1555555555555557,83.88973237566897,21.35720884389153,62.53252353177744,,,,,,,71.4357018882672,103.26188128702563,0.1141304347826087,0.0,0.5348837209302325,92.0,0.5
UZS,9,2025-07…2025-12,BUY_NOW,3,10,50.0,3,3,0.3333333333333333,0.2923076923076923,1.1403508771929822,,,0.6666666666666666,0.6461538461538462,1.0317460317460316,83.88973237566897,21.35720884389153,62.53252353177744,,,,,,,71.4357018882672,103.26188128702563,0.1141304347826087,0.0,0.5348837209302325,92.0,0.5
UZS,9,2025-07…2025-12,BUY_NOW,3,20,0.0,3,3,0.3333333333333333,0.14615384615384616,2.2807017543859645,,,0.6666666666666666,0.5230769230769231,1.2745098039215685,108.22119199838664,31.661039927311496,76.56015207107515,,,,,,,102.19367733977174,103.26188128702563,0.1141304347826087,0.0,0.5348837209302325,92.0,0.5
UZS,9,2025-07…2025-12,BUY_NOW,3,20,10.0,3,3,0.3333333333333333,0.16923076923076924,1.9696969696969695,,,0.6666666666666666,0.5384615384615384,1.2380952380952381,108.22119199838664,31.661039927311496,76.56015207107515,,,,,,,102.19367733977174,103.26188128702563,0.1141304347826087,0.0,0.5348837209302325,92.0,0.5
UZS,9,2025-07…2025-12,BUY_NOW,3,20,25.0,3,3,0.3333333333333333,0.2,1.6666666666666665,,,0.6666666666666666,0.5384615384615384,1.2380952380952381,108.22119199838664,31.661039927311496,76.56015207107515,,,,,,,102.19367733977174,103.26188128702563,0.1141304347826087,0.0,0.5348837209302325,92.0,0.5
UZS,9,2025-07…2025-12,BUY_NOW,3,20,50.0,3,3,0.3333333333333333,0.23076923076923078,1.4444444444444442,,,0.6666666666666666,0.5692307692307692,1.1711711711711712,108.22119199838664,31.661039927311496,76.56015207107515,,,,,,,102.19367733977174,103.26188128702563,0.1141304347826087,0.0,0.5348837209302325,92.0,0.5
UZS,10,2026-01…2026-06,BUY_NOW,13,1,0.0,13,13,0.38461538461538464,0.5470085470085471,0.703125,0.28125,1.125,0.38461538461538464,0.5470085470085471,0.703125,-22.111635418744587,0.9782422551992023,-23.08987767394379,-68.09978936919559,15.24842951452344,-67.12154711399639,16.226671769722643,-75.36185721760201,19.31873730968414,12.770785447151063,64.03595162559446,0.5027624309392265,0.0,0.9619990524271571,54.0,0.16666666666666666
UZS,10,2026-01…2026-06,BUY_NOW,13,1,10.0,13,13,0.5384615384615384,0.5897435897435898,0.9130434782608695,0.391304347826087,1.3043478260869565,0.5384615384615384,0.5897435897435898,0.9130434782608695,-22.111635418744587,0.9782422551992023,-23.08987767394379,-68.09978936919559,15.24842951452344,-67.12154711399639,16.226671769722643,-75.36185721760201,19.31873730968414,12.770785447151063,64.03595162559446,0.5027624309392265,0.0,0.9619990524271571,54.0,0.16666666666666666
UZS,10,2026-01…2026-06,BUY_NOW,13,1,25.0,13,13,0.5384615384615384,0.6410256410256411,0.8399999999999999,0.36,1.2,0.5384615384615384,0.6410256410256411,0.8399999999999999,-22.111635418744587,0.9782422551992023,-23.08987767394379,-68.09978936919559,15.24842951452344,-67.12154711399639,16.226671769722643,-75.36185721760201,19.31873730968414,12.770785447151063,64.03595162559446,0.5027624309392265,0.0,0.9619990524271571,54.0,0.16666666666666666
UZS,10,2026-01…2026-06,BUY_NOW,13,1,50.0,13,13,0.6153846153846154,0.7008547008547008,0.878048780487805,0.4390243902439025,1.2073170731707317,0.6153846153846154,0.7008547008547008,0.878048780487805,-22.111635418744587,0.9782422551992023,-23.08987767394379,-68.09978936919559,15.24842951452344,-67.12154711399639,16.226671769722643,-75.36185721760201,19.31873730968414,12.770785447151063,64.03595162559446,0.5027624309392265,0.0,0.9619990524271571,54.0,0.16666666666666666
UZS,10,2026-01…2026-06,BUY_NOW,13,3,0.0,13,13,0.3076923076923077,0.38461538461538464,0.8,0.2,1.4049999999999727,0.6153846153846154,0.5213675213675214,1.180327868852459,11.812431765539921,1.1611564090988882,10.651275356441033,-49.74301861942099,69.84245854212766,-48.5818622103221,71.00361495122655,-70.17043338442123,89.95965392183994,38.58689228482785,64.03595162559446,0.5027624309392265,0.0,0.9619990524271571,54.0,0.16666666666666666
UZS,10,2026-01…2026-06,BUY_NOW,13,3,10.0,13,13,0.5384615384615384,0.4188034188034188,1.2857142857142856,0.5510204081632654,1.836734693877551,0.6923076923076923,0.5555555555555556,1.2461538461538462,11.812431765539921,1.1611564090988882,10.651275356441033,-49.74301861942099,69.84245854212766,-48.5818622103221,71.00361495122655,-70.17043338442123,89.95965392183994,38.58689228482785,64.03595162559446,0.5027624309392265,0.0,0.9619990524271571,54.0,0.16666666666666666
UZS,10,2026-01…2026-06,BUY_NOW,13,3,25.0,13,13,0.5384615384615384,0.452991452991453,1.1886792452830188,0.5094339622641509,1.6981132075471699,0.6923076923076923,0.6410256410256411,1.0799999999999998,11.812431765539921,1.1611564090988882,10.651275356441033,-49.74301861942099,69.84245854212766,-48.5818622103221,71.00361495122655,-70.17043338442123,89.95965392183994,38.58689228482785,64.03595162559446,0.5027624309392265,0.0,0.9619990524271571,54.0,0.16666666666666666
UZS,10,2026-01…2026-06,BUY_NOW,13,3,50.0,13,13,0.6153846153846154,0.5042735042735043,1.2203389830508475,0.6101694915254238,1.6779661016949152,0.6923076923076923,0.6923076923076923,1.0,11.812431765539921,1.1611564090988882,10.651275356441033,-49.74301861942099,69.84245854212766,-48.5818622103221,71.00361495122655,-70.17043338442123,89.95965392183994,38.58689228482785,64.03595162559446,0.5027624309392265,0.0,0.9619990524271571,54.0,0.16666666666666666
UZS,10,2026-01…2026-06,BUY_NOW,13,5,0.0,13,13,0.3076923076923077,0.3333333333333333,0.9230769230769231,0.23076923076923078,1.6211538461538149,0.6153846153846154,0.5042735042735043,1.2203389830508475,32.94316108180361,0.5390404475671167,32.40412063423649,-37.351452434995466,108.35361009177261,-36.81241198742835,108.89265053933973,-52.21417588637515,124.03790411168347,56.33082538289023,64.03595162559446,0.5027624309392265,0.0,0.9619990524271571,54.0,0.16666666666666666
UZS,10,2026-01…2026-06,BUY_NOW,13,5,10.0,13,13,0.38461538461538464,0.3504273504273504,1.0975609756097562,0.4390243902439025,1.75609756097561,0.6153846153846154,0.5213675213675214,1.180327868852459,32.94316108180361,0.5390404475671167,32.40412063423649,-37.351452434995466,108.35361009177261,-36.81241198742835,108.89265053933973,-52.21417588637515,124.03790411168347,56.33082538289023,64.03595162559446,0.5027624309392265,0.0,0.9619990524271571,54.0,0.16666666666666666
UZS,10,2026-01…2026-06,BUY_NOW,13,5,25.0,13,13,0.46153846153846156,0.38461538461538464,1.2,0.4,1.7999999999999998,0.6153846153846154,0.5641025641025641,1.090909090909091,32.94316108180361,0.5390404475671167,32.40412063423649,-37.351452434995466,108.35361009177261,-36.81241198742835,108.89265053933973,-52.21417588637515,124.03790411168347,56.33082538289023,64.03595162559446,0.5027624309392265,0.0,0.9619990524271571,54.0,0.16666666666666666
UZS,10,2026-01…2026-06,BUY_NOW,13,5,50.0,13,13,0.5384615384615384,0.42735042735042733,1.26,0.54,1.8000000000000003,0.6153846153846154,0.6324786324786325,0.972972972972973,32.94316108180361,0.5390404475671167,32.40412063423649,-37.351452434995466,108.35361009177261,-36.81241198742835,108.89265053933973,-52.21417588637515,124.03790411168347,56.33082538289023,64.03595162559446,0.5027624309392265,0.0,0.9619990524271571,54.0,0.16666666666666666
UZS,10,2026-01…2026-06,BUY_NOW,13,10,0.0,13,13,0.23076923076923078,0.26495726495726496,0.8709677419354839,0.0,1.7419354838709677,0.5384615384615384,0.46153846153846156,1.1666666666666665,35.687406354643414,-0.28915454028810794,35.976560894931524,-44.04924636583288,117.65234727818944,-44.33840090612099,117.36319273790133,-56.544640803791744,141.25896824299036,73.64156335825672,64.03595162559446,0.5027624309392265,0.0,0.9619990524271571,54.0,0.16666666666666666
UZS,10,2026-01…2026-06,BUY_NOW,13,10,10.0,13,13,0.3076923076923077,0.27350427350427353,1.125,0.28125,1.9687499999999998,0.6153846153846154,0.5042735042735043,1.2203389830508475,35.687406354643414,-0.28915454028810794,35.976560894931524,-44.04924636583288,117.65234727818944,-44.33840090612099,117.36319273790133,-56.544640803791744,141.25896824299036,73.64156335825672,64.03595162559446,0.5027624309392265,0.0,0.9619990524271571,54.0,0.16666666666666666
UZS,10,2026-01…2026-06,BUY_NOW,13,10,25.0,13,13,0.38461538461538464,0.3162393162393162,1.2162162162162162,0.4864864864864865,1.945945945945946,0.6153846153846154,0.5384615384615384,1.142857142857143,35.687406354643414,-0.28915454028810794,35.976560894931524,-44.04924636583288,117.65234727818944,-44.33840090612099,117.36319273790133,-56.544640803791744,141.25896824299036,73.64156335825672,64.03595162559446,0.5027624309392265,0.0,0.9619990524271571,54.0,0.16666666666666666
UZS,10,2026-01…2026-06,BUY_NOW,13,10,50.0,13,13,0.46153846153846156,0.358974358974359,1.2857142857142858,0.4285714285714286,1.9285714285714286,0.6153846153846154,0.6068376068376068,1.0140845070422537,35.687406354643414,-0.28915454028810794,35.976560894931524,-44.04924636583288,117.65234727818944,-44.33840090612099,117.36319273790133,-56.544640803791744,141.25896824299036,73.64156335825672,64.03595162559446,0.5027624309392265,0.0,0.9619990524271571,54.0,0.16666666666666666
UZS,10,2026-01…2026-06,BUY_NOW,13,20,0.0,13,13,0.23076923076923078,0.2222222222222222,1.0384615384615385,0.0,2.076923076923077,0.5384615384615384,0.5213675213675214,1.0327868852459015,89.3988463273951,10.996849225985803,78.40199710140931,-44.9565015291528,201.76197266980125,-33.959652303167,212.75882189578707,-77.84972499022523,269.15028754363595,152.7627773058422,64.03595162559446,0.5027624309392265,0.0,0.9619990524271571,54.0,0.16666666666666666
UZS,10,2026-01…2026-06,BUY_NOW,13,20,10.0,13,13,0.3076923076923077,0.23076923076923078,1.3333333333333333,0.3333333333333333,2.333333333333333,0.5384615384615384,0.5470085470085471,0.9843749999999999,89.3988463273951,10.996849225985803,78.40199710140931,-44.9565015291528,201.76197266980125,-33.959652303167,212.75882189578707,-77.84972499022523,269.15028754363595,152.7627773058422,64.03595162559446,0.5027624309392265,0.0,0.9619990524271571,54.0,0.16666666666666666
UZS,10,2026-01…2026-06,BUY_NOW,13,20,25.0,13,13,0.38461538461538464,0.2564102564102564,1.5000000000000002,0.6000000000000001,2.4000000000000004,0.5384615384615384,0.5470085470085471,0.9843749999999999,89.3988463273951,10.996849225985803,78.40199710140931,-44.9565015291528,201.76197266980125,-33.959652303167,212.75882189578707,-77.84972499022523,269.15028754363595,152.7627773058422,64.03595162559446,0.5027624309392265,0.0,0.9619990524271571,54.0,0.16666666666666666
UZS,10,2026-01…2026-06,BUY_NOW,13,20,50.0,13,13,0.46153846153846156,0.3162393162393162,1.4594594594594597,0.4864864864864865,2.189189189189189,0.5384615384615384,0.5555555555555556,0.9692307692307691,89.3988463273951,10.996849225985803,78.40199710140931,-44.9565015291528,201.76197266980125,-33.959652303167,212.75882189578707,-77.84972499022523,269.15028754363595,152.7627773058422,64.03595162559446,0.5027624309392265,0.0,0.9619990524271571,54.0,0.16666666666666666
