indicator,corridor,split,window,scenario,speed,h,tol_bps,n_events,n_scored,hit_rate,base_rate,lift,lift_ci_lo,lift_ci_hi,hit_mean,base_mean,lift_mean,benefit_fwd_bps,benefit_random_day_bps,benefit_excess_bps,benefit_excess_ci_lo,benefit_excess_ci_hi,benefit_fwd_ci_lo,benefit_fwd_ci_hi,benefit_fwd_block_ci_lo,benefit_fwd_block_ci_hi,benefit_sym_bps,vs_wait5_bps,freq_per_week,clump_share_series,clump_cv_gaps,longest_gap_days,empty_month_share,hit_mean_trunc,base_mean_trunc,n_scored_trunc,lift_mean_trunc,benefit_excess_trunc
momentum,KZT,0,2022-12…2023-05,BUY_NOW,fast,1,0.0,48,48,0.4791666666666667,0.545631067961165,0.878188018979834,0.6109134045077106,1.1454626334519573,0.4791666666666667,0.545631067961165,0.878188018979834,-2.0539605823188567,2.2551949417680768,-4.3091555240869335,-12.870273811992384,4.1389898864001236,-10.615078870224307,6.394184828168201,-6.738941006488544,2.613327481031565,11.002394232061695,0.25753585494864417,1.8461538461538463,0.0,0.1830083117690267,6.0,0.0,,,,,
momentum,KZT,0,2022-12…2023-05,BUY_NOW,fast,1,10.0,48,48,0.6875,0.7009708737864078,0.9807825484764543,0.7727377654662972,1.159106648199446,0.6875,0.7009708737864078,0.9807825484764543,-2.0539605823188567,2.2551949417680768,-4.3091555240869335,-12.870273811992384,4.1389898864001236,-10.615078870224307,6.394184828168201,-6.738941006488544,2.613327481031565,11.002394232061695,0.25753585494864417,1.8461538461538463,0.0,0.1830083117690267,6.0,0.0,,,,,
momentum,KZT,0,2022-12…2023-05,BUY_NOW,fast,1,25.0,48,48,0.8125,0.8271844660194175,0.9822476525821595,0.8311326291079811,1.1081768388106414,0.8125,0.8271844660194175,0.9822476525821595,-2.0539605823188567,2.2551949417680768,-4.3091555240869335,-12.870273811992384,4.1389898864001236,-10.615078870224307,6.394184828168201,-6.738941006488544,2.613327481031565,11.002394232061695,0.25753585494864417,1.8461538461538463,0.0,0.1830083117690267,6.0,0.0,,,,,
momentum,KZT,0,2022-12…2023-05,BUY_NOW,fast,1,50.0,48,48,0.8958333333333334,0.9216828478964402,0.9719540028089888,0.8815396769662921,1.0623683286516854,0.8958333333333334,0.9216828478964402,0.9719540028089888,-2.0539605823188567,2.2551949417680768,-4.3091555240869335,-12.870273811992384,4.1389898864001236,-10.615078870224307,6.394184828168201,-6.738941006488544,2.613327481031565,11.002394232061695,0.25753585494864417,1.8461538461538463,0.0,0.1830083117690267,6.0,0.0,,,,,
momentum,KZT,0,2022-12…2023-05,BUY_NOW,fast,4,0.0,48,48,0.375,0.33915857605177996,1.1056774809160304,0.7371183206106869,1.5356631679389312,0.5833333333333334,0.5773462783171521,1.0103699551569507,1.2933242264745461,5.550736645449219,-4.257412418974673,-17.054822195229026,7.646078546190627,-11.504085549779806,13.196815191639846,-14.180525738062588,15.798163092677624,16.15184920410552,0.25753585494864417,1.8461538461538463,0.0,0.1830083117690267,6.0,0.0,,,,,
momentum,KZT,0,2022-12…2023-05,BUY_NOW,fast,4,10.0,48,48,0.5416666666666666,0.45436893203883494,1.1921296296296295,0.8711716524216524,1.513087606837607,0.6875,0.6750809061488673,1.0183964525407478,1.2933242264745461,5.550736645449219,-4.257412418974673,-17.054822195229026,7.646078546190627,-11.504085549779806,13.196815191639846,-14.180525738062588,15.798163092677624,16.15184920410552,0.25753585494864417,1.8461538461538463,0.0,0.1830083117690267,6.0,0.0,,,,,
momentum,KZT,0,2022-12…2023-05,BUY_NOW,fast,4,25.0,48,48,0.6458333333333334,0.6,1.076388888888889,0.8680555555555557,1.2847222222222223,0.7916666666666666,0.7786407766990291,1.0167290108063176,1.2933242264745461,5.550736645449219,-4.257412418974673,-17.054822195229026,7.646078546190627,-11.504085549779806,13.196815191639846,-14.180525738062588,15.798163092677624,16.15184920410552,0.25753585494864417,1.8461538461538463,0.0,0.1830083117690267,6.0,0.0,,,,,
momentum,KZT,0,2022-12…2023-05,BUY_NOW,fast,4,50.0,48,48,0.7916666666666666,0.7572815533980582,1.045405982905983,0.8803418803418803,1.1829594017094018,0.875,0.8841423948220065,0.9896595900439238,1.2933242264745461,5.550736645449219,-4.257412418974673,-17.054822195229026,7.646078546190627,-11.504085549779806,13.196815191639846,-14.180525738062588,15.798163092677624,16.15184920410552,0.25753585494864417,1.8461538461538463,0.0,0.1830083117690267,6.0,0.0,,,,,
momentum,KZT,0,2022-12…2023-05,BUY_NOW,fast,9,0.0,48,48,0.22916666666666666,0.24271844660194175,0.9441666666666666,0.515,1.3754791666666548,0.625,0.5922330097087378,1.055327868852459,3.6249509893591476,11.018587311157493,-7.393636321798345,-26.37517581198133,9.646669592476975,-15.356588500823834,20.665256903634468,-18.16137575475627,23.29846999395556,11.167324454163655,0.25753585494864417,1.8461538461538463,0.0,0.1830083117690267,6.0,0.0,,,,,
momentum,KZT,0,2022-12…2023-05,BUY_NOW,fast,9,10.0,48,48,0.3333333333333333,0.3300970873786408,1.0098039215686274,0.6311274509803921,1.3884803921568627,0.6875,0.6614886731391586,1.0393224070450098,3.6249509893591476,11.018587311157493,-7.393636321798345,-26.37517581198133,9.646669592476975,-15.356588500823834,20.665256903634468,-18.16137575475627,23.29846999395556,11.167324454163655,0.25753585494864417,1.8461538461538463,0.0,0.1830083117690267,6.0,0.0,,,,,
momentum,KZT,0,2022-12…2023-05,BUY_NOW,fast,9,25.0,48,48,0.4583333333333333,0.456957928802589,1.0030099150141643,0.7294617563739376,1.322149433427762,0.7708333333333334,0.7579288025889968,1.0170260461144323,3.6249509893591476,11.018587311157493,-7.393636321798345,-26.37517581198133,9.646669592476975,-15.356588500823834,20.665256903634468,-18.16137575475627,23.29846999395556,11.167324454163655,0.25753585494864417,1.8461538461538463,0.0,0.1830083117690267,6.0,0.0,,,,,
momentum,KZT,0,2022-12…2023-05,BUY_NOW,fast,9,50.0,48,48,0.6041666666666666,0.6161812297734628,0.980501575630252,0.743828781512605,1.1833639705882353,0.8333333333333334,0.8550161812297734,0.9746404239212718,3.6249509893591476,11.018587311157493,-7.393636321798345,-26.37517581198133,9.646669592476975,-15.356588500823834,20.665256903634468,-18.16137575475627,23.29846999395556,11.167324454163655,0.25753585494864417,1.8461538461538463,0.0,0.1830083117690267,6.0,0.0,,,,,
momentum,KZT,0,2022-12…2023-05,BUY_NOW,fast,45,0.0,48,48,0.14583333333333334,0.15275080906148866,0.9547139830508475,0.4091631355932204,1.6366525423728815,0.5625,0.6427184466019418,0.8751888217522659,37.70338853947624,49.63501222767193,-11.931623688195693,-51.342422662966555,29.96716425812705,-1.7074104352946267,79.60217648579898,-14.615395570350094,90.95264154321023,2.423066707065388,0.25753585494864417,1.8461538461538463,0.0,0.1830083117690267,6.0,0.0,,,,,
momentum,KZT,0,2022-12…2023-05,BUY_NOW,fast,45,10.0,48,48,0.1875,0.20906148867313915,0.8968653250773995,0.39860681114551083,1.3951238390092882,0.6041666666666666,0.6789644012944984,0.8898355576739752,37.70338853947624,49.63501222767193,-11.931623688195693,-51.342422662966555,29.96716425812705,-1.7074104352946267,79.60217648579898,-14.615395570350094,90.95264154321023,2.423066707065388,0.25753585494864417,1.8461538461538463,0.0,0.1830083117690267,6.0,0.0,,,,,
momentum,KZT,0,2022-12…2023-05,BUY_NOW,fast,45,25.0,48,48,0.25,0.29579288025889966,0.8451859956236324,0.49126435995623646,1.2677789934354486,0.6458333333333334,0.7152103559870551,0.9029977375565611,37.70338853947624,49.63501222767193,-11.931623688195693,-51.342422662966555,29.96716425812705,-1.7074104352946267,79.60217648579898,-14.615395570350094,90.95264154321023,2.423066707065388,0.25753585494864417,1.8461538461538463,0.0,0.1830083117690267,6.0,0.0,,,,,
momentum,KZT,0,2022-12…2023-05,BUY_NOW,fast,45,50.0,48,48,0.3958333333333333,0.41877022653721685,0.9452279752704791,0.6467349304482225,1.293469860896445,0.7708333333333334,0.7702265372168284,1.0007878151260505,37.70338853947624,49.63501222767193,-11.931623688195693,-51.342422662966555,29.96716425812705,-1.7074104352946267,79.60217648579898,-14.615395570350094,90.95264154321023,2.423066707065388,0.25753585494864417,1.8461538461538463,0.0,0.1830083117690267,6.0,0.0,,,,,
momentum,KZT,0,2022-12…2023-05,BUY_NOW,fast,180,0.0,48,48,0.14583333333333334,0.1203883495145631,1.2113575268817205,0.5191532258064516,2.0766129032258065,0.7083333333333334,0.7029126213592233,1.0077117863720075,192.04116293258036,196.25929429886097,-4.218131366280602,-99.80127222108514,92.74666897732018,96.45802207777582,289.00596327618115,58.43571320402881,329.1286332089084,13.415903644506194,0.25753585494864417,1.8461538461538463,0.0,0.1830083117690267,6.0,0.0,,,,,
momentum,KZT,0,2022-12…2023-05,BUY_NOW,fast,180,10.0,48,48,0.1875,0.1669902912621359,1.1228197674418605,0.499031007751938,1.7466085271317833,0.7083333333333334,0.7106796116504854,0.9966985428051003,192.04116293258036,196.25929429886097,-4.218131366280602,-99.80127222108514,92.74666897732018,96.45802207777582,289.00596327618115,58.43571320402881,329.1286332089084,13.415903644506194,0.25753585494864417,1.8461538461538463,0.0,0.1830083117690267,6.0,0.0,,,,,
momentum,KZT,0,2022-12…2023-05,BUY_NOW,fast,180,25.0,48,48,0.22916666666666666,0.23883495145631067,0.9595189701897019,0.5233739837398375,1.4828929539295395,0.7083333333333334,0.7152103559870551,0.9903846153846154,192.04116293258036,196.25929429886097,-4.218131366280602,-99.80127222108514,92.74666897732018,96.45802207777582,289.00596327618115,58.43571320402881,329.1286332089084,13.415903644506194,0.25753585494864417,1.8461538461538463,0.0,0.1830083117690267,6.0,0.0,0.6666666666666666,0.6776556776556777,42.0,0.9837837837837837,-4.8490357049521435
momentum,KZT,0,2022-12…2023-05,BUY_NOW,fast,180,50.0,48,48,0.375,0.34757281553398056,1.0789106145251397,0.7192737430167598,1.4984869646182497,0.7291666666666666,0.7262135922330097,1.0040663992869874,192.04116293258036,196.25929429886097,-4.218131366280602,-99.80127222108514,92.74666897732018,96.45802207777582,289.00596327618115,58.43571320402881,329.1286332089084,13.415903644506194,0.25753585494864417,1.8461538461538463,0.0,0.1830083117690267,6.0,0.0,,,,,
level,KZT,0,2022-12…2023-05,BUY_NOW,medium,1,0.0,0,0,,0.545631067961165,,,,,0.545631067961165,,,2.2551949417680768,,,,,,,,,,0.0,,,180.0,1.0,,,,,
level,KZT,0,2022-12…2023-05,BUY_NOW,medium,1,10.0,0,0,,0.7009708737864078,,,,,0.7009708737864078,,,2.2551949417680768,,,,,,,,,,0.0,,,180.0,1.0,,,,,
level,KZT,0,2022-12…2023-05,BUY_NOW,medium,1,25.0,0,0,,0.8271844660194175,,,,,0.8271844660194175,,,2.2551949417680768,,,,,,,,,,0.0,,,180.0,1.0,,,,,
level,KZT,0,2022-12…2023-05,BUY_NOW,medium,1,50.0,0,0,,0.9216828478964402,,,,,0.9216828478964402,,,2.2551949417680768,,,,,,,,,,0.0,,,180.0,1.0,,,,,
level,KZT,0,2022-12…2023-05,BUY_NOW,medium,4,0.0,0,0,,0.33915857605177996,,,,,0.5773462783171521,,,5.550736645449219,,,,,,,,,,0.0,,,180.0,1.0,,,,,
level,KZT,0,2022-12…2023-05,BUY_NOW,medium,4,10.0,0,0,,0.45436893203883494,,,,,0.6750809061488673,,,5.550736645449219,,,,,,,,,,0.0,,,180.0,1.0,,,,,
level,KZT,0,2022-12…2023-05,BUY_NOW,medium,4,25.0,0,0,,0.6,,,,,0.7786407766990291,,,5.550736645449219,,,,,,,,,,0.0,,,180.0,1.0,,,,,
level,KZT,0,2022-12…2023-05,BUY_NOW,medium,4,50.0,0,0,,0.7572815533980582,,,,,0.8841423948220065,,,5.550736645449219,,,,,,,,,,0.0,,,180.0,1.0,,,,,
level,KZT,0,2022-12…2023-05,BUY_NOW,medium,9,0.0,0,0,,0.24271844660194175,,,,,0.5922330097087378,,,11.018587311157493,,,,,,,,,,0.0,,,180.0,1.0,,,,,
level,KZT,0,2022-12…2023-05,BUY_NOW,medium,9,10.0,0,0,,0.3300970873786408,,,,,0.6614886731391586,,,11.018587311157493,,,,,,,,,,0.0,,,180.0,1.0,,,,,
level,KZT,0,2022-12…2023-05,BUY_NOW,medium,9,25.0,0,0,,0.456957928802589,,,,,0.7579288025889968,,,11.018587311157493,,,,,,,,,,0.0,,,180.0,1.0,,,,,
level,KZT,0,2022-12…2023-05,BUY_NOW,medium,9,50.0,0,0,,0.6161812297734628,,,,,0.8550161812297734,,,11.018587311157493,,,,,,,,,,0.0,,,180.0,1.0,,,,,
level,KZT,0,2022-12…2023-05,BUY_NOW,medium,45,0.0,0,0,,0.15275080906148866,,,,,0.6427184466019418,,,49.63501222767193,,,,,,,,,,0.0,,,180.0,1.0,,,,,
level,KZT,0,2022-12…2023-05,BUY_NOW,medium,45,10.0,0,0,,0.20906148867313915,,,,,0.6789644012944984,,,49.63501222767193,,,,,,,,,,0.0,,,180.0,1.0,,,,,
level,KZT,0,2022-12…2023-05,BUY_NOW,medium,45,25.0,0,0,,0.29579288025889966,,,,,0.7152103559870551,,,49.63501222767193,,,,,,,,,,0.0,,,180.0,1.0,,,,,
level,KZT,0,2022-12…2023-05,BUY_NOW,medium,45,50.0,0,0,,0.41877022653721685,,,,,0.7702265372168284,,,49.63501222767193,,,,,,,,,,0.0,,,180.0,1.0,,,,,
level,KZT,0,2022-12…2023-05,BUY_NOW,medium,180,0.0,0,0,,0.1203883495145631,,,,,0.7029126213592233,,,196.25929429886097,,,,,,,,,,0.0,,,180.0,1.0,,,,,
level,KZT,0,2022-12…2023-05,BUY_NOW,medium,180,10.0,0,0,,0.1669902912621359,,,,,0.7106796116504854,,,196.25929429886097,,,,,,,,,,0.0,,,180.0,1.0,,,,,
level,KZT,0,2022-12…2023-05,BUY_NOW,medium,180,25.0,0,0,,0.23883495145631067,,,,,0.7152103559870551,,,196.25929429886097,,,,,,,,,,0.0,,,180.0,1.0,,0.6776556776556777,0.0,,
level,KZT,0,2022-12…2023-05,BUY_NOW,medium,180,50.0,0,0,,0.34757281553398056,,,,,0.7262135922330097,,,196.25929429886097,,,,,,,,,,0.0,,,180.0,1.0,,,,,
reversal,KZT,0,2022-12…2023-05,WINDOW_CLOSING,slow,1,0.0,2,2,0.0,0.545631067961165,0.0,,,0.0,0.545631067961165,0.0,-15.847349625022765,2.2551949417680768,-18.102544566790844,,,,,,,-20.524755791269666,-48.39124530981676,0.07692307692307693,0.0,0.0,169.0,0.8333333333333334,,,,,
reversal,KZT,0,2022-12…2023-05,WINDOW_CLOSING,slow,1,10.0,2,2,0.0,0.545631067961165,0.0,,,0.0,0.545631067961165,0.0,-15.847349625022765,2.2551949417680768,-18.102544566790844,,,,,,,-20.524755791269666,-48.39124530981676,0.07692307692307693,0.0,0.0,169.0,0.8333333333333334,,,,,
reversal,KZT,0,2022-12…2023-05,WINDOW_CLOSING,slow,1,25.0,2,2,0.0,0.545631067961165,0.0,,,0.0,0.545631067961165,0.0,-15.847349625022765,2.2551949417680768,-18.102544566790844,,,,,,,-20.524755791269666,-48.39124530981676,0.07692307692307693,0.0,0.0,169.0,0.8333333333333334,,,,,
reversal,KZT,0,2022-12…2023-05,WINDOW_CLOSING,slow,1,50.0,2,2,0.0,0.545631067961165,0.0,,,0.0,0.545631067961165,0.0,-15.847349625022765,2.2551949417680768,-18.102544566790844,,,,,,,-20.524755791269666,-48.39124530981676,0.07692307692307693,0.0,0.0,169.0,0.8333333333333334,,,,,
reversal,KZT,0,2022-12…2023-05,WINDOW_CLOSING,slow,4,0.0,2,2,0.0,0.5870550161812298,0.0,,,0.0,0.5870550161812298,0.0,-13.989076099481522,5.550736645449219,-19.539812744930742,,,,,,,-18.036760754552294,-48.39124530981676,0.07692307692307693,0.0,0.0,169.0,0.8333333333333334,,,,,
reversal,KZT,0,2022-12…2023-05,WINDOW_CLOSING,slow,4,10.0,2,2,0.0,0.5870550161812298,0.0,,,0.0,0.5870550161812298,0.0,-13.989076099481522,5.550736645449219,-19.539812744930742,,,,,,,-18.036760754552294,-48.39124530981676,0.07692307692307693,0.0,0.0,169.0,0.8333333333333334,,,,,
reversal,KZT,0,2022-12…2023-05,WINDOW_CLOSING,slow,4,25.0,2,2,0.0,0.5870550161812298,0.0,,,0.0,0.5870550161812298,0.0,-13.989076099481522,5.550736645449219,-19.539812744930742,,,,,,,-18.036760754552294,-48.39124530981676,0.07692307692307693,0.0,0.0,169.0,0.8333333333333334,,,,,
reversal,KZT,0,2022-12…2023-05,WINDOW_CLOSING,slow,4,50.0,2,2,0.0,0.5870550161812298,0.0,,,0.0,0.5870550161812298,0.0,-13.989076099481522,5.550736645449219,-19.539812744930742,,,,,,,-18.036760754552294,-48.39124530981676,0.07692307692307693,0.0,0.0,169.0,0.8333333333333334,,,,,
reversal,KZT,0,2022-12…2023-05,WINDOW_CLOSING,slow,9,0.0,2,2,0.5,0.6110032362459547,0.8183262711864407,,,0.5,0.6110032362459547,0.8183262711864407,-12.225721686288104,11.018587311157493,-23.244308997445597,,,,,,,-14.111521948878549,-48.39124530981676,0.07692307692307693,0.0,0.0,169.0,0.8333333333333334,,,,,
reversal,KZT,0,2022-12…2023-05,WINDOW_CLOSING,slow,9,10.0,2,2,0.5,0.6110032362459547,0.8183262711864407,,,0.5,0.6110032362459547,0.8183262711864407,-12.225721686288104,11.018587311157493,-23.244308997445597,,,,,,,-14.111521948878549,-48.39124530981676,0.07692307692307693,0.0,0.0,169.0,0.8333333333333334,,,,,
reversal,KZT,0,2022-12…2023-05,WINDOW_CLOSING,slow,9,25.0,2,2,0.5,0.6110032362459547,0.8183262711864407,,,0.5,0.6110032362459547,0.8183262711864407,-12.225721686288104,11.018587311157493,-23.244308997445597,,,,,,,-14.111521948878549,-48.39124530981676,0.07692307692307693,0.0,0.0,169.0,0.8333333333333334,,,,,
reversal,KZT,0,2022-12…2023-05,WINDOW_CLOSING,slow,9,50.0,2,2,0.5,0.6110032362459547,0.8183262711864407,,,0.5,0.6110032362459547,0.8183262711864407,-12.225721686288104,11.018587311157493,-23.244308997445597,,,,,,,-14.111521948878549,-48.39124530981676,0.07692307692307693,0.0,0.0,169.0,0.8333333333333334,,,,,
reversal,KZT,0,2022-12…2023-05,WINDOW_CLOSING,slow,45,0.0,2,2,1.0,0.6750809061488673,1.4813039309683607,,,1.0,0.6750809061488673,1.4813039309683607,96.76170603711509,49.63501222767193,47.12669380944316,,,,,,,33.06187283961148,-48.39124530981676,0.07692307692307693,0.0,0.0,169.0,0.8333333333333334,,,,,
reversal,KZT,0,2022-12…2023-05,WINDOW_CLOSING,slow,45,10.0,2,2,1.0,0.6750809061488673,1.4813039309683607,,,1.0,0.6750809061488673,1.4813039309683607,96.76170603711509,49.63501222767193,47.12669380944316,,,,,,,33.06187283961148,-48.39124530981676,0.07692307692307693,0.0,0.0,169.0,0.8333333333333334,,,,,
reversal,KZT,0,2022-12…2023-05,WINDOW_CLOSING,slow,45,25.0,2,2,1.0,0.6750809061488673,1.4813039309683607,,,1.0,0.6750809061488673,1.4813039309683607,96.76170603711509,49.63501222767193,47.12669380944316,,,,,,,33.06187283961148,-48.39124530981676,0.07692307692307693,0.0,0.0,169.0,0.8333333333333334,,,,,
reversal,KZT,0,2022-12…2023-05,WINDOW_CLOSING,slow,45,50.0,2,2,1.0,0.6750809061488673,1.4813039309683607,,,1.0,0.6750809061488673,1.4813039309683607,96.76170603711509,49.63501222767193,47.12669380944316,,,,,,,33.06187283961148,-48.39124530981676,0.07692307692307693,0.0,0.0,169.0,0.8333333333333334,,,,,
reversal,KZT,0,2022-12…2023-05,WINDOW_CLOSING,slow,180,0.0,2,2,1.0,0.6776699029126214,1.475644699140401,,,1.0,0.6776699029126214,1.475644699140401,861.1095806595292,196.25929429886097,664.8502863606683,,,,,,,352.02219966877556,-48.39124530981676,0.07692307692307693,0.0,0.0,169.0,0.8333333333333334,,,,,
reversal,KZT,0,2022-12…2023-05,WINDOW_CLOSING,slow,180,10.0,2,2,1.0,0.6776699029126214,1.475644699140401,,,1.0,0.6776699029126214,1.475644699140401,861.1095806595292,196.25929429886097,664.8502863606683,,,,,,,352.02219966877556,-48.39124530981676,0.07692307692307693,0.0,0.0,169.0,0.8333333333333334,,,,,
reversal,KZT,0,2022-12…2023-05,WINDOW_CLOSING,slow,180,25.0,2,2,1.0,0.6776699029126214,1.475644699140401,,,1.0,0.6776699029126214,1.475644699140401,861.1095806595292,196.25929429886097,664.8502863606683,,,,,,,352.02219966877556,-48.39124530981676,0.07692307692307693,0.0,0.0,169.0,0.8333333333333334,1.0,0.6351648351648351,2.0,1.5743944636678202,662.8843439943632
reversal,KZT,0,2022-12…2023-05,WINDOW_CLOSING,slow,180,50.0,2,2,1.0,0.6776699029126214,1.475644699140401,,,1.0,0.6776699029126214,1.475644699140401,861.1095806595292,196.25929429886097,664.8502863606683,,,,,,,352.02219966877556,-48.39124530981676,0.07692307692307693,0.0,0.0,169.0,0.8333333333333334,,,,,
dip_vs_trend,KZT,0,2022-12…2023-05,BUY_NOW,medium,1,0.0,9,9,0.5555555555555556,0.545631067961165,1.018189007512851,0.4072756030051404,1.6291024120205615,0.5555555555555556,0.545631067961165,1.018189007512851,11.114759931229024,2.2551949417680768,8.859564989460948,-24.182150386431157,47.7948454937932,-21.92695544466308,50.05004043556127,-19.615383228945845,67.04673217969881,23.655990648453965,-12.277734525291258,0.34615384615384615,0.0,1.3299570935141822,54.0,0.3333333333333333,,,,,
dip_vs_trend,KZT,0,2022-12…2023-05,BUY_NOW,medium,1,10.0,9,9,0.6666666666666666,0.7009708737864078,0.9510618651892889,0.47553093259464446,1.268082486919052,0.6666666666666666,0.7009708737864078,0.9510618651892889,11.114759931229024,2.2551949417680768,8.859564989460948,-24.182150386431157,47.7948454937932,-21.92695544466308,50.05004043556127,-19.615383228945845,67.04673217969881,23.655990648453965,-12.277734525291258,0.34615384615384615,0.0,1.3299570935141822,54.0,0.3333333333333333,,,,,
dip_vs_trend,KZT,0,2022-12…2023-05,BUY_NOW,medium,1,25.0,9,9,0.7777777777777778,0.8271844660194175,0.9402712571726656,0.671622326551904,1.2089201877934272,0.7777777777777778,0.8271844660194175,0.9402712571726656,11.114759931229024,2.2551949417680768,8.859564989460948,-24.182150386431157,47.7948454937932,-21.92695544466308,50.05004043556127,-19.615383228945845,67.04673217969881,23.655990648453965,-12.277734525291258,0.34615384615384615,0.0,1.3299570935141822,54.0,0.3333333333333333,,,,,
dip_vs_trend,KZT,0,2022-12…2023-05,BUY_NOW,medium,1,50.0,9,9,0.7777777777777778,0.9216828478964402,0.8438670411985019,0.6027621722846442,1.0849719101123596,0.7777777777777778,0.9216828478964402,0.8438670411985019,11.114759931229024,2.2551949417680768,8.859564989460948,-24.182150386431157,47.7948454937932,-21.92695544466308,50.05004043556127,-19.615383228945845,67.04673217969881,23.655990648453965,-12.277734525291258,0.34615384615384615,0.0,1.3299570935141822,54.0,0.3333333333333333,,,,,
dip_vs_trend,KZT,0,2022-12…2023-05,BUY_NOW,medium,4,0.0,9,9,0.2222222222222222,0.33915857605177996,0.6552162849872772,0.0,1.3104325699745545,0.3333333333333333,0.5773462783171521,0.577354260089686,-4.169049870400686,5.550736645449219,-9.719786515849904,-43.63235515652877,30.805549133719026,-38.08161851107955,36.356285779168246,-32.07349289414999,73.38691988651003,21.366247484925093,-12.277734525291258,0.34615384615384615,0.0,1.3299570935141822,54.0,0.3333333333333333,,,,,
dip_vs_trend,KZT,0,2022-12…2023-05,BUY_NOW,medium,4,10.0,9,9,0.3333333333333333,0.45436893203883494,0.7336182336182336,0.24453941120607786,1.4672364672364673,0.3333333333333333,0.6750809061488673,0.4937679769894535,-4.169049870400686,5.550736645449219,-9.719786515849904,-43.63235515652877,30.805549133719026,-38.08161851107955,36.356285779168246,-32.07349289414999,73.38691988651003,21.366247484925093,-12.277734525291258,0.34615384615384615,0.0,1.3299570935141822,54.0,0.3333333333333333,,,,,
dip_vs_trend,KZT,0,2022-12…2023-05,BUY_NOW,medium,4,25.0,9,9,0.3333333333333333,0.6,0.5555555555555556,0.18518518518518517,1.1111111111111112,0.4444444444444444,0.7786407766990291,0.57079523413688,-4.169049870400686,5.550736645449219,-9.719786515849904,-43.63235515652877,30.805549133719026,-38.08161851107955,36.356285779168246,-32.07349289414999,73.38691988651003,21.366247484925093,-12.277734525291258,0.34615384615384615,0.0,1.3299570935141822,54.0,0.3333333333333333,,,,,
dip_vs_trend,KZT,0,2022-12…2023-05,BUY_NOW,medium,4,50.0,9,9,0.5555555555555556,0.7572815533980582,0.7336182336182336,0.2934472934472934,1.1737891737891737,0.7777777777777778,0.8841423948220065,0.8796974133723767,-4.169049870400686,5.550736645449219,-9.719786515849904,-43.63235515652877,30.805549133719026,-38.08161851107955,36.356285779168246,-32.07349289414999,73.38691988651003,21.366247484925093,-12.277734525291258,0.34615384615384615,0.0,1.3299570935141822,54.0,0.3333333333333333,,,,,
dip_vs_trend,KZT,0,2022-12…2023-05,BUY_NOW,medium,9,0.0,9,9,0.1111111111111111,0.24271844660194175,0.45777777777777773,0.0,1.3733333333333333,0.3333333333333333,0.5922330097087378,0.5628415300546448,-7.5515944302622575,11.018587311157493,-18.570181741419752,-69.05058036285227,36.79535499625874,-58.031993051694776,47.813942307416234,-54.778494642029884,108.83356559028122,33.516693684770715,-12.277734525291258,0.34615384615384615,0.0,1.3299570935141822,54.0,0.3333333333333333,,,,,
dip_vs_trend,KZT,0,2022-12…2023-05,BUY_NOW,medium,9,10.0,9,9,0.1111111111111111,0.3300970873786408,0.33660130718954245,0.0,1.0098039215686274,0.3333333333333333,0.6614886731391586,0.5039138943248532,-7.5515944302622575,11.018587311157493,-18.570181741419752,-69.05058036285227,36.79535499625874,-58.031993051694776,47.813942307416234,-54.778494642029884,108.83356559028122,33.516693684770715,-12.277734525291258,0.34615384615384615,0.0,1.3299570935141822,54.0,0.3333333333333333,,,,,
dip_vs_trend,KZT,0,2022-12…2023-05,BUY_NOW,medium,9,25.0,9,9,0.2222222222222222,0.456957928802589,0.4863078375826251,0.0,0.9726156751652502,0.5555555555555556,0.7579288025889968,0.7329917449473385,-7.5515944302622575,11.018587311157493,-18.570181741419752,-69.05058036285227,36.79535499625874,-58.031993051694776,47.813942307416234,-54.778494642029884,108.83356559028122,33.516693684770715,-12.277734525291258,0.34615384615384615,0.0,1.3299570935141822,54.0,0.3333333333333333,,,,,
dip_vs_trend,KZT,0,2022-12…2023-05,BUY_NOW,medium,9,50.0,9,9,0.3333333333333333,0.6161812297734628,0.5409663865546218,0.18032212885154061,1.0819327731092436,0.7777777777777778,0.8550161812297734,0.9096643956598537,-7.5515944302622575,11.018587311157493,-18.570181741419752,-69.05058036285227,36.79535499625874,-58.031993051694776,47.813942307416234,-54.778494642029884,108.83356559028122,33.516693684770715,-12.277734525291258,0.34615384615384615,0.0,1.3299570935141822,54.0,0.3333333333333333,,,,,
dip_vs_trend,KZT,0,2022-12…2023-05,BUY_NOW,medium,45,0.0,9,9,0.0,0.15275080906148866,0.0,0.0,0.0,0.4444444444444444,0.6427184466019418,0.6915072171869754,-6.016310724870446,49.63501222767193,-55.65132295254237,-126.77920278026829,20.36798686769793,-77.14419055259636,70.00299909536986,-68.3801944457051,101.7956408270395,104.59191983149461,-12.277734525291258,0.34615384615384615,0.0,1.3299570935141822,54.0,0.3333333333333333,,,,,
dip_vs_trend,KZT,0,2022-12…2023-05,BUY_NOW,medium,45,10.0,9,9,0.0,0.20906148867313915,0.0,0.0,0.0,0.4444444444444444,0.6789644012944984,0.6545916746107403,-6.016310724870446,49.63501222767193,-55.65132295254237,-126.77920278026829,20.36798686769793,-77.14419055259636,70.00299909536986,-68.3801944457051,101.7956408270395,104.59191983149461,-12.277734525291258,0.34615384615384615,0.0,1.3299570935141822,54.0,0.3333333333333333,,,,,
dip_vs_trend,KZT,0,2022-12…2023-05,BUY_NOW,medium,45,25.0,9,9,0.1111111111111111,0.29579288025889966,0.37563822027717,0.0,1.12691466083151,0.5555555555555556,0.7152103559870551,0.7767722473604827,-6.016310724870446,49.63501222767193,-55.65132295254237,-126.77920278026829,20.36798686769793,-77.14419055259636,70.00299909536986,-68.3801944457051,101.7956408270395,104.59191983149461,-12.277734525291258,0.34615384615384615,0.0,1.3299570935141822,54.0,0.3333333333333333,,,,,
dip_vs_trend,KZT,0,2022-12…2023-05,BUY_NOW,medium,45,50.0,9,9,0.2222222222222222,0.41877022653721685,0.5306543019062339,0.0,1.3266357547655847,0.5555555555555556,0.7702265372168284,0.7212885154061626,-6.016310724870446,49.63501222767193,-55.65132295254237,-126.77920278026829,20.36798686769793,-77.14419055259636,70.00299909536986,-68.3801944457051,101.7956408270395,104.59191983149461,-12.277734525291258,0.34615384615384615,0.0,1.3299570935141822,54.0,0.3333333333333333,,,,,
dip_vs_trend,KZT,0,2022-12…2023-05,BUY_NOW,medium,180,0.0,9,9,0.0,0.1203883495145631,0.0,0.0,0.0,0.8888888888888888,0.7029126213592233,1.2645794966236954,139.60680096069348,196.25929429886097,-56.65249333816749,-165.50702386533808,46.09952287239156,30.75227043352287,242.35881717125253,38.69935508775124,267.1948716330893,227.8701292948631,-12.277734525291258,0.34615384615384615,0.0,1.3299570935141822,54.0,0.3333333333333333,,,,,
dip_vs_trend,KZT,0,2022-12…2023-05,BUY_NOW,medium,180,10.0,9,9,0.0,0.1669902912621359,0.0,0.0,0.0,0.8888888888888888,0.7106796116504854,1.2507589556769885,139.60680096069348,196.25929429886097,-56.65249333816749,-165.50702386533808,46.09952287239156,30.75227043352287,242.35881717125253,38.69935508775124,267.1948716330893,227.8701292948631,-12.277734525291258,0.34615384615384615,0.0,1.3299570935141822,54.0,0.3333333333333333,,,,,
dip_vs_trend,KZT,0,2022-12…2023-05,BUY_NOW,medium,180,25.0,9,9,0.1111111111111111,0.23883495145631067,0.46522131887985546,0.0,1.3956639566395663,0.8888888888888888,0.7152103559870551,1.242835595776772,139.60680096069348,196.25929429886097,-56.65249333816749,-165.50702386533808,46.09952287239156,30.75227043352287,242.35881717125253,38.69935508775124,267.1948716330893,227.8701292948631,-12.277734525291258,0.34615384615384615,0.0,1.3299570935141822,54.0,0.3333333333333333,0.875,0.6776556776556777,8.0,1.2912162162162162,-86.75796929949752
dip_vs_trend,KZT,0,2022-12…2023-05,BUY_NOW,medium,180,50.0,9,9,0.2222222222222222,0.34757281553398056,0.6393544382371198,0.0,1.5983860955927998,0.8888888888888888,0.7262135922330097,1.224004753416518,139.60680096069348,196.25929429886097,-56.65249333816749,-165.50702386533808,46.09952287239156,30.75227043352287,242.35881717125253,38.69935508775124,267.1948716330893,227.8701292948631,-12.277734525291258,0.34615384615384615,0.0,1.3299570935141822,54.0,0.3333333333333333,,,,,
momentum,KZT,1,2023-06…2023-11,BUY_NOW,fast,1,0.0,51,51,0.5490196078431373,0.5363408521303258,1.023639362286971,0.7677295217152281,1.2795492028587137,0.5490196078431373,0.5363408521303258,1.023639362286971,-3.93712025665261,0.49361324916416016,-4.43073350581677,-21.395133655711668,8.25127869434656,-20.901520406547508,8.74489194351072,-14.844735341378096,4.6039065655440705,15.422334106002616,14.862099729181926,1.9508196721311475,0.0,0.12242082632599131,6.0,0.0,,,,,
momentum,KZT,1,2023-06…2023-11,BUY_NOW,fast,1,10.0,51,51,0.7254901960784313,0.6760651629072681,1.0731069072670774,0.8990895709534972,1.2471242435806575,0.7254901960784313,0.6760651629072681,1.0731069072670774,-3.93712025665261,0.49361324916416016,-4.43073350581677,-21.395133655711668,8.25127869434656,-20.901520406547508,8.74489194351072,-14.844735341378096,4.6039065655440705,15.422334106002616,14.862099729181926,1.9508196721311475,0.0,0.12242082632599131,6.0,0.0,,,,,
momentum,KZT,1,2023-06…2023-11,BUY_NOW,fast,1,25.0,51,51,0.8235294117647058,0.8120300751879699,1.014161220043573,0.8692810457516341,1.1348946986201889,0.8235294117647058,0.8120300751879699,1.014161220043573,-3.93712025665261,0.49361324916416016,-4.43073350581677,-21.395133655711668,8.25127869434656,-20.901520406547508,8.74489194351072,-14.844735341378096,4.6039065655440705,15.422334106002616,14.862099729181926,1.9508196721311475,0.0,0.12242082632599131,6.0,0.0,,,,,
momentum,KZT,1,2023-06…2023-11,BUY_NOW,fast,1,50.0,51,51,0.9411764705882353,0.9204260651629073,1.0225443478957275,0.9373323189044168,1.0864533696392105,0.9411764705882353,0.9204260651629073,1.0225443478957275,-3.93712025665261,0.49361324916416016,-4.43073350581677,-21.395133655711668,8.25127869434656,-20.901520406547508,8.74489194351072,-14.844735341378096,4.6039065655440705,15.422334106002616,14.862099729181926,1.9508196721311475,0.0,0.12242082632599131,6.0,0.0,,,,,
momentum,KZT,1,2023-06…2023-11,BUY_NOW,fast,4,0.0,51,51,0.39215686274509803,0.30701754385964913,1.2773109243697478,0.8941176470588236,1.7243697478991595,0.5882352941176471,0.5469924812030075,1.0753992318576917,10.046313053541132,1.2659089299750506,8.78040412356608,-10.74793276935206,25.01717724131529,-9.482023839377009,26.283086171290343,2.092924228094158,18.590881115026956,24.231440736816435,14.862099729181926,1.9508196721311475,0.0,0.12242082632599131,6.0,0.0,,,,,
momentum,KZT,1,2023-06…2023-11,BUY_NOW,fast,4,10.0,51,51,0.5098039215686274,0.4016290726817043,1.2693401853721207,0.9275947508488575,1.611085619895384,0.6274509803921569,0.6441102756892231,0.9741359578850995,10.046313053541132,1.2659089299750506,8.78040412356608,-10.74793276935206,25.01717724131529,-9.482023839377009,26.283086171290343,2.092924228094158,18.590881115026956,24.231440736816435,14.862099729181926,1.9508196721311475,0.0,0.12242082632599131,6.0,0.0,,,,,
momentum,KZT,1,2023-06…2023-11,BUY_NOW,fast,4,25.0,51,51,0.6078431372549019,0.5513784461152882,1.1024064171122994,0.853475935828877,1.3513368983957221,0.803921568627451,0.7506265664160401,1.0710006874202103,10.046313053541132,1.2659089299750506,8.78040412356608,-10.74793276935206,25.01717724131529,-9.482023839377009,26.283086171290343,2.092924228094158,18.590881115026956,24.231440736816435,14.862099729181926,1.9508196721311475,0.0,0.12242082632599131,6.0,0.0,,,,,
momentum,KZT,1,2023-06…2023-11,BUY_NOW,fast,4,50.0,51,51,0.7843137254901961,0.731829573934837,1.0717163577759872,0.910958904109589,1.2056809024979855,0.9803921568627451,0.881578947368421,1.1120866256950541,10.046313053541132,1.2659089299750506,8.78040412356608,-10.74793276935206,25.01717724131529,-9.482023839377009,26.283086171290343,2.092924228094158,18.590881115026956,24.231440736816435,14.862099729181926,1.9508196721311475,0.0,0.12242082632599131,6.0,0.0,,,,,
momentum,KZT,1,2023-06…2023-11,BUY_NOW,fast,9,0.0,51,51,0.2549019607843137,0.19924812030075187,1.2793192748797633,0.6888642249352572,1.8697743248242695,0.6078431372549019,0.5413533834586466,1.122821350762527,13.266479039912717,2.4800958678816936,10.786383172031023,-8.228951236979585,28.97130911275118,-5.748855369097892,31.451404980632873,3.61606893921389,26.841059726929913,19.9284163710105,14.862099729181926,1.9508196721311475,0.0,0.12242082632599131,6.0,0.0,,,,,
momentum,KZT,1,2023-06…2023-11,BUY_NOW,fast,9,10.0,51,51,0.3137254901960784,0.2650375939849624,1.1837018495341398,0.7398136559588374,1.6275900431094426,0.6666666666666666,0.62468671679198,1.0672016048144433,13.266479039912717,2.4800958678816936,10.786383172031023,-8.228951236979585,28.97130911275118,-5.748855369097892,31.451404980632873,3.61606893921389,26.841059726929913,19.9284163710105,14.862099729181926,1.9508196721311475,0.0,0.12242082632599131,6.0,0.0,,,,,
momentum,KZT,1,2023-06…2023-11,BUY_NOW,fast,9,25.0,51,51,0.47058823529411764,0.38596491228070173,1.2192513368983957,0.8636363636363636,1.5748663101604277,0.7843137254901961,0.7268170426065163,1.079107505070994,13.266479039912717,2.4800958678816936,10.786383172031023,-8.228951236979585,28.97130911275118,-5.748855369097892,31.451404980632873,3.61606893921389,26.841059726929913,19.9284163710105,14.862099729181926,1.9508196721311475,0.0,0.12242082632599131,6.0,0.0,,,,,
momentum,KZT,1,2023-06…2023-11,BUY_NOW,fast,9,50.0,51,51,0.6666666666666666,0.5902255639097744,1.129511677282378,0.9301860871737231,1.328837267391033,0.8431372549019608,0.8370927318295739,1.0072208524128214,13.266479039912717,2.4800958678816936,10.786383172031023,-8.228951236979585,28.97130911275118,-5.748855369097892,31.451404980632873,3.61606893921389,26.841059726929913,19.9284163710105,14.862099729181926,1.9508196721311475,0.0,0.12242082632599131,6.0,0.0,,,,,
momentum,KZT,1,2023-06…2023-11,BUY_NOW,fast,45,0.0,51,51,0.1568627450980392,0.11090225563909774,1.414423396477235,0.5304087736789631,2.298438019275507,0.6274509803921569,0.5739348370927319,1.0932442846134087,23.004656169729113,12.088546070484142,10.916110099244971,-29.128619829391035,46.63737841923938,-17.040073758906892,58.725924489723525,-7.630929219437175,54.18808848614425,14.818190591551078,14.862099729181926,1.9508196721311475,0.0,0.12242082632599131,6.0,0.0,,,,,
momentum,KZT,1,2023-06…2023-11,BUY_NOW,fast,45,10.0,51,51,0.17647058823529413,0.15037593984962405,1.173529411764706,0.5215686274509804,1.8254901960784315,0.6666666666666666,0.6046365914786967,1.1025906735751294,23.004656169729113,12.088546070484142,10.916110099244971,-29.128619829391035,46.63737841923938,-17.040073758906892,58.725924489723525,-7.630929219437175,54.18808848614425,14.818190591551078,14.862099729181926,1.9508196721311475,0.0,0.12242082632599131,6.0,0.0,,,,,
momentum,KZT,1,2023-06…2023-11,BUY_NOW,fast,45,25.0,51,51,0.2549019607843137,0.212406015037594,1.200069408294291,0.6461912198507722,1.7539475967378102,0.6862745098039216,0.6441102756892231,1.0654612039368276,23.004656169729113,12.088546070484142,10.916110099244971,-29.128619829391035,46.63737841923938,-17.040073758906892,58.725924489723525,-7.630929219437175,54.18808848614425,14.818190591551078,14.862099729181926,1.9508196721311475,0.0,0.12242082632599131,6.0,0.0,,,,,
momentum,KZT,1,2023-06…2023-11,BUY_NOW,fast,45,50.0,51,51,0.3333333333333333,0.3182957393483709,1.047244094488189,0.6776285317276518,1.4168596572487264,0.7450980392156863,0.7030075187969925,1.0598720771731152,23.004656169729113,12.088546070484142,10.916110099244971,-29.128619829391035,46.63737841923938,-17.040073758906892,58.725924489723525,-7.630929219437175,54.18808848614425,14.818190591551078,14.862099729181926,1.9508196721311475,0.0,0.12242082632599131,6.0,0.0,,,,,
momentum,KZT,1,2023-06…2023-11,BUY_NOW,fast,180,0.0,51,51,0.0196078431372549,0.05137844611528822,0.381635581061693,0.0,1.144906743185079,0.5686274509803921,0.5651629072681704,1.0061301682535542,61.6399670268593,48.43587551386492,13.204091512994381,-56.700974244950984,84.81201009000839,-8.26509873108606,133.2478856038733,-57.83229464522563,207.89253508007695,19.01631266491977,14.862099729181926,1.9508196721311475,0.0,0.12242082632599131,6.0,0.0,,,,,
momentum,KZT,1,2023-06…2023-11,BUY_NOW,fast,180,10.0,51,51,0.058823529411764705,0.06641604010025062,0.8856825749167592,0.0,2.0665926748057717,0.5686274509803921,0.5720551378446115,0.9940081180336319,61.6399670268593,48.43587551386492,13.204091512994381,-56.700974244950984,84.81201009000839,-8.26509873108606,133.2478856038733,-57.83229464522563,207.89253508007695,19.01631266491977,14.862099729181926,1.9508196721311475,0.0,0.12242082632599131,6.0,0.0,,,,,
momentum,KZT,1,2023-06…2023-11,BUY_NOW,fast,180,25.0,51,51,0.09803921568627451,0.09837092731829573,0.9966279505432747,0.19932559010865494,1.7989134507305837,0.5882352941176471,0.5864661654135338,1.0030165912518854,61.6399670268593,48.43587551386492,13.204091512994381,-56.700974244950984,84.81201009000839,-8.26509873108606,133.2478856038733,-57.83229464522563,207.89253508007695,19.01631266491977,14.862099729181926,1.9508196721311475,0.0,0.12242082632599131,6.0,0.0,0.5652173913043478,0.5706214689265536,46.0,0.9905294877313818,14.207838331835227
momentum,KZT,1,2023-06…2023-11,BUY_NOW,fast,180,50.0,51,51,0.1568627450980392,0.16604010025062657,0.9447280799112098,0.3542730299667036,1.5351831298557157,0.6274509803921569,0.6096491228070176,1.0292001692763435,61.6399670268593,48.43587551386492,13.204091512994381,-56.700974244950984,84.81201009000839,-8.26509873108606,133.2478856038733,-57.83229464522563,207.89253508007695,19.01631266491977,14.862099729181926,1.9508196721311475,0.0,0.12242082632599131,6.0,0.0,,,,,
level,KZT,1,2023-06…2023-11,BUY_NOW,medium,1,0.0,17,17,0.35294117647058826,0.5363408521303258,0.6580538757559099,0.21935129191863662,1.0967564595931831,0.35294117647058826,0.5363408521303258,0.6580538757559099,-7.565731734118949,0.49361324916416016,-8.05934498328311,-21.486806784187255,5.9757492178927185,-20.993193535023096,6.469362467056879,-21.35952528096209,17.48593691668454,17.799572677425065,-13.59564983636639,0.6502732240437159,0.0,0.8782950706940795,77.0,0.3333333333333333,,,,,
level,KZT,1,2023-06…2023-11,BUY_NOW,medium,1,10.0,17,17,0.5294117647058824,0.6760651629072681,0.7830780134111105,0.4350433407839503,1.1311126860382708,0.5294117647058824,0.6760651629072681,0.7830780134111105,-7.565731734118949,0.49361324916416016,-8.05934498328311,-21.486806784187255,5.9757492178927185,-20.993193535023096,6.469362467056879,-21.35952528096209,17.48593691668454,17.799572677425065,-13.59564983636639,0.6502732240437159,0.0,0.8782950706940795,77.0,0.3333333333333333,,,,,
level,KZT,1,2023-06…2023-11,BUY_NOW,medium,1,25.0,17,17,0.8235294117647058,0.8120300751879699,1.014161220043573,0.7968409586056646,1.2314814814814816,0.8235294117647058,0.8120300751879699,1.014161220043573,-7.565731734118949,0.49361324916416016,-8.05934498328311,-21.486806784187255,5.9757492178927185,-20.993193535023096,6.469362467056879,-21.35952528096209,17.48593691668454,17.799572677425065,-13.59564983636639,0.6502732240437159,0.0,0.8782950706940795,77.0,0.3333333333333333,,,,,
level,KZT,1,2023-06…2023-11,BUY_NOW,medium,1,50.0,17,17,0.9411764705882353,0.9204260651629073,1.0225443478957275,0.8947263044087614,1.0864533696392105,0.9411764705882353,0.9204260651629073,1.0225443478957275,-7.565731734118949,0.49361324916416016,-8.05934498328311,-21.486806784187255,5.9757492178927185,-20.993193535023096,6.469362467056879,-21.35952528096209,17.48593691668454,17.799572677425065,-13.59564983636639,0.6502732240437159,0.0,0.8782950706940795,77.0,0.3333333333333333,,,,,
level,KZT,1,2023-06…2023-11,BUY_NOW,medium,4,0.0,17,17,0.17647058823529413,0.30701754385964913,0.5747899159663866,0.0,1.1495798319327732,0.47058823529411764,0.5469924812030075,0.8603193854861533,0.9126498776367091,1.2659089299750506,-0.35325905233834143,-15.419406468184055,18.437972559495748,-14.153497538209004,19.7038814894708,-9.334751102324512,33.880919061878124,24.4734218898822,-13.59564983636639,0.6502732240437159,0.0,0.8782950706940795,77.0,0.3333333333333333,,,,,
level,KZT,1,2023-06…2023-11,BUY_NOW,medium,4,10.0,17,17,0.23529411764705882,0.4016290726817043,0.5858493163255941,0.14646232908139853,1.0252363035697898,0.5294117647058824,0.6441102756892231,0.8219272144655527,0.9126498776367091,1.2659089299750506,-0.35325905233834143,-15.419406468184055,18.437972559495748,-14.153497538209004,19.7038814894708,-9.334751102324512,33.880919061878124,24.4734218898822,-13.59564983636639,0.6502732240437159,0.0,0.8782950706940795,77.0,0.3333333333333333,,,,,
level,KZT,1,2023-06…2023-11,BUY_NOW,medium,4,25.0,17,17,0.4117647058823529,0.5513784461152882,0.7467914438502674,0.3200534759358289,1.173529411764706,0.7058823529411765,0.7506265664160401,0.9403908474909163,0.9126498776367091,1.2659089299750506,-0.35325905233834143,-15.419406468184055,18.437972559495748,-14.153497538209004,19.7038814894708,-9.334751102324512,33.880919061878124,24.4734218898822,-13.59564983636639,0.6502732240437159,0.0,0.8782950706940795,77.0,0.3333333333333333,,,,,
level,KZT,1,2023-06…2023-11,BUY_NOW,medium,4,50.0,17,17,0.7058823529411765,0.731829573934837,0.9645447219983885,0.6430298146655923,1.2056809024979855,0.9411764705882353,0.881578947368421,1.067603160667252,0.9126498776367091,1.2659089299750506,-0.35325905233834143,-15.419406468184055,18.437972559495748,-14.153497538209004,19.7038814894708,-9.334751102324512,33.880919061878124,24.4734218898822,-13.59564983636639,0.6502732240437159,0.0,0.8782950706940795,77.0,0.3333333333333333,,,,,
level,KZT,1,2023-06…2023-11,BUY_NOW,medium,9,0.0,17,17,0.058823529411764705,0.19924812030075187,0.2952275249722531,0.0,0.8856825749167593,0.47058823529411764,0.5413533834586466,0.869281045751634,-7.279848333658322,2.4800958678816936,-9.759944201540016,-27.566439387081186,7.59028007170398,-25.08634351919949,10.070375939585674,-15.42896069167874,14.847309308246707,25.004346142565563,-13.59564983636639,0.6502732240437159,0.0,0.8782950706940795,77.0,0.3333333333333333,,,,,
level,KZT,1,2023-06…2023-11,BUY_NOW,medium,9,10.0,17,17,0.058823529411764705,0.2650375939849624,0.22194409678765123,0.0,0.6658322903629538,0.47058823529411764,0.62468671679198,0.7533187798690189,-7.279848333658322,2.4800958678816936,-9.759944201540016,-27.566439387081186,7.59028007170398,-25.08634351919949,10.070375939585674,-15.42896069167874,14.847309308246707,25.004346142565563,-13.59564983636639,0.6502732240437159,0.0,0.8782950706940795,77.0,0.3333333333333333,,,,,
level,KZT,1,2023-06…2023-11,BUY_NOW,medium,9,25.0,17,17,0.23529411764705882,0.38596491228070173,0.6096256684491979,0.15240641711229946,1.2192513368983957,0.7647058823529411,0.7268170426065163,1.052129817444219,-7.279848333658322,2.4800958678816936,-9.759944201540016,-27.566439387081186,7.59028007170398,-25.08634351919949,10.070375939585674,-15.42896069167874,14.847309308246707,25.004346142565563,-13.59564983636639,0.6502732240437159,0.0,0.8782950706940795,77.0,0.3333333333333333,,,,,
level,KZT,1,2023-06…2023-11,BUY_NOW,medium,9,50.0,17,17,0.5882352941176471,0.5902255639097744,0.9966279505432747,0.5979767703259649,1.3952791307605845,0.8823529411764706,0.8370927318295739,1.0540683339203945,-7.279848333658322,2.4800958678816936,-9.759944201540016,-27.566439387081186,7.59028007170398,-25.08634351919949,10.070375939585674,-15.42896069167874,14.847309308246707,25.004346142565563,-13.59564983636639,0.6502732240437159,0.0,0.8782950706940795,77.0,0.3333333333333333,,,,,
level,KZT,1,2023-06…2023-11,BUY_NOW,medium,45,0.0,17,17,0.0,0.11090225563909774,0.0,0.0,0.0,0.4117647058823529,0.5739348370927319,0.7174415617775494,-6.219930301040112,12.088546070484142,-18.308476371524254,-57.711996538815704,24.885983203900892,-45.62345046833156,36.974529274385034,-31.73289862651237,56.98774796181464,39.053495664793274,-13.59564983636639,0.6502732240437159,0.0,0.8782950706940795,77.0,0.3333333333333333,,,,,
level,KZT,1,2023-06…2023-11,BUY_NOW,medium,45,10.0,17,17,0.0,0.15037593984962405,0.0,0.0,0.0,0.47058823529411764,0.6046365914786967,0.778299298994209,-6.219930301040112,12.088546070484142,-18.308476371524254,-57.711996538815704,24.885983203900892,-45.62345046833156,36.974529274385034,-31.73289862651237,56.98774796181464,39.053495664793274,-13.59564983636639,0.6502732240437159,0.0,0.8782950706940795,77.0,0.3333333333333333,,,,,
level,KZT,1,2023-06…2023-11,BUY_NOW,medium,45,25.0,17,17,0.058823529411764705,0.212406015037594,0.2769390942217595,0.0,0.8308172826652785,0.5294117647058824,0.6441102756892231,0.8219272144655527,-6.219930301040112,12.088546070484142,-18.308476371524254,-57.711996538815704,24.885983203900892,-45.62345046833156,36.974529274385034,-31.73289862651237,56.98774796181464,39.053495664793274,-13.59564983636639,0.6502732240437159,0.0,0.8782950706940795,77.0,0.3333333333333333,,,,,
level,KZT,1,2023-06…2023-11,BUY_NOW,medium,45,50.0,17,17,0.17647058823529413,0.3182957393483709,0.554423344140806,0.0,1.108846688281612,0.5882352941176471,0.7030075187969925,0.8367411135577225,-6.219930301040112,12.088546070484142,-18.308476371524254,-57.711996538815704,24.885983203900892,-45.62345046833156,36.974529274385034,-31.73289862651237,56.98774796181464,39.053495664793274,-13.59564983636639,0.6502732240437159,0.0,0.8782950706940795,77.0,0.3333333333333333,,,,,
level,KZT,1,2023-06…2023-11,BUY_NOW,medium,180,0.0,17,17,0.0,0.05137844611528822,0.0,0.0,0.0,0.47058823529411764,0.5651629072681704,0.8326594495891483,-15.575417748228782,48.43587551386492,-64.0112932620937,-146.5318021453728,19.77617629135772,-98.09592663150788,68.21205180522264,-117.65424695539315,106.9796679780897,63.11338369439104,-13.59564983636639,0.6502732240437159,0.0,0.8782950706940795,77.0,0.3333333333333333,,,,,
level,KZT,1,2023-06…2023-11,BUY_NOW,medium,180,10.0,17,17,0.0,0.06641604010025062,0.0,0.0,0.0,0.47058823529411764,0.5720551378446115,0.8226274080278333,-15.575417748228782,48.43587551386492,-64.0112932620937,-146.5318021453728,19.77617629135772,-98.09592663150788,68.21205180522264,-117.65424695539315,106.9796679780897,63.11338369439104,-13.59564983636639,0.6502732240437159,0.0,0.8782950706940795,77.0,0.3333333333333333,,,,,
level,KZT,1,2023-06…2023-11,BUY_NOW,medium,180,25.0,17,17,0.0,0.09837092731829573,0.0,0.0,0.0,0.5294117647058824,0.5864661654135338,0.9027149321266968,-15.575417748228782,48.43587551386492,-64.0112932620937,-146.5318021453728,19.77617629135772,-98.09592663150788,68.21205180522264,-117.65424695539315,106.9796679780897,63.11338369439104,-13.59564983636639,0.6502732240437159,0.0,0.8782950706940795,77.0,0.3333333333333333,0.46153846153846156,0.5706214689265536,13.0,0.8088347296268089,-88.55466386176954
level,KZT,1,2023-06…2023-11,BUY_NOW,medium,180,50.0,17,17,0.058823529411764705,0.16604010025062657,0.3542730299667036,0.0,1.062819089900111,0.5294117647058824,0.6096491228070176,0.8683876428269149,-15.575417748228782,48.43587551386492,-64.0112932620937,-146.5318021453728,19.77617629135772,-98.09592663150788,68.21205180522264,-117.65424695539315,106.9796679780897,63.11338369439104,-13.59564983636639,0.6502732240437159,0.0,0.8782950706940795,77.0,0.3333333333333333,,,,,
reversal,KZT,1,2023-06…2023-11,WINDOW_CLOSING,slow,1,0.0,24,24,0.6666666666666666,0.5363408521303258,1.2429906542056075,0.8545560747663552,1.5537383177570094,0.6666666666666666,0.5363408521303258,1.2429906542056075,9.215390930530551,0.49361324916416016,8.721777681366392,-4.562865833472633,20.406239992119495,-4.069252584308472,20.899853241283655,1.6142273818883213,15.754676011860537,3.572684683491033,18.018101120537466,0.9180327868852459,0.0,0.7142163912786206,95.0,0.5,,,,,
reversal,KZT,1,2023-06…2023-11,WINDOW_CLOSING,slow,1,10.0,24,24,0.6666666666666666,0.5363408521303258,1.2429906542056075,0.8545560747663552,1.5537383177570094,0.6666666666666666,0.5363408521303258,1.2429906542056075,9.215390930530551,0.49361324916416016,8.721777681366392,-4.562865833472633,20.406239992119495,-4.069252584308472,20.899853241283655,1.6142273818883213,15.754676011860537,3.572684683491033,18.018101120537466,0.9180327868852459,0.0,0.7142163912786206,95.0,0.5,,,,,
reversal,KZT,1,2023-06…2023-11,WINDOW_CLOSING,slow,1,25.0,24,24,0.6666666666666666,0.5363408521303258,1.2429906542056075,0.8545560747663552,1.5537383177570094,0.6666666666666666,0.5363408521303258,1.2429906542056075,9.215390930530551,0.49361324916416016,8.721777681366392,-4.562865833472633,20.406239992119495,-4.069252584308472,20.899853241283655,1.6142273818883213,15.754676011860537,3.572684683491033,18.018101120537466,0.9180327868852459,0.0,0.7142163912786206,95.0,0.5,,,,,
reversal,KZT,1,2023-06…2023-11,WINDOW_CLOSING,slow,1,50.0,24,24,0.6666666666666666,0.5363408521303258,1.2429906542056075,0.8545560747663552,1.5537383177570094,0.6666666666666666,0.5363408521303258,1.2429906542056075,9.215390930530551,0.49361324916416016,8.721777681366392,-4.562865833472633,20.406239992119495,-4.069252584308472,20.899853241283655,1.6142273818883213,15.754676011860537,3.572684683491033,18.018101120537466,0.9180327868852459,0.0,0.7142163912786206,95.0,0.5,,,,,
reversal,KZT,1,2023-06…2023-11,WINDOW_CLOSING,slow,4,0.0,24,24,0.6666666666666666,0.5507518796992481,1.210466439135381,0.8321956769055745,1.5130830489192264,0.6666666666666666,0.5507518796992481,1.210466439135381,10.948292593787878,1.2659089299750506,9.682383663812827,-9.744604821856589,27.91344378765329,-8.478695891881538,29.17935271762834,9.277681363996427,12.936720551380473,4.342975936742257,18.018101120537466,0.9180327868852459,0.0,0.7142163912786206,95.0,0.5,,,,,
reversal,KZT,1,2023-06…2023-11,WINDOW_CLOSING,slow,4,10.0,24,24,0.6666666666666666,0.5507518796992481,1.210466439135381,0.8321956769055745,1.5130830489192264,0.6666666666666666,0.5507518796992481,1.210466439135381,10.948292593787878,1.2659089299750506,9.682383663812827,-9.744604821856589,27.91344378765329,-8.478695891881538,29.17935271762834,9.277681363996427,12.936720551380473,4.342975936742257,18.018101120537466,0.9180327868852459,0.0,0.7142163912786206,95.0,0.5,,,,,
reversal,KZT,1,2023-06…2023-11,WINDOW_CLOSING,slow,4,25.0,24,24,0.6666666666666666,0.5507518796992481,1.210466439135381,0.8321956769055745,1.5130830489192264,0.6666666666666666,0.5507518796992481,1.210466439135381,10.948292593787878,1.2659089299750506,9.682383663812827,-9.744604821856589,27.91344378765329,-8.478695891881538,29.17935271762834,9.277681363996427,12.936720551380473,4.342975936742257,18.018101120537466,0.9180327868852459,0.0,0.7142163912786206,95.0,0.5,,,,,
reversal,KZT,1,2023-06…2023-11,WINDOW_CLOSING,slow,4,50.0,24,24,0.6666666666666666,0.5507518796992481,1.210466439135381,0.8321956769055745,1.5130830489192264,0.6666666666666666,0.5507518796992481,1.210466439135381,10.948292593787878,1.2659089299750506,9.682383663812827,-9.744604821856589,27.91344378765329,-8.478695891881538,29.17935271762834,9.277681363996427,12.936720551380473,4.342975936742257,18.018101120537466,0.9180327868852459,0.0,0.7142163912786206,95.0,0.5,,,,,
reversal,KZT,1,2023-06…2023-11,WINDOW_CLOSING,slow,9,0.0,24,24,0.5833333333333334,0.543233082706767,1.0738177623990772,0.690311418685121,1.4573241061130333,0.5833333333333334,0.543233082706767,1.0738177623990772,14.225471185060158,2.4800958678816936,11.745375317178464,-15.067977537165708,36.67681258840886,-12.587881669284014,39.15690845629055,5.146026909914736,23.858254900534615,6.928758977132372,18.018101120537466,0.9180327868852459,0.0,0.7142163912786206,95.0,0.5,,,,,
reversal,KZT,1,2023-06…2023-11,WINDOW_CLOSING,slow,9,10.0,24,24,0.5833333333333334,0.543233082706767,1.0738177623990772,0.690311418685121,1.4573241061130333,0.5833333333333334,0.543233082706767,1.0738177623990772,14.225471185060158,2.4800958678816936,11.745375317178464,-15.067977537165708,36.67681258840886,-12.587881669284014,39.15690845629055,5.146026909914736,23.858254900534615,6.928758977132372,18.018101120537466,0.9180327868852459,0.0,0.7142163912786206,95.0,0.5,,,,,
reversal,KZT,1,2023-06…2023-11,WINDOW_CLOSING,slow,9,25.0,24,24,0.5833333333333334,0.543233082706767,1.0738177623990772,0.690311418685121,1.4573241061130333,0.5833333333333334,0.543233082706767,1.0738177623990772,14.225471185060158,2.4800958678816936,11.745375317178464,-15.067977537165708,36.67681258840886,-12.587881669284014,39.15690845629055,5.146026909914736,23.858254900534615,6.928758977132372,18.018101120537466,0.9180327868852459,0.0,0.7142163912786206,95.0,0.5,,,,,
reversal,KZT,1,2023-06…2023-11,WINDOW_CLOSING,slow,9,50.0,24,24,0.5833333333333334,0.543233082706767,1.0738177623990772,0.690311418685121,1.4573241061130333,0.5833333333333334,0.543233082706767,1.0738177623990772,14.225471185060158,2.4800958678816936,11.745375317178464,-15.067977537165708,36.67681258840886,-12.587881669284014,39.15690845629055,5.146026909914736,23.858254900534615,6.928758977132372,18.018101120537466,0.9180327868852459,0.0,0.7142163912786206,95.0,0.5,,,,,
reversal,KZT,1,2023-06…2023-11,WINDOW_CLOSING,slow,45,0.0,24,24,0.4166666666666667,0.5476190476190477,0.7608695652173912,0.3804347826086956,1.141304347826087,0.4166666666666667,0.5476190476190477,0.7608695652173912,1.5895263767906584,12.088546070484142,-10.499019693693484,-51.72772955375182,30.586638323653254,-39.63918348326768,42.675184394137396,-23.644425612696143,47.53414684120516,13.325304058107447,18.018101120537466,0.9180327868852459,0.0,0.7142163912786206,95.0,0.5,,,,,
reversal,KZT,1,2023-06…2023-11,WINDOW_CLOSING,slow,45,10.0,24,24,0.4166666666666667,0.5476190476190477,0.7608695652173912,0.3804347826086956,1.141304347826087,0.4166666666666667,0.5476190476190477,0.7608695652173912,1.5895263767906584,12.088546070484142,-10.499019693693484,-51.72772955375182,30.586638323653254,-39.63918348326768,42.675184394137396,-23.644425612696143,47.53414684120516,13.325304058107447,18.018101120537466,0.9180327868852459,0.0,0.7142163912786206,95.0,0.5,,,,,
reversal,KZT,1,2023-06…2023-11,WINDOW_CLOSING,slow,45,25.0,24,24,0.4166666666666667,0.5476190476190477,0.7608695652173912,0.3804347826086956,1.141304347826087,0.4166666666666667,0.5476190476190477,0.7608695652173912,1.5895263767906584,12.088546070484142,-10.499019693693484,-51.72772955375182,30.586638323653254,-39.63918348326768,42.675184394137396,-23.644425612696143,47.53414684120516,13.325304058107447,18.018101120537466,0.9180327868852459,0.0,0.7142163912786206,95.0,0.5,,,,,
reversal,KZT,1,2023-06…2023-11,WINDOW_CLOSING,slow,45,50.0,24,24,0.4166666666666667,0.5476190476190477,0.7608695652173912,0.3804347826086956,1.141304347826087,0.4166666666666667,0.5476190476190477,0.7608695652173912,1.5895263767906584,12.088546070484142,-10.499019693693484,-51.72772955375182,30.586638323653254,-39.63918348326768,42.675184394137396,-23.644425612696143,47.53414684120516,13.325304058107447,18.018101120537466,0.9180327868852459,0.0,0.7142163912786206,95.0,0.5,,,,,
reversal,KZT,1,2023-06…2023-11,WINDOW_CLOSING,slow,180,0.0,24,24,0.3333333333333333,0.543233082706767,0.6136101499423298,0.3068050749711649,0.9971164936562859,0.3333333333333333,0.543233082706767,0.6136101499423298,-43.054779965351656,48.43587551386492,-91.49065547921657,-166.1871323509231,-18.30136477833871,-117.75125683705818,30.134510735526213,-132.091700230907,59.6454660636927,23.83368748282095,18.018101120537466,0.9180327868852459,0.0,0.7142163912786206,95.0,0.5,,,,,
reversal,KZT,1,2023-06…2023-11,WINDOW_CLOSING,slow,180,10.0,24,24,0.3333333333333333,0.543233082706767,0.6136101499423298,0.3068050749711649,0.9971164936562859,0.3333333333333333,0.543233082706767,0.6136101499423298,-43.054779965351656,48.43587551386492,-91.49065547921657,-166.1871323509231,-18.30136477833871,-117.75125683705818,30.134510735526213,-132.091700230907,59.6454660636927,23.83368748282095,18.018101120537466,0.9180327868852459,0.0,0.7142163912786206,95.0,0.5,,,,,
reversal,KZT,1,2023-06…2023-11,WINDOW_CLOSING,slow,180,25.0,24,24,0.3333333333333333,0.543233082706767,0.6136101499423298,0.3068050749711649,0.9971164936562859,0.3333333333333333,0.543233082706767,0.6136101499423298,-43.054779965351656,48.43587551386492,-91.49065547921657,-166.1871323509231,-18.30136477833871,-117.75125683705818,30.134510735526213,-132.091700230907,59.6454660636927,23.83368748282095,18.018101120537466,0.9180327868852459,0.0,0.7142163912786206,95.0,0.5,0.16666666666666666,0.5098870056497176,18.0,0.32686980609418276,-131.42785980359966
reversal,KZT,1,2023-06…2023-11,WINDOW_CLOSING,slow,180,50.0,24,24,0.3333333333333333,0.543233082706767,0.6136101499423298,0.3068050749711649,0.9971164936562859,0.3333333333333333,0.543233082706767,0.6136101499423298,-43.054779965351656,48.43587551386492,-91.49065547921657,-166.1871323509231,-18.30136477833871,-117.75125683705818,30.134510735526213,-132.091700230907,59.6454660636927,23.83368748282095,18.018101120537466,0.9180327868852459,0.0,0.7142163912786206,95.0,0.5,,,,,
dip_vs_trend,KZT,1,2023-06…2023-11,BUY_NOW,medium,1,0.0,24,24,0.5,0.5363408521303258,0.9322429906542057,0.5438084112149534,1.320677570093458,0.5,0.5363408521303258,0.9322429906542057,-1.0700065565227377,0.49361324916416016,-1.5636198056868977,-20.58049001099662,18.261221743846168,-20.08687676183246,18.754834993010327,-25.913892932568416,23.131638293453804,8.129411111295846,7.5610845550772945,0.9180327868852459,0.0,0.9765562898657065,50.0,0.16666666666666666,,,,,
dip_vs_trend,KZT,1,2023-06…2023-11,BUY_NOW,medium,1,10.0,24,24,0.5416666666666666,0.6760651629072681,0.8012048192771084,0.49304911955514363,1.1093605189990732,0.5416666666666666,0.6760651629072681,0.8012048192771084,-1.0700065565227377,0.49361324916416016,-1.5636198056868977,-20.58049001099662,18.261221743846168,-20.08687676183246,18.754834993010327,-25.913892932568416,23.131638293453804,8.129411111295846,7.5610845550772945,0.9180327868852459,0.0,0.9765562898657065,50.0,0.16666666666666666,,,,,
dip_vs_trend,KZT,1,2023-06…2023-11,BUY_NOW,medium,1,25.0,24,24,0.625,0.8120300751879699,0.7696759259259259,0.5631462191358025,0.9749228395061729,0.625,0.8120300751879699,0.7696759259259259,-1.0700065565227377,0.49361324916416016,-1.5636198056868977,-20.58049001099662,18.261221743846168,-20.08687676183246,18.754834993010327,-25.913892932568416,23.131638293453804,8.129411111295846,7.5610845550772945,0.9180327868852459,0.0,0.9765562898657065,50.0,0.16666666666666666,,,,,
dip_vs_trend,KZT,1,2023-06…2023-11,BUY_NOW,medium,1,50.0,24,24,0.8333333333333334,0.9204260651629073,0.9053778080326753,0.7243022464261402,1.0411844792375766,0.8333333333333334,0.9204260651629073,0.9053778080326753,-1.0700065565227377,0.49361324916416016,-1.5636198056868977,-20.58049001099662,18.261221743846168,-20.08687676183246,18.754834993010327,-25.913892932568416,23.131638293453804,8.129411111295846,7.5610845550772945,0.9180327868852459,0.0,0.9765562898657065,50.0,0.16666666666666666,,,,,
dip_vs_trend,KZT,1,2023-06…2023-11,BUY_NOW,medium,4,0.0,24,24,0.4583333333333333,0.30701754385964913,1.4928571428571427,0.8142857142857143,2.1714285714285713,0.5833333333333334,0.5469924812030075,1.066437571592211,3.0251874135220334,1.2659089299750506,1.7592784835469828,-22.343952800072056,26.621993265616556,-21.078043870097005,27.887902195591607,-32.55771164688785,31.777596178981764,12.244291665603848,7.5610845550772945,0.9180327868852459,0.0,0.9765562898657065,50.0,0.16666666666666666,,,,,
dip_vs_trend,KZT,1,2023-06…2023-11,BUY_NOW,medium,4,10.0,24,24,0.5,0.4016290726817043,1.2449297971918876,0.7262090483619345,1.7636505460218408,0.625,0.6441102756892231,0.9703307392996109,3.0251874135220334,1.2659089299750506,1.7592784835469828,-22.343952800072056,26.621993265616556,-21.078043870097005,27.887902195591607,-32.55771164688785,31.777596178981764,12.244291665603848,7.5610845550772945,0.9180327868852459,0.0,0.9765562898657065,50.0,0.16666666666666666,,,,,
dip_vs_trend,KZT,1,2023-06…2023-11,BUY_NOW,medium,4,25.0,24,24,0.5833333333333334,0.5513784461152882,1.0579545454545456,0.7537926136363639,1.4357954545454545,0.625,0.7506265664160401,0.8326377295492488,3.0251874135220334,1.2659089299750506,1.7592784835469828,-22.343952800072056,26.621993265616556,-21.078043870097005,27.887902195591607,-32.55771164688785,31.777596178981764,12.244291665603848,7.5610845550772945,0.9180327868852459,0.0,0.9765562898657065,50.0,0.16666666666666666,,,,,
dip_vs_trend,KZT,1,2023-06…2023-11,BUY_NOW,medium,4,50.0,24,24,0.6666666666666666,0.731829573934837,0.910958904109589,0.6832191780821918,1.1386986301369864,0.8333333333333334,0.881578947368421,0.945273631840796,3.0251874135220334,1.2659089299750506,1.7592784835469828,-22.343952800072056,26.621993265616556,-21.078043870097005,27.887902195591607,-32.55771164688785,31.777596178981764,12.244291665603848,7.5610845550772945,0.9180327868852459,0.0,0.9765562898657065,50.0,0.16666666666666666,,,,,
dip_vs_trend,KZT,1,2023-06…2023-11,BUY_NOW,medium,9,0.0,24,24,0.25,0.19924812030075187,1.2547169811320755,0.41823899371069184,2.0911949685534594,0.5416666666666666,0.5413533834586466,1.0005787037037037,-3.6320036751476725,2.4800958678816936,-6.112099543029366,-36.53599563581872,21.180768549154276,-34.05589976793703,23.66086441703597,-49.838523328240036,30.426785330613246,14.501019531564703,7.5610845550772945,0.9180327868852459,0.0,0.9765562898657065,50.0,0.16666666666666666,,,,,
dip_vs_trend,KZT,1,2023-06…2023-11,BUY_NOW,medium,9,10.0,24,24,0.25,0.2650375939849624,0.9432624113475178,0.3144208037825059,1.5721040189125297,0.6666666666666666,0.62468671679198,1.0672016048144433,-3.6320036751476725,2.4800958678816936,-6.112099543029366,-36.53599563581872,21.180768549154276,-34.05589976793703,23.66086441703597,-49.838523328240036,30.426785330613246,14.501019531564703,7.5610845550772945,0.9180327868852459,0.0,0.9765562898657065,50.0,0.16666666666666666,,,,,
dip_vs_trend,KZT,1,2023-06…2023-11,BUY_NOW,medium,9,25.0,24,24,0.375,0.38596491228070173,0.9715909090909092,0.4318181818181818,1.5113636363636365,0.75,0.7268170426065163,1.031896551724138,-3.6320036751476725,2.4800958678816936,-6.112099543029366,-36.53599563581872,21.180768549154276,-34.05589976793703,23.66086441703597,-49.838523328240036,30.426785330613246,14.501019531564703,7.5610845550772945,0.9180327868852459,0.0,0.9765562898657065,50.0,0.16666666666666666,,,,,
dip_vs_trend,KZT,1,2023-06…2023-11,BUY_NOW,medium,9,50.0,24,24,0.6666666666666666,0.5902255639097744,1.129511677282378,0.8471337579617835,1.4118895966029725,0.75,0.8370927318295739,0.8959580838323353,-3.6320036751476725,2.4800958678816936,-6.112099543029366,-36.53599563581872,21.180768549154276,-34.05589976793703,23.66086441703597,-49.838523328240036,30.426785330613246,14.501019531564703,7.5610845550772945,0.9180327868852459,0.0,0.9765562898657065,50.0,0.16666666666666666,,,,,
dip_vs_trend,KZT,1,2023-06…2023-11,BUY_NOW,medium,45,0.0,24,24,0.08333333333333333,0.11090225563909774,0.751412429378531,0.0,1.8785310734463279,0.4583333333333333,0.5739348370927319,0.7985807860262009,-7.123903350497588,12.088546070484142,-19.21244942098173,-61.00757548317404,16.16647677107258,-48.919029412689895,28.255022841556723,-43.421622744270984,24.11804174960182,41.63523270258748,7.5610845550772945,0.9180327868852459,0.0,0.9765562898657065,50.0,0.16666666666666666,,,,,
dip_vs_trend,KZT,1,2023-06…2023-11,BUY_NOW,medium,45,10.0,24,24,0.08333333333333333,0.15037593984962405,0.5541666666666667,0.0,1.3854166666666667,0.5416666666666666,0.6046365914786967,0.8958549222797927,-7.123903350497588,12.088546070484142,-19.21244942098173,-61.00757548317404,16.16647677107258,-48.919029412689895,28.255022841556723,-43.421622744270984,24.11804174960182,41.63523270258748,7.5610845550772945,0.9180327868852459,0.0,0.9765562898657065,50.0,0.16666666666666666,,,,,
dip_vs_trend,KZT,1,2023-06…2023-11,BUY_NOW,medium,45,25.0,24,24,0.16666666666666666,0.212406015037594,0.7846607669616519,0.19616519174041297,1.5693215339233038,0.6666666666666666,0.6441102756892231,1.0350194552529182,-7.123903350497588,12.088546070484142,-19.21244942098173,-61.00757548317404,16.16647677107258,-48.919029412689895,28.255022841556723,-43.421622744270984,24.11804174960182,41.63523270258748,7.5610845550772945,0.9180327868852459,0.0,0.9765562898657065,50.0,0.16666666666666666,,,,,
dip_vs_trend,KZT,1,2023-06…2023-11,BUY_NOW,medium,45,50.0,24,24,0.3333333333333333,0.3182957393483709,1.047244094488189,0.5236220472440944,1.5708661417322836,0.7083333333333334,0.7030075187969925,1.0075757575757576,-7.123903350497588,12.088546070484142,-19.21244942098173,-61.00757548317404,16.16647677107258,-48.919029412689895,28.255022841556723,-43.421622744270984,24.11804174960182,41.63523270258748,7.5610845550772945,0.9180327868852459,0.0,0.9765562898657065,50.0,0.16666666666666666,,,,,
dip_vs_trend,KZT,1,2023-06…2023-11,BUY_NOW,medium,180,0.0,24,24,0.0,0.05137844611528822,0.0,0.0,0.0,0.625,0.5651629072681704,1.1058758314855877,56.12841015145438,48.43587551386492,7.6925346375894605,-58.397066794905996,79.05134554587721,-9.961191281041073,127.48722105974213,-36.766428308020835,215.29114280652607,137.73264425656347,7.5610845550772945,0.9180327868852459,0.0,0.9765562898657065,50.0,0.16666666666666666,,,,,
dip_vs_trend,KZT,1,2023-06…2023-11,BUY_NOW,medium,180,10.0,24,24,0.0,0.06641604010025062,0.0,0.0,0.0,0.625,0.5720551378446115,1.0925520262869661,56.12841015145438,48.43587551386492,7.6925346375894605,-58.397066794905996,79.05134554587721,-9.961191281041073,127.48722105974213,-36.766428308020835,215.29114280652607,137.73264425656347,7.5610845550772945,0.9180327868852459,0.0,0.9765562898657065,50.0,0.16666666666666666,,,,,
dip_vs_trend,KZT,1,2023-06…2023-11,BUY_NOW,medium,180,25.0,24,24,0.041666666666666664,0.09837092731829573,0.42356687898089174,0.0,1.2707006369426752,0.6666666666666666,0.5864661654135338,1.1367521367521367,56.12841015145438,48.43587551386492,7.6925346375894605,-58.397066794905996,79.05134554587721,-9.961191281041073,127.48722105974213,-36.766428308020835,215.29114280652607,137.73264425656347,7.5610845550772945,0.9180327868852459,0.0,0.9765562898657065,50.0,0.16666666666666666,0.6,0.5706214689265536,20.0,1.0514851485148515,-7.152061478463004
dip_vs_trend,KZT,1,2023-06…2023-11,BUY_NOW,medium,180,50.0,24,24,0.16666666666666666,0.16604010025062657,1.0037735849056604,0.2509433962264151,2.0075471698113208,0.7083333333333334,0.6096491228070176,1.1618705035971224,56.12841015145438,48.43587551386492,7.6925346375894605,-58.397066794905996,79.05134554587721,-9.961191281041073,127.48722105974213,-36.766428308020835,215.29114280652607,137.73264425656347,7.5610845550772945,0.9180327868852459,0.0,0.9765562898657065,50.0,0.16666666666666666,,,,,
momentum,KZT,2,2023-12…2024-05,BUY_NOW,fast,1,0.0,49,49,0.5714285714285714,0.5284974093264249,1.0812324929971988,0.8109243697478992,1.3129251700680271,0.5714285714285714,0.5284974093264249,1.0812324929971988,6.322760489597905,0.29444553109100685,6.028314958506898,-1.5015317846577991,13.800362488941861,-1.2070862535667923,14.094808020032868,0.5797610422786318,13.718224171219726,14.626485113772679,1.851974551016433,1.8743169398907105,0.0,0.17213188724019693,6.0,0.0,,,,,
momentum,KZT,2,2023-12…2024-05,BUY_NOW,fast,1,10.0,49,49,0.7346938775510204,0.711139896373057,1.0331214452994313,0.8609345377495261,1.2053083528493365,0.7346938775510204,0.711139896373057,1.0331214452994313,6.322760489597905,0.29444553109100685,6.028314958506898,-1.5015317846577991,13.800362488941861,-1.2070862535667923,14.094808020032868,0.5797610422786318,13.718224171219726,14.626485113772679,1.851974551016433,1.8743169398907105,0.0,0.17213188724019693,6.0,0.0,,,,,
momentum,KZT,2,2023-12…2024-05,BUY_NOW,fast,1,25.0,49,49,0.9183673469387755,0.8704663212435233,1.0550291545189505,0.9612487852283771,1.1253644314868805,0.9183673469387755,0.8704663212435233,1.0550291545189505,6.322760489597905,0.29444553109100685,6.028314958506898,-1.5015317846577991,13.800362488941861,-1.2070862535667923,14.094808020032868,0.5797610422786318,13.718224171219726,14.626485113772679,1.851974551016433,1.8743169398907105,0.0,0.17213188724019693,6.0,0.0,,,,,
momentum,KZT,2,2023-12…2024-05,BUY_NOW,fast,1,50.0,49,49,0.9795918367346939,0.9624352331606217,1.0178262422061692,0.9754168154475789,1.0390309555854644,0.9795918367346939,0.9624352331606217,1.0178262422061692,6.322760489597905,0.29444553109100685,6.028314958506898,-1.5015317846577991,13.800362488941861,-1.2070862535667923,14.094808020032868,0.5797610422786318,13.718224171219726,14.626485113772679,1.851974551016433,1.8743169398907105,0.0,0.17213188724019693,6.0,0.0,,,,,
momentum,KZT,2,2023-12…2024-05,BUY_NOW,fast,4,0.0,49,49,0.32653061224489793,0.29533678756476683,1.1056211958467597,0.6910132474042249,1.5202291442892948,0.6122448979591837,0.5401554404145078,1.1334605784759946,4.155008027582358,0.7173820787180037,3.4376259488643544,-6.342210301614567,13.883364899417977,-5.624828222896563,14.60074697813598,-4.079470813959684,13.670475163958406,18.867544885562328,1.851974551016433,1.8743169398907105,0.0,0.17213188724019693,6.0,0.0,,,,,
momentum,KZT,2,2023-12…2024-05,BUY_NOW,fast,4,10.0,49,49,0.4897959183673469,0.43458549222797926,1.1270415766902886,0.7983211168222878,1.4557620365582895,0.6938775510204082,0.6787564766839378,1.0222776133354106,4.155008027582358,0.7173820787180037,3.4376259488643544,-6.342210301614567,13.883364899417977,-5.624828222896563,14.60074697813598,-4.079470813959684,13.670475163958406,18.867544885562328,1.851974551016433,1.8743169398907105,0.0,0.17213188724019693,6.0,0.0,,,,,
momentum,KZT,2,2023-12…2024-05,BUY_NOW,fast,4,25.0,49,49,0.6938775510204082,0.6457253886010362,1.0745706507276933,0.8849405358933945,1.2642007655619922,0.7755102040816326,0.8180051813471503,0.948050479099003,4.155008027582358,0.7173820787180037,3.4376259488643544,-6.342210301614567,13.883364899417977,-5.624828222896563,14.60074697813598,-4.079470813959684,13.670475163958406,18.867544885562328,1.851974551016433,1.8743169398907105,0.0,0.17213188724019693,6.0,0.0,,,,,
momentum,KZT,2,2023-12…2024-05,BUY_NOW,fast,4,50.0,49,49,0.8163265306122449,0.8251295336787565,0.9893313683401147,0.8656649472976004,1.112997789382629,0.9387755102040817,0.9332901554404145,1.005877437720404,4.155008027582358,0.7173820787180037,3.4376259488643544,-6.342210301614567,13.883364899417977,-5.624828222896563,14.60074697813598,-4.079470813959684,13.670475163958406,18.867544885562328,1.851974551016433,1.8743169398907105,0.0,0.17213188724019693,6.0,0.0,,,,,
momentum,KZT,2,2023-12…2024-05,BUY_NOW,fast,9,0.0,49,49,0.1836734693877551,0.19235751295336787,0.9548546691403835,0.4243798529512815,1.591424448567306,0.6326530612244898,0.5362694300518135,1.1797298629596766,4.230242473303872,1.3519012574873253,2.8783412158165467,-11.027895444758123,15.780552424412958,-9.675994187270797,17.132453681900284,-10.017199504667623,15.901104244230757,12.389034621207374,1.851974551016433,1.8743169398907105,0.0,0.17213188724019693,6.0,0.0,,,,,
momentum,KZT,2,2023-12…2024-05,BUY_NOW,fast,9,10.0,49,49,0.3673469387755102,0.2920984455958549,1.2576134666727004,0.8384089777818001,1.6768179555636002,0.673469387755102,0.6463730569948186,1.0419205758455687,4.230242473303872,1.3519012574873253,2.8783412158165467,-11.027895444758123,15.780552424412958,-9.675994187270797,17.132453681900284,-10.017199504667623,15.901104244230757,12.389034621207374,1.851974551016433,1.8743169398907105,0.0,0.17213188724019693,6.0,0.0,,,,,
momentum,KZT,2,2023-12…2024-05,BUY_NOW,fast,9,25.0,49,49,0.5714285714285714,0.47603626943005184,1.200388726919339,0.9002915451895043,1.500485908649174,0.8163265306122449,0.7778497409326425,1.0494655814032525,4.230242473303872,1.3519012574873253,2.8783412158165467,-11.027895444758123,15.780552424412958,-9.675994187270797,17.132453681900284,-10.017199504667623,15.901104244230757,12.389034621207374,1.851974551016433,1.8743169398907105,0.0,0.17213188724019693,6.0,0.0,,,,,
momentum,KZT,2,2023-12…2024-05,BUY_NOW,fast,9,50.0,49,49,0.673469387755102,0.6761658031088082,0.9960121979826414,0.7847368832590509,1.177105324888576,0.9183673469387755,0.897020725388601,1.0237972445295809,4.230242473303872,1.3519012574873253,2.8783412158165467,-11.027895444758123,15.780552424412958,-9.675994187270797,17.132453681900284,-10.017199504667623,15.901104244230757,12.389034621207374,1.851974551016433,1.8743169398907105,0.0,0.17213188724019693,6.0,0.0,,,,,
momentum,KZT,2,2023-12…2024-05,BUY_NOW,fast,45,0.0,49,49,0.08163265306122448,0.08484455958549222,0.9621436360803863,0.24053590902009658,1.9242872721607727,0.6122448979591837,0.5531088082901554,1.1069158342493908,8.217622259990156,3.4964833762772716,4.721138883712884,-21.340570356183644,29.536406764089538,-17.844086979906372,33.03289014036681,-12.98711787388069,27.16944851072998,6.414863472670311,1.851974551016433,1.8743169398907105,0.0,0.17213188724019693,6.0,0.0,,,,,
momentum,KZT,2,2023-12…2024-05,BUY_NOW,fast,45,10.0,49,49,0.16326530612244897,0.13536269430051814,1.2061322136510104,0.45229958011912896,1.9599648471828923,0.6122448979591837,0.6094559585492227,1.0045761131232516,8.217622259990156,3.4964833762772716,4.721138883712884,-21.340570356183644,29.536406764089538,-17.844086979906372,33.03289014036681,-12.98711787388069,27.16944851072998,6.414863472670311,1.851974551016433,1.8743169398907105,0.0,0.17213188724019693,6.0,0.0,,,,,
momentum,KZT,2,2023-12…2024-05,BUY_NOW,fast,45,25.0,49,49,0.30612244897959184,0.22733160621761658,1.3465899180184895,0.8079539508110937,1.9749985464271178,0.673469387755102,0.6729274611398963,1.0008053269430968,8.217622259990156,3.4964833762772716,4.721138883712884,-21.340570356183644,29.536406764089538,-17.844086979906372,33.03289014036681,-12.98711787388069,27.16944851072998,6.414863472670311,1.851974551016433,1.8743169398907105,0.0,0.17213188724019693,6.0,0.0,,,,,
momentum,KZT,2,2023-12…2024-05,BUY_NOW,fast,45,50.0,49,49,0.42857142857142855,0.36852331606217614,1.1629425056490084,0.7752950037660056,1.5505900075320111,0.7959183673469388,0.7545336787564767,1.0548480336340544,8.217622259990156,3.4964833762772716,4.721138883712884,-21.340570356183644,29.536406764089538,-17.844086979906372,33.03289014036681,-12.98711787388069,27.16944851072998,6.414863472670311,1.851974551016433,1.8743169398907105,0.0,0.17213188724019693,6.0,0.0,,,,,
momentum,KZT,2,2023-12…2024-05,BUY_NOW,fast,180,0.0,49,49,0.02040816326530612,0.038860103626943004,0.5251700680272109,0.0,1.5755102040816327,0.5918367346938775,0.560880829015544,1.0551915916482066,8.02329596199287,2.3472776501422925,5.676018311850578,-34.49622026058428,43.54389862410445,-32.148942610441985,45.891176274246746,-65.16735855758746,55.221977798100795,-5.95656010413772,1.851974551016433,1.8743169398907105,0.0,0.17213188724019693,6.0,0.0,,,,,
momentum,KZT,2,2023-12…2024-05,BUY_NOW,fast,180,10.0,49,49,0.061224489795918366,0.06541450777202072,0.9359466558900789,0.0,2.183875530410184,0.5918367346938775,0.5751295336787565,1.0290494576208862,8.02329596199287,2.3472776501422925,5.676018311850578,-34.49622026058428,43.54389862410445,-32.148942610441985,45.891176274246746,-65.16735855758746,55.221977798100795,-5.95656010413772,1.851974551016433,1.8743169398907105,0.0,0.17213188724019693,6.0,0.0,,,,,
momentum,KZT,2,2023-12…2024-05,BUY_NOW,fast,180,25.0,49,49,0.16326530612244897,0.1133419689119171,1.4404664723032068,0.5401749271137026,2.3407580174927114,0.5918367346938775,0.6062176165803109,0.9762776905634047,8.02329596199287,2.3472776501422925,5.676018311850578,-34.49622026058428,43.54389862410445,-32.148942610441985,45.891176274246746,-65.16735855758746,55.221977798100795,-5.95656010413772,1.851974551016433,1.8743169398907105,0.0,0.17213188724019693,6.0,0.0,0.6744186046511628,0.6847507331378299,43.0,0.9849111100044818,5.431848117678058
momentum,KZT,2,2023-12…2024-05,BUY_NOW,fast,180,50.0,49,49,0.2857142857142857,0.20984455958549222,1.3615520282186948,0.7780297304106828,2.0423280423280423,0.5918367346938775,0.6405440414507773,0.9239594725655681,8.02329596199287,2.3472776501422925,5.676018311850578,-34.49622026058428,43.54389862410445,-32.148942610441985,45.891176274246746,-65.16735855758746,55.221977798100795,-5.95656010413772,1.851974551016433,1.8743169398907105,0.0,0.17213188724019693,6.0,0.0,,,,,
level,KZT,2,2023-12…2024-05,BUY_NOW,medium,1,0.0,7,7,0.42857142857142855,0.5284974093264249,0.8109243697478992,0.2703081232492997,1.6218487394957983,0.42857142857142855,0.5284974093264249,0.8109243697478992,-4.612591396231538,0.29444553109100685,-4.907036927322546,-13.852304138094196,3.024713148560197,-13.557858607003189,3.3191586796512036,-10.948699120623408,5.114435494186775,6.387944650866816,-0.12495911553294244,0.2677595628415301,0.0,1.439620870392724,124.0,0.5,,,,,
level,KZT,2,2023-12…2024-05,BUY_NOW,medium,1,10.0,7,7,0.7142857142857143,0.711139896373057,1.0044236273744471,0.40176945094977884,1.406193078324226,0.7142857142857143,0.711139896373057,1.0044236273744471,-4.612591396231538,0.29444553109100685,-4.907036927322546,-13.852304138094196,3.024713148560197,-13.557858607003189,3.3191586796512036,-10.948699120623408,5.114435494186775,6.387944650866816,-0.12495911553294244,0.2677595628415301,0.0,1.439620870392724,124.0,0.5,,,,,
level,KZT,2,2023-12…2024-05,BUY_NOW,medium,1,25.0,7,7,0.8571428571428571,0.8704663212435233,0.9846938775510203,0.6564625850340136,1.1488095238095237,0.8571428571428571,0.8704663212435233,0.9846938775510203,-4.612591396231538,0.29444553109100685,-4.907036927322546,-13.852304138094196,3.024713148560197,-13.557858607003189,3.3191586796512036,-10.948699120623408,5.114435494186775,6.387944650866816,-0.12495911553294244,0.2677595628415301,0.0,1.439620870392724,124.0,0.5,,,,,
level,KZT,2,2023-12…2024-05,BUY_NOW,medium,1,50.0,7,7,1.0,0.9624352331606217,1.0390309555854644,1.0390309555854644,1.0390309555854644,1.0,0.9624352331606217,1.0390309555854644,-4.612591396231538,0.29444553109100685,-4.907036927322546,-13.852304138094196,3.024713148560197,-13.557858607003189,3.3191586796512036,-10.948699120623408,5.114435494186775,6.387944650866816,-0.12495911553294244,0.2677595628415301,0.0,1.439620870392724,124.0,0.5,,,,,
level,KZT,2,2023-12…2024-05,BUY_NOW,medium,4,0.0,7,7,0.14285714285714285,0.29533678756476683,0.48370927318295737,0.0,1.4511278195488722,0.42857142857142855,0.5401554404145078,0.7934224049331962,-4.157854852042992,0.7173820787180037,-4.8752369307609955,-25.8281137745346,16.034187018930574,-25.110731695816597,16.751569097648577,-17.974897574344343,25.552782005558992,3.8882840012848567,-0.12495911553294244,0.2677595628415301,0.0,1.439620870392724,124.0,0.5,,,,,
level,KZT,2,2023-12…2024-05,BUY_NOW,medium,4,10.0,7,7,0.2857142857142857,0.43458549222797926,0.6574409197360017,0.0,1.3148818394720034,0.7142857142857143,0.6787564766839378,1.0523446019629226,-4.157854852042992,0.7173820787180037,-4.8752369307609955,-25.8281137745346,16.034187018930574,-25.110731695816597,16.751569097648577,-17.974897574344343,25.552782005558992,3.8882840012848567,-0.12495911553294244,0.2677595628415301,0.0,1.439620870392724,124.0,0.5,,,,,
level,KZT,2,2023-12…2024-05,BUY_NOW,medium,4,25.0,7,7,0.8571428571428571,0.6457253886010362,1.3274108038400918,0.8849405358933945,1.5486459378134405,0.8571428571428571,0.8180051813471503,1.0478452663725821,-4.157854852042992,0.7173820787180037,-4.8752369307609955,-25.8281137745346,16.034187018930574,-25.110731695816597,16.751569097648577,-17.974897574344343,25.552782005558992,3.8882840012848567,-0.12495911553294244,0.2677595628415301,0.0,1.439620870392724,124.0,0.5,,,,,
level,KZT,2,2023-12…2024-05,BUY_NOW,medium,4,50.0,7,7,0.8571428571428571,0.8251295336787565,1.0387979367571203,0.6925319578380802,1.2119309262166404,0.8571428571428571,0.9332901554404145,0.9184098344403687,-4.157854852042992,0.7173820787180037,-4.8752369307609955,-25.8281137745346,16.034187018930574,-25.110731695816597,16.751569097648577,-17.974897574344343,25.552782005558992,3.8882840012848567,-0.12495911553294244,0.2677595628415301,0.0,1.439620870392724,124.0,0.5,,,,,
level,KZT,2,2023-12…2024-05,BUY_NOW,medium,9,0.0,7,7,0.14285714285714285,0.19235751295336787,0.7426647426647427,0.0,2.227994227994228,0.2857142857142857,0.5362694300518135,0.5327812284334023,-4.802222010623794,1.3519012574873253,-6.154123268111119,-29.914603587813538,20.60933634208351,-28.562702330326214,21.961237599570833,-26.03758324185162,40.23975728808416,2.4586919393418003,-0.12495911553294244,0.2677595628415301,0.0,1.439620870392724,124.0,0.5,,,,,
level,KZT,2,2023-12…2024-05,BUY_NOW,medium,9,10.0,7,7,0.2857142857142857,0.2920984455958549,0.9781438074121,0.0,1.9562876148242,0.5714285714285714,0.6463730569948186,0.8840538219295734,-4.802222010623794,1.3519012574873253,-6.154123268111119,-29.914603587813538,20.60933634208351,-28.562702330326214,21.961237599570833,-26.03758324185162,40.23975728808416,2.4586919393418003,-0.12495911553294244,0.2677595628415301,0.0,1.439620870392724,124.0,0.5,,,,,
level,KZT,2,2023-12…2024-05,BUY_NOW,medium,9,25.0,7,7,0.42857142857142855,0.47603626943005184,0.9002915451895043,0.30009718172983474,1.8005830903790085,0.7142857142857143,0.7778497409326425,0.9182823837278459,-4.802222010623794,1.3519012574873253,-6.154123268111119,-29.914603587813538,20.60933634208351,-28.562702330326214,21.961237599570833,-26.03758324185162,40.23975728808416,2.4586919393418003,-0.12495911553294244,0.2677595628415301,0.0,1.439620870392724,124.0,0.5,,,,,
level,KZT,2,2023-12…2024-05,BUY_NOW,medium,9,50.0,7,7,0.7142857142857143,0.6761658031088082,1.0563765736179531,0.4225506294471812,1.4789272030651341,1.0,0.897020725388601,1.1148014440433214,-4.802222010623794,1.3519012574873253,-6.154123268111119,-29.914603587813538,20.60933634208351,-28.562702330326214,21.961237599570833,-26.03758324185162,40.23975728808416,2.4586919393418003,-0.12495911553294244,0.2677595628415301,0.0,1.439620870392724,124.0,0.5,,,,,
level,KZT,2,2023-12…2024-05,BUY_NOW,medium,45,0.0,7,7,0.0,0.08484455958549222,0.0,0.0,0.0,0.2857142857142857,0.5531088082901554,0.5165607226497156,-6.508541481548322,3.4964833762772716,-10.005024857825594,-72.02776291957872,69.23674949115764,-68.53127954330145,72.73323286743491,-72.35043164845605,137.946199326594,17.754812033687106,-0.12495911553294244,0.2677595628415301,0.0,1.439620870392724,124.0,0.5,,,,,
level,KZT,2,2023-12…2024-05,BUY_NOW,medium,45,10.0,7,7,0.2857142857142857,0.13536269430051814,2.1107313738892683,0.0,4.221462747778537,0.2857142857142857,0.6094559585492227,0.468802186124184,-6.508541481548322,3.4964833762772716,-10.005024857825594,-72.02776291957872,69.23674949115764,-68.53127954330145,72.73323286743491,-72.35043164845605,137.946199326594,17.754812033687106,-0.12495911553294244,0.2677595628415301,0.0,1.439620870392724,124.0,0.5,,,,,
level,KZT,2,2023-12…2024-05,BUY_NOW,medium,45,25.0,7,7,0.2857142857142857,0.22733160621761658,1.2568172568172566,0.0,2.5136345136345133,0.2857142857142857,0.6729274611398963,0.4245840780970714,-6.508541481548322,3.4964833762772716,-10.005024857825594,-72.02776291957872,69.23674949115764,-68.53127954330145,72.73323286743491,-72.35043164845605,137.946199326594,17.754812033687106,-0.12495911553294244,0.2677595628415301,0.0,1.439620870392724,124.0,0.5,,,,,
level,KZT,2,2023-12…2024-05,BUY_NOW,medium,45,50.0,7,7,0.2857142857142857,0.36852331606217614,0.7752950037660056,0.0,1.5505900075320111,0.42857142857142855,0.7545336787564767,0.5679950950337216,-6.508541481548322,3.4964833762772716,-10.005024857825594,-72.02776291957872,69.23674949115764,-68.53127954330145,72.73323286743491,-72.35043164845605,137.946199326594,17.754812033687106,-0.12495911553294244,0.2677595628415301,0.0,1.439620870392724,124.0,0.5,,,,,
level,KZT,2,2023-12…2024-05,BUY_NOW,medium,180,0.0,7,7,0.0,0.038860103626943004,0.0,0.0,0.0,0.42857142857142855,0.560880829015544,0.7641042560211151,-37.89004388029506,2.3472776501422925,-40.237321530437356,-160.50234766975098,82.89908989529505,-158.15507001960867,85.24636754543734,-183.96839982794845,175.23768409216544,32.14536622929508,-0.12495911553294244,0.2677595628415301,0.0,1.439620870392724,124.0,0.5,,,,,
level,KZT,2,2023-12…2024-05,BUY_NOW,medium,180,10.0,7,7,0.14285714285714285,0.06541450777202072,2.183875530410184,0.0,6.551626591230551,0.42857142857142855,0.5751295336787565,0.7451737451737451,-37.89004388029506,2.3472776501422925,-40.237321530437356,-160.50234766975098,82.89908989529505,-158.15507001960867,85.24636754543734,-183.96839982794845,175.23768409216544,32.14536622929508,-0.12495911553294244,0.2677595628415301,0.0,1.439620870392724,124.0,0.5,,,,,
level,KZT,2,2023-12…2024-05,BUY_NOW,medium,180,25.0,7,7,0.2857142857142857,0.1133419689119171,2.5208163265306123,0.0,5.0416326530612245,0.42857142857142855,0.6062176165803109,0.7069597069597069,-37.89004388029506,2.3472776501422925,-40.237321530437356,-160.50234766975098,82.89908989529505,-158.15507001960867,85.24636754543734,-183.96839982794845,175.23768409216544,32.14536622929508,-0.12495911553294244,0.2677595628415301,0.0,1.439620870392724,124.0,0.5,1.0,0.6847507331378299,3.0,1.4603854389721629,131.7284053065555
level,KZT,2,2023-12…2024-05,BUY_NOW,medium,180,50.0,7,7,0.2857142857142857,0.20984455958549222,1.3615520282186948,0.0,2.7231040564373896,0.42857142857142855,0.6405440414507773,0.6690741008233424,-37.89004388029506,2.3472776501422925,-40.237321530437356,-160.50234766975098,82.89908989529505,-158.15507001960867,85.24636754543734,-183.96839982794845,175.23768409216544,32.14536622929508,-0.12495911553294244,0.2677595628415301,0.0,1.439620870392724,124.0,0.5,,,,,
reversal,KZT,2,2023-12…2024-05,WINDOW_CLOSING,slow,1,0.0,9,9,0.5555555555555556,0.5284974093264249,1.05119825708061,0.420479302832244,1.681917211328976,0.5555555555555556,0.5284974093264249,1.05119825708061,2.8610909704075542,0.29444553109100685,2.5666454393165474,-11.026405874375875,16.707058538586054,-10.731960343284868,17.00150406967706,-8.704829850900708,13.900511282113614,8.832349622320452,-2.6660729867692785,0.3442622950819672,0.0,1.6074295502613583,105.0,0.5,,,,,
reversal,KZT,2,2023-12…2024-05,WINDOW_CLOSING,slow,1,10.0,9,9,0.5555555555555556,0.5284974093264249,1.05119825708061,0.420479302832244,1.681917211328976,0.5555555555555556,0.5284974093264249,1.05119825708061,2.8610909704075542,0.29444553109100685,2.5666454393165474,-11.026405874375875,16.707058538586054,-10.731960343284868,17.00150406967706,-8.704829850900708,13.900511282113614,8.832349622320452,-2.6660729867692785,0.3442622950819672,0.0,1.6074295502613583,105.0,0.5,,,,,
reversal,KZT,2,2023-12…2024-05,WINDOW_CLOSING,slow,1,25.0,9,9,0.5555555555555556,0.5284974093264249,1.05119825708061,0.420479302832244,1.681917211328976,0.5555555555555556,0.5284974093264249,1.05119825708061,2.8610909704075542,0.29444553109100685,2.5666454393165474,-11.026405874375875,16.707058538586054,-10.731960343284868,17.00150406967706,-8.704829850900708,13.900511282113614,8.832349622320452,-2.6660729867692785,0.3442622950819672,0.0,1.6074295502613583,105.0,0.5,,,,,
reversal,KZT,2,2023-12…2024-05,WINDOW_CLOSING,slow,1,50.0,9,9,0.5555555555555556,0.5284974093264249,1.05119825708061,0.420479302832244,1.681917211328976,0.5555555555555556,0.5284974093264249,1.05119825708061,2.8610909704075542,0.29444553109100685,2.5666454393165474,-11.026405874375875,16.707058538586054,-10.731960343284868,17.00150406967706,-8.704829850900708,13.900511282113614,8.832349622320452,-2.6660729867692785,0.3442622950819672,0.0,1.6074295502613583,105.0,0.5,,,,,
reversal,KZT,2,2023-12…2024-05,WINDOW_CLOSING,slow,4,0.0,9,9,0.4444444444444444,0.542098445595855,0.8198592858091065,0.20496482145227662,1.4347537501659364,0.4444444444444444,0.542098445595855,0.8198592858091065,-3.626434012874188,0.7173820787180037,-4.343816091592192,-22.387307044811966,15.087376748891307,-21.669924966093962,15.80475882760931,-13.639347663808868,5.3246494783165685,-0.9058574450858544,-2.6660729867692785,0.3442622950819672,0.0,1.6074295502613583,105.0,0.5,,,,,
reversal,KZT,2,2023-12…2024-05,WINDOW_CLOSING,slow,4,10.0,9,9,0.4444444444444444,0.542098445595855,0.8198592858091065,0.20496482145227662,1.4347537501659364,0.4444444444444444,0.542098445595855,0.8198592858091065,-3.626434012874188,0.7173820787180037,-4.343816091592192,-22.387307044811966,15.087376748891307,-21.669924966093962,15.80475882760931,-13.639347663808868,5.3246494783165685,-0.9058574450858544,-2.6660729867692785,0.3442622950819672,0.0,1.6074295502613583,105.0,0.5,,,,,
reversal,KZT,2,2023-12…2024-05,WINDOW_CLOSING,slow,4,25.0,9,9,0.4444444444444444,0.542098445595855,0.8198592858091065,0.20496482145227662,1.4347537501659364,0.4444444444444444,0.542098445595855,0.8198592858091065,-3.626434012874188,0.7173820787180037,-4.343816091592192,-22.387307044811966,15.087376748891307,-21.669924966093962,15.80475882760931,-13.639347663808868,5.3246494783165685,-0.9058574450858544,-2.6660729867692785,0.3442622950819672,0.0,1.6074295502613583,105.0,0.5,,,,,
reversal,KZT,2,2023-12…2024-05,WINDOW_CLOSING,slow,4,50.0,9,9,0.4444444444444444,0.542098445595855,0.8198592858091065,0.20496482145227662,1.4347537501659364,0.4444444444444444,0.542098445595855,0.8198592858091065,-3.626434012874188,0.7173820787180037,-4.343816091592192,-22.387307044811966,15.087376748891307,-21.669924966093962,15.80475882760931,-13.639347663808868,5.3246494783165685,-0.9058574450858544,-2.6660729867692785,0.3442622950819672,0.0,1.6074295502613583,105.0,0.5,,,,,
reversal,KZT,2,2023-12…2024-05,WINDOW_CLOSING,slow,9,0.0,9,9,0.2222222222222222,0.5284974093264249,0.420479302832244,0.0,1.05119825708061,0.2222222222222222,0.5284974093264249,0.420479302832244,-1.5900149955229275,1.3519012574873253,-2.9419162530102527,-18.846874502370504,17.558085791933095,-17.49497324488318,18.90998704942042,-8.55443795962918,1.951730480787284,-1.6225639944771824,-2.6660729867692785,0.3442622950819672,0.0,1.6074295502613583,105.0,0.5,,,,,
reversal,KZT,2,2023-12…2024-05,WINDOW_CLOSING,slow,9,10.0,9,9,0.2222222222222222,0.5284974093264249,0.420479302832244,0.0,1.05119825708061,0.2222222222222222,0.5284974093264249,0.420479302832244,-1.5900149955229275,1.3519012574873253,-2.9419162530102527,-18.846874502370504,17.558085791933095,-17.49497324488318,18.90998704942042,-8.55443795962918,1.951730480787284,-1.6225639944771824,-2.6660729867692785,0.3442622950819672,0.0,1.6074295502613583,105.0,0.5,,,,,
reversal,KZT,2,2023-12…2024-05,WINDOW_CLOSING,slow,9,25.0,9,9,0.2222222222222222,0.5284974093264249,0.420479302832244,0.0,1.05119825708061,0.2222222222222222,0.5284974093264249,0.420479302832244,-1.5900149955229275,1.3519012574873253,-2.9419162530102527,-18.846874502370504,17.558085791933095,-17.49497324488318,18.90998704942042,-8.55443795962918,1.951730480787284,-1.6225639944771824,-2.6660729867692785,0.3442622950819672,0.0,1.6074295502613583,105.0,0.5,,,,,
reversal,KZT,2,2023-12…2024-05,WINDOW_CLOSING,slow,9,50.0,9,9,0.2222222222222222,0.5284974093264249,0.420479302832244,0.0,1.05119825708061,0.2222222222222222,0.5284974093264249,0.420479302832244,-1.5900149955229275,1.3519012574873253,-2.9419162530102527,-18.846874502370504,17.558085791933095,-17.49497324488318,18.90998704942042,-8.55443795962918,1.951730480787284,-1.6225639944771824,-2.6660729867692785,0.3442622950819672,0.0,1.6074295502613583,105.0,0.5,,,,,
reversal,KZT,2,2023-12…2024-05,WINDOW_CLOSING,slow,45,0.0,9,9,0.4444444444444444,0.5550518134715026,0.8007260469337482,0.20018151173343704,1.4012705821340594,0.4444444444444444,0.5550518134715026,0.8007260469337482,-23.401171626617785,3.4964833762772716,-26.897655002895057,-80.21929377041711,36.004886001148776,-76.72281039413984,39.501369377426045,-42.681081742764746,-6.874020026904624,-10.837832690679827,-2.6660729867692785,0.3442622950819672,0.0,1.6074295502613583,105.0,0.5,,,,,
reversal,KZT,2,2023-12…2024-05,WINDOW_CLOSING,slow,45,10.0,9,9,0.4444444444444444,0.5550518134715026,0.8007260469337482,0.20018151173343704,1.4012705821340594,0.4444444444444444,0.5550518134715026,0.8007260469337482,-23.401171626617785,3.4964833762772716,-26.897655002895057,-80.21929377041711,36.004886001148776,-76.72281039413984,39.501369377426045,-42.681081742764746,-6.874020026904624,-10.837832690679827,-2.6660729867692785,0.3442622950819672,0.0,1.6074295502613583,105.0,0.5,,,,,
reversal,KZT,2,2023-12…2024-05,WINDOW_CLOSING,slow,45,25.0,9,9,0.4444444444444444,0.5550518134715026,0.8007260469337482,0.20018151173343704,1.4012705821340594,0.4444444444444444,0.5550518134715026,0.8007260469337482,-23.401171626617785,3.4964833762772716,-26.897655002895057,-80.21929377041711,36.004886001148776,-76.72281039413984,39.501369377426045,-42.681081742764746,-6.874020026904624,-10.837832690679827,-2.6660729867692785,0.3442622950819672,0.0,1.6074295502613583,105.0,0.5,,,,,
reversal,KZT,2,2023-12…2024-05,WINDOW_CLOSING,slow,45,50.0,9,9,0.4444444444444444,0.5550518134715026,0.8007260469337482,0.20018151173343704,1.4012705821340594,0.4444444444444444,0.5550518134715026,0.8007260469337482,-23.401171626617785,3.4964833762772716,-26.897655002895057,-80.21929377041711,36.004886001148776,-76.72281039413984,39.501369377426045,-42.681081742764746,-6.874020026904624,-10.837832690679827,-2.6660729867692785,0.3442622950819672,0.0,1.6074295502613583,105.0,0.5,,,,,
reversal,KZT,2,2023-12…2024-05,WINDOW_CLOSING,slow,180,0.0,9,9,0.5555555555555556,0.48704663212435234,1.1406619385342789,0.4562647754137116,1.8250591016548463,0.5555555555555556,0.48704663212435234,1.1406619385342789,-50.214870287561304,2.3472776501422925,-52.5621479377036,-141.55404523485822,35.81847912138553,-139.20676758471592,38.165756771527825,-152.71866645085396,141.40347972459554,-36.52747728720707,-2.6660729867692785,0.3442622950819672,0.0,1.6074295502613583,105.0,0.5,,,,,
reversal,KZT,2,2023-12…2024-05,WINDOW_CLOSING,slow,180,10.0,9,9,0.5555555555555556,0.48704663212435234,1.1406619385342789,0.4562647754137116,1.8250591016548463,0.5555555555555556,0.48704663212435234,1.1406619385342789,-50.214870287561304,2.3472776501422925,-52.5621479377036,-141.55404523485822,35.81847912138553,-139.20676758471592,38.165756771527825,-152.71866645085396,141.40347972459554,-36.52747728720707,-2.6660729867692785,0.3442622950819672,0.0,1.6074295502613583,105.0,0.5,,,,,
reversal,KZT,2,2023-12…2024-05,WINDOW_CLOSING,slow,180,25.0,9,9,0.5555555555555556,0.48704663212435234,1.1406619385342789,0.4562647754137116,1.8250591016548463,0.5555555555555556,0.48704663212435234,1.1406619385342789,-50.214870287561304,2.3472776501422925,-52.5621479377036,-141.55404523485822,35.81847912138553,-139.20676758471592,38.165756771527825,-152.71866645085396,141.40347972459554,-36.52747728720707,-2.6660729867692785,0.3442622950819672,0.0,1.6074295502613583,105.0,0.5,0.8,0.5476539589442815,5.0,1.4607764390896922,6.63547456638554
reversal,KZT,2,2023-12…2024-05,WINDOW_CLOSING,slow,180,50.0,9,9,0.5555555555555556,0.48704663212435234,1.1406619385342789,0.4562647754137116,1.8250591016548463,0.5555555555555556,0.48704663212435234,1.1406619385342789,-50.214870287561304,2.3472776501422925,-52.5621479377036,-141.55404523485822,35.81847912138553,-139.20676758471592,38.165756771527825,-152.71866645085396,141.40347972459554,-36.52747728720707,-2.6660729867692785,0.3442622950819672,0.0,1.6074295502613583,105.0,0.5,,,,,
dip_vs_trend,KZT,2,2023-12…2024-05,BUY_NOW,medium,1,0.0,15,15,0.5333333333333333,0.5284974093264249,1.0091503267973856,0.5045751633986928,1.5137254901960786,0.5333333333333333,0.5284974093264249,1.0091503267973856,11.902804028275224,0.29444553109100685,11.608358497184216,-0.16480082030402884,25.258950869043183,0.129644710786978,25.55339640013419,5.030799598614176,25.3917939800499,13.144809043791414,32.102496489802974,0.5737704918032787,0.0,1.5105720330959123,44.0,0.16666666666666666,,,,,
dip_vs_trend,KZT,2,2023-12…2024-05,BUY_NOW,medium,1,10.0,15,15,0.8,0.711139896373057,1.1249544626593808,0.8437158469945355,1.406193078324226,0.8,0.711139896373057,1.1249544626593808,11.902804028275224,0.29444553109100685,11.608358497184216,-0.16480082030402884,25.258950869043183,0.129644710786978,25.55339640013419,5.030799598614176,25.3917939800499,13.144809043791414,32.102496489802974,0.5737704918032787,0.0,1.5105720330959123,44.0,0.16666666666666666,,,,,
dip_vs_trend,KZT,2,2023-12…2024-05,BUY_NOW,medium,1,25.0,15,15,0.9333333333333333,0.8704663212435233,1.0722222222222222,0.9190476190476191,1.1488095238095237,0.9333333333333333,0.8704663212435233,1.0722222222222222,11.902804028275224,0.29444553109100685,11.608358497184216,-0.16480082030402884,25.258950869043183,0.129644710786978,25.55339640013419,5.030799598614176,25.3917939800499,13.144809043791414,32.102496489802974,0.5737704918032787,0.0,1.5105720330959123,44.0,0.16666666666666666,,,,,
dip_vs_trend,KZT,2,2023-12…2024-05,BUY_NOW,medium,1,50.0,15,15,1.0,0.9624352331606217,1.0390309555854644,1.0390309555854644,1.0390309555854644,1.0,0.9624352331606217,1.0390309555854644,11.902804028275224,0.29444553109100685,11.608358497184216,-0.16480082030402884,25.258950869043183,0.129644710786978,25.55339640013419,5.030799598614176,25.3917939800499,13.144809043791414,32.102496489802974,0.5737704918032787,0.0,1.5105720330959123,44.0,0.16666666666666666,,,,,
dip_vs_trend,KZT,2,2023-12…2024-05,BUY_NOW,medium,4,0.0,15,15,0.4,0.29533678756476683,1.3543859649122807,0.6771929824561403,2.2573099415204676,0.8,0.5401554404145078,1.4810551558752998,22.683907221148065,0.7173820787180037,21.96652514243006,5.03107118425496,41.0129470292136,5.748453262972963,41.7303291079316,9.153638707699862,50.76392260982388,24.708826473955817,32.102496489802974,0.5737704918032787,0.0,1.5105720330959123,44.0,0.16666666666666666,,,,,
dip_vs_trend,KZT,2,2023-12…2024-05,BUY_NOW,medium,4,10.0,15,15,0.6,0.43458549222797926,1.3806259314456035,0.7670144063586686,1.9942374565325387,0.9333333333333333,0.6787564766839378,1.3750636132315524,22.683907221148065,0.7173820787180037,21.96652514243006,5.03107118425496,41.0129470292136,5.748453262972963,41.7303291079316,9.153638707699862,50.76392260982388,24.708826473955817,32.102496489802974,0.5737704918032787,0.0,1.5105720330959123,44.0,0.16666666666666666,,,,,
dip_vs_trend,KZT,2,2023-12…2024-05,BUY_NOW,medium,4,25.0,15,15,0.9333333333333333,0.6457253886010362,1.4454028752925443,1.2389167502507523,1.5486459378134405,0.9333333333333333,0.8180051813471503,1.140987067827923,22.683907221148065,0.7173820787180037,21.96652514243006,5.03107118425496,41.0129470292136,5.748453262972963,41.7303291079316,9.153638707699862,50.76392260982388,24.708826473955817,32.102496489802974,0.5737704918032787,0.0,1.5105720330959123,44.0,0.16666666666666666,,,,,
dip_vs_trend,KZT,2,2023-12…2024-05,BUY_NOW,medium,4,50.0,15,15,0.9333333333333333,0.8251295336787565,1.1311355311355311,0.9695447409733124,1.2119309262166404,0.9333333333333333,0.9332901554404145,1.0000462641684016,22.683907221148065,0.7173820787180037,21.96652514243006,5.03107118425496,41.0129470292136,5.748453262972963,41.7303291079316,9.153638707699862,50.76392260982388,24.708826473955817,32.102496489802974,0.5737704918032787,0.0,1.5105720330959123,44.0,0.16666666666666666,,,,,
dip_vs_trend,KZT,2,2023-12…2024-05,BUY_NOW,medium,9,0.0,15,15,0.26666666666666666,0.19235751295336787,1.386307519640853,0.34657687991021324,2.772615039281706,0.8666666666666667,0.5362694300518135,1.6161030595813204,27.843415055534965,1.3519012574873253,26.49151379804764,9.937470239355308,42.90228146416812,11.289371496842634,44.25418272165545,16.804780845584705,53.323055490826775,36.241265578613444,32.102496489802974,0.5737704918032787,0.0,1.5105720330959123,44.0,0.16666666666666666,,,,,
dip_vs_trend,KZT,2,2023-12…2024-05,BUY_NOW,medium,9,10.0,15,15,0.4666666666666667,0.2920984455958549,1.5976348854397635,0.6847006651884702,2.510569105691057,0.9333333333333333,0.6463730569948186,1.4439545758183034,27.843415055534965,1.3519012574873253,26.49151379804764,9.937470239355308,42.90228146416812,11.289371496842634,44.25418272165545,16.804780845584705,53.323055490826775,36.241265578613444,32.102496489802974,0.5737704918032787,0.0,1.5105720330959123,44.0,0.16666666666666666,,,,,
dip_vs_trend,KZT,2,2023-12…2024-05,BUY_NOW,medium,9,25.0,15,15,0.9333333333333333,0.47603626943005184,1.9606349206349205,1.6805442176870748,2.1006802721088436,0.9333333333333333,0.7778497409326425,1.1998889814043854,27.843415055534965,1.3519012574873253,26.49151379804764,9.937470239355308,42.90228146416812,11.289371496842634,44.25418272165545,16.804780845584705,53.323055490826775,36.241265578613444,32.102496489802974,0.5737704918032787,0.0,1.5105720330959123,44.0,0.16666666666666666,,,,,
dip_vs_trend,KZT,2,2023-12…2024-05,BUY_NOW,medium,9,50.0,15,15,0.9333333333333333,0.6761658031088082,1.3803320561941252,1.1831417624521074,1.4789272030651341,1.0,0.897020725388601,1.1148014440433214,27.843415055534965,1.3519012574873253,26.49151379804764,9.937470239355308,42.90228146416812,11.289371496842634,44.25418272165545,16.804780845584705,53.323055490826775,36.241265578613444,32.102496489802974,0.5737704918032787,0.0,1.5105720330959123,44.0,0.16666666666666666,,,,,
dip_vs_trend,KZT,2,2023-12…2024-05,BUY_NOW,medium,45,0.0,15,15,0.13333333333333333,0.08484455958549222,1.571501272264631,0.0,3.9287531806615776,0.6666666666666666,0.5531088082901554,1.2053083528493365,28.38998260124415,3.4964833762772716,24.893499224966877,-9.808782966362678,58.54675722547932,-6.312299590085407,62.04324060175659,0.8573080658631826,82.29564486482512,55.04023946336793,32.102496489802974,0.5737704918032787,0.0,1.5105720330959123,44.0,0.16666666666666666,,,,,
dip_vs_trend,KZT,2,2023-12…2024-05,BUY_NOW,medium,45,10.0,15,15,0.26666666666666666,0.13536269430051814,1.9700159489633173,0.49250398724082933,3.9400318979266347,0.6666666666666666,0.6094559585492227,1.093871767623096,28.38998260124415,3.4964833762772716,24.893499224966877,-9.808782966362678,58.54675722547932,-6.312299590085407,62.04324060175659,0.8573080658631826,82.29564486482512,55.04023946336793,32.102496489802974,0.5737704918032787,0.0,1.5105720330959123,44.0,0.16666666666666666,,,,,
dip_vs_trend,KZT,2,2023-12…2024-05,BUY_NOW,medium,45,25.0,15,15,0.4666666666666667,0.22733160621761658,2.0528015194681863,0.8797720797720798,3.225830959164292,0.7333333333333333,0.6729274611398963,1.0897658004491497,28.38998260124415,3.4964833762772716,24.893499224966877,-9.808782966362678,58.54675722547932,-6.312299590085407,62.04324060175659,0.8573080658631826,82.29564486482512,55.04023946336793,32.102496489802974,0.5737704918032787,0.0,1.5105720330959123,44.0,0.16666666666666666,,,,,
dip_vs_trend,KZT,2,2023-12…2024-05,BUY_NOW,medium,45,50.0,15,15,0.5333333333333333,0.36852331606217614,1.4472173403632105,0.7236086701816052,2.1708260105448156,0.8666666666666667,0.7545336787564767,1.148612303290415,28.38998260124415,3.4964833762772716,24.893499224966877,-9.808782966362678,58.54675722547932,-6.312299590085407,62.04324060175659,0.8573080658631826,82.29564486482512,55.04023946336793,32.102496489802974,0.5737704918032787,0.0,1.5105720330959123,44.0,0.16666666666666666,,,,,
dip_vs_trend,KZT,2,2023-12…2024-05,BUY_NOW,medium,180,0.0,15,15,0.06666666666666667,0.038860103626943004,1.7155555555555555,0.0,5.146666666666667,0.4666666666666667,0.560880829015544,0.8320246343341032,-1.6441197938551946,2.3472776501422925,-3.991397443997487,-78.40147578513528,71.5819282405154,-76.05419813499299,73.92920589065768,-93.8058275412605,183.3984956941216,76.2592725072809,32.102496489802974,0.5737704918032787,0.0,1.5105720330959123,44.0,0.16666666666666666,,,,,
dip_vs_trend,KZT,2,2023-12…2024-05,BUY_NOW,medium,180,10.0,15,15,0.13333333333333333,0.06541450777202072,2.038283828382838,0.0,5.095709570957096,0.4666666666666667,0.5751295336787565,0.8114114114114114,-1.6441197938551946,2.3472776501422925,-3.991397443997487,-78.40147578513528,71.5819282405154,-76.05419813499299,73.92920589065768,-93.8058275412605,183.3984956941216,76.2592725072809,32.102496489802974,0.5737704918032787,0.0,1.5105720330959123,44.0,0.16666666666666666,,,,,
dip_vs_trend,KZT,2,2023-12…2024-05,BUY_NOW,medium,180,25.0,15,15,0.26666666666666666,0.1133419689119171,2.3527619047619046,0.5881904761904762,4.705523809523809,0.5333333333333333,0.6062176165803109,0.8797720797720797,-1.6441197938551946,2.3472776501422925,-3.991397443997487,-78.40147578513528,71.5819282405154,-76.05419813499299,73.92920589065768,-93.8058275412605,183.3984956941216,76.2592725072809,32.102496489802974,0.5737704918032787,0.0,1.5105720330959123,44.0,0.16666666666666666,0.7777777777777778,0.6847507331378299,9.0,1.1358553414227934,73.81635167601378
dip_vs_trend,KZT,2,2023-12…2024-05,BUY_NOW,medium,180,50.0,15,15,0.26666666666666666,0.20984455958549222,1.2707818930041153,0.3176954732510288,2.5415637860082305,0.6,0.6405440414507773,0.9367037411526794,-1.6441197938551946,2.3472776501422925,-3.991397443997487,-78.40147578513528,71.5819282405154,-76.05419813499299,73.92920589065768,-93.8058275412605,183.3984956941216,76.2592725072809,32.102496489802974,0.5737704918032787,0.0,1.5105720330959123,44.0,0.16666666666666666,,,,,
momentum,KZT,3,2024-06…2024-11,BUY_NOW,fast,1,0.0,39,39,0.5641025641025641,0.5445151033386327,1.035972300205877,0.7534344001497286,1.318510200262025,0.5641025641025641,0.5445151033386327,1.035972300205877,4.789726080109456,0.3744218699475935,4.415304210161862,-9.421357471785772,18.813456690986456,-9.046935601838179,19.18787856093405,-3.990321426012759,12.116793809057954,16.130843545676573,5.542124673111498,1.4918032786885247,0.0,0.17950957769023168,7.0,0.0,,,,,
momentum,KZT,3,2024-06…2024-11,BUY_NOW,fast,1,10.0,39,39,0.6923076923076923,0.6987281399046105,0.9908112365450249,0.7706309617572417,1.1742947988681778,0.6923076923076923,0.6987281399046105,0.9908112365450249,4.789726080109456,0.3744218699475935,4.415304210161862,-9.421357471785772,18.813456690986456,-9.046935601838179,19.18787856093405,-3.990321426012759,12.116793809057954,16.130843545676573,5.542124673111498,1.4918032786885247,0.0,0.17950957769023168,7.0,0.0,,,,,
momentum,KZT,3,2024-06…2024-11,BUY_NOW,fast,1,25.0,39,39,0.8205128205128205,0.8267090620031796,0.9925049309664694,0.8374260355029586,1.116568047337278,0.8205128205128205,0.8267090620031796,0.9925049309664694,4.789726080109456,0.3744218699475935,4.415304210161862,-9.421357471785772,18.813456690986456,-9.046935601838179,19.18787856093405,-3.990321426012759,12.116793809057954,16.130843545676573,5.542124673111498,1.4918032786885247,0.0,0.17950957769023168,7.0,0.0,,,,,
momentum,KZT,3,2024-06…2024-11,BUY_NOW,fast,1,50.0,39,39,0.8717948717948718,0.9228934817170111,0.944632169438371,0.8334989730338568,1.0557653658428852,0.8717948717948718,0.9228934817170111,0.944632169438371,4.789726080109456,0.3744218699475935,4.415304210161862,-9.421357471785772,18.813456690986456,-9.046935601838179,19.18787856093405,-3.990321426012759,12.116793809057954,16.130843545676573,5.542124673111498,1.4918032786885247,0.0,0.17950957769023168,7.0,0.0,,,,,
momentum,KZT,3,2024-06…2024-11,BUY_NOW,fast,4,0.0,39,39,0.3333333333333333,0.294912559618442,1.1302785265049415,0.6086115142718916,1.6519455387379915,0.5897435897435898,0.5333863275039745,1.10565936795445,7.820855349596713,0.7109844232941395,7.109870926302574,-10.42239327637595,26.207410619603642,-9.71140885308181,26.91839504289778,-1.0938109001923662,17.39465627633158,21.19382671383207,5.542124673111498,1.4918032786885247,0.0,0.17950957769023168,7.0,0.0,,,,,
momentum,KZT,3,2024-06…2024-11,BUY_NOW,fast,4,10.0,39,39,0.48717948717948717,0.4165341812400636,1.1696026619690743,0.8002544529262087,1.53895087101194,0.6410256410256411,0.6613672496025437,0.969243096646943,7.820855349596713,0.7109844232941395,7.109870926302574,-10.42239327637595,26.207410619603642,-9.71140885308181,26.91839504289778,-1.0938109001923662,17.39465627633158,21.19382671383207,5.542124673111498,1.4918032786885247,0.0,0.17950957769023168,7.0,0.0,,,,,
momentum,KZT,3,2024-06…2024-11,BUY_NOW,fast,4,25.0,39,39,0.6153846153846154,0.5914149443561209,1.0405293631100083,0.7803970223325062,1.3006617038875103,0.7692307692307693,0.7933227344992051,0.9696315708339757,7.820855349596713,0.7109844232941395,7.109870926302574,-10.42239327637595,26.207410619603642,-9.71140885308181,26.91839504289778,-1.0938109001923662,17.39465627633158,21.19382671383207,5.542124673111498,1.4918032786885247,0.0,0.17950957769023168,7.0,0.0,,,,,
momentum,KZT,3,2024-06…2024-11,BUY_NOW,fast,4,50.0,39,39,0.7692307692307693,0.7718600953895072,0.9965935197655075,0.8304945998045895,1.1626924397264253,0.8717948717948718,0.8887122416534181,0.9809641759552314,7.820855349596713,0.7109844232941395,7.109870926302574,-10.42239327637595,26.207410619603642,-9.71140885308181,26.91839504289778,-1.0938109001923662,17.39465627633158,21.19382671383207,5.542124673111498,1.4918032786885247,0.0,0.17950957769023168,7.0,0.0,,,,,
momentum,KZT,3,2024-06…2024-11,BUY_NOW,fast,9,0.0,39,39,0.20512820512820512,0.18998410174880764,1.0797124772020168,0.5398562386010084,1.7545327754532773,0.5641025641025641,0.5333863275039745,1.0575872215216477,7.9250086601245195,1.3819343234743067,6.543074336650212,-10.980148301316893,25.588022855181105,-9.598213977842587,26.969957178655413,-1.6942581451300875,15.390190320844459,16.411742452838517,5.542124673111498,1.4918032786885247,0.0,0.17950957769023168,7.0,0.0,,,,,
momentum,KZT,3,2024-06…2024-11,BUY_NOW,fast,9,10.0,39,39,0.3076923076923077,0.2742448330683625,1.1219620958751393,0.6544778892604979,1.682943143812709,0.6410256410256411,0.6375198728139905,1.0054990728307438,7.9250086601245195,1.3819343234743067,6.543074336650212,-10.980148301316893,25.588022855181105,-9.598213977842587,26.969957178655413,-1.6942581451300875,15.390190320844459,16.411742452838517,5.542124673111498,1.4918032786885247,0.0,0.17950957769023168,7.0,0.0,,,,,
momentum,KZT,3,2024-06…2024-11,BUY_NOW,fast,9,25.0,39,39,0.4358974358974359,0.4332273449920509,1.0061632557045401,0.6510468125147024,1.3612796988943778,0.717948717948718,0.7496025437201908,0.9577725208690214,7.9250086601245195,1.3819343234743067,6.543074336650212,-10.980148301316893,25.588022855181105,-9.598213977842587,26.969957178655413,-1.6942581451300875,15.390190320844459,16.411742452838517,5.542124673111498,1.4918032786885247,0.0,0.17950957769023168,7.0,0.0,,,,,
momentum,KZT,3,2024-06…2024-11,BUY_NOW,fast,9,50.0,39,39,0.6666666666666666,0.6462639109697933,1.031570315703157,0.7935156274639669,1.2309411171034734,0.8205128205128205,0.8418124006359301,0.9746979492021984,7.9250086601245195,1.3819343234743067,6.543074336650212,-10.980148301316893,25.588022855181105,-9.598213977842587,26.969957178655413,-1.6942581451300875,15.390190320844459,16.411742452838517,5.542124673111498,1.4918032786885247,0.0,0.17950957769023168,7.0,0.0,,,,,
momentum,KZT,3,2024-06…2024-11,BUY_NOW,fast,45,0.0,39,39,0.1282051282051282,0.09618441971383147,1.3329095147276966,0.2665819029455393,2.4059016740834562,0.5384615384615384,0.5429252782193958,0.9917783534181777,8.533661814785763,5.699579827773538,2.834081987012225,-34.11880201985341,41.01458350223271,-28.419222192079875,46.71416333000625,-29.491255869918184,49.06765602696989,7.670138465498091,5.542124673111498,1.4918032786885247,0.0,0.17950957769023168,7.0,0.0,,,,,
momentum,KZT,3,2024-06…2024-11,BUY_NOW,fast,45,10.0,39,39,0.15384615384615385,0.14069952305246422,1.0934376358105173,0.3644792119368391,2.0046356656526148,0.5384615384615384,0.589825119236884,0.9129172714078374,8.533661814785763,5.699579827773538,2.834081987012225,-34.11880201985341,41.01458350223271,-28.419222192079875,46.71416333000625,-29.491255869918184,49.06765602696989,7.670138465498091,5.542124673111498,1.4918032786885247,0.0,0.17950957769023168,7.0,0.0,,,,,
momentum,KZT,3,2024-06…2024-11,BUY_NOW,fast,45,25.0,39,39,0.28205128205128205,0.22655007949125597,1.2449842555105712,0.6790823211875844,1.9240665766981557,0.6153846153846154,0.6518282988871225,0.9440900562851783,8.533661814785763,5.699579827773538,2.834081987012225,-34.11880201985341,41.01458350223271,-28.419222192079875,46.71416333000625,-29.491255869918184,49.06765602696989,7.670138465498091,5.542124673111498,1.4918032786885247,0.0,0.17950957769023168,7.0,0.0,,,,,
momentum,KZT,3,2024-06…2024-11,BUY_NOW,fast,45,50.0,39,39,0.41025641025641024,0.3672496025437202,1.1171051171051172,0.6981906981906981,1.5360195360195361,0.6923076923076923,0.7575516693163752,0.9138752118815078,8.533661814785763,5.699579827773538,2.834081987012225,-34.11880201985341,41.01458350223271,-28.419222192079875,46.71416333000625,-29.491255869918184,49.06765602696989,7.670138465498091,5.542124673111498,1.4918032786885247,0.0,0.17950957769023168,7.0,0.0,,,,,
momentum,KZT,3,2024-06…2024-11,BUY_NOW,fast,180,0.0,39,39,0.05128205128205128,0.04848966613672496,1.0575872215216477,0.0,2.643968053804119,0.5641025641025641,0.5524642289348172,1.0210662239439219,16.282642880342895,5.991744133221476,10.290898747121418,-65.70958265572034,83.68319063767942,-59.717838522498866,89.67493477090089,-117.56421377490926,135.4538515336476,8.854155627450178,5.542124673111498,1.4918032786885247,0.0,0.17950957769023168,7.0,0.0,,,,,
momentum,KZT,3,2024-06…2024-11,BUY_NOW,fast,180,10.0,39,39,0.07692307692307693,0.07472178060413355,1.0294599018003274,0.0,2.4020731042007637,0.5897435897435898,0.5747217806041336,1.0261375323615987,16.282642880342895,5.991744133221476,10.290898747121418,-65.70958265572034,83.68319063767942,-59.717838522498866,89.67493477090089,-117.56421377490926,135.4538515336476,8.854155627450178,5.542124673111498,1.4918032786885247,0.0,0.17950957769023168,7.0,0.0,,,,,
momentum,KZT,3,2024-06…2024-11,BUY_NOW,fast,180,25.0,39,39,0.15384615384615385,0.1136724960254372,1.3534158149542765,0.4511386049847588,2.2613322574860724,0.6410256410256411,0.5977742448330684,1.072354064375341,16.282642880342895,5.991744133221476,10.290898747121418,-65.70958265572034,83.68319063767942,-59.717838522498866,89.67493477090089,-117.56421377490926,135.4538515336476,8.854155627450178,5.542124673111498,1.4918032786885247,0.0,0.17950957769023168,7.0,0.0,0.6176470588235294,0.5927643784786641,34.0,1.0419773543220106,5.2257576270982575
momentum,KZT,3,2024-06…2024-11,BUY_NOW,fast,180,50.0,39,39,0.2564102564102564,0.19475357710651828,1.3165881737310308,0.6582940868655154,1.978173731030856,0.6410256410256411,0.6311605723370429,1.0156300458567462,16.282642880342895,5.991744133221476,10.290898747121418,-65.70958265572034,83.68319063767942,-59.717838522498866,89.67493477090089,-117.56421377490926,135.4538515336476,8.854155627450178,5.542124673111498,1.4918032786885247,0.0,0.17950957769023168,7.0,0.0,,,,,
level,KZT,3,2024-06…2024-11,BUY_NOW,medium,1,0.0,12,12,0.5,0.5445151033386327,0.9182481751824818,0.4591240875912409,1.3773722627737226,0.5,0.5445151033386327,0.9182481751824818,-0.3373041695250058,0.3744218699475935,-0.7117260394725993,-27.61466822434288,20.479966770814695,-27.240246354395286,20.854388640762288,-14.806734947043374,29.493841149124865,5.827085369895791,-20.784208985689858,0.45901639344262296,0.0,0.6617545902269293,87.0,0.3333333333333333,,,,,
level,KZT,3,2024-06…2024-11,BUY_NOW,medium,1,10.0,12,12,0.9166666666666666,0.6987281399046105,1.3119074706105422,1.0733788395904438,1.4311717861205917,0.9166666666666666,0.6987281399046105,1.3119074706105422,-0.3373041695250058,0.3744218699475935,-0.7117260394725993,-27.61466822434288,20.479966770814695,-27.240246354395286,20.854388640762288,-14.806734947043374,29.493841149124865,5.827085369895791,-20.784208985689858,0.45901639344262296,0.0,0.6617545902269293,87.0,0.3333333333333333,,,,,
level,KZT,3,2024-06…2024-11,BUY_NOW,medium,1,25.0,12,12,0.9166666666666666,0.8267090620031796,1.1088141025641025,0.9072115384615385,1.2096153846153848,0.9166666666666666,0.8267090620031796,1.1088141025641025,-0.3373041695250058,0.3744218699475935,-0.7117260394725993,-27.61466822434288,20.479966770814695,-27.240246354395286,20.854388640762288,-14.806734947043374,29.493841149124865,5.827085369895791,-20.784208985689858,0.45901639344262296,0.0,0.6617545902269293,87.0,0.3333333333333333,,,,,
level,KZT,3,2024-06…2024-11,BUY_NOW,medium,1,50.0,12,12,0.9166666666666666,0.9228934817170111,0.9932529428653459,0.8126614987080103,1.0835486649440138,0.9166666666666666,0.9228934817170111,0.9932529428653459,-0.3373041695250058,0.3744218699475935,-0.7117260394725993,-27.61466822434288,20.479966770814695,-27.240246354395286,20.854388640762288,-14.806734947043374,29.493841149124865,5.827085369895791,-20.784208985689858,0.45901639344262296,0.0,0.6617545902269293,87.0,0.3333333333333333,,,,,
level,KZT,3,2024-06…2024-11,BUY_NOW,medium,4,0.0,12,12,0.16666666666666666,0.294912559618442,0.5651392632524708,0.0,1.412848158131177,0.5833333333333334,0.5333863275039745,1.0936413313462496,-9.319648955806352,0.7109844232941395,-10.030633379100491,-41.80922791207999,16.165776867877746,-41.09824348878585,16.876761291171885,-38.67535430867541,29.653574656924864,7.655877276121861,-20.784208985689858,0.45901639344262296,0.0,0.6617545902269293,87.0,0.3333333333333333,,,,,
level,KZT,3,2024-06…2024-11,BUY_NOW,medium,4,10.0,12,12,0.3333333333333333,0.4165341812400636,0.8002544529262087,0.20006361323155217,1.4004452926208653,0.6666666666666666,0.6613672496025437,1.0080128205128205,-9.319648955806352,0.7109844232941395,-10.030633379100491,-41.80922791207999,16.165776867877746,-41.09824348878585,16.876761291171885,-38.67535430867541,29.653574656924864,7.655877276121861,-20.784208985689858,0.45901639344262296,0.0,0.6617545902269293,87.0,0.3333333333333333,,,,,
level,KZT,3,2024-06…2024-11,BUY_NOW,medium,4,25.0,12,12,0.5833333333333334,0.5914149443561209,0.9863351254480287,0.5600974462365593,1.4090501792114696,0.75,0.7933227344992051,0.9453907815631263,-9.319648955806352,0.7109844232941395,-10.030633379100491,-41.80922791207999,16.165776867877746,-41.09824348878585,16.876761291171885,-38.67535430867541,29.653574656924864,7.655877276121861,-20.784208985689858,0.45901639344262296,0.0,0.6617545902269293,87.0,0.3333333333333333,,,,,
level,KZT,3,2024-06…2024-11,BUY_NOW,medium,4,50.0,12,12,0.75,0.7718600953895072,0.9716786817713697,0.6477857878475798,1.2955715756951596,0.9166666666666666,0.8887122416534181,1.0314549791293977,-9.319648955806352,0.7109844232941395,-10.030633379100491,-41.80922791207999,16.165776867877746,-41.09824348878585,16.876761291171885,-38.67535430867541,29.653574656924864,7.655877276121861,-20.784208985689858,0.45901639344262296,0.0,0.6617545902269293,87.0,0.3333333333333333,,,,,
level,KZT,3,2024-06…2024-11,BUY_NOW,medium,9,0.0,12,12,0.16666666666666666,0.18998410174880764,0.8772663877266387,0.0,2.193165969316597,0.3333333333333333,0.5333863275039745,0.6249379036264282,-18.37179128026519,1.3819343234743067,-19.753725603739497,-71.47748531142382,19.049048244892717,-70.09555098794951,20.430982568367025,-75.92140658348745,33.38166735611825,19.37120032942441,-20.784208985689858,0.45901639344262296,0.0,0.6617545902269293,87.0,0.3333333333333333,,,,,
level,KZT,3,2024-06…2024-11,BUY_NOW,medium,9,10.0,12,12,0.3333333333333333,0.2742448330683625,1.2154589371980675,0.3038647342995169,2.1270531400966184,0.5,0.6375198728139905,0.78428927680798,-18.37179128026519,1.3819343234743067,-19.753725603739497,-71.47748531142382,19.049048244892717,-70.09555098794951,20.430982568367025,-75.92140658348745,33.38166735611825,19.37120032942441,-20.784208985689858,0.45901639344262296,0.0,0.6617545902269293,87.0,0.3333333333333333,,,,,
level,KZT,3,2024-06…2024-11,BUY_NOW,medium,9,25.0,12,12,0.3333333333333333,0.4332273449920509,0.7694189602446482,0.19235474006116204,1.3464831804281345,0.8333333333333334,0.7496025437201908,1.111700247437257,-18.37179128026519,1.3819343234743067,-19.753725603739497,-71.47748531142382,19.049048244892717,-70.09555098794951,20.430982568367025,-75.92140658348745,33.38166735611825,19.37120032942441,-20.784208985689858,0.45901639344262296,0.0,0.6617545902269293,87.0,0.3333333333333333,,,,,
level,KZT,3,2024-06…2024-11,BUY_NOW,medium,9,50.0,12,12,0.5833333333333334,0.6462639109697933,0.9026240262402625,0.5157851578515785,1.2894628946289464,0.8333333333333334,0.8418124006359301,0.9899276046584828,-18.37179128026519,1.3819343234743067,-19.753725603739497,-71.47748531142382,19.049048244892717,-70.09555098794951,20.430982568367025,-75.92140658348745,33.38166735611825,19.37120032942441,-20.784208985689858,0.45901639344262296,0.0,0.6617545902269293,87.0,0.3333333333333333,,,,,
level,KZT,3,2024-06…2024-11,BUY_NOW,medium,45,0.0,12,12,0.16666666666666666,0.09618441971383147,1.7327823691460056,0.0,4.331955922865014,0.5833333333333334,0.5429252782193958,1.0744265495363594,17.631690663821033,5.699579827773538,11.932110836047496,-94.2096134465187,117.29225317848729,-88.51003361874517,122.99183300626082,-74.69078537136834,190.32855088507753,51.209531606356826,-20.784208985689858,0.45901639344262296,0.0,0.6617545902269293,87.0,0.3333333333333333,,,,,
level,KZT,3,2024-06…2024-11,BUY_NOW,medium,45,10.0,12,12,0.16666666666666666,0.14069952305246422,1.1845574387947269,0.0,2.9613935969868175,0.5833333333333334,0.589825119236884,0.988993710691824,17.631690663821033,5.699579827773538,11.932110836047496,-94.2096134465187,117.29225317848729,-88.51003361874517,122.99183300626082,-74.69078537136834,190.32855088507753,51.209531606356826,-20.784208985689858,0.45901639344262296,0.0,0.6617545902269293,87.0,0.3333333333333333,,,,,
level,KZT,3,2024-06…2024-11,BUY_NOW,medium,45,25.0,12,12,0.16666666666666666,0.22655007949125597,0.735672514619883,0.0,1.8391812865497077,0.5833333333333334,0.6518282988871225,0.8949186991869919,17.631690663821033,5.699579827773538,11.932110836047496,-94.2096134465187,117.29225317848729,-88.51003361874517,122.99183300626082,-74.69078537136834,190.32855088507753,51.209531606356826,-20.784208985689858,0.45901639344262296,0.0,0.6617545902269293,87.0,0.3333333333333333,,,,,
level,KZT,3,2024-06…2024-11,BUY_NOW,medium,45,50.0,12,12,0.3333333333333333,0.3672496025437202,0.9076479076479076,0.2269119769119769,1.8152958152958152,0.8333333333333334,0.7575516693163752,1.100034977264778,17.631690663821033,5.699579827773538,11.932110836047496,-94.2096134465187,117.29225317848729,-88.51003361874517,122.99183300626082,-74.69078537136834,190.32855088507753,51.209531606356826,-20.784208985689858,0.45901639344262296,0.0,0.6617545902269293,87.0,0.3333333333333333,,,,,
level,KZT,3,2024-06…2024-11,BUY_NOW,medium,180,0.0,12,12,0.08333333333333333,0.04848966613672496,1.7185792349726776,0.0,5.155737704918033,0.3333333333333333,0.5524642289348172,0.603357314148681,-14.716062323719157,5.991744133221476,-20.707806456940634,-199.91705852988076,156.6236290788672,-193.92531439665927,162.61537321208868,-246.3634188002381,417.23147160662717,104.09080750090116,-20.784208985689858,0.45901639344262296,0.0,0.6617545902269293,87.0,0.3333333333333333,,,,,
level,KZT,3,2024-06…2024-11,BUY_NOW,medium,180,10.0,12,12,0.08333333333333333,0.07472178060413355,1.1152482269503545,0.0,3.345744680851064,0.3333333333333333,0.5747217806041336,0.5799907791609036,-14.716062323719157,5.991744133221476,-20.707806456940634,-199.91705852988076,156.6236290788672,-193.92531439665927,162.61537321208868,-246.3634188002381,417.23147160662717,104.09080750090116,-20.784208985689858,0.45901639344262296,0.0,0.6617545902269293,87.0,0.3333333333333333,,,,,
level,KZT,3,2024-06…2024-11,BUY_NOW,medium,180,25.0,12,12,0.08333333333333333,0.1136724960254372,0.7331002331002331,0.0,2.199300699300699,0.3333333333333333,0.5977742448330684,0.5576241134751773,-14.716062323719157,5.991744133221476,-20.707806456940634,-199.91705852988076,156.6236290788672,-193.92531439665927,162.61537321208868,-246.3634188002381,417.23147160662717,104.09080750090116,-20.784208985689858,0.45901639344262296,0.0,0.6617545902269293,87.0,0.3333333333333333,0.3333333333333333,0.5927643784786641,12.0,0.5623369848721962,-29.955154058930344
level,KZT,3,2024-06…2024-11,BUY_NOW,medium,180,50.0,12,12,0.08333333333333333,0.19475357710651828,0.427891156462585,0.0,1.2836734693877552,0.3333333333333333,0.6311605723370429,0.5281276238455079,-14.716062323719157,5.991744133221476,-20.707806456940634,-199.91705852988076,156.6236290788672,-193.92531439665927,162.61537321208868,-246.3634188002381,417.23147160662717,104.09080750090116,-20.784208985689858,0.45901639344262296,0.0,0.6617545902269293,87.0,0.3333333333333333,,,,,
reversal,KZT,3,2024-06…2024-11,WINDOW_CLOSING,slow,1,0.0,21,21,0.6190476190476191,0.5445151033386327,1.1368786930830728,0.7870698644421272,1.486687521724018,0.6190476190476191,0.5445151033386327,1.1368786930830728,-5.77361921091733,0.3744218699475935,-6.148041080864924,-29.895343221869563,18.0797957415742,-29.52092135192197,18.45421761152179,-32.30702040679624,15.665214931898285,-0.9819964220142148,-3.184985593170986,0.8032786885245902,0.0,0.4208457093889768,93.0,0.5,,,,,
reversal,KZT,3,2024-06…2024-11,WINDOW_CLOSING,slow,1,10.0,21,21,0.6190476190476191,0.5445151033386327,1.1368786930830728,0.7870698644421272,1.486687521724018,0.6190476190476191,0.5445151033386327,1.1368786930830728,-5.77361921091733,0.3744218699475935,-6.148041080864924,-29.895343221869563,18.0797957415742,-29.52092135192197,18.45421761152179,-32.30702040679624,15.665214931898285,-0.9819964220142148,-3.184985593170986,0.8032786885245902,0.0,0.4208457093889768,93.0,0.5,,,,,
reversal,KZT,3,2024-06…2024-11,WINDOW_CLOSING,slow,1,25.0,21,21,0.6190476190476191,0.5445151033386327,1.1368786930830728,0.7870698644421272,1.486687521724018,0.6190476190476191,0.5445151033386327,1.1368786930830728,-5.77361921091733,0.3744218699475935,-6.148041080864924,-29.895343221869563,18.0797957415742,-29.52092135192197,18.45421761152179,-32.30702040679624,15.665214931898285,-0.9819964220142148,-3.184985593170986,0.8032786885245902,0.0,0.4208457093889768,93.0,0.5,,,,,
reversal,KZT,3,2024-06…2024-11,WINDOW_CLOSING,slow,1,50.0,21,21,0.6190476190476191,0.5445151033386327,1.1368786930830728,0.7870698644421272,1.486687521724018,0.6190476190476191,0.5445151033386327,1.1368786930830728,-5.77361921091733,0.3744218699475935,-6.148041080864924,-29.895343221869563,18.0797957415742,-29.52092135192197,18.45421761152179,-32.30702040679624,15.665214931898285,-0.9819964220142148,-3.184985593170986,0.8032786885245902,0.0,0.4208457093889768,93.0,0.5,,,,,
reversal,KZT,3,2024-06…2024-11,WINDOW_CLOSING,slow,4,0.0,21,21,0.5714285714285714,0.5437201907790143,1.0509607351712613,0.7006404901141743,1.4012809802283486,0.5714285714285714,0.5437201907790143,1.0509607351712613,2.4173831944070057,0.7109844232941395,1.706398771112866,-28.108529254919233,35.19660449069984,-27.397544831625094,35.90758891399398,-2.516363766028596,7.553363357931344,20.596001760272117,-3.184985593170986,0.8032786885245902,0.0,0.4208457093889768,93.0,0.5,,,,,
reversal,KZT,3,2024-06…2024-11,WINDOW_CLOSING,slow,4,10.0,21,21,0.5714285714285714,0.5437201907790143,1.0509607351712613,0.7006404901141743,1.4012809802283486,0.5714285714285714,0.5437201907790143,1.0509607351712613,2.4173831944070057,0.7109844232941395,1.706398771112866,-28.108529254919233,35.19660449069984,-27.397544831625094,35.90758891399398,-2.516363766028596,7.553363357931344,20.596001760272117,-3.184985593170986,0.8032786885245902,0.0,0.4208457093889768,93.0,0.5,,,,,
reversal,KZT,3,2024-06…2024-11,WINDOW_CLOSING,slow,4,25.0,21,21,0.5714285714285714,0.5437201907790143,1.0509607351712613,0.7006404901141743,1.4012809802283486,0.5714285714285714,0.5437201907790143,1.0509607351712613,2.4173831944070057,0.7109844232941395,1.706398771112866,-28.108529254919233,35.19660449069984,-27.397544831625094,35.90758891399398,-2.516363766028596,7.553363357931344,20.596001760272117,-3.184985593170986,0.8032786885245902,0.0,0.4208457093889768,93.0,0.5,,,,,
reversal,KZT,3,2024-06…2024-11,WINDOW_CLOSING,slow,4,50.0,21,21,0.5714285714285714,0.5437201907790143,1.0509607351712613,0.7006404901141743,1.4012809802283486,0.5714285714285714,0.5437201907790143,1.0509607351712613,2.4173831944070057,0.7109844232941395,1.706398771112866,-28.108529254919233,35.19660449069984,-27.397544831625094,35.90758891399398,-2.516363766028596,7.553363357931344,20.596001760272117,-3.184985593170986,0.8032786885245902,0.0,0.4208457093889768,93.0,0.5,,,,,
reversal,KZT,3,2024-06…2024-11,WINDOW_CLOSING,slow,9,0.0,21,21,0.5238095238095238,0.5325914149443561,0.9835110163468372,0.6258706467661691,1.3411513859275053,0.5238095238095238,0.5325914149443561,0.9835110163468372,-0.5050571457875295,1.3819343234743067,-1.8869914692618361,-27.777549788150996,25.567566079595377,-26.395615464676688,26.949500403069685,-17.83786086640371,6.914669546757985,21.339229294501543,-3.184985593170986,0.8032786885245902,0.0,0.4208457093889768,93.0,0.5,,,,,
reversal,KZT,3,2024-06…2024-11,WINDOW_CLOSING,slow,9,10.0,21,21,0.5238095238095238,0.5325914149443561,0.9835110163468372,0.6258706467661691,1.3411513859275053,0.5238095238095238,0.5325914149443561,0.9835110163468372,-0.5050571457875295,1.3819343234743067,-1.8869914692618361,-27.777549788150996,25.567566079595377,-26.395615464676688,26.949500403069685,-17.83786086640371,6.914669546757985,21.339229294501543,-3.184985593170986,0.8032786885245902,0.0,0.4208457093889768,93.0,0.5,,,,,
reversal,KZT,3,2024-06…2024-11,WINDOW_CLOSING,slow,9,25.0,21,21,0.5238095238095238,0.5325914149443561,0.9835110163468372,0.6258706467661691,1.3411513859275053,0.5238095238095238,0.5325914149443561,0.9835110163468372,-0.5050571457875295,1.3819343234743067,-1.8869914692618361,-27.777549788150996,25.567566079595377,-26.395615464676688,26.949500403069685,-17.83786086640371,6.914669546757985,21.339229294501543,-3.184985593170986,0.8032786885245902,0.0,0.4208457093889768,93.0,0.5,,,,,
reversal,KZT,3,2024-06…2024-11,WINDOW_CLOSING,slow,9,50.0,21,21,0.5238095238095238,0.5325914149443561,0.9835110163468372,0.6258706467661691,1.3411513859275053,0.5238095238095238,0.5325914149443561,0.9835110163468372,-0.5050571457875295,1.3819343234743067,-1.8869914692618361,-27.777549788150996,25.567566079595377,-26.395615464676688,26.949500403069685,-17.83786086640371,6.914669546757985,21.339229294501543,-3.184985593170986,0.8032786885245902,0.0,0.4208457093889768,93.0,0.5,,,,,
reversal,KZT,3,2024-06…2024-11,WINDOW_CLOSING,slow,45,0.0,21,21,0.38095238095238093,0.5397456279809221,0.7057998457114805,0.35289992285574023,1.0586997685672206,0.38095238095238093,0.5397456279809221,0.7057998457114805,-5.484366692834503,5.699579827773538,-11.18394652060804,-77.23005222425626,58.809227800005836,-71.53047239648272,64.50880762777938,-36.20690814121848,44.372769908117,18.811030684700818,-3.184985593170986,0.8032786885245902,0.0,0.4208457093889768,93.0,0.5,,,,,
reversal,KZT,3,2024-06…2024-11,WINDOW_CLOSING,slow,45,10.0,21,21,0.38095238095238093,0.5397456279809221,0.7057998457114805,0.35289992285574023,1.0586997685672206,0.38095238095238093,0.5397456279809221,0.7057998457114805,-5.484366692834503,5.699579827773538,-11.18394652060804,-77.23005222425626,58.809227800005836,-71.53047239648272,64.50880762777938,-36.20690814121848,44.372769908117,18.811030684700818,-3.184985593170986,0.8032786885245902,0.0,0.4208457093889768,93.0,0.5,,,,,
reversal,KZT,3,2024-06…2024-11,WINDOW_CLOSING,slow,45,25.0,21,21,0.38095238095238093,0.5397456279809221,0.7057998457114805,0.35289992285574023,1.0586997685672206,0.38095238095238093,0.5397456279809221,0.7057998457114805,-5.484366692834503,5.699579827773538,-11.18394652060804,-77.23005222425626,58.809227800005836,-71.53047239648272,64.50880762777938,-36.20690814121848,44.372769908117,18.811030684700818,-3.184985593170986,0.8032786885245902,0.0,0.4208457093889768,93.0,0.5,,,,,
reversal,KZT,3,2024-06…2024-11,WINDOW_CLOSING,slow,45,50.0,21,21,0.38095238095238093,0.5397456279809221,0.7057998457114805,0.35289992285574023,1.0586997685672206,0.38095238095238093,0.5397456279809221,0.7057998457114805,-5.484366692834503,5.699579827773538,-11.18394652060804,-77.23005222425626,58.809227800005836,-71.53047239648272,64.50880762777938,-36.20690814121848,44.372769908117,18.811030684700818,-3.184985593170986,0.8032786885245902,0.0,0.4208457093889768,93.0,0.5,,,,,
reversal,KZT,3,2024-06…2024-11,WINDOW_CLOSING,slow,180,0.0,21,21,0.38095238095238093,0.5834658187599364,0.6529129362916828,0.3264564681458414,0.9793694044375243,0.38095238095238093,0.5834658187599364,0.6529129362916828,-42.636786672585295,5.991744133221476,-48.62853080580677,-153.95474573359223,55.72692230239249,-147.96300160037075,61.71866643561396,-251.70356769582372,132.31489215385196,36.03815353364415,-3.184985593170986,0.8032786885245902,0.0,0.4208457093889768,93.0,0.5,,,,,
reversal,KZT,3,2024-06…2024-11,WINDOW_CLOSING,slow,180,10.0,21,21,0.38095238095238093,0.5834658187599364,0.6529129362916828,0.3264564681458414,0.9793694044375243,0.38095238095238093,0.5834658187599364,0.6529129362916828,-42.636786672585295,5.991744133221476,-48.62853080580677,-153.95474573359223,55.72692230239249,-147.96300160037075,61.71866643561396,-251.70356769582372,132.31489215385196,36.03815353364415,-3.184985593170986,0.8032786885245902,0.0,0.4208457093889768,93.0,0.5,,,,,
reversal,KZT,3,2024-06…2024-11,WINDOW_CLOSING,slow,180,25.0,21,21,0.38095238095238093,0.5834658187599364,0.6529129362916828,0.3264564681458414,0.9793694044375243,0.38095238095238093,0.5834658187599364,0.6529129362916828,-42.636786672585295,5.991744133221476,-48.62853080580677,-153.95474573359223,55.72692230239249,-147.96300160037075,61.71866643561396,-251.70356769582372,132.31489215385196,36.03815353364415,-3.184985593170986,0.8032786885245902,0.0,0.4208457093889768,93.0,0.5,0.38095238095238093,0.6521335807050093,21.0,0.5841631104788999,-57.87587840779648
reversal,KZT,3,2024-06…2024-11,WINDOW_CLOSING,slow,180,50.0,21,21,0.38095238095238093,0.5834658187599364,0.6529129362916828,0.3264564681458414,0.9793694044375243,0.38095238095238093,0.5834658187599364,0.6529129362916828,-42.636786672585295,5.991744133221476,-48.62853080580677,-153.95474573359223,55.72692230239249,-147.96300160037075,61.71866643561396,-251.70356769582372,132.31489215385196,36.03815353364415,-3.184985593170986,0.8032786885245902,0.0,0.4208457093889768,93.0,0.5,,,,,
dip_vs_trend,KZT,3,2024-06…2024-11,BUY_NOW,medium,1,0.0,13,13,0.5384615384615384,0.5445151033386327,0.9888826501965188,0.42380685008422236,1.4126895002807414,0.5384615384615384,0.5445151033386327,0.9888826501965188,9.03824583572547,0.3744218699475935,8.663823965777876,-7.544246768581815,29.090390898014753,-7.1698248986342215,29.464812767962346,-3.4267051223767218,30.607506581880052,22.738217470043693,24.007122325715354,0.4972677595628415,0.0,0.9719446369116742,87.0,0.3333333333333333,,,,,
dip_vs_trend,KZT,3,2024-06…2024-11,BUY_NOW,medium,1,10.0,13,13,0.8461538461538461,0.6987281399046105,1.2109915113328082,0.8807210991511334,1.4311717861205917,0.8461538461538461,0.6987281399046105,1.2109915113328082,9.03824583572547,0.3744218699475935,8.663823965777876,-7.544246768581815,29.090390898014753,-7.1698248986342215,29.464812767962346,-3.4267051223767218,30.607506581880052,22.738217470043693,24.007122325715354,0.4972677595628415,0.0,0.9719446369116742,87.0,0.3333333333333333,,,,,
dip_vs_trend,KZT,3,2024-06…2024-11,BUY_NOW,medium,1,25.0,13,13,0.8461538461538461,0.8267090620031796,1.0235207100591717,0.7443786982248521,1.2096153846153848,0.8461538461538461,0.8267090620031796,1.0235207100591717,9.03824583572547,0.3744218699475935,8.663823965777876,-7.544246768581815,29.090390898014753,-7.1698248986342215,29.464812767962346,-3.4267051223767218,30.607506581880052,22.738217470043693,24.007122325715354,0.4972677595628415,0.0,0.9719446369116742,87.0,0.3333333333333333,,,,,
dip_vs_trend,KZT,3,2024-06…2024-11,BUY_NOW,medium,1,50.0,13,13,1.0,0.9228934817170111,1.0835486649440138,1.0835486649440138,1.0835486649440138,1.0,0.9228934817170111,1.0835486649440138,9.03824583572547,0.3744218699475935,8.663823965777876,-7.544246768581815,29.090390898014753,-7.1698248986342215,29.464812767962346,-3.4267051223767218,30.607506581880052,22.738217470043693,24.007122325715354,0.4972677595628415,0.0,0.9719446369116742,87.0,0.3333333333333333,,,,,
dip_vs_trend,KZT,3,2024-06…2024-11,BUY_NOW,medium,4,0.0,13,13,0.3076923076923077,0.294912559618442,1.0433340244661,0.260833506116525,1.8258345428156748,0.5384615384615384,0.5333863275039745,1.0095150750888455,17.115989737805158,0.7109844232941395,16.40500531451102,-10.989510473850205,52.99094902275552,-10.278526050556065,53.701933446049665,10.140607186350348,21.475603832464415,33.959787112951986,24.007122325715354,0.4972677595628415,0.0,0.9719446369116742,87.0,0.3333333333333333,,,,,
dip_vs_trend,KZT,3,2024-06…2024-11,BUY_NOW,medium,4,10.0,13,13,0.3076923076923077,0.4165341812400636,0.7386964180857312,0.1846741045214328,1.2927187316500293,0.8461538461538461,0.6613672496025437,1.2794008875739646,17.115989737805158,0.7109844232941395,16.40500531451102,-10.989510473850205,52.99094902275552,-10.278526050556065,53.701933446049665,10.140607186350348,21.475603832464415,33.959787112951986,24.007122325715354,0.4972677595628415,0.0,0.9719446369116742,87.0,0.3333333333333333,,,,,
dip_vs_trend,KZT,3,2024-06…2024-11,BUY_NOW,medium,4,25.0,13,13,0.6923076923076923,0.5914149443561209,1.1705955334987592,0.7803970223325062,1.5607940446650124,0.8461538461538461,0.7933227344992051,1.066594727917373,17.115989737805158,0.7109844232941395,16.40500531451102,-10.989510473850205,52.99094902275552,-10.278526050556065,53.701933446049665,10.140607186350348,21.475603832464415,33.959787112951986,24.007122325715354,0.4972677595628415,0.0,0.9719446369116742,87.0,0.3333333333333333,,,,,
dip_vs_trend,KZT,3,2024-06…2024-11,BUY_NOW,medium,4,50.0,13,13,0.8461538461538461,0.7718600953895072,1.096252871742058,0.797274815812406,1.2955715756951596,0.9230769230769231,0.8887122416534181,1.0386679510114216,17.115989737805158,0.7109844232941395,16.40500531451102,-10.989510473850205,52.99094902275552,-10.278526050556065,53.701933446049665,10.140607186350348,21.475603832464415,33.959787112951986,24.007122325715354,0.4972677595628415,0.0,0.9719446369116742,87.0,0.3333333333333333,,,,,
dip_vs_trend,KZT,3,2024-06…2024-11,BUY_NOW,medium,9,0.0,13,13,0.23076923076923078,0.18998410174880764,1.214676536852269,0.0,2.429353073704538,0.6153846153846154,0.5333863275039745,1.1537315143872522,34.253141360923806,1.3819343234743067,32.8712070374495,-9.676861007472974,93.56690280562258,-8.294926683998668,94.94883712909689,11.347411689284659,48.56922240569828,51.954229150680014,24.007122325715354,0.4972677595628415,0.0,0.9719446369116742,87.0,0.3333333333333333,,,,,
dip_vs_trend,KZT,3,2024-06…2024-11,BUY_NOW,medium,9,10.0,13,13,0.23076923076923078,0.2742448330683625,0.8414715719063545,0.0,1.682943143812709,0.6923076923076923,0.6375198728139905,1.085938998657203,34.253141360923806,1.3819343234743067,32.8712070374495,-9.676861007472974,93.56690280562258,-8.294926683998668,94.94883712909689,11.347411689284659,48.56922240569828,51.954229150680014,24.007122325715354,0.4972677595628415,0.0,0.9719446369116742,87.0,0.3333333333333333,,,,,
dip_vs_trend,KZT,3,2024-06…2024-11,BUY_NOW,medium,9,25.0,13,13,0.46153846153846156,0.4332273449920509,1.0653493295695131,0.3551164431898377,1.5980239943542693,0.8461538461538461,0.7496025437201908,1.1288033281670609,34.253141360923806,1.3819343234743067,32.8712070374495,-9.676861007472974,93.56690280562258,-8.294926683998668,94.94883712909689,11.347411689284659,48.56922240569828,51.954229150680014,24.007122325715354,0.4972677595628415,0.0,0.9719446369116742,87.0,0.3333333333333333,,,,,
dip_vs_trend,KZT,3,2024-06…2024-11,BUY_NOW,medium,9,50.0,13,13,0.6923076923076923,0.6462639109697933,1.0712460970763553,0.7141640647175703,1.4283281294351406,0.9230769230769231,0.8418124006359301,1.0965351928524734,34.253141360923806,1.3819343234743067,32.8712070374495,-9.676861007472974,93.56690280562258,-8.294926683998668,94.94883712909689,11.347411689284659,48.56922240569828,51.954229150680014,24.007122325715354,0.4972677595628415,0.0,0.9719446369116742,87.0,0.3333333333333333,,,,,
dip_vs_trend,KZT,3,2024-06…2024-11,BUY_NOW,medium,45,0.0,13,13,0.0,0.09618441971383147,0.0,0.0,0.0,0.7692307692307693,0.5429252782193958,1.4168262191688255,31.693536107264467,5.699579827773538,25.99395627949093,-32.78881290649219,82.98897685054692,-27.08923307871865,88.68855667832045,7.50570200599987,164.72662366421974,89.37478832514655,24.007122325715354,0.4972677595628415,0.0,0.9719446369116742,87.0,0.3333333333333333,,,,,
dip_vs_trend,KZT,3,2024-06…2024-11,BUY_NOW,medium,45,10.0,13,13,0.0,0.14069952305246422,0.0,0.0,0.0,0.7692307692307693,0.589825119236884,1.304167530582625,31.693536107264467,5.699579827773538,25.99395627949093,-32.78881290649219,82.98897685054692,-27.08923307871865,88.68855667832045,7.50570200599987,164.72662366421974,89.37478832514655,24.007122325715354,0.4972677595628415,0.0,0.9719446369116742,87.0,0.3333333333333333,,,,,
dip_vs_trend,KZT,3,2024-06…2024-11,BUY_NOW,medium,45,25.0,13,13,0.07692307692307693,0.22655007949125597,0.3395411605937922,0.0,1.0186234817813766,0.7692307692307693,0.6518282988871225,1.1801125703564728,31.693536107264467,5.699579827773538,25.99395627949093,-32.78881290649219,82.98897685054692,-27.08923307871865,88.68855667832045,7.50570200599987,164.72662366421974,89.37478832514655,24.007122325715354,0.4972677595628415,0.0,0.9719446369116742,87.0,0.3333333333333333,,,,,
dip_vs_trend,KZT,3,2024-06…2024-11,BUY_NOW,medium,45,50.0,13,13,0.23076923076923078,0.3672496025437202,0.6283716283716284,0.0,1.2567432567432568,0.7692307692307693,0.7575516693163752,1.0154169020905643,31.693536107264467,5.699579827773538,25.99395627949093,-32.78881290649219,82.98897685054692,-27.08923307871865,88.68855667832045,7.50570200599987,164.72662366421974,89.37478832514655,24.007122325715354,0.4972677595628415,0.0,0.9719446369116742,87.0,0.3333333333333333,,,,,
dip_vs_trend,KZT,3,2024-06…2024-11,BUY_NOW,medium,180,0.0,13,13,0.0,0.04848966613672496,0.0,0.0,0.0,0.23076923076923078,0.5524642289348172,0.4177089097952408,-41.88382254879387,5.991744133221476,-47.87556668201535,-178.84182562984685,103.99737509366709,-172.85008149662536,109.98911922688856,-181.19641933185923,474.0999538049706,132.94643495147332,24.007122325715354,0.4972677595628415,0.0,0.9719446369116742,87.0,0.3333333333333333,,,,,
dip_vs_trend,KZT,3,2024-06…2024-11,BUY_NOW,medium,180,10.0,13,13,0.0,0.07472178060413355,0.0,0.0,0.0,0.23076923076923078,0.5747217806041336,0.4015320778806256,-41.88382254879387,5.991744133221476,-47.87556668201535,-178.84182562984685,103.99737509366709,-172.85008149662536,109.98911922688856,-181.19641933185923,474.0999538049706,132.94643495147332,24.007122325715354,0.4972677595628415,0.0,0.9719446369116742,87.0,0.3333333333333333,,,,,
dip_vs_trend,KZT,3,2024-06…2024-11,BUY_NOW,medium,180,25.0,13,13,0.0,0.1136724960254372,0.0,0.0,0.0,0.23076923076923078,0.5977742448330684,0.38604746317512273,-41.88382254879387,5.991744133221476,-47.87556668201535,-178.84182562984685,103.99737509366709,-172.85008149662536,109.98911922688856,-181.19641933185923,474.0999538049706,132.94643495147332,24.007122325715354,0.4972677595628415,0.0,0.9719446369116742,87.0,0.3333333333333333,0.23076923076923078,0.5927643784786641,13.0,0.3893102202961358,-57.12291428400506
dip_vs_trend,KZT,3,2024-06…2024-11,BUY_NOW,medium,180,50.0,13,13,0.0,0.19475357710651828,0.0,0.0,0.0,0.3076923076923077,0.6311605723370429,0.48750242201123817,-41.88382254879387,5.991744133221476,-47.87556668201535,-178.84182562984685,103.99737509366709,-172.85008149662536,109.98911922688856,-181.19641933185923,474.0999538049706,132.94643495147332,24.007122325715354,0.4972677595628415,0.0,0.9719446369116742,87.0,0.3333333333333333,,,,,
momentum,KZT,4,2024-12…2025-05,BUY_NOW,fast,1,0.0,12,12,0.75,0.5378590078328982,1.3944174757281553,0.9296116504854368,1.8592233009708736,0.75,0.5378590078328982,1.3944174757281553,36.95974098587286,-2.1871984158896045,39.14693940176247,9.623265350023196,69.18077982988403,7.436066934133591,66.99358141399442,11.412639412434878,74.08235807676486,38.32359472999989,12.89268135759358,0.46153846153846156,0.0,0.7856023341292361,45.0,0.0,,,,,
momentum,KZT,4,2024-12…2025-05,BUY_NOW,fast,1,10.0,12,12,0.75,0.6266318537859008,1.196875,0.7979166666666666,1.5958333333333332,0.75,0.6266318537859008,1.196875,36.95974098587286,-2.1871984158896045,39.14693940176247,9.623265350023196,69.18077982988403,7.436066934133591,66.99358141399442,11.412639412434878,74.08235807676486,38.32359472999989,12.89268135759358,0.46153846153846156,0.0,0.7856023341292361,45.0,0.0,,,,,
momentum,KZT,4,2024-12…2025-05,BUY_NOW,fast,1,25.0,12,12,1.0,0.6988685813751088,1.4308841843088418,1.4308841843088418,1.4308841843088418,1.0,0.6988685813751088,1.4308841843088418,36.95974098587286,-2.1871984158896045,39.14693940176247,9.623265350023196,69.18077982988403,7.436066934133591,66.99358141399442,11.412639412434878,74.08235807676486,38.32359472999989,12.89268135759358,0.46153846153846156,0.0,0.7856023341292361,45.0,0.0,,,,,
momentum,KZT,4,2024-12…2025-05,BUY_NOW,fast,1,50.0,12,12,1.0,0.8006962576153177,1.2489130434782607,1.2489130434782607,1.2489130434782607,1.0,0.8006962576153177,1.2489130434782607,36.95974098587286,-2.1871984158896045,39.14693940176247,9.623265350023196,69.18077982988403,7.436066934133591,66.99358141399442,11.412639412434878,74.08235807676486,38.32359472999989,12.89268135759358,0.46153846153846156,0.0,0.7856023341292361,45.0,0.0,,,,,
momentum,KZT,4,2024-12…2025-05,BUY_NOW,fast,4,0.0,12,12,0.4166666666666667,0.2515230635335074,1.656574394463668,0.6626297577854671,2.6505190311418683,0.8333333333333334,0.4595300261096606,1.8134469696969697,27.868505492985033,-5.6394474267359325,33.507952919720964,7.079610257151918,61.65852411828096,1.4401628304159861,56.019076691545024,8.014564940410516,42.792289881751216,58.06842355234155,12.89268135759358,0.46153846153846156,0.0,0.7856023341292361,45.0,0.0,,,,,
momentum,KZT,4,2024-12…2025-05,BUY_NOW,fast,4,10.0,12,12,0.5,0.3063533507397737,1.6321022727272727,0.8160511363636364,2.448153409090909,0.8333333333333334,0.5178416013925152,1.6092436974789917,27.868505492985033,-5.6394474267359325,33.507952919720964,7.079610257151918,61.65852411828096,1.4401628304159861,56.019076691545024,8.014564940410516,42.792289881751216,58.06842355234155,12.89268135759358,0.46153846153846156,0.0,0.7856023341292361,45.0,0.0,,,,,
momentum,KZT,4,2024-12…2025-05,BUY_NOW,fast,4,25.0,12,12,0.6666666666666666,0.3698868581375109,1.8023529411764705,1.1264705882352941,2.478235294117647,0.8333333333333334,0.6414273281114012,1.2991858887381276,27.868505492985033,-5.6394474267359325,33.507952919720964,7.079610257151918,61.65852411828096,1.4401628304159861,56.019076691545024,8.014564940410516,42.792289881751216,58.06842355234155,12.89268135759358,0.46153846153846156,0.0,0.7856023341292361,45.0,0.0,,,,,
momentum,KZT,4,2024-12…2025-05,BUY_NOW,fast,4,50.0,12,12,0.6666666666666666,0.5021758050478677,1.3275563258232235,0.8297227036395147,1.8253899480069322,1.0,0.7806788511749347,1.2809364548494984,27.868505492985033,-5.6394474267359325,33.507952919720964,7.079610257151918,61.65852411828096,1.4401628304159861,56.019076691545024,8.014564940410516,42.792289881751216,58.06842355234155,12.89268135759358,0.46153846153846156,0.0,0.7856023341292361,45.0,0.0,,,,,
momentum,KZT,4,2024-12…2025-05,BUY_NOW,fast,9,0.0,12,12,0.3333333333333333,0.1279373368146214,2.6054421768707483,0.6513605442176871,4.55952380952381,0.6666666666666666,0.4212358572671889,1.5826446280991735,29.9935886129409,-11.38955484023742,41.38314345317832,7.316119172554428,77.12418950429665,-4.0734356676829915,65.73463466405923,4.941031630425595,45.7317521104265,59.977717945122464,12.89268135759358,0.46153846153846156,0.0,0.7856023341292361,45.0,0.0,,,,,
momentum,KZT,4,2024-12…2025-05,BUY_NOW,fast,9,10.0,12,12,0.4166666666666667,0.16449086161879894,2.5330687830687832,1.0132275132275133,4.052910052910053,0.6666666666666666,0.48912097476066146,1.3629893238434163,29.9935886129409,-11.38955484023742,41.38314345317832,7.316119172554428,77.12418950429665,-4.0734356676829915,65.73463466405923,4.941031630425595,45.7317521104265,59.977717945122464,12.89268135759358,0.46153846153846156,0.0,0.7856023341292361,45.0,0.0,,,,,
momentum,KZT,4,2024-12…2025-05,BUY_NOW,fast,9,25.0,12,12,0.4166666666666667,0.2071366405570061,2.0115546218487395,0.8046218487394957,3.218487394957983,0.75,0.5892080069625761,1.2728951255539143,29.9935886129409,-11.38955484023742,41.38314345317832,7.316119172554428,77.12418950429665,-4.0734356676829915,65.73463466405923,4.941031630425595,45.7317521104265,59.977717945122464,12.89268135759358,0.46153846153846156,0.0,0.7856023341292361,45.0,0.0,,,,,
momentum,KZT,4,2024-12…2025-05,BUY_NOW,fast,9,50.0,12,12,0.4166666666666667,0.30548302872062666,1.3639601139601139,0.5455840455840455,2.182336182336182,1.0,0.7345517841601392,1.3613744075829384,29.9935886129409,-11.38955484023742,41.38314345317832,7.316119172554428,77.12418950429665,-4.0734356676829915,65.73463466405923,4.941031630425595,45.7317521104265,59.977717945122464,12.89268135759358,0.46153846153846156,0.0,0.7856023341292361,45.0,0.0,,,,,
momentum,KZT,4,2024-12…2025-05,BUY_NOW,fast,45,0.0,12,12,0.08333333333333333,0.025239338555265448,3.3017241379310343,0.0,9.905172413793103,0.5833333333333334,0.31505657093124456,1.8515193370165748,7.7504321835872325,-50.14731832604938,57.89775050963661,-15.020835474771808,120.30392243517483,-65.16815380082119,70.15660410912544,-59.261841279963825,54.66807425578008,73.0512914707691,12.89268135759358,0.46153846153846156,0.0,0.7856023341292361,45.0,0.0,,,,,
momentum,KZT,4,2024-12…2025-05,BUY_NOW,fast,45,10.0,12,12,0.08333333333333333,0.03568320278503046,2.3353658536585367,0.0,7.0060975609756095,0.5833333333333334,0.36901653611836377,1.5807783018867927,7.7504321835872325,-50.14731832604938,57.89775050963661,-15.020835474771808,120.30392243517483,-65.16815380082119,70.15660410912544,-59.261841279963825,54.66807425578008,73.0512914707691,12.89268135759358,0.46153846153846156,0.0,0.7856023341292361,45.0,0.0,,,,,
momentum,KZT,4,2024-12…2025-05,BUY_NOW,fast,45,25.0,12,12,0.16666666666666666,0.04351610095735422,3.83,0.0,9.575000000000001,0.8333333333333334,0.43255004351610093,1.926559356136821,7.7504321835872325,-50.14731832604938,57.89775050963661,-15.020835474771808,120.30392243517483,-65.16815380082119,70.15660410912544,-59.261841279963825,54.66807425578008,73.0512914707691,12.89268135759358,0.46153846153846156,0.0,0.7856023341292361,45.0,0.0,,,,,
momentum,KZT,4,2024-12…2025-05,BUY_NOW,fast,45,50.0,12,12,0.16666666666666666,0.08093994778067885,2.0591397849462365,0.0,5.147849462365592,0.8333333333333334,0.5543951261966927,1.503139717425432,7.7504321835872325,-50.14731832604938,57.89775050963661,-15.020835474771808,120.30392243517483,-65.16815380082119,70.15660410912544,-59.261841279963825,54.66807425578008,73.0512914707691,12.89268135759358,0.46153846153846156,0.0,0.7856023341292361,45.0,0.0,,,,,
momentum,KZT,4,2024-12…2025-05,BUY_NOW,fast,180,0.0,12,12,0.0,0.0034812880765883376,0.0,0.0,0.0,0.4166666666666667,0.16623150565709313,2.506544502617801,-101.29463885808946,-171.9050730215383,70.61043416344884,-45.506544498952394,170.0714672600905,-217.4116175204907,-1.8336057614478212,-222.88043843271703,-4.372377285929571,101.00594478097304,12.89268135759358,0.46153846153846156,0.0,0.7856023341292361,45.0,0.0,,,,,
momentum,KZT,4,2024-12…2025-05,BUY_NOW,fast,180,10.0,12,12,0.0,0.004351610095735422,0.0,0.0,0.0,0.4166666666666667,0.19321148825065274,2.156531531531532,-101.29463885808946,-171.9050730215383,70.61043416344884,-45.506544498952394,170.0714672600905,-217.4116175204907,-1.8336057614478212,-222.88043843271703,-4.372377285929571,101.00594478097304,12.89268135759358,0.46153846153846156,0.0,0.7856023341292361,45.0,0.0,,,,,
momentum,KZT,4,2024-12…2025-05,BUY_NOW,fast,180,25.0,12,12,0.0,0.005221932114882507,0.0,0.0,0.0,0.5,0.2288946910356832,2.1844106463878328,-101.29463885808946,-171.9050730215383,70.61043416344884,-45.506544498952394,170.0714672600905,-217.4116175204907,-1.8336057614478212,-222.88043843271703,-4.372377285929571,101.00594478097304,12.89268135759358,0.46153846153846156,0.0,0.7856023341292361,45.0,0.0,0.3333333333333333,0.1434468524251806,9.0,2.3237410071942444,58.315932960932514
momentum,KZT,4,2024-12…2025-05,BUY_NOW,fast,180,50.0,12,12,0.0,0.009573542210617928,0.0,0.0,0.0,0.5833333333333334,0.2959094865100087,1.9713235294117648,-101.29463885808946,-171.9050730215383,70.61043416344884,-45.506544498952394,170.0714672600905,-217.4116175204907,-1.8336057614478212,-222.88043843271703,-4.372377285929571,101.00594478097304,12.89268135759358,0.46153846153846156,0.0,0.7856023341292361,45.0,0.0,,,,,
level,KZT,4,2024-12…2025-05,BUY_NOW,medium,1,0.0,21,21,0.7142857142857143,0.5378590078328982,1.3280166435506242,0.9738788719371244,1.682154415164124,0.7142857142857143,0.5378590078328982,1.3280166435506242,27.925970586207292,-2.1871984158896045,30.113169002096896,0.018043809570571057,64.07835755846838,-2.1691546063190335,61.89115914257877,-3.0858853716423305,69.72224290336993,33.28441723140936,23.008840713151073,0.8076923076923077,0.0,0.1569458361946357,23.0,0.0,,,,,
level,KZT,4,2024-12…2025-05,BUY_NOW,medium,1,10.0,21,21,0.8095238095238095,0.6266318537859008,1.2918650793650794,0.9878968253968254,1.5198412698412698,0.8095238095238095,0.6266318537859008,1.2918650793650794,27.925970586207292,-2.1871984158896045,30.113169002096896,0.018043809570571057,64.07835755846838,-2.1691546063190335,61.89115914257877,-3.0858853716423305,69.72224290336993,33.28441723140936,23.008840713151073,0.8076923076923077,0.0,0.1569458361946357,23.0,0.0,,,,,
level,KZT,4,2024-12…2025-05,BUY_NOW,medium,1,25.0,21,21,0.8571428571428571,0.6988685813751088,1.2264721579790072,1.0220601316491729,1.4308841843088418,0.8571428571428571,0.6988685813751088,1.2264721579790072,27.925970586207292,-2.1871984158896045,30.113169002096896,0.018043809570571057,64.07835755846838,-2.1691546063190335,61.89115914257877,-3.0858853716423305,69.72224290336993,33.28441723140936,23.008840713151073,0.8076923076923077,0.0,0.1569458361946357,23.0,0.0,,,,,
level,KZT,4,2024-12…2025-05,BUY_NOW,medium,1,50.0,21,21,0.9047619047619048,0.8006962576153177,1.1299689440993788,0.9515527950310558,1.2489130434782607,0.9047619047619048,0.8006962576153177,1.1299689440993788,27.925970586207292,-2.1871984158896045,30.113169002096896,0.018043809570571057,64.07835755846838,-2.1691546063190335,61.89115914257877,-3.0858853716423305,69.72224290336993,33.28441723140936,23.008840713151073,0.8076923076923077,0.0,0.1569458361946357,23.0,0.0,,,,,
level,KZT,4,2024-12…2025-05,BUY_NOW,medium,4,0.0,21,21,0.3333333333333333,0.2515230635335074,1.3252595155709341,0.5679683638161147,2.082550667325754,0.7142857142857143,0.4595300261096606,1.5543831168831168,25.410223624439702,-5.6394474267359325,31.049671051175636,2.627588173748205,62.71773398452904,-3.0118592529877275,57.078286557793106,-8.227132206761928,73.22893468288189,33.20037151729412,23.008840713151073,0.8076923076923077,0.0,0.1569458361946357,23.0,0.0,,,,,
level,KZT,4,2024-12…2025-05,BUY_NOW,medium,4,10.0,21,21,0.47619047619047616,0.3063533507397737,1.5543831168831168,0.7771915584415584,2.18002232142855,0.7619047619047619,0.5178416013925152,1.4713085234093637,25.410223624439702,-5.6394474267359325,31.049671051175636,2.627588173748205,62.71773398452904,-3.0118592529877275,57.078286557793106,-8.227132206761928,73.22893468288189,33.20037151729412,23.008840713151073,0.8076923076923077,0.0,0.1569458361946357,23.0,0.0,,,,,
level,KZT,4,2024-12…2025-05,BUY_NOW,medium,4,25.0,21,21,0.5238095238095238,0.3698868581375109,1.4161344537815126,0.7724369747899159,2.059831932773109,0.8571428571428571,0.6414273281114012,1.3363054855592167,25.410223624439702,-5.6394474267359325,31.049671051175636,2.627588173748205,62.71773398452904,-3.0118592529877275,57.078286557793106,-8.227132206761928,73.22893468288189,33.20037151729412,23.008840713151073,0.8076923076923077,0.0,0.1569458361946357,23.0,0.0,,,,,
level,KZT,4,2024-12…2025-05,BUY_NOW,medium,4,50.0,21,21,0.6190476190476191,0.5021758050478677,1.2327308739787075,0.7586036147561277,1.6120326813567714,0.9047619047619048,0.7806788511749347,1.1589425067685937,25.410223624439702,-5.6394474267359325,31.049671051175636,2.627588173748205,62.71773398452904,-3.0118592529877275,57.078286557793106,-8.227132206761928,73.22893468288189,33.20037151729412,23.008840713151073,0.8076923076923077,0.0,0.1569458361946357,23.0,0.0,,,,,
level,KZT,4,2024-12…2025-05,BUY_NOW,medium,9,0.0,21,21,0.19047619047619047,0.1279373368146214,1.4888241010689989,0.3722060252672497,2.9776482021379977,0.6190476190476191,0.4212358572671889,1.469598583234947,22.116878227500365,-11.38955484023742,33.50643306773779,1.8365482997355294,66.77466059066148,-9.55300654050189,55.38510575042406,-16.97729622188079,72.54698327537305,40.36105939381736,23.008840713151073,0.8076923076923077,0.0,0.1569458361946357,23.0,0.0,,,,,
level,KZT,4,2024-12…2025-05,BUY_NOW,medium,9,10.0,21,21,0.23809523809523808,0.16449086161879894,1.4474678760393047,0.2894935752078609,2.6054421768707483,0.7619047619047619,0.48912097476066146,1.5577020843924756,22.116878227500365,-11.38955484023742,33.50643306773779,1.8365482997355294,66.77466059066148,-9.55300654050189,55.38510575042406,-16.97729622188079,72.54698327537305,40.36105939381736,23.008840713151073,0.8076923076923077,0.0,0.1569458361946357,23.0,0.0,,,,,
level,KZT,4,2024-12…2025-05,BUY_NOW,medium,9,25.0,21,21,0.3333333333333333,0.2071366405570061,1.6092436974789914,0.6896758703481393,2.528811524609844,0.7619047619047619,0.5892080069625761,1.293099810086516,22.116878227500365,-11.38955484023742,33.50643306773779,1.8365482997355294,66.77466059066148,-9.55300654050189,55.38510575042406,-16.97729622188079,72.54698327537305,40.36105939381736,23.008840713151073,0.8076923076923077,0.0,0.1569458361946357,23.0,0.0,,,,,
level,KZT,4,2024-12…2025-05,BUY_NOW,medium,9,50.0,21,21,0.38095238095238093,0.30548302872062666,1.247049247049247,0.6235246235246235,2.0264550264550265,0.8095238095238095,0.7345517841601392,1.1020649966147598,22.116878227500365,-11.38955484023742,33.50643306773779,1.8365482997355294,66.77466059066148,-9.55300654050189,55.38510575042406,-16.97729622188079,72.54698327537305,40.36105939381736,23.008840713151073,0.8076923076923077,0.0,0.1569458361946357,23.0,0.0,,,,,
level,KZT,4,2024-12…2025-05,BUY_NOW,medium,45,0.0,21,21,0.09523809523809523,0.025239338555265448,3.7733990147783247,0.0,9.433497536945811,0.47619047619047616,0.31505657093124456,1.511444356748224,-19.71648174190678,-50.14731832604938,30.4308365841426,-24.46241746283105,79.84232359284135,-74.60973578888043,29.695005266791973,-82.22613556859207,58.24399382151531,32.21259989639397,23.008840713151073,0.8076923076923077,0.0,0.1569458361946357,23.0,0.0,,,,,
level,KZT,4,2024-12…2025-05,BUY_NOW,medium,45,10.0,21,21,0.14285714285714285,0.03568320278503046,4.003484320557491,0.0,8.006968641114982,0.5238095238095238,0.36901653611836377,1.4194743935309975,-19.71648174190678,-50.14731832604938,30.4308365841426,-24.46241746283105,79.84232359284135,-74.60973578888043,29.695005266791973,-82.22613556859207,58.24399382151531,32.21259989639397,23.008840713151073,0.8076923076923077,0.0,0.1569458361946357,23.0,0.0,,,,,
level,KZT,4,2024-12…2025-05,BUY_NOW,medium,45,25.0,21,21,0.14285714285714285,0.04351610095735422,3.282857142857143,0.0,6.565714285714286,0.5238095238095238,0.43255004351610093,1.2109801667145732,-19.71648174190678,-50.14731832604938,30.4308365841426,-24.46241746283105,79.84232359284135,-74.60973578888043,29.695005266791973,-82.22613556859207,58.24399382151531,32.21259989639397,23.008840713151073,0.8076923076923077,0.0,0.1569458361946357,23.0,0.0,,,,,
level,KZT,4,2024-12…2025-05,BUY_NOW,medium,45,50.0,21,21,0.23809523809523808,0.08093994778067885,2.941628264208909,0.5883256528417818,5.2949308755760365,0.6190476190476191,0.5543951261966927,1.1166180758017494,-19.71648174190678,-50.14731832604938,30.4308365841426,-24.46241746283105,79.84232359284135,-74.60973578888043,29.695005266791973,-82.22613556859207,58.24399382151531,32.21259989639397,23.008840713151073,0.8076923076923077,0.0,0.1569458361946357,23.0,0.0,,,,,
level,KZT,4,2024-12…2025-05,BUY_NOW,medium,180,0.0,21,21,0.047619047619047616,0.0034812880765883376,13.678571428571429,0.0,41.035714285714285,0.2857142857142857,0.16623150565709313,1.7187733732236348,-143.13409484445,-171.9050730215383,28.770978177088296,-70.6151855516654,119.18703197106666,-242.5202585732037,-52.71804105047163,-257.2133165265266,-5.9189024120871,49.07547764264984,23.008840713151073,0.8076923076923077,0.0,0.1569458361946357,23.0,0.0,,,,,
level,KZT,4,2024-12…2025-05,BUY_NOW,medium,180,10.0,21,21,0.047619047619047616,0.004351610095735422,10.942857142857143,0.0,32.82857142857143,0.2857142857142857,0.19321148825065274,1.4787644787644787,-143.13409484445,-171.9050730215383,28.770978177088296,-70.6151855516654,119.18703197106666,-242.5202585732037,-52.71804105047163,-257.2133165265266,-5.9189024120871,49.07547764264984,23.008840713151073,0.8076923076923077,0.0,0.1569458361946357,23.0,0.0,,,,,
level,KZT,4,2024-12…2025-05,BUY_NOW,medium,180,25.0,21,21,0.047619047619047616,0.005221932114882507,9.119047619047619,0.0,27.357142857142854,0.2857142857142857,0.2288946910356832,1.2482346550787615,-143.13409484445,-171.9050730215383,28.770978177088296,-70.6151855516654,119.18703197106666,-242.5202585732037,-52.71804105047163,-257.2133165265266,-5.9189024120871,49.07547764264984,23.008840713151073,0.8076923076923077,0.0,0.1569458361946357,23.0,0.0,0.17647058823529413,0.1434468524251806,17.0,1.2302158273381296,27.497138982925122
level,KZT,4,2024-12…2025-05,BUY_NOW,medium,180,50.0,21,21,0.09523809523809523,0.009573542210617928,9.948051948051948,0.0,24.87012987012987,0.42857142857142855,0.2959094865100087,1.4483193277310924,-143.13409484445,-171.9050730215383,28.770978177088296,-70.6151855516654,119.18703197106666,-242.5202585732037,-52.71804105047163,-257.2133165265266,-5.9189024120871,49.07547764264984,23.008840713151073,0.8076923076923077,0.0,0.1569458361946357,23.0,0.0,,,,,
reversal,KZT,4,2024-12…2025-05,WINDOW_CLOSING,slow,1,0.0,21,21,0.47619047619047616,0.5378590078328982,0.8853444290337493,0.5312066574202496,1.239482200647249,0.47619047619047616,0.5378590078328982,0.8853444290337493,-8.586191030551962,-2.1871984158896045,-6.398992614662358,-24.947194074046216,11.877970748528144,-27.13439248993582,9.69077233263854,-24.175609715207436,2.242775271751772,-26.525964619556817,-23.691089472265915,0.8076923076923077,0.0,0.33135484849621216,74.0,0.3333333333333333,,,,,
reversal,KZT,4,2024-12…2025-05,WINDOW_CLOSING,slow,1,10.0,21,21,0.47619047619047616,0.5378590078328982,0.8853444290337493,0.5312066574202496,1.239482200647249,0.47619047619047616,0.5378590078328982,0.8853444290337493,-8.586191030551962,-2.1871984158896045,-6.398992614662358,-24.947194074046216,11.877970748528144,-27.13439248993582,9.69077233263854,-24.175609715207436,2.242775271751772,-26.525964619556817,-23.691089472265915,0.8076923076923077,0.0,0.33135484849621216,74.0,0.3333333333333333,,,,,
reversal,KZT,4,2024-12…2025-05,WINDOW_CLOSING,slow,1,25.0,21,21,0.47619047619047616,0.5378590078328982,0.8853444290337493,0.5312066574202496,1.239482200647249,0.47619047619047616,0.5378590078328982,0.8853444290337493,-8.586191030551962,-2.1871984158896045,-6.398992614662358,-24.947194074046216,11.877970748528144,-27.13439248993582,9.69077233263854,-24.175609715207436,2.242775271751772,-26.525964619556817,-23.691089472265915,0.8076923076923077,0.0,0.33135484849621216,74.0,0.3333333333333333,,,,,
reversal,KZT,4,2024-12…2025-05,WINDOW_CLOSING,slow,1,50.0,21,21,0.47619047619047616,0.5378590078328982,0.8853444290337493,0.5312066574202496,1.239482200647249,0.47619047619047616,0.5378590078328982,0.8853444290337493,-8.586191030551962,-2.1871984158896045,-6.398992614662358,-24.947194074046216,11.877970748528144,-27.13439248993582,9.69077233263854,-24.175609715207436,2.242775271751772,-26.525964619556817,-23.691089472265915,0.8076923076923077,0.0,0.33135484849621216,74.0,0.3333333333333333,,,,,
reversal,KZT,4,2024-12…2025-05,WINDOW_CLOSING,slow,4,0.0,21,21,0.5714285714285714,0.47084421235857266,1.2136255611301823,0.7079482439926063,1.618167414840243,0.5714285714285714,0.47084421235857266,1.2136255611301823,-17.165925031731945,-5.6394474267359325,-11.526477604996012,-31.99953601335075,9.234335229119733,-37.63898344008668,3.5948878023838002,-28.77619645397987,-8.934949269324093,-19.36614697979016,-23.691089472265915,0.8076923076923077,0.0,0.33135484849621216,74.0,0.3333333333333333,,,,,
reversal,KZT,4,2024-12…2025-05,WINDOW_CLOSING,slow,4,10.0,21,21,0.5714285714285714,0.47084421235857266,1.2136255611301823,0.7079482439926063,1.618167414840243,0.5714285714285714,0.47084421235857266,1.2136255611301823,-17.165925031731945,-5.6394474267359325,-11.526477604996012,-31.99953601335075,9.234335229119733,-37.63898344008668,3.5948878023838002,-28.77619645397987,-8.934949269324093,-19.36614697979016,-23.691089472265915,0.8076923076923077,0.0,0.33135484849621216,74.0,0.3333333333333333,,,,,
reversal,KZT,4,2024-12…2025-05,WINDOW_CLOSING,slow,4,25.0,21,21,0.5714285714285714,0.47084421235857266,1.2136255611301823,0.7079482439926063,1.618167414840243,0.5714285714285714,0.47084421235857266,1.2136255611301823,-17.165925031731945,-5.6394474267359325,-11.526477604996012,-31.99953601335075,9.234335229119733,-37.63898344008668,3.5948878023838002,-28.77619645397987,-8.934949269324093,-19.36614697979016,-23.691089472265915,0.8076923076923077,0.0,0.33135484849621216,74.0,0.3333333333333333,,,,,
reversal,KZT,4,2024-12…2025-05,WINDOW_CLOSING,slow,4,50.0,21,21,0.5714285714285714,0.47084421235857266,1.2136255611301823,0.7079482439926063,1.618167414840243,0.5714285714285714,0.47084421235857266,1.2136255611301823,-17.165925031731945,-5.6394474267359325,-11.526477604996012,-31.99953601335075,9.234335229119733,-37.63898344008668,3.5948878023838002,-28.77619645397987,-8.934949269324093,-19.36614697979016,-23.691089472265915,0.8076923076923077,0.0,0.33135484849621216,74.0,0.3333333333333333,,,,,
reversal,KZT,4,2024-12…2025-05,WINDOW_CLOSING,slow,9,0.0,21,21,0.38095238095238093,0.43777197563098347,0.8702073274637886,0.4351036637318943,1.305310991195683,0.38095238095238093,0.43777197563098347,0.8702073274637886,-23.5742270714597,-11.38955484023742,-12.18467223122228,-40.22725876689901,16.830410291765567,-51.616813607136436,5.4408554515281455,-53.27807616412775,-2.133719768155959,-16.41188737362251,-23.691089472265915,0.8076923076923077,0.0,0.33135484849621216,74.0,0.3333333333333333,,,,,
reversal,KZT,4,2024-12…2025-05,WINDOW_CLOSING,slow,9,10.0,21,21,0.38095238095238093,0.43777197563098347,0.8702073274637886,0.4351036637318943,1.305310991195683,0.38095238095238093,0.43777197563098347,0.8702073274637886,-23.5742270714597,-11.38955484023742,-12.18467223122228,-40.22725876689901,16.830410291765567,-51.616813607136436,5.4408554515281455,-53.27807616412775,-2.133719768155959,-16.41188737362251,-23.691089472265915,0.8076923076923077,0.0,0.33135484849621216,74.0,0.3333333333333333,,,,,
reversal,KZT,4,2024-12…2025-05,WINDOW_CLOSING,slow,9,25.0,21,21,0.38095238095238093,0.43777197563098347,0.8702073274637886,0.4351036637318943,1.305310991195683,0.38095238095238093,0.43777197563098347,0.8702073274637886,-23.5742270714597,-11.38955484023742,-12.18467223122228,-40.22725876689901,16.830410291765567,-51.616813607136436,5.4408554515281455,-53.27807616412775,-2.133719768155959,-16.41188737362251,-23.691089472265915,0.8076923076923077,0.0,0.33135484849621216,74.0,0.3333333333333333,,,,,
reversal,KZT,4,2024-12…2025-05,WINDOW_CLOSING,slow,9,50.0,21,21,0.38095238095238093,0.43777197563098347,0.8702073274637886,0.4351036637318943,1.305310991195683,0.38095238095238093,0.43777197563098347,0.8702073274637886,-23.5742270714597,-11.38955484023742,-12.18467223122228,-40.22725876689901,16.830410291765567,-51.616813607136436,5.4408554515281455,-53.27807616412775,-2.133719768155959,-16.41188737362251,-23.691089472265915,0.8076923076923077,0.0,0.33135484849621216,74.0,0.3333333333333333,,,,,
reversal,KZT,4,2024-12…2025-05,WINDOW_CLOSING,slow,45,0.0,21,21,0.09523809523809523,0.32201914708442125,0.2957528957528957,0.0,0.7393822393822393,0.09523809523809523,0.32201914708442125,0.2957528957528957,-72.47975837747923,-50.14731832604938,-22.33244005142985,-64.59592648582375,16.7718397225011,-114.74324481187314,-33.37547860354828,-124.17498126896459,-24.24297409303599,-11.562490130279208,-23.691089472265915,0.8076923076923077,0.0,0.33135484849621216,74.0,0.3333333333333333,,,,,
reversal,KZT,4,2024-12…2025-05,WINDOW_CLOSING,slow,45,10.0,21,21,0.09523809523809523,0.32201914708442125,0.2957528957528957,0.0,0.7393822393822393,0.09523809523809523,0.32201914708442125,0.2957528957528957,-72.47975837747923,-50.14731832604938,-22.33244005142985,-64.59592648582375,16.7718397225011,-114.74324481187314,-33.37547860354828,-124.17498126896459,-24.24297409303599,-11.562490130279208,-23.691089472265915,0.8076923076923077,0.0,0.33135484849621216,74.0,0.3333333333333333,,,,,
reversal,KZT,4,2024-12…2025-05,WINDOW_CLOSING,slow,45,25.0,21,21,0.09523809523809523,0.32201914708442125,0.2957528957528957,0.0,0.7393822393822393,0.09523809523809523,0.32201914708442125,0.2957528957528957,-72.47975837747923,-50.14731832604938,-22.33244005142985,-64.59592648582375,16.7718397225011,-114.74324481187314,-33.37547860354828,-124.17498126896459,-24.24297409303599,-11.562490130279208,-23.691089472265915,0.8076923076923077,0.0,0.33135484849621216,74.0,0.3333333333333333,,,,,
reversal,KZT,4,2024-12…2025-05,WINDOW_CLOSING,slow,45,50.0,21,21,0.09523809523809523,0.32201914708442125,0.2957528957528957,0.0,0.7393822393822393,0.09523809523809523,0.32201914708442125,0.2957528957528957,-72.47975837747923,-50.14731832604938,-22.33244005142985,-64.59592648582375,16.7718397225011,-114.74324481187314,-33.37547860354828,-124.17498126896459,-24.24297409303599,-11.562490130279208,-23.691089472265915,0.8076923076923077,0.0,0.33135484849621216,74.0,0.3333333333333333,,,,,
reversal,KZT,4,2024-12…2025-05,WINDOW_CLOSING,slow,180,0.0,21,21,0.19047619047619047,0.12967798085291557,1.4688398849472675,0.36720997123681687,2.937679769894535,0.19047619047619047,0.12967798085291557,1.4688398849472675,-191.0055156999274,-171.9050730215383,-19.1004426783891,-97.48663849725446,51.477887644014075,-269.39171151879276,-120.42718537752422,-263.7859517086473,-72.23078316873088,36.9947045553211,-23.691089472265915,0.8076923076923077,0.0,0.33135484849621216,74.0,0.3333333333333333,,,,,
reversal,KZT,4,2024-12…2025-05,WINDOW_CLOSING,slow,180,10.0,21,21,0.19047619047619047,0.12967798085291557,1.4688398849472675,0.36720997123681687,2.937679769894535,0.19047619047619047,0.12967798085291557,1.4688398849472675,-191.0055156999274,-171.9050730215383,-19.1004426783891,-97.48663849725446,51.477887644014075,-269.39171151879276,-120.42718537752422,-263.7859517086473,-72.23078316873088,36.9947045553211,-23.691089472265915,0.8076923076923077,0.0,0.33135484849621216,74.0,0.3333333333333333,,,,,
reversal,KZT,4,2024-12…2025-05,WINDOW_CLOSING,slow,180,25.0,21,21,0.19047619047619047,0.12967798085291557,1.4688398849472675,0.36720997123681687,2.937679769894535,0.19047619047619047,0.12967798085291557,1.4688398849472675,-191.0055156999274,-171.9050730215383,-19.1004426783891,-97.48663849725446,51.477887644014075,-269.39171151879276,-120.42718537752422,-263.7859517086473,-72.23078316873088,36.9947045553211,-23.691089472265915,0.8076923076923077,0.0,0.33135484849621216,74.0,0.3333333333333333,0.0,0.06707946336429309,16.0,0.0,-44.79786694939031
reversal,KZT,4,2024-12…2025-05,WINDOW_CLOSING,slow,180,50.0,21,21,0.19047619047619047,0.12967798085291557,1.4688398849472675,0.36720997123681687,2.937679769894535,0.19047619047619047,0.12967798085291557,1.4688398849472675,-191.0055156999274,-171.9050730215383,-19.1004426783891,-97.48663849725446,51.477887644014075,-269.39171151879276,-120.42718537752422,-263.7859517086473,-72.23078316873088,36.9947045553211,-23.691089472265915,0.8076923076923077,0.0,0.33135484849621216,74.0,0.3333333333333333,,,,,
dip_vs_trend,KZT,4,2024-12…2025-05,BUY_NOW,medium,1,0.0,22,22,0.6363636363636364,0.5378590078328982,1.1831421006178287,0.7605913503971756,1.5211827007943513,0.6363636363636364,0.5378590078328982,1.1831421006178287,33.55543860622539,-2.1871984158896045,35.74263702211499,-11.234705353389318,94.63011983916013,-13.421903769278922,92.44292142327052,-6.267204370063687,63.83945015398774,60.03555285252642,51.112510275841395,0.8461538461538461,0.0,1.121167589152908,36.0,0.0,,,,,
dip_vs_trend,KZT,4,2024-12…2025-05,BUY_NOW,medium,1,10.0,22,22,0.6818181818181818,0.6266318537859008,1.0880681818181817,0.7979166666666666,1.378219696969697,0.6818181818181818,0.6266318537859008,1.0880681818181817,33.55543860622539,-2.1871984158896045,35.74263702211499,-11.234705353389318,94.63011983916013,-13.421903769278922,92.44292142327052,-6.267204370063687,63.83945015398774,60.03555285252642,51.112510275841395,0.8461538461538461,0.0,1.121167589152908,36.0,0.0,,,,,
dip_vs_trend,KZT,4,2024-12…2025-05,BUY_NOW,medium,1,25.0,22,22,0.6818181818181818,0.6988685813751088,0.9756028529378467,0.7154420921544209,1.2357636137212726,0.6818181818181818,0.6988685813751088,0.9756028529378467,33.55543860622539,-2.1871984158896045,35.74263702211499,-11.234705353389318,94.63011983916013,-13.421903769278922,92.44292142327052,-6.267204370063687,63.83945015398774,60.03555285252642,51.112510275841395,0.8461538461538461,0.0,1.121167589152908,36.0,0.0,,,,,
dip_vs_trend,KZT,4,2024-12…2025-05,BUY_NOW,medium,1,50.0,22,22,0.8636363636363636,0.8006962576153177,1.0786067193675888,0.8515316205533596,1.2489130434782607,0.8636363636363636,0.8006962576153177,1.0786067193675888,33.55543860622539,-2.1871984158896045,35.74263702211499,-11.234705353389318,94.63011983916013,-13.421903769278922,92.44292142327052,-6.267204370063687,63.83945015398774,60.03555285252642,51.112510275841395,0.8461538461538461,0.0,1.121167589152908,36.0,0.0,,,,,
dip_vs_trend,KZT,4,2024-12…2025-05,BUY_NOW,medium,4,0.0,22,22,0.36363636363636365,0.2515230635335074,1.44573765335011,0.722868826675055,2.168606480025165,0.6363636363636364,0.4595300261096606,1.3848140495867767,37.0358043548117,-5.6394474267359325,42.67525178154764,-3.037550409507501,101.27381587997789,-8.676997836243434,95.63436845324196,-10.88769750029409,77.21717689927416,63.0294710025772,51.112510275841395,0.8461538461538461,0.0,1.121167589152908,36.0,0.0,,,,,
dip_vs_trend,KZT,4,2024-12…2025-05,BUY_NOW,medium,4,10.0,22,22,0.45454545454545453,0.3063533507397737,1.483729338842975,0.890237603305785,2.0772210743801653,0.6818181818181818,0.5178416013925152,1.316653934300993,37.0358043548117,-5.6394474267359325,42.67525178154764,-3.037550409507501,101.27381587997789,-8.676997836243434,95.63436845324196,-10.88769750029409,77.21717689927416,63.0294710025772,51.112510275841395,0.8461538461538461,0.0,1.121167589152908,36.0,0.0,,,,,
dip_vs_trend,KZT,4,2024-12…2025-05,BUY_NOW,medium,4,25.0,22,22,0.5,0.3698868581375109,1.351764705882353,0.7373262032085561,1.9662032085561498,0.8181818181818182,0.6414273281114012,1.275564327124707,37.0358043548117,-5.6394474267359325,42.67525178154764,-3.037550409507501,101.27381587997789,-8.676997836243434,95.63436845324196,-10.88769750029409,77.21717689927416,63.0294710025772,51.112510275841395,0.8461538461538461,0.0,1.121167589152908,36.0,0.0,,,,,
dip_vs_trend,KZT,4,2024-12…2025-05,BUY_NOW,medium,4,50.0,22,22,0.6363636363636364,0.5021758050478677,1.2672128564676224,0.905152040334016,1.629273672601229,0.8636363636363636,0.7806788511749347,1.1062633019154757,37.0358043548117,-5.6394474267359325,42.67525178154764,-3.037550409507501,101.27381587997789,-8.676997836243434,95.63436845324196,-10.88769750029409,77.21717689927416,63.0294710025772,51.112510275841395,0.8461538461538461,0.0,1.121167589152908,36.0,0.0,,,,,
dip_vs_trend,KZT,4,2024-12…2025-05,BUY_NOW,medium,9,0.0,22,22,0.22727272727272727,0.1279373368146214,1.7764378478664191,0.7105751391465678,3.197588126159555,0.5909090909090909,0.4212358572671889,1.4027986476333585,44.70352232687749,-11.38955484023742,56.09307716711491,5.593418714541381,120.13848299474915,-5.796136125696038,108.74892815451173,-4.593803986159716,94.49805457571426,70.30993815186393,51.112510275841395,0.8461538461538461,0.0,1.121167589152908,36.0,0.0,,,,,
dip_vs_trend,KZT,4,2024-12…2025-05,BUY_NOW,medium,9,10.0,22,22,0.2727272727272727,0.16449086161879894,1.658008658008658,0.5526695526695528,2.763347763347763,0.6363636363636364,0.48912097476066146,1.3010352636687155,44.70352232687749,-11.38955484023742,56.09307716711491,5.593418714541381,120.13848299474915,-5.796136125696038,108.74892815451173,-4.593803986159716,94.49805457571426,70.30993815186393,51.112510275841395,0.8461538461538461,0.0,1.121167589152908,36.0,0.0,,,,,
dip_vs_trend,KZT,4,2024-12…2025-05,BUY_NOW,medium,9,25.0,22,22,0.3181818181818182,0.2071366405570061,1.536096256684492,0.6583269671504965,2.4138655462184873,0.7727272727272727,0.5892080069625761,1.311467705116154,44.70352232687749,-11.38955484023742,56.09307716711491,5.593418714541381,120.13848299474915,-5.796136125696038,108.74892815451173,-4.593803986159716,94.49805457571426,70.30993815186393,51.112510275841395,0.8461538461538461,0.0,1.121167589152908,36.0,0.0,,,,,
dip_vs_trend,KZT,4,2024-12…2025-05,BUY_NOW,medium,9,50.0,22,22,0.4090909090909091,0.30548302872062666,1.3391608391608392,0.7439782439782439,2.083139083139083,0.8636363636363636,0.7345517841601392,1.1757324429125378,44.70352232687749,-11.38955484023742,56.09307716711491,5.593418714541381,120.13848299474915,-5.796136125696038,108.74892815451173,-4.593803986159716,94.49805457571426,70.30993815186393,51.112510275841395,0.8461538461538461,0.0,1.121167589152908,36.0,0.0,,,,,
dip_vs_trend,KZT,4,2024-12…2025-05,BUY_NOW,medium,45,0.0,22,22,0.09090909090909091,0.025239338555265448,3.6018808777429467,0.0,9.004702194357366,0.4090909090909091,0.31505657093124456,1.2984681064791563,-7.57550924505155,-50.14731832604938,42.57180908099783,-12.711360109944849,102.40649541643148,-62.85867843599423,52.259177090382096,-37.575645637832615,46.50803281334859,86.84478969317753,51.112510275841395,0.8461538461538461,0.0,1.121167589152908,36.0,0.0,,,,,
dip_vs_trend,KZT,4,2024-12…2025-05,BUY_NOW,medium,45,10.0,22,22,0.09090909090909091,0.03568320278503046,2.5476718403547673,0.0,6.369179600886918,0.5,0.36901653611836377,1.3549528301886793,-7.57550924505155,-50.14731832604938,42.57180908099783,-12.711360109944849,102.40649541643148,-62.85867843599423,52.259177090382096,-37.575645637832615,46.50803281334859,86.84478969317753,51.112510275841395,0.8461538461538461,0.0,1.121167589152908,36.0,0.0,,,,,
dip_vs_trend,KZT,4,2024-12…2025-05,BUY_NOW,medium,45,25.0,22,22,0.09090909090909091,0.04351610095735422,2.0890909090909093,0.0,5.222727272727273,0.5909090909090909,0.43255004351610093,1.366105725260655,-7.57550924505155,-50.14731832604938,42.57180908099783,-12.711360109944849,102.40649541643148,-62.85867843599423,52.259177090382096,-37.575645637832615,46.50803281334859,86.84478969317753,51.112510275841395,0.8461538461538461,0.0,1.121167589152908,36.0,0.0,,,,,
dip_vs_trend,KZT,4,2024-12…2025-05,BUY_NOW,medium,45,50.0,22,22,0.13636363636363635,0.08093994778067885,1.6847507331378297,0.0,3.93108504398827,0.6818181818181818,0.5543951261966927,1.2298415869844441,-7.57550924505155,-50.14731832604938,42.57180908099783,-12.711360109944849,102.40649541643148,-62.85867843599423,52.259177090382096,-37.575645637832615,46.50803281334859,86.84478969317753,51.112510275841395,0.8461538461538461,0.0,1.121167589152908,36.0,0.0,,,,,
dip_vs_trend,KZT,4,2024-12…2025-05,BUY_NOW,medium,180,0.0,22,22,0.045454545454545456,0.0034812880765883376,13.056818181818183,0.0,39.17045454545455,0.2727272727272727,0.16623150565709313,1.6406473108043786,-105.79871722190805,-171.9050730215383,66.10635579963025,4.403142412273411,125.81676363674791,-167.5019306092649,-46.0883093847904,-145.10007314784386,-33.06708639683688,153.28947440499465,51.112510275841395,0.8461538461538461,0.0,1.121167589152908,36.0,0.0,,,,,
dip_vs_trend,KZT,4,2024-12…2025-05,BUY_NOW,medium,180,10.0,22,22,0.045454545454545456,0.004351610095735422,10.445454545454547,0.0,31.336363636363636,0.2727272727272727,0.19321148825065274,1.4115479115479115,-105.79871722190805,-171.9050730215383,66.10635579963025,4.403142412273411,125.81676363674791,-167.5019306092649,-46.0883093847904,-145.10007314784386,-33.06708639683688,153.28947440499465,51.112510275841395,0.8461538461538461,0.0,1.121167589152908,36.0,0.0,,,,,
dip_vs_trend,KZT,4,2024-12…2025-05,BUY_NOW,medium,180,25.0,22,22,0.045454545454545456,0.005221932114882507,8.704545454545455,0.0,26.11363636363636,0.2727272727272727,0.2288946910356832,1.191496716211545,-105.79871722190805,-171.9050730215383,66.10635579963025,4.403142412273411,125.81676363674791,-167.5019306092649,-46.0883093847904,-145.10007314784386,-33.06708639683688,153.28947440499465,51.112510275841395,0.8461538461538461,0.0,1.121167589152908,36.0,0.0,0.23809523809523808,0.1434468524251806,21.0,1.6598150051387461,84.61363163888663
dip_vs_trend,KZT,4,2024-12…2025-05,BUY_NOW,medium,180,50.0,22,22,0.045454545454545456,0.009573542210617928,4.747933884297521,0.0,14.24380165289256,0.4090909090909091,0.2959094865100087,1.3824866310160429,-105.79871722190805,-171.9050730215383,66.10635579963025,4.403142412273411,125.81676363674791,-167.5019306092649,-46.0883093847904,-145.10007314784386,-33.06708639683688,153.28947440499465,51.112510275841395,0.8461538461538461,0.0,1.121167589152908,36.0,0.0,,,,,
momentum,KZT,5,2025-06…2025-11,BUY_NOW,fast,1,0.0,34,34,0.7352941176470589,0.5546666666666666,1.3256504524886878,1.0605203619909502,1.5907805429864255,0.7352941176470589,0.5546666666666666,1.3256504524886878,18.69068888315287,0.005658518533929408,18.68503036461894,1.263898349855607,36.731136650871846,1.2695568683895364,36.736795169405774,4.821387116132862,34.362414784676325,38.2663209325446,41.81992309559783,1.3005464480874318,0.0,0.1655761792026649,7.0,0.0,,,,,
momentum,KZT,5,2025-06…2025-11,BUY_NOW,fast,1,10.0,34,34,0.8529411764705882,0.6506666666666666,1.3108727097396335,1.1300626808100291,1.4916827386692384,0.8529411764705882,0.6506666666666666,1.3108727097396335,18.69068888315287,0.005658518533929408,18.68503036461894,1.263898349855607,36.731136650871846,1.2695568683895364,36.736795169405774,4.821387116132862,34.362414784676325,38.2663209325446,41.81992309559783,1.3005464480874318,0.0,0.1655761792026649,7.0,0.0,,,,,
momentum,KZT,5,2025-06…2025-11,BUY_NOW,fast,1,25.0,34,34,0.9117647058823529,0.7004444444444444,1.3016945356822933,1.175724096745297,1.4276649746192893,0.9117647058823529,0.7004444444444444,1.3016945356822933,18.69068888315287,0.005658518533929408,18.68503036461894,1.263898349855607,36.731136650871846,1.2695568683895364,36.736795169405774,4.821387116132862,34.362414784676325,38.2663209325446,41.81992309559783,1.3005464480874318,0.0,0.1655761792026649,7.0,0.0,,,,,
momentum,KZT,5,2025-06…2025-11,BUY_NOW,fast,1,50.0,34,34,0.9411764705882353,0.7653333333333333,1.2297601967616314,1.1144701783152284,1.3066202090592336,0.9411764705882353,0.7653333333333333,1.2297601967616314,18.69068888315287,0.005658518533929408,18.68503036461894,1.263898349855607,36.731136650871846,1.2695568683895364,36.736795169405774,4.821387116132862,34.362414784676325,38.2663209325446,41.81992309559783,1.3005464480874318,0.0,0.1655761792026649,7.0,0.0,,,,,
momentum,KZT,5,2025-06…2025-11,BUY_NOW,fast,4,0.0,34,34,0.4411764705882353,0.296,1.4904610492845787,0.8942766295707473,2.08664546899841,0.7352941176470589,0.4702222222222222,1.5637162237295676,22.32034825876188,-0.3403121625466073,22.660660421308485,8.232290000712906,37.24230013755364,7.891977838166299,36.90198797500703,9.054778674286817,34.08644341394872,38.3365829385578,41.81992309559783,1.3005464480874318,0.0,0.1655761792026649,7.0,0.0,,,,,
momentum,KZT,5,2025-06…2025-11,BUY_NOW,fast,4,10.0,34,34,0.5882352941176471,0.3466666666666667,1.6968325791855203,1.1877828054298643,2.205882352941176,0.7352941176470589,0.5386666666666666,1.3650262085032034,22.32034825876188,-0.3403121625466073,22.660660421308485,8.232290000712906,37.24230013755364,7.891977838166299,36.90198797500703,9.054778674286817,34.08644341394872,38.3365829385578,41.81992309559783,1.3005464480874318,0.0,0.1655761792026649,7.0,0.0,,,,,
momentum,KZT,5,2025-06…2025-11,BUY_NOW,fast,4,25.0,34,34,0.6470588235294118,0.40444444444444444,1.5998707175177764,1.2362637362637363,1.9634776987718163,0.8529411764705882,0.6542222222222223,1.3037484015345266,22.32034825876188,-0.3403121625466073,22.660660421308485,8.232290000712906,37.24230013755364,7.891977838166299,36.90198797500703,9.054778674286817,34.08644341394872,38.3365829385578,41.81992309559783,1.3005464480874318,0.0,0.1655761792026649,7.0,0.0,,,,,
momentum,KZT,5,2025-06…2025-11,BUY_NOW,fast,4,50.0,34,34,0.7352941176470589,0.5128888888888888,1.4336323784279745,1.1469059027423796,1.7203588541135693,0.9411764705882353,0.7911111111111111,1.1896893588896233,22.32034825876188,-0.3403121625466073,22.660660421308485,8.232290000712906,37.24230013755364,7.891977838166299,36.90198797500703,9.054778674286817,34.08644341394872,38.3365829385578,41.81992309559783,1.3005464480874318,0.0,0.1655761792026649,7.0,0.0,,,,,
momentum,KZT,5,2025-06…2025-11,BUY_NOW,fast,9,0.0,34,34,0.23529411764705882,0.184,1.278772378516624,0.47953964194373405,2.078005115089514,0.6470588235294118,0.4871111111111111,1.328359811077716,32.28444125913084,-1.078797886467722,33.363239145598556,15.380884971180095,50.33352908246112,14.302087084712372,49.2547311959934,18.91677604793755,45.442131675185415,35.67917146280514,41.81992309559783,1.3005464480874318,0.0,0.1655761792026649,7.0,0.0,,,,,
momentum,KZT,5,2025-06…2025-11,BUY_NOW,fast,9,10.0,34,34,0.38235294117647056,0.2222222222222222,1.7205882352941175,0.9264705882352942,2.5147058823529416,0.7352941176470589,0.5351111111111111,1.3740961500879423,32.28444125913084,-1.078797886467722,33.363239145598556,15.380884971180095,50.33352908246112,14.302087084712372,49.2547311959934,18.91677604793755,45.442131675185415,35.67917146280514,41.81992309559783,1.3005464480874318,0.0,0.1655761792026649,7.0,0.0,,,,,
momentum,KZT,5,2025-06…2025-11,BUY_NOW,fast,9,25.0,34,34,0.5294117647058824,0.26844444444444443,1.9721464744838333,1.3147643163225557,2.6295286326451115,0.8235294117647058,0.6391111111111111,1.288554364722245,32.28444125913084,-1.078797886467722,33.363239145598556,15.380884971180095,50.33352908246112,14.302087084712372,49.2547311959934,18.91677604793755,45.442131675185415,35.67917146280514,41.81992309559783,1.3005464480874318,0.0,0.1655761792026649,7.0,0.0,,,,,
momentum,KZT,5,2025-06…2025-11,BUY_NOW,fast,9,50.0,34,34,0.5882352941176471,0.3768888888888889,1.5607658157602664,1.0925360710321865,1.9509572697003332,0.9117647058823529,0.76,1.19969040247678,32.28444125913084,-1.078797886467722,33.363239145598556,15.380884971180095,50.33352908246112,14.302087084712372,49.2547311959934,18.91677604793755,45.442131675185415,35.67917146280514,41.81992309559783,1.3005464480874318,0.0,0.1655761792026649,7.0,0.0,,,,,
momentum,KZT,5,2025-06…2025-11,BUY_NOW,fast,45,0.0,34,34,0.11764705882352941,0.08266666666666667,1.4231499051233396,0.3557874762808349,2.846299810246679,0.5588235294117647,0.47555555555555556,1.175096206706982,19.159463775696995,-8.16541418829902,27.324877963996016,-11.101551145289386,66.33125751859293,-19.266965333588406,58.16584333029391,-11.766826380980183,49.282794280774596,30.994709392083323,41.81992309559783,1.3005464480874318,0.0,0.1655761792026649,7.0,0.0,,,,,
momentum,KZT,5,2025-06…2025-11,BUY_NOW,fast,45,10.0,34,34,0.14705882352941177,0.0951111111111111,1.546179219351292,0.3092358438702584,2.7831225948323257,0.5588235294117647,0.5031111111111111,1.110735813760133,19.159463775696995,-8.16541418829902,27.324877963996016,-11.101551145289386,66.33125751859293,-19.266965333588406,58.16584333029391,-11.766826380980183,49.282794280774596,30.994709392083323,41.81992309559783,1.3005464480874318,0.0,0.1655761792026649,7.0,0.0,,,,,
momentum,KZT,5,2025-06…2025-11,BUY_NOW,fast,45,25.0,34,34,0.17647058823529413,0.11555555555555555,1.5271493212669685,0.5090497737556561,2.799773755656109,0.5882352941176471,0.5573333333333333,1.0554461018857304,19.159463775696995,-8.16541418829902,27.324877963996016,-11.101551145289386,66.33125751859293,-19.266965333588406,58.16584333029391,-11.766826380980183,49.282794280774596,30.994709392083323,41.81992309559783,1.3005464480874318,0.0,0.1655761792026649,7.0,0.0,,,,,
momentum,KZT,5,2025-06…2025-11,BUY_NOW,fast,45,50.0,34,34,0.2647058823529412,0.1831111111111111,1.4456025128498,0.6424900057110222,2.2487150199885777,0.7352941176470589,0.6346666666666667,1.1585516559565003,19.159463775696995,-8.16541418829902,27.324877963996016,-11.101551145289386,66.33125751859293,-19.266965333588406,58.16584333029391,-11.766826380980183,49.282794280774596,30.994709392083323,41.81992309559783,1.3005464480874318,0.0,0.1655761792026649,7.0,0.0,,,,,
momentum,KZT,5,2025-06…2025-11,BUY_NOW,fast,180,0.0,34,34,0.08823529411764706,0.044444444444444446,1.9852941176470589,0.0,4.63235294117647,0.47058823529411764,0.4613333333333333,1.0200612036722203,-21.240092329413258,-38.124279454022144,16.884187124608886,-60.8587145651171,88.57372665840933,-98.98299401913924,50.44944720438719,-150.43578501182395,88.66669158712746,29.671294730322956,41.81992309559783,1.3005464480874318,0.0,0.1655761792026649,7.0,0.0,,,,,
momentum,KZT,5,2025-06…2025-11,BUY_NOW,fast,180,10.0,34,34,0.11764705882352941,0.05511111111111111,2.1347248576850095,0.5336812144212524,4.269449715370019,0.47058823529411764,0.4702222222222222,1.0007783831869232,-21.240092329413258,-38.124279454022144,16.884187124608886,-60.8587145651171,88.57372665840933,-98.98299401913924,50.44944720438719,-150.43578501182395,88.66669158712746,29.671294730322956,41.81992309559783,1.3005464480874318,0.0,0.1655761792026649,7.0,0.0,,,,,
momentum,KZT,5,2025-06…2025-11,BUY_NOW,fast,180,25.0,34,34,0.11764705882352941,0.072,1.6339869281045754,0.40849673202614384,3.2679738562091507,0.47058823529411764,0.488,0.9643201542912246,-21.240092329413258,-38.124279454022144,16.884187124608886,-60.8587145651171,88.57372665840933,-98.98299401913924,50.44944720438719,-150.43578501182395,88.66669158712746,29.671294730322956,41.81992309559783,1.3005464480874318,0.0,0.1655761792026649,7.0,0.0,0.4482758620689655,0.4624338624338624,29.0,0.9693837291880376,15.476455114818478
momentum,KZT,5,2025-06…2025-11,BUY_NOW,fast,180,50.0,34,34,0.20588235294117646,0.11911111111111111,1.7284899034240562,0.7407813871817384,2.9631255487269534,0.5294117647058824,0.5164444444444445,1.0251088387162093,-21.240092329413258,-38.124279454022144,16.884187124608886,-60.8587145651171,88.57372665840933,-98.98299401913924,50.44944720438719,-150.43578501182395,88.66669158712746,29.671294730322956,41.81992309559783,1.3005464480874318,0.0,0.1655761792026649,7.0,0.0,,,,,
level,KZT,5,2025-06…2025-11,BUY_NOW,medium,1,0.0,25,25,0.52,0.5546666666666666,0.9375000000000001,0.576923076923077,1.2980769230769231,0.52,0.5546666666666666,0.9375000000000001,12.787966783377591,0.005658518533929408,12.782308264843662,-9.944599002922743,37.53641498134503,-9.938940484388814,37.54207349987896,-7.558669918737192,34.90252748681986,10.362993402409026,-4.042158851662676,0.9562841530054645,0.0,0.0,9.0,0.0,,,,,
level,KZT,5,2025-06…2025-11,BUY_NOW,medium,1,10.0,25,25,0.76,0.6506666666666666,1.168032786885246,0.9221311475409837,1.4139344262295084,0.76,0.6506666666666666,1.168032786885246,12.787966783377591,0.005658518533929408,12.782308264843662,-9.944599002922743,37.53641498134503,-9.938940484388814,37.54207349987896,-7.558669918737192,34.90252748681986,10.362993402409026,-4.042158851662676,0.9562841530054645,0.0,0.0,9.0,0.0,,,,,
level,KZT,5,2025-06…2025-11,BUY_NOW,medium,1,25.0,25,25,0.76,0.7004444444444444,1.08502538071066,0.8565989847715736,1.3134517766497462,0.76,0.7004444444444444,1.08502538071066,12.787966783377591,0.005658518533929408,12.782308264843662,-9.944599002922743,37.53641498134503,-9.938940484388814,37.54207349987896,-7.558669918737192,34.90252748681986,10.362993402409026,-4.042158851662676,0.9562841530054645,0.0,0.0,9.0,0.0,,,,,
level,KZT,5,2025-06…2025-11,BUY_NOW,medium,1,50.0,25,25,0.84,0.7653333333333333,1.0975609756097562,0.8885017421602789,1.254355400696864,0.84,0.7653333333333333,1.0975609756097562,12.787966783377591,0.005658518533929408,12.782308264843662,-9.944599002922743,37.53641498134503,-9.938940484388814,37.54207349987896,-7.558669918737192,34.90252748681986,10.362993402409026,-4.042158851662676,0.9562841530054645,0.0,0.0,9.0,0.0,,,,,
level,KZT,5,2025-06…2025-11,BUY_NOW,medium,4,0.0,25,25,0.24,0.296,0.8108108108108109,0.2702702702702703,1.3513513513513515,0.48,0.4702222222222222,1.0207939508506616,-9.276197545609532,-0.3403121625466073,-8.935885383062924,-28.775985870601634,10.508179844456611,-29.11629803314824,10.167867681910003,-18.9513046588059,3.8309367730476893,-0.08721140708112272,-4.042158851662676,0.9562841530054645,0.0,0.0,9.0,0.0,,,,,
level,KZT,5,2025-06…2025-11,BUY_NOW,medium,4,10.0,25,25,0.32,0.3466666666666667,0.923076923076923,0.4615384615384615,1.5,0.48,0.5386666666666666,0.8910891089108911,-9.276197545609532,-0.3403121625466073,-8.935885383062924,-28.775985870601634,10.508179844456611,-29.11629803314824,10.167867681910003,-18.9513046588059,3.8309367730476893,-0.08721140708112272,-4.042158851662676,0.9562841530054645,0.0,0.0,9.0,0.0,,,,,
level,KZT,5,2025-06…2025-11,BUY_NOW,medium,4,25.0,25,25,0.36,0.40444444444444444,0.8901098901098901,0.39560439560439564,1.2857142857142858,0.6,0.6542222222222223,0.9171195652173912,-9.276197545609532,-0.3403121625466073,-8.935885383062924,-28.775985870601634,10.508179844456611,-29.11629803314824,10.167867681910003,-18.9513046588059,3.8309367730476893,-0.08721140708112272,-4.042158851662676,0.9562841530054645,0.0,0.0,9.0,0.0,,,,,
level,KZT,5,2025-06…2025-11,BUY_NOW,medium,4,50.0,25,25,0.44,0.5128888888888888,0.8578856152512999,0.46793760831889086,1.247833622183709,0.8,0.7911111111111111,1.0112359550561798,-9.276197545609532,-0.3403121625466073,-8.935885383062924,-28.775985870601634,10.508179844456611,-29.11629803314824,10.167867681910003,-18.9513046588059,3.8309367730476893,-0.08721140708112272,-4.042158851662676,0.9562841530054645,0.0,0.0,9.0,0.0,,,,,
level,KZT,5,2025-06…2025-11,BUY_NOW,medium,9,0.0,25,25,0.04,0.184,0.2173913043478261,0.0,0.6521739130434783,0.48,0.4871111111111111,0.9854014598540146,-4.870459890481581,-1.078797886467722,-3.791662004013859,-22.58674864800902,14.39649686398452,-23.665546534476743,13.317698977516798,-13.91505468492542,3.962732531951316,0.7339346557696311,-4.042158851662676,0.9562841530054645,0.0,0.0,9.0,0.0,,,,,
level,KZT,5,2025-06…2025-11,BUY_NOW,medium,9,10.0,25,25,0.08,0.2222222222222222,0.36000000000000004,0.0,0.9000000000000001,0.48,0.5351111111111111,0.8970099667774086,-4.870459890481581,-1.078797886467722,-3.791662004013859,-22.58674864800902,14.39649686398452,-23.665546534476743,13.317698977516798,-13.91505468492542,3.962732531951316,0.7339346557696311,-4.042158851662676,0.9562841530054645,0.0,0.0,9.0,0.0,,,,,
level,KZT,5,2025-06…2025-11,BUY_NOW,medium,9,25.0,25,25,0.16,0.26844444444444443,0.5960264900662252,0.1490066225165563,1.1920529801324504,0.68,0.6391111111111111,1.0639777468706537,-4.870459890481581,-1.078797886467722,-3.791662004013859,-22.58674864800902,14.39649686398452,-23.665546534476743,13.317698977516798,-13.91505468492542,3.962732531951316,0.7339346557696311,-4.042158851662676,0.9562841530054645,0.0,0.0,9.0,0.0,,,,,
level,KZT,5,2025-06…2025-11,BUY_NOW,medium,9,50.0,25,25,0.28,0.3768888888888889,0.7429245283018868,0.31839622641509435,1.2735849056603774,0.84,0.76,1.1052631578947367,-4.870459890481581,-1.078797886467722,-3.791662004013859,-22.58674864800902,14.39649686398452,-23.665546534476743,13.317698977516798,-13.91505468492542,3.962732531951316,0.7339346557696311,-4.042158851662676,0.9562841530054645,0.0,0.0,9.0,0.0,,,,,
level,KZT,5,2025-06…2025-11,BUY_NOW,medium,45,0.0,25,25,0.0,0.08266666666666667,0.0,0.0,0.0,0.48,0.47555555555555556,1.0093457943925233,-6.2632563371682455,-8.16541418829902,1.9021578511307737,-39.882755039450394,48.691405882578806,-48.04816922774941,40.52599169427979,-39.22129438300623,20.965290571974144,3.6049772356864445,-4.042158851662676,0.9562841530054645,0.0,0.0,9.0,0.0,,,,,
level,KZT,5,2025-06…2025-11,BUY_NOW,medium,45,10.0,25,25,0.0,0.0951111111111111,0.0,0.0,0.0,0.56,0.5031111111111111,1.1130742049469966,-6.2632563371682455,-8.16541418829902,1.9021578511307737,-39.882755039450394,48.691405882578806,-48.04816922774941,40.52599169427979,-39.22129438300623,20.965290571974144,3.6049772356864445,-4.042158851662676,0.9562841530054645,0.0,0.0,9.0,0.0,,,,,
level,KZT,5,2025-06…2025-11,BUY_NOW,medium,45,25.0,25,25,0.0,0.11555555555555555,0.0,0.0,0.0,0.6,0.5573333333333333,1.076555023923445,-6.2632563371682455,-8.16541418829902,1.9021578511307737,-39.882755039450394,48.691405882578806,-48.04816922774941,40.52599169427979,-39.22129438300623,20.965290571974144,3.6049772356864445,-4.042158851662676,0.9562841530054645,0.0,0.0,9.0,0.0,,,,,
level,KZT,5,2025-06…2025-11,BUY_NOW,medium,45,50.0,25,25,0.08,0.1831111111111111,0.4368932038834952,0.0,1.0922330097087378,0.72,0.6346666666666667,1.134453781512605,-6.2632563371682455,-8.16541418829902,1.9021578511307737,-39.882755039450394,48.691405882578806,-48.04816922774941,40.52599169427979,-39.22129438300623,20.965290571974144,3.6049772356864445,-4.042158851662676,0.9562841530054645,0.0,0.0,9.0,0.0,,,,,
level,KZT,5,2025-06…2025-11,BUY_NOW,medium,180,0.0,25,25,0.0,0.044444444444444446,0.0,0.0,0.0,0.48,0.4613333333333333,1.0404624277456647,-36.25675768930398,-38.124279454022144,1.8675217647181626,-83.15621185897135,86.52460343072494,-121.28049131299349,48.4003239767028,-180.71763123453374,87.19263923692489,5.560233908819787,-4.042158851662676,0.9562841530054645,0.0,0.0,9.0,0.0,,,,,
level,KZT,5,2025-06…2025-11,BUY_NOW,medium,180,10.0,25,25,0.0,0.05511111111111111,0.0,0.0,0.0,0.48,0.4702222222222222,1.0207939508506616,-36.25675768930398,-38.124279454022144,1.8675217647181626,-83.15621185897135,86.52460343072494,-121.28049131299349,48.4003239767028,-180.71763123453374,87.19263923692489,5.560233908819787,-4.042158851662676,0.9562841530054645,0.0,0.0,9.0,0.0,,,,,
level,KZT,5,2025-06…2025-11,BUY_NOW,medium,180,25.0,25,25,0.0,0.072,0.0,0.0,0.0,0.48,0.488,0.9836065573770492,-36.25675768930398,-38.124279454022144,1.8675217647181626,-83.15621185897135,86.52460343072494,-121.28049131299349,48.4003239767028,-180.71763123453374,87.19263923692489,5.560233908819787,-4.042158851662676,0.9562841530054645,0.0,0.0,9.0,0.0,0.47619047619047616,0.4624338624338624,21.0,1.0297482837528604,6.601534588416193
level,KZT,5,2025-06…2025-11,BUY_NOW,medium,180,50.0,25,25,0.08,0.11911111111111111,0.6716417910447762,0.0,1.6791044776119404,0.52,0.5164444444444445,1.0068846815834767,-36.25675768930398,-38.124279454022144,1.8675217647181626,-83.15621185897135,86.52460343072494,-121.28049131299349,48.4003239767028,-180.71763123453374,87.19263923692489,5.560233908819787,-4.042158851662676,0.9562841530054645,0.0,0.0,9.0,0.0,,,,,
reversal,KZT,5,2025-06…2025-11,WINDOW_CLOSING,slow,1,0.0,14,14,0.5714285714285714,0.5546666666666666,1.0302197802197801,0.5151098901098901,1.4165521978021978,0.5714285714285714,0.5546666666666666,1.0302197802197801,-4.895841842107136,0.005658518533929408,-4.901500360641065,-63.24493969142022,48.830394251194534,-63.239281172886294,48.83605276972846,-33.24971125856835,38.225121470326194,-11.086389615777176,26.916677613556697,0.5355191256830601,0.0,1.2826842668314293,69.0,0.16666666666666666,,,,,
reversal,KZT,5,2025-06…2025-11,WINDOW_CLOSING,slow,1,10.0,14,14,0.5714285714285714,0.5546666666666666,1.0302197802197801,0.5151098901098901,1.4165521978021978,0.5714285714285714,0.5546666666666666,1.0302197802197801,-4.895841842107136,0.005658518533929408,-4.901500360641065,-63.24493969142022,48.830394251194534,-63.239281172886294,48.83605276972846,-33.24971125856835,38.225121470326194,-11.086389615777176,26.916677613556697,0.5355191256830601,0.0,1.2826842668314293,69.0,0.16666666666666666,,,,,
reversal,KZT,5,2025-06…2025-11,WINDOW_CLOSING,slow,1,25.0,14,14,0.5714285714285714,0.5546666666666666,1.0302197802197801,0.5151098901098901,1.4165521978021978,0.5714285714285714,0.5546666666666666,1.0302197802197801,-4.895841842107136,0.005658518533929408,-4.901500360641065,-63.24493969142022,48.830394251194534,-63.239281172886294,48.83605276972846,-33.24971125856835,38.225121470326194,-11.086389615777176,26.916677613556697,0.5355191256830601,0.0,1.2826842668314293,69.0,0.16666666666666666,,,,,
reversal,KZT,5,2025-06…2025-11,WINDOW_CLOSING,slow,1,50.0,14,14,0.5714285714285714,0.5546666666666666,1.0302197802197801,0.5151098901098901,1.4165521978021978,0.5714285714285714,0.5546666666666666,1.0302197802197801,-4.895841842107136,0.005658518533929408,-4.901500360641065,-63.24493969142022,48.830394251194534,-63.239281172886294,48.83605276972846,-33.24971125856835,38.225121470326194,-11.086389615777176,26.916677613556697,0.5355191256830601,0.0,1.2826842668314293,69.0,0.16666666666666666,,,,,
reversal,KZT,5,2025-06…2025-11,WINDOW_CLOSING,slow,4,0.0,14,14,0.6428571428571429,0.5022222222222222,1.2800252844500632,0.7111251580278128,1.7067003792667508,0.6428571428571429,0.5022222222222222,1.2800252844500632,8.571945106716614,-0.3403121625466073,8.912257269263222,-39.60908700178837,52.53068469630125,-39.94939916433498,52.19037253375464,-29.45337986924794,58.91931171785196,-4.056507999812039,26.916677613556697,0.5355191256830601,0.0,1.2826842668314293,69.0,0.16666666666666666,,,,,
reversal,KZT,5,2025-06…2025-11,WINDOW_CLOSING,slow,4,10.0,14,14,0.6428571428571429,0.5022222222222222,1.2800252844500632,0.7111251580278128,1.7067003792667508,0.6428571428571429,0.5022222222222222,1.2800252844500632,8.571945106716614,-0.3403121625466073,8.912257269263222,-39.60908700178837,52.53068469630125,-39.94939916433498,52.19037253375464,-29.45337986924794,58.91931171785196,-4.056507999812039,26.916677613556697,0.5355191256830601,0.0,1.2826842668314293,69.0,0.16666666666666666,,,,,
reversal,KZT,5,2025-06…2025-11,WINDOW_CLOSING,slow,4,25.0,14,14,0.6428571428571429,0.5022222222222222,1.2800252844500632,0.7111251580278128,1.7067003792667508,0.6428571428571429,0.5022222222222222,1.2800252844500632,8.571945106716614,-0.3403121625466073,8.912257269263222,-39.60908700178837,52.53068469630125,-39.94939916433498,52.19037253375464,-29.45337986924794,58.91931171785196,-4.056507999812039,26.916677613556697,0.5355191256830601,0.0,1.2826842668314293,69.0,0.16666666666666666,,,,,
reversal,KZT,5,2025-06…2025-11,WINDOW_CLOSING,slow,4,50.0,14,14,0.6428571428571429,0.5022222222222222,1.2800252844500632,0.7111251580278128,1.7067003792667508,0.6428571428571429,0.5022222222222222,1.2800252844500632,8.571945106716614,-0.3403121625466073,8.912257269263222,-39.60908700178837,52.53068469630125,-39.94939916433498,52.19037253375464,-29.45337986924794,58.91931171785196,-4.056507999812039,26.916677613556697,0.5355191256830601,0.0,1.2826842668314293,69.0,0.16666666666666666,,,,,
reversal,KZT,5,2025-06…2025-11,WINDOW_CLOSING,slow,9,0.0,14,14,0.5714285714285714,0.49333333333333335,1.1583011583011582,0.5791505791505791,1.7374517374517373,0.5714285714285714,0.49333333333333335,1.1583011583011582,9.295939164753069,-1.078797886467722,10.37473705122079,-45.98257258858276,59.9055237905459,-47.06137047505048,58.82672590407818,-54.16969295756211,74.10799277127309,5.936308088448994,26.916677613556697,0.5355191256830601,0.0,1.2826842668314293,69.0,0.16666666666666666,,,,,
reversal,KZT,5,2025-06…2025-11,WINDOW_CLOSING,slow,9,10.0,14,14,0.5714285714285714,0.49333333333333335,1.1583011583011582,0.5791505791505791,1.7374517374517373,0.5714285714285714,0.49333333333333335,1.1583011583011582,9.295939164753069,-1.078797886467722,10.37473705122079,-45.98257258858276,59.9055237905459,-47.06137047505048,58.82672590407818,-54.16969295756211,74.10799277127309,5.936308088448994,26.916677613556697,0.5355191256830601,0.0,1.2826842668314293,69.0,0.16666666666666666,,,,,
reversal,KZT,5,2025-06…2025-11,WINDOW_CLOSING,slow,9,25.0,14,14,0.5714285714285714,0.49333333333333335,1.1583011583011582,0.5791505791505791,1.7374517374517373,0.5714285714285714,0.49333333333333335,1.1583011583011582,9.295939164753069,-1.078797886467722,10.37473705122079,-45.98257258858276,59.9055237905459,-47.06137047505048,58.82672590407818,-54.16969295756211,74.10799277127309,5.936308088448994,26.916677613556697,0.5355191256830601,0.0,1.2826842668314293,69.0,0.16666666666666666,,,,,
reversal,KZT,5,2025-06…2025-11,WINDOW_CLOSING,slow,9,50.0,14,14,0.5714285714285714,0.49333333333333335,1.1583011583011582,0.5791505791505791,1.7374517374517373,0.5714285714285714,0.49333333333333335,1.1583011583011582,9.295939164753069,-1.078797886467722,10.37473705122079,-45.98257258858276,59.9055237905459,-47.06137047505048,58.82672590407818,-54.16969295756211,74.10799277127309,5.936308088448994,26.916677613556697,0.5355191256830601,0.0,1.2826842668314293,69.0,0.16666666666666666,,,,,
reversal,KZT,5,2025-06…2025-11,WINDOW_CLOSING,slow,45,0.0,14,14,0.35714285714285715,0.43466666666666665,0.8216476774758984,0.32865907099035935,1.478965819456617,0.35714285714285715,0.43466666666666665,0.8216476774758984,-12.84023562385867,-8.16541418829902,-4.67482143555965,-73.43792364735171,60.45226032251263,-81.60333783565073,52.28684613421361,-62.12103101168632,38.95119959711642,1.5050375477831135,26.916677613556697,0.5355191256830601,0.0,1.2826842668314293,69.0,0.16666666666666666,,,,,
reversal,KZT,5,2025-06…2025-11,WINDOW_CLOSING,slow,45,10.0,14,14,0.35714285714285715,0.43466666666666665,0.8216476774758984,0.32865907099035935,1.478965819456617,0.35714285714285715,0.43466666666666665,0.8216476774758984,-12.84023562385867,-8.16541418829902,-4.67482143555965,-73.43792364735171,60.45226032251263,-81.60333783565073,52.28684613421361,-62.12103101168632,38.95119959711642,1.5050375477831135,26.916677613556697,0.5355191256830601,0.0,1.2826842668314293,69.0,0.16666666666666666,,,,,
reversal,KZT,5,2025-06…2025-11,WINDOW_CLOSING,slow,45,25.0,14,14,0.35714285714285715,0.43466666666666665,0.8216476774758984,0.32865907099035935,1.478965819456617,0.35714285714285715,0.43466666666666665,0.8216476774758984,-12.84023562385867,-8.16541418829902,-4.67482143555965,-73.43792364735171,60.45226032251263,-81.60333783565073,52.28684613421361,-62.12103101168632,38.95119959711642,1.5050375477831135,26.916677613556697,0.5355191256830601,0.0,1.2826842668314293,69.0,0.16666666666666666,,,,,
reversal,KZT,5,2025-06…2025-11,WINDOW_CLOSING,slow,45,50.0,14,14,0.35714285714285715,0.43466666666666665,0.8216476774758984,0.32865907099035935,1.478965819456617,0.35714285714285715,0.43466666666666665,0.8216476774758984,-12.84023562385867,-8.16541418829902,-4.67482143555965,-73.43792364735171,60.45226032251263,-81.60333783565073,52.28684613421361,-62.12103101168632,38.95119959711642,1.5050375477831135,26.916677613556697,0.5355191256830601,0.0,1.2826842668314293,69.0,0.16666666666666666,,,,,
reversal,KZT,5,2025-06…2025-11,WINDOW_CLOSING,slow,180,0.0,14,14,0.7142857142857143,0.5457777777777778,1.3087482550023266,0.9161237785016286,1.7013727315030247,0.7142857142857143,0.5457777777777778,1.3087482550023266,-2.604483363099484,-38.124279454022144,35.51979609092266,-75.88346013102031,139.43880959832796,-114.00773958504246,101.31453014430582,-158.81940764451258,100.85585455517776,51.44294776749768,26.916677613556697,0.5355191256830601,0.0,1.2826842668314293,69.0,0.16666666666666666,,,,,
reversal,KZT,5,2025-06…2025-11,WINDOW_CLOSING,slow,180,10.0,14,14,0.7142857142857143,0.5457777777777778,1.3087482550023266,0.9161237785016286,1.7013727315030247,0.7142857142857143,0.5457777777777778,1.3087482550023266,-2.604483363099484,-38.124279454022144,35.51979609092266,-75.88346013102031,139.43880959832796,-114.00773958504246,101.31453014430582,-158.81940764451258,100.85585455517776,51.44294776749768,26.916677613556697,0.5355191256830601,0.0,1.2826842668314293,69.0,0.16666666666666666,,,,,
reversal,KZT,5,2025-06…2025-11,WINDOW_CLOSING,slow,180,25.0,14,14,0.7142857142857143,0.5457777777777778,1.3087482550023266,0.9161237785016286,1.7013727315030247,0.7142857142857143,0.5457777777777778,1.3087482550023266,-2.604483363099484,-38.124279454022144,35.51979609092266,-75.88346013102031,139.43880959832796,-114.00773958504246,101.31453014430582,-158.81940764451258,100.85585455517776,51.44294776749768,26.916677613556697,0.5355191256830601,0.0,1.2826842668314293,69.0,0.16666666666666666,0.7272727272727273,0.5291005291005291,11.0,1.3745454545454547,62.27473115113303
reversal,KZT,5,2025-06…2025-11,WINDOW_CLOSING,slow,180,50.0,14,14,0.7142857142857143,0.5457777777777778,1.3087482550023266,0.9161237785016286,1.7013727315030247,0.7142857142857143,0.5457777777777778,1.3087482550023266,-2.604483363099484,-38.124279454022144,35.51979609092266,-75.88346013102031,139.43880959832796,-114.00773958504246,101.31453014430582,-158.81940764451258,100.85585455517776,51.44294776749768,26.916677613556697,0.5355191256830601,0.0,1.2826842668314293,69.0,0.16666666666666666,,,,,
dip_vs_trend,KZT,5,2025-06…2025-11,BUY_NOW,medium,1,0.0,0,0,,0.5546666666666666,,,,,0.5546666666666666,,,0.005658518533929408,,,,,,,,,,0.0,,,179.0,1.0,,,,,
dip_vs_trend,KZT,5,2025-06…2025-11,BUY_NOW,medium,1,10.0,0,0,,0.6506666666666666,,,,,0.6506666666666666,,,0.005658518533929408,,,,,,,,,,0.0,,,179.0,1.0,,,,,
dip_vs_trend,KZT,5,2025-06…2025-11,BUY_NOW,medium,1,25.0,0,0,,0.7004444444444444,,,,,0.7004444444444444,,,0.005658518533929408,,,,,,,,,,0.0,,,179.0,1.0,,,,,
dip_vs_trend,KZT,5,2025-06…2025-11,BUY_NOW,medium,1,50.0,0,0,,0.7653333333333333,,,,,0.7653333333333333,,,0.005658518533929408,,,,,,,,,,0.0,,,179.0,1.0,,,,,
dip_vs_trend,KZT,5,2025-06…2025-11,BUY_NOW,medium,4,0.0,0,0,,0.296,,,,,0.4702222222222222,,,-0.3403121625466073,,,,,,,,,,0.0,,,179.0,1.0,,,,,
dip_vs_trend,KZT,5,2025-06…2025-11,BUY_NOW,medium,4,10.0,0,0,,0.3466666666666667,,,,,0.5386666666666666,,,-0.3403121625466073,,,,,,,,,,0.0,,,179.0,1.0,,,,,
dip_vs_trend,KZT,5,2025-06…2025-11,BUY_NOW,medium,4,25.0,0,0,,0.40444444444444444,,,,,0.6542222222222223,,,-0.3403121625466073,,,,,,,,,,0.0,,,179.0,1.0,,,,,
dip_vs_trend,KZT,5,2025-06…2025-11,BUY_NOW,medium,4,50.0,0,0,,0.5128888888888888,,,,,0.7911111111111111,,,-0.3403121625466073,,,,,,,,,,0.0,,,179.0,1.0,,,,,
dip_vs_trend,KZT,5,2025-06…2025-11,BUY_NOW,medium,9,0.0,0,0,,0.184,,,,,0.4871111111111111,,,-1.078797886467722,,,,,,,,,,0.0,,,179.0,1.0,,,,,
dip_vs_trend,KZT,5,2025-06…2025-11,BUY_NOW,medium,9,10.0,0,0,,0.2222222222222222,,,,,0.5351111111111111,,,-1.078797886467722,,,,,,,,,,0.0,,,179.0,1.0,,,,,
dip_vs_trend,KZT,5,2025-06…2025-11,BUY_NOW,medium,9,25.0,0,0,,0.26844444444444443,,,,,0.6391111111111111,,,-1.078797886467722,,,,,,,,,,0.0,,,179.0,1.0,,,,,
dip_vs_trend,KZT,5,2025-06…2025-11,BUY_NOW,medium,9,50.0,0,0,,0.3768888888888889,,,,,0.76,,,-1.078797886467722,,,,,,,,,,0.0,,,179.0,1.0,,,,,
dip_vs_trend,KZT,5,2025-06…2025-11,BUY_NOW,medium,45,0.0,0,0,,0.08266666666666667,,,,,0.47555555555555556,,,-8.16541418829902,,,,,,,,,,0.0,,,179.0,1.0,,,,,
dip_vs_trend,KZT,5,2025-06…2025-11,BUY_NOW,medium,45,10.0,0,0,,0.0951111111111111,,,,,0.5031111111111111,,,-8.16541418829902,,,,,,,,,,0.0,,,179.0,1.0,,,,,
dip_vs_trend,KZT,5,2025-06…2025-11,BUY_NOW,medium,45,25.0,0,0,,0.11555555555555555,,,,,0.5573333333333333,,,-8.16541418829902,,,,,,,,,,0.0,,,179.0,1.0,,,,,
dip_vs_trend,KZT,5,2025-06…2025-11,BUY_NOW,medium,45,50.0,0,0,,0.1831111111111111,,,,,0.6346666666666667,,,-8.16541418829902,,,,,,,,,,0.0,,,179.0,1.0,,,,,
dip_vs_trend,KZT,5,2025-06…2025-11,BUY_NOW,medium,180,0.0,0,0,,0.044444444444444446,,,,,0.4613333333333333,,,-38.124279454022144,,,,,,,,,,0.0,,,179.0,1.0,,,,,
dip_vs_trend,KZT,5,2025-06…2025-11,BUY_NOW,medium,180,10.0,0,0,,0.05511111111111111,,,,,0.4702222222222222,,,-38.124279454022144,,,,,,,,,,0.0,,,179.0,1.0,,,,,
dip_vs_trend,KZT,5,2025-06…2025-11,BUY_NOW,medium,180,25.0,0,0,,0.072,,,,,0.488,,,-38.124279454022144,,,,,,,,,,0.0,,,179.0,1.0,,0.4624338624338624,0.0,,
dip_vs_trend,KZT,5,2025-06…2025-11,BUY_NOW,medium,180,50.0,0,0,,0.11911111111111111,,,,,0.5164444444444445,,,-38.124279454022144,,,,,,,,,,0.0,,,179.0,1.0,,,,,
momentum,KZT,6,2025-12…2026-05,BUY_NOW,fast,1,0.0,7,7,0.7142857142857143,0.5915627996164909,1.2074554294975688,0.48298217179902747,1.6904376012965963,0.7142857142857143,0.5915627996164909,1.2074554294975688,-10.213822363776945,0.4755832289076412,-10.689405592684587,-43.930566427135325,12.391865824965073,-43.45498319822769,12.867449053872715,-33.43417241291147,15.4624360902132,28.190615067815255,-18.93915923541902,0.2692307692307692,0.0,0.9222810702103029,67.0,0.3333333333333333,,,,,
momentum,KZT,6,2025-12…2026-05,BUY_NOW,fast,1,10.0,7,7,0.7142857142857143,0.6471716203259827,1.1037037037037036,0.4414814814814815,1.5451851851851852,0.7142857142857143,0.6471716203259827,1.1037037037037036,-10.213822363776945,0.4755832289076412,-10.689405592684587,-43.930566427135325,12.391865824965073,-43.45498319822769,12.867449053872715,-33.43417241291147,15.4624360902132,28.190615067815255,-18.93915923541902,0.2692307692307692,0.0,0.9222810702103029,67.0,0.3333333333333333,,,,,
momentum,KZT,6,2025-12…2026-05,BUY_NOW,fast,1,25.0,7,7,0.8571428571428571,0.697986577181208,1.2280219780219779,0.8186813186813187,1.4326923076923077,0.8571428571428571,0.697986577181208,1.2280219780219779,-10.213822363776945,0.4755832289076412,-10.689405592684587,-43.930566427135325,12.391865824965073,-43.45498319822769,12.867449053872715,-33.43417241291147,15.4624360902132,28.190615067815255,-18.93915923541902,0.2692307692307692,0.0,0.9222810702103029,67.0,0.3333333333333333,,,,,
momentum,KZT,6,2025-12…2026-05,BUY_NOW,fast,1,50.0,7,7,0.8571428571428571,0.7890699904122723,1.086269744835966,0.7241798298906439,1.2673147023086269,0.8571428571428571,0.7890699904122723,1.086269744835966,-10.213822363776945,0.4755832289076412,-10.689405592684587,-43.930566427135325,12.391865824965073,-43.45498319822769,12.867449053872715,-33.43417241291147,15.4624360902132,28.190615067815255,-18.93915923541902,0.2692307692307692,0.0,0.9222810702103029,67.0,0.3333333333333333,,,,,
momentum,KZT,6,2025-12…2026-05,BUY_NOW,fast,4,0.0,7,7,0.14285714285714285,0.29913710450623204,0.47756410256410253,0.0,1.4326923076923075,0.42857142857142855,0.5206136145733461,0.8232044198895028,-10.108896488127167,0.7535745943063649,-10.862471082433531,-48.11095958770144,23.42884481392739,-47.35738499339507,24.182419408233756,-42.934582234513684,48.94085530353642,52.92547774775027,-18.93915923541902,0.2692307692307692,0.0,0.9222810702103029,67.0,0.3333333333333333,,,,,
momentum,KZT,6,2025-12…2026-05,BUY_NOW,fast,4,10.0,7,7,0.2857142857142857,0.3537871524448706,0.8075880758807588,0.0,1.6151761517615175,0.42857142857142855,0.5704697986577181,0.7512605042016807,-10.108896488127167,0.7535745943063649,-10.862471082433531,-48.11095958770144,23.42884481392739,-47.35738499339507,24.182419408233756,-42.934582234513684,48.94085530353642,52.92547774775027,-18.93915923541902,0.2692307692307692,0.0,0.9222810702103029,67.0,0.3333333333333333,,,,,
momentum,KZT,6,2025-12…2026-05,BUY_NOW,fast,4,25.0,7,7,0.5714285714285714,0.41418983700862894,1.3796296296296295,0.3449074074074074,2.0694444444444446,0.7142857142857143,0.6500479386385427,1.09882005899705,-10.108896488127167,0.7535745943063649,-10.862471082433531,-48.11095958770144,23.42884481392739,-47.35738499339507,24.182419408233756,-42.934582234513684,48.94085530353642,52.92547774775027,-18.93915923541902,0.2692307692307692,0.0,0.9222810702103029,67.0,0.3333333333333333,,,,,
momentum,KZT,6,2025-12…2026-05,BUY_NOW,fast,4,50.0,7,7,0.7142857142857143,0.5426653883029722,1.3162544169611308,0.7897526501766784,1.842756183745583,0.8571428571428571,0.7823585810162992,1.0955882352941175,-10.108896488127167,0.7535745943063649,-10.862471082433531,-48.11095958770144,23.42884481392739,-47.35738499339507,24.182419408233756,-42.934582234513684,48.94085530353642,52.92547774775027,-18.93915923541902,0.2692307692307692,0.0,0.9222810702103029,67.0,0.3333333333333333,,,,,
momentum,KZT,6,2025-12…2026-05,BUY_NOW,fast,9,0.0,7,7,0.0,0.18983700862895495,0.0,0.0,0.0,0.42857142857142855,0.5186960690316395,0.8262476894639557,-20.89878826767525,1.312523425188536,-22.211311692863788,-49.408126558172896,3.23689002958316,-48.09560313298436,4.549413454771696,-52.5917541694394,16.55915128671216,44.84787356203168,-18.93915923541902,0.2692307692307692,0.0,0.9222810702103029,67.0,0.3333333333333333,,,,,
momentum,KZT,6,2025-12…2026-05,BUY_NOW,fast,9,10.0,7,7,0.14285714285714285,0.22914669223394055,0.6234309623430963,0.0,1.8702928870292888,0.42857142857142855,0.5771812080536913,0.7425249169435215,-20.89878826767525,1.312523425188536,-22.211311692863788,-49.408126558172896,3.23689002958316,-48.09560313298436,4.549413454771696,-52.5917541694394,16.55915128671216,44.84787356203168,-18.93915923541902,0.2692307692307692,0.0,0.9222810702103029,67.0,0.3333333333333333,,,,,
momentum,KZT,6,2025-12…2026-05,BUY_NOW,fast,9,25.0,7,7,0.2857142857142857,0.2828379674017258,1.0101694915254238,0.0,2.0203389830508476,0.5714285714285714,0.6510067114093959,0.8777614138438881,-20.89878826767525,1.312523425188536,-22.211311692863788,-49.408126558172896,3.23689002958316,-48.09560313298436,4.549413454771696,-52.5917541694394,16.55915128671216,44.84787356203168,-18.93915923541902,0.2692307692307692,0.0,0.9222810702103029,67.0,0.3333333333333333,,,,,
momentum,KZT,6,2025-12…2026-05,BUY_NOW,fast,9,50.0,7,7,0.42857142857142855,0.4046021093000959,1.0592417061611374,0.35308056872037913,2.118483412322275,0.7142857142857143,0.763183125599233,0.9359296482412061,-20.89878826767525,1.312523425188536,-22.211311692863788,-49.408126558172896,3.23689002958316,-48.09560313298436,4.549413454771696,-52.5917541694394,16.55915128671216,44.84787356203168,-18.93915923541902,0.2692307692307692,0.0,0.9222810702103029,67.0,0.3333333333333333,,,,,
momentum,KZT,6,2025-12…2026-05,BUY_NOW,fast,45,0.0,7,7,0.0,0.09971236816874401,0.0,0.0,0.0,0.2857142857142857,0.5637583892617449,0.5068027210884354,-35.0040501475898,7.572775798208544,-42.57682594579835,-112.96064609071111,20.520871951170733,-105.38787029250257,28.093647749379276,-89.81790326800254,48.303406232750305,28.599591404919742,-18.93915923541902,0.2692307692307692,0.0,0.9222810702103029,67.0,0.3333333333333333,,,,,
momentum,KZT,6,2025-12…2026-05,BUY_NOW,fast,45,10.0,7,7,0.0,0.12176414189837009,0.0,0.0,0.0,0.5714285714285714,0.5992329817833174,0.9535999999999999,-35.0040501475898,7.572775798208544,-42.57682594579835,-112.96064609071111,20.520871951170733,-105.38787029250257,28.093647749379276,-89.81790326800254,48.303406232750305,28.599591404919742,-18.93915923541902,0.2692307692307692,0.0,0.9222810702103029,67.0,0.3333333333333333,,,,,
momentum,KZT,6,2025-12…2026-05,BUY_NOW,fast,45,25.0,7,7,0.14285714285714285,0.15436241610738255,0.9254658385093167,0.0,2.7763975155279503,0.5714285714285714,0.6356663470757431,0.89894419306184,-35.0040501475898,7.572775798208544,-42.57682594579835,-112.96064609071111,20.520871951170733,-105.38787029250257,28.093647749379276,-89.81790326800254,48.303406232750305,28.599591404919742,-18.93915923541902,0.2692307692307692,0.0,0.9222810702103029,67.0,0.3333333333333333,,,,,
momentum,KZT,6,2025-12…2026-05,BUY_NOW,fast,45,50.0,7,7,0.14285714285714285,0.24065196548418025,0.5936254980079682,0.0,1.7808764940239044,0.5714285714285714,0.6951102588686481,0.8220689655172414,-35.0040501475898,7.572775798208544,-42.57682594579835,-112.96064609071111,20.520871951170733,-105.38787029250257,28.093647749379276,-89.81790326800254,48.303406232750305,28.599591404919742,-18.93915923541902,0.2692307692307692,0.0,0.9222810702103029,67.0,0.3333333333333333,,,,,
momentum,KZT,6,2025-12…2026-05,BUY_NOW,fast,180,0.0,7,7,0.0,0.04122722914669223,0.0,0.0,0.0,0.42857142857142855,0.5867689357622243,0.7303921568627451,-149.10136948711397,27.571088938735258,-176.67245842584924,-354.5236063864567,-35.10314843335485,-326.95251744772145,-7.532059494619594,-300.72580373659343,53.064542845525274,-63.92231626892923,-18.93915923541902,0.2692307692307692,0.0,0.9222810702103029,67.0,0.3333333333333333,,,,,
momentum,KZT,6,2025-12…2026-05,BUY_NOW,fast,180,10.0,7,7,0.0,0.0488974113135187,0.0,0.0,0.0,0.42857142857142855,0.610738255033557,0.7017268445839874,-149.10136948711397,27.571088938735258,-176.67245842584924,-354.5236063864567,-35.10314843335485,-326.95251744772145,-7.532059494619594,-300.72580373659343,53.064542845525274,-63.92231626892923,-18.93915923541902,0.2692307692307692,0.0,0.9222810702103029,67.0,0.3333333333333333,,,,,
momentum,KZT,6,2025-12…2026-05,BUY_NOW,fast,180,25.0,7,7,0.0,0.06807286673058485,0.0,0.0,0.0,0.42857142857142855,0.6308724832214765,0.6793313069908814,-149.10136948711397,27.571088938735258,-176.67245842584924,-354.5236063864567,-35.10314843335485,-326.95251744772145,-7.532059494619594,-300.72580373659343,53.064542845525274,-63.92231626892923,-18.93915923541902,0.2692307692307692,0.0,0.9222810702103029,67.0,0.3333333333333333,0.75,0.7473928157589803,4.0,1.0034883720930232,-123.58462942154978
momentum,KZT,6,2025-12…2026-05,BUY_NOW,fast,180,50.0,7,7,0.0,0.11984659635666348,0.0,0.0,0.0,0.42857142857142855,0.6615532118887824,0.6478260869565217,-149.10136948711397,27.571088938735258,-176.67245842584924,-354.5236063864567,-35.10314843335485,-326.95251744772145,-7.532059494619594,-300.72580373659343,53.064542845525274,-63.92231626892923,-18.93915923541902,0.2692307692307692,0.0,0.9222810702103029,67.0,0.3333333333333333,,,,,
level,KZT,6,2025-12…2026-05,BUY_NOW,medium,1,0.0,5,5,0.4,0.5915627996164909,0.6761750405186385,0.0,1.352350081037277,0.4,0.5915627996164909,0.6761750405186385,-32.88173216782031,0.4755832289076412,-33.35731539672795,-71.19589032427488,-3.1314028142801735,-70.72030709536725,-2.6558195853725324,-33.61464441110628,-29.950083194676402,17.302314675574195,3.6791208653297334,0.19230769230769232,0.0,0.5019425931140004,129.0,0.6666666666666666,,,,,
level,KZT,6,2025-12…2026-05,BUY_NOW,medium,1,10.0,5,5,0.4,0.6471716203259827,0.6180740740740741,0.0,1.2361481481481482,0.4,0.6471716203259827,0.6180740740740741,-32.88173216782031,0.4755832289076412,-33.35731539672795,-71.19589032427488,-3.1314028142801735,-70.72030709536725,-2.6558195853725324,-33.61464441110628,-29.950083194676402,17.302314675574195,3.6791208653297334,0.19230769230769232,0.0,0.5019425931140004,129.0,0.6666666666666666,,,,,
level,KZT,6,2025-12…2026-05,BUY_NOW,medium,1,25.0,5,5,0.4,0.697986577181208,0.5730769230769232,0.0,1.1461538461538463,0.4,0.697986577181208,0.5730769230769232,-32.88173216782031,0.4755832289076412,-33.35731539672795,-71.19589032427488,-3.1314028142801735,-70.72030709536725,-2.6558195853725324,-33.61464441110628,-29.950083194676402,17.302314675574195,3.6791208653297334,0.19230769230769232,0.0,0.5019425931140004,129.0,0.6666666666666666,,,,,
level,KZT,6,2025-12…2026-05,BUY_NOW,medium,1,50.0,5,5,0.8,0.7890699904122723,1.0138517618469016,0.5069258809234508,1.2673147023086269,0.8,0.7890699904122723,1.0138517618469016,-32.88173216782031,0.4755832289076412,-33.35731539672795,-71.19589032427488,-3.1314028142801735,-70.72030709536725,-2.6558195853725324,-33.61464441110628,-29.950083194676402,17.302314675574195,3.6791208653297334,0.19230769230769232,0.0,0.5019425931140004,129.0,0.6666666666666666,,,,,
level,KZT,6,2025-12…2026-05,BUY_NOW,medium,4,0.0,5,5,0.2,0.29913710450623204,0.6685897435897435,0.0,2.0057692307692307,0.4,0.5206136145733461,0.7683241252302027,-3.134919078253028,0.7535745943063649,-3.888493672559393,-47.2241191846281,37.22279368673397,-46.47054459032174,37.97636828104034,-5.062575636501641,4.575707154741426,35.40397923503558,3.6791208653297334,0.19230769230769232,0.0,0.5019425931140004,129.0,0.6666666666666666,,,,,
level,KZT,6,2025-12…2026-05,BUY_NOW,medium,4,10.0,5,5,0.4,0.3537871524448706,1.1306233062330624,0.0,2.261246612466125,0.8,0.5704697986577181,1.4023529411764708,-3.134919078253028,0.7535745943063649,-3.888493672559393,-47.2241191846281,37.22279368673397,-46.47054459032174,37.97636828104034,-5.062575636501641,4.575707154741426,35.40397923503558,3.6791208653297334,0.19230769230769232,0.0,0.5019425931140004,129.0,0.6666666666666666,,,,,
level,KZT,6,2025-12…2026-05,BUY_NOW,medium,4,25.0,5,5,0.4,0.41418983700862894,0.9657407407407408,0.0,1.9314814814814816,0.8,0.6500479386385427,1.230678466076696,-3.134919078253028,0.7535745943063649,-3.888493672559393,-47.2241191846281,37.22279368673397,-46.47054459032174,37.97636828104034,-5.062575636501641,4.575707154741426,35.40397923503558,3.6791208653297334,0.19230769230769232,0.0,0.5019425931140004,129.0,0.6666666666666666,,,,,
level,KZT,6,2025-12…2026-05,BUY_NOW,medium,4,50.0,5,5,0.8,0.5426653883029722,1.4742049469964666,0.7371024734982333,1.842756183745583,0.8,0.7823585810162992,1.022549019607843,-3.134919078253028,0.7535745943063649,-3.888493672559393,-47.2241191846281,37.22279368673397,-46.47054459032174,37.97636828104034,-5.062575636501641,4.575707154741426,35.40397923503558,3.6791208653297334,0.19230769230769232,0.0,0.5019425931140004,129.0,0.6666666666666666,,,,,
level,KZT,6,2025-12…2026-05,BUY_NOW,medium,9,0.0,5,5,0.2,0.18983700862895495,1.0535353535353535,0.0,3.16060606060606,0.6,0.5186960690316395,1.156746765249538,-4.048421303771032,1.312523425188536,-5.360944728959568,-44.578163391763276,34.76489246083744,-43.26563996657474,36.077415886025975,-10.237084218916447,20.70623035681063,19.76357938142082,3.6791208653297334,0.19230769230769232,0.0,0.5019425931140004,129.0,0.6666666666666666,,,,,
level,KZT,6,2025-12…2026-05,BUY_NOW,medium,9,10.0,5,5,0.2,0.22914669223394055,0.8728033472803348,0.0,2.6184100418410043,0.6,0.5771812080536913,1.0395348837209302,-4.048421303771032,1.312523425188536,-5.360944728959568,-44.578163391763276,34.76489246083744,-43.26563996657474,36.077415886025975,-10.237084218916447,20.70623035681063,19.76357938142082,3.6791208653297334,0.19230769230769232,0.0,0.5019425931140004,129.0,0.6666666666666666,,,,,
level,KZT,6,2025-12…2026-05,BUY_NOW,medium,9,25.0,5,5,0.2,0.2828379674017258,0.7071186440677967,0.0,2.12135593220339,0.6,0.6510067114093959,0.9216494845360825,-4.048421303771032,1.312523425188536,-5.360944728959568,-44.578163391763276,34.76489246083744,-43.26563996657474,36.077415886025975,-10.237084218916447,20.70623035681063,19.76357938142082,3.6791208653297334,0.19230769230769232,0.0,0.5019425931140004,129.0,0.6666666666666666,,,,,
level,KZT,6,2025-12…2026-05,BUY_NOW,medium,9,50.0,5,5,0.6,0.4046021093000959,1.4829383886255922,0.4943127962085308,2.471563981042654,0.8,0.763183125599233,1.048241206030151,-4.048421303771032,1.312523425188536,-5.360944728959568,-44.578163391763276,34.76489246083744,-43.26563996657474,36.077415886025975,-10.237084218916447,20.70623035681063,19.76357938142082,3.6791208653297334,0.19230769230769232,0.0,0.5019425931140004,129.0,0.6666666666666666,,,,,
level,KZT,6,2025-12…2026-05,BUY_NOW,medium,45,0.0,5,5,0.2,0.09971236816874401,2.0057692307692307,0.0,6.017307692307692,0.6,0.5637583892617449,1.0642857142857143,33.653691989744104,7.572775798208544,26.08091619153556,-29.279634105025718,81.44146648809686,-21.706858306817175,89.0142422863054,24.328161391321824,70.95581438343324,29.90486506634138,3.6791208653297334,0.19230769230769232,0.0,0.5019425931140004,129.0,0.6666666666666666,,,,,
level,KZT,6,2025-12…2026-05,BUY_NOW,medium,45,10.0,5,5,0.2,0.12176414189837009,1.6425196850393702,0.0,4.92755905511811,0.6,0.5992329817833174,1.00128,33.653691989744104,7.572775798208544,26.08091619153556,-29.279634105025718,81.44146648809686,-21.706858306817175,89.0142422863054,24.328161391321824,70.95581438343324,29.90486506634138,3.6791208653297334,0.19230769230769232,0.0,0.5019425931140004,129.0,0.6666666666666666,,,,,
level,KZT,6,2025-12…2026-05,BUY_NOW,medium,45,25.0,5,5,0.2,0.15436241610738255,1.2956521739130435,0.0,3.88695652173913,0.6,0.6356663470757431,0.943891402714932,33.653691989744104,7.572775798208544,26.08091619153556,-29.279634105025718,81.44146648809686,-21.706858306817175,89.0142422863054,24.328161391321824,70.95581438343324,29.90486506634138,3.6791208653297334,0.19230769230769232,0.0,0.5019425931140004,129.0,0.6666666666666666,,,,,
level,KZT,6,2025-12…2026-05,BUY_NOW,medium,45,50.0,5,5,0.6,0.24065196548418025,2.4932270916334662,0.8310756972111555,4.155378486055777,0.8,0.6951102588686481,1.150896551724138,33.653691989744104,7.572775798208544,26.08091619153556,-29.279634105025718,81.44146648809686,-21.706858306817175,89.0142422863054,24.328161391321824,70.95581438343324,29.90486506634138,3.6791208653297334,0.19230769230769232,0.0,0.5019425931140004,129.0,0.6666666666666666,,,,,
level,KZT,6,2025-12…2026-05,BUY_NOW,medium,180,0.0,5,5,0.0,0.04122722914669223,0.0,0.0,0.0,0.8,0.5867689357622243,1.3633986928104576,113.16863956857051,27.571088938735258,85.59755062983525,18.76007312874986,165.62263581998127,46.33116206748512,193.19372475871654,77.32694847162047,256.53540395637054,66.49259049436095,3.6791208653297334,0.19230769230769232,0.0,0.5019425931140004,129.0,0.6666666666666666,,,,,
level,KZT,6,2025-12…2026-05,BUY_NOW,medium,180,10.0,5,5,0.0,0.0488974113135187,0.0,0.0,0.0,1.0,0.610738255033557,1.6373626373626373,113.16863956857051,27.571088938735258,85.59755062983525,18.76007312874986,165.62263581998127,46.33116206748512,193.19372475871654,77.32694847162047,256.53540395637054,66.49259049436095,3.6791208653297334,0.19230769230769232,0.0,0.5019425931140004,129.0,0.6666666666666666,,,,,
level,KZT,6,2025-12…2026-05,BUY_NOW,medium,180,25.0,5,5,0.0,0.06807286673058485,0.0,0.0,0.0,1.0,0.6308724832214765,1.5851063829787235,113.16863956857051,27.571088938735258,85.59755062983525,18.76007312874986,165.62263581998127,46.33116206748512,193.19372475871654,77.32694847162047,256.53540395637054,66.49259049436095,3.6791208653297334,0.19230769230769232,0.0,0.5019425931140004,129.0,0.6666666666666666,1.0,0.7473928157589803,5.0,1.337984496124031,5.978337559268169
level,KZT,6,2025-12…2026-05,BUY_NOW,medium,180,50.0,5,5,0.2,0.11984659635666348,1.6688,0.0,5.006399999999999,1.0,0.6615532118887824,1.5115942028985507,113.16863956857051,27.571088938735258,85.59755062983525,18.76007312874986,165.62263581998127,46.33116206748512,193.19372475871654,77.32694847162047,256.53540395637054,66.49259049436095,3.6791208653297334,0.19230769230769232,0.0,0.5019425931140004,129.0,0.6666666666666666,,,,,
reversal,KZT,6,2025-12…2026-05,WINDOW_CLOSING,slow,1,0.0,0,0,,0.5915627996164909,,,,,0.5915627996164909,,,0.4755832289076412,,,,,,,,,,0.0,,,179.0,1.0,,,,,
reversal,KZT,6,2025-12…2026-05,WINDOW_CLOSING,slow,1,10.0,0,0,,0.5915627996164909,,,,,0.5915627996164909,,,0.4755832289076412,,,,,,,,,,0.0,,,179.0,1.0,,,,,
reversal,KZT,6,2025-12…2026-05,WINDOW_CLOSING,slow,1,25.0,0,0,,0.5915627996164909,,,,,0.5915627996164909,,,0.4755832289076412,,,,,,,,,,0.0,,,179.0,1.0,,,,,
reversal,KZT,6,2025-12…2026-05,WINDOW_CLOSING,slow,1,50.0,0,0,,0.5915627996164909,,,,,0.5915627996164909,,,0.4755832289076412,,,,,,,,,,0.0,,,179.0,1.0,,,,,
reversal,KZT,6,2025-12…2026-05,WINDOW_CLOSING,slow,4,0.0,0,0,,0.5436241610738255,,,,,0.5436241610738255,,,0.7535745943063649,,,,,,,,,,0.0,,,179.0,1.0,,,,,
reversal,KZT,6,2025-12…2026-05,WINDOW_CLOSING,slow,4,10.0,0,0,,0.5436241610738255,,,,,0.5436241610738255,,,0.7535745943063649,,,,,,,,,,0.0,,,179.0,1.0,,,,,
reversal,KZT,6,2025-12…2026-05,WINDOW_CLOSING,slow,4,25.0,0,0,,0.5436241610738255,,,,,0.5436241610738255,,,0.7535745943063649,,,,,,,,,,0.0,,,179.0,1.0,,,,,
reversal,KZT,6,2025-12…2026-05,WINDOW_CLOSING,slow,4,50.0,0,0,,0.5436241610738255,,,,,0.5436241610738255,,,0.7535745943063649,,,,,,,,,,0.0,,,179.0,1.0,,,,,
reversal,KZT,6,2025-12…2026-05,WINDOW_CLOSING,slow,9,0.0,0,0,,0.5282837967401726,,,,,0.5282837967401726,,,1.312523425188536,,,,,,,,,,0.0,,,179.0,1.0,,,,,
reversal,KZT,6,2025-12…2026-05,WINDOW_CLOSING,slow,9,10.0,0,0,,0.5282837967401726,,,,,0.5282837967401726,,,1.312523425188536,,,,,,,,,,0.0,,,179.0,1.0,,,,,
reversal,KZT,6,2025-12…2026-05,WINDOW_CLOSING,slow,9,25.0,0,0,,0.5282837967401726,,,,,0.5282837967401726,,,1.312523425188536,,,,,,,,,,0.0,,,179.0,1.0,,,,,
reversal,KZT,6,2025-12…2026-05,WINDOW_CLOSING,slow,9,50.0,0,0,,0.5282837967401726,,,,,0.5282837967401726,,,1.312523425188536,,,,,,,,,,0.0,,,179.0,1.0,,,,,
reversal,KZT,6,2025-12…2026-05,WINDOW_CLOSING,slow,45,0.0,0,0,,0.5532118887823586,,,,,0.5532118887823586,,,7.572775798208544,,,,,,,,,,0.0,,,179.0,1.0,,,,,
reversal,KZT,6,2025-12…2026-05,WINDOW_CLOSING,slow,45,10.0,0,0,,0.5532118887823586,,,,,0.5532118887823586,,,7.572775798208544,,,,,,,,,,0.0,,,179.0,1.0,,,,,
reversal,KZT,6,2025-12…2026-05,WINDOW_CLOSING,slow,45,25.0,0,0,,0.5532118887823586,,,,,0.5532118887823586,,,7.572775798208544,,,,,,,,,,0.0,,,179.0,1.0,,,,,
reversal,KZT,6,2025-12…2026-05,WINDOW_CLOSING,slow,45,50.0,0,0,,0.5532118887823586,,,,,0.5532118887823586,,,7.572775798208544,,,,,,,,,,0.0,,,179.0,1.0,,,,,
reversal,KZT,6,2025-12…2026-05,WINDOW_CLOSING,slow,180,0.0,0,0,,0.5973154362416108,,,,,0.5973154362416108,,,27.571088938735258,,,,,,,,,,0.0,,,179.0,1.0,,,,,
reversal,KZT,6,2025-12…2026-05,WINDOW_CLOSING,slow,180,10.0,0,0,,0.5973154362416108,,,,,0.5973154362416108,,,27.571088938735258,,,,,,,,,,0.0,,,179.0,1.0,,,,,
reversal,KZT,6,2025-12…2026-05,WINDOW_CLOSING,slow,180,25.0,0,0,,0.5973154362416108,,,,,0.5973154362416108,,,27.571088938735258,,,,,,,,,,0.0,,,179.0,1.0,,0.6917728852838934,0.0,,
reversal,KZT,6,2025-12…2026-05,WINDOW_CLOSING,slow,180,50.0,0,0,,0.5973154362416108,,,,,0.5973154362416108,,,27.571088938735258,,,,,,,,,,0.0,,,179.0,1.0,,,,,
dip_vs_trend,KZT,6,2025-12…2026-05,BUY_NOW,medium,1,0.0,6,6,0.6666666666666666,0.5915627996164909,1.1269584008643974,0.5634792004321987,1.6904376012965963,0.6666666666666666,0.5915627996164909,1.1269584008643974,40.131654841355136,0.4755832289076412,39.6560716124475,-21.128037318676054,145.34180997637804,-20.652454089768412,145.8173932052857,-20.645358617525922,70.52016157079566,74.96957053595524,-37.81468792214119,0.23076923076923078,0.0,1.003690036900369,128.0,0.6666666666666666,,,,,
dip_vs_trend,KZT,6,2025-12…2026-05,BUY_NOW,medium,1,10.0,6,6,0.6666666666666666,0.6471716203259827,1.0301234567901234,0.5150617283950617,1.5451851851851852,0.6666666666666666,0.6471716203259827,1.0301234567901234,40.131654841355136,0.4755832289076412,39.6560716124475,-21.128037318676054,145.34180997637804,-20.652454089768412,145.8173932052857,-20.645358617525922,70.52016157079566,74.96957053595524,-37.81468792214119,0.23076923076923078,0.0,1.003690036900369,128.0,0.6666666666666666,,,,,
dip_vs_trend,KZT,6,2025-12…2026-05,BUY_NOW,medium,1,25.0,6,6,0.8333333333333334,0.697986577181208,1.1939102564102564,0.7163461538461539,1.4326923076923077,0.8333333333333334,0.697986577181208,1.1939102564102564,40.131654841355136,0.4755832289076412,39.6560716124475,-21.128037318676054,145.34180997637804,-20.652454089768412,145.8173932052857,-20.645358617525922,70.52016157079566,74.96957053595524,-37.81468792214119,0.23076923076923078,0.0,1.003690036900369,128.0,0.6666666666666666,,,,,
dip_vs_trend,KZT,6,2025-12…2026-05,BUY_NOW,medium,1,50.0,6,6,1.0,0.7890699904122723,1.2673147023086269,1.2673147023086269,1.2673147023086269,1.0,0.7890699904122723,1.2673147023086269,40.131654841355136,0.4755832289076412,39.6560716124475,-21.128037318676054,145.34180997637804,-20.652454089768412,145.8173932052857,-20.645358617525922,70.52016157079566,74.96957053595524,-37.81468792214119,0.23076923076923078,0.0,1.003690036900369,128.0,0.6666666666666666,,,,,
dip_vs_trend,KZT,6,2025-12…2026-05,BUY_NOW,medium,4,0.0,6,6,0.3333333333333333,0.29913710450623204,1.1143162393162391,0.0,2.2286324786324783,0.6666666666666666,0.5206136145733461,1.2805402087170044,35.34519235691832,0.7535745943063649,34.59161776261195,-12.1242068200285,96.04794926889281,-11.370632225722135,96.80152386319918,-5.895186879077974,55.96538197491647,67.69539182513255,-37.81468792214119,0.23076923076923078,0.0,1.003690036900369,128.0,0.6666666666666666,,,,,
dip_vs_trend,KZT,6,2025-12…2026-05,BUY_NOW,medium,4,10.0,6,6,0.3333333333333333,0.3537871524448706,0.9421860885275518,0.0,1.8843721770551036,0.6666666666666666,0.5704697986577181,1.1686274509803922,35.34519235691832,0.7535745943063649,34.59161776261195,-12.1242068200285,96.04794926889281,-11.370632225722135,96.80152386319918,-5.895186879077974,55.96538197491647,67.69539182513255,-37.81468792214119,0.23076923076923078,0.0,1.003690036900369,128.0,0.6666666666666666,,,,,
dip_vs_trend,KZT,6,2025-12…2026-05,BUY_NOW,medium,4,25.0,6,6,0.5,0.41418983700862894,1.207175925925926,0.40239197530864196,2.01195987654321,0.6666666666666666,0.6500479386385427,1.0255653883972466,35.34519235691832,0.7535745943063649,34.59161776261195,-12.1242068200285,96.04794926889281,-11.370632225722135,96.80152386319918,-5.895186879077974,55.96538197491647,67.69539182513255,-37.81468792214119,0.23076923076923078,0.0,1.003690036900369,128.0,0.6666666666666666,,,,,
dip_vs_trend,KZT,6,2025-12…2026-05,BUY_NOW,medium,4,50.0,6,6,1.0,0.5426653883029722,1.842756183745583,1.842756183745583,1.842756183745583,1.0,0.7823585810162992,1.2781862745098038,35.34519235691832,0.7535745943063649,34.59161776261195,-12.1242068200285,96.04794926889281,-11.370632225722135,96.80152386319918,-5.895186879077974,55.96538197491647,67.69539182513255,-37.81468792214119,0.23076923076923078,0.0,1.003690036900369,128.0,0.6666666666666666,,,,,
dip_vs_trend,KZT,6,2025-12…2026-05,BUY_NOW,medium,9,0.0,6,6,0.16666666666666666,0.18983700862895495,0.8779461279461278,0.0,2.6338383838383836,0.5,0.5186960690316395,0.9639556377079483,8.260215523137793,1.312523425188536,6.947692097949258,-62.216603452401124,67.28860290342273,-60.904080027212586,68.60112632861126,-11.786051215379455,18.28334889239642,66.78094501269753,-37.81468792214119,0.23076923076923078,0.0,1.003690036900369,128.0,0.6666666666666666,,,,,
dip_vs_trend,KZT,6,2025-12…2026-05,BUY_NOW,medium,9,10.0,6,6,0.16666666666666666,0.22914669223394055,0.7273361227336123,0.0,2.182008368200837,0.6666666666666666,0.5771812080536913,1.1550387596899223,8.260215523137793,1.312523425188536,6.947692097949258,-62.216603452401124,67.28860290342273,-60.904080027212586,68.60112632861126,-11.786051215379455,18.28334889239642,66.78094501269753,-37.81468792214119,0.23076923076923078,0.0,1.003690036900369,128.0,0.6666666666666666,,,,,
dip_vs_trend,KZT,6,2025-12…2026-05,BUY_NOW,medium,9,25.0,6,6,0.3333333333333333,0.2828379674017258,1.1785310734463277,0.0,2.3570621468926554,0.8333333333333334,0.6510067114093959,1.2800687285223369,8.260215523137793,1.312523425188536,6.947692097949258,-62.216603452401124,67.28860290342273,-60.904080027212586,68.60112632861126,-11.786051215379455,18.28334889239642,66.78094501269753,-37.81468792214119,0.23076923076923078,0.0,1.003690036900369,128.0,0.6666666666666666,,,,,
dip_vs_trend,KZT,6,2025-12…2026-05,BUY_NOW,medium,9,50.0,6,6,0.3333333333333333,0.4046021093000959,0.8238546603475513,0.0,1.6477093206951026,0.8333333333333334,0.763183125599233,1.0919179229480738,8.260215523137793,1.312523425188536,6.947692097949258,-62.216603452401124,67.28860290342273,-60.904080027212586,68.60112632861126,-11.786051215379455,18.28334889239642,66.78094501269753,-37.81468792214119,0.23076923076923078,0.0,1.003690036900369,128.0,0.6666666666666666,,,,,
dip_vs_trend,KZT,6,2025-12…2026-05,BUY_NOW,medium,45,0.0,6,6,0.0,0.09971236816874401,0.0,0.0,0.0,0.5,0.5637583892617449,0.886904761904762,-45.77971096562124,7.572775798208544,-53.35248676382979,-120.42356388710165,-0.24617387030592486,-112.85078808889311,7.326601927902619,-77.59239902795117,17.845665159038624,110.46107378018162,-37.81468792214119,0.23076923076923078,0.0,1.003690036900369,128.0,0.6666666666666666,,,,,
dip_vs_trend,KZT,6,2025-12…2026-05,BUY_NOW,medium,45,10.0,6,6,0.0,0.12176414189837009,0.0,0.0,0.0,0.5,0.5992329817833174,0.8343999999999999,-45.77971096562124,7.572775798208544,-53.35248676382979,-120.42356388710165,-0.24617387030592486,-112.85078808889311,7.326601927902619,-77.59239902795117,17.845665159038624,110.46107378018162,-37.81468792214119,0.23076923076923078,0.0,1.003690036900369,128.0,0.6666666666666666,,,,,
dip_vs_trend,KZT,6,2025-12…2026-05,BUY_NOW,medium,45,25.0,6,6,0.0,0.15436241610738255,0.0,0.0,0.0,0.6666666666666666,0.6356663470757431,1.0487682252388133,-45.77971096562124,7.572775798208544,-53.35248676382979,-120.42356388710165,-0.24617387030592486,-112.85078808889311,7.326601927902619,-77.59239902795117,17.845665159038624,110.46107378018162,-37.81468792214119,0.23076923076923078,0.0,1.003690036900369,128.0,0.6666666666666666,,,,,
dip_vs_trend,KZT,6,2025-12…2026-05,BUY_NOW,medium,45,50.0,6,6,0.0,0.24065196548418025,0.0,0.0,0.0,0.6666666666666666,0.6951102588686481,0.9590804597701149,-45.77971096562124,7.572775798208544,-53.35248676382979,-120.42356388710165,-0.24617387030592486,-112.85078808889311,7.326601927902619,-77.59239902795117,17.845665159038624,110.46107378018162,-37.81468792214119,0.23076923076923078,0.0,1.003690036900369,128.0,0.6666666666666666,,,,,
dip_vs_trend,KZT,6,2025-12…2026-05,BUY_NOW,medium,180,0.0,6,6,0.0,0.04122722914669223,0.0,0.0,0.0,0.3333333333333333,0.5867689357622243,0.5680827886710239,-93.41946624519387,27.571088938735258,-120.99055518392913,-273.01568878463695,34.39657001191748,-245.4445998459017,61.96765895065274,-226.8913055107538,173.52421228592596,171.48838909278095,-37.81468792214119,0.23076923076923078,0.0,1.003690036900369,128.0,0.6666666666666666,,,,,
dip_vs_trend,KZT,6,2025-12…2026-05,BUY_NOW,medium,180,10.0,6,6,0.0,0.0488974113135187,0.0,0.0,0.0,0.3333333333333333,0.610738255033557,0.5457875457875457,-93.41946624519387,27.571088938735258,-120.99055518392913,-273.01568878463695,34.39657001191748,-245.4445998459017,61.96765895065274,-226.8913055107538,173.52421228592596,171.48838909278095,-37.81468792214119,0.23076923076923078,0.0,1.003690036900369,128.0,0.6666666666666666,,,,,
dip_vs_trend,KZT,6,2025-12…2026-05,BUY_NOW,medium,180,25.0,6,6,0.0,0.06807286673058485,0.0,0.0,0.0,0.3333333333333333,0.6308724832214765,0.5283687943262412,-93.41946624519387,27.571088938735258,-120.99055518392913,-273.01568878463695,34.39657001191748,-245.4445998459017,61.96765895065274,-226.8913055107538,173.52421228592596,171.48838909278095,-37.81468792214119,0.23076923076923078,0.0,1.003690036900369,128.0,0.6666666666666666,1.0,0.7473928157589803,2.0,1.337984496124031,66.33391027662361
dip_vs_trend,KZT,6,2025-12…2026-05,BUY_NOW,medium,180,50.0,6,6,0.0,0.11984659635666348,0.0,0.0,0.0,0.3333333333333333,0.6615532118887824,0.5038647342995168,-93.41946624519387,27.571088938735258,-120.99055518392913,-273.01568878463695,34.39657001191748,-245.4445998459017,61.96765895065274,-226.8913055107538,173.52421228592596,171.48838909278095,-37.81468792214119,0.23076923076923078,0.0,1.003690036900369,128.0,0.6666666666666666,,,,,
momentum,KZT,7,2026-06…2026-09,BUY_NOW,fast,1,0.0,3,3,1.0,0.6067615658362989,1.6480938416422288,,,1.0,0.6067615658362989,1.6480938416422288,51.47886298100332,4.088731766109763,47.39013121489356,,,,,,,55.889940028603185,121.90398013358713,0.22340425531914893,0.0,0.10596026490066225,42.0,0.5,,,,,
momentum,KZT,7,2026-06…2026-09,BUY_NOW,fast,1,10.0,3,3,1.0,0.6832740213523132,1.4635416666666665,,,1.0,0.6832740213523132,1.4635416666666665,51.47886298100332,4.088731766109763,47.39013121489356,,,,,,,55.889940028603185,121.90398013358713,0.22340425531914893,0.0,0.10596026490066225,42.0,0.5,,,,,
momentum,KZT,7,2026-06…2026-09,BUY_NOW,fast,1,25.0,3,3,1.0,0.7241992882562278,1.3808353808353808,,,1.0,0.7241992882562278,1.3808353808353808,51.47886298100332,4.088731766109763,47.39013121489356,,,,,,,55.889940028603185,121.90398013358713,0.22340425531914893,0.0,0.10596026490066225,42.0,0.5,,,,,
momentum,KZT,7,2026-06…2026-09,BUY_NOW,fast,1,50.0,3,3,1.0,0.7775800711743772,1.2860411899313502,,,1.0,0.7775800711743772,1.2860411899313502,51.47886298100332,4.088731766109763,47.39013121489356,,,,,,,55.889940028603185,121.90398013358713,0.22340425531914893,0.0,0.10596026490066225,42.0,0.5,,,,,
momentum,KZT,7,2026-06…2026-09,BUY_NOW,fast,4,0.0,3,3,1.0,0.33810375670840787,2.9576719576719577,,,1.0,0.556350626118068,1.797427652733119,65.67133643433495,10.235477114305644,55.4358593200293,,,,,,,84.23937759237592,121.90398013358713,0.22340425531914893,0.0,0.10596026490066225,42.0,0.5,,,,,
momentum,KZT,7,2026-06…2026-09,BUY_NOW,fast,4,10.0,3,3,1.0,0.4007155635062612,2.495535714285714,,,1.0,0.6118067978533095,1.6345029239766082,65.67133643433495,10.235477114305644,55.4358593200293,,,,,,,84.23937759237592,121.90398013358713,0.22340425531914893,0.0,0.10596026490066225,42.0,0.5,,,,,
momentum,KZT,7,2026-06…2026-09,BUY_NOW,fast,4,25.0,3,3,1.0,0.45080500894454384,2.2182539682539684,,,1.0,0.6815742397137746,1.4671916010498687,65.67133643433495,10.235477114305644,55.4358593200293,,,,,,,84.23937759237592,121.90398013358713,0.22340425531914893,0.0,0.10596026490066225,42.0,0.5,,,,,
momentum,KZT,7,2026-06…2026-09,BUY_NOW,fast,4,50.0,3,3,1.0,0.5366726296958855,1.8633333333333335,,,1.0,0.7996422182468694,1.250559284116331,65.67133643433495,10.235477114305644,55.4358593200293,,,,,,,84.23937759237592,121.90398013358713,0.22340425531914893,0.0,0.10596026490066225,42.0,0.5,,,,,
momentum,KZT,7,2026-06…2026-09,BUY_NOW,fast,9,0.0,3,3,1.0,0.23104693140794225,4.328125,,,1.0,0.5938628158844765,1.6838905775075987,89.78355996920762,19.919709630721556,69.86385033848606,,,,,,,98.35992693158971,121.90398013358713,0.22340425531914893,0.0,0.10596026490066225,42.0,0.5,,,,,
momentum,KZT,7,2026-06…2026-09,BUY_NOW,fast,9,10.0,3,3,1.0,0.2815884476534296,3.551282051282051,,,1.0,0.6371841155234657,1.5694050991501418,89.78355996920762,19.919709630721556,69.86385033848606,,,,,,,98.35992693158971,121.90398013358713,0.22340425531914893,0.0,0.10596026490066225,42.0,0.5,,,,,
momentum,KZT,7,2026-06…2026-09,BUY_NOW,fast,9,25.0,3,3,1.0,0.33393501805054154,2.994594594594594,,,1.0,0.6949458483754513,1.438961038961039,89.78355996920762,19.919709630721556,69.86385033848606,,,,,,,98.35992693158971,121.90398013358713,0.22340425531914893,0.0,0.10596026490066225,42.0,0.5,,,,,
momentum,KZT,7,2026-06…2026-09,BUY_NOW,fast,9,50.0,3,3,1.0,0.41335740072202165,2.4192139737991267,,,1.0,0.7996389891696751,1.2505643340857788,89.78355996920762,19.919709630721556,69.86385033848606,,,,,,,98.35992693158971,121.90398013358713,0.22340425531914893,0.0,0.10596026490066225,42.0,0.5,,,,,
momentum,KZT,7,2026-06…2026-09,BUY_NOW,fast,45,0.0,3,2,1.0,0.14864864864864866,6.727272727272727,,,1.0,0.6795366795366795,1.4715909090909092,326.9821017034802,93.18900045307596,233.79310125040428,,,,,,,188.54988962467067,121.90398013358713,0.22340425531914893,0.0,0.10596026490066225,42.0,0.5,,,,,
momentum,KZT,7,2026-06…2026-09,BUY_NOW,fast,45,10.0,3,2,1.0,0.16023166023166024,6.240963855421686,,,1.0,0.693050193050193,1.4428969359331478,326.9821017034802,93.18900045307596,233.79310125040428,,,,,,,188.54988962467067,121.90398013358713,0.22340425531914893,0.0,0.10596026490066225,42.0,0.5,,,,,
momentum,KZT,7,2026-06…2026-09,BUY_NOW,fast,45,25.0,3,2,1.0,0.19305019305019305,5.18,,,1.0,0.7297297297297297,1.3703703703703705,326.9821017034802,93.18900045307596,233.79310125040428,,,,,,,188.54988962467067,121.90398013358713,0.22340425531914893,0.0,0.10596026490066225,42.0,0.5,,,,,
momentum,KZT,7,2026-06…2026-09,BUY_NOW,fast,45,50.0,3,2,1.0,0.26833976833976836,3.726618705035971,,,1.0,0.7741312741312741,1.2917705735660847,326.9821017034802,93.18900045307596,233.79310125040428,,,,,,,188.54988962467067,121.90398013358713,0.22340425531914893,0.0,0.10596026490066225,42.0,0.5,,,,,
momentum,KZT,7,2026-06…2026-09,BUY_NOW,fast,180,0.0,3,1,1.0,0.10704960835509138,9.341463414634147,,,1.0,0.9895561357702349,1.0105540897097627,489.0444205164957,414.00143750409694,75.04298301239874,,,,,,,102.00140149377646,121.90398013358713,0.22340425531914893,0.0,0.10596026490066225,42.0,0.5,,,,,
momentum,KZT,7,2026-06…2026-09,BUY_NOW,fast,180,10.0,3,1,1.0,0.1227154046997389,8.148936170212766,,,1.0,0.9921671018276762,1.0078947368421054,489.0444205164957,414.00143750409694,75.04298301239874,,,,,,,102.00140149377646,121.90398013358713,0.22340425531914893,0.0,0.10596026490066225,42.0,0.5,,,,,
momentum,KZT,7,2026-06…2026-09,BUY_NOW,fast,180,25.0,3,1,1.0,0.14360313315926893,6.963636363636364,,,1.0,0.9947780678851175,1.005249343832021,489.0444205164957,414.00143750409694,75.04298301239874,,,,,,,102.00140149377646,121.90398013358713,0.22340425531914893,0.0,0.10596026490066225,42.0,0.5,1.0,0.9947780678851175,1.0,1.005249343832021,75.04298301239874
momentum,KZT,7,2026-06…2026-09,BUY_NOW,fast,180,50.0,3,1,1.0,0.20887728459530025,4.7875000000000005,,,1.0,0.9947780678851175,1.005249343832021,489.0444205164957,414.00143750409694,75.04298301239874,,,,,,,102.00140149377646,121.90398013358713,0.22340425531914893,0.0,0.10596026490066225,42.0,0.5,,,,,
level,KZT,7,2026-06…2026-09,BUY_NOW,medium,1,0.0,0,0,,0.6067615658362989,,,,,0.6067615658362989,,,4.088731766109763,,,,,,,,,,0.0,,,93.0,1.0,,,,,
level,KZT,7,2026-06…2026-09,BUY_NOW,medium,1,10.0,0,0,,0.6832740213523132,,,,,0.6832740213523132,,,4.088731766109763,,,,,,,,,,0.0,,,93.0,1.0,,,,,
level,KZT,7,2026-06…2026-09,BUY_NOW,medium,1,25.0,0,0,,0.7241992882562278,,,,,0.7241992882562278,,,4.088731766109763,,,,,,,,,,0.0,,,93.0,1.0,,,,,
level,KZT,7,2026-06…2026-09,BUY_NOW,medium,1,50.0,0,0,,0.7775800711743772,,,,,0.7775800711743772,,,4.088731766109763,,,,,,,,,,0.0,,,93.0,1.0,,,,,
level,KZT,7,2026-06…2026-09,BUY_NOW,medium,4,0.0,0,0,,0.33810375670840787,,,,,0.556350626118068,,,10.235477114305644,,,,,,,,,,0.0,,,93.0,1.0,,,,,
level,KZT,7,2026-06…2026-09,BUY_NOW,medium,4,10.0,0,0,,0.4007155635062612,,,,,0.6118067978533095,,,10.235477114305644,,,,,,,,,,0.0,,,93.0,1.0,,,,,
level,KZT,7,2026-06…2026-09,BUY_NOW,medium,4,25.0,0,0,,0.45080500894454384,,,,,0.6815742397137746,,,10.235477114305644,,,,,,,,,,0.0,,,93.0,1.0,,,,,
level,KZT,7,2026-06…2026-09,BUY_NOW,medium,4,50.0,0,0,,0.5366726296958855,,,,,0.7996422182468694,,,10.235477114305644,,,,,,,,,,0.0,,,93.0,1.0,,,,,
level,KZT,7,2026-06…2026-09,BUY_NOW,medium,9,0.0,0,0,,0.23104693140794225,,,,,0.5938628158844765,,,19.919709630721556,,,,,,,,,,0.0,,,93.0,1.0,,,,,
level,KZT,7,2026-06…2026-09,BUY_NOW,medium,9,10.0,0,0,,0.2815884476534296,,,,,0.6371841155234657,,,19.919709630721556,,,,,,,,,,0.0,,,93.0,1.0,,,,,
level,KZT,7,2026-06…2026-09,BUY_NOW,medium,9,25.0,0,0,,0.33393501805054154,,,,,0.6949458483754513,,,19.919709630721556,,,,,,,,,,0.0,,,93.0,1.0,,,,,
level,KZT,7,2026-06…2026-09,BUY_NOW,medium,9,50.0,0,0,,0.41335740072202165,,,,,0.7996389891696751,,,19.919709630721556,,,,,,,,,,0.0,,,93.0,1.0,,,,,
level,KZT,7,2026-06…2026-09,BUY_NOW,medium,45,0.0,0,0,,0.14864864864864866,,,,,0.6795366795366795,,,93.18900045307596,,,,,,,,,,0.0,,,93.0,1.0,,,,,
level,KZT,7,2026-06…2026-09,BUY_NOW,medium,45,10.0,0,0,,0.16023166023166024,,,,,0.693050193050193,,,93.18900045307596,,,,,,,,,,0.0,,,93.0,1.0,,,,,
level,KZT,7,2026-06…2026-09,BUY_NOW,medium,45,25.0,0,0,,0.19305019305019305,,,,,0.7297297297297297,,,93.18900045307596,,,,,,,,,,0.0,,,93.0,1.0,,,,,
level,KZT,7,2026-06…2026-09,BUY_NOW,medium,45,50.0,0,0,,0.26833976833976836,,,,,0.7741312741312741,,,93.18900045307596,,,,,,,,,,0.0,,,93.0,1.0,,,,,
level,KZT,7,2026-06…2026-09,BUY_NOW,medium,180,0.0,0,0,,0.10704960835509138,,,,,0.9895561357702349,,,414.00143750409694,,,,,,,,,,0.0,,,93.0,1.0,,,,,
level,KZT,7,2026-06…2026-09,BUY_NOW,medium,180,10.0,0,0,,0.1227154046997389,,,,,0.9921671018276762,,,414.00143750409694,,,,,,,,,,0.0,,,93.0,1.0,,,,,
level,KZT,7,2026-06…2026-09,BUY_NOW,medium,180,25.0,0,0,,0.14360313315926893,,,,,0.9947780678851175,,,414.00143750409694,,,,,,,,,,0.0,,,93.0,1.0,,0.9947780678851175,0.0,,
level,KZT,7,2026-06…2026-09,BUY_NOW,medium,180,50.0,0,0,,0.20887728459530025,,,,,0.9947780678851175,,,414.00143750409694,,,,,,,,,,0.0,,,93.0,1.0,,,,,
reversal,KZT,7,2026-06…2026-09,WINDOW_CLOSING,slow,1,0.0,0,0,,0.6067615658362989,,,,,0.6067615658362989,,,4.088731766109763,,,,,,,,,,0.0,,,93.0,1.0,,,,,
reversal,KZT,7,2026-06…2026-09,WINDOW_CLOSING,slow,1,10.0,0,0,,0.6067615658362989,,,,,0.6067615658362989,,,4.088731766109763,,,,,,,,,,0.0,,,93.0,1.0,,,,,
reversal,KZT,7,2026-06…2026-09,WINDOW_CLOSING,slow,1,25.0,0,0,,0.6067615658362989,,,,,0.6067615658362989,,,4.088731766109763,,,,,,,,,,0.0,,,93.0,1.0,,,,,
reversal,KZT,7,2026-06…2026-09,WINDOW_CLOSING,slow,1,50.0,0,0,,0.6067615658362989,,,,,0.6067615658362989,,,4.088731766109763,,,,,,,,,,0.0,,,93.0,1.0,,,,,
reversal,KZT,7,2026-06…2026-09,WINDOW_CLOSING,slow,4,0.0,0,0,,0.6100178890876565,,,,,0.6100178890876565,,,10.235477114305644,,,,,,,,,,0.0,,,93.0,1.0,,,,,
reversal,KZT,7,2026-06…2026-09,WINDOW_CLOSING,slow,4,10.0,0,0,,0.6100178890876565,,,,,0.6100178890876565,,,10.235477114305644,,,,,,,,,,0.0,,,93.0,1.0,,,,,
reversal,KZT,7,2026-06…2026-09,WINDOW_CLOSING,slow,4,25.0,0,0,,0.6100178890876565,,,,,0.6100178890876565,,,10.235477114305644,,,,,,,,,,0.0,,,93.0,1.0,,,,,
reversal,KZT,7,2026-06…2026-09,WINDOW_CLOSING,slow,4,50.0,0,0,,0.6100178890876565,,,,,0.6100178890876565,,,10.235477114305644,,,,,,,,,,0.0,,,93.0,1.0,,,,,
reversal,KZT,7,2026-06…2026-09,WINDOW_CLOSING,slow,9,0.0,0,0,,0.6227436823104693,,,,,0.6227436823104693,,,19.919709630721556,,,,,,,,,,0.0,,,93.0,1.0,,,,,
reversal,KZT,7,2026-06…2026-09,WINDOW_CLOSING,slow,9,10.0,0,0,,0.6227436823104693,,,,,0.6227436823104693,,,19.919709630721556,,,,,,,,,,0.0,,,93.0,1.0,,,,,
reversal,KZT,7,2026-06…2026-09,WINDOW_CLOSING,slow,9,25.0,0,0,,0.6227436823104693,,,,,0.6227436823104693,,,19.919709630721556,,,,,,,,,,0.0,,,93.0,1.0,,,,,
reversal,KZT,7,2026-06…2026-09,WINDOW_CLOSING,slow,9,50.0,0,0,,0.6227436823104693,,,,,0.6227436823104693,,,19.919709630721556,,,,,,,,,,0.0,,,93.0,1.0,,,,,
reversal,KZT,7,2026-06…2026-09,WINDOW_CLOSING,slow,45,0.0,0,0,,0.7007722007722008,,,,,0.7007722007722008,,,93.18900045307596,,,,,,,,,,0.0,,,93.0,1.0,,,,,
reversal,KZT,7,2026-06…2026-09,WINDOW_CLOSING,slow,45,10.0,0,0,,0.7007722007722008,,,,,0.7007722007722008,,,93.18900045307596,,,,,,,,,,0.0,,,93.0,1.0,,,,,
reversal,KZT,7,2026-06…2026-09,WINDOW_CLOSING,slow,45,25.0,0,0,,0.7007722007722008,,,,,0.7007722007722008,,,93.18900045307596,,,,,,,,,,0.0,,,93.0,1.0,,,,,
reversal,KZT,7,2026-06…2026-09,WINDOW_CLOSING,slow,45,50.0,0,0,,0.7007722007722008,,,,,0.7007722007722008,,,93.18900045307596,,,,,,,,,,0.0,,,93.0,1.0,,,,,
reversal,KZT,7,2026-06…2026-09,WINDOW_CLOSING,slow,180,0.0,0,0,,1.0,,,,,1.0,,,414.00143750409694,,,,,,,,,,0.0,,,93.0,1.0,,,,,
reversal,KZT,7,2026-06…2026-09,WINDOW_CLOSING,slow,180,10.0,0,0,,1.0,,,,,1.0,,,414.00143750409694,,,,,,,,,,0.0,,,93.0,1.0,,,,,
reversal,KZT,7,2026-06…2026-09,WINDOW_CLOSING,slow,180,25.0,0,0,,1.0,,,,,1.0,,,414.00143750409694,,,,,,,,,,0.0,,,93.0,1.0,,1.0,0.0,,
reversal,KZT,7,2026-06…2026-09,WINDOW_CLOSING,slow,180,50.0,0,0,,1.0,,,,,1.0,,,414.00143750409694,,,,,,,,,,0.0,,,93.0,1.0,,,,,
dip_vs_trend,KZT,7,2026-06…2026-09,BUY_NOW,medium,1,0.0,2,2,1.0,0.6067615658362989,1.6480938416422288,,,1.0,0.6067615658362989,1.6480938416422288,9.003110165329842,4.088731766109763,4.9143783992200785,,,,,,,30.283188737928455,94.12342445572096,0.14893617021276595,0.0,0.0,89.0,0.75,,,,,
dip_vs_trend,KZT,7,2026-06…2026-09,BUY_NOW,medium,1,10.0,2,2,1.0,0.6832740213523132,1.4635416666666665,,,1.0,0.6832740213523132,1.4635416666666665,9.003110165329842,4.088731766109763,4.9143783992200785,,,,,,,30.283188737928455,94.12342445572096,0.14893617021276595,0.0,0.0,89.0,0.75,,,,,
dip_vs_trend,KZT,7,2026-06…2026-09,BUY_NOW,medium,1,25.0,2,2,1.0,0.7241992882562278,1.3808353808353808,,,1.0,0.7241992882562278,1.3808353808353808,9.003110165329842,4.088731766109763,4.9143783992200785,,,,,,,30.283188737928455,94.12342445572096,0.14893617021276595,0.0,0.0,89.0,0.75,,,,,
dip_vs_trend,KZT,7,2026-06…2026-09,BUY_NOW,medium,1,50.0,2,2,1.0,0.7775800711743772,1.2860411899313502,,,1.0,0.7775800711743772,1.2860411899313502,9.003110165329842,4.088731766109763,4.9143783992200785,,,,,,,30.283188737928455,94.12342445572096,0.14893617021276595,0.0,0.0,89.0,0.75,,,,,
dip_vs_trend,KZT,7,2026-06…2026-09,BUY_NOW,medium,4,0.0,2,2,0.5,0.33810375670840787,1.4788359788359788,,,0.5,0.556350626118068,0.8987138263665595,12.58322827933367,10.235477114305644,2.3477511650280256,,,,,,,44.75944848243985,94.12342445572096,0.14893617021276595,0.0,0.0,89.0,0.75,,,,,
dip_vs_trend,KZT,7,2026-06…2026-09,BUY_NOW,medium,4,10.0,2,2,0.5,0.4007155635062612,1.247767857142857,,,0.5,0.6118067978533095,0.8172514619883041,12.58322827933367,10.235477114305644,2.3477511650280256,,,,,,,44.75944848243985,94.12342445572096,0.14893617021276595,0.0,0.0,89.0,0.75,,,,,
dip_vs_trend,KZT,7,2026-06…2026-09,BUY_NOW,medium,4,25.0,2,2,0.5,0.45080500894454384,1.1091269841269842,,,1.0,0.6815742397137746,1.4671916010498687,12.58322827933367,10.235477114305644,2.3477511650280256,,,,,,,44.75944848243985,94.12342445572096,0.14893617021276595,0.0,0.0,89.0,0.75,,,,,
dip_vs_trend,KZT,7,2026-06…2026-09,BUY_NOW,medium,4,50.0,2,2,0.5,0.5366726296958855,0.9316666666666668,,,1.0,0.7996422182468694,1.250559284116331,12.58322827933367,10.235477114305644,2.3477511650280256,,,,,,,44.75944848243985,94.12342445572096,0.14893617021276595,0.0,0.0,89.0,0.75,,,,,
dip_vs_trend,KZT,7,2026-06…2026-09,BUY_NOW,medium,9,0.0,2,2,0.5,0.23104693140794225,2.1640625,,,0.5,0.5938628158844765,0.8419452887537994,48.0114795264569,19.919709630721556,28.091769895735347,,,,,,,54.09365738388516,94.12342445572096,0.14893617021276595,0.0,0.0,89.0,0.75,,,,,
dip_vs_trend,KZT,7,2026-06…2026-09,BUY_NOW,medium,9,10.0,2,2,0.5,0.2815884476534296,1.7756410256410255,,,0.5,0.6371841155234657,0.7847025495750709,48.0114795264569,19.919709630721556,28.091769895735347,,,,,,,54.09365738388516,94.12342445572096,0.14893617021276595,0.0,0.0,89.0,0.75,,,,,
dip_vs_trend,KZT,7,2026-06…2026-09,BUY_NOW,medium,9,25.0,2,2,0.5,0.33393501805054154,1.497297297297297,,,1.0,0.6949458483754513,1.438961038961039,48.0114795264569,19.919709630721556,28.091769895735347,,,,,,,54.09365738388516,94.12342445572096,0.14893617021276595,0.0,0.0,89.0,0.75,,,,,
dip_vs_trend,KZT,7,2026-06…2026-09,BUY_NOW,medium,9,50.0,2,2,0.5,0.41335740072202165,1.2096069868995634,,,1.0,0.7996389891696751,1.2505643340857788,48.0114795264569,19.919709630721556,28.091769895735347,,,,,,,54.09365738388516,94.12342445572096,0.14893617021276595,0.0,0.0,89.0,0.75,,,,,
dip_vs_trend,KZT,7,2026-06…2026-09,BUY_NOW,medium,45,0.0,2,2,0.5,0.14864864864864866,3.3636363636363633,,,1.0,0.6795366795366795,1.4715909090909092,73.83406298326788,93.18900045307596,-19.35493746980808,,,,,,,94.80096223323353,94.12342445572096,0.14893617021276595,0.0,0.0,89.0,0.75,,,,,
dip_vs_trend,KZT,7,2026-06…2026-09,BUY_NOW,medium,45,10.0,2,2,0.5,0.16023166023166024,3.120481927710843,,,1.0,0.693050193050193,1.4428969359331478,73.83406298326788,93.18900045307596,-19.35493746980808,,,,,,,94.80096223323353,94.12342445572096,0.14893617021276595,0.0,0.0,89.0,0.75,,,,,
dip_vs_trend,KZT,7,2026-06…2026-09,BUY_NOW,medium,45,25.0,2,2,0.5,0.19305019305019305,2.59,,,1.0,0.7297297297297297,1.3703703703703705,73.83406298326788,93.18900045307596,-19.35493746980808,,,,,,,94.80096223323353,94.12342445572096,0.14893617021276595,0.0,0.0,89.0,0.75,,,,,
dip_vs_trend,KZT,7,2026-06…2026-09,BUY_NOW,medium,45,50.0,2,2,0.5,0.26833976833976836,1.8633093525179856,,,1.0,0.7741312741312741,1.2917705735660847,73.83406298326788,93.18900045307596,-19.35493746980808,,,,,,,94.80096223323353,94.12342445572096,0.14893617021276595,0.0,0.0,89.0,0.75,,,,,
dip_vs_trend,KZT,7,2026-06…2026-09,BUY_NOW,medium,180,0.0,2,2,0.0,0.10704960835509138,0.0,,,1.0,0.9895561357702349,1.0105540897097627,153.44096732825884,414.00143750409694,-260.5604701758381,,,,,,,321.98505831235735,94.12342445572096,0.14893617021276595,0.0,0.0,89.0,0.75,,,,,
dip_vs_trend,KZT,7,2026-06…2026-09,BUY_NOW,medium,180,10.0,2,2,0.0,0.1227154046997389,0.0,,,1.0,0.9921671018276762,1.0078947368421054,153.44096732825884,414.00143750409694,-260.5604701758381,,,,,,,321.98505831235735,94.12342445572096,0.14893617021276595,0.0,0.0,89.0,0.75,,,,,
dip_vs_trend,KZT,7,2026-06…2026-09,BUY_NOW,medium,180,25.0,2,2,0.0,0.14360313315926893,0.0,,,1.0,0.9947780678851175,1.005249343832021,153.44096732825884,414.00143750409694,-260.5604701758381,,,,,,,321.98505831235735,94.12342445572096,0.14893617021276595,0.0,0.0,89.0,0.75,1.0,0.9947780678851175,2.0,1.005249343832021,-260.5604701758381
dip_vs_trend,KZT,7,2026-06…2026-09,BUY_NOW,medium,180,50.0,2,2,0.0,0.20887728459530025,0.0,,,1.0,0.9947780678851175,1.005249343832021,153.44096732825884,414.00143750409694,-260.5604701758381,,,,,,,321.98505831235735,94.12342445572096,0.14893617021276595,0.0,0.0,89.0,0.75,,,,,
momentum,AMD,0,2023-06…2023-11,BUY_NOW,fast,1,0.0,43,43,0.6046511627906976,0.5521262002743484,1.0951321681352013,0.800288892098801,1.3478549761664018,0.6046511627906976,0.5521262002743484,1.0951321681352013,26.178370372537422,0.82621857477024,25.35215179776718,-5.936930274052107,66.22622931186893,-5.110711699281866,67.05244788663917,-2.00732165691232,61.9996055410104,32.069724686472505,24.64018451496577,1.644808743169399,0.0,0.24011715890373184,7.0,0.0,,,,,
momentum,AMD,0,2023-06…2023-11,BUY_NOW,fast,1,10.0,43,43,0.6976744186046512,0.6371742112482853,1.0949508098230156,0.8759606478584123,1.3139409717876187,0.6976744186046512,0.6371742112482853,1.0949508098230156,26.178370372537422,0.82621857477024,25.35215179776718,-5.936930274052107,66.22622931186893,-5.110711699281866,67.05244788663917,-2.00732165691232,61.9996055410104,32.069724686472505,24.64018451496577,1.644808743169399,0.0,0.24011715890373184,7.0,0.0,,,,,
momentum,AMD,0,2023-06…2023-11,BUY_NOW,fast,1,25.0,43,43,0.813953488372093,0.7071330589849109,1.151061286175084,0.9866239595786435,1.3154986127715245,0.813953488372093,0.7071330589849109,1.151061286175084,26.178370372537422,0.82621857477024,25.35215179776718,-5.936930274052107,66.22622931186893,-5.110711699281866,67.05244788663917,-2.00732165691232,61.9996055410104,32.069724686472505,24.64018451496577,1.644808743169399,0.0,0.24011715890373184,7.0,0.0,,,,,
momentum,AMD,0,2023-06…2023-11,BUY_NOW,fast,1,50.0,43,43,0.9069767441860465,0.8106995884773662,1.1187581159249202,1.0040136937787747,1.2048164325345296,0.9069767441860465,0.8106995884773662,1.1187581159249202,26.178370372537422,0.82621857477024,25.35215179776718,-5.936930274052107,66.22622931186893,-5.110711699281866,67.05244788663917,-2.00732165691232,61.9996055410104,32.069724686472505,24.64018451496577,1.644808743169399,0.0,0.24011715890373184,7.0,0.0,,,,,
momentum,AMD,0,2023-06…2023-11,BUY_NOW,fast,4,0.0,43,43,0.32558139534883723,0.27914951989026066,1.166333352379864,0.6664762013599222,1.6661905033998055,0.627906976744186,0.5473251028806584,1.1472285364574228,20.19399832567603,1.494135262052668,18.69986306362336,1.7704938781376636,37.25305877008775,3.2646291401903316,38.74719403214041,7.929747019022548,29.54471016993584,39.05612116478518,24.64018451496577,1.644808743169399,0.0,0.24011715890373184,7.0,0.0,,,,,
momentum,AMD,0,2023-06…2023-11,BUY_NOW,fast,4,10.0,43,43,0.4186046511627907,0.3449931412894376,1.2133709371676915,0.7415044616024782,1.6178279162235887,0.7209302325581395,0.6152263374485597,1.1718130201446681,20.19399832567603,1.494135262052668,18.69986306362336,1.7704938781376636,37.25305877008775,3.2646291401903316,38.74719403214041,7.929747019022548,29.54471016993584,39.05612116478518,24.64018451496577,1.644808743169399,0.0,0.24011715890373184,7.0,0.0,,,,,
momentum,AMD,0,2023-06…2023-11,BUY_NOW,fast,4,25.0,43,43,0.5348837209302325,0.42661179698216734,1.2537949599940177,0.9267180139086219,1.5808719060794139,0.813953488372093,0.6899862825788752,1.1796661889130333,20.19399832567603,1.494135262052668,18.69986306362336,1.7704938781376636,37.25305877008775,3.2646291401903316,38.74719403214041,7.929747019022548,29.54471016993584,39.05612116478518,24.64018451496577,1.644808743169399,0.0,0.24011715890373184,7.0,0.0,,,,,
momentum,AMD,0,2023-06…2023-11,BUY_NOW,fast,4,50.0,43,43,0.6744186046511628,0.5706447187928669,1.1818537567084078,0.9373322898032199,1.4263752236135958,0.8837209302325582,0.8024691358024691,1.1012522361359571,20.19399832567603,1.494135262052668,18.69986306362336,1.7704938781376636,37.25305877008775,3.2646291401903316,38.74719403214041,7.929747019022548,29.54471016993584,39.05612116478518,24.64018451496577,1.644808743169399,0.0,0.24011715890373184,7.0,0.0,,,,,
momentum,AMD,0,2023-06…2023-11,BUY_NOW,fast,9,0.0,43,43,0.20930232558139536,0.18381344307270234,1.1386671294689343,0.5060742797639708,1.771259979173898,0.6046511627906976,0.5555555555555556,1.0883720930232557,18.87199891006649,2.550997525422942,16.321001384643548,-3.4855691568519567,35.61219895670652,-0.934571631429015,38.163196482129464,-3.4621954841767923,33.066384594838425,26.09186924795997,24.64018451496577,1.644808743169399,0.0,0.24011715890373184,7.0,0.0,,,,,
momentum,AMD,0,2023-06…2023-11,BUY_NOW,fast,9,10.0,43,43,0.2558139534883721,0.23388203017832648,1.0937734433608401,0.5966036963786401,1.6903771397394802,0.6744186046511628,0.6131687242798354,1.0998907444982051,18.87199891006649,2.550997525422942,16.321001384643548,-3.4855691568519567,35.61219895670652,-0.934571631429015,38.163196482129464,-3.4621954841767923,33.066384594838425,26.09186924795997,24.64018451496577,1.644808743169399,0.0,0.24011715890373184,7.0,0.0,,,,,
momentum,AMD,0,2023-06…2023-11,BUY_NOW,fast,9,25.0,43,43,0.3488372093023256,0.3058984910836763,1.1403691730107415,0.6842215038064449,1.596516842215038,0.7441860465116279,0.6803840877914952,1.0937734433608401,18.87199891006649,2.550997525422942,16.321001384643548,-3.4855691568519567,35.61219895670652,-0.934571631429015,38.163196482129464,-3.4621954841767923,33.066384594838425,26.09186924795997,24.64018451496577,1.644808743169399,0.0,0.24011715890373184,7.0,0.0,,,,,
momentum,AMD,0,2023-06…2023-11,BUY_NOW,fast,9,50.0,43,43,0.4883720930232558,0.448559670781893,1.0887561339876253,0.7776829528483038,1.3998293151269467,0.8372093023255814,0.7750342935528121,1.0802222679563698,18.87199891006649,2.550997525422942,16.321001384643548,-3.4855691568519567,35.61219895670652,-0.934571631429015,38.163196482129464,-3.4621954841767923,33.066384594838425,26.09186924795997,24.64018451496577,1.644808743169399,0.0,0.24011715890373184,7.0,0.0,,,,,
momentum,AMD,0,2023-06…2023-11,BUY_NOW,fast,45,0.0,43,43,0.09302325581395349,0.09739368998628258,0.9551261054700295,0.23878152636750738,1.910252210940059,0.5348837209302325,0.5445816186556928,0.9821920215570263,13.378977433793066,11.79913909185295,1.5798383419401159,-44.74056905992409,49.203286758471506,-32.94142996807114,61.00242585032446,-39.79915086302297,64.08610277138935,13.969587738752995,24.64018451496577,1.644808743169399,0.0,0.24011715890373184,7.0,0.0,,,,,
momentum,AMD,0,2023-06…2023-11,BUY_NOW,fast,45,10.0,43,43,0.11627906976744186,0.1310013717421125,0.8876171922561792,0.17752343845123583,1.5977109460611227,0.6046511627906976,0.5802469135802469,1.0420583869371598,13.378977433793066,11.79913909185295,1.5798383419401159,-44.74056905992409,49.203286758471506,-32.94142996807114,61.00242585032446,-39.79915086302297,64.08610277138935,13.969587738752995,24.64018451496577,1.644808743169399,0.0,0.24011715890373184,7.0,0.0,,,,,
momentum,AMD,0,2023-06…2023-11,BUY_NOW,fast,45,25.0,43,43,0.16279069767441862,0.17146776406035666,0.9493953488372093,0.40688372093023256,1.6275348837209302,0.6744186046511628,0.6268861454046639,1.075823113327566,13.378977433793066,11.79913909185295,1.5798383419401159,-44.74056905992409,49.203286758471506,-32.94142996807114,61.00242585032446,-39.79915086302297,64.08610277138935,13.969587738752995,24.64018451496577,1.644808743169399,0.0,0.24011715890373184,7.0,0.0,,,,,
momentum,AMD,0,2023-06…2023-11,BUY_NOW,fast,45,50.0,43,43,0.27906976744186046,0.25102880658436216,1.1117041555470835,0.5558520777735417,1.667556233320625,0.7441860465116279,0.7030178326474623,1.0585592739648326,13.378977433793066,11.79913909185295,1.5798383419401159,-44.74056905992409,49.203286758471506,-32.94142996807114,61.00242585032446,-39.79915086302297,64.08610277138935,13.969587738752995,24.64018451496577,1.644808743169399,0.0,0.24011715890373184,7.0,0.0,,,,,
momentum,AMD,0,2023-06…2023-11,BUY_NOW,fast,180,0.0,43,43,0.046511627906976744,0.04938271604938271,0.9418604651162791,0.0,2.354651162790698,0.5116279069767442,0.5212620027434842,0.9815177478580172,57.60966806431286,42.08620817792662,15.523459886386235,-73.30866483293846,99.25207332533499,-31.222456655011843,141.3382815032616,-98.30489708269377,228.511604780162,15.310530093423997,24.64018451496577,1.644808743169399,0.0,0.24011715890373184,7.0,0.0,,,,,
momentum,AMD,0,2023-06…2023-11,BUY_NOW,fast,180,10.0,43,43,0.06976744186046512,0.06927297668038408,1.0071379230946351,0.0,2.3499884872208154,0.5116279069767442,0.5308641975308642,0.9637641968631693,57.60966806431286,42.08620817792662,15.523459886386235,-73.30866483293846,99.25207332533499,-31.222456655011843,141.3382815032616,-98.30489708269377,228.511604780162,15.310530093423997,24.64018451496577,1.644808743169399,0.0,0.24011715890373184,7.0,0.0,,,,,
momentum,AMD,0,2023-06…2023-11,BUY_NOW,fast,180,25.0,43,43,0.11627906976744186,0.0953360768175583,1.2196754224527353,0.24393508449054707,2.195415760414924,0.5116279069767442,0.5411522633744856,0.9454416836148201,57.60966806431286,42.08620817792662,15.523459886386235,-73.30866483293846,99.25207332533499,-31.222456655011843,141.3382815032616,-98.30489708269377,228.511604780162,15.310530093423997,24.64018451496577,1.644808743169399,0.0,0.24011715890373184,7.0,0.0,0.47368421052631576,0.5289514866979655,38.0,0.8955154157583307,4.574237585178267
momentum,AMD,0,2023-06…2023-11,BUY_NOW,fast,180,50.0,43,43,0.18604651162790697,0.144718792866941,1.285572577978618,0.48208971674198176,2.089055439215254,0.5581395348837209,0.5603566529492455,0.9960433804901654,57.60966806431286,42.08620817792662,15.523459886386235,-73.30866483293846,99.25207332533499,-31.222456655011843,141.3382815032616,-98.30489708269377,228.511604780162,15.310530093423997,24.64018451496577,1.644808743169399,0.0,0.24011715890373184,7.0,0.0,,,,,
level,AMD,0,2023-06…2023-11,BUY_NOW,medium,1,0.0,18,18,0.6666666666666666,0.5521262002743484,1.2074534161490682,0.8049689440993788,1.6099378881987576,0.6666666666666666,0.5521262002743484,1.2074534161490682,29.110854307222212,0.82621857477024,28.28463573245197,-9.352564737432582,69.73224709970305,-8.526346162662342,70.55846567447328,17.59971619927858,204.08163265306146,35.35616202695786,-22.0956018384035,0.6885245901639344,0.0,0.06837606837606837,120.0,0.5,,,,,
level,AMD,0,2023-06…2023-11,BUY_NOW,medium,1,10.0,18,18,0.7777777777777778,0.6371742112482853,1.2206673842841766,0.8719052744886976,1.4822389666307858,0.7777777777777778,0.6371742112482853,1.2206673842841766,29.110854307222212,0.82621857477024,28.28463573245197,-9.352564737432582,69.73224709970305,-8.526346162662342,70.55846567447328,17.59971619927858,204.08163265306146,35.35616202695786,-22.0956018384035,0.6885245901639344,0.0,0.06837606837606837,120.0,0.5,,,,,
level,AMD,0,2023-06…2023-11,BUY_NOW,medium,1,25.0,18,18,0.9444444444444444,0.7071330589849109,1.3355965082444228,1.1784675072744908,1.414161008729389,0.9444444444444444,0.7071330589849109,1.3355965082444228,29.110854307222212,0.82621857477024,28.28463573245197,-9.352564737432582,69.73224709970305,-8.526346162662342,70.55846567447328,17.59971619927858,204.08163265306146,35.35616202695786,-22.0956018384035,0.6885245901639344,0.0,0.06837606837606837,120.0,0.5,,,,,
level,AMD,0,2023-06…2023-11,BUY_NOW,medium,1,50.0,18,18,0.9444444444444444,0.8106995884773662,1.1649746192893402,1.0279187817258884,1.233502538071066,0.9444444444444444,0.8106995884773662,1.1649746192893402,29.110854307222212,0.82621857477024,28.28463573245197,-9.352564737432582,69.73224709970305,-8.526346162662342,70.55846567447328,17.59971619927858,204.08163265306146,35.35616202695786,-22.0956018384035,0.6885245901639344,0.0,0.06837606837606837,120.0,0.5,,,,,
level,AMD,0,2023-06…2023-11,BUY_NOW,medium,4,0.0,18,18,0.2222222222222222,0.27914951989026066,0.796068796068796,0.199017199017199,1.592137592137592,0.5555555555555556,0.5473251028806584,1.0150375939849625,-11.308666029842138,1.494135262052668,-12.802801291894806,-48.7728327776391,14.610589350868272,-47.27869751558644,16.10472461292094,-25.631056598897924,4.081632653061273,15.14122323112716,-22.0956018384035,0.6885245901639344,0.0,0.06837606837606837,120.0,0.5,,,,,
level,AMD,0,2023-06…2023-11,BUY_NOW,medium,4,10.0,18,18,0.3333333333333333,0.3449931412894376,0.9662027833001987,0.3220675944333996,1.6103379721669981,0.5555555555555556,0.6152263374485597,0.903010033444816,-11.308666029842138,1.494135262052668,-12.802801291894806,-48.7728327776391,14.610589350868272,-47.27869751558644,16.10472461292094,-25.631056598897924,4.081632653061273,15.14122323112716,-22.0956018384035,0.6885245901639344,0.0,0.06837606837606837,120.0,0.5,,,,,
level,AMD,0,2023-06…2023-11,BUY_NOW,medium,4,25.0,18,18,0.3888888888888889,0.42661179698216734,0.9115755627009647,0.39067524115755625,1.4324758842443732,0.5555555555555556,0.6899862825788752,0.8051689860834991,-11.308666029842138,1.494135262052668,-12.802801291894806,-48.7728327776391,14.610589350868272,-47.27869751558644,16.10472461292094,-25.631056598897924,4.081632653061273,15.14122323112716,-22.0956018384035,0.6885245901639344,0.0,0.06837606837606837,120.0,0.5,,,,,
level,AMD,0,2023-06…2023-11,BUY_NOW,medium,4,50.0,18,18,0.3888888888888889,0.5706447187928669,0.6814903846153846,0.29206730769230765,1.0709134615384617,0.8888888888888888,0.8024691358024691,1.1076923076923075,-11.308666029842138,1.494135262052668,-12.802801291894806,-48.7728327776391,14.610589350868272,-47.27869751558644,16.10472461292094,-25.631056598897924,4.081632653061273,15.14122323112716,-22.0956018384035,0.6885245901639344,0.0,0.06837606837606837,120.0,0.5,,,,,
level,AMD,0,2023-06…2023-11,BUY_NOW,medium,9,0.0,18,18,0.16666666666666666,0.18381344307270234,0.9067164179104477,0.0,1.8134328358208953,0.3888888888888889,0.5555555555555556,0.7,-13.731692848890392,2.550997525422942,-16.282690374313333,-56.70386591235466,21.261108323432673,-54.152868386931715,23.812105848855616,-98.52607709750494,-5.655732385680817,19.881330229250786,-22.0956018384035,0.6885245901639344,0.0,0.06837606837606837,120.0,0.5,,,,,
level,AMD,0,2023-06…2023-11,BUY_NOW,medium,9,10.0,18,18,0.2222222222222222,0.23388203017832648,0.9501466275659823,0.23753665689149558,1.9002932551319647,0.4444444444444444,0.6131687242798354,0.7248322147651006,-13.731692848890392,2.550997525422942,-16.282690374313333,-56.70386591235466,21.261108323432673,-54.152868386931715,23.812105848855616,-98.52607709750494,-5.655732385680817,19.881330229250786,-22.0956018384035,0.6885245901639344,0.0,0.06837606837606837,120.0,0.5,,,,,
level,AMD,0,2023-06…2023-11,BUY_NOW,medium,9,25.0,18,18,0.2222222222222222,0.3058984910836763,0.7264573991031389,0.18161434977578472,1.4529147982062778,0.4444444444444444,0.6803840877914952,0.6532258064516129,-13.731692848890392,2.550997525422942,-16.282690374313333,-56.70386591235466,21.261108323432673,-54.152868386931715,23.812105848855616,-98.52607709750494,-5.655732385680817,19.881330229250786,-22.0956018384035,0.6885245901639344,0.0,0.06837606837606837,120.0,0.5,,,,,
level,AMD,0,2023-06…2023-11,BUY_NOW,medium,9,50.0,18,18,0.2222222222222222,0.448559670781893,0.4954128440366972,0.1238532110091743,0.9908256880733944,0.7777777777777778,0.7750342935528121,1.0035398230088497,-13.731692848890392,2.550997525422942,-16.282690374313333,-56.70386591235466,21.261108323432673,-54.152868386931715,23.812105848855616,-98.52607709750494,-5.655732385680817,19.881330229250786,-22.0956018384035,0.6885245901639344,0.0,0.06837606837606837,120.0,0.5,,,,,
level,AMD,0,2023-06…2023-11,BUY_NOW,medium,45,0.0,18,18,0.05555555555555555,0.09739368998628258,0.5704225352112676,0.0,1.7112676056338028,0.3888888888888889,0.5445816186556928,0.7141057934508815,-10.878915373936742,11.79913909185295,-22.678054465789693,-93.12798861277025,54.31679525078789,-81.3288495209173,66.11593434264084,-309.297052154196,46.21044583186906,42.0167604654438,-22.0956018384035,0.6885245901639344,0.0,0.06837606837606837,120.0,0.5,,,,,
level,AMD,0,2023-06…2023-11,BUY_NOW,medium,45,10.0,18,18,0.05555555555555555,0.1310013717421125,0.4240837696335078,0.0,1.2722513089005234,0.3888888888888889,0.5802469135802469,0.6702127659574468,-10.878915373936742,11.79913909185295,-22.678054465789693,-93.12798861277025,54.31679525078789,-81.3288495209173,66.11593434264084,-309.297052154196,46.21044583186906,42.0167604654438,-22.0956018384035,0.6885245901639344,0.0,0.06837606837606837,120.0,0.5,,,,,
level,AMD,0,2023-06…2023-11,BUY_NOW,medium,45,25.0,18,18,0.05555555555555555,0.17146776406035666,0.32399999999999995,0.0,0.9719999999999999,0.5,0.6268861454046639,0.7975929978118163,-10.878915373936742,11.79913909185295,-22.678054465789693,-93.12798861277025,54.31679525078789,-81.3288495209173,66.11593434264084,-309.297052154196,46.21044583186906,42.0167604654438,-22.0956018384035,0.6885245901639344,0.0,0.06837606837606837,120.0,0.5,,,,,
level,AMD,0,2023-06…2023-11,BUY_NOW,medium,45,50.0,18,18,0.1111111111111111,0.25102880658436216,0.44262295081967207,0.0,1.1065573770491803,0.7222222222222222,0.7030178326474623,1.0273170731707317,-10.878915373936742,11.79913909185295,-22.678054465789693,-93.12798861277025,54.31679525078789,-81.3288495209173,66.11593434264084,-309.297052154196,46.21044583186906,42.0167604654438,-22.0956018384035,0.6885245901639344,0.0,0.06837606837606837,120.0,0.5,,,,,
level,AMD,0,2023-06…2023-11,BUY_NOW,medium,180,0.0,18,18,0.05555555555555555,0.04938271604938271,1.125,0.0,3.375,0.2777777777777778,0.5212620027434842,0.5328947368421053,-102.3338049264331,42.08620817792662,-144.42001310435973,-237.81313088662404,-44.80260930419502,-195.72692270869743,-2.716401126268399,-157.26634272748024,-58.00896607797269,77.85981310821724,-22.0956018384035,0.6885245901639344,0.0,0.06837606837606837,120.0,0.5,,,,,
level,AMD,0,2023-06…2023-11,BUY_NOW,medium,180,10.0,18,18,0.05555555555555555,0.06927297668038408,0.801980198019802,0.0,2.405940594059406,0.2777777777777778,0.5308641975308642,0.5232558139534884,-102.3338049264331,42.08620817792662,-144.42001310435973,-237.81313088662404,-44.80260930419502,-195.72692270869743,-2.716401126268399,-157.26634272748024,-58.00896607797269,77.85981310821724,-22.0956018384035,0.6885245901639344,0.0,0.06837606837606837,120.0,0.5,,,,,
level,AMD,0,2023-06…2023-11,BUY_NOW,medium,180,25.0,18,18,0.05555555555555555,0.0953360768175583,0.5827338129496402,0.0,1.7482014388489207,0.2777777777777778,0.5411522633744856,0.5133079847908745,-102.3338049264331,42.08620817792662,-144.42001310435973,-237.81313088662404,-44.80260930419502,-195.72692270869743,-2.716401126268399,-157.26634272748024,-58.00896607797269,77.85981310821724,-22.0956018384035,0.6885245901639344,0.0,0.06837606837606837,120.0,0.5,0.09090909090909091,0.5289514866979655,11.0,0.17186659494351803,-209.00717675014712
level,AMD,0,2023-06…2023-11,BUY_NOW,medium,180,50.0,18,18,0.05555555555555555,0.144718792866941,0.38388625592417064,0.0,1.1516587677725119,0.2777777777777778,0.5603566529492455,0.49571603427172584,-102.3338049264331,42.08620817792662,-144.42001310435973,-237.81313088662404,-44.80260930419502,-195.72692270869743,-2.716401126268399,-157.26634272748024,-58.00896607797269,77.85981310821724,-22.0956018384035,0.6885245901639344,0.0,0.06837606837606837,120.0,0.5,,,,,
reversal,AMD,0,2023-06…2023-11,WINDOW_CLOSING,slow,1,0.0,13,13,0.6153846153846154,0.5521262002743484,1.1145723841376016,0.5572861920688008,1.5325370281892021,0.6153846153846154,0.5521262002743484,1.1145723841376016,22.978917835244552,0.82621857477024,22.15269926047431,-22.472972942541432,74.36068036039835,-21.64675436777119,75.18689893516859,16.560864036143208,26.990201459682893,3.801888485810252,-27.074396495299933,0.4972677595628415,0.0,0.9126282980172576,124.0,0.6666666666666666,,,,,
reversal,AMD,0,2023-06…2023-11,WINDOW_CLOSING,slow,1,10.0,13,13,0.6153846153846154,0.5521262002743484,1.1145723841376016,0.5572861920688008,1.5325370281892021,0.6153846153846154,0.5521262002743484,1.1145723841376016,22.978917835244552,0.82621857477024,22.15269926047431,-22.472972942541432,74.36068036039835,-21.64675436777119,75.18689893516859,16.560864036143208,26.990201459682893,3.801888485810252,-27.074396495299933,0.4972677595628415,0.0,0.9126282980172576,124.0,0.6666666666666666,,,,,
reversal,AMD,0,2023-06…2023-11,WINDOW_CLOSING,slow,1,25.0,13,13,0.6153846153846154,0.5521262002743484,1.1145723841376016,0.5572861920688008,1.5325370281892021,0.6153846153846154,0.5521262002743484,1.1145723841376016,22.978917835244552,0.82621857477024,22.15269926047431,-22.472972942541432,74.36068036039835,-21.64675436777119,75.18689893516859,16.560864036143208,26.990201459682893,3.801888485810252,-27.074396495299933,0.4972677595628415,0.0,0.9126282980172576,124.0,0.6666666666666666,,,,,
reversal,AMD,0,2023-06…2023-11,WINDOW_CLOSING,slow,1,50.0,13,13,0.6153846153846154,0.5521262002743484,1.1145723841376016,0.5572861920688008,1.5325370281892021,0.6153846153846154,0.5521262002743484,1.1145723841376016,22.978917835244552,0.82621857477024,22.15269926047431,-22.472972942541432,74.36068036039835,-21.64675436777119,75.18689893516859,16.560864036143208,26.990201459682893,3.801888485810252,-27.074396495299933,0.4972677595628415,0.0,0.9126282980172576,124.0,0.6666666666666666,,,,,
reversal,AMD,0,2023-06…2023-11,WINDOW_CLOSING,slow,4,0.0,13,13,0.46153846153846156,0.5301783264746228,0.8705343815305006,0.4352671907652503,1.4508906358841676,0.46153846153846156,0.5301783264746228,0.8705343815305006,13.333730175016937,1.494135262052668,11.83959491296427,-33.35162880235819,66.34245250742643,-31.857493540305526,67.8365877694791,13.159461277062467,13.612560411744079,14.875656002694136,-27.074396495299933,0.4972677595628415,0.0,0.9126282980172576,124.0,0.6666666666666666,,,,,
reversal,AMD,0,2023-06…2023-11,WINDOW_CLOSING,slow,4,10.0,13,13,0.46153846153846156,0.5301783264746228,0.8705343815305006,0.4352671907652503,1.4508906358841676,0.46153846153846156,0.5301783264746228,0.8705343815305006,13.333730175016937,1.494135262052668,11.83959491296427,-33.35162880235819,66.34245250742643,-31.857493540305526,67.8365877694791,13.159461277062467,13.612560411744079,14.875656002694136,-27.074396495299933,0.4972677595628415,0.0,0.9126282980172576,124.0,0.6666666666666666,,,,,
reversal,AMD,0,2023-06…2023-11,WINDOW_CLOSING,slow,4,25.0,13,13,0.46153846153846156,0.5301783264746228,0.8705343815305006,0.4352671907652503,1.4508906358841676,0.46153846153846156,0.5301783264746228,0.8705343815305006,13.333730175016937,1.494135262052668,11.83959491296427,-33.35162880235819,66.34245250742643,-31.857493540305526,67.8365877694791,13.159461277062467,13.612560411744079,14.875656002694136,-27.074396495299933,0.4972677595628415,0.0,0.9126282980172576,124.0,0.6666666666666666,,,,,
reversal,AMD,0,2023-06…2023-11,WINDOW_CLOSING,slow,4,50.0,13,13,0.46153846153846156,0.5301783264746228,0.8705343815305006,0.4352671907652503,1.4508906358841676,0.46153846153846156,0.5301783264746228,0.8705343815305006,13.333730175016937,1.494135262052668,11.83959491296427,-33.35162880235819,66.34245250742643,-31.857493540305526,67.8365877694791,13.159461277062467,13.612560411744079,14.875656002694136,-27.074396495299933,0.4972677595628415,0.0,0.9126282980172576,124.0,0.6666666666666666,,,,,
reversal,AMD,0,2023-06…2023-11,WINDOW_CLOSING,slow,9,0.0,13,13,0.3076923076923077,0.5274348422496571,0.5833750125037511,0.14584375312593778,1.0209062718815645,0.3076923076923077,0.5274348422496571,0.5833750125037511,-7.301495226919204,2.550997525422942,-9.852492752342146,-46.01667848820897,32.7862604814848,-43.465680962786024,35.337258006907746,-11.459899564167712,-4.702492516138886,3.0868857350388237,-27.074396495299933,0.4972677595628415,0.0,0.9126282980172576,124.0,0.6666666666666666,,,,,
reversal,AMD,0,2023-06…2023-11,WINDOW_CLOSING,slow,9,10.0,13,13,0.3076923076923077,0.5274348422496571,0.5833750125037511,0.14584375312593778,1.0209062718815645,0.3076923076923077,0.5274348422496571,0.5833750125037511,-7.301495226919204,2.550997525422942,-9.852492752342146,-46.01667848820897,32.7862604814848,-43.465680962786024,35.337258006907746,-11.459899564167712,-4.702492516138886,3.0868857350388237,-27.074396495299933,0.4972677595628415,0.0,0.9126282980172576,124.0,0.6666666666666666,,,,,
reversal,AMD,0,2023-06…2023-11,WINDOW_CLOSING,slow,9,25.0,13,13,0.3076923076923077,0.5274348422496571,0.5833750125037511,0.14584375312593778,1.0209062718815645,0.3076923076923077,0.5274348422496571,0.5833750125037511,-7.301495226919204,2.550997525422942,-9.852492752342146,-46.01667848820897,32.7862604814848,-43.465680962786024,35.337258006907746,-11.459899564167712,-4.702492516138886,3.0868857350388237,-27.074396495299933,0.4972677595628415,0.0,0.9126282980172576,124.0,0.6666666666666666,,,,,
reversal,AMD,0,2023-06…2023-11,WINDOW_CLOSING,slow,9,50.0,13,13,0.3076923076923077,0.5274348422496571,0.5833750125037511,0.14584375312593778,1.0209062718815645,0.3076923076923077,0.5274348422496571,0.5833750125037511,-7.301495226919204,2.550997525422942,-9.852492752342146,-46.01667848820897,32.7862604814848,-43.465680962786024,35.337258006907746,-11.459899564167712,-4.702492516138886,3.0868857350388237,-27.074396495299933,0.4972677595628415,0.0,0.9126282980172576,124.0,0.6666666666666666,,,,,
reversal,AMD,0,2023-06…2023-11,WINDOW_CLOSING,slow,45,0.0,13,13,0.38461538461538464,0.5404663923182441,0.7116360796563843,0.28465443186255374,1.2809449433814917,0.38461538461538464,0.5404663923182441,0.7116360796563843,-19.863477290122685,11.79913909185295,-31.662616381975635,-101.96509620750687,36.85308755544585,-90.16595711565392,48.652226647298804,-22.9274600384205,-14.961104892846189,19.63841736052745,-27.074396495299933,0.4972677595628415,0.0,0.9126282980172576,124.0,0.6666666666666666,,,,,
reversal,AMD,0,2023-06…2023-11,WINDOW_CLOSING,slow,45,10.0,13,13,0.38461538461538464,0.5404663923182441,0.7116360796563843,0.28465443186255374,1.2809449433814917,0.38461538461538464,0.5404663923182441,0.7116360796563843,-19.863477290122685,11.79913909185295,-31.662616381975635,-101.96509620750687,36.85308755544585,-90.16595711565392,48.652226647298804,-22.9274600384205,-14.961104892846189,19.63841736052745,-27.074396495299933,0.4972677595628415,0.0,0.9126282980172576,124.0,0.6666666666666666,,,,,
reversal,AMD,0,2023-06…2023-11,WINDOW_CLOSING,slow,45,25.0,13,13,0.38461538461538464,0.5404663923182441,0.7116360796563843,0.28465443186255374,1.2809449433814917,0.38461538461538464,0.5404663923182441,0.7116360796563843,-19.863477290122685,11.79913909185295,-31.662616381975635,-101.96509620750687,36.85308755544585,-90.16595711565392,48.652226647298804,-22.9274600384205,-14.961104892846189,19.63841736052745,-27.074396495299933,0.4972677595628415,0.0,0.9126282980172576,124.0,0.6666666666666666,,,,,
reversal,AMD,0,2023-06…2023-11,WINDOW_CLOSING,slow,45,50.0,13,13,0.38461538461538464,0.5404663923182441,0.7116360796563843,0.28465443186255374,1.2809449433814917,0.38461538461538464,0.5404663923182441,0.7116360796563843,-19.863477290122685,11.79913909185295,-31.662616381975635,-101.96509620750687,36.85308755544585,-90.16595711565392,48.652226647298804,-22.9274600384205,-14.961104892846189,19.63841736052745,-27.074396495299933,0.4972677595628415,0.0,0.9126282980172576,124.0,0.6666666666666666,,,,,
reversal,AMD,0,2023-06…2023-11,WINDOW_CLOSING,slow,180,0.0,13,13,0.3076923076923077,0.5281207133058985,0.5826173826173826,0.14565434565434565,1.0195804195804195,0.3076923076923077,0.5281207133058985,0.5826173826173826,-99.23068435771627,42.08620817792662,-141.3168925356429,-277.9221424304785,-6.30968035982481,-235.8359342525519,35.77652781810181,-221.2581002814612,96.01318112027558,53.60054184459891,-27.074396495299933,0.4972677595628415,0.0,0.9126282980172576,124.0,0.6666666666666666,,,,,
reversal,AMD,0,2023-06…2023-11,WINDOW_CLOSING,slow,180,10.0,13,13,0.3076923076923077,0.5281207133058985,0.5826173826173826,0.14565434565434565,1.0195804195804195,0.3076923076923077,0.5281207133058985,0.5826173826173826,-99.23068435771627,42.08620817792662,-141.3168925356429,-277.9221424304785,-6.30968035982481,-235.8359342525519,35.77652781810181,-221.2581002814612,96.01318112027558,53.60054184459891,-27.074396495299933,0.4972677595628415,0.0,0.9126282980172576,124.0,0.6666666666666666,,,,,
reversal,AMD,0,2023-06…2023-11,WINDOW_CLOSING,slow,180,25.0,13,13,0.3076923076923077,0.5281207133058985,0.5826173826173826,0.14565434565434565,1.0195804195804195,0.3076923076923077,0.5281207133058985,0.5826173826173826,-99.23068435771627,42.08620817792662,-141.3168925356429,-277.9221424304785,-6.30968035982481,-235.8359342525519,35.77652781810181,-221.2581002814612,96.01318112027558,53.60054184459891,-27.074396495299933,0.4972677595628415,0.0,0.9126282980172576,124.0,0.6666666666666666,0.0,0.5054773082942097,8.0,0.0,-270.99867413469894
reversal,AMD,0,2023-06…2023-11,WINDOW_CLOSING,slow,180,50.0,13,13,0.3076923076923077,0.5281207133058985,0.5826173826173826,0.14565434565434565,1.0195804195804195,0.3076923076923077,0.5281207133058985,0.5826173826173826,-99.23068435771627,42.08620817792662,-141.3168925356429,-277.9221424304785,-6.30968035982481,-235.8359342525519,35.77652781810181,-221.2581002814612,96.01318112027558,53.60054184459891,-27.074396495299933,0.4972677595628415,0.0,0.9126282980172576,124.0,0.6666666666666666,,,,,
dip_vs_trend,AMD,0,2023-06…2023-11,BUY_NOW,medium,1,0.0,19,19,0.7368421052631579,0.5521262002743484,1.334553775743707,0.9532526969597906,1.6205295848316443,0.7368421052631579,0.5521262002743484,1.334553775743707,19.861678952348285,0.82621857477024,19.035460377578044,-8.143321964755524,47.99362296047436,-7.3171033899852835,48.8198415352446,3.75279872659552,35.0598799624246,29.495329528716912,34.82984789610475,0.726775956284153,0.0,0.5541085966703745,46.0,0.16666666666666666,,,,,
dip_vs_trend,AMD,0,2023-06…2023-11,BUY_NOW,medium,1,10.0,19,19,0.7368421052631579,0.6371742112482853,1.1564217324797461,0.8260155231998186,1.4042263894396918,0.7368421052631579,0.6371742112482853,1.1564217324797461,19.861678952348285,0.82621857477024,19.035460377578044,-8.143321964755524,47.99362296047436,-7.3171033899852835,48.8198415352446,3.75279872659552,35.0598799624246,29.495329528716912,34.82984789610475,0.726775956284153,0.0,0.5541085966703745,46.0,0.16666666666666666,,,,,
dip_vs_trend,AMD,0,2023-06…2023-11,BUY_NOW,medium,1,25.0,19,19,0.8421052631578947,0.7071330589849109,1.1908724284036958,0.9675838480780029,1.414161008729389,0.8421052631578947,0.7071330589849109,1.1908724284036958,19.861678952348285,0.82621857477024,19.035460377578044,-8.143321964755524,47.99362296047436,-7.3171033899852835,48.8198415352446,3.75279872659552,35.0598799624246,29.495329528716912,34.82984789610475,0.726775956284153,0.0,0.5541085966703745,46.0,0.16666666666666666,,,,,
dip_vs_trend,AMD,0,2023-06…2023-11,BUY_NOW,medium,1,50.0,19,19,0.8947368421052632,0.8106995884773662,1.1036601656425327,0.9088966069997328,1.233502538071066,0.8947368421052632,0.8106995884773662,1.1036601656425327,19.861678952348285,0.82621857477024,19.035460377578044,-8.143321964755524,47.99362296047436,-7.3171033899852835,48.8198415352446,3.75279872659552,35.0598799624246,29.495329528716912,34.82984789610475,0.726775956284153,0.0,0.5541085966703745,46.0,0.16666666666666666,,,,,
dip_vs_trend,AMD,0,2023-06…2023-11,BUY_NOW,medium,4,0.0,19,19,0.3684210526315789,0.27914951989026066,1.3197982671666881,0.5656278287857235,2.073968705547653,0.6842105263157895,0.5473251028806584,1.250098931539375,15.375617420312054,1.494135262052668,13.881482158259386,-11.422600313786422,39.61395000768312,-9.928465051733754,41.10808526973579,5.93424292375481,27.001060494494663,36.0958893555504,34.82984789610475,0.726775956284153,0.0,0.5541085966703745,46.0,0.16666666666666666,,,,,
dip_vs_trend,AMD,0,2023-06…2023-11,BUY_NOW,medium,4,10.0,19,19,0.47368421052631576,0.3449931412894376,1.373025007847651,0.7627916710264727,1.9832583446688292,0.7368421052631579,0.6152263374485597,1.197676465411019,15.375617420312054,1.494135262052668,13.881482158259386,-11.422600313786422,39.61395000768312,-9.928465051733754,41.10808526973579,5.93424292375481,27.001060494494663,36.0958893555504,34.82984789610475,0.726775956284153,0.0,0.5541085966703745,46.0,0.16666666666666666,,,,,
dip_vs_trend,AMD,0,2023-06…2023-11,BUY_NOW,medium,4,25.0,19,19,0.5789473684210527,0.42661179698216734,1.357082416652564,0.863597901506177,1.8505669317989508,0.7894736842105263,0.6899862825788752,1.1441875065397091,15.375617420312054,1.494135262052668,13.881482158259386,-11.422600313786422,39.61395000768312,-9.928465051733754,41.10808526973579,5.93424292375481,27.001060494494663,36.0958893555504,34.82984789610475,0.726775956284153,0.0,0.5541085966703745,46.0,0.16666666666666666,,,,,
dip_vs_trend,AMD,0,2023-06…2023-11,BUY_NOW,medium,4,50.0,19,19,0.6842105263157895,0.5706447187928669,1.199013157894737,0.830086032388664,1.5679402834008098,0.8421052631578947,0.8024691358024691,1.0493927125506073,15.375617420312054,1.494135262052668,13.881482158259386,-11.422600313786422,39.61395000768312,-9.928465051733754,41.10808526973579,5.93424292375481,27.001060494494663,36.0958893555504,34.82984789610475,0.726775956284153,0.0,0.5541085966703745,46.0,0.16666666666666666,,,,,
dip_vs_trend,AMD,0,2023-06…2023-11,BUY_NOW,medium,9,0.0,19,19,0.3157894736842105,0.18381344307270234,1.7179890023566378,0.5726630007855459,2.8633150039277298,0.6842105263157895,0.5555555555555556,1.231578947368421,13.172889967428064,2.550997525422942,10.621892442005123,-19.018519681286783,39.17402047488867,-16.46752215586384,41.725018000311614,0.645143244983706,27.232744568116487,45.70383007915895,34.82984789610475,0.726775956284153,0.0,0.5541085966703745,46.0,0.16666666666666666,,,,,
dip_vs_trend,AMD,0,2023-06…2023-11,BUY_NOW,medium,9,10.0,19,19,0.42105263157894735,0.23388203017832648,1.800277820651335,0.9001389103256675,2.700416730977002,0.7368421052631579,0.6131687242798354,1.2016955139526668,13.172889967428064,2.550997525422942,10.621892442005123,-19.018519681286783,39.17402047488867,-16.46752215586384,41.725018000311614,0.645143244983706,27.232744568116487,45.70383007915895,34.82984789610475,0.726775956284153,0.0,0.5541085966703745,46.0,0.16666666666666666,,,,,
dip_vs_trend,AMD,0,2023-06…2023-11,BUY_NOW,medium,9,25.0,19,19,0.5263157894736842,0.3058984910836763,1.7205569978758555,1.0323341987255132,2.4087797970261975,0.7368421052631579,0.6803840877914952,1.0829796264855687,13.172889967428064,2.550997525422942,10.621892442005123,-19.018519681286783,39.17402047488867,-16.46752215586384,41.725018000311614,0.645143244983706,27.232744568116487,45.70383007915895,34.82984789610475,0.726775956284153,0.0,0.5541085966703745,46.0,0.16666666666666666,,,,,
dip_vs_trend,AMD,0,2023-06…2023-11,BUY_NOW,medium,9,50.0,19,19,0.6842105263157895,0.448559670781893,1.5253500724287783,1.0560115886045387,1.9946885562530179,0.7894736842105263,0.7750342935528121,1.0186306474149978,13.172889967428064,2.550997525422942,10.621892442005123,-19.018519681286783,39.17402047488867,-16.46752215586384,41.725018000311614,0.645143244983706,27.232744568116487,45.70383007915895,34.82984789610475,0.726775956284153,0.0,0.5541085966703745,46.0,0.16666666666666666,,,,,
dip_vs_trend,AMD,0,2023-06…2023-11,BUY_NOW,medium,45,0.0,19,19,0.10526315789473684,0.09739368998628258,1.0808005930318754,0.0,2.7020014825796888,0.5263157894736842,0.5445816186556928,0.9664589685801404,21.604157903796622,11.79913909185295,9.805018811943672,-55.107208233014724,71.81317214739708,-43.30806914116177,83.61231123925003,-7.0197186672057095,56.96306425621127,65.17341915668189,34.82984789610475,0.726775956284153,0.0,0.5541085966703745,46.0,0.16666666666666666,,,,,
dip_vs_trend,AMD,0,2023-06…2023-11,BUY_NOW,medium,45,10.0,19,19,0.15789473684210525,0.1310013717421125,1.2052907136952327,0.0,2.4105814273904653,0.5263157894736842,0.5802469135802469,0.9070548712206046,21.604157903796622,11.79913909185295,9.805018811943672,-55.107208233014724,71.81317214739708,-43.30806914116177,83.61231123925003,-7.0197186672057095,56.96306425621127,65.17341915668189,34.82984789610475,0.726775956284153,0.0,0.5541085966703745,46.0,0.16666666666666666,,,,,
dip_vs_trend,AMD,0,2023-06…2023-11,BUY_NOW,medium,45,25.0,19,19,0.2631578947368421,0.17146776406035666,1.534736842105263,0.6062210526315793,2.7625263157894735,0.5789473684210527,0.6268861454046639,0.9235287343084188,21.604157903796622,11.79913909185295,9.805018811943672,-55.107208233014724,71.81317214739708,-43.30806914116177,83.61231123925003,-7.0197186672057095,56.96306425621127,65.17341915668189,34.82984789610475,0.726775956284153,0.0,0.5541085966703745,46.0,0.16666666666666666,,,,,
dip_vs_trend,AMD,0,2023-06…2023-11,BUY_NOW,medium,45,50.0,19,19,0.3157894736842105,0.25102880658436216,1.257981018119068,0.4193270060396893,2.0966350301984464,0.6842105263157895,0.7030178326474623,0.9732477535301669,21.604157903796622,11.79913909185295,9.805018811943672,-55.107208233014724,71.81317214739708,-43.30806914116177,83.61231123925003,-7.0197186672057095,56.96306425621127,65.17341915668189,34.82984789610475,0.726775956284153,0.0,0.5541085966703745,46.0,0.16666666666666666,,,,,
dip_vs_trend,AMD,0,2023-06…2023-11,BUY_NOW,medium,180,0.0,19,19,0.0,0.04938271604938271,0.0,0.0,0.0,0.47368421052631576,0.5212620027434842,0.9087257617728531,13.058769548861479,42.08620817792662,-29.027438629065145,-138.2926902693771,88.75484058996237,-96.20648209145045,130.841048767889,-131.9967443855198,198.89779121902166,99.98916791908644,34.82984789610475,0.726775956284153,0.0,0.5541085966703745,46.0,0.16666666666666666,,,,,
dip_vs_trend,AMD,0,2023-06…2023-11,BUY_NOW,medium,180,10.0,19,19,0.05263157894736842,0.06927297668038408,0.7597707139134966,0.0,2.27931214174049,0.47368421052631576,0.5308641975308642,0.8922888616891064,13.058769548861479,42.08620817792662,-29.027438629065145,-138.2926902693771,88.75484058996237,-96.20648209145045,130.841048767889,-131.9967443855198,198.89779121902166,99.98916791908644,34.82984789610475,0.726775956284153,0.0,0.5541085966703745,46.0,0.16666666666666666,,,,,
dip_vs_trend,AMD,0,2023-06…2023-11,BUY_NOW,medium,180,25.0,19,19,0.10526315789473684,0.0953360768175583,1.1041272245361604,0.0,2.760318061340401,0.47368421052631576,0.5411522633744856,0.8753251951170702,13.058769548861479,42.08620817792662,-29.027438629065145,-138.2926902693771,88.75484058996237,-96.20648209145045,130.841048767889,-131.9967443855198,198.89779121902166,99.98916791908644,34.82984789610475,0.726775956284153,0.0,0.5541085966703745,46.0,0.16666666666666666,0.4375,0.5289514866979655,16.0,0.8271079881656805,-41.81335332756793
dip_vs_trend,AMD,0,2023-06…2023-11,BUY_NOW,medium,180,50.0,19,19,0.15789473684210525,0.144718792866941,1.091045148416064,0.0,2.545772012970816,0.47368421052631576,0.5603566529492455,0.8453262900212588,13.058769548861479,42.08620817792662,-29.027438629065145,-138.2926902693771,88.75484058996237,-96.20648209145045,130.841048767889,-131.9967443855198,198.89779121902166,99.98916791908644,34.82984789610475,0.726775956284153,0.0,0.5541085966703745,46.0,0.16666666666666666,,,,,
momentum,AMD,1,2023-12…2024-05,BUY_NOW,fast,1,0.0,60,60,0.7166666666666667,0.542756183745583,1.3204210069444446,1.10546875,1.535373263888889,0.7166666666666667,0.542756183745583,1.3204210069444446,26.51571130872965,0.6809146295903156,25.834796679139334,2.766484448271629,51.24970820161395,3.4473990778619443,51.93062283120427,2.2999208322388704,43.90097852748336,33.76130926424607,32.61211555359735,2.2950819672131146,0.0,0.22236323179015113,9.0,0.0,,,,,
momentum,AMD,1,2023-12…2024-05,BUY_NOW,fast,1,10.0,60,60,0.75,0.6522968197879858,1.149783315276273,0.9709281328999639,1.3030877573131094,0.75,0.6522968197879858,1.149783315276273,26.51571130872965,0.6809146295903156,25.834796679139334,2.766484448271629,51.24970820161395,3.4473990778619443,51.93062283120427,2.2999208322388704,43.90097852748336,33.76130926424607,32.61211555359735,2.2950819672131146,0.0,0.22236323179015113,9.0,0.0,,,,,
momentum,AMD,1,2023-12…2024-05,BUY_NOW,fast,1,25.0,60,60,0.8333333333333334,0.7491166077738516,1.1124213836477987,0.9789308176100628,1.2236635220125787,0.8333333333333334,0.7491166077738516,1.1124213836477987,26.51571130872965,0.6809146295903156,25.834796679139334,2.766484448271629,51.24970820161395,3.4473990778619443,51.93062283120427,2.2999208322388704,43.90097852748336,33.76130926424607,32.61211555359735,2.2950819672131146,0.0,0.22236323179015113,9.0,0.0,,,,,
momentum,AMD,1,2023-12…2024-05,BUY_NOW,fast,1,50.0,60,60,0.9166666666666666,0.8572438162544169,1.0693184940917835,0.9915498763396537,1.1470871118439132,0.9166666666666666,0.8572438162544169,1.0693184940917835,26.51571130872965,0.6809146295903156,25.834796679139334,2.766484448271629,51.24970820161395,3.4473990778619443,51.93062283120427,2.2999208322388704,43.90097852748336,33.76130926424607,32.61211555359735,2.2950819672131146,0.0,0.22236323179015113,9.0,0.0,,,,,
momentum,AMD,1,2023-12…2024-05,BUY_NOW,fast,4,0.0,60,60,0.4,0.2812720848056537,1.4221105527638194,1.0073283082077051,1.8961474036850923,0.6333333333333333,0.537809187279152,1.177617170389838,16.175218114054534,1.3080395096341595,14.867178604420374,-7.185344233235208,34.78513375165597,-5.877304723601048,36.093173261290126,-4.038775913539664,31.81790376354618,37.291811831264674,32.61211555359735,2.2950819672131146,0.0,0.22236323179015113,9.0,0.0,,,,,
momentum,AMD,1,2023-12…2024-05,BUY_NOW,fast,4,10.0,60,60,0.43333333333333335,0.36395759717314485,1.1906148867313917,0.8700647249190938,1.5111650485436896,0.75,0.631095406360424,1.1884098544232922,16.175218114054534,1.3080395096341595,14.867178604420374,-7.185344233235208,34.78513375165597,-5.877304723601048,36.093173261290126,-4.038775913539664,31.81790376354618,37.291811831264674,32.61211555359735,2.2950819672131146,0.0,0.22236323179015113,9.0,0.0,,,,,
momentum,AMD,1,2023-12…2024-05,BUY_NOW,fast,4,25.0,60,60,0.5666666666666667,0.4784452296819788,1.1843919251600197,0.9405465288035452,1.4630723781388477,0.8,0.7286219081272085,1.0979631425800194,16.175218114054534,1.3080395096341595,14.867178604420374,-7.185344233235208,34.78513375165597,-5.877304723601048,36.093173261290126,-4.038775913539664,31.81790376354618,37.291811831264674,32.61211555359735,2.2950819672131146,0.0,0.22236323179015113,9.0,0.0,,,,,
momentum,AMD,1,2023-12…2024-05,BUY_NOW,fast,4,50.0,60,60,0.8,0.6395759717314488,1.2508287292817681,1.094475138121547,1.407182320441989,0.9166666666666666,0.8374558303886925,1.0945850914205344,16.175218114054534,1.3080395096341595,14.867178604420374,-7.185344233235208,34.78513375165597,-5.877304723601048,36.093173261290126,-4.038775913539664,31.81790376354618,37.291811831264674,32.61211555359735,2.2950819672131146,0.0,0.22236323179015113,9.0,0.0,,,,,
momentum,AMD,1,2023-12…2024-05,BUY_NOW,fast,9,0.0,60,60,0.3,0.1745583038869258,1.7186234817813764,1.145748987854251,2.3869770580296894,0.65,0.5448763250883393,1.1929312581063554,21.609214240751946,2.278881882312623,19.33033235843932,-2.2057616967757805,39.95416074633881,0.07312018553684276,42.23304262865143,0.06514483802996512,44.43827689770687,29.658860690444946,32.61211555359735,2.2950819672131146,0.0,0.22236323179015113,9.0,0.0,,,,,
momentum,AMD,1,2023-12…2024-05,BUY_NOW,fast,9,10.0,60,60,0.3333333333333333,0.2381625441696113,1.3996043521266073,0.9097428288822949,1.88946587537092,0.7333333333333333,0.620494699646643,1.1818526955201214,21.609214240751946,2.278881882312623,19.33033235843932,-2.2057616967757805,39.95416074633881,0.07312018553684276,42.23304262865143,0.06514483802996512,44.43827689770687,29.658860690444946,32.61211555359735,2.2950819672131146,0.0,0.22236323179015113,9.0,0.0,,,,,
momentum,AMD,1,2023-12…2024-05,BUY_NOW,fast,9,25.0,60,60,0.43333333333333335,0.3399293286219081,1.2747747747747749,0.9315661815661815,1.6670131670131672,0.8,0.7053003533568905,1.1342685370741483,21.609214240751946,2.278881882312623,19.33033235843932,-2.2057616967757805,39.95416074633881,0.07312018553684276,42.23304262865143,0.06514483802996512,44.43827689770687,29.658860690444946,32.61211555359735,2.2950819672131146,0.0,0.22236323179015113,9.0,0.0,,,,,
momentum,AMD,1,2023-12…2024-05,BUY_NOW,fast,9,50.0,60,60,0.6333333333333333,0.5003533568904593,1.2657721280602636,1.0326035781544258,1.4997734227871895,0.9333333333333333,0.8197879858657244,1.1385057471264368,21.609214240751946,2.278881882312623,19.33033235843932,-2.2057616967757805,39.95416074633881,0.07312018553684276,42.23304262865143,0.06514483802996512,44.43827689770687,29.658860690444946,32.61211555359735,2.2950819672131146,0.0,0.22236323179015113,9.0,0.0,,,,,
momentum,AMD,1,2023-12…2024-05,BUY_NOW,fast,45,0.0,60,60,0.18333333333333332,0.08551236749116607,2.143939393939394,1.169421487603306,3.3133608815427,0.6333333333333333,0.5356890459363958,1.182277924362357,27.938264048905094,6.09730404117872,21.840960007726373,-10.457366542723452,54.696528527714534,-4.360062501544733,60.79383256889326,-9.40540668379719,67.97402333411902,21.054410845686366,32.61211555359735,2.2950819672131146,0.0,0.22236323179015113,9.0,0.0,,,,,
momentum,AMD,1,2023-12…2024-05,BUY_NOW,fast,45,10.0,60,60,0.2,0.13003533568904593,1.5380434782608696,0.7690217391304348,2.307065217391304,0.6833333333333333,0.5724381625441696,1.193724279835391,27.938264048905094,6.09730404117872,21.840960007726373,-10.457366542723452,54.696528527714534,-4.360062501544733,60.79383256889326,-9.40540668379719,67.97402333411902,21.054410845686366,32.61211555359735,2.2950819672131146,0.0,0.22236323179015113,9.0,0.0,,,,,
momentum,AMD,1,2023-12…2024-05,BUY_NOW,fast,45,25.0,60,60,0.26666666666666666,0.1929328621908127,1.3821733821733821,0.8638583638583639,1.9868742368742371,0.7,0.6212014134275619,1.126848691695108,27.938264048905094,6.09730404117872,21.840960007726373,-10.457366542723452,54.696528527714534,-4.360062501544733,60.79383256889326,-9.40540668379719,67.97402333411902,21.054410845686366,32.61211555359735,2.2950819672131146,0.0,0.22236323179015113,9.0,0.0,,,,,
momentum,AMD,1,2023-12…2024-05,BUY_NOW,fast,45,50.0,60,60,0.38333333333333336,0.30247349823321557,1.2673286604361371,0.881619937694704,1.7081386292834893,0.7333333333333333,0.7074204946996466,1.0366300366300365,27.938264048905094,6.09730404117872,21.840960007726373,-10.457366542723452,54.696528527714534,-4.360062501544733,60.79383256889326,-9.40540668379719,67.97402333411902,21.054410845686366,32.61211555359735,2.2950819672131146,0.0,0.22236323179015113,9.0,0.0,,,,,
momentum,AMD,1,2023-12…2024-05,BUY_NOW,fast,180,0.0,60,60,0.1,0.040282685512367494,2.482456140350877,0.8274853801169589,4.5511695906432745,0.6166666666666667,0.5371024734982333,1.1481359649122806,42.78526987410158,18.536119987669014,24.249149886432566,-27.14349308052546,73.6818383545131,-8.607373092856445,92.21795834218211,-34.75036122054233,134.6516134726361,14.009088113904777,32.61211555359735,2.2950819672131146,0.0,0.22236323179015113,9.0,0.0,,,,,
momentum,AMD,1,2023-12…2024-05,BUY_NOW,fast,180,10.0,60,60,0.1,0.0636042402826855,1.5722222222222224,0.5240740740740741,2.8824074074074075,0.6333333333333333,0.5498233215547703,1.151885175664096,42.78526987410158,18.536119987669014,24.249149886432566,-27.14349308052546,73.6818383545131,-8.607373092856445,92.21795834218211,-34.75036122054233,134.6516134726361,14.009088113904777,32.61211555359735,2.2950819672131146,0.0,0.22236323179015113,9.0,0.0,,,,,
momentum,AMD,1,2023-12…2024-05,BUY_NOW,fast,180,25.0,60,60,0.15,0.0989399293286219,1.5160714285714285,0.6738095238095239,2.5267857142857144,0.6333333333333333,0.5886925795053004,1.075830332132853,42.78526987410158,18.536119987669014,24.249149886432566,-27.14349308052546,73.6818383545131,-8.607373092856445,92.21795834218211,-34.75036122054233,134.6516134726361,14.009088113904777,32.61211555359735,2.2950819672131146,0.0,0.22236323179015113,9.0,0.0,0.6981132075471698,0.6437246963562753,53.0,1.0844903287053518,24.731363313774068
momentum,AMD,1,2023-12…2024-05,BUY_NOW,fast,180,50.0,60,60,0.21666666666666667,0.16537102473498233,1.3101851851851853,0.7054843304843305,1.91488603988604,0.6833333333333333,0.6452296819787986,1.0590543994158452,42.78526987410158,18.536119987669014,24.249149886432566,-27.14349308052546,73.6818383545131,-8.607373092856445,92.21795834218211,-34.75036122054233,134.6516134726361,14.009088113904777,32.61211555359735,2.2950819672131146,0.0,0.22236323179015113,9.0,0.0,,,,,
level,AMD,1,2023-12…2024-05,BUY_NOW,medium,1,0.0,18,18,0.8888888888888888,0.542756183745583,1.6377314814814816,1.3306568287037037,1.8424479166666667,0.8888888888888888,0.542756183745583,1.6377314814814816,42.68787451263517,0.6809146295903156,42.00695988304485,17.73042531255994,64.72522946237605,18.411339942150256,65.40614409196637,23.300437196089877,63.97701159236245,49.0916485192549,43.6461632954422,0.6885245901639344,0.0,2.263594968584849,105.0,0.5,,,,,
level,AMD,1,2023-12…2024-05,BUY_NOW,medium,1,10.0,18,18,0.8888888888888888,0.6522968197879858,1.362706151438546,1.1071987480438186,1.5330444203683642,0.8888888888888888,0.6522968197879858,1.362706151438546,42.68787451263517,0.6809146295903156,42.00695988304485,17.73042531255994,64.72522946237605,18.411339942150256,65.40614409196637,23.300437196089877,63.97701159236245,49.0916485192549,43.6461632954422,0.6885245901639344,0.0,2.263594968584849,105.0,0.5,,,,,
level,AMD,1,2023-12…2024-05,BUY_NOW,medium,1,25.0,18,18,0.8888888888888888,0.7491166077738516,1.1865828092243187,0.9640985324947589,1.3349056603773586,0.8888888888888888,0.7491166077738516,1.1865828092243187,42.68787451263517,0.6809146295903156,42.00695988304485,17.73042531255994,64.72522946237605,18.411339942150256,65.40614409196637,23.300437196089877,63.97701159236245,49.0916485192549,43.6461632954422,0.6885245901639344,0.0,2.263594968584849,105.0,0.5,,,,,
level,AMD,1,2023-12…2024-05,BUY_NOW,medium,1,50.0,18,18,0.9444444444444444,0.8572438162544169,1.1017220848218374,0.9721077219016214,1.1665292662819455,0.9444444444444444,0.8572438162544169,1.1017220848218374,42.68787451263517,0.6809146295903156,42.00695988304485,17.73042531255994,64.72522946237605,18.411339942150256,65.40614409196637,23.300437196089877,63.97701159236245,49.0916485192549,43.6461632954422,0.6885245901639344,0.0,2.263594968584849,105.0,0.5,,,,,
level,AMD,1,2023-12…2024-05,BUY_NOW,medium,4,0.0,18,18,0.6666666666666666,0.2812720848056537,2.3701842546063654,1.5801228364042434,3.160245672808487,0.7777777777777778,0.537809187279152,1.4461965250401518,45.74281628624333,1.3080395096341595,44.434776776609176,23.226669710456363,64.46281220511374,24.534709220090523,65.77085171474789,28.435915558626498,58.07359430783475,48.75046996541337,43.6461632954422,0.6885245901639344,0.0,2.263594968584849,105.0,0.5,,,,,
level,AMD,1,2023-12…2024-05,BUY_NOW,medium,4,10.0,18,18,0.7222222222222222,0.36395759717314485,1.9843581445523193,1.3737864077669903,2.4422869471413162,0.8888888888888888,0.631095406360424,1.4084857533905686,45.74281628624333,1.3080395096341595,44.434776776609176,23.226669710456363,64.46281220511374,24.534709220090523,65.77085171474789,28.435915558626498,58.07359430783475,48.75046996541337,43.6461632954422,0.6885245901639344,0.0,2.263594968584849,105.0,0.5,,,,,
level,AMD,1,2023-12…2024-05,BUY_NOW,medium,4,25.0,18,18,0.7777777777777778,0.4784452296819788,1.625635975709831,1.1611685540784509,1.9739865419333662,0.8888888888888888,0.7286219081272085,1.2199590473111326,45.74281628624333,1.3080395096341595,44.434776776609176,23.226669710456363,64.46281220511374,24.534709220090523,65.77085171474789,28.435915558626498,58.07359430783475,48.75046996541337,43.6461632954422,0.6885245901639344,0.0,2.263594968584849,105.0,0.5,,,,,
level,AMD,1,2023-12…2024-05,BUY_NOW,medium,4,50.0,18,18,0.8333333333333334,0.6395759717314488,1.3029465930018418,0.9554941682013506,1.56353591160221,1.0,0.8374558303886925,1.1940928270042195,45.74281628624333,1.3080395096341595,44.434776776609176,23.226669710456363,64.46281220511374,24.534709220090523,65.77085171474789,28.435915558626498,58.07359430783475,48.75046996541337,43.6461632954422,0.6885245901639344,0.0,2.263594968584849,105.0,0.5,,,,,
level,AMD,1,2023-12…2024-05,BUY_NOW,medium,9,0.0,18,18,0.5,0.1745583038869258,2.864372469635627,1.5913180386864596,4.137426900584795,0.8333333333333334,0.5448763250883393,1.5293990488543017,46.11980440741681,2.278881882312623,43.84092252510418,25.9047369118476,61.338377869456416,28.18361879416022,63.61725975176904,38.820509859666124,52.776826481949165,59.693037079051095,43.6461632954422,0.6885245901639344,0.0,2.263594968584849,105.0,0.5,,,,,
level,AMD,1,2023-12…2024-05,BUY_NOW,medium,9,10.0,18,18,0.5555555555555556,0.2381625441696113,2.3326739202110125,1.3996043521266073,3.265743488295417,0.8888888888888888,0.620494699646643,1.4325487218425716,46.11980440741681,2.278881882312623,43.84092252510418,25.9047369118476,61.338377869456416,28.18361879416022,63.61725975176904,38.820509859666124,52.776826481949165,59.693037079051095,43.6461632954422,0.6885245901639344,0.0,2.263594968584849,105.0,0.5,,,,,
level,AMD,1,2023-12…2024-05,BUY_NOW,medium,9,25.0,18,18,0.6666666666666666,0.3399293286219081,1.9611919611919613,1.3074613074613075,2.614922614922615,1.0,0.7053003533568905,1.4178356713426854,46.11980440741681,2.278881882312623,43.84092252510418,25.9047369118476,61.338377869456416,28.18361879416022,63.61725975176904,38.820509859666124,52.776826481949165,59.693037079051095,43.6461632954422,0.6885245901639344,0.0,2.263594968584849,105.0,0.5,,,,,
level,AMD,1,2023-12…2024-05,BUY_NOW,medium,9,50.0,18,18,0.8333333333333334,0.5003533568904593,1.6654896421845575,1.2213590709353424,1.998587570621469,1.0,0.8197879858657244,1.2198275862068966,46.11980440741681,2.278881882312623,43.84092252510418,25.9047369118476,61.338377869456416,28.18361879416022,63.61725975176904,38.820509859666124,52.776826481949165,59.693037079051095,43.6461632954422,0.6885245901639344,0.0,2.263594968584849,105.0,0.5,,,,,
level,AMD,1,2023-12…2024-05,BUY_NOW,medium,45,0.0,18,18,0.2777777777777778,0.08551236749116607,3.248393021120294,1.2993572084481175,5.847107438016529,0.5555555555555556,0.5356890459363958,1.0370858985634712,62.27690557343679,6.09730404117872,56.179601532258076,5.166588111260374,114.65377610731304,11.263892152439094,120.75108014849175,7.438115124189425,141.78175297465432,83.06132706004739,43.6461632954422,0.6885245901639344,0.0,2.263594968584849,105.0,0.5,,,,,
level,AMD,1,2023-12…2024-05,BUY_NOW,medium,45,10.0,18,18,0.3333333333333333,0.13003533568904593,2.5634057971014492,0.8544685990338164,4.272342995169082,0.5555555555555556,0.5724381625441696,0.9705075445816188,62.27690557343679,6.09730404117872,56.179601532258076,5.166588111260374,114.65377610731304,11.263892152439094,120.75108014849175,7.438115124189425,141.78175297465432,83.06132706004739,43.6461632954422,0.6885245901639344,0.0,2.263594968584849,105.0,0.5,,,,,
level,AMD,1,2023-12…2024-05,BUY_NOW,medium,45,25.0,18,18,0.3888888888888889,0.1929328621908127,2.015669515669516,0.8638583638583639,3.167480667480668,0.6666666666666666,0.6212014134275619,1.073189230185817,62.27690557343679,6.09730404117872,56.179601532258076,5.166588111260374,114.65377610731304,11.263892152439094,120.75108014849175,7.438115124189425,141.78175297465432,83.06132706004739,43.6461632954422,0.6885245901639344,0.0,2.263594968584849,105.0,0.5,,,,,
level,AMD,1,2023-12…2024-05,BUY_NOW,medium,45,50.0,18,18,0.4444444444444444,0.30247349823321557,1.4693665628245065,0.7346832814122533,2.20404984423676,0.7777777777777778,0.7074204946996466,1.0994560994560996,62.27690557343679,6.09730404117872,56.179601532258076,5.166588111260374,114.65377610731304,11.263892152439094,120.75108014849175,7.438115124189425,141.78175297465432,83.06132706004739,43.6461632954422,0.6885245901639344,0.0,2.263594968584849,105.0,0.5,,,,,
level,AMD,1,2023-12…2024-05,BUY_NOW,medium,180,0.0,18,18,0.05555555555555555,0.040282685512367494,1.3791423001949317,0.0,4.137426900584795,0.6666666666666666,0.5371024734982333,1.2412280701754383,78.33828208130137,18.536119987669014,59.80216209363236,-4.69971721796761,124.89500289579264,13.836402769701404,143.43112288346165,-53.61848350756741,150.72984965152318,124.47138210165298,43.6461632954422,0.6885245901639344,0.0,2.263594968584849,105.0,0.5,,,,,
level,AMD,1,2023-12…2024-05,BUY_NOW,medium,180,10.0,18,18,0.1111111111111111,0.0636042402826855,1.7469135802469136,0.0,4.367283950617285,0.6666666666666666,0.5498233215547703,1.2125107112253641,78.33828208130137,18.536119987669014,59.80216209363236,-4.69971721796761,124.89500289579264,13.836402769701404,143.43112288346165,-53.61848350756741,150.72984965152318,124.47138210165298,43.6461632954422,0.6885245901639344,0.0,2.263594968584849,105.0,0.5,,,,,
level,AMD,1,2023-12…2024-05,BUY_NOW,medium,180,25.0,18,18,0.16666666666666666,0.0989399293286219,1.6845238095238095,0.0,3.369047619047619,0.7222222222222222,0.5886925795053004,1.2268240629585165,78.33828208130137,18.536119987669014,59.80216209363236,-4.69971721796761,124.89500289579264,13.836402769701404,143.43112288346165,-53.61848350756741,150.72984965152318,124.47138210165298,43.6461632954422,0.6885245901639344,0.0,2.263594968584849,105.0,0.5,0.9166666666666666,0.6437246963562753,12.0,1.4240041928721174,106.06629500105177
level,AMD,1,2023-12…2024-05,BUY_NOW,medium,180,50.0,18,18,0.2222222222222222,0.16537102473498233,1.3437796771130104,0.3359449192782526,2.6875593542260208,0.7222222222222222,0.6452296819787986,1.1193257880004868,78.33828208130137,18.536119987669014,59.80216209363236,-4.69971721796761,124.89500289579264,13.836402769701404,143.43112288346165,-53.61848350756741,150.72984965152318,124.47138210165298,43.6461632954422,0.6885245901639344,0.0,2.263594968584849,105.0,0.5,,,,,
reversal,AMD,1,2023-12…2024-05,WINDOW_CLOSING,slow,1,0.0,14,14,0.5714285714285714,0.542756183745583,1.052827380952381,0.5264136904761905,1.447637648809524,0.5714285714285714,0.542756183745583,1.052827380952381,5.03100856901457,0.6809146295903156,4.350093939424254,-17.969350147063576,26.477456144844094,-17.28843551747326,27.15837077443441,-16.04929316200136,30.781987126464372,0.9527274229020881,-0.4382717353945679,0.5355191256830601,0.0,2.107132450262889,108.0,0.3333333333333333,,,,,
reversal,AMD,1,2023-12…2024-05,WINDOW_CLOSING,slow,1,10.0,14,14,0.5714285714285714,0.542756183745583,1.052827380952381,0.5264136904761905,1.447637648809524,0.5714285714285714,0.542756183745583,1.052827380952381,5.03100856901457,0.6809146295903156,4.350093939424254,-17.969350147063576,26.477456144844094,-17.28843551747326,27.15837077443441,-16.04929316200136,30.781987126464372,0.9527274229020881,-0.4382717353945679,0.5355191256830601,0.0,2.107132450262889,108.0,0.3333333333333333,,,,,
reversal,AMD,1,2023-12…2024-05,WINDOW_CLOSING,slow,1,25.0,14,14,0.5714285714285714,0.542756183745583,1.052827380952381,0.5264136904761905,1.447637648809524,0.5714285714285714,0.542756183745583,1.052827380952381,5.03100856901457,0.6809146295903156,4.350093939424254,-17.969350147063576,26.477456144844094,-17.28843551747326,27.15837077443441,-16.04929316200136,30.781987126464372,0.9527274229020881,-0.4382717353945679,0.5355191256830601,0.0,2.107132450262889,108.0,0.3333333333333333,,,,,
reversal,AMD,1,2023-12…2024-05,WINDOW_CLOSING,slow,1,50.0,14,14,0.5714285714285714,0.542756183745583,1.052827380952381,0.5264136904761905,1.447637648809524,0.5714285714285714,0.542756183745583,1.052827380952381,5.03100856901457,0.6809146295903156,4.350093939424254,-17.969350147063576,26.477456144844094,-17.28843551747326,27.15837077443441,-16.04929316200136,30.781987126464372,0.9527274229020881,-0.4382717353945679,0.5355191256830601,0.0,2.107132450262889,108.0,0.3333333333333333,,,,,
reversal,AMD,1,2023-12…2024-05,WINDOW_CLOSING,slow,4,0.0,14,14,0.5714285714285714,0.5300353356890459,1.078095238095238,0.6738095238095239,1.617142857142857,0.5714285714285714,0.5300353356890459,1.078095238095238,9.659451358497678,1.3080395096341595,8.351411848863519,-21.053380655696493,41.21867136318093,-19.745341146062334,42.52671087281509,-6.570670250771024,18.22189172268993,2.0212987604681745,-0.4382717353945679,0.5355191256830601,0.0,2.107132450262889,108.0,0.3333333333333333,,,,,
reversal,AMD,1,2023-12…2024-05,WINDOW_CLOSING,slow,4,10.0,14,14,0.5714285714285714,0.5300353356890459,1.078095238095238,0.6738095238095239,1.617142857142857,0.5714285714285714,0.5300353356890459,1.078095238095238,9.659451358497678,1.3080395096341595,8.351411848863519,-21.053380655696493,41.21867136318093,-19.745341146062334,42.52671087281509,-6.570670250771024,18.22189172268993,2.0212987604681745,-0.4382717353945679,0.5355191256830601,0.0,2.107132450262889,108.0,0.3333333333333333,,,,,
reversal,AMD,1,2023-12…2024-05,WINDOW_CLOSING,slow,4,25.0,14,14,0.5714285714285714,0.5300353356890459,1.078095238095238,0.6738095238095239,1.617142857142857,0.5714285714285714,0.5300353356890459,1.078095238095238,9.659451358497678,1.3080395096341595,8.351411848863519,-21.053380655696493,41.21867136318093,-19.745341146062334,42.52671087281509,-6.570670250771024,18.22189172268993,2.0212987604681745,-0.4382717353945679,0.5355191256830601,0.0,2.107132450262889,108.0,0.3333333333333333,,,,,
reversal,AMD,1,2023-12…2024-05,WINDOW_CLOSING,slow,4,50.0,14,14,0.5714285714285714,0.5300353356890459,1.078095238095238,0.6738095238095239,1.617142857142857,0.5714285714285714,0.5300353356890459,1.078095238095238,9.659451358497678,1.3080395096341595,8.351411848863519,-21.053380655696493,41.21867136318093,-19.745341146062334,42.52671087281509,-6.570670250771024,18.22189172268993,2.0212987604681745,-0.4382717353945679,0.5355191256830601,0.0,2.107132450262889,108.0,0.3333333333333333,,,,,
reversal,AMD,1,2023-12…2024-05,WINDOW_CLOSING,slow,9,0.0,14,14,0.5,0.5208480565371024,0.9599728629579377,0.4114169412676876,1.5085287846481878,0.5,0.5208480565371024,0.9599728629579377,-2.42164393483806,2.278881882312623,-4.700525817150683,-33.954623113676355,24.260411570814313,-31.675741231363734,26.539293453126934,-15.2064682099803,13.674606436868963,-6.978226140762566,-0.4382717353945679,0.5355191256830601,0.0,2.107132450262889,108.0,0.3333333333333333,,,,,
reversal,AMD,1,2023-12…2024-05,WINDOW_CLOSING,slow,9,10.0,14,14,0.5,0.5208480565371024,0.9599728629579377,0.4114169412676876,1.5085287846481878,0.5,0.5208480565371024,0.9599728629579377,-2.42164393483806,2.278881882312623,-4.700525817150683,-33.954623113676355,24.260411570814313,-31.675741231363734,26.539293453126934,-15.2064682099803,13.674606436868963,-6.978226140762566,-0.4382717353945679,0.5355191256830601,0.0,2.107132450262889,108.0,0.3333333333333333,,,,,
reversal,AMD,1,2023-12…2024-05,WINDOW_CLOSING,slow,9,25.0,14,14,0.5,0.5208480565371024,0.9599728629579377,0.4114169412676876,1.5085287846481878,0.5,0.5208480565371024,0.9599728629579377,-2.42164393483806,2.278881882312623,-4.700525817150683,-33.954623113676355,24.260411570814313,-31.675741231363734,26.539293453126934,-15.2064682099803,13.674606436868963,-6.978226140762566,-0.4382717353945679,0.5355191256830601,0.0,2.107132450262889,108.0,0.3333333333333333,,,,,
reversal,AMD,1,2023-12…2024-05,WINDOW_CLOSING,slow,9,50.0,14,14,0.5,0.5208480565371024,0.9599728629579377,0.4114169412676876,1.5085287846481878,0.5,0.5208480565371024,0.9599728629579377,-2.42164393483806,2.278881882312623,-4.700525817150683,-33.954623113676355,24.260411570814313,-31.675741231363734,26.539293453126934,-15.2064682099803,13.674606436868963,-6.978226140762566,-0.4382717353945679,0.5355191256830601,0.0,2.107132450262889,108.0,0.3333333333333333,,,,,
reversal,AMD,1,2023-12…2024-05,WINDOW_CLOSING,slow,45,0.0,14,14,0.5,0.5314487632508834,0.9408244680851063,0.5376139817629179,1.4784384498480243,0.5,0.5314487632508834,0.9408244680851063,9.529592440835145,6.09730404117872,3.432288399656425,-50.141706981626285,60.810671236401134,-44.04440294044757,66.90797527757985,-27.26220853243274,37.12344317078606,1.4755048756187605,-0.4382717353945679,0.5355191256830601,0.0,2.107132450262889,108.0,0.3333333333333333,,,,,
reversal,AMD,1,2023-12…2024-05,WINDOW_CLOSING,slow,45,10.0,14,14,0.5,0.5314487632508834,0.9408244680851063,0.5376139817629179,1.4784384498480243,0.5,0.5314487632508834,0.9408244680851063,9.529592440835145,6.09730404117872,3.432288399656425,-50.141706981626285,60.810671236401134,-44.04440294044757,66.90797527757985,-27.26220853243274,37.12344317078606,1.4755048756187605,-0.4382717353945679,0.5355191256830601,0.0,2.107132450262889,108.0,0.3333333333333333,,,,,
reversal,AMD,1,2023-12…2024-05,WINDOW_CLOSING,slow,45,25.0,14,14,0.5,0.5314487632508834,0.9408244680851063,0.5376139817629179,1.4784384498480243,0.5,0.5314487632508834,0.9408244680851063,9.529592440835145,6.09730404117872,3.432288399656425,-50.141706981626285,60.810671236401134,-44.04440294044757,66.90797527757985,-27.26220853243274,37.12344317078606,1.4755048756187605,-0.4382717353945679,0.5355191256830601,0.0,2.107132450262889,108.0,0.3333333333333333,,,,,
reversal,AMD,1,2023-12…2024-05,WINDOW_CLOSING,slow,45,50.0,14,14,0.5,0.5314487632508834,0.9408244680851063,0.5376139817629179,1.4784384498480243,0.5,0.5314487632508834,0.9408244680851063,9.529592440835145,6.09730404117872,3.432288399656425,-50.141706981626285,60.810671236401134,-44.04440294044757,66.90797527757985,-27.26220853243274,37.12344317078606,1.4755048756187605,-0.4382717353945679,0.5355191256830601,0.0,2.107132450262889,108.0,0.3333333333333333,,,,,
reversal,AMD,1,2023-12…2024-05,WINDOW_CLOSING,slow,180,0.0,14,14,0.8571428571428571,0.5420494699646643,1.581300055876327,1.1859750419072455,1.8448500651890483,0.8571428571428571,0.5420494699646643,1.581300055876327,73.99052310034808,18.536119987669014,55.454403112679074,-10.539661349810288,119.79764010414287,7.9964586378587255,138.33376009181188,-32.5416610204865,153.88966119097404,53.083277720999334,-0.4382717353945679,0.5355191256830601,0.0,2.107132450262889,108.0,0.3333333333333333,,,,,
reversal,AMD,1,2023-12…2024-05,WINDOW_CLOSING,slow,180,10.0,14,14,0.8571428571428571,0.5420494699646643,1.581300055876327,1.1859750419072455,1.8448500651890483,0.8571428571428571,0.5420494699646643,1.581300055876327,73.99052310034808,18.536119987669014,55.454403112679074,-10.539661349810288,119.79764010414287,7.9964586378587255,138.33376009181188,-32.5416610204865,153.88966119097404,53.083277720999334,-0.4382717353945679,0.5355191256830601,0.0,2.107132450262889,108.0,0.3333333333333333,,,,,
reversal,AMD,1,2023-12…2024-05,WINDOW_CLOSING,slow,180,25.0,14,14,0.8571428571428571,0.5420494699646643,1.581300055876327,1.1859750419072455,1.8448500651890483,0.8571428571428571,0.5420494699646643,1.581300055876327,73.99052310034808,18.536119987669014,55.454403112679074,-10.539661349810288,119.79764010414287,7.9964586378587255,138.33376009181188,-32.5416610204865,153.88966119097404,53.083277720999334,-0.4382717353945679,0.5355191256830601,0.0,2.107132450262889,108.0,0.3333333333333333,0.9166666666666666,0.5838056680161944,12.0,1.5701571890892276,52.91471974891768
reversal,AMD,1,2023-12…2024-05,WINDOW_CLOSING,slow,180,50.0,14,14,0.8571428571428571,0.5420494699646643,1.581300055876327,1.1859750419072455,1.8448500651890483,0.8571428571428571,0.5420494699646643,1.581300055876327,73.99052310034808,18.536119987669014,55.454403112679074,-10.539661349810288,119.79764010414287,7.9964586378587255,138.33376009181188,-32.5416610204865,153.88966119097404,53.083277720999334,-0.4382717353945679,0.5355191256830601,0.0,2.107132450262889,108.0,0.3333333333333333,,,,,
dip_vs_trend,AMD,1,2023-12…2024-05,BUY_NOW,medium,1,0.0,5,5,0.6,0.542756183745583,1.10546875,0.36848958333333337,1.8424479166666667,0.6,0.542756183745583,1.10546875,10.724290849810856,0.6809146295903156,10.04337622022054,-24.335794943159645,44.810552859291235,-23.65488031356933,45.491467488881554,1.297763916579541,17.008642138631732,24.990625979677052,-15.979037309444388,0.1912568306010929,0.0,1.3230753560855422,112.0,0.6666666666666666,,,,,
dip_vs_trend,AMD,1,2023-12…2024-05,BUY_NOW,medium,1,10.0,5,5,0.6,0.6522968197879858,0.9198266522210184,0.30660888407367287,1.5330444203683642,0.6,0.6522968197879858,0.9198266522210184,10.724290849810856,0.6809146295903156,10.04337622022054,-24.335794943159645,44.810552859291235,-23.65488031356933,45.491467488881554,1.297763916579541,17.008642138631732,24.990625979677052,-15.979037309444388,0.1912568306010929,0.0,1.3230753560855422,112.0,0.6666666666666666,,,,,
dip_vs_trend,AMD,1,2023-12…2024-05,BUY_NOW,medium,1,25.0,5,5,0.8,0.7491166077738516,1.0679245283018868,0.5339622641509434,1.3349056603773586,0.8,0.7491166077738516,1.0679245283018868,10.724290849810856,0.6809146295903156,10.04337622022054,-24.335794943159645,44.810552859291235,-23.65488031356933,45.491467488881554,1.297763916579541,17.008642138631732,24.990625979677052,-15.979037309444388,0.1912568306010929,0.0,1.3230753560855422,112.0,0.6666666666666666,,,,,
dip_vs_trend,AMD,1,2023-12…2024-05,BUY_NOW,medium,1,50.0,5,5,1.0,0.8572438162544169,1.1665292662819455,1.1665292662819455,1.1665292662819455,1.0,0.8572438162544169,1.1665292662819455,10.724290849810856,0.6809146295903156,10.04337622022054,-24.335794943159645,44.810552859291235,-23.65488031356933,45.491467488881554,1.297763916579541,17.008642138631732,24.990625979677052,-15.979037309444388,0.1912568306010929,0.0,1.3230753560855422,112.0,0.6666666666666666,,,,,
dip_vs_trend,AMD,1,2023-12…2024-05,BUY_NOW,medium,4,0.0,5,5,0.2,0.2812720848056537,0.7110552763819097,0.0,2.133165829145729,0.4,0.537809187279152,0.7437582128777924,-0.78954106589646,1.3080395096341595,-2.0975805755306194,-34.070573272969426,24.248694106079487,-32.76253376333527,25.556733615713647,-30.37517269049772,18.93421335050438,25.238522208057777,-15.979037309444388,0.1912568306010929,0.0,1.3230753560855422,112.0,0.6666666666666666,,,,,
dip_vs_trend,AMD,1,2023-12…2024-05,BUY_NOW,medium,4,10.0,5,5,0.4,0.36395759717314485,1.0990291262135923,0.0,2.1980582524271846,0.8,0.631095406360424,1.2676371780515119,-0.78954106589646,1.3080395096341595,-2.0975805755306194,-34.070573272969426,24.248694106079487,-32.76253376333527,25.556733615713647,-30.37517269049772,18.93421335050438,25.238522208057777,-15.979037309444388,0.1912568306010929,0.0,1.3230753560855422,112.0,0.6666666666666666,,,,,
dip_vs_trend,AMD,1,2023-12…2024-05,BUY_NOW,medium,4,25.0,5,5,0.6,0.4784452296819788,1.2540620384047267,0.4180206794682423,2.0901033973412115,0.8,0.7286219081272085,1.0979631425800194,-0.78954106589646,1.3080395096341595,-2.0975805755306194,-34.070573272969426,24.248694106079487,-32.76253376333527,25.556733615713647,-30.37517269049772,18.93421335050438,25.238522208057777,-15.979037309444388,0.1912568306010929,0.0,1.3230753560855422,112.0,0.6666666666666666,,,,,
dip_vs_trend,AMD,1,2023-12…2024-05,BUY_NOW,medium,4,50.0,5,5,0.8,0.6395759717314488,1.2508287292817681,0.6254143646408841,1.56353591160221,0.8,0.8374558303886925,0.9552742616033756,-0.78954106589646,1.3080395096341595,-2.0975805755306194,-34.070573272969426,24.248694106079487,-32.76253376333527,25.556733615713647,-30.37517269049772,18.93421335050438,25.238522208057777,-15.979037309444388,0.1912568306010929,0.0,1.3230753560855422,112.0,0.6666666666666666,,,,,
dip_vs_trend,AMD,1,2023-12…2024-05,BUY_NOW,medium,9,0.0,5,5,0.2,0.1745583038869258,1.145748987854251,0.0,3.4372469635627527,0.8,0.5448763250883393,1.4682230869001296,7.555271007519072,2.278881882312623,5.276389125206449,-15.094782790938345,24.97963385376501,-12.815900908625721,27.25851573607763,-13.525181790357,21.608906206103118,35.8832720090998,-15.979037309444388,0.1912568306010929,0.0,1.3230753560855422,112.0,0.6666666666666666,,,,,
dip_vs_trend,AMD,1,2023-12…2024-05,BUY_NOW,medium,9,10.0,5,5,0.4,0.2381625441696113,1.6795252225519288,0.0,3.3590504451038576,0.8,0.620494699646643,1.2892938496583146,7.555271007519072,2.278881882312623,5.276389125206449,-15.094782790938345,24.97963385376501,-12.815900908625721,27.25851573607763,-13.525181790357,21.608906206103118,35.8832720090998,-15.979037309444388,0.1912568306010929,0.0,1.3230753560855422,112.0,0.6666666666666666,,,,,
dip_vs_trend,AMD,1,2023-12…2024-05,BUY_NOW,medium,9,25.0,5,5,0.4,0.3399293286219081,1.176715176715177,0.0,2.353430353430354,0.8,0.7053003533568905,1.1342685370741483,7.555271007519072,2.278881882312623,5.276389125206449,-15.094782790938345,24.97963385376501,-12.815900908625721,27.25851573607763,-13.525181790357,21.608906206103118,35.8832720090998,-15.979037309444388,0.1912568306010929,0.0,1.3230753560855422,112.0,0.6666666666666666,,,,,
dip_vs_trend,AMD,1,2023-12…2024-05,BUY_NOW,medium,9,50.0,5,5,0.6,0.5003533568904593,1.1991525423728813,0.39971751412429385,1.998587570621469,1.0,0.8197879858657244,1.2198275862068966,7.555271007519072,2.278881882312623,5.276389125206449,-15.094782790938345,24.97963385376501,-12.815900908625721,27.25851573607763,-13.525181790357,21.608906206103118,35.8832720090998,-15.979037309444388,0.1912568306010929,0.0,1.3230753560855422,112.0,0.6666666666666666,,,,,
dip_vs_trend,AMD,1,2023-12…2024-05,BUY_NOW,medium,45,0.0,5,5,0.0,0.08551236749116607,0.0,0.0,0.0,0.6,0.5356890459363958,1.1200527704485488,52.20485371203099,6.09730404117872,46.107549670852265,-39.19153169758262,127.60214936334722,-33.0942276564039,133.69945340452594,-15.549980743231881,97.37474334887288,119.30828060708663,-15.979037309444388,0.1912568306010929,0.0,1.3230753560855422,112.0,0.6666666666666666,,,,,
dip_vs_trend,AMD,1,2023-12…2024-05,BUY_NOW,medium,45,10.0,5,5,0.2,0.13003533568904593,1.5380434782608696,0.0,4.614130434782608,0.8,0.5724381625441696,1.397530864197531,52.20485371203099,6.09730404117872,46.107549670852265,-39.19153169758262,127.60214936334722,-33.0942276564039,133.69945340452594,-15.549980743231881,97.37474334887288,119.30828060708663,-15.979037309444388,0.1912568306010929,0.0,1.3230753560855422,112.0,0.6666666666666666,,,,,
dip_vs_trend,AMD,1,2023-12…2024-05,BUY_NOW,medium,45,25.0,5,5,0.2,0.1929328621908127,1.0366300366300367,0.0,3.10989010989011,0.8,0.6212014134275619,1.2878270762229806,52.20485371203099,6.09730404117872,46.107549670852265,-39.19153169758262,127.60214936334722,-33.0942276564039,133.69945340452594,-15.549980743231881,97.37474334887288,119.30828060708663,-15.979037309444388,0.1912568306010929,0.0,1.3230753560855422,112.0,0.6666666666666666,,,,,
dip_vs_trend,AMD,1,2023-12…2024-05,BUY_NOW,medium,45,50.0,5,5,0.2,0.30247349823321557,0.6612149532710281,0.0,1.983644859813084,0.8,0.7074204946996466,1.130869130869131,52.20485371203099,6.09730404117872,46.107549670852265,-39.19153169758262,127.60214936334722,-33.0942276564039,133.69945340452594,-15.549980743231881,97.37474334887288,119.30828060708663,-15.979037309444388,0.1912568306010929,0.0,1.3230753560855422,112.0,0.6666666666666666,,,,,
dip_vs_trend,AMD,1,2023-12…2024-05,BUY_NOW,medium,180,0.0,5,5,0.0,0.040282685512367494,0.0,0.0,0.0,0.4,0.5371024734982333,0.7447368421052631,32.378119929170836,18.536119987669014,13.841999941501822,-67.73976161855975,99.99429621820344,-49.20364163089074,118.53041620587246,10.395036328082844,65.35274533080282,159.60015638054693,-15.979037309444388,0.1912568306010929,0.0,1.3230753560855422,112.0,0.6666666666666666,,,,,
dip_vs_trend,AMD,1,2023-12…2024-05,BUY_NOW,medium,180,10.0,5,5,0.0,0.0636042402826855,0.0,0.0,0.0,0.4,0.5498233215547703,0.7275064267352186,32.378119929170836,18.536119987669014,13.841999941501822,-67.73976161855975,99.99429621820344,-49.20364163089074,118.53041620587246,10.395036328082844,65.35274533080282,159.60015638054693,-15.979037309444388,0.1912568306010929,0.0,1.3230753560855422,112.0,0.6666666666666666,,,,,
dip_vs_trend,AMD,1,2023-12…2024-05,BUY_NOW,medium,180,25.0,5,5,0.0,0.0989399293286219,0.0,0.0,0.0,0.6,0.5886925795053004,1.019207683073229,32.378119929170836,18.536119987669014,13.841999941501822,-67.73976161855975,99.99429621820344,-49.20364163089074,118.53041620587246,10.395036328082844,65.35274533080282,159.60015638054693,-15.979037309444388,0.1912568306010929,0.0,1.3230753560855422,112.0,0.6666666666666666,0.6666666666666666,0.6437246963562753,3.0,1.0356394129979036,-0.4983356365740832
dip_vs_trend,AMD,1,2023-12…2024-05,BUY_NOW,medium,180,50.0,5,5,0.0,0.16537102473498233,0.0,0.0,0.0,0.6,0.6452296819787986,0.9299014238773274,32.378119929170836,18.536119987669014,13.841999941501822,-67.73976161855975,99.99429621820344,-49.20364163089074,118.53041620587246,10.395036328082844,65.35274533080282,159.60015638054693,-15.979037309444388,0.1912568306010929,0.0,1.3230753560855422,112.0,0.6666666666666666,,,,,
momentum,AMD,2,2024-06…2024-11,BUY_NOW,fast,1,0.0,9,9,0.7777777777777778,0.5698560541913632,1.3648670959220737,0.7799240548126135,1.7548291233283806,0.7777777777777778,0.5698560541913632,1.3648670959220737,44.39318468736278,2.184093747455731,42.20909093990705,-19.305564608745165,116.6507201167964,-17.121470861289435,118.83481386425214,5.211461493075759,178.43683034508916,52.50329585345782,54.49697860476012,0.3442622950819672,0.0,0.7313262168418097,45.0,0.3333333333333333,,,,,
momentum,AMD,2,2024-06…2024-11,BUY_NOW,fast,1,10.0,9,9,0.7777777777777778,0.655376799322608,1.1867642836635086,0.6781510192362905,1.5258397932816539,0.7777777777777778,0.655376799322608,1.1867642836635086,44.39318468736278,2.184093747455731,42.20909093990705,-19.305564608745165,116.6507201167964,-17.121470861289435,118.83481386425214,5.211461493075759,178.43683034508916,52.50329585345782,54.49697860476012,0.3442622950819672,0.0,0.7313262168418097,45.0,0.3333333333333333,,,,,
momentum,AMD,2,2024-06…2024-11,BUY_NOW,fast,1,25.0,9,9,0.8888888888888888,0.7180355630821338,1.2379454926624738,0.9284591194968553,1.392688679245283,0.8888888888888888,0.7180355630821338,1.2379454926624738,44.39318468736278,2.184093747455731,42.20909093990705,-19.305564608745165,116.6507201167964,-17.121470861289435,118.83481386425214,5.211461493075759,178.43683034508916,52.50329585345782,54.49697860476012,0.3442622950819672,0.0,0.7313262168418097,45.0,0.3333333333333333,,,,,
momentum,AMD,2,2024-06…2024-11,BUY_NOW,fast,1,50.0,9,9,0.8888888888888888,0.8052497883149873,1.1038672742142774,0.827900455660708,1.241850683491062,0.8888888888888888,0.8052497883149873,1.1038672742142774,44.39318468736278,2.184093747455731,42.20909093990705,-19.305564608745165,116.6507201167964,-17.121470861289435,118.83481386425214,5.211461493075759,178.43683034508916,52.50329585345782,54.49697860476012,0.3442622950819672,0.0,0.7313262168418097,45.0,0.3333333333333333,,,,,
momentum,AMD,2,2024-06…2024-11,BUY_NOW,fast,4,0.0,9,9,0.6666666666666666,0.29635901778154106,2.2495238095238093,1.1247619047619046,2.9993650793650795,1.0,0.5114309906858594,1.9552980132450333,79.16510905904802,4.711256806669872,74.45385225237816,40.0290756343414,123.40293993000151,44.740332441011276,128.11419673667137,44.4896175438801,179.164423820092,115.66507698933623,54.49697860476012,0.3442622950819672,0.0,0.7313262168418097,45.0,0.3333333333333333,,,,,
momentum,AMD,2,2024-06…2024-11,BUY_NOW,fast,4,10.0,9,9,0.7777777777777778,0.3573243014394581,2.1766719325961033,1.2438125329120588,2.7985781990521326,1.0,0.5783234546994073,1.7291361639824305,79.16510905904802,4.711256806669872,74.45385225237816,40.0290756343414,123.40293993000151,44.740332441011276,128.11419673667137,44.4896175438801,179.164423820092,115.66507698933623,54.49697860476012,0.3442622950819672,0.0,0.7313262168418097,45.0,0.3333333333333333,,,,,
momentum,AMD,2,2024-06…2024-11,BUY_NOW,fast,4,25.0,9,9,0.8888888888888888,0.4377646062658764,2.0305179454115625,1.5228884590586718,2.2843326885880075,1.0,0.6909398814563928,1.4473039215686276,79.16510905904802,4.711256806669872,74.45385225237816,40.0290756343414,123.40293993000151,44.740332441011276,128.11419673667137,44.4896175438801,179.164423820092,115.66507698933623,54.49697860476012,0.3442622950819672,0.0,0.7313262168418097,45.0,0.3333333333333333,,,,,
momentum,AMD,2,2024-06…2024-11,BUY_NOW,fast,4,50.0,9,9,0.8888888888888888,0.5681625740897545,1.5644974333498922,1.1733730750124192,1.760059612518629,1.0,0.7967823878069432,1.255047821466525,79.16510905904802,4.711256806669872,74.45385225237816,40.0290756343414,123.40293993000151,44.740332441011276,128.11419673667137,44.4896175438801,179.164423820092,115.66507698933623,54.49697860476012,0.3442622950819672,0.0,0.7313262168418097,45.0,0.3333333333333333,,,,,
momentum,AMD,2,2024-06…2024-11,BUY_NOW,fast,9,0.0,9,9,0.4444444444444444,0.17950889077053345,2.4758909853249476,0.6189727463312369,4.332809224318658,0.8888888888888888,0.5427603725656224,1.6377188420870166,78.21164673281903,9.004096526954587,69.20755020586445,27.400449705040128,110.42937199139077,36.404546231994715,119.43346851834535,57.9757952889916,139.46567618351133,110.21186938065443,54.49697860476012,0.3442622950819672,0.0,0.7313262168418097,45.0,0.3333333333333333,,,,,
momentum,AMD,2,2024-06…2024-11,BUY_NOW,fast,9,10.0,9,9,0.5555555555555556,0.2260795935647756,2.4573449854348732,0.9829379941739492,3.931751976695797,0.8888888888888888,0.5834038950042337,1.5236252217384292,78.21164673281903,9.004096526954587,69.20755020586445,27.400449705040128,110.42937199139077,36.404546231994715,119.43346851834535,57.9757952889916,139.46567618351133,110.21186938065443,54.49697860476012,0.3442622950819672,0.0,0.7313262168418097,45.0,0.3333333333333333,,,,,
momentum,AMD,2,2024-06…2024-11,BUY_NOW,fast,9,25.0,9,9,0.6666666666666666,0.292125317527519,2.2821256038647344,1.1410628019323672,3.0428341384863127,0.8888888888888888,0.6672311600338696,1.3322053017484488,78.21164673281903,9.004096526954587,69.20755020586445,27.400449705040128,110.42937199139077,36.404546231994715,119.43346851834535,57.9757952889916,139.46567618351133,110.21186938065443,54.49697860476012,0.3442622950819672,0.0,0.7313262168418097,45.0,0.3333333333333333,,,,,
momentum,AMD,2,2024-06…2024-11,BUY_NOW,fast,9,50.0,9,9,0.7777777777777778,0.4157493649449619,1.870785245530663,1.069020140303236,2.405295315682281,1.0,0.79424216765453,1.2590618336886994,78.21164673281903,9.004096526954587,69.20755020586445,27.400449705040128,110.42937199139077,36.404546231994715,119.43346851834535,57.9757952889916,139.46567618351133,110.21186938065443,54.49697860476012,0.3442622950819672,0.0,0.7313262168418097,45.0,0.3333333333333333,,,,,
momentum,AMD,2,2024-06…2024-11,BUY_NOW,fast,45,0.0,9,9,0.3333333333333333,0.09991532599491956,3.3361581920903953,0.0,6.672316384180791,0.8888888888888888,0.5334462320067739,1.6663139329805996,121.91224588147219,36.720339661683084,85.1919062197891,13.563407511836836,162.5998495912881,50.28374717351992,199.32018925297118,71.19676802870987,218.68408059713428,118.17164395242175,54.49697860476012,0.3442622950819672,0.0,0.7313262168418097,45.0,0.3333333333333333,,,,,
momentum,AMD,2,2024-06…2024-11,BUY_NOW,fast,45,10.0,9,9,0.3333333333333333,0.12870448772226925,2.5899122807017543,0.0,5.1798245614035086,0.8888888888888888,0.5647756138865369,1.573879726803265,121.91224588147219,36.720339661683084,85.1919062197891,13.563407511836836,162.5998495912881,50.28374717351992,199.32018925297118,71.19676802870987,218.68408059713428,118.17164395242175,54.49697860476012,0.3442622950819672,0.0,0.7313262168418097,45.0,0.3333333333333333,,,,,
momentum,AMD,2,2024-06…2024-11,BUY_NOW,fast,45,25.0,9,9,0.3333333333333333,0.16257408975444537,2.0503472222222223,0.0,4.100694444444445,1.0,0.6104995766299746,1.6380027739251042,121.91224588147219,36.720339661683084,85.1919062197891,13.563407511836836,162.5998495912881,50.28374717351992,199.32018925297118,71.19676802870987,218.68408059713428,118.17164395242175,54.49697860476012,0.3442622950819672,0.0,0.7313262168418097,45.0,0.3333333333333333,,,,,
momentum,AMD,2,2024-06…2024-11,BUY_NOW,fast,45,50.0,9,9,0.4444444444444444,0.222692633361558,1.9957752429235318,0.49894381073088295,3.4926066751161806,1.0,0.6731583403895004,1.4855345911949687,121.91224588147219,36.720339661683084,85.1919062197891,13.563407511836836,162.5998495912881,50.28374717351992,199.32018925297118,71.19676802870987,218.68408059713428,118.17164395242175,54.49697860476012,0.3442622950819672,0.0,0.7313262168418097,45.0,0.3333333333333333,,,,,
momentum,AMD,2,2024-06…2024-11,BUY_NOW,fast,180,0.0,9,9,0.2222222222222222,0.05249788314987299,4.232974910394264,0.0,10.582437275985663,1.0,0.6562235393734124,1.5238709677419355,279.00879674727616,108.99561880966081,170.01317793761535,30.795567767742625,318.95025740373427,139.79118657740344,427.9458762133951,143.71839375916417,525.1111806576805,112.95969171749984,54.49697860476012,0.3442622950819672,0.0,0.7313262168418097,45.0,0.3333333333333333,,,,,
momentum,AMD,2,2024-06…2024-11,BUY_NOW,fast,180,10.0,9,9,0.2222222222222222,0.06604572396274344,3.3646723646723644,0.0,8.41168091168091,1.0,0.6773920406435224,1.47625,279.00879674727616,108.99561880966081,170.01317793761535,30.795567767742625,318.95025740373427,139.79118657740344,427.9458762133951,143.71839375916417,525.1111806576805,112.95969171749984,54.49697860476012,0.3442622950819672,0.0,0.7313262168418097,45.0,0.3333333333333333,,,,,
momentum,AMD,2,2024-06…2024-11,BUY_NOW,fast,180,25.0,9,9,0.2222222222222222,0.0838272650296359,2.6509539842873173,0.0,6.627384960718294,1.0,0.6977138018628282,1.433252427184466,279.00879674727616,108.99561880966081,170.01317793761535,30.795567767742625,318.95025740373427,139.79118657740344,427.9458762133951,143.71839375916417,525.1111806576805,112.95969171749984,54.49697860476012,0.3442622950819672,0.0,0.7313262168418097,45.0,0.3333333333333333,1.0,0.6883116883116883,9.0,1.4528301886792452,160.92384975717272
momentum,AMD,2,2024-06…2024-11,BUY_NOW,fast,180,50.0,9,9,0.2222222222222222,0.11769686706181202,1.888089528377298,0.0,4.720223820943246,1.0,0.7307366638441999,1.3684820393974506,279.00879674727616,108.99561880966081,170.01317793761535,30.795567767742625,318.95025740373427,139.79118657740344,427.9458762133951,143.71839375916417,525.1111806576805,112.95969171749984,54.49697860476012,0.3442622950819672,0.0,0.7313262168418097,45.0,0.3333333333333333,,,,,
level,AMD,2,2024-06…2024-11,BUY_NOW,medium,1,0.0,16,16,0.6875,0.5698560541913632,1.2064450222882617,0.7677377414561665,1.535475482912333,0.6875,0.5698560541913632,1.2064450222882617,21.166601048032835,2.184093747455731,18.982507300577105,-16.006781720032052,56.8291450847441,-13.822687972576322,59.01323883219983,12.005843306767408,56.519474156452304,38.28304934203136,46.41667867759769,0.6120218579234973,0.0,0.16640694630474362,112.0,0.5,,,,,
level,AMD,2,2024-06…2024-11,BUY_NOW,medium,1,10.0,16,16,0.75,0.655376799322608,1.1443798449612403,0.7629198966408269,1.4304748062015504,0.75,0.655376799322608,1.1443798449612403,21.166601048032835,2.184093747455731,18.982507300577105,-16.006781720032052,56.8291450847441,-13.822687972576322,59.01323883219983,12.005843306767408,56.519474156452304,38.28304934203136,46.41667867759769,0.6120218579234973,0.0,0.16640694630474362,112.0,0.5,,,,,
level,AMD,2,2024-06…2024-11,BUY_NOW,medium,1,25.0,16,16,0.8125,0.7180355630821338,1.1315595518867925,0.8704304245283019,1.392688679245283,0.8125,0.7180355630821338,1.1315595518867925,21.166601048032835,2.184093747455731,18.982507300577105,-16.006781720032052,56.8291450847441,-13.822687972576322,59.01323883219983,12.005843306767408,56.519474156452304,38.28304934203136,46.41667867759769,0.6120218579234973,0.0,0.16640694630474362,112.0,0.5,,,,,
level,AMD,2,2024-06…2024-11,BUY_NOW,medium,1,50.0,16,16,0.9375,0.8052497883149873,1.1642350157728707,1.009003680336488,1.241850683491062,0.9375,0.8052497883149873,1.1642350157728707,21.166601048032835,2.184093747455731,18.982507300577105,-16.006781720032052,56.8291450847441,-13.822687972576322,59.01323883219983,12.005843306767408,56.519474156452304,38.28304934203136,46.41667867759769,0.6120218579234973,0.0,0.16640694630474362,112.0,0.5,,,,,
level,AMD,2,2024-06…2024-11,BUY_NOW,medium,4,0.0,16,16,0.4375,0.29635901778154106,1.47625,0.6326785714285714,2.3198214285714287,0.625,0.5114309906858594,1.2220612582781458,39.21643551671489,4.711256806669872,34.505178710045016,-0.8964982885702337,74.9451104789989,3.814758518099638,79.65636728566876,12.114105654796177,127.823317336071,45.26238474880449,46.41667867759769,0.6120218579234973,0.0,0.16640694630474362,112.0,0.5,,,,,
level,AMD,2,2024-06…2024-11,BUY_NOW,medium,4,10.0,16,16,0.5,0.3573243014394581,1.3992890995260663,0.6996445497630331,2.0989336492890995,0.75,0.5783234546994073,1.2968521229868228,39.21643551671489,4.711256806669872,34.505178710045016,-0.8964982885702337,74.9451104789989,3.814758518099638,79.65636728566876,12.114105654796177,127.823317336071,45.26238474880449,46.41667867759769,0.6120218579234973,0.0,0.16640694630474362,112.0,0.5,,,,,
level,AMD,2,2024-06…2024-11,BUY_NOW,medium,4,25.0,16,16,0.5,0.4377646062658764,1.1421663442940038,0.5710831721470019,1.7132495164410058,0.8125,0.6909398814563928,1.1759344362745099,39.21643551671489,4.711256806669872,34.505178710045016,-0.8964982885702337,74.9451104789989,3.814758518099638,79.65636728566876,12.114105654796177,127.823317336071,45.26238474880449,46.41667867759769,0.6120218579234973,0.0,0.16640694630474362,112.0,0.5,,,,,
level,AMD,2,2024-06…2024-11,BUY_NOW,medium,4,50.0,16,16,0.625,0.5681625740897545,1.100037257824143,0.6600223546944858,1.5400521609538003,0.875,0.7967823878069432,1.0981668437832095,39.21643551671489,4.711256806669872,34.505178710045016,-0.8964982885702337,74.9451104789989,3.814758518099638,79.65636728566876,12.114105654796177,127.823317336071,45.26238474880449,46.41667867759769,0.6120218579234973,0.0,0.16640694630474362,112.0,0.5,,,,,
level,AMD,2,2024-06…2024-11,BUY_NOW,medium,9,0.0,16,16,0.375,0.17950889077053345,2.0890330188679247,0.6963443396226415,3.4817216981132075,0.625,0.5427603725656224,1.1515210608424336,44.95376346477689,9.004096526954587,35.9496669378223,-9.08462789557183,89.49985970979091,-0.08053136861724262,98.5039562367455,3.8332095244461564,182.23800631757322,48.50644336808194,46.41667867759769,0.6120218579234973,0.0,0.16640694630474362,112.0,0.5,,,,,
level,AMD,2,2024-06…2024-11,BUY_NOW,medium,9,10.0,16,16,0.375,0.2260795935647756,1.6587078651685394,0.5529026217228464,2.7645131086142323,0.6875,0.5834038950042337,1.1784288824383164,44.95376346477689,9.004096526954587,35.9496669378223,-9.08462789557183,89.49985970979091,-0.08053136861724262,98.5039562367455,3.8332095244461564,182.23800631757322,48.50644336808194,46.41667867759769,0.6120218579234973,0.0,0.16640694630474362,112.0,0.5,,,,,
level,AMD,2,2024-06…2024-11,BUY_NOW,medium,9,25.0,16,16,0.4375,0.292125317527519,1.497644927536232,0.6418478260869566,2.3534420289855076,0.8125,0.6672311600338696,1.2177189086294415,44.95376346477689,9.004096526954587,35.9496669378223,-9.08462789557183,89.49985970979091,-0.08053136861724262,98.5039562367455,3.8332095244461564,182.23800631757322,48.50644336808194,46.41667867759769,0.6120218579234973,0.0,0.16640694630474362,112.0,0.5,,,,,
level,AMD,2,2024-06…2024-11,BUY_NOW,medium,9,50.0,16,16,0.5625,0.4157493649449619,1.352978615071283,0.7516547861507128,1.9543024439918533,0.875,0.79424216765453,1.101679104477612,44.95376346477689,9.004096526954587,35.9496669378223,-9.08462789557183,89.49985970979091,-0.08053136861724262,98.5039562367455,3.8332095244461564,182.23800631757322,48.50644336808194,46.41667867759769,0.6120218579234973,0.0,0.16640694630474362,112.0,0.5,,,,,
level,AMD,2,2024-06…2024-11,BUY_NOW,medium,45,0.0,16,16,0.25,0.09991532599491956,2.5021186440677967,0.6255296610169492,5.004237288135593,0.6875,0.5334462320067739,1.2887896825396827,74.22436103457414,36.720339661683084,37.50402137289106,-46.01770833543037,137.05073202001944,-9.297368673747284,173.77107168170252,-13.208691034973938,349.0562009555076,74.71648553814443,46.41667867759769,0.6120218579234973,0.0,0.16640694630474362,112.0,0.5,,,,,
level,AMD,2,2024-06…2024-11,BUY_NOW,medium,45,10.0,16,16,0.25,0.12870448772226925,1.942434210526316,0.485608552631579,3.884868421052632,0.6875,0.5647756138865369,1.2172976011994003,74.22436103457414,36.720339661683084,37.50402137289106,-46.01770833543037,137.05073202001944,-9.297368673747284,173.77107168170252,-13.208691034973938,349.0562009555076,74.71648553814443,46.41667867759769,0.6120218579234973,0.0,0.16640694630474362,112.0,0.5,,,,,
level,AMD,2,2024-06…2024-11,BUY_NOW,medium,45,25.0,16,16,0.25,0.16257408975444537,1.5377604166666667,0.3844401041666667,3.0755208333333335,0.6875,0.6104995766299746,1.1261269070735092,74.22436103457414,36.720339661683084,37.50402137289106,-46.01770833543037,137.05073202001944,-9.297368673747284,173.77107168170252,-13.208691034973938,349.0562009555076,74.71648553814443,46.41667867759769,0.6120218579234973,0.0,0.16640694630474362,112.0,0.5,,,,,
level,AMD,2,2024-06…2024-11,BUY_NOW,medium,45,50.0,16,16,0.25,0.222692633361558,1.1226235741444868,0.2806558935361217,2.2452471482889735,0.8125,0.6731583403895004,1.206996855345912,74.22436103457414,36.720339661683084,37.50402137289106,-46.01770833543037,137.05073202001944,-9.297368673747284,173.77107168170252,-13.208691034973938,349.0562009555076,74.71648553814443,46.41667867759769,0.6120218579234973,0.0,0.16640694630474362,112.0,0.5,,,,,
level,AMD,2,2024-06…2024-11,BUY_NOW,medium,180,0.0,16,16,0.1875,0.05249788314987299,3.571572580645161,0.0,7.143145161290322,0.625,0.6562235393734124,0.9524193548387097,133.4247900697721,108.99561880966081,24.429171260111275,-72.41482366561823,136.79678057523776,36.58079514404259,245.79239938489857,50.52298486262916,539.1676726444805,125.46266883164265,46.41667867759769,0.6120218579234973,0.0,0.16640694630474362,112.0,0.5,,,,,
level,AMD,2,2024-06…2024-11,BUY_NOW,medium,180,10.0,16,16,0.1875,0.06604572396274344,2.8389423076923075,0.0,5.677884615384615,0.6875,0.6773920406435224,1.014921875,133.4247900697721,108.99561880966081,24.429171260111275,-72.41482366561823,136.79678057523776,36.58079514404259,245.79239938489857,50.52298486262916,539.1676726444805,125.46266883164265,46.41667867759769,0.6120218579234973,0.0,0.16640694630474362,112.0,0.5,,,,,
level,AMD,2,2024-06…2024-11,BUY_NOW,medium,180,25.0,16,16,0.1875,0.0838272650296359,2.2367424242424243,0.0,4.473484848484849,0.6875,0.6977138018628282,0.9853610436893203,133.4247900697721,108.99561880966081,24.429171260111275,-72.41482366561823,136.79678057523776,36.58079514404259,245.79239938489857,50.52298486262916,539.1676726444805,125.46266883164265,46.41667867759769,0.6120218579234973,0.0,0.16640694630474362,112.0,0.5,0.6875,0.6883116883116883,16.0,0.9988207547169812,15.33984307966864
level,AMD,2,2024-06…2024-11,BUY_NOW,medium,180,50.0,16,16,0.1875,0.11769686706181202,1.5930755395683454,0.0,3.1861510791366907,0.8125,0.7307366638441999,1.1118916570104287,133.4247900697721,108.99561880966081,24.429171260111275,-72.41482366561823,136.79678057523776,36.58079514404259,245.79239938489857,50.52298486262916,539.1676726444805,125.46266883164265,46.41667867759769,0.6120218579234973,0.0,0.16640694630474362,112.0,0.5,,,,,
reversal,AMD,2,2024-06…2024-11,WINDOW_CLOSING,slow,1,0.0,11,11,0.7272727272727273,0.5698560541913632,1.2762393624206405,0.7976496015129002,1.7548291233283806,0.7272727272727273,0.5698560541913632,1.2762393624206405,-3.345923264560815,2.184093747455731,-5.530017012016546,-53.28663256674017,36.88927299057231,-51.10253881928443,39.07336673802804,-21.027054503558304,27.59605640368479,7.086844582447907,-12.526209797542554,0.4207650273224044,0.0,0.0,136.0,0.6666666666666666,,,,,
reversal,AMD,2,2024-06…2024-11,WINDOW_CLOSING,slow,1,10.0,11,11,0.7272727272727273,0.5698560541913632,1.2762393624206405,0.7976496015129002,1.7548291233283806,0.7272727272727273,0.5698560541913632,1.2762393624206405,-3.345923264560815,2.184093747455731,-5.530017012016546,-53.28663256674017,36.88927299057231,-51.10253881928443,39.07336673802804,-21.027054503558304,27.59605640368479,7.086844582447907,-12.526209797542554,0.4207650273224044,0.0,0.0,136.0,0.6666666666666666,,,,,
reversal,AMD,2,2024-06…2024-11,WINDOW_CLOSING,slow,1,25.0,11,11,0.7272727272727273,0.5698560541913632,1.2762393624206405,0.7976496015129002,1.7548291233283806,0.7272727272727273,0.5698560541913632,1.2762393624206405,-3.345923264560815,2.184093747455731,-5.530017012016546,-53.28663256674017,36.88927299057231,-51.10253881928443,39.07336673802804,-21.027054503558304,27.59605640368479,7.086844582447907,-12.526209797542554,0.4207650273224044,0.0,0.0,136.0,0.6666666666666666,,,,,
reversal,AMD,2,2024-06…2024-11,WINDOW_CLOSING,slow,1,50.0,11,11,0.7272727272727273,0.5698560541913632,1.2762393624206405,0.7976496015129002,1.7548291233283806,0.7272727272727273,0.5698560541913632,1.2762393624206405,-3.345923264560815,2.184093747455731,-5.530017012016546,-53.28663256674017,36.88927299057231,-51.10253881928443,39.07336673802804,-21.027054503558304,27.59605640368479,7.086844582447907,-12.526209797542554,0.4207650273224044,0.0,0.0,136.0,0.6666666666666666,,,,,
reversal,AMD,2,2024-06…2024-11,WINDOW_CLOSING,slow,4,0.0,11,11,0.45454545454545453,0.5241320914479255,0.8672345425172565,0.34689381700690264,1.3875752680276106,0.45454545454545453,0.5241320914479255,0.8672345425172565,-6.4401051211424765,4.711256806669872,-11.15136192781235,-68.92673323171314,49.649644035634566,-64.21547642504328,54.36090084230444,-8.16235859703029,-3.4261615383388033,0.9234117967803596,-12.526209797542554,0.4207650273224044,0.0,0.0,136.0,0.6666666666666666,,,,,
reversal,AMD,2,2024-06…2024-11,WINDOW_CLOSING,slow,4,10.0,11,11,0.45454545454545453,0.5241320914479255,0.8672345425172565,0.34689381700690264,1.3875752680276106,0.45454545454545453,0.5241320914479255,0.8672345425172565,-6.4401051211424765,4.711256806669872,-11.15136192781235,-68.92673323171314,49.649644035634566,-64.21547642504328,54.36090084230444,-8.16235859703029,-3.4261615383388033,0.9234117967803596,-12.526209797542554,0.4207650273224044,0.0,0.0,136.0,0.6666666666666666,,,,,
reversal,AMD,2,2024-06…2024-11,WINDOW_CLOSING,slow,4,25.0,11,11,0.45454545454545453,0.5241320914479255,0.8672345425172565,0.34689381700690264,1.3875752680276106,0.45454545454545453,0.5241320914479255,0.8672345425172565,-6.4401051211424765,4.711256806669872,-11.15136192781235,-68.92673323171314,49.649644035634566,-64.21547642504328,54.36090084230444,-8.16235859703029,-3.4261615383388033,0.9234117967803596,-12.526209797542554,0.4207650273224044,0.0,0.0,136.0,0.6666666666666666,,,,,
reversal,AMD,2,2024-06…2024-11,WINDOW_CLOSING,slow,4,50.0,11,11,0.45454545454545453,0.5241320914479255,0.8672345425172565,0.34689381700690264,1.3875752680276106,0.45454545454545453,0.5241320914479255,0.8672345425172565,-6.4401051211424765,4.711256806669872,-11.15136192781235,-68.92673323171314,49.649644035634566,-64.21547642504328,54.36090084230444,-8.16235859703029,-3.4261615383388033,0.9234117967803596,-12.526209797542554,0.4207650273224044,0.0,0.0,136.0,0.6666666666666666,,,,,
reversal,AMD,2,2024-06…2024-11,WINDOW_CLOSING,slow,9,0.0,11,11,0.45454545454545453,0.5385266723116003,0.8440537449971411,0.3376214979988565,1.350485991995426,0.45454545454545453,0.5385266723116003,0.8440537449971411,4.137828915740305,9.004096526954587,-4.866267611214282,-89.0342737413737,97.27721953940078,-80.03017721441911,106.28131606635536,-13.513289075090528,14.22418205335792,5.334420607309355,-12.526209797542554,0.4207650273224044,0.0,0.0,136.0,0.6666666666666666,,,,,
reversal,AMD,2,2024-06…2024-11,WINDOW_CLOSING,slow,9,10.0,11,11,0.45454545454545453,0.5385266723116003,0.8440537449971411,0.3376214979988565,1.350485991995426,0.45454545454545453,0.5385266723116003,0.8440537449971411,4.137828915740305,9.004096526954587,-4.866267611214282,-89.0342737413737,97.27721953940078,-80.03017721441911,106.28131606635536,-13.513289075090528,14.22418205335792,5.334420607309355,-12.526209797542554,0.4207650273224044,0.0,0.0,136.0,0.6666666666666666,,,,,
reversal,AMD,2,2024-06…2024-11,WINDOW_CLOSING,slow,9,25.0,11,11,0.45454545454545453,0.5385266723116003,0.8440537449971411,0.3376214979988565,1.350485991995426,0.45454545454545453,0.5385266723116003,0.8440537449971411,4.137828915740305,9.004096526954587,-4.866267611214282,-89.0342737413737,97.27721953940078,-80.03017721441911,106.28131606635536,-13.513289075090528,14.22418205335792,5.334420607309355,-12.526209797542554,0.4207650273224044,0.0,0.0,136.0,0.6666666666666666,,,,,
reversal,AMD,2,2024-06…2024-11,WINDOW_CLOSING,slow,9,50.0,11,11,0.45454545454545453,0.5385266723116003,0.8440537449971411,0.3376214979988565,1.350485991995426,0.45454545454545453,0.5385266723116003,0.8440537449971411,4.137828915740305,9.004096526954587,-4.866267611214282,-89.0342737413737,97.27721953940078,-80.03017721441911,106.28131606635536,-13.513289075090528,14.22418205335792,5.334420607309355,-12.526209797542554,0.4207650273224044,0.0,0.0,136.0,0.6666666666666666,,,,,
reversal,AMD,2,2024-06…2024-11,WINDOW_CLOSING,slow,45,0.0,11,11,0.36363636363636365,0.5368331922099915,0.6773731000860339,0.16934327502150848,1.1854029251505593,0.36363636363636365,0.5368331922099915,0.6773731000860339,5.9045037831115925,36.720339661683084,-30.81583587857149,-135.7869786700778,100.06798319683108,-99.0666390083947,136.78832285851416,-14.52575528604727,17.578937536916662,12.192459665317786,-12.526209797542554,0.4207650273224044,0.0,0.0,136.0,0.6666666666666666,,,,,
reversal,AMD,2,2024-06…2024-11,WINDOW_CLOSING,slow,45,10.0,11,11,0.36363636363636365,0.5368331922099915,0.6773731000860339,0.16934327502150848,1.1854029251505593,0.36363636363636365,0.5368331922099915,0.6773731000860339,5.9045037831115925,36.720339661683084,-30.81583587857149,-135.7869786700778,100.06798319683108,-99.0666390083947,136.78832285851416,-14.52575528604727,17.578937536916662,12.192459665317786,-12.526209797542554,0.4207650273224044,0.0,0.0,136.0,0.6666666666666666,,,,,
reversal,AMD,2,2024-06…2024-11,WINDOW_CLOSING,slow,45,25.0,11,11,0.36363636363636365,0.5368331922099915,0.6773731000860339,0.16934327502150848,1.1854029251505593,0.36363636363636365,0.5368331922099915,0.6773731000860339,5.9045037831115925,36.720339661683084,-30.81583587857149,-135.7869786700778,100.06798319683108,-99.0666390083947,136.78832285851416,-14.52575528604727,17.578937536916662,12.192459665317786,-12.526209797542554,0.4207650273224044,0.0,0.0,136.0,0.6666666666666666,,,,,
reversal,AMD,2,2024-06…2024-11,WINDOW_CLOSING,slow,45,50.0,11,11,0.36363636363636365,0.5368331922099915,0.6773731000860339,0.16934327502150848,1.1854029251505593,0.36363636363636365,0.5368331922099915,0.6773731000860339,5.9045037831115925,36.720339661683084,-30.81583587857149,-135.7869786700778,100.06798319683108,-99.0666390083947,136.78832285851416,-14.52575528604727,17.578937536916662,12.192459665317786,-12.526209797542554,0.4207650273224044,0.0,0.0,136.0,0.6666666666666666,,,,,
reversal,AMD,2,2024-06…2024-11,WINDOW_CLOSING,slow,180,0.0,11,11,0.36363636363636365,0.655376799322608,0.5548508339206014,0.13871270848015035,0.9709889593610523,0.36363636363636365,0.655376799322608,0.5548508339206014,-31.878575994334494,108.99561880966081,-140.8741948039953,-250.2878913080831,-25.86852851953242,-141.29227249842228,83.1270902901284,-84.26954227651746,-1.9408809759442167,1.026455957092722,-12.526209797542554,0.4207650273224044,0.0,0.0,136.0,0.6666666666666666,,,,,
reversal,AMD,2,2024-06…2024-11,WINDOW_CLOSING,slow,180,10.0,11,11,0.36363636363636365,0.655376799322608,0.5548508339206014,0.13871270848015035,0.9709889593610523,0.36363636363636365,0.655376799322608,0.5548508339206014,-31.878575994334494,108.99561880966081,-140.8741948039953,-250.2878913080831,-25.86852851953242,-141.29227249842228,83.1270902901284,-84.26954227651746,-1.9408809759442167,1.026455957092722,-12.526209797542554,0.4207650273224044,0.0,0.0,136.0,0.6666666666666666,,,,,
reversal,AMD,2,2024-06…2024-11,WINDOW_CLOSING,slow,180,25.0,11,11,0.36363636363636365,0.655376799322608,0.5548508339206014,0.13871270848015035,0.9709889593610523,0.36363636363636365,0.655376799322608,0.5548508339206014,-31.878575994334494,108.99561880966081,-140.8741948039953,-250.2878913080831,-25.86852851953242,-141.29227249842228,83.1270902901284,-84.26954227651746,-1.9408809759442167,1.026455957092722,-12.526209797542554,0.4207650273224044,0.0,0.0,136.0,0.6666666666666666,0.36363636363636365,0.6863136863136863,11.0,0.529839883551674,-149.96352298443793
reversal,AMD,2,2024-06…2024-11,WINDOW_CLOSING,slow,180,50.0,11,11,0.36363636363636365,0.655376799322608,0.5548508339206014,0.13871270848015035,0.9709889593610523,0.36363636363636365,0.655376799322608,0.5548508339206014,-31.878575994334494,108.99561880966081,-140.8741948039953,-250.2878913080831,-25.86852851953242,-141.29227249842228,83.1270902901284,-84.26954227651746,-1.9408809759442167,1.026455957092722,-12.526209797542554,0.4207650273224044,0.0,0.0,136.0,0.6666666666666666,,,,,
dip_vs_trend,AMD,2,2024-06…2024-11,BUY_NOW,medium,1,0.0,13,13,0.6153846153846154,0.5698560541913632,1.0798948451251573,0.5399474225625787,1.4848554120470911,0.6153846153846154,0.5698560541913632,1.0798948451251573,43.78987969550266,2.184093747455731,41.60578594804693,-29.63677515081662,110.71471053495303,-27.45268140336089,112.89880428240876,-25.160980193308585,138.99858622730832,47.85264595444688,43.47954884497626,0.4972677595628415,0.0,0.8229553014146339,40.0,0.0,,,,,
dip_vs_trend,AMD,2,2024-06…2024-11,BUY_NOW,medium,1,10.0,13,13,0.6923076923076923,0.655376799322608,1.056350626118068,0.7042337507453788,1.4084675014907575,0.6923076923076923,0.655376799322608,1.056350626118068,43.78987969550266,2.184093747455731,41.60578594804693,-29.63677515081662,110.71471053495303,-27.45268140336089,112.89880428240876,-25.160980193308585,138.99858622730832,47.85264595444688,43.47954884497626,0.4972677595628415,0.0,0.8229553014146339,40.0,0.0,,,,,
dip_vs_trend,AMD,2,2024-06…2024-11,BUY_NOW,medium,1,25.0,13,13,0.8461538461538461,0.7180355630821338,1.1784288824383164,0.8570391872278665,1.392688679245283,0.8461538461538461,0.7180355630821338,1.1784288824383164,43.78987969550266,2.184093747455731,41.60578594804693,-29.63677515081662,110.71471053495303,-27.45268140336089,112.89880428240876,-25.160980193308585,138.99858622730832,47.85264595444688,43.47954884497626,0.4972677595628415,0.0,0.8229553014146339,40.0,0.0,,,,,
dip_vs_trend,AMD,2,2024-06…2024-11,BUY_NOW,medium,1,50.0,13,13,0.9230769230769231,0.8052497883149873,1.1463237078379036,0.9552697565315863,1.241850683491062,0.9230769230769231,0.8052497883149873,1.1463237078379036,43.78987969550266,2.184093747455731,41.60578594804693,-29.63677515081662,110.71471053495303,-27.45268140336089,112.89880428240876,-25.160980193308585,138.99858622730832,47.85264595444688,43.47954884497626,0.4972677595628415,0.0,0.8229553014146339,40.0,0.0,,,,,
dip_vs_trend,AMD,2,2024-06…2024-11,BUY_NOW,medium,4,0.0,13,13,0.5384615384615384,0.29635901778154106,1.8169230769230769,1.0382417582417582,2.5956043956043957,0.7692307692307693,0.5114309906858594,1.5040753948038719,41.09385952557618,4.711256806669872,36.382602718906305,-9.826163224224898,78.91929686571562,-5.114906417555026,83.63055367238549,-3.9902040959206446,91.91564840330467,69.10428665994186,43.47954884497626,0.4972677595628415,0.0,0.8229553014146339,40.0,0.0,,,,,
dip_vs_trend,AMD,2,2024-06…2024-11,BUY_NOW,medium,4,10.0,13,13,0.5384615384615384,0.3573243014394581,1.5069267225665328,0.8611009843237332,2.152752460809333,0.7692307692307693,0.5783234546994073,1.3301047415249465,41.09385952557618,4.711256806669872,36.382602718906305,-9.826163224224898,78.91929686571562,-5.114906417555026,83.63055367238549,-3.9902040959206446,91.91564840330467,69.10428665994186,43.47954884497626,0.4972677595628415,0.0,0.8229553014146339,40.0,0.0,,,,,
dip_vs_trend,AMD,2,2024-06…2024-11,BUY_NOW,medium,4,25.0,13,13,0.7692307692307693,0.4377646062658764,1.7571789912215445,1.230025293855081,2.2843326885880075,0.8461538461538461,0.6909398814563928,1.2246417797888387,41.09385952557618,4.711256806669872,36.382602718906305,-9.826163224224898,78.91929686571562,-5.114906417555026,83.63055367238549,-3.9902040959206446,91.91564840330467,69.10428665994186,43.47954884497626,0.4972677595628415,0.0,0.8229553014146339,40.0,0.0,,,,,
dip_vs_trend,AMD,2,2024-06…2024-11,BUY_NOW,medium,4,50.0,13,13,0.9230769230769231,0.5681625740897545,1.6246704115556576,1.3538920096297147,1.760059612518629,0.9230769230769231,0.7967823878069432,1.1585056813537156,41.09385952557618,4.711256806669872,36.382602718906305,-9.826163224224898,78.91929686571562,-5.114906417555026,83.63055367238549,-3.9902040959206446,91.91564840330467,69.10428665994186,43.47954884497626,0.4972677595628415,0.0,0.8229553014146339,40.0,0.0,,,,,
dip_vs_trend,AMD,2,2024-06…2024-11,BUY_NOW,medium,9,0.0,13,13,0.3076923076923077,0.17950889077053345,1.714078374455733,0.42851959361393327,2.9996371552975325,0.6923076923076923,0.5427603725656224,1.2755310212408495,40.76146380426833,9.004096526954587,31.757367277313744,-16.935422734936466,74.19036786826935,-7.93132620798188,83.19446439522393,-15.300442671812876,92.94562235484833,82.42261779225831,43.47954884497626,0.4972677595628415,0.0,0.8229553014146339,40.0,0.0,,,,,
dip_vs_trend,AMD,2,2024-06…2024-11,BUY_NOW,medium,9,10.0,13,13,0.3076923076923077,0.2260795935647756,1.3609910688562374,0.34024776721405936,2.3817343704984153,0.8461538461538461,0.5834038950042337,1.450374009154851,40.76146380426833,9.004096526954587,31.757367277313744,-16.935422734936466,74.19036786826935,-7.93132620798188,83.19446439522393,-15.300442671812876,92.94562235484833,82.42261779225831,43.47954884497626,0.4972677595628415,0.0,0.8229553014146339,40.0,0.0,,,,,
dip_vs_trend,AMD,2,2024-06…2024-11,BUY_NOW,medium,9,25.0,13,13,0.46153846153846156,0.292125317527519,1.5799331103678933,0.5266443701226311,2.3698996655518396,0.9230769230769231,0.6672311600338696,1.3834439672003125,40.76146380426833,9.004096526954587,31.757367277313744,-16.935422734936466,74.19036786826935,-7.93132620798188,83.19446439522393,-15.300442671812876,92.94562235484833,82.42261779225831,43.47954884497626,0.4972677595628415,0.0,0.8229553014146339,40.0,0.0,,,,,
dip_vs_trend,AMD,2,2024-06…2024-11,BUY_NOW,medium,9,50.0,13,13,0.8461538461538461,0.4157493649449619,2.0352498825003917,1.4801817327275577,2.405295315682281,0.9230769230769231,0.79424216765453,1.1622109234049534,40.76146380426833,9.004096526954587,31.757367277313744,-16.935422734936466,74.19036786826935,-7.93132620798188,83.19446439522393,-15.300442671812876,92.94562235484833,82.42261779225831,43.47954884497626,0.4972677595628415,0.0,0.8229553014146339,40.0,0.0,,,,,
dip_vs_trend,AMD,2,2024-06…2024-11,BUY_NOW,medium,45,0.0,13,13,0.15384615384615385,0.09991532599491956,1.5397653194263363,0.0,3.849413298565841,0.8461538461538461,0.5334462320067739,1.5862026862026863,94.80983532047286,36.720339661683084,58.08949565878977,-13.396464128571633,126.62972377356846,23.32387553311145,163.35006343525154,28.620908892519733,207.390857235982,150.27821342422607,43.47954884497626,0.4972677595628415,0.0,0.8229553014146339,40.0,0.0,,,,,
dip_vs_trend,AMD,2,2024-06…2024-11,BUY_NOW,medium,45,10.0,13,13,0.15384615384615385,0.12870448772226925,1.195344129554656,0.0,2.9883603238866403,0.8461538461538461,0.5647756138865369,1.4982124322454158,94.80983532047286,36.720339661683084,58.08949565878977,-13.396464128571633,126.62972377356846,23.32387553311145,163.35006343525154,28.620908892519733,207.390857235982,150.27821342422607,43.47954884497626,0.4972677595628415,0.0,0.8229553014146339,40.0,0.0,,,,,
dip_vs_trend,AMD,2,2024-06…2024-11,BUY_NOW,medium,45,25.0,13,13,0.23076923076923078,0.16257408975444537,1.419471153846154,0.0,2.838942307692308,0.8461538461538461,0.6104995766299746,1.3860023471673957,94.80983532047286,36.720339661683084,58.08949565878977,-13.396464128571633,126.62972377356846,23.32387553311145,163.35006343525154,28.620908892519733,207.390857235982,150.27821342422607,43.47954884497626,0.4972677595628415,0.0,0.8229553014146339,40.0,0.0,,,,,
dip_vs_trend,AMD,2,2024-06…2024-11,BUY_NOW,medium,45,50.0,13,13,0.6153846153846154,0.222692633361558,2.763381105586429,1.727113190991518,3.7996490201813393,0.8461538461538461,0.6731583403895004,1.2569908079342043,94.80983532047286,36.720339661683084,58.08949565878977,-13.396464128571633,126.62972377356846,23.32387553311145,163.35006343525154,28.620908892519733,207.390857235982,150.27821342422607,43.47954884497626,0.4972677595628415,0.0,0.8229553014146339,40.0,0.0,,,,,
dip_vs_trend,AMD,2,2024-06…2024-11,BUY_NOW,medium,180,0.0,13,13,0.07692307692307693,0.05249788314987299,1.4652605459057073,0.0,4.395781637717121,1.0,0.6562235393734124,1.5238709677419355,278.5464517107452,108.99561880966081,169.5508329010844,61.553717445681144,278.9905902396843,170.54933625534196,387.9862090493451,201.56728929923116,467.1107501561821,240.5189243014547,43.47954884497626,0.4972677595628415,0.0,0.8229553014146339,40.0,0.0,,,,,
dip_vs_trend,AMD,2,2024-06…2024-11,BUY_NOW,medium,180,10.0,13,13,0.07692307692307693,0.06604572396274344,1.1646942800788955,0.0,3.4940828402366866,1.0,0.6773920406435224,1.47625,278.5464517107452,108.99561880966081,169.5508329010844,61.553717445681144,278.9905902396843,170.54933625534196,387.9862090493451,201.56728929923116,467.1107501561821,240.5189243014547,43.47954884497626,0.4972677595628415,0.0,0.8229553014146339,40.0,0.0,,,,,
dip_vs_trend,AMD,2,2024-06…2024-11,BUY_NOW,medium,180,25.0,13,13,0.07692307692307693,0.0838272650296359,0.9176379176379177,0.0,2.752913752913753,1.0,0.6977138018628282,1.433252427184466,278.5464517107452,108.99561880966081,169.5508329010844,61.553717445681144,278.9905902396843,170.54933625534196,387.9862090493451,201.56728929923116,467.1107501561821,240.5189243014547,43.47954884497626,0.4972677595628415,0.0,0.8229553014146339,40.0,0.0,1.0,0.6883116883116883,10.0,1.4528301886792452,168.52480087678197
dip_vs_trend,AMD,2,2024-06…2024-11,BUY_NOW,medium,180,50.0,13,13,0.15384615384615385,0.11769686706181202,1.3071389042612065,0.0,3.2678472606530162,1.0,0.7307366638441999,1.3684820393974506,278.5464517107452,108.99561880966081,169.5508329010844,61.553717445681144,278.9905902396843,170.54933625534196,387.9862090493451,201.56728929923116,467.1107501561821,240.5189243014547,43.47954884497626,0.4972677595628415,0.0,0.8229553014146339,40.0,0.0,,,,,
momentum,AMD,3,2024-12…2025-05,BUY_NOW,fast,1,0.0,12,12,0.6666666666666666,0.5325497287522604,1.2518392756083758,0.782399547255235,1.7212790039615167,0.6666666666666666,0.5325497287522604,1.2518392756083758,21.237345220959472,-2.2060650739478422,23.443410294907316,-11.515910524317976,59.08757488369778,-13.721975598265818,56.88150980974994,-3.71396170486316,47.739625591426716,28.10570972450891,-2.346567471915861,0.46153846153846156,0.0,0.8023396126074446,50.0,0.16666666666666666,,,,,
momentum,AMD,3,2024-12…2025-05,BUY_NOW,fast,1,10.0,12,12,0.75,0.6184448462929476,1.2127192982456139,0.8084795321637427,1.6169590643274854,0.75,0.6184448462929476,1.2127192982456139,21.237345220959472,-2.2060650739478422,23.443410294907316,-11.515910524317976,59.08757488369778,-13.721975598265818,56.88150980974994,-3.71396170486316,47.739625591426716,28.10570972450891,-2.346567471915861,0.46153846153846156,0.0,0.8023396126074446,50.0,0.16666666666666666,,,,,
momentum,AMD,3,2024-12…2025-05,BUY_NOW,fast,1,25.0,12,12,0.8333333333333334,0.7061482820976492,1.180110968843363,0.8260776781903543,1.4161331626120357,0.8333333333333334,0.7061482820976492,1.180110968843363,21.237345220959472,-2.2060650739478422,23.443410294907316,-11.515910524317976,59.08757488369778,-13.721975598265818,56.88150980974994,-3.71396170486316,47.739625591426716,28.10570972450891,-2.346567471915861,0.46153846153846156,0.0,0.8023396126074446,50.0,0.16666666666666666,,,,,
momentum,AMD,3,2024-12…2025-05,BUY_NOW,fast,1,50.0,12,12,0.8333333333333334,0.8155515370705244,1.0218033998521805,0.7152623798965263,1.2261640798226163,0.8333333333333334,0.8155515370705244,1.0218033998521805,21.237345220959472,-2.2060650739478422,23.443410294907316,-11.515910524317976,59.08757488369778,-13.721975598265818,56.88150980974994,-3.71396170486316,47.739625591426716,28.10570972450891,-2.346567471915861,0.46153846153846156,0.0,0.8023396126074446,50.0,0.16666666666666666,,,,,
momentum,AMD,3,2024-12…2025-05,BUY_NOW,fast,4,0.0,12,12,0.3333333333333333,0.22603978300180833,1.4746666666666666,0.36866666666666664,2.5806666666666667,0.5,0.4701627486437613,1.0634615384615385,17.874075674864468,-6.359540985135913,24.23361666000038,-7.94940879316041,61.842002607824035,-14.308949778296324,55.48246162268812,-3.2043080339333048,49.31856579674384,52.52198833184812,-2.346567471915861,0.46153846153846156,0.0,0.8023396126074446,50.0,0.16666666666666666,,,,,
momentum,AMD,3,2024-12…2025-05,BUY_NOW,fast,4,10.0,12,12,0.4166666666666667,0.2911392405063291,1.4311594202898552,0.572463768115942,2.289855072463768,0.6666666666666666,0.5334538878842676,1.2497175141242938,17.874075674864468,-6.359540985135913,24.23361666000038,-7.94940879316041,61.842002607824035,-14.308949778296324,55.48246162268812,-3.2043080339333048,49.31856579674384,52.52198833184812,-2.346567471915861,0.46153846153846156,0.0,0.8023396126074446,50.0,0.16666666666666666,,,,,
momentum,AMD,3,2024-12…2025-05,BUY_NOW,fast,4,25.0,12,12,0.5,0.3887884267631103,1.286046511627907,0.6430232558139535,1.9290697674418604,0.75,0.6211573236889693,1.2074235807860263,17.874075674864468,-6.359540985135913,24.23361666000038,-7.94940879316041,61.842002607824035,-14.308949778296324,55.48246162268812,-3.2043080339333048,49.31856579674384,52.52198833184812,-2.346567471915861,0.46153846153846156,0.0,0.8023396126074446,50.0,0.16666666666666666,,,,,
momentum,AMD,3,2024-12…2025-05,BUY_NOW,fast,4,50.0,12,12,0.5833333333333334,0.5406871609403255,1.0788740245261985,0.616499442586399,1.5412486064659978,0.9166666666666666,0.786618444846293,1.1653256704980843,17.874075674864468,-6.359540985135913,24.23361666000038,-7.94940879316041,61.842002607824035,-14.308949778296324,55.48246162268812,-3.2043080339333048,49.31856579674384,52.52198833184812,-2.346567471915861,0.46153846153846156,0.0,0.8023396126074446,50.0,0.16666666666666666,,,,,
momentum,AMD,3,2024-12…2025-05,BUY_NOW,fast,9,0.0,12,12,0.16666666666666666,0.12477396021699819,1.3357487922705313,0.0,3.339371980676329,0.4166666666666667,0.43128390596745025,0.9661076170510133,2.6494274536179,-13.045867130213786,15.695294583831686,-20.609422311119147,55.29865615890616,-33.65528944133293,42.252789028692376,-15.219138562830972,33.08139591481814,49.44498340429926,-2.346567471915861,0.46153846153846156,0.0,0.8023396126074446,50.0,0.16666666666666666,,,,,
momentum,AMD,3,2024-12…2025-05,BUY_NOW,fast,9,10.0,12,12,0.16666666666666666,0.17811934900542495,0.9357021996615905,0.0,2.3392554991539765,0.5833333333333334,0.5,1.1666666666666667,2.6494274536179,-13.045867130213786,15.695294583831686,-20.609422311119147,55.29865615890616,-33.65528944133293,42.252789028692376,-15.219138562830972,33.08139591481814,49.44498340429926,-2.346567471915861,0.46153846153846156,0.0,0.8023396126074446,50.0,0.16666666666666666,,,,,
momentum,AMD,3,2024-12…2025-05,BUY_NOW,fast,9,25.0,12,12,0.25,0.2468354430379747,1.0128205128205128,0.0,2.0256410256410255,0.6666666666666666,0.5750452079566004,1.1593291404612158,2.6494274536179,-13.045867130213786,15.695294583831686,-20.609422311119147,55.29865615890616,-33.65528944133293,42.252789028692376,-15.219138562830972,33.08139591481814,49.44498340429926,-2.346567471915861,0.46153846153846156,0.0,0.8023396126074446,50.0,0.16666666666666666,,,,,
momentum,AMD,3,2024-12…2025-05,BUY_NOW,fast,9,50.0,12,12,0.4166666666666667,0.3679927667269439,1.1322686322686324,0.45290745290745293,1.8116298116298117,0.75,0.6998191681735986,1.071705426356589,2.6494274536179,-13.045867130213786,15.695294583831686,-20.609422311119147,55.29865615890616,-33.65528944133293,42.252789028692376,-15.219138562830972,33.08139591481814,49.44498340429926,-2.346567471915861,0.46153846153846156,0.0,0.8023396126074446,50.0,0.16666666666666666,,,,,
momentum,AMD,3,2024-12…2025-05,BUY_NOW,fast,45,0.0,12,12,0.08333333333333333,0.028933092224231464,2.8802083333333335,0.0,8.640625,0.4166666666666667,0.3336347197106691,1.2488708220415536,-35.83088982339434,-56.91189483887311,21.081005015478773,-89.99178471543135,121.18446454496265,-146.90367955430446,64.27256970608954,-82.14577170252758,24.556540360733404,56.017380528148124,-2.346567471915861,0.46153846153846156,0.0,0.8023396126074446,50.0,0.16666666666666666,,,,,
momentum,AMD,3,2024-12…2025-05,BUY_NOW,fast,45,10.0,12,12,0.08333333333333333,0.0461121157323689,1.80718954248366,0.0,5.421568627450981,0.5,0.36618444846292947,1.365432098765432,-35.83088982339434,-56.91189483887311,21.081005015478773,-89.99178471543135,121.18446454496265,-146.90367955430446,64.27256970608954,-82.14577170252758,24.556540360733404,56.017380528148124,-2.346567471915861,0.46153846153846156,0.0,0.8023396126074446,50.0,0.16666666666666666,,,,,
momentum,AMD,3,2024-12…2025-05,BUY_NOW,fast,45,25.0,12,12,0.08333333333333333,0.07775768535262206,1.071705426356589,0.0,3.2151162790697674,0.5,0.42766726943942135,1.1691331923890063,-35.83088982339434,-56.91189483887311,21.081005015478773,-89.99178471543135,121.18446454496265,-146.90367955430446,64.27256970608954,-82.14577170252758,24.556540360733404,56.017380528148124,-2.346567471915861,0.46153846153846156,0.0,0.8023396126074446,50.0,0.16666666666666666,,,,,
momentum,AMD,3,2024-12…2025-05,BUY_NOW,fast,45,50.0,12,12,0.16666666666666666,0.1410488245931284,1.1816239316239314,0.0,2.9540598290598292,0.5833333333333334,0.5207956600361664,1.1200810185185186,-35.83088982339434,-56.91189483887311,21.081005015478773,-89.99178471543135,121.18446454496265,-146.90367955430446,64.27256970608954,-82.14577170252758,24.556540360733404,56.017380528148124,-2.346567471915861,0.46153846153846156,0.0,0.8023396126074446,50.0,0.16666666666666666,,,,,
momentum,AMD,3,2024-12…2025-05,BUY_NOW,fast,180,0.0,12,12,0.0,0.0045207956600361665,0.0,0.0,0.0,0.16666666666666666,0.14737793851717904,1.1308793456032717,-207.15097383316413,-193.39848357528106,-13.752490257883068,-166.9057560079714,137.91045757965745,-360.30423958325247,-55.48802599562362,-285.90000889474743,-100.68729393954877,69.26143489232938,-2.346567471915861,0.46153846153846156,0.0,0.8023396126074446,50.0,0.16666666666666666,,,,,
momentum,AMD,3,2024-12…2025-05,BUY_NOW,fast,180,10.0,12,12,0.0,0.006329113924050633,0.0,0.0,0.0,0.3333333333333333,0.16455696202531644,2.0256410256410255,-207.15097383316413,-193.39848357528106,-13.752490257883068,-166.9057560079714,137.91045757965745,-360.30423958325247,-55.48802599562362,-285.90000889474743,-100.68729393954877,69.26143489232938,-2.346567471915861,0.46153846153846156,0.0,0.8023396126074446,50.0,0.16666666666666666,,,,,
momentum,AMD,3,2024-12…2025-05,BUY_NOW,fast,180,25.0,12,12,0.0,0.014466546112115732,0.0,0.0,0.0,0.3333333333333333,0.19891500904159132,1.6757575757575758,-207.15097383316413,-193.39848357528106,-13.752490257883068,-166.9057560079714,137.91045757965745,-360.30423958325247,-55.48802599562362,-285.90000889474743,-100.68729393954877,69.26143489232938,-2.346567471915861,0.46153846153846156,0.0,0.8023396126074446,50.0,0.16666666666666666,0.2727272727272727,0.15226781857451405,11.0,1.7911025145067696,-2.5777846095925554
momentum,AMD,3,2024-12…2025-05,BUY_NOW,fast,180,50.0,12,12,0.08333333333333333,0.020795660036166366,4.007246376811594,0.0,12.021739130434783,0.4166666666666667,0.2549728752260398,1.6341607565011822,-207.15097383316413,-193.39848357528106,-13.752490257883068,-166.9057560079714,137.91045757965745,-360.30423958325247,-55.48802599562362,-285.90000889474743,-100.68729393954877,69.26143489232938,-2.346567471915861,0.46153846153846156,0.0,0.8023396126074446,50.0,0.16666666666666666,,,,,
level,AMD,3,2024-12…2025-05,BUY_NOW,medium,1,0.0,25,25,0.56,0.5325497287522604,1.0515449915110358,0.675993208828523,1.351986417657046,0.56,0.5325497287522604,1.0515449915110358,-11.97616807788444,-2.2060650739478422,-9.770103003936597,-34.473867162570954,11.871769828063059,-36.679932236518795,9.665704754115216,-28.809680589133333,2.0289432939284278,2.629609694647562,-4.740536769479853,0.9615384615384616,0.0,0.007389570914195252,72.0,0.3333333333333333,,,,,
level,AMD,3,2024-12…2025-05,BUY_NOW,medium,1,10.0,25,25,0.72,0.6184448462929476,1.1642105263157894,0.8408187134502924,1.4229239766081871,0.72,0.6184448462929476,1.1642105263157894,-11.97616807788444,-2.2060650739478422,-9.770103003936597,-34.473867162570954,11.871769828063059,-36.679932236518795,9.665704754115216,-28.809680589133333,2.0289432939284278,2.629609694647562,-4.740536769479853,0.9615384615384616,0.0,0.007389570914195252,72.0,0.3333333333333333,,,,,
level,AMD,3,2024-12…2025-05,BUY_NOW,medium,1,25.0,25,25,0.72,0.7061482820976492,1.0196158770806658,0.7363892445582586,1.2461971830985914,0.72,0.7061482820976492,1.0196158770806658,-11.97616807788444,-2.2060650739478422,-9.770103003936597,-34.473867162570954,11.871769828063059,-36.679932236518795,9.665704754115216,-28.809680589133333,2.0289432939284278,2.629609694647562,-4.740536769479853,0.9615384615384616,0.0,0.007389570914195252,72.0,0.3333333333333333,,,,,
level,AMD,3,2024-12…2025-05,BUY_NOW,medium,1,50.0,25,25,0.84,0.8155515370705244,1.0299778270509978,0.8337915742793792,1.1771175166297116,0.84,0.8155515370705244,1.0299778270509978,-11.97616807788444,-2.2060650739478422,-9.770103003936597,-34.473867162570954,11.871769828063059,-36.679932236518795,9.665704754115216,-28.809680589133333,2.0289432939284278,2.629609694647562,-4.740536769479853,0.9615384615384616,0.0,0.007389570914195252,72.0,0.3333333333333333,,,,,
level,AMD,3,2024-12…2025-05,BUY_NOW,medium,4,0.0,25,25,0.16,0.22603978300180833,0.70784,0.17696,1.41568,0.36,0.4701627486437613,0.7656923076923077,-20.412288550914727,-6.359540985135913,-14.052747565778814,-42.12270317478749,10.588477688627432,-48.482244159923404,4.2289367034915175,-41.429461181873805,1.6897612933814585,0.5977830442304826,-4.740536769479853,0.9615384615384616,0.0,0.007389570914195252,72.0,0.3333333333333333,,,,,
level,AMD,3,2024-12…2025-05,BUY_NOW,medium,4,10.0,25,25,0.32,0.2911392405063291,1.0991304347826087,0.5495652173913044,1.7860869565217392,0.52,0.5334538878842676,0.9747796610169492,-20.412288550914727,-6.359540985135913,-14.052747565778814,-42.12270317478749,10.588477688627432,-48.482244159923404,4.2289367034915175,-41.429461181873805,1.6897612933814585,0.5977830442304826,-4.740536769479853,0.9615384615384616,0.0,0.007389570914195252,72.0,0.3333333333333333,,,,,
level,AMD,3,2024-12…2025-05,BUY_NOW,medium,4,25.0,25,25,0.4,0.3887884267631103,1.0288372093023257,0.5144186046511628,1.5432558139534882,0.6,0.6211573236889693,0.965938864628821,-20.412288550914727,-6.359540985135913,-14.052747565778814,-42.12270317478749,10.588477688627432,-48.482244159923404,4.2289367034915175,-41.429461181873805,1.6897612933814585,0.5977830442304826,-4.740536769479853,0.9615384615384616,0.0,0.007389570914195252,72.0,0.3333333333333333,,,,,
level,AMD,3,2024-12…2025-05,BUY_NOW,medium,4,50.0,25,25,0.52,0.5406871609403255,0.9617391304347825,0.5918394648829431,1.3316387959866218,0.76,0.786618444846293,0.9661609195402299,-20.412288550914727,-6.359540985135913,-14.052747565778814,-42.12270317478749,10.588477688627432,-48.482244159923404,4.2289367034915175,-41.429461181873805,1.6897612933814585,0.5977830442304826,-4.740536769479853,0.9615384615384616,0.0,0.007389570914195252,72.0,0.3333333333333333,,,,,
level,AMD,3,2024-12…2025-05,BUY_NOW,medium,9,0.0,25,25,0.12,0.12477396021699819,0.9617391304347827,0.0,1.9234782608695653,0.44,0.43128390596745025,1.02020964360587,-14.171511156147254,-13.045867130213786,-1.1256440259334681,-29.612610620385553,24.9265312241193,-42.65847775059934,11.880664093905514,-29.840221216917524,0.29191351533299265,4.940671467263513,-4.740536769479853,0.9615384615384616,0.0,0.007389570914195252,72.0,0.3333333333333333,,,,,
level,AMD,3,2024-12…2025-05,BUY_NOW,medium,9,10.0,25,25,0.12,0.17811934900542495,0.6737055837563451,0.0,1.3474111675126903,0.52,0.5,1.04,-14.171511156147254,-13.045867130213786,-1.1256440259334681,-29.612610620385553,24.9265312241193,-42.65847775059934,11.880664093905514,-29.840221216917524,0.29191351533299265,4.940671467263513,-4.740536769479853,0.9615384615384616,0.0,0.007389570914195252,72.0,0.3333333333333333,,,,,
level,AMD,3,2024-12…2025-05,BUY_NOW,medium,9,25.0,25,25,0.24,0.2468354430379747,0.9723076923076922,0.3241025641025641,1.6205128205128205,0.56,0.5750452079566004,0.9738364779874213,-14.171511156147254,-13.045867130213786,-1.1256440259334681,-29.612610620385553,24.9265312241193,-42.65847775059934,11.880664093905514,-29.840221216917524,0.29191351533299265,4.940671467263513,-4.740536769479853,0.9615384615384616,0.0,0.007389570914195252,72.0,0.3333333333333333,,,,,
level,AMD,3,2024-12…2025-05,BUY_NOW,medium,9,50.0,25,25,0.4,0.3679927667269439,1.086977886977887,0.5434889434889435,1.6304668304668306,0.8,0.6998191681735986,1.1431524547803618,-14.171511156147254,-13.045867130213786,-1.1256440259334681,-29.612610620385553,24.9265312241193,-42.65847775059934,11.880664093905514,-29.840221216917524,0.29191351533299265,4.940671467263513,-4.740536769479853,0.9615384615384616,0.0,0.007389570914195252,72.0,0.3333333333333333,,,,,
level,AMD,3,2024-12…2025-05,BUY_NOW,medium,45,0.0,25,25,0.0,0.028933092224231464,0.0,0.0,0.0,0.28,0.3336347197106691,0.8392411924119242,-50.07721466056903,-56.91189483887311,6.834680178304083,-26.739940283956315,41.12876712294271,-83.65183512282943,-15.783127715930398,-82.80325687968853,-19.868560304458704,8.747679184038315,-4.740536769479853,0.9615384615384616,0.0,0.007389570914195252,72.0,0.3333333333333333,,,,,
level,AMD,3,2024-12…2025-05,BUY_NOW,medium,45,10.0,25,25,0.04,0.0461121157323689,0.8674509803921568,0.0,2.6023529411764703,0.4,0.36618444846292947,1.0923456790123458,-50.07721466056903,-56.91189483887311,6.834680178304083,-26.739940283956315,41.12876712294271,-83.65183512282943,-15.783127715930398,-82.80325687968853,-19.868560304458704,8.747679184038315,-4.740536769479853,0.9615384615384616,0.0,0.007389570914195252,72.0,0.3333333333333333,,,,,
level,AMD,3,2024-12…2025-05,BUY_NOW,medium,45,25.0,25,25,0.08,0.07775768535262206,1.0288372093023255,0.0,2.572093023255814,0.44,0.42766726943942135,1.0288372093023255,-50.07721466056903,-56.91189483887311,6.834680178304083,-26.739940283956315,41.12876712294271,-83.65183512282943,-15.783127715930398,-82.80325687968853,-19.868560304458704,8.747679184038315,-4.740536769479853,0.9615384615384616,0.0,0.007389570914195252,72.0,0.3333333333333333,,,,,
level,AMD,3,2024-12…2025-05,BUY_NOW,medium,45,50.0,25,25,0.12,0.1410488245931284,0.8507692307692307,0.0,1.7015384615384614,0.56,0.5207956600361664,1.0752777777777778,-50.07721466056903,-56.91189483887311,6.834680178304083,-26.739940283956315,41.12876712294271,-83.65183512282943,-15.783127715930398,-82.80325687968853,-19.868560304458704,8.747679184038315,-4.740536769479853,0.9615384615384616,0.0,0.007389570914195252,72.0,0.3333333333333333,,,,,
level,AMD,3,2024-12…2025-05,BUY_NOW,medium,180,0.0,25,25,0.0,0.0045207956600361665,0.0,0.0,0.0,0.12,0.14737793851717904,0.8142331288343557,-162.07242997151022,-193.39848357528106,31.326053603770845,-26.07043682843252,88.30454768679641,-219.46892040371358,-105.09393588848465,-267.1731999060284,-74.0531270662744,49.22102279191577,-4.740536769479853,0.9615384615384616,0.0,0.007389570914195252,72.0,0.3333333333333333,,,,,
level,AMD,3,2024-12…2025-05,BUY_NOW,medium,180,10.0,25,25,0.0,0.006329113924050633,0.0,0.0,0.0,0.16,0.16455696202531644,0.9723076923076924,-162.07242997151022,-193.39848357528106,31.326053603770845,-26.07043682843252,88.30454768679641,-219.46892040371358,-105.09393588848465,-267.1731999060284,-74.0531270662744,49.22102279191577,-4.740536769479853,0.9615384615384616,0.0,0.007389570914195252,72.0,0.3333333333333333,,,,,
level,AMD,3,2024-12…2025-05,BUY_NOW,medium,180,25.0,25,25,0.0,0.014466546112115732,0.0,0.0,0.0,0.2,0.19891500904159132,1.0054545454545456,-162.07242997151022,-193.39848357528106,31.326053603770845,-26.07043682843252,88.30454768679641,-219.46892040371358,-105.09393588848465,-267.1731999060284,-74.0531270662744,49.22102279191577,-4.740536769479853,0.9615384615384616,0.0,0.007389570914195252,72.0,0.3333333333333333,0.15789473684210525,0.15226781857451405,19.0,1.0369540873460246,19.850043392110393
level,AMD,3,2024-12…2025-05,BUY_NOW,medium,180,50.0,25,25,0.0,0.020795660036166366,0.0,0.0,0.0,0.32,0.2549728752260398,1.2550354609929077,-162.07242997151022,-193.39848357528106,31.326053603770845,-26.07043682843252,88.30454768679641,-219.46892040371358,-105.09393588848465,-267.1731999060284,-74.0531270662744,49.22102279191577,-4.740536769479853,0.9615384615384616,0.0,0.007389570914195252,72.0,0.3333333333333333,,,,,
reversal,AMD,3,2024-12…2025-05,WINDOW_CLOSING,slow,1,0.0,28,28,0.42857142857142855,0.5325497287522604,0.8047538200339559,0.46943972835314096,1.1400679117147707,0.42857142857142855,0.5325497287522604,0.8047538200339559,-20.15223406773443,-2.2060650739478422,-17.946168993786586,-34.26373511746367,-3.0245510914068783,-36.46980019141151,-5.2306161653547205,-34.99401293426814,-6.572026352515305,-24.484518681599074,-28.066049203720066,1.0769230769230769,0.0,0.4120315109765316,42.0,0.16666666666666666,,,,,
reversal,AMD,3,2024-12…2025-05,WINDOW_CLOSING,slow,1,10.0,28,28,0.42857142857142855,0.5325497287522604,0.8047538200339559,0.46943972835314096,1.1400679117147707,0.42857142857142855,0.5325497287522604,0.8047538200339559,-20.15223406773443,-2.2060650739478422,-17.946168993786586,-34.26373511746367,-3.0245510914068783,-36.46980019141151,-5.2306161653547205,-34.99401293426814,-6.572026352515305,-24.484518681599074,-28.066049203720066,1.0769230769230769,0.0,0.4120315109765316,42.0,0.16666666666666666,,,,,
reversal,AMD,3,2024-12…2025-05,WINDOW_CLOSING,slow,1,25.0,28,28,0.42857142857142855,0.5325497287522604,0.8047538200339559,0.46943972835314096,1.1400679117147707,0.42857142857142855,0.5325497287522604,0.8047538200339559,-20.15223406773443,-2.2060650739478422,-17.946168993786586,-34.26373511746367,-3.0245510914068783,-36.46980019141151,-5.2306161653547205,-34.99401293426814,-6.572026352515305,-24.484518681599074,-28.066049203720066,1.0769230769230769,0.0,0.4120315109765316,42.0,0.16666666666666666,,,,,
reversal,AMD,3,2024-12…2025-05,WINDOW_CLOSING,slow,1,50.0,28,28,0.42857142857142855,0.5325497287522604,0.8047538200339559,0.46943972835314096,1.1400679117147707,0.42857142857142855,0.5325497287522604,0.8047538200339559,-20.15223406773443,-2.2060650739478422,-17.946168993786586,-34.26373511746367,-3.0245510914068783,-36.46980019141151,-5.2306161653547205,-34.99401293426814,-6.572026352515305,-24.484518681599074,-28.066049203720066,1.0769230769230769,0.0,0.4120315109765316,42.0,0.16666666666666666,,,,,
reversal,AMD,3,2024-12…2025-05,WINDOW_CLOSING,slow,4,0.0,28,28,0.35714285714285715,0.46112115732368897,0.7745098039215687,0.3872549019607843,1.1617647058823528,0.35714285714285715,0.46112115732368897,0.7745098039215687,-19.337062748365458,-6.359540985135913,-12.977521763229545,-29.83482354116982,4.9814444803417794,-36.19436452630573,-1.3780965047941338,-34.330970752706584,-3.869173778065504,-22.210514584470598,-28.066049203720066,1.0769230769230769,0.0,0.4120315109765316,42.0,0.16666666666666666,,,,,
reversal,AMD,3,2024-12…2025-05,WINDOW_CLOSING,slow,4,10.0,28,28,0.35714285714285715,0.46112115732368897,0.7745098039215687,0.3872549019607843,1.1617647058823528,0.35714285714285715,0.46112115732368897,0.7745098039215687,-19.337062748365458,-6.359540985135913,-12.977521763229545,-29.83482354116982,4.9814444803417794,-36.19436452630573,-1.3780965047941338,-34.330970752706584,-3.869173778065504,-22.210514584470598,-28.066049203720066,1.0769230769230769,0.0,0.4120315109765316,42.0,0.16666666666666666,,,,,
reversal,AMD,3,2024-12…2025-05,WINDOW_CLOSING,slow,4,25.0,28,28,0.35714285714285715,0.46112115732368897,0.7745098039215687,0.3872549019607843,1.1617647058823528,0.35714285714285715,0.46112115732368897,0.7745098039215687,-19.337062748365458,-6.359540985135913,-12.977521763229545,-29.83482354116982,4.9814444803417794,-36.19436452630573,-1.3780965047941338,-34.330970752706584,-3.869173778065504,-22.210514584470598,-28.066049203720066,1.0769230769230769,0.0,0.4120315109765316,42.0,0.16666666666666666,,,,,
reversal,AMD,3,2024-12…2025-05,WINDOW_CLOSING,slow,4,50.0,28,28,0.35714285714285715,0.46112115732368897,0.7745098039215687,0.3872549019607843,1.1617647058823528,0.35714285714285715,0.46112115732368897,0.7745098039215687,-19.337062748365458,-6.359540985135913,-12.977521763229545,-29.83482354116982,4.9814444803417794,-36.19436452630573,-1.3780965047941338,-34.330970752706584,-3.869173778065504,-22.210514584470598,-28.066049203720066,1.0769230769230769,0.0,0.4120315109765316,42.0,0.16666666666666666,,,,,
reversal,AMD,3,2024-12…2025-05,WINDOW_CLOSING,slow,9,0.0,28,28,0.32142857142857145,0.42224231464737794,0.7612419700214134,0.33832976445396146,1.1841541755888652,0.32142857142857145,0.42224231464737794,0.7612419700214134,-25.126554939166596,-13.045867130213786,-12.08068780895281,-29.873410301268564,7.069159533392939,-42.91927743148235,-5.976707596820847,-34.58244245259409,-15.273225180720488,-18.622758873957803,-28.066049203720066,1.0769230769230769,0.0,0.4120315109765316,42.0,0.16666666666666666,,,,,
reversal,AMD,3,2024-12…2025-05,WINDOW_CLOSING,slow,9,10.0,28,28,0.32142857142857145,0.42224231464737794,0.7612419700214134,0.33832976445396146,1.1841541755888652,0.32142857142857145,0.42224231464737794,0.7612419700214134,-25.126554939166596,-13.045867130213786,-12.08068780895281,-29.873410301268564,7.069159533392939,-42.91927743148235,-5.976707596820847,-34.58244245259409,-15.273225180720488,-18.622758873957803,-28.066049203720066,1.0769230769230769,0.0,0.4120315109765316,42.0,0.16666666666666666,,,,,
reversal,AMD,3,2024-12…2025-05,WINDOW_CLOSING,slow,9,25.0,28,28,0.32142857142857145,0.42224231464737794,0.7612419700214134,0.33832976445396146,1.1841541755888652,0.32142857142857145,0.42224231464737794,0.7612419700214134,-25.126554939166596,-13.045867130213786,-12.08068780895281,-29.873410301268564,7.069159533392939,-42.91927743148235,-5.976707596820847,-34.58244245259409,-15.273225180720488,-18.622758873957803,-28.066049203720066,1.0769230769230769,0.0,0.4120315109765316,42.0,0.16666666666666666,,,,,
reversal,AMD,3,2024-12…2025-05,WINDOW_CLOSING,slow,9,50.0,28,28,0.32142857142857145,0.42224231464737794,0.7612419700214134,0.33832976445396146,1.1841541755888652,0.32142857142857145,0.42224231464737794,0.7612419700214134,-25.126554939166596,-13.045867130213786,-12.08068780895281,-29.873410301268564,7.069159533392939,-42.91927743148235,-5.976707596820847,-34.58244245259409,-15.273225180720488,-18.622758873957803,-28.066049203720066,1.0769230769230769,0.0,0.4120315109765316,42.0,0.16666666666666666,,,,,
reversal,AMD,3,2024-12…2025-05,WINDOW_CLOSING,slow,45,0.0,28,28,0.2857142857142857,0.2857142857142857,1.0,0.5,1.6250000000000002,0.2857142857142857,0.2857142857142857,1.0,-62.884842505877124,-56.91189483887311,-5.972947667004014,-39.098917640663885,28.150222766407225,-96.010812479537,-28.761672072465885,-86.60174594894173,-30.031170180818133,-4.65750235103527,-28.066049203720066,1.0769230769230769,0.0,0.4120315109765316,42.0,0.16666666666666666,,,,,
reversal,AMD,3,2024-12…2025-05,WINDOW_CLOSING,slow,45,10.0,28,28,0.2857142857142857,0.2857142857142857,1.0,0.5,1.6250000000000002,0.2857142857142857,0.2857142857142857,1.0,-62.884842505877124,-56.91189483887311,-5.972947667004014,-39.098917640663885,28.150222766407225,-96.010812479537,-28.761672072465885,-86.60174594894173,-30.031170180818133,-4.65750235103527,-28.066049203720066,1.0769230769230769,0.0,0.4120315109765316,42.0,0.16666666666666666,,,,,
reversal,AMD,3,2024-12…2025-05,WINDOW_CLOSING,slow,45,25.0,28,28,0.2857142857142857,0.2857142857142857,1.0,0.5,1.6250000000000002,0.2857142857142857,0.2857142857142857,1.0,-62.884842505877124,-56.91189483887311,-5.972947667004014,-39.098917640663885,28.150222766407225,-96.010812479537,-28.761672072465885,-86.60174594894173,-30.031170180818133,-4.65750235103527,-28.066049203720066,1.0769230769230769,0.0,0.4120315109765316,42.0,0.16666666666666666,,,,,
reversal,AMD,3,2024-12…2025-05,WINDOW_CLOSING,slow,45,50.0,28,28,0.2857142857142857,0.2857142857142857,1.0,0.5,1.6250000000000002,0.2857142857142857,0.2857142857142857,1.0,-62.884842505877124,-56.91189483887311,-5.972947667004014,-39.098917640663885,28.150222766407225,-96.010812479537,-28.761672072465885,-86.60174594894173,-30.031170180818133,-4.65750235103527,-28.066049203720066,1.0769230769230769,0.0,0.4120315109765316,42.0,0.16666666666666666,,,,,
reversal,AMD,3,2024-12…2025-05,WINDOW_CLOSING,slow,180,0.0,28,28,0.10714285714285714,0.11844484629294756,0.9045801526717556,0.0,2.1106870229007635,0.10714285714285714,0.11844484629294756,0.9045801526717556,-213.7968976034978,-193.39848357528106,-20.398414028216735,-84.6780895938152,41.36235892569823,-278.07657316909626,-152.03612464958283,-318.95863905245324,-113.92101933808952,11.881853702971824,-28.066049203720066,1.0769230769230769,0.0,0.4120315109765316,42.0,0.16666666666666666,,,,,
reversal,AMD,3,2024-12…2025-05,WINDOW_CLOSING,slow,180,10.0,28,28,0.10714285714285714,0.11844484629294756,0.9045801526717556,0.0,2.1106870229007635,0.10714285714285714,0.11844484629294756,0.9045801526717556,-213.7968976034978,-193.39848357528106,-20.398414028216735,-84.6780895938152,41.36235892569823,-278.07657316909626,-152.03612464958283,-318.95863905245324,-113.92101933808952,11.881853702971824,-28.066049203720066,1.0769230769230769,0.0,0.4120315109765316,42.0,0.16666666666666666,,,,,
reversal,AMD,3,2024-12…2025-05,WINDOW_CLOSING,slow,180,25.0,28,28,0.10714285714285714,0.11844484629294756,0.9045801526717556,0.0,2.1106870229007635,0.10714285714285714,0.11844484629294756,0.9045801526717556,-213.7968976034978,-193.39848357528106,-20.398414028216735,-84.6780895938152,41.36235892569823,-278.07657316909626,-152.03612464958283,-318.95863905245324,-113.92101933808952,11.881853702971824,-28.066049203720066,1.0769230769230769,0.0,0.4120315109765316,42.0,0.16666666666666666,0.045454545454545456,0.09503239740820735,22.0,0.47830578512396693,-29.429320968178814
reversal,AMD,3,2024-12…2025-05,WINDOW_CLOSING,slow,180,50.0,28,28,0.10714285714285714,0.11844484629294756,0.9045801526717556,0.0,2.1106870229007635,0.10714285714285714,0.11844484629294756,0.9045801526717556,-213.7968976034978,-193.39848357528106,-20.398414028216735,-84.6780895938152,41.36235892569823,-278.07657316909626,-152.03612464958283,-318.95863905245324,-113.92101933808952,11.881853702971824,-28.066049203720066,1.0769230769230769,0.0,0.4120315109765316,42.0,0.16666666666666666,,,,,
dip_vs_trend,AMD,3,2024-12…2025-05,BUY_NOW,medium,1,0.0,15,15,0.5333333333333333,0.5325497287522604,1.0014714204867006,0.5007357102433503,1.502207130730051,0.5333333333333333,0.5325497287522604,1.0014714204867006,-15.907516453495939,-2.2060650739478422,-13.701451379548097,-48.168585893334686,13.508408499006617,-50.37465096728253,11.302343425058774,-26.302149129858734,0.7205827554632726,4.7074212224870555,12.238282564908479,0.5769230769230769,0.0,0.262180866337685,65.0,0.5,,,,,
dip_vs_trend,AMD,3,2024-12…2025-05,BUY_NOW,medium,1,10.0,15,15,0.7333333333333333,0.6184448462929476,1.1857699805068225,0.8623781676413255,1.5091617933723196,0.7333333333333333,0.6184448462929476,1.1857699805068225,-15.907516453495939,-2.2060650739478422,-13.701451379548097,-48.168585893334686,13.508408499006617,-50.37465096728253,11.302343425058774,-26.302149129858734,0.7205827554632726,4.7074212224870555,12.238282564908479,0.5769230769230769,0.0,0.262180866337685,65.0,0.5,,,,,
dip_vs_trend,AMD,3,2024-12…2025-05,BUY_NOW,medium,1,25.0,15,15,0.7333333333333333,0.7061482820976492,1.0384976525821594,0.7552710200597524,1.3217242851045667,0.7333333333333333,0.7061482820976492,1.0384976525821594,-15.907516453495939,-2.2060650739478422,-13.701451379548097,-48.168585893334686,13.508408499006617,-50.37465096728253,11.302343425058774,-26.302149129858734,0.7205827554632726,4.7074212224870555,12.238282564908479,0.5769230769230769,0.0,0.262180866337685,65.0,0.5,,,,,
dip_vs_trend,AMD,3,2024-12…2025-05,BUY_NOW,medium,1,50.0,15,15,0.8,0.8155515370705244,0.9809312638580931,0.7356984478935699,1.2261640798226163,0.8,0.8155515370705244,0.9809312638580931,-15.907516453495939,-2.2060650739478422,-13.701451379548097,-48.168585893334686,13.508408499006617,-50.37465096728253,11.302343425058774,-26.302149129858734,0.7205827554632726,4.7074212224870555,12.238282564908479,0.5769230769230769,0.0,0.262180866337685,65.0,0.5,,,,,
dip_vs_trend,AMD,3,2024-12…2025-05,BUY_NOW,medium,4,0.0,15,15,0.2,0.22603978300180833,0.8848,0.0,1.7696,0.5333333333333333,0.4701627486437613,1.1343589743589744,0.11190847511251718,-6.359540985135913,6.47144946024843,-28.772939997214294,40.16329774694102,-35.13248098235021,33.803756761805104,-39.14183312173932,49.09026083959134,21.637696585359226,12.238282564908479,0.5769230769230769,0.0,0.262180866337685,65.0,0.5,,,,,
dip_vs_trend,AMD,3,2024-12…2025-05,BUY_NOW,medium,4,10.0,15,15,0.3333333333333333,0.2911392405063291,1.144927536231884,0.4579710144927536,2.0608695652173914,0.6,0.5334538878842676,1.1247457627118644,0.11190847511251718,-6.359540985135913,6.47144946024843,-28.772939997214294,40.16329774694102,-35.13248098235021,33.803756761805104,-39.14183312173932,49.09026083959134,21.637696585359226,12.238282564908479,0.5769230769230769,0.0,0.262180866337685,65.0,0.5,,,,,
dip_vs_trend,AMD,3,2024-12…2025-05,BUY_NOW,medium,4,25.0,15,15,0.4666666666666667,0.3887884267631103,1.2003100775193798,0.5144186046511628,1.8862015503875966,0.6666666666666666,0.6211573236889693,1.0732654051431343,0.11190847511251718,-6.359540985135913,6.47144946024843,-28.772939997214294,40.16329774694102,-35.13248098235021,33.803756761805104,-39.14183312173932,49.09026083959134,21.637696585359226,12.238282564908479,0.5769230769230769,0.0,0.262180866337685,65.0,0.5,,,,,
dip_vs_trend,AMD,3,2024-12…2025-05,BUY_NOW,medium,4,50.0,15,15,0.6666666666666666,0.5406871609403255,1.232998885172798,0.7397993311036789,1.6028985507246376,0.8,0.786618444846293,1.0170114942528736,0.11190847511251718,-6.359540985135913,6.47144946024843,-28.772939997214294,40.16329774694102,-35.13248098235021,33.803756761805104,-39.14183312173932,49.09026083959134,21.637696585359226,12.238282564908479,0.5769230769230769,0.0,0.262180866337685,65.0,0.5,,,,,
dip_vs_trend,AMD,3,2024-12…2025-05,BUY_NOW,medium,9,0.0,15,15,0.13333333333333333,0.12477396021699819,1.068599033816425,0.0,2.6714975845410627,0.5333333333333333,0.43128390596745025,1.236617749825297,-2.9917108164097006,-13.045867130213786,10.054156313804086,-29.46958783212923,51.25391147779529,-42.515454962343014,38.208044347581506,-50.34300514831225,45.2904712559996,28.05513485233117,12.238282564908479,0.5769230769230769,0.0,0.262180866337685,65.0,0.5,,,,,
dip_vs_trend,AMD,3,2024-12…2025-05,BUY_NOW,medium,9,10.0,15,15,0.2,0.17811934900542495,1.1228426395939088,0.0,2.2456852791878177,0.6,0.5,1.2,-2.9917108164097006,-13.045867130213786,10.054156313804086,-29.46958783212923,51.25391147779529,-42.515454962343014,38.208044347581506,-50.34300514831225,45.2904712559996,28.05513485233117,12.238282564908479,0.5769230769230769,0.0,0.262180866337685,65.0,0.5,,,,,
dip_vs_trend,AMD,3,2024-12…2025-05,BUY_NOW,medium,9,25.0,15,15,0.2,0.2468354430379747,0.8102564102564103,0.0,1.6205128205128205,0.6666666666666666,0.5750452079566004,1.1593291404612158,-2.9917108164097006,-13.045867130213786,10.054156313804086,-29.46958783212923,51.25391147779529,-42.515454962343014,38.208044347581506,-50.34300514831225,45.2904712559996,28.05513485233117,12.238282564908479,0.5769230769230769,0.0,0.262180866337685,65.0,0.5,,,,,
dip_vs_trend,AMD,3,2024-12…2025-05,BUY_NOW,medium,9,50.0,15,15,0.26666666666666666,0.3679927667269439,0.7246519246519247,0.18116298116298118,1.4493038493038495,0.8,0.6998191681735986,1.1431524547803618,-2.9917108164097006,-13.045867130213786,10.054156313804086,-29.46958783212923,51.25391147779529,-42.515454962343014,38.208044347581506,-50.34300514831225,45.2904712559996,28.05513485233117,12.238282564908479,0.5769230769230769,0.0,0.262180866337685,65.0,0.5,,,,,
dip_vs_trend,AMD,3,2024-12…2025-05,BUY_NOW,medium,45,0.0,15,15,0.06666666666666667,0.028933092224231464,2.3041666666666667,0.0,6.9125000000000005,0.26666666666666666,0.3336347197106691,0.7992773261065943,-59.55606834730331,-56.91189483887311,-2.6441735084301996,-64.04478918645705,62.533681914031696,-120.95668402533016,5.621787075158587,-101.29018860454872,6.741945062916922,38.491329660900185,12.238282564908479,0.5769230769230769,0.0,0.262180866337685,65.0,0.5,,,,,
dip_vs_trend,AMD,3,2024-12…2025-05,BUY_NOW,medium,45,10.0,15,15,0.06666666666666667,0.0461121157323689,1.445751633986928,0.0,4.337254901960785,0.3333333333333333,0.36618444846292947,0.9102880658436213,-59.55606834730331,-56.91189483887311,-2.6441735084301996,-64.04478918645705,62.533681914031696,-120.95668402533016,5.621787075158587,-101.29018860454872,6.741945062916922,38.491329660900185,12.238282564908479,0.5769230769230769,0.0,0.262180866337685,65.0,0.5,,,,,
dip_vs_trend,AMD,3,2024-12…2025-05,BUY_NOW,medium,45,25.0,15,15,0.13333333333333333,0.07775768535262206,1.7147286821705425,0.0,4.286821705426356,0.4,0.42766726943942135,0.9353065539112051,-59.55606834730331,-56.91189483887311,-2.6441735084301996,-64.04478918645705,62.533681914031696,-120.95668402533016,5.621787075158587,-101.29018860454872,6.741945062916922,38.491329660900185,12.238282564908479,0.5769230769230769,0.0,0.262180866337685,65.0,0.5,,,,,
dip_vs_trend,AMD,3,2024-12…2025-05,BUY_NOW,medium,45,50.0,15,15,0.13333333333333333,0.1410488245931284,0.9452991452991453,0.0,2.363247863247863,0.4,0.5207956600361664,0.7680555555555556,-59.55606834730331,-56.91189483887311,-2.6441735084301996,-64.04478918645705,62.533681914031696,-120.95668402533016,5.621787075158587,-101.29018860454872,6.741945062916922,38.491329660900185,12.238282564908479,0.5769230769230769,0.0,0.262180866337685,65.0,0.5,,,,,
dip_vs_trend,AMD,3,2024-12…2025-05,BUY_NOW,medium,180,0.0,15,15,0.06666666666666667,0.0045207956600361665,14.746666666666666,0.0,44.24,0.2,0.14737793851717904,1.3570552147239263,-282.4573811045341,-193.39848357528106,-89.05889752925302,-193.32669836114363,26.804480810232207,-386.7251819364247,-166.59400276504886,-396.3133650475983,-62.32585972228841,57.63376223631611,12.238282564908479,0.5769230769230769,0.0,0.262180866337685,65.0,0.5,,,,,
dip_vs_trend,AMD,3,2024-12…2025-05,BUY_NOW,medium,180,10.0,15,15,0.06666666666666667,0.006329113924050633,10.533333333333333,0.0,31.6,0.2,0.16455696202531644,1.2153846153846155,-282.4573811045341,-193.39848357528106,-89.05889752925302,-193.32669836114363,26.804480810232207,-386.7251819364247,-166.59400276504886,-396.3133650475983,-62.32585972228841,57.63376223631611,12.238282564908479,0.5769230769230769,0.0,0.262180866337685,65.0,0.5,,,,,
dip_vs_trend,AMD,3,2024-12…2025-05,BUY_NOW,medium,180,25.0,15,15,0.13333333333333333,0.014466546112115732,9.216666666666667,0.0,23.041666666666668,0.2,0.19891500904159132,1.0054545454545456,-282.4573811045341,-193.39848357528106,-89.05889752925302,-193.32669836114363,26.804480810232207,-386.7251819364247,-166.59400276504886,-396.3133650475983,-62.32585972228841,57.63376223631611,12.238282564908479,0.5769230769230769,0.0,0.262180866337685,65.0,0.5,0.2,0.15226781857451405,15.0,1.3134751773049644,-59.80282274063421
dip_vs_trend,AMD,3,2024-12…2025-05,BUY_NOW,medium,180,50.0,15,15,0.13333333333333333,0.020795660036166366,6.41159420289855,0.0,16.028985507246375,0.2,0.2549728752260398,0.7843971631205674,-282.4573811045341,-193.39848357528106,-89.05889752925302,-193.32669836114363,26.804480810232207,-386.7251819364247,-166.59400276504886,-396.3133650475983,-62.32585972228841,57.63376223631611,12.238282564908479,0.5769230769230769,0.0,0.262180866337685,65.0,0.5,,,,,
momentum,AMD,4,2025-06…2025-11,BUY_NOW,fast,1,0.0,11,11,0.7272727272727273,0.5526315789473685,1.3160173160173159,0.8225108225108224,1.8095238095238093,0.7272727272727273,0.5526315789473685,1.3160173160173159,44.48787309069602,0.10508975089846329,44.382783339797555,15.354890195506622,73.87072241104117,15.459979946405085,73.97581216193963,20.026155810700196,66.90686702788845,39.90951192004291,38.56242403059131,0.4207650273224044,0.0,0.4581774008091679,24.0,0.0,,,,,
momentum,AMD,4,2025-06…2025-11,BUY_NOW,fast,1,10.0,11,11,0.9090909090909091,0.65,1.3986013986013985,1.118881118881119,1.5384615384615383,0.9090909090909091,0.65,1.3986013986013985,44.48787309069602,0.10508975089846329,44.382783339797555,15.354890195506622,73.87072241104117,15.459979946405085,73.97581216193963,20.026155810700196,66.90686702788845,39.90951192004291,38.56242403059131,0.4207650273224044,0.0,0.4581774008091679,24.0,0.0,,,,,
momentum,AMD,4,2025-06…2025-11,BUY_NOW,fast,1,25.0,11,11,0.9090909090909091,0.7429824561403509,1.223569818611141,0.9788558548889128,1.345926800472255,0.9090909090909091,0.7429824561403509,1.223569818611141,44.48787309069602,0.10508975089846329,44.382783339797555,15.354890195506622,73.87072241104117,15.459979946405085,73.97581216193963,20.026155810700196,66.90686702788845,39.90951192004291,38.56242403059131,0.4207650273224044,0.0,0.4581774008091679,24.0,0.0,,,,,
momentum,AMD,4,2025-06…2025-11,BUY_NOW,fast,1,50.0,11,11,1.0,0.8359649122807018,1.1962224554039873,1.1962224554039873,1.1962224554039873,1.0,0.8359649122807018,1.1962224554039873,44.48787309069602,0.10508975089846329,44.382783339797555,15.354890195506622,73.87072241104117,15.459979946405085,73.97581216193963,20.026155810700196,66.90686702788845,39.90951192004291,38.56242403059131,0.4207650273224044,0.0,0.4581774008091679,24.0,0.0,,,,,
momentum,AMD,4,2025-06…2025-11,BUY_NOW,fast,4,0.0,11,11,0.6363636363636364,0.2675438596491228,2.3785394932935917,1.3591654247391953,3.397913561847988,0.7272727272727273,0.5078947368421053,1.4319359397079605,35.89492743914826,0.20353947840567882,35.69138796074258,11.509877376189028,61.051454225555744,11.713416854594707,61.254993703961425,17.77704607017534,55.20004775409568,66.17465767544992,38.56242403059131,0.4207650273224044,0.0,0.4581774008091679,24.0,0.0,,,,,
momentum,AMD,4,2025-06…2025-11,BUY_NOW,fast,4,10.0,11,11,0.6363636363636364,0.35964912280701755,1.76940133037694,1.0110864745011086,2.5277161862527713,0.7272727272727273,0.5903508771929824,1.2319330001350806,35.89492743914826,0.20353947840567882,35.69138796074258,11.509877376189028,61.051454225555744,11.713416854594707,61.254993703961425,17.77704607017534,55.20004775409568,66.17465767544992,38.56242403059131,0.4207650273224044,0.0,0.4581774008091679,24.0,0.0,,,,,
momentum,AMD,4,2025-06…2025-11,BUY_NOW,fast,4,25.0,11,11,0.7272727272727273,0.4692982456140351,1.5497026338147832,0.9685641461342396,2.130841121495327,1.0,0.6982456140350877,1.4321608040201006,35.89492743914826,0.20353947840567882,35.69138796074258,11.509877376189028,61.051454225555744,11.713416854594707,61.254993703961425,17.77704607017534,55.20004775409568,66.17465767544992,38.56242403059131,0.4207650273224044,0.0,0.4581774008091679,24.0,0.0,,,,,
momentum,AMD,4,2025-06…2025-11,BUY_NOW,fast,4,50.0,11,11,0.9090909090909091,0.637719298245614,1.4255345754657998,1.1404276603726398,1.5680880330123796,1.0,0.8289473684210527,1.2063492063492063,35.89492743914826,0.20353947840567882,35.69138796074258,11.509877376189028,61.051454225555744,11.713416854594707,61.254993703961425,17.77704607017534,55.20004775409568,66.17465767544992,38.56242403059131,0.4207650273224044,0.0,0.4581774008091679,24.0,0.0,,,,,
momentum,AMD,4,2025-06…2025-11,BUY_NOW,fast,9,0.0,11,11,0.2727272727272727,0.1675438596491228,1.6277962874821512,0.5425987624940505,3.2555925749643024,0.7272727272727273,0.519298245614035,1.4004914004914006,28.266905948285203,0.3075914104836545,27.95931453780155,-0.1481972649359415,54.41033289796407,0.15939414554771303,54.71792430844772,8.796537502589716,51.08427759431877,54.81236739064886,38.56242403059131,0.4207650273224044,0.0,0.4581774008091679,24.0,0.0,,,,,
momentum,AMD,4,2025-06…2025-11,BUY_NOW,fast,9,10.0,11,11,0.36363636363636365,0.23333333333333334,1.5584415584415585,0.38961038961038963,2.727272727272727,0.7272727272727273,0.5763157894736842,1.2619344126193441,28.266905948285203,0.3075914104836545,27.95931453780155,-0.1481972649359415,54.41033289796407,0.15939414554771303,54.71792430844772,8.796537502589716,51.08427759431877,54.81236739064886,38.56242403059131,0.4207650273224044,0.0,0.4581774008091679,24.0,0.0,,,,,
momentum,AMD,4,2025-06…2025-11,BUY_NOW,fast,9,25.0,11,11,0.5454545454545454,0.3219298245614035,1.6943274708942282,0.8471637354471141,2.541491206341343,0.7272727272727273,0.6789473684210526,1.0711768851303736,28.266905948285203,0.3075914104836545,27.95931453780155,-0.1481972649359415,54.41033289796407,0.15939414554771303,54.71792430844772,8.796537502589716,51.08427759431877,54.81236739064886,38.56242403059131,0.4207650273224044,0.0,0.4581774008091679,24.0,0.0,,,,,
momentum,AMD,4,2025-06…2025-11,BUY_NOW,fast,9,50.0,11,11,0.6363636363636364,0.5043859649122807,1.2616600790513834,0.7209486166007905,1.802371541501976,0.9090909090909091,0.7991228070175439,1.1376110168645843,28.266905948285203,0.3075914104836545,27.95931453780155,-0.1481972649359415,54.41033289796407,0.15939414554771303,54.71792430844772,8.796537502589716,51.08427759431877,54.81236739064886,38.56242403059131,0.4207650273224044,0.0,0.4581774008091679,24.0,0.0,,,,,
momentum,AMD,4,2025-06…2025-11,BUY_NOW,fast,45,0.0,11,11,0.0,0.07719298245614035,0.0,0.0,0.0,0.45454545454545453,0.4482456140350877,1.014054438711973,-2.5697682933394956,-0.3038405377384782,-2.2659277556010173,-46.71680833400527,41.269164860140876,-47.02064887174375,40.965324322402395,-19.995494591719783,17.086086160977704,9.403457496694417,38.56242403059131,0.4207650273224044,0.0,0.4581774008091679,24.0,0.0,,,,,
momentum,AMD,4,2025-06…2025-11,BUY_NOW,fast,45,10.0,11,11,0.0,0.10877192982456141,0.0,0.0,0.0,0.5454545454545454,0.4956140350877193,1.1005631536604987,-2.5697682933394956,-0.3038405377384782,-2.2659277556010173,-46.71680833400527,41.269164860140876,-47.02064887174375,40.965324322402395,-19.995494591719783,17.086086160977704,9.403457496694417,38.56242403059131,0.4207650273224044,0.0,0.4581774008091679,24.0,0.0,,,,,
momentum,AMD,4,2025-06…2025-11,BUY_NOW,fast,45,25.0,11,11,0.2727272727272727,0.14035087719298245,1.9431818181818181,0.0,3.8863636363636362,0.6363636363636364,0.5561403508771929,1.1442500716948667,-2.5697682933394956,-0.3038405377384782,-2.2659277556010173,-46.71680833400527,41.269164860140876,-47.02064887174375,40.965324322402395,-19.995494591719783,17.086086160977704,9.403457496694417,38.56242403059131,0.4207650273224044,0.0,0.4581774008091679,24.0,0.0,,,,,
momentum,AMD,4,2025-06…2025-11,BUY_NOW,fast,45,50.0,11,11,0.36363636363636365,0.23596491228070177,1.5410611693139573,0.38526529232848933,2.6968570462994252,0.7272727272727273,0.6491228070175439,1.1203931203931203,-2.5697682933394956,-0.3038405377384782,-2.2659277556010173,-46.71680833400527,41.269164860140876,-47.02064887174375,40.965324322402395,-19.995494591719783,17.086086160977704,9.403457496694417,38.56242403059131,0.4207650273224044,0.0,0.4581774008091679,24.0,0.0,,,,,
momentum,AMD,4,2025-06…2025-11,BUY_NOW,fast,180,0.0,11,11,0.0,0.04736842105263158,0.0,0.0,0.0,0.7272727272727273,0.44473684210526315,1.635287789133943,8.268998887884292,-5.525361894535889,13.794360782420181,-87.67258163930543,124.83476414308703,-93.19794353384133,119.30940224855114,-88.3700193235732,83.30016484896896,-22.421048378880542,38.56242403059131,0.4207650273224044,0.0,0.4581774008091679,24.0,0.0,,,,,
momentum,AMD,4,2025-06…2025-11,BUY_NOW,fast,180,10.0,11,11,0.0,0.06754385964912281,0.0,0.0,0.0,0.7272727272727273,0.46578947368421053,1.5613764766307139,8.268998887884292,-5.525361894535889,13.794360782420181,-87.67258163930543,124.83476414308703,-93.19794353384133,119.30940224855114,-88.3700193235732,83.30016484896896,-22.421048378880542,38.56242403059131,0.4207650273224044,0.0,0.4581774008091679,24.0,0.0,,,,,
momentum,AMD,4,2025-06…2025-11,BUY_NOW,fast,180,25.0,11,11,0.18181818181818182,0.0912280701754386,1.993006993006993,0.0,4.982517482517482,0.7272727272727273,0.4982456140350877,1.4596670934699105,8.268998887884292,-5.525361894535889,13.794360782420181,-87.67258163930543,124.83476414308703,-93.19794353384133,119.30940224855114,-88.3700193235732,83.30016484896896,-22.421048378880542,38.56242403059131,0.4207650273224044,0.0,0.4581774008091679,24.0,0.0,0.8,0.590625,10.0,1.3544973544973546,5.758131325240946
momentum,AMD,4,2025-06…2025-11,BUY_NOW,fast,180,50.0,11,11,0.18181818181818182,0.15526315789473685,1.1710323574730355,0.0,2.9275808936825882,0.7272727272727273,0.5394736842105263,1.3481152993348116,8.268998887884292,-5.525361894535889,13.794360782420181,-87.67258163930543,124.83476414308703,-93.19794353384133,119.30940224855114,-88.3700193235732,83.30016484896896,-22.421048378880542,38.56242403059131,0.4207650273224044,0.0,0.4581774008091679,24.0,0.0,,,,,
level,AMD,4,2025-06…2025-11,BUY_NOW,medium,1,0.0,12,12,0.5833333333333334,0.5526315789473685,1.0555555555555556,0.603174603174603,1.507936507936508,0.5833333333333334,0.5526315789473685,1.0555555555555556,-4.984874259905034,0.10508975089846329,-5.089964010803497,-31.263151666458995,19.166135485553255,-31.15806191556053,19.27122523645172,-6.522460104282211,-2.832254077776986,5.140164382028413,-5.286964152794636,0.45901639344262296,0.0,0.02260776661041756,130.0,0.6666666666666666,,,,,
level,AMD,4,2025-06…2025-11,BUY_NOW,medium,1,10.0,12,12,0.75,0.65,1.1538461538461537,0.7692307692307692,1.5384615384615383,0.75,0.65,1.1538461538461537,-4.984874259905034,0.10508975089846329,-5.089964010803497,-31.263151666458995,19.166135485553255,-31.15806191556053,19.27122523645172,-6.522460104282211,-2.832254077776986,5.140164382028413,-5.286964152794636,0.45901639344262296,0.0,0.02260776661041756,130.0,0.6666666666666666,,,,,
level,AMD,4,2025-06…2025-11,BUY_NOW,medium,1,25.0,12,12,0.75,0.7429824561403509,1.0094451003541913,0.6729634002361276,1.345926800472255,0.75,0.7429824561403509,1.0094451003541913,-4.984874259905034,0.10508975089846329,-5.089964010803497,-31.263151666458995,19.166135485553255,-31.15806191556053,19.27122523645172,-6.522460104282211,-2.832254077776986,5.140164382028413,-5.286964152794636,0.45901639344262296,0.0,0.02260776661041756,130.0,0.6666666666666666,,,,,
level,AMD,4,2025-06…2025-11,BUY_NOW,medium,1,50.0,12,12,0.8333333333333334,0.8359649122807018,0.9968520461699895,0.6977964323189927,1.1962224554039873,0.8333333333333334,0.8359649122807018,0.9968520461699895,-4.984874259905034,0.10508975089846329,-5.089964010803497,-31.263151666458995,19.166135485553255,-31.15806191556053,19.27122523645172,-6.522460104282211,-2.832254077776986,5.140164382028413,-5.286964152794636,0.45901639344262296,0.0,0.02260776661041756,130.0,0.6666666666666666,,,,,
level,AMD,4,2025-06…2025-11,BUY_NOW,medium,4,0.0,12,12,0.25,0.2675438596491228,0.9344262295081968,0.0,1.8688524590163935,0.4166666666666667,0.5078947368421053,0.8203799654576857,-9.275062377683737,0.20353947840567882,-9.478601856089416,-35.37382714990916,16.60453266362405,-35.17028767150348,16.80807214202973,-23.295776223974787,10.35393700712373,-1.7900100193524182,-5.286964152794636,0.45901639344262296,0.0,0.02260776661041756,130.0,0.6666666666666666,,,,,
level,AMD,4,2025-06…2025-11,BUY_NOW,medium,4,10.0,12,12,0.3333333333333333,0.35964912280701755,0.9268292682926829,0.23170731707317072,1.6219512195121952,0.5,0.5903508771929824,0.8469539375928679,-9.275062377683737,0.20353947840567882,-9.478601856089416,-35.37382714990916,16.60453266362405,-35.17028767150348,16.80807214202973,-23.295776223974787,10.35393700712373,-1.7900100193524182,-5.286964152794636,0.45901639344262296,0.0,0.02260776661041756,130.0,0.6666666666666666,,,,,
level,AMD,4,2025-06…2025-11,BUY_NOW,medium,4,25.0,12,12,0.4166666666666667,0.4692982456140351,0.8878504672897196,0.35514018691588783,1.4205607476635513,0.6666666666666666,0.6982456140350877,0.9547738693467337,-9.275062377683737,0.20353947840567882,-9.478601856089416,-35.37382714990916,16.60453266362405,-35.17028767150348,16.80807214202973,-23.295776223974787,10.35393700712373,-1.7900100193524182,-5.286964152794636,0.45901639344262296,0.0,0.02260776661041756,130.0,0.6666666666666666,,,,,
level,AMD,4,2025-06…2025-11,BUY_NOW,medium,4,50.0,12,12,0.5833333333333334,0.637719298245614,0.9147180192572215,0.5226960110041265,1.3067400275103165,0.75,0.8289473684210527,0.9047619047619048,-9.275062377683737,0.20353947840567882,-9.478601856089416,-35.37382714990916,16.60453266362405,-35.17028767150348,16.80807214202973,-23.295776223974787,10.35393700712373,-1.7900100193524182,-5.286964152794636,0.45901639344262296,0.0,0.02260776661041756,130.0,0.6666666666666666,,,,,
level,AMD,4,2025-06…2025-11,BUY_NOW,medium,9,0.0,12,12,0.16666666666666666,0.1675438596491228,0.9947643979057591,0.0,2.486910994764398,0.4166666666666667,0.519298245614035,0.802364864864865,-9.406302085691966,0.3075914104836545,-9.71389349617562,-42.36981053636293,25.924774393423725,-42.062219125879274,26.232365803907378,-27.583559095972923,16.04185772870137,1.3811732613736023,-5.286964152794636,0.45901639344262296,0.0,0.02260776661041756,130.0,0.6666666666666666,,,,,
level,AMD,4,2025-06…2025-11,BUY_NOW,medium,9,10.0,12,12,0.3333333333333333,0.23333333333333334,1.4285714285714284,0.3571428571428571,2.5,0.4166666666666667,0.5763157894736842,0.7229832572298326,-9.406302085691966,0.3075914104836545,-9.71389349617562,-42.36981053636293,25.924774393423725,-42.062219125879274,26.232365803907378,-27.583559095972923,16.04185772870137,1.3811732613736023,-5.286964152794636,0.45901639344262296,0.0,0.02260776661041756,130.0,0.6666666666666666,,,,,
level,AMD,4,2025-06…2025-11,BUY_NOW,medium,9,25.0,12,12,0.4166666666666667,0.3219298245614035,1.2942779291553135,0.5177111716621253,2.0708446866485013,0.5833333333333334,0.6789473684210526,0.8591731266149871,-9.406302085691966,0.3075914104836545,-9.71389349617562,-42.36981053636293,25.924774393423725,-42.062219125879274,26.232365803907378,-27.583559095972923,16.04185772870137,1.3811732613736023,-5.286964152794636,0.45901639344262296,0.0,0.02260776661041756,130.0,0.6666666666666666,,,,,
level,AMD,4,2025-06…2025-11,BUY_NOW,medium,9,50.0,12,12,0.4166666666666667,0.5043859649122807,0.8260869565217391,0.33043478260869563,1.3217391304347825,0.6666666666666666,0.7991228070175439,0.8342480790340284,-9.406302085691966,0.3075914104836545,-9.71389349617562,-42.36981053636293,25.924774393423725,-42.062219125879274,26.232365803907378,-27.583559095972923,16.04185772870137,1.3811732613736023,-5.286964152794636,0.45901639344262296,0.0,0.02260776661041756,130.0,0.6666666666666666,,,,,
level,AMD,4,2025-06…2025-11,BUY_NOW,medium,45,0.0,12,12,0.08333333333333333,0.07719298245614035,1.0795454545454544,0.0,3.2386363636363633,0.5,0.4482456140350877,1.1154598825831703,3.5322851253691305,-0.3038405377384782,3.836125663107609,-50.251301579413735,59.04456058771372,-50.555142117152215,58.74072004997524,-33.638492413776696,55.571373680173295,17.549406143000194,-5.286964152794636,0.45901639344262296,0.0,0.02260776661041756,130.0,0.6666666666666666,,,,,
level,AMD,4,2025-06…2025-11,BUY_NOW,medium,45,10.0,12,12,0.16666666666666666,0.10877192982456141,1.5322580645161288,0.0,3.8306451612903225,0.5833333333333334,0.4956140350877193,1.176991150442478,3.5322851253691305,-0.3038405377384782,3.836125663107609,-50.251301579413735,59.04456058771372,-50.555142117152215,58.74072004997524,-33.638492413776696,55.571373680173295,17.549406143000194,-5.286964152794636,0.45901639344262296,0.0,0.02260776661041756,130.0,0.6666666666666666,,,,,
level,AMD,4,2025-06…2025-11,BUY_NOW,medium,45,25.0,12,12,0.25,0.14035087719298245,1.78125,0.0,3.5625,0.5833333333333334,0.5561403508771929,1.048895899053628,3.5322851253691305,-0.3038405377384782,3.836125663107609,-50.251301579413735,59.04456058771372,-50.555142117152215,58.74072004997524,-33.638492413776696,55.571373680173295,17.549406143000194,-5.286964152794636,0.45901639344262296,0.0,0.02260776661041756,130.0,0.6666666666666666,,,,,
level,AMD,4,2025-06…2025-11,BUY_NOW,medium,45,50.0,12,12,0.25,0.23596491228070177,1.0594795539033457,0.0,2.1189591078066914,0.6666666666666666,0.6491228070175439,1.027027027027027,3.5322851253691305,-0.3038405377384782,3.836125663107609,-50.251301579413735,59.04456058771372,-50.555142117152215,58.74072004997524,-33.638492413776696,55.571373680173295,17.549406143000194,-5.286964152794636,0.45901639344262296,0.0,0.02260776661041756,130.0,0.6666666666666666,,,,,
level,AMD,4,2025-06…2025-11,BUY_NOW,medium,180,0.0,12,12,0.08333333333333333,0.04736842105263158,1.759259259259259,0.0,5.277777777777778,0.4166666666666667,0.44473684210526315,0.9368836291913215,32.52688341846268,-5.525361894535889,38.05224531299857,-67.38198291339725,131.50096744499913,-72.90734480793314,125.97560555046326,-105.6431065137602,225.96486932357476,62.72348750903971,-5.286964152794636,0.45901639344262296,0.0,0.02260776661041756,130.0,0.6666666666666666,,,,,
level,AMD,4,2025-06…2025-11,BUY_NOW,medium,180,10.0,12,12,0.08333333333333333,0.06754385964912281,1.2337662337662336,0.0,3.7012987012987013,0.5,0.46578947368421053,1.0734463276836157,32.52688341846268,-5.525361894535889,38.05224531299857,-67.38198291339725,131.50096744499913,-72.90734480793314,125.97560555046326,-105.6431065137602,225.96486932357476,62.72348750903971,-5.286964152794636,0.45901639344262296,0.0,0.02260776661041756,130.0,0.6666666666666666,,,,,
level,AMD,4,2025-06…2025-11,BUY_NOW,medium,180,25.0,12,12,0.16666666666666666,0.0912280701754386,1.8269230769230766,0.0,4.5673076923076925,0.5833333333333334,0.4982456140350877,1.170774647887324,32.52688341846268,-5.525361894535889,38.05224531299857,-67.38198291339725,131.50096744499913,-72.90734480793314,125.97560555046326,-105.6431065137602,225.96486932357476,62.72348750903971,-5.286964152794636,0.45901639344262296,0.0,0.02260776661041756,130.0,0.6666666666666666,0.5833333333333334,0.590625,12.0,0.9876543209876545,3.261883159063416
level,AMD,4,2025-06…2025-11,BUY_NOW,medium,180,50.0,12,12,0.16666666666666666,0.15526315789473685,1.0734463276836157,0.0,2.6836158192090394,0.5833333333333334,0.5394736842105263,1.08130081300813,32.52688341846268,-5.525361894535889,38.05224531299857,-67.38198291339725,131.50096744499913,-72.90734480793314,125.97560555046326,-105.6431065137602,225.96486932357476,62.72348750903971,-5.286964152794636,0.45901639344262296,0.0,0.02260776661041756,130.0,0.6666666666666666,,,,,
reversal,AMD,4,2025-06…2025-11,WINDOW_CLOSING,slow,1,0.0,14,14,0.5,0.5526315789473685,0.9047619047619047,0.38775510204081626,1.421768707482993,0.5,0.5526315789473685,0.9047619047619047,-3.1817371255827527,0.10508975089846329,-3.286826876481216,-25.34968715592461,17.661621626824964,-25.244597405026145,17.76671137772343,-11.584224961136611,3.1201287510826403,-11.199799549226894,-8.608556036804014,0.5355191256830601,0.0,0.15012203605362104,120.0,0.6666666666666666,,,,,
reversal,AMD,4,2025-06…2025-11,WINDOW_CLOSING,slow,1,10.0,14,14,0.5,0.5526315789473685,0.9047619047619047,0.38775510204081626,1.421768707482993,0.5,0.5526315789473685,0.9047619047619047,-3.1817371255827527,0.10508975089846329,-3.286826876481216,-25.34968715592461,17.661621626824964,-25.244597405026145,17.76671137772343,-11.584224961136611,3.1201287510826403,-11.199799549226894,-8.608556036804014,0.5355191256830601,0.0,0.15012203605362104,120.0,0.6666666666666666,,,,,
reversal,AMD,4,2025-06…2025-11,WINDOW_CLOSING,slow,1,25.0,14,14,0.5,0.5526315789473685,0.9047619047619047,0.38775510204081626,1.421768707482993,0.5,0.5526315789473685,0.9047619047619047,-3.1817371255827527,0.10508975089846329,-3.286826876481216,-25.34968715592461,17.661621626824964,-25.244597405026145,17.76671137772343,-11.584224961136611,3.1201287510826403,-11.199799549226894,-8.608556036804014,0.5355191256830601,0.0,0.15012203605362104,120.0,0.6666666666666666,,,,,
reversal,AMD,4,2025-06…2025-11,WINDOW_CLOSING,slow,1,50.0,14,14,0.5,0.5526315789473685,0.9047619047619047,0.38775510204081626,1.421768707482993,0.5,0.5526315789473685,0.9047619047619047,-3.1817371255827527,0.10508975089846329,-3.286826876481216,-25.34968715592461,17.661621626824964,-25.244597405026145,17.76671137772343,-11.584224961136611,3.1201287510826403,-11.199799549226894,-8.608556036804014,0.5355191256830601,0.0,0.15012203605362104,120.0,0.6666666666666666,,,,,
reversal,AMD,4,2025-06…2025-11,WINDOW_CLOSING,slow,4,0.0,14,14,0.5,0.5008771929824561,0.9982486865148862,0.5704278208656492,1.5686765073805353,0.5,0.5008771929824561,0.9982486865148862,-2.040572822848816,0.20353947840567882,-2.2441123012544946,-24.919211424690953,21.661574556234743,-24.715671946285273,21.865114034640424,-27.733427052650807,17.229067849502677,-9.864203149753829,-8.608556036804014,0.5355191256830601,0.0,0.15012203605362104,120.0,0.6666666666666666,,,,,
reversal,AMD,4,2025-06…2025-11,WINDOW_CLOSING,slow,4,10.0,14,14,0.5,0.5008771929824561,0.9982486865148862,0.5704278208656492,1.5686765073805353,0.5,0.5008771929824561,0.9982486865148862,-2.040572822848816,0.20353947840567882,-2.2441123012544946,-24.919211424690953,21.661574556234743,-24.715671946285273,21.865114034640424,-27.733427052650807,17.229067849502677,-9.864203149753829,-8.608556036804014,0.5355191256830601,0.0,0.15012203605362104,120.0,0.6666666666666666,,,,,
reversal,AMD,4,2025-06…2025-11,WINDOW_CLOSING,slow,4,25.0,14,14,0.5,0.5008771929824561,0.9982486865148862,0.5704278208656492,1.5686765073805353,0.5,0.5008771929824561,0.9982486865148862,-2.040572822848816,0.20353947840567882,-2.2441123012544946,-24.919211424690953,21.661574556234743,-24.715671946285273,21.865114034640424,-27.733427052650807,17.229067849502677,-9.864203149753829,-8.608556036804014,0.5355191256830601,0.0,0.15012203605362104,120.0,0.6666666666666666,,,,,
reversal,AMD,4,2025-06…2025-11,WINDOW_CLOSING,slow,4,50.0,14,14,0.5,0.5008771929824561,0.9982486865148862,0.5704278208656492,1.5686765073805353,0.5,0.5008771929824561,0.9982486865148862,-2.040572822848816,0.20353947840567882,-2.2441123012544946,-24.919211424690953,21.661574556234743,-24.715671946285273,21.865114034640424,-27.733427052650807,17.229067849502677,-9.864203149753829,-8.608556036804014,0.5355191256830601,0.0,0.15012203605362104,120.0,0.6666666666666666,,,,,
reversal,AMD,4,2025-06…2025-11,WINDOW_CLOSING,slow,9,0.0,14,14,0.42857142857142855,0.4956140350877193,0.8647281921618205,0.2882427307206068,1.4412136536030342,0.42857142857142855,0.4956140350877193,0.8647281921618205,8.742872226465414,0.3075914104836545,8.43528081598176,-29.827615425732542,57.05885248137876,-29.52002401524889,57.36644389186241,-37.09704060723185,43.12280685173835,-2.0120515717439864,-8.608556036804014,0.5355191256830601,0.0,0.15012203605362104,120.0,0.6666666666666666,,,,,
reversal,AMD,4,2025-06…2025-11,WINDOW_CLOSING,slow,9,10.0,14,14,0.42857142857142855,0.4956140350877193,0.8647281921618205,0.2882427307206068,1.4412136536030342,0.42857142857142855,0.4956140350877193,0.8647281921618205,8.742872226465414,0.3075914104836545,8.43528081598176,-29.827615425732542,57.05885248137876,-29.52002401524889,57.36644389186241,-37.09704060723185,43.12280685173835,-2.0120515717439864,-8.608556036804014,0.5355191256830601,0.0,0.15012203605362104,120.0,0.6666666666666666,,,,,
reversal,AMD,4,2025-06…2025-11,WINDOW_CLOSING,slow,9,25.0,14,14,0.42857142857142855,0.4956140350877193,0.8647281921618205,0.2882427307206068,1.4412136536030342,0.42857142857142855,0.4956140350877193,0.8647281921618205,8.742872226465414,0.3075914104836545,8.43528081598176,-29.827615425732542,57.05885248137876,-29.52002401524889,57.36644389186241,-37.09704060723185,43.12280685173835,-2.0120515717439864,-8.608556036804014,0.5355191256830601,0.0,0.15012203605362104,120.0,0.6666666666666666,,,,,
reversal,AMD,4,2025-06…2025-11,WINDOW_CLOSING,slow,9,50.0,14,14,0.42857142857142855,0.4956140350877193,0.8647281921618205,0.2882427307206068,1.4412136536030342,0.42857142857142855,0.4956140350877193,0.8647281921618205,8.742872226465414,0.3075914104836545,8.43528081598176,-29.827615425732542,57.05885248137876,-29.52002401524889,57.36644389186241,-37.09704060723185,43.12280685173835,-2.0120515717439864,-8.608556036804014,0.5355191256830601,0.0,0.15012203605362104,120.0,0.6666666666666666,,,,,
reversal,AMD,4,2025-06…2025-11,WINDOW_CLOSING,slow,45,0.0,14,14,0.5,0.44298245614035087,1.1287128712871288,0.4837340876944837,1.6164780763790445,0.5,0.44298245614035087,1.1287128712871288,20.092460717715056,-0.3038405377384782,20.396301255453533,-43.46018643031714,95.16339626722745,-43.76402696805562,94.85955572948897,-40.77032407776256,65.73954931432327,0.5227480652442946,-8.608556036804014,0.5355191256830601,0.0,0.15012203605362104,120.0,0.6666666666666666,,,,,
reversal,AMD,4,2025-06…2025-11,WINDOW_CLOSING,slow,45,10.0,14,14,0.5,0.44298245614035087,1.1287128712871288,0.4837340876944837,1.6164780763790445,0.5,0.44298245614035087,1.1287128712871288,20.092460717715056,-0.3038405377384782,20.396301255453533,-43.46018643031714,95.16339626722745,-43.76402696805562,94.85955572948897,-40.77032407776256,65.73954931432327,0.5227480652442946,-8.608556036804014,0.5355191256830601,0.0,0.15012203605362104,120.0,0.6666666666666666,,,,,
reversal,AMD,4,2025-06…2025-11,WINDOW_CLOSING,slow,45,25.0,14,14,0.5,0.44298245614035087,1.1287128712871288,0.4837340876944837,1.6164780763790445,0.5,0.44298245614035087,1.1287128712871288,20.092460717715056,-0.3038405377384782,20.396301255453533,-43.46018643031714,95.16339626722745,-43.76402696805562,94.85955572948897,-40.77032407776256,65.73954931432327,0.5227480652442946,-8.608556036804014,0.5355191256830601,0.0,0.15012203605362104,120.0,0.6666666666666666,,,,,
reversal,AMD,4,2025-06…2025-11,WINDOW_CLOSING,slow,45,50.0,14,14,0.5,0.44298245614035087,1.1287128712871288,0.4837340876944837,1.6164780763790445,0.5,0.44298245614035087,1.1287128712871288,20.092460717715056,-0.3038405377384782,20.396301255453533,-43.46018643031714,95.16339626722745,-43.76402696805562,94.85955572948897,-40.77032407776256,65.73954931432327,0.5227480652442946,-8.608556036804014,0.5355191256830601,0.0,0.15012203605362104,120.0,0.6666666666666666,,,,,
reversal,AMD,4,2025-06…2025-11,WINDOW_CLOSING,slow,180,0.0,14,14,0.6428571428571429,0.42280701754385963,1.5204505038529936,1.013633669235329,2.027267338470658,0.6428571428571429,0.42280701754385963,1.5204505038529936,18.646048926104545,-5.525361894535889,24.171410820640432,-66.53138798402446,113.7158296226666,-72.05674987856035,108.19046772813071,-135.55678078141045,134.2981712067408,16.836573558722883,-8.608556036804014,0.5355191256830601,0.0,0.15012203605362104,120.0,0.6666666666666666,,,,,
reversal,AMD,4,2025-06…2025-11,WINDOW_CLOSING,slow,180,10.0,14,14,0.6428571428571429,0.42280701754385963,1.5204505038529936,1.013633669235329,2.027267338470658,0.6428571428571429,0.42280701754385963,1.5204505038529936,18.646048926104545,-5.525361894535889,24.171410820640432,-66.53138798402446,113.7158296226666,-72.05674987856035,108.19046772813071,-135.55678078141045,134.2981712067408,16.836573558722883,-8.608556036804014,0.5355191256830601,0.0,0.15012203605362104,120.0,0.6666666666666666,,,,,
reversal,AMD,4,2025-06…2025-11,WINDOW_CLOSING,slow,180,25.0,14,14,0.6428571428571429,0.42280701754385963,1.5204505038529936,1.013633669235329,2.027267338470658,0.6428571428571429,0.42280701754385963,1.5204505038529936,18.646048926104545,-5.525361894535889,24.171410820640432,-66.53138798402446,113.7158296226666,-72.05674987856035,108.19046772813071,-135.55678078141045,134.2981712067408,16.836573558722883,-8.608556036804014,0.5355191256830601,0.0,0.15012203605362104,120.0,0.6666666666666666,0.6428571428571429,0.496875,14.0,1.293800539083558,-10.61895133329472
reversal,AMD,4,2025-06…2025-11,WINDOW_CLOSING,slow,180,50.0,14,14,0.6428571428571429,0.42280701754385963,1.5204505038529936,1.013633669235329,2.027267338470658,0.6428571428571429,0.42280701754385963,1.5204505038529936,18.646048926104545,-5.525361894535889,24.171410820640432,-66.53138798402446,113.7158296226666,-72.05674987856035,108.19046772813071,-135.55678078141045,134.2981712067408,16.836573558722883,-8.608556036804014,0.5355191256830601,0.0,0.15012203605362104,120.0,0.6666666666666666,,,,,
dip_vs_trend,AMD,4,2025-06…2025-11,BUY_NOW,medium,1,0.0,0,0,,0.5526315789473685,,,,,0.5526315789473685,,,0.10508975089846329,,,,,,,,,,0.0,,,179.0,1.0,,,,,
dip_vs_trend,AMD,4,2025-06…2025-11,BUY_NOW,medium,1,10.0,0,0,,0.65,,,,,0.65,,,0.10508975089846329,,,,,,,,,,0.0,,,179.0,1.0,,,,,
dip_vs_trend,AMD,4,2025-06…2025-11,BUY_NOW,medium,1,25.0,0,0,,0.7429824561403509,,,,,0.7429824561403509,,,0.10508975089846329,,,,,,,,,,0.0,,,179.0,1.0,,,,,
dip_vs_trend,AMD,4,2025-06…2025-11,BUY_NOW,medium,1,50.0,0,0,,0.8359649122807018,,,,,0.8359649122807018,,,0.10508975089846329,,,,,,,,,,0.0,,,179.0,1.0,,,,,
dip_vs_trend,AMD,4,2025-06…2025-11,BUY_NOW,medium,4,0.0,0,0,,0.2675438596491228,,,,,0.5078947368421053,,,0.20353947840567882,,,,,,,,,,0.0,,,179.0,1.0,,,,,
dip_vs_trend,AMD,4,2025-06…2025-11,BUY_NOW,medium,4,10.0,0,0,,0.35964912280701755,,,,,0.5903508771929824,,,0.20353947840567882,,,,,,,,,,0.0,,,179.0,1.0,,,,,
dip_vs_trend,AMD,4,2025-06…2025-11,BUY_NOW,medium,4,25.0,0,0,,0.4692982456140351,,,,,0.6982456140350877,,,0.20353947840567882,,,,,,,,,,0.0,,,179.0,1.0,,,,,
dip_vs_trend,AMD,4,2025-06…2025-11,BUY_NOW,medium,4,50.0,0,0,,0.637719298245614,,,,,0.8289473684210527,,,0.20353947840567882,,,,,,,,,,0.0,,,179.0,1.0,,,,,
dip_vs_trend,AMD,4,2025-06…2025-11,BUY_NOW,medium,9,0.0,0,0,,0.1675438596491228,,,,,0.519298245614035,,,0.3075914104836545,,,,,,,,,,0.0,,,179.0,1.0,,,,,
dip_vs_trend,AMD,4,2025-06…2025-11,BUY_NOW,medium,9,10.0,0,0,,0.23333333333333334,,,,,0.5763157894736842,,,0.3075914104836545,,,,,,,,,,0.0,,,179.0,1.0,,,,,
dip_vs_trend,AMD,4,2025-06…2025-11,BUY_NOW,medium,9,25.0,0,0,,0.3219298245614035,,,,,0.6789473684210526,,,0.3075914104836545,,,,,,,,,,0.0,,,179.0,1.0,,,,,
dip_vs_trend,AMD,4,2025-06…2025-11,BUY_NOW,medium,9,50.0,0,0,,0.5043859649122807,,,,,0.7991228070175439,,,0.3075914104836545,,,,,,,,,,0.0,,,179.0,1.0,,,,,
dip_vs_trend,AMD,4,2025-06…2025-11,BUY_NOW,medium,45,0.0,0,0,,0.07719298245614035,,,,,0.4482456140350877,,,-0.3038405377384782,,,,,,,,,,0.0,,,179.0,1.0,,,,,
dip_vs_trend,AMD,4,2025-06…2025-11,BUY_NOW,medium,45,10.0,0,0,,0.10877192982456141,,,,,0.4956140350877193,,,-0.3038405377384782,,,,,,,,,,0.0,,,179.0,1.0,,,,,
dip_vs_trend,AMD,4,2025-06…2025-11,BUY_NOW,medium,45,25.0,0,0,,0.14035087719298245,,,,,0.5561403508771929,,,-0.3038405377384782,,,,,,,,,,0.0,,,179.0,1.0,,,,,
dip_vs_trend,AMD,4,2025-06…2025-11,BUY_NOW,medium,45,50.0,0,0,,0.23596491228070177,,,,,0.6491228070175439,,,-0.3038405377384782,,,,,,,,,,0.0,,,179.0,1.0,,,,,
dip_vs_trend,AMD,4,2025-06…2025-11,BUY_NOW,medium,180,0.0,0,0,,0.04736842105263158,,,,,0.44473684210526315,,,-5.525361894535889,,,,,,,,,,0.0,,,179.0,1.0,,,,,
dip_vs_trend,AMD,4,2025-06…2025-11,BUY_NOW,medium,180,10.0,0,0,,0.06754385964912281,,,,,0.46578947368421053,,,-5.525361894535889,,,,,,,,,,0.0,,,179.0,1.0,,,,,
dip_vs_trend,AMD,4,2025-06…2025-11,BUY_NOW,medium,180,25.0,0,0,,0.0912280701754386,,,,,0.4982456140350877,,,-5.525361894535889,,,,,,,,,,0.0,,,179.0,1.0,,0.590625,0.0,,
dip_vs_trend,AMD,4,2025-06…2025-11,BUY_NOW,medium,180,50.0,0,0,,0.15526315789473685,,,,,0.5394736842105263,,,-5.525361894535889,,,,,,,,,,0.0,,,179.0,1.0,,,,,
momentum,AMD,5,2025-12…2026-05,BUY_NOW,fast,1,0.0,7,7,0.14285714285714285,0.544280442804428,0.2624697336561743,0.0,0.7874092009685231,0.14285714285714285,0.544280442804428,0.2624697336561743,-31.73490330170178,-0.13836013609851097,-31.59654316560327,-57.078431965001045,-2.1550471085457183,-57.21679210109956,-2.2934072446442295,-55.06955933905196,15.581485186637384,-8.00437843307078,-59.014776167951915,0.2692307692307692,0.0,0.6563532461768659,51.0,0.16666666666666666,,,,,
momentum,AMD,5,2025-12…2026-05,BUY_NOW,fast,1,10.0,7,7,0.2857142857142857,0.6577490774907749,0.43438188739731515,0.0,0.8741935483870671,0.2857142857142857,0.6577490774907749,0.43438188739731515,-31.73490330170178,-0.13836013609851097,-31.59654316560327,-57.078431965001045,-2.1550471085457183,-57.21679210109956,-2.2934072446442295,-55.06955933905196,15.581485186637384,-8.00437843307078,-59.014776167951915,0.2692307692307692,0.0,0.6563532461768659,51.0,0.16666666666666666,,,,,
momentum,AMD,5,2025-12…2026-05,BUY_NOW,fast,1,25.0,7,7,0.2857142857142857,0.7583025830258303,0.37678136948209934,0.0,0.7582725060826994,0.2857142857142857,0.7583025830258303,0.37678136948209934,-31.73490330170178,-0.13836013609851097,-31.59654316560327,-57.078431965001045,-2.1550471085457183,-57.21679210109956,-2.2934072446442295,-55.06955933905196,15.581485186637384,-8.00437843307078,-59.014776167951915,0.2692307692307692,0.0,0.6563532461768659,51.0,0.16666666666666666,,,,,
momentum,AMD,5,2025-12…2026-05,BUY_NOW,fast,1,50.0,7,7,0.7142857142857143,0.8616236162361623,0.8289996940960539,0.49739981645763226,1.1605995717344755,0.7142857142857143,0.8616236162361623,0.8289996940960539,-31.73490330170178,-0.13836013609851097,-31.59654316560327,-57.078431965001045,-2.1550471085457183,-57.21679210109956,-2.2934072446442295,-55.06955933905196,15.581485186637384,-8.00437843307078,-59.014776167951915,0.2692307692307692,0.0,0.6563532461768659,51.0,0.16666666666666666,,,,,
momentum,AMD,5,2025-12…2026-05,BUY_NOW,fast,4,0.0,7,7,0.0,0.2730627306273063,0.0,0.0,0.0,0.0,0.5092250922509225,0.0,-40.7348289535882,-0.6658323083154447,-40.068996645272755,-57.890012549736845,-21.02791555687109,-58.55584485805229,-21.693747865186534,-55.742849495544505,-12.100678575565292,12.210709856366188,-59.014776167951915,0.2692307692307692,0.0,0.6563532461768659,51.0,0.16666666666666666,,,,,
momentum,AMD,5,2025-12…2026-05,BUY_NOW,fast,4,10.0,7,7,0.0,0.3607011070110701,0.0,0.0,0.0,0.14285714285714285,0.577490774907749,0.24737562756732087,-40.7348289535882,-0.6658323083154447,-40.068996645272755,-57.890012549736845,-21.02791555687109,-58.55584485805229,-21.693747865186534,-55.742849495544505,-12.100678575565292,12.210709856366188,-59.014776167951915,0.2692307692307692,0.0,0.6563532461768659,51.0,0.16666666666666666,,,,,
momentum,AMD,5,2025-12…2026-05,BUY_NOW,fast,4,25.0,7,7,0.0,0.47601476014760147,0.0,0.0,0.0,0.2857142857142857,0.6845018450184502,0.4174046977281478,-40.7348289535882,-0.6658323083154447,-40.068996645272755,-57.890012549736845,-21.02791555687109,-58.55584485805229,-21.693747865186534,-55.742849495544505,-12.100678575565292,12.210709856366188,-59.014776167951915,0.2692307692307692,0.0,0.6563532461768659,51.0,0.16666666666666666,,,,,
momentum,AMD,5,2025-12…2026-05,BUY_NOW,fast,4,50.0,7,7,0.2857142857142857,0.6448339483394834,0.4430819538115675,0.0,1.107704884528919,0.7142857142857143,0.8514760147601476,0.8388794304287263,-40.7348289535882,-0.6658323083154447,-40.068996645272755,-57.890012549736845,-21.02791555687109,-58.55584485805229,-21.693747865186534,-55.742849495544505,-12.100678575565292,12.210709856366188,-59.014776167951915,0.2692307692307692,0.0,0.6563532461768659,51.0,0.16666666666666666,,,,,
momentum,AMD,5,2025-12…2026-05,BUY_NOW,fast,9,0.0,7,7,0.0,0.17435424354243542,0.0,0.0,0.0,0.0,0.4870848708487085,0.0,-34.23130320194621,-1.5081232952480257,-32.723179906698185,-50.72105232095414,-14.49178180047149,-52.22917561620217,-15.999905095719516,-45.38632254479998,-12.013974395475248,18.31564243486009,-59.014776167951915,0.2692307692307692,0.0,0.6563532461768659,51.0,0.16666666666666666,,,,,
momentum,AMD,5,2025-12…2026-05,BUY_NOW,fast,9,10.0,7,7,0.0,0.235239852398524,0.0,0.0,0.0,0.14285714285714285,0.5479704797047971,0.26070226070226066,-34.23130320194621,-1.5081232952480257,-32.723179906698185,-50.72105232095414,-14.49178180047149,-52.22917561620217,-15.999905095719516,-45.38632254479998,-12.013974395475248,18.31564243486009,-59.014776167951915,0.2692307692307692,0.0,0.6563532461768659,51.0,0.16666666666666666,,,,,
momentum,AMD,5,2025-12…2026-05,BUY_NOW,fast,9,25.0,7,7,0.0,0.3339483394833948,0.0,0.0,0.0,0.42857142857142855,0.6632841328413284,0.6461355056626267,-34.23130320194621,-1.5081232952480257,-32.723179906698185,-50.72105232095414,-14.49178180047149,-52.22917561620217,-15.999905095719516,-45.38632254479998,-12.013974395475248,18.31564243486009,-59.014776167951915,0.2692307692307692,0.0,0.6563532461768659,51.0,0.16666666666666666,,,,,
momentum,AMD,5,2025-12…2026-05,BUY_NOW,fast,9,50.0,7,7,0.0,0.4769372693726937,0.0,0.0,0.0,0.7142857142857143,0.816420664206642,0.8748991121872478,-34.23130320194621,-1.5081232952480257,-32.723179906698185,-50.72105232095414,-14.49178180047149,-52.22917561620217,-15.999905095719516,-45.38632254479998,-12.013974395475248,18.31564243486009,-59.014776167951915,0.2692307692307692,0.0,0.6563532461768659,51.0,0.16666666666666666,,,,,
momentum,AMD,5,2025-12…2026-05,BUY_NOW,fast,45,0.0,7,7,0.0,0.06918819188191883,0.0,0.0,0.0,0.2857142857142857,0.46863468634686345,0.609673790776153,-59.72591347826541,-4.287938819377649,-55.43797465888776,-95.08839852333638,-9.018845831183487,-99.37633734271402,-13.306784650561136,-96.68251760216462,-13.336670986449755,-6.455364104007553,-59.014776167951915,0.2692307692307692,0.0,0.6563532461768659,51.0,0.16666666666666666,,,,,
momentum,AMD,5,2025-12…2026-05,BUY_NOW,fast,45,10.0,7,7,0.0,0.10055350553505535,0.0,0.0,0.0,0.2857142857142857,0.5064575645756457,0.5641425969294822,-59.72591347826541,-4.287938819377649,-55.43797465888776,-95.08839852333638,-9.018845831183487,-99.37633734271402,-13.306784650561136,-96.68251760216462,-13.336670986449755,-6.455364104007553,-59.014776167951915,0.2692307692307692,0.0,0.6563532461768659,51.0,0.16666666666666666,,,,,
momentum,AMD,5,2025-12…2026-05,BUY_NOW,fast,45,25.0,7,7,0.0,0.15129151291512916,0.0,0.0,0.0,0.2857142857142857,0.5673431734317343,0.5036004645760743,-59.72591347826541,-4.287938819377649,-55.43797465888776,-95.08839852333638,-9.018845831183487,-99.37633734271402,-13.306784650561136,-96.68251760216462,-13.336670986449755,-6.455364104007553,-59.014776167951915,0.2692307692307692,0.0,0.6563532461768659,51.0,0.16666666666666666,,,,,
momentum,AMD,5,2025-12…2026-05,BUY_NOW,fast,45,50.0,7,7,0.0,0.22047970479704798,0.0,0.0,0.0,0.2857142857142857,0.6669741697416974,0.4283738391622209,-59.72591347826541,-4.287938819377649,-55.43797465888776,-95.08839852333638,-9.018845831183487,-99.37633734271402,-13.306784650561136,-96.68251760216462,-13.336670986449755,-6.455364104007553,-59.014776167951915,0.2692307692307692,0.0,0.6563532461768659,51.0,0.16666666666666666,,,,,
momentum,AMD,5,2025-12…2026-05,BUY_NOW,fast,180,0.0,7,7,0.0,0.026752767527675275,0.0,0.0,0.0,0.42857142857142855,0.4843173431734317,0.8848979591836734,-34.71201896454969,-6.152682836497302,-28.55933612805239,-135.23468504929878,86.14527704375452,-141.38736788579607,79.99259420725721,-142.21717882785236,108.79051181262601,14.675547235454909,-59.014776167951915,0.2692307692307692,0.0,0.6563532461768659,51.0,0.16666666666666666,,,,,
momentum,AMD,5,2025-12…2026-05,BUY_NOW,fast,180,10.0,7,7,0.0,0.03690036900369004,0.0,0.0,0.0,0.42857142857142855,0.4981549815498155,0.8603174603174603,-34.71201896454969,-6.152682836497302,-28.55933612805239,-135.23468504929878,86.14527704375452,-141.38736788579607,79.99259420725721,-142.21717882785236,108.79051181262601,14.675547235454909,-59.014776167951915,0.2692307692307692,0.0,0.6563532461768659,51.0,0.16666666666666666,,,,,
momentum,AMD,5,2025-12…2026-05,BUY_NOW,fast,180,25.0,7,7,0.0,0.061808118081180814,0.0,0.0,0.0,0.42857142857142855,0.5341328413284133,0.8023686158401183,-34.71201896454969,-6.152682836497302,-28.55933612805239,-135.23468504929878,86.14527704375452,-141.38736788579607,79.99259420725721,-142.21717882785236,108.79051181262601,14.675547235454909,-59.014776167951915,0.2692307692307692,0.0,0.6563532461768659,51.0,0.16666666666666666,0.5,0.5641592920353983,6.0,0.8862745098039215,2.331349541736086
momentum,AMD,5,2025-12…2026-05,BUY_NOW,fast,180,50.0,7,7,0.0,0.0940959409594096,0.0,0.0,0.0,0.42857142857142855,0.5765682656826568,0.7433142857142857,-34.71201896454969,-6.152682836497302,-28.55933612805239,-135.23468504929878,86.14527704375452,-141.38736788579607,79.99259420725721,-142.21717882785236,108.79051181262601,14.675547235454909,-59.014776167951915,0.2692307692307692,0.0,0.6563532461768659,51.0,0.16666666666666666,,,,,
level,AMD,5,2025-12…2026-05,BUY_NOW,medium,1,0.0,32,32,0.75,0.544280442804428,1.3779661016949154,1.0908898305084747,1.6076271186440678,0.75,0.544280442804428,1.3779661016949154,29.05581589530508,-0.13836013609851097,29.194176031403593,7.069402602430388,53.85726051015546,6.931042466331878,53.71890037405695,4.191591263383659,54.8580197074635,30.16244862207588,42.45023691098228,1.2307692307692308,0.0,1.0334680146657864,36.0,0.0,,,,,
level,AMD,5,2025-12…2026-05,BUY_NOW,medium,1,10.0,32,32,0.8125,0.6577490774907749,1.235273492286115,0.9977208976157083,1.4253155680224403,0.8125,0.6577490774907749,1.235273492286115,29.05581589530508,-0.13836013609851097,29.194176031403593,7.069402602430388,53.85726051015546,6.931042466331878,53.71890037405695,4.191591263383659,54.8580197074635,30.16244862207588,42.45023691098228,1.2307692307692308,0.0,1.0334680146657864,36.0,0.0,,,,,
level,AMD,5,2025-12…2026-05,BUY_NOW,medium,1,25.0,32,32,0.875,0.7583025830258303,1.1538929440389294,0.9890510948905109,1.2775243309002433,0.875,0.7583025830258303,1.1538929440389294,29.05581589530508,-0.13836013609851097,29.194176031403593,7.069402602430388,53.85726051015546,6.931042466331878,53.71890037405695,4.191591263383659,54.8580197074635,30.16244862207588,42.45023691098228,1.2307692307692308,0.0,1.0334680146657864,36.0,0.0,,,,,
level,AMD,5,2025-12…2026-05,BUY_NOW,medium,1,50.0,32,32,0.96875,0.8616236162361623,1.124330835117773,1.0517933618843682,1.1605995717344755,0.96875,0.8616236162361623,1.124330835117773,29.05581589530508,-0.13836013609851097,29.194176031403593,7.069402602430388,53.85726051015546,6.931042466331878,53.71890037405695,4.191591263383659,54.8580197074635,30.16244862207588,42.45023691098228,1.2307692307692308,0.0,1.0334680146657864,36.0,0.0,,,,,
level,AMD,5,2025-12…2026-05,BUY_NOW,medium,4,0.0,32,32,0.5,0.2730627306273063,1.831081081081081,1.2588682432432432,2.403293918918919,0.75,0.5092250922509225,1.4728260869565217,26.6646660398711,-0.6658323083154447,27.330498348186545,7.515295749820789,49.900308347254246,6.8494634415053435,49.2344760389388,-0.11881272364194727,53.631296252925004,35.21423586385387,42.45023691098228,1.2307692307692308,0.0,1.0334680146657864,36.0,0.0,,,,,
level,AMD,5,2025-12…2026-05,BUY_NOW,medium,4,10.0,32,32,0.65625,0.3607011070110701,1.8193734015345269,1.3861892583120206,2.252557544757033,0.78125,0.577490774907749,1.352835463258786,26.6646660398711,-0.6658323083154447,27.330498348186545,7.515295749820789,49.900308347254246,6.8494634415053435,49.2344760389388,-0.11881272364194727,53.631296252925004,35.21423586385387,42.45023691098228,1.2307692307692308,0.0,1.0334680146657864,36.0,0.0,,,,,
level,AMD,5,2025-12…2026-05,BUY_NOW,medium,4,25.0,32,32,0.6875,0.47601476014760147,1.4442829457364341,1.1160368217054264,1.7725290697674418,0.78125,0.6845018450184502,1.1413409703504043,26.6646660398711,-0.6658323083154447,27.330498348186545,7.515295749820789,49.900308347254246,6.8494634415053435,49.2344760389388,-0.11881272364194727,53.631296252925004,35.21423586385387,42.45023691098228,1.2307692307692308,0.0,1.0334680146657864,36.0,0.0,,,,,
level,AMD,5,2025-12…2026-05,BUY_NOW,medium,4,50.0,32,32,0.78125,0.6448339483394834,1.211552217453505,0.9692417739628041,1.4054005722460658,0.875,0.8514760147601476,1.0276273022751896,26.6646660398711,-0.6658323083154447,27.330498348186545,7.515295749820789,49.900308347254246,6.8494634415053435,49.2344760389388,-0.11881272364194727,53.631296252925004,35.21423586385387,42.45023691098228,1.2307692307692308,0.0,1.0334680146657864,36.0,0.0,,,,,
level,AMD,5,2025-12…2026-05,BUY_NOW,medium,9,0.0,32,32,0.34375,0.17435424354243542,1.9715608465608465,1.0753968253968254,2.867724867724868,0.71875,0.4870848708487085,1.4756155303030303,34.14663464756686,-1.5081232952480257,35.65475794281489,16.679846989695395,55.81639724502262,15.171723694447369,54.308273949774595,8.085406718806118,60.87220298212851,39.65370664909394,42.45023691098228,1.2307692307692308,0.0,1.0334680146657864,36.0,0.0,,,,,
level,AMD,5,2025-12…2026-05,BUY_NOW,medium,9,10.0,32,32,0.46875,0.235239852398524,1.9926470588235294,1.3284313725490196,2.656862745098039,0.78125,0.5479704797047971,1.425715488215488,34.14663464756686,-1.5081232952480257,35.65475794281489,16.679846989695395,55.81639724502262,15.171723694447369,54.308273949774595,8.085406718806118,60.87220298212851,39.65370664909394,42.45023691098228,1.2307692307692308,0.0,1.0334680146657864,36.0,0.0,,,,,
level,AMD,5,2025-12…2026-05,BUY_NOW,medium,9,25.0,32,32,0.5625,0.3339483394833948,1.6843922651933703,1.12292817679558,2.24585635359116,0.84375,0.6632841328413284,1.2720792767732962,34.14663464756686,-1.5081232952480257,35.65475794281489,16.679846989695395,55.81639724502262,15.171723694447369,54.308273949774595,8.085406718806118,60.87220298212851,39.65370664909394,42.45023691098228,1.2307692307692308,0.0,1.0334680146657864,36.0,0.0,,,,,
level,AMD,5,2025-12…2026-05,BUY_NOW,medium,9,50.0,32,32,0.71875,0.4769372693726937,1.5070116054158609,1.1794003868471954,1.8346228239845261,0.96875,0.816420664206642,1.1865819209039548,34.14663464756686,-1.5081232952480257,35.65475794281489,16.679846989695395,55.81639724502262,15.171723694447369,54.308273949774595,8.085406718806118,60.87220298212851,39.65370664909394,42.45023691098228,1.2307692307692308,0.0,1.0334680146657864,36.0,0.0,,,,,
level,AMD,5,2025-12…2026-05,BUY_NOW,medium,45,0.0,32,32,0.1875,0.06918819188191883,2.71,0.9033333333333332,4.968333333333333,0.5625,0.46863468634686345,1.2002952755905512,29.691457897858438,-4.287938819377649,33.979396717236085,7.514177761962334,64.17294316541869,3.2262389425846854,59.885004346041036,1.7121704612116424,60.92730140926614,42.07836476418459,42.45023691098228,1.2307692307692308,0.0,1.0334680146657864,36.0,0.0,,,,,
level,AMD,5,2025-12…2026-05,BUY_NOW,medium,45,10.0,32,32,0.21875,0.10055350553505535,2.1754587155963305,0.9323394495412844,3.729357798165138,0.65625,0.5064575645756457,1.2957650273224044,29.691457897858438,-4.287938819377649,33.979396717236085,7.514177761962334,64.17294316541869,3.2262389425846854,59.885004346041036,1.7121704612116424,60.92730140926614,42.07836476418459,42.45023691098228,1.2307692307692308,0.0,1.0334680146657864,36.0,0.0,,,,,
level,AMD,5,2025-12…2026-05,BUY_NOW,medium,45,25.0,32,32,0.3125,0.15129151291512916,2.0655487804878048,1.0327743902439024,3.098323170731707,0.78125,0.5673431734317343,1.3770325203252032,29.691457897858438,-4.287938819377649,33.979396717236085,7.514177761962334,64.17294316541869,3.2262389425846854,59.885004346041036,1.7121704612116424,60.92730140926614,42.07836476418459,42.45023691098228,1.2307692307692308,0.0,1.0334680146657864,36.0,0.0,,,,,
level,AMD,5,2025-12…2026-05,BUY_NOW,medium,45,50.0,32,32,0.3125,0.22047970479704798,1.4173640167364017,0.7086820083682008,2.1260460251046025,0.9375,0.6669741697416974,1.4056016597510372,29.691457897858438,-4.287938819377649,33.979396717236085,7.514177761962334,64.17294316541869,3.2262389425846854,59.885004346041036,1.7121704612116424,60.92730140926614,42.07836476418459,42.45023691098228,1.2307692307692308,0.0,1.0334680146657864,36.0,0.0,,,,,
level,AMD,5,2025-12…2026-05,BUY_NOW,medium,180,0.0,32,32,0.09375,0.026752767527675275,3.5043103448275863,0.0,7.008620689655173,0.65625,0.4843173431734317,1.355,69.71650465967846,-6.152682836497302,75.86918749617577,27.306518705626257,127.39798491276879,21.153835869128955,121.24530207627149,14.589284463759359,146.12865715599878,100.43258203871214,42.45023691098228,1.2307692307692308,0.0,1.0334680146657864,36.0,0.0,,,,,
level,AMD,5,2025-12…2026-05,BUY_NOW,medium,180,10.0,32,32,0.09375,0.03690036900369004,2.540625,0.0,5.08125,0.6875,0.4981549815498155,1.3800925925925924,69.71650465967846,-6.152682836497302,75.86918749617577,27.306518705626257,127.39798491276879,21.153835869128955,121.24530207627149,14.589284463759359,146.12865715599878,100.43258203871214,42.45023691098228,1.2307692307692308,0.0,1.0334680146657864,36.0,0.0,,,,,
level,AMD,5,2025-12…2026-05,BUY_NOW,medium,180,25.0,32,32,0.15625,0.061808118081180814,2.5279850746268657,1.0111940298507462,4.550373134328358,0.75,0.5341328413284133,1.4041450777202071,69.71650465967846,-6.152682836497302,75.86918749617577,27.306518705626257,127.39798491276879,21.153835869128955,121.24530207627149,14.589284463759359,146.12865715599878,100.43258203871214,42.45023691098228,1.2307692307692308,0.0,1.0334680146657864,36.0,0.0,0.84,0.5641592920353983,25.0,1.488941176470588,90.8875600542959
level,AMD,5,2025-12…2026-05,BUY_NOW,medium,180,50.0,32,32,0.15625,0.0940959409594096,1.6605392156862744,0.6642156862745098,2.988970588235294,0.75,0.5765682656826568,1.3008,69.71650465967846,-6.152682836497302,75.86918749617577,27.306518705626257,127.39798491276879,21.153835869128955,121.24530207627149,14.589284463759359,146.12865715599878,100.43258203871214,42.45023691098228,1.2307692307692308,0.0,1.0334680146657864,36.0,0.0,,,,,
reversal,AMD,5,2025-12…2026-05,WINDOW_CLOSING,slow,1,0.0,6,6,0.16666666666666666,0.544280442804428,0.30621468926553674,0.0,0.9186440677966102,0.16666666666666666,0.544280442804428,0.30621468926553674,-32.80992755257617,-0.13836013609851097,-32.67156741647766,-67.97603216672238,5.330469903684619,-68.11439230282089,5.192109767586108,-60.97649966001446,47.61904761904745,-36.4965315751925,-45.54191894003523,0.23076923076923078,0.0,1.7063590345748312,135.0,0.5,,,,,
reversal,AMD,5,2025-12…2026-05,WINDOW_CLOSING,slow,1,10.0,6,6,0.16666666666666666,0.544280442804428,0.30621468926553674,0.0,0.9186440677966102,0.16666666666666666,0.544280442804428,0.30621468926553674,-32.80992755257617,-0.13836013609851097,-32.67156741647766,-67.97603216672238,5.330469903684619,-68.11439230282089,5.192109767586108,-60.97649966001446,47.61904761904745,-36.4965315751925,-45.54191894003523,0.23076923076923078,0.0,1.7063590345748312,135.0,0.5,,,,,
reversal,AMD,5,2025-12…2026-05,WINDOW_CLOSING,slow,1,25.0,6,6,0.16666666666666666,0.544280442804428,0.30621468926553674,0.0,0.9186440677966102,0.16666666666666666,0.544280442804428,0.30621468926553674,-32.80992755257617,-0.13836013609851097,-32.67156741647766,-67.97603216672238,5.330469903684619,-68.11439230282089,5.192109767586108,-60.97649966001446,47.61904761904745,-36.4965315751925,-45.54191894003523,0.23076923076923078,0.0,1.7063590345748312,135.0,0.5,,,,,
reversal,AMD,5,2025-12…2026-05,WINDOW_CLOSING,slow,1,50.0,6,6,0.16666666666666666,0.544280442804428,0.30621468926553674,0.0,0.9186440677966102,0.16666666666666666,0.544280442804428,0.30621468926553674,-32.80992755257617,-0.13836013609851097,-32.67156741647766,-67.97603216672238,5.330469903684619,-68.11439230282089,5.192109767586108,-60.97649966001446,47.61904761904745,-36.4965315751925,-45.54191894003523,0.23076923076923078,0.0,1.7063590345748312,135.0,0.5,,,,,
reversal,AMD,5,2025-12…2026-05,WINDOW_CLOSING,slow,4,0.0,6,6,0.3333333333333333,0.5,0.6666666666666666,0.0,1.3333333333333333,0.3333333333333333,0.5,0.6666666666666666,-34.55413086610478,-0.6658323083154447,-33.888298557789334,-82.35429315534984,13.380603634241135,-83.02012546366528,12.71477132592569,-80.6470056553384,58.928571428571445,-32.887638963170666,-45.54191894003523,0.23076923076923078,0.0,1.7063590345748312,135.0,0.5,,,,,
reversal,AMD,5,2025-12…2026-05,WINDOW_CLOSING,slow,4,10.0,6,6,0.3333333333333333,0.5,0.6666666666666666,0.0,1.3333333333333333,0.3333333333333333,0.5,0.6666666666666666,-34.55413086610478,-0.6658323083154447,-33.888298557789334,-82.35429315534984,13.380603634241135,-83.02012546366528,12.71477132592569,-80.6470056553384,58.928571428571445,-32.887638963170666,-45.54191894003523,0.23076923076923078,0.0,1.7063590345748312,135.0,0.5,,,,,
reversal,AMD,5,2025-12…2026-05,WINDOW_CLOSING,slow,4,25.0,6,6,0.3333333333333333,0.5,0.6666666666666666,0.0,1.3333333333333333,0.3333333333333333,0.5,0.6666666666666666,-34.55413086610478,-0.6658323083154447,-33.888298557789334,-82.35429315534984,13.380603634241135,-83.02012546366528,12.71477132592569,-80.6470056553384,58.928571428571445,-32.887638963170666,-45.54191894003523,0.23076923076923078,0.0,1.7063590345748312,135.0,0.5,,,,,
reversal,AMD,5,2025-12…2026-05,WINDOW_CLOSING,slow,4,50.0,6,6,0.3333333333333333,0.5,0.6666666666666666,0.0,1.3333333333333333,0.3333333333333333,0.5,0.6666666666666666,-34.55413086610478,-0.6658323083154447,-33.888298557789334,-82.35429315534984,13.380603634241135,-83.02012546366528,12.71477132592569,-80.6470056553384,58.928571428571445,-32.887638963170666,-45.54191894003523,0.23076923076923078,0.0,1.7063590345748312,135.0,0.5,,,,,
reversal,AMD,5,2025-12…2026-05,WINDOW_CLOSING,slow,9,0.0,6,6,0.3333333333333333,0.49538745387453875,0.6728739913097455,0.0,1.345747982619491,0.3333333333333333,0.49538745387453875,0.6728739913097455,-38.84262925985889,-1.5081232952480257,-37.33450596461086,-90.3214568738838,11.90218896826853,-91.82958016913183,10.394065673020503,-87.10275571108076,58.33333333333135,-40.07746071774472,-45.54191894003523,0.23076923076923078,0.0,1.7063590345748312,135.0,0.5,,,,,
reversal,AMD,5,2025-12…2026-05,WINDOW_CLOSING,slow,9,10.0,6,6,0.3333333333333333,0.49538745387453875,0.6728739913097455,0.0,1.345747982619491,0.3333333333333333,0.49538745387453875,0.6728739913097455,-38.84262925985889,-1.5081232952480257,-37.33450596461086,-90.3214568738838,11.90218896826853,-91.82958016913183,10.394065673020503,-87.10275571108076,58.33333333333135,-40.07746071774472,-45.54191894003523,0.23076923076923078,0.0,1.7063590345748312,135.0,0.5,,,,,
reversal,AMD,5,2025-12…2026-05,WINDOW_CLOSING,slow,9,25.0,6,6,0.3333333333333333,0.49538745387453875,0.6728739913097455,0.0,1.345747982619491,0.3333333333333333,0.49538745387453875,0.6728739913097455,-38.84262925985889,-1.5081232952480257,-37.33450596461086,-90.3214568738838,11.90218896826853,-91.82958016913183,10.394065673020503,-87.10275571108076,58.33333333333135,-40.07746071774472,-45.54191894003523,0.23076923076923078,0.0,1.7063590345748312,135.0,0.5,,,,,
reversal,AMD,5,2025-12…2026-05,WINDOW_CLOSING,slow,9,50.0,6,6,0.3333333333333333,0.49538745387453875,0.6728739913097455,0.0,1.345747982619491,0.3333333333333333,0.49538745387453875,0.6728739913097455,-38.84262925985889,-1.5081232952480257,-37.33450596461086,-90.3214568738838,11.90218896826853,-91.82958016913183,10.394065673020503,-87.10275571108076,58.33333333333135,-40.07746071774472,-45.54191894003523,0.23076923076923078,0.0,1.7063590345748312,135.0,0.5,,,,,
reversal,AMD,5,2025-12…2026-05,WINDOW_CLOSING,slow,45,0.0,6,6,0.5,0.4547970479704797,1.0993914807302232,0.36646382691007434,1.832319134550372,0.5,0.4547970479704797,1.0993914807302232,-23.560306347538884,-4.287938819377649,-19.272367528161233,-119.66139630359474,99.11387439563553,-123.94933512297239,94.82593557625789,-58.0849157780076,45.30888848683023,-24.288469906398877,-45.54191894003523,0.23076923076923078,0.0,1.7063590345748312,135.0,0.5,,,,,
reversal,AMD,5,2025-12…2026-05,WINDOW_CLOSING,slow,45,10.0,6,6,0.5,0.4547970479704797,1.0993914807302232,0.36646382691007434,1.832319134550372,0.5,0.4547970479704797,1.0993914807302232,-23.560306347538884,-4.287938819377649,-19.272367528161233,-119.66139630359474,99.11387439563553,-123.94933512297239,94.82593557625789,-58.0849157780076,45.30888848683023,-24.288469906398877,-45.54191894003523,0.23076923076923078,0.0,1.7063590345748312,135.0,0.5,,,,,
reversal,AMD,5,2025-12…2026-05,WINDOW_CLOSING,slow,45,25.0,6,6,0.5,0.4547970479704797,1.0993914807302232,0.36646382691007434,1.832319134550372,0.5,0.4547970479704797,1.0993914807302232,-23.560306347538884,-4.287938819377649,-19.272367528161233,-119.66139630359474,99.11387439563553,-123.94933512297239,94.82593557625789,-58.0849157780076,45.30888848683023,-24.288469906398877,-45.54191894003523,0.23076923076923078,0.0,1.7063590345748312,135.0,0.5,,,,,
reversal,AMD,5,2025-12…2026-05,WINDOW_CLOSING,slow,45,50.0,6,6,0.5,0.4547970479704797,1.0993914807302232,0.36646382691007434,1.832319134550372,0.5,0.4547970479704797,1.0993914807302232,-23.560306347538884,-4.287938819377649,-19.272367528161233,-119.66139630359474,99.11387439563553,-123.94933512297239,94.82593557625789,-58.0849157780076,45.30888848683023,-24.288469906398877,-45.54191894003523,0.23076923076923078,0.0,1.7063590345748312,135.0,0.5,,,,,
reversal,AMD,5,2025-12…2026-05,WINDOW_CLOSING,slow,180,0.0,6,6,0.5,0.44003690036900367,1.1362683438155137,0.3787561146051712,1.8937805730258561,0.5,0.44003690036900367,1.1362683438155137,20.463459837428704,-6.152682836497302,26.616142673926007,-99.45227711306472,142.72710207825904,-105.60495994956203,136.57441924176175,-224.18650793652014,90.35909758270178,29.182357553501436,-45.54191894003523,0.23076923076923078,0.0,1.7063590345748312,135.0,0.5,,,,,
reversal,AMD,5,2025-12…2026-05,WINDOW_CLOSING,slow,180,10.0,6,6,0.5,0.44003690036900367,1.1362683438155137,0.3787561146051712,1.8937805730258561,0.5,0.44003690036900367,1.1362683438155137,20.463459837428704,-6.152682836497302,26.616142673926007,-99.45227711306472,142.72710207825904,-105.60495994956203,136.57441924176175,-224.18650793652014,90.35909758270178,29.182357553501436,-45.54191894003523,0.23076923076923078,0.0,1.7063590345748312,135.0,0.5,,,,,
reversal,AMD,5,2025-12…2026-05,WINDOW_CLOSING,slow,180,25.0,6,6,0.5,0.44003690036900367,1.1362683438155137,0.3787561146051712,1.8937805730258561,0.5,0.44003690036900367,1.1362683438155137,20.463459837428704,-6.152682836497302,26.616142673926007,-99.45227711306472,142.72710207825904,-105.60495994956203,136.57441924176175,-224.18650793652014,90.35909758270178,29.182357553501436,-45.54191894003523,0.23076923076923078,0.0,1.7063590345748312,135.0,0.5,0.0,0.41814159292035397,3.0,0.0,-48.36804714938365
reversal,AMD,5,2025-12…2026-05,WINDOW_CLOSING,slow,180,50.0,6,6,0.5,0.44003690036900367,1.1362683438155137,0.3787561146051712,1.8937805730258561,0.5,0.44003690036900367,1.1362683438155137,20.463459837428704,-6.152682836497302,26.616142673926007,-99.45227711306472,142.72710207825904,-105.60495994956203,136.57441924176175,-224.18650793652014,90.35909758270178,29.182357553501436,-45.54191894003523,0.23076923076923078,0.0,1.7063590345748312,135.0,0.5,,,,,
dip_vs_trend,AMD,5,2025-12…2026-05,BUY_NOW,medium,1,0.0,2,2,1.0,0.544280442804428,1.8372881355932205,,,1.0,0.544280442804428,1.8372881355932205,12.531328320805057,-0.13836013609851097,12.669688456903568,,,,,,,19.079577083413458,12.562814070351536,0.07692307692307693,0.0,0.0,170.0,0.8333333333333334,,,,,
dip_vs_trend,AMD,5,2025-12…2026-05,BUY_NOW,medium,1,10.0,2,2,1.0,0.6577490774907749,1.520336605890603,,,1.0,0.6577490774907749,1.520336605890603,12.531328320805057,-0.13836013609851097,12.669688456903568,,,,,,,19.079577083413458,12.562814070351536,0.07692307692307693,0.0,0.0,170.0,0.8333333333333334,,,,,
dip_vs_trend,AMD,5,2025-12…2026-05,BUY_NOW,medium,1,25.0,2,2,1.0,0.7583025830258303,1.3187347931873479,,,1.0,0.7583025830258303,1.3187347931873479,12.531328320805057,-0.13836013609851097,12.669688456903568,,,,,,,19.079577083413458,12.562814070351536,0.07692307692307693,0.0,0.0,170.0,0.8333333333333334,,,,,
dip_vs_trend,AMD,5,2025-12…2026-05,BUY_NOW,medium,1,50.0,2,2,1.0,0.8616236162361623,1.1605995717344755,,,1.0,0.8616236162361623,1.1605995717344755,12.531328320805057,-0.13836013609851097,12.669688456903568,,,,,,,19.079577083413458,12.562814070351536,0.07692307692307693,0.0,0.0,170.0,0.8333333333333334,,,,,
dip_vs_trend,AMD,5,2025-12…2026-05,BUY_NOW,medium,4,0.0,2,2,0.0,0.2730627306273063,0.0,,,1.0,0.5092250922509225,1.963768115942029,25.235434692261194,-0.6658323083154447,25.901267000576638,,,,,,,33.051772017985705,12.562814070351536,0.07692307692307693,0.0,0.0,170.0,0.8333333333333334,,,,,
dip_vs_trend,AMD,5,2025-12…2026-05,BUY_NOW,medium,4,10.0,2,2,0.0,0.3607011070110701,0.0,,,1.0,0.577490774907749,1.731629392971246,25.235434692261194,-0.6658323083154447,25.901267000576638,,,,,,,33.051772017985705,12.562814070351536,0.07692307692307693,0.0,0.0,170.0,0.8333333333333334,,,,,
dip_vs_trend,AMD,5,2025-12…2026-05,BUY_NOW,medium,4,25.0,2,2,0.0,0.47601476014760147,0.0,,,1.0,0.6845018450184502,1.4609164420485174,25.235434692261194,-0.6658323083154447,25.901267000576638,,,,,,,33.051772017985705,12.562814070351536,0.07692307692307693,0.0,0.0,170.0,0.8333333333333334,,,,,
dip_vs_trend,AMD,5,2025-12…2026-05,BUY_NOW,medium,4,50.0,2,2,1.0,0.6448339483394834,1.5507868383404864,,,1.0,0.8514760147601476,1.1744312026002168,25.235434692261194,-0.6658323083154447,25.901267000576638,,,,,,,33.051772017985705,12.562814070351536,0.07692307692307693,0.0,0.0,170.0,0.8333333333333334,,,,,
dip_vs_trend,AMD,5,2025-12…2026-05,BUY_NOW,medium,9,0.0,2,2,0.0,0.17435424354243542,0.0,,,0.5,0.4870848708487085,1.0265151515151516,4.336987079650023,-1.5081232952480257,5.845110374898049,,,,,,,13.598870151372289,12.562814070351536,0.07692307692307693,0.0,0.0,170.0,0.8333333333333334,,,,,
dip_vs_trend,AMD,5,2025-12…2026-05,BUY_NOW,medium,9,10.0,2,2,0.0,0.235239852398524,0.0,,,1.0,0.5479704797047971,1.8249158249158248,4.336987079650023,-1.5081232952480257,5.845110374898049,,,,,,,13.598870151372289,12.562814070351536,0.07692307692307693,0.0,0.0,170.0,0.8333333333333334,,,,,
dip_vs_trend,AMD,5,2025-12…2026-05,BUY_NOW,medium,9,25.0,2,2,0.0,0.3339483394833948,0.0,,,1.0,0.6632841328413284,1.5076495132127956,4.336987079650023,-1.5081232952480257,5.845110374898049,,,,,,,13.598870151372289,12.562814070351536,0.07692307692307693,0.0,0.0,170.0,0.8333333333333334,,,,,
dip_vs_trend,AMD,5,2025-12…2026-05,BUY_NOW,medium,9,50.0,2,2,0.5,0.4769372693726937,1.0483558994197293,,,1.0,0.816420664206642,1.224858757062147,4.336987079650023,-1.5081232952480257,5.845110374898049,,,,,,,13.598870151372289,12.562814070351536,0.07692307692307693,0.0,0.0,170.0,0.8333333333333334,,,,,
dip_vs_trend,AMD,5,2025-12…2026-05,BUY_NOW,medium,45,0.0,2,2,0.0,0.06918819188191883,0.0,,,0.5,0.46863468634686345,1.0669291338582678,-10.65768133342415,-4.287938819377649,-6.369742514046502,,,,,,,31.99935209324267,12.562814070351536,0.07692307692307693,0.0,0.0,170.0,0.8333333333333334,,,,,
dip_vs_trend,AMD,5,2025-12…2026-05,BUY_NOW,medium,45,10.0,2,2,0.0,0.10055350553505535,0.0,,,0.5,0.5064575645756457,0.9872495446265939,-10.65768133342415,-4.287938819377649,-6.369742514046502,,,,,,,31.99935209324267,12.562814070351536,0.07692307692307693,0.0,0.0,170.0,0.8333333333333334,,,,,
dip_vs_trend,AMD,5,2025-12…2026-05,BUY_NOW,medium,45,25.0,2,2,0.0,0.15129151291512916,0.0,,,0.5,0.5673431734317343,0.88130081300813,-10.65768133342415,-4.287938819377649,-6.369742514046502,,,,,,,31.99935209324267,12.562814070351536,0.07692307692307693,0.0,0.0,170.0,0.8333333333333334,,,,,
dip_vs_trend,AMD,5,2025-12…2026-05,BUY_NOW,medium,45,50.0,2,2,0.0,0.22047970479704798,0.0,,,1.0,0.6669741697416974,1.4993084370677732,-10.65768133342415,-4.287938819377649,-6.369742514046502,,,,,,,31.99935209324267,12.562814070351536,0.07692307692307693,0.0,0.0,170.0,0.8333333333333334,,,,,
dip_vs_trend,AMD,5,2025-12…2026-05,BUY_NOW,medium,180,0.0,2,2,0.0,0.026752767527675275,0.0,,,1.0,0.4843173431734317,2.064761904761905,126.26528982981776,-6.152682836497302,132.41797266631505,,,,,,,168.0478240548411,12.562814070351536,0.07692307692307693,0.0,0.0,170.0,0.8333333333333334,,,,,
dip_vs_trend,AMD,5,2025-12…2026-05,BUY_NOW,medium,180,10.0,2,2,0.0,0.03690036900369004,0.0,,,1.0,0.4981549815498155,2.007407407407407,126.26528982981776,-6.152682836497302,132.41797266631505,,,,,,,168.0478240548411,12.562814070351536,0.07692307692307693,0.0,0.0,170.0,0.8333333333333334,,,,,
dip_vs_trend,AMD,5,2025-12…2026-05,BUY_NOW,medium,180,25.0,2,2,0.0,0.061808118081180814,0.0,,,1.0,0.5341328413284133,1.8721934369602762,126.26528982981776,-6.152682836497302,132.41797266631505,,,,,,,168.0478240548411,12.562814070351536,0.07692307692307693,0.0,0.0,170.0,0.8333333333333334,,0.5641592920353983,0.0,,
dip_vs_trend,AMD,5,2025-12…2026-05,BUY_NOW,medium,180,50.0,2,2,0.0,0.0940959409594096,0.0,,,1.0,0.5765682656826568,1.7344,126.26528982981776,-6.152682836497302,132.41797266631505,,,,,,,168.0478240548411,12.562814070351536,0.07692307692307693,0.0,0.0,170.0,0.8333333333333334,,,,,
momentum,AMD,6,2026-06…2026-09,BUY_NOW,fast,1,0.0,4,4,1.0,0.5897009966777409,1.695774647887324,,,1.0,0.5897009966777409,1.695774647887324,19.496104485515755,3.281676481145613,16.21442800437014,,,,,,,17.99943211728383,17.074153071621467,0.2978723404255319,0.0,0.41141300589381546,30.0,0.25,,,,,
momentum,AMD,6,2026-06…2026-09,BUY_NOW,fast,1,10.0,4,4,1.0,0.6810631229235881,1.4682926829268292,,,1.0,0.6810631229235881,1.4682926829268292,19.496104485515755,3.281676481145613,16.21442800437014,,,,,,,17.99943211728383,17.074153071621467,0.2978723404255319,0.0,0.41141300589381546,30.0,0.25,,,,,
momentum,AMD,6,2026-06…2026-09,BUY_NOW,fast,1,25.0,4,4,1.0,0.739202657807309,1.3528089887640449,,,1.0,0.739202657807309,1.3528089887640449,19.496104485515755,3.281676481145613,16.21442800437014,,,,,,,17.99943211728383,17.074153071621467,0.2978723404255319,0.0,0.41141300589381546,30.0,0.25,,,,,
momentum,AMD,6,2026-06…2026-09,BUY_NOW,fast,1,50.0,4,4,1.0,0.8421926910299004,1.1873767258382644,,,1.0,0.8421926910299004,1.1873767258382644,19.496104485515755,3.281676481145613,16.21442800437014,,,,,,,17.99943211728383,17.074153071621467,0.2978723404255319,0.0,0.41141300589381546,30.0,0.25,,,,,
momentum,AMD,6,2026-06…2026-09,BUY_NOW,fast,4,0.0,4,4,0.75,0.31719532554257096,2.3644736842105263,,,0.75,0.5626043405676127,1.333086053412463,5.719339966949177,8.29055179021205,-2.571211823262872,,,,,,,28.421831295588063,17.074153071621467,0.2978723404255319,0.0,0.41141300589381546,30.0,0.25,,,,,
momentum,AMD,6,2026-06…2026-09,BUY_NOW,fast,4,10.0,4,4,0.75,0.39565943238731216,1.8955696202531647,,,0.75,0.6393989983305509,1.172976501305483,5.719339966949177,8.29055179021205,-2.571211823262872,,,,,,,28.421831295588063,17.074153071621467,0.2978723404255319,0.0,0.41141300589381546,30.0,0.25,,,,,
momentum,AMD,6,2026-06…2026-09,BUY_NOW,fast,4,25.0,4,4,0.75,0.48414023372287146,1.5491379310344828,,,0.75,0.7378964941569283,1.0164027149321266,5.719339966949177,8.29055179021205,-2.571211823262872,,,,,,,28.421831295588063,17.074153071621467,0.2978723404255319,0.0,0.41141300589381546,30.0,0.25,,,,,
momentum,AMD,6,2026-06…2026-09,BUY_NOW,fast,4,50.0,4,4,0.75,0.6310517529215359,1.1884920634920635,,,0.75,0.8714524207011686,0.860632183908046,5.719339966949177,8.29055179021205,-2.571211823262872,,,,,,,28.421831295588063,17.074153071621467,0.2978723404255319,0.0,0.41141300589381546,30.0,0.25,,,,,
momentum,AMD,6,2026-06…2026-09,BUY_NOW,fast,9,0.0,4,4,0.5,0.21548821548821548,2.3203125,,,1.0,0.6127946127946128,1.6318681318681318,20.792326061089273,16.621698228558213,4.170627832531061,,,,,,,11.725474414155114,17.074153071621467,0.2978723404255319,0.0,0.41141300589381546,30.0,0.25,,,,,
momentum,AMD,6,2026-06…2026-09,BUY_NOW,fast,9,10.0,4,4,0.5,0.28114478114478114,1.778443113772455,,,1.0,0.6902356902356902,1.4487804878048782,20.792326061089273,16.621698228558213,4.170627832531061,,,,,,,11.725474414155114,17.074153071621467,0.2978723404255319,0.0,0.41141300589381546,30.0,0.25,,,,,
momentum,AMD,6,2026-06…2026-09,BUY_NOW,fast,9,25.0,4,4,0.5,0.3552188552188552,1.4075829383886256,,,1.0,0.7794612794612794,1.2829373650107991,20.792326061089273,16.621698228558213,4.170627832531061,,,,,,,11.725474414155114,17.074153071621467,0.2978723404255319,0.0,0.41141300589381546,30.0,0.25,,,,,
momentum,AMD,6,2026-06…2026-09,BUY_NOW,fast,9,50.0,4,4,0.75,0.5185185185185185,1.4464285714285716,,,1.0,0.8804713804713805,1.135755258126195,20.792326061089273,16.621698228558213,4.170627832531061,,,,,,,11.725474414155114,17.074153071621467,0.2978723404255319,0.0,0.41141300589381546,30.0,0.25,,,,,
momentum,AMD,6,2026-06…2026-09,BUY_NOW,fast,45,0.0,4,4,0.25,0.12903225806451613,1.9375,,,1.0,0.7293906810035843,1.371007371007371,97.98453669274454,74.86009836541992,23.124438327324626,,,,,,,18.092869724691816,17.074153071621467,0.2978723404255319,0.0,0.41141300589381546,30.0,0.25,,,,,
momentum,AMD,6,2026-06…2026-09,BUY_NOW,fast,45,10.0,4,4,0.25,0.17562724014336917,1.4234693877551021,,,1.0,0.7598566308243727,1.3160377358490567,97.98453669274454,74.86009836541992,23.124438327324626,,,,,,,18.092869724691816,17.074153071621467,0.2978723404255319,0.0,0.41141300589381546,30.0,0.25,,,,,
momentum,AMD,6,2026-06…2026-09,BUY_NOW,fast,45,25.0,4,4,0.25,0.24014336917562723,1.041044776119403,,,1.0,0.8172043010752689,1.2236842105263157,97.98453669274454,74.86009836541992,23.124438327324626,,,,,,,18.092869724691816,17.074153071621467,0.2978723404255319,0.0,0.41141300589381546,30.0,0.25,,,,,
momentum,AMD,6,2026-06…2026-09,BUY_NOW,fast,45,50.0,4,4,0.25,0.3709677419354839,0.6739130434782609,,,1.0,0.8835125448028673,1.13184584178499,97.98453669274454,74.86009836541992,23.124438327324626,,,,,,,18.092869724691816,17.074153071621467,0.2978723404255319,0.0,0.41141300589381546,30.0,0.25,,,,,
momentum,AMD,6,2026-06…2026-09,BUY_NOW,fast,180,0.0,4,3,0.3333333333333333,0.1276595744680851,2.611111111111111,,,1.0,0.9905437352245863,1.009546539379475,299.4679079433493,313.9988389433335,-14.530930999984207,,,,,,,38.2912289157511,17.074153071621467,0.2978723404255319,0.0,0.41141300589381546,30.0,0.25,,,,,
momentum,AMD,6,2026-06…2026-09,BUY_NOW,fast,180,10.0,4,3,0.3333333333333333,0.16548463356973994,2.0142857142857142,,,1.0,0.9929078014184397,1.0071428571428571,299.4679079433493,313.9988389433335,-14.530930999984207,,,,,,,38.2912289157511,17.074153071621467,0.2978723404255319,0.0,0.41141300589381546,30.0,0.25,,,,,
momentum,AMD,6,2026-06…2026-09,BUY_NOW,fast,180,25.0,4,3,0.3333333333333333,0.23404255319148937,1.424242424242424,,,1.0,0.9929078014184397,1.0071428571428571,299.4679079433493,313.9988389433335,-14.530930999984207,,,,,,,38.2912289157511,17.074153071621467,0.2978723404255319,0.0,0.41141300589381546,30.0,0.25,1.0,0.9929078014184397,3.0,1.0071428571428571,-14.530930999984207
momentum,AMD,6,2026-06…2026-09,BUY_NOW,fast,180,50.0,4,3,0.3333333333333333,0.37115839243498816,0.8980891719745223,,,1.0,1.0,1.0,299.4679079433493,313.9988389433335,-14.530930999984207,,,,,,,38.2912289157511,17.074153071621467,0.2978723404255319,0.0,0.41141300589381546,30.0,0.25,,,,,
level,AMD,6,2026-06…2026-09,BUY_NOW,medium,1,0.0,4,4,0.75,0.5897009966777409,1.2718309859154928,,,0.75,0.5897009966777409,1.2718309859154928,62.6922201324498,3.281676481145613,59.41054365130418,,,,,,,57.05779035970416,45.887729470565624,0.2978723404255319,0.0,0.1010152544552211,77.0,0.75,,,,,
level,AMD,6,2026-06…2026-09,BUY_NOW,medium,1,10.0,4,4,1.0,0.6810631229235881,1.4682926829268292,,,1.0,0.6810631229235881,1.4682926829268292,62.6922201324498,3.281676481145613,59.41054365130418,,,,,,,57.05779035970416,45.887729470565624,0.2978723404255319,0.0,0.1010152544552211,77.0,0.75,,,,,
level,AMD,6,2026-06…2026-09,BUY_NOW,medium,1,25.0,4,4,1.0,0.739202657807309,1.3528089887640449,,,1.0,0.739202657807309,1.3528089887640449,62.6922201324498,3.281676481145613,59.41054365130418,,,,,,,57.05779035970416,45.887729470565624,0.2978723404255319,0.0,0.1010152544552211,77.0,0.75,,,,,
level,AMD,6,2026-06…2026-09,BUY_NOW,medium,1,50.0,4,4,1.0,0.8421926910299004,1.1873767258382644,,,1.0,0.8421926910299004,1.1873767258382644,62.6922201324498,3.281676481145613,59.41054365130418,,,,,,,57.05779035970416,45.887729470565624,0.2978723404255319,0.0,0.1010152544552211,77.0,0.75,,,,,
level,AMD,6,2026-06…2026-09,BUY_NOW,medium,4,0.0,4,4,0.5,0.31719532554257096,1.5763157894736841,,,1.0,0.5626043405676127,1.7774480712166174,53.32389822078065,8.29055179021205,45.0333464305686,,,,,,,53.848975500274115,45.887729470565624,0.2978723404255319,0.0,0.1010152544552211,77.0,0.75,,,,,
level,AMD,6,2026-06…2026-09,BUY_NOW,medium,4,10.0,4,4,0.75,0.39565943238731216,1.8955696202531647,,,1.0,0.6393989983305509,1.5639686684073106,53.32389822078065,8.29055179021205,45.0333464305686,,,,,,,53.848975500274115,45.887729470565624,0.2978723404255319,0.0,0.1010152544552211,77.0,0.75,,,,,
level,AMD,6,2026-06…2026-09,BUY_NOW,medium,4,25.0,4,4,0.75,0.48414023372287146,1.5491379310344828,,,1.0,0.7378964941569283,1.355203619909502,53.32389822078065,8.29055179021205,45.0333464305686,,,,,,,53.848975500274115,45.887729470565624,0.2978723404255319,0.0,0.1010152544552211,77.0,0.75,,,,,
level,AMD,6,2026-06…2026-09,BUY_NOW,medium,4,50.0,4,4,1.0,0.6310517529215359,1.5846560846560847,,,1.0,0.8714524207011686,1.1475095785440614,53.32389822078065,8.29055179021205,45.0333464305686,,,,,,,53.848975500274115,45.887729470565624,0.2978723404255319,0.0,0.1010152544552211,77.0,0.75,,,,,
level,AMD,6,2026-06…2026-09,BUY_NOW,medium,9,0.0,4,4,0.5,0.21548821548821548,2.3203125,,,0.75,0.6127946127946128,1.223901098901099,57.34038041898842,16.621698228558213,40.7186821904302,,,,,,,47.5206234342368,45.887729470565624,0.2978723404255319,0.0,0.1010152544552211,77.0,0.75,,,,,
level,AMD,6,2026-06…2026-09,BUY_NOW,medium,9,10.0,4,4,0.75,0.28114478114478114,2.6676646706586826,,,1.0,0.6902356902356902,1.4487804878048782,57.34038041898842,16.621698228558213,40.7186821904302,,,,,,,47.5206234342368,45.887729470565624,0.2978723404255319,0.0,0.1010152544552211,77.0,0.75,,,,,
level,AMD,6,2026-06…2026-09,BUY_NOW,medium,9,25.0,4,4,0.75,0.3552188552188552,2.1113744075829386,,,1.0,0.7794612794612794,1.2829373650107991,57.34038041898842,16.621698228558213,40.7186821904302,,,,,,,47.5206234342368,45.887729470565624,0.2978723404255319,0.0,0.1010152544552211,77.0,0.75,,,,,
level,AMD,6,2026-06…2026-09,BUY_NOW,medium,9,50.0,4,4,1.0,0.5185185185185185,1.9285714285714286,,,1.0,0.8804713804713805,1.135755258126195,57.34038041898842,16.621698228558213,40.7186821904302,,,,,,,47.5206234342368,45.887729470565624,0.2978723404255319,0.0,0.1010152544552211,77.0,0.75,,,,,
level,AMD,6,2026-06…2026-09,BUY_NOW,medium,45,0.0,4,4,0.25,0.12903225806451613,1.9375,,,1.0,0.7293906810035843,1.371007371007371,116.09853687086391,74.86009836541992,41.238438505443995,,,,,,,71.4925337110478,45.887729470565624,0.2978723404255319,0.0,0.1010152544552211,77.0,0.75,,,,,
level,AMD,6,2026-06…2026-09,BUY_NOW,medium,45,10.0,4,4,0.25,0.17562724014336917,1.4234693877551021,,,1.0,0.7598566308243727,1.3160377358490567,116.09853687086391,74.86009836541992,41.238438505443995,,,,,,,71.4925337110478,45.887729470565624,0.2978723404255319,0.0,0.1010152544552211,77.0,0.75,,,,,
level,AMD,6,2026-06…2026-09,BUY_NOW,medium,45,25.0,4,4,0.5,0.24014336917562723,2.082089552238806,,,1.0,0.8172043010752689,1.2236842105263157,116.09853687086391,74.86009836541992,41.238438505443995,,,,,,,71.4925337110478,45.887729470565624,0.2978723404255319,0.0,0.1010152544552211,77.0,0.75,,,,,
level,AMD,6,2026-06…2026-09,BUY_NOW,medium,45,50.0,4,4,0.75,0.3709677419354839,2.0217391304347827,,,1.0,0.8835125448028673,1.13184584178499,116.09853687086391,74.86009836541992,41.238438505443995,,,,,,,71.4925337110478,45.887729470565624,0.2978723404255319,0.0,0.1010152544552211,77.0,0.75,,,,,
level,AMD,6,2026-06…2026-09,BUY_NOW,medium,180,0.0,4,4,0.25,0.1276595744680851,1.9583333333333335,,,1.0,0.9905437352245863,1.009546539379475,384.12862009809254,313.9988389433335,70.12978115475903,,,,,,,214.7293544938994,45.887729470565624,0.2978723404255319,0.0,0.1010152544552211,77.0,0.75,,,,,
level,AMD,6,2026-06…2026-09,BUY_NOW,medium,180,10.0,4,4,0.25,0.16548463356973994,1.510714285714286,,,1.0,0.9929078014184397,1.0071428571428571,384.12862009809254,313.9988389433335,70.12978115475903,,,,,,,214.7293544938994,45.887729470565624,0.2978723404255319,0.0,0.1010152544552211,77.0,0.75,,,,,
level,AMD,6,2026-06…2026-09,BUY_NOW,medium,180,25.0,4,4,0.5,0.23404255319148937,2.1363636363636362,,,1.0,0.9929078014184397,1.0071428571428571,384.12862009809254,313.9988389433335,70.12978115475903,,,,,,,214.7293544938994,45.887729470565624,0.2978723404255319,0.0,0.1010152544552211,77.0,0.75,1.0,0.9929078014184397,4.0,1.0071428571428571,70.12978115475903
level,AMD,6,2026-06…2026-09,BUY_NOW,medium,180,50.0,4,4,0.75,0.37115839243498816,2.020700636942675,,,1.0,1.0,1.0,384.12862009809254,313.9988389433335,70.12978115475903,,,,,,,214.7293544938994,45.887729470565624,0.2978723404255319,0.0,0.1010152544552211,77.0,0.75,,,,,
reversal,AMD,6,2026-06…2026-09,WINDOW_CLOSING,slow,1,0.0,5,5,0.6,0.5897009966777409,1.0174647887323942,0.3391549295774648,1.695774647887324,0.6,0.5897009966777409,1.0174647887323942,-13.774930550731977,3.281676481145613,-17.05660703187759,-40.70483957283264,-2.786626976192675,-37.42316309168702,0.495049504952938,-37.42316309168702,0.495049504952938,-21.362706620082328,-24.02857066501496,0.3723404255319149,0.0,0.0,72.0,0.75,,,,,
reversal,AMD,6,2026-06…2026-09,WINDOW_CLOSING,slow,1,10.0,5,5,0.6,0.5897009966777409,1.0174647887323942,0.3391549295774648,1.695774647887324,0.6,0.5897009966777409,1.0174647887323942,-13.774930550731977,3.281676481145613,-17.05660703187759,-40.70483957283264,-2.786626976192675,-37.42316309168702,0.495049504952938,-37.42316309168702,0.495049504952938,-21.362706620082328,-24.02857066501496,0.3723404255319149,0.0,0.0,72.0,0.75,,,,,
reversal,AMD,6,2026-06…2026-09,WINDOW_CLOSING,slow,1,25.0,5,5,0.6,0.5897009966777409,1.0174647887323942,0.3391549295774648,1.695774647887324,0.6,0.5897009966777409,1.0174647887323942,-13.774930550731977,3.281676481145613,-17.05660703187759,-40.70483957283264,-2.786626976192675,-37.42316309168702,0.495049504952938,-37.42316309168702,0.495049504952938,-21.362706620082328,-24.02857066501496,0.3723404255319149,0.0,0.0,72.0,0.75,,,,,
reversal,AMD,6,2026-06…2026-09,WINDOW_CLOSING,slow,1,50.0,5,5,0.6,0.5897009966777409,1.0174647887323942,0.3391549295774648,1.695774647887324,0.6,0.5897009966777409,1.0174647887323942,-13.774930550731977,3.281676481145613,-17.05660703187759,-40.70483957283264,-2.786626976192675,-37.42316309168702,0.495049504952938,-37.42316309168702,0.495049504952938,-21.362706620082328,-24.02857066501496,0.3723404255319149,0.0,0.0,72.0,0.75,,,,,
reversal,AMD,6,2026-06…2026-09,WINDOW_CLOSING,slow,4,0.0,5,5,0.2,0.5809682804674458,0.34425287356321843,0.0,1.032758620689655,0.2,0.5809682804674458,0.34425287356321843,-18.644375524774492,8.29055179021205,-26.934927314986542,-64.05926420584501,17.97061915395464,-55.76871241563297,26.26117094416669,-55.76871241563297,26.26117094416669,-19.959468904952924,-24.02857066501496,0.3723404255319149,0.0,0.0,72.0,0.75,,,,,
reversal,AMD,6,2026-06…2026-09,WINDOW_CLOSING,slow,4,10.0,5,5,0.2,0.5809682804674458,0.34425287356321843,0.0,1.032758620689655,0.2,0.5809682804674458,0.34425287356321843,-18.644375524774492,8.29055179021205,-26.934927314986542,-64.05926420584501,17.97061915395464,-55.76871241563297,26.26117094416669,-55.76871241563297,26.26117094416669,-19.959468904952924,-24.02857066501496,0.3723404255319149,0.0,0.0,72.0,0.75,,,,,
reversal,AMD,6,2026-06…2026-09,WINDOW_CLOSING,slow,4,25.0,5,5,0.2,0.5809682804674458,0.34425287356321843,0.0,1.032758620689655,0.2,0.5809682804674458,0.34425287356321843,-18.644375524774492,8.29055179021205,-26.934927314986542,-64.05926420584501,17.97061915395464,-55.76871241563297,26.26117094416669,-55.76871241563297,26.26117094416669,-19.959468904952924,-24.02857066501496,0.3723404255319149,0.0,0.0,72.0,0.75,,,,,
reversal,AMD,6,2026-06…2026-09,WINDOW_CLOSING,slow,4,50.0,5,5,0.2,0.5809682804674458,0.34425287356321843,0.0,1.032758620689655,0.2,0.5809682804674458,0.34425287356321843,-18.644375524774492,8.29055179021205,-26.934927314986542,-64.05926420584501,17.97061915395464,-55.76871241563297,26.26117094416669,-55.76871241563297,26.26117094416669,-19.959468904952924,-24.02857066501496,0.3723404255319149,0.0,0.0,72.0,0.75,,,,,
reversal,AMD,6,2026-06…2026-09,WINDOW_CLOSING,slow,9,0.0,5,5,0.4,0.622895622895623,0.6421621621621622,0.0,1.2843243243243243,0.4,0.622895622895623,0.6421621621621622,-7.524388884039058,16.621698228558213,-24.14608711259727,-73.3632303565378,37.2458810756918,-56.74153212797958,53.867579304250015,-56.74153212797958,53.867579304250015,-14.78595514382719,-24.02857066501496,0.3723404255319149,0.0,0.0,72.0,0.75,,,,,
reversal,AMD,6,2026-06…2026-09,WINDOW_CLOSING,slow,9,10.0,5,5,0.4,0.622895622895623,0.6421621621621622,0.0,1.2843243243243243,0.4,0.622895622895623,0.6421621621621622,-7.524388884039058,16.621698228558213,-24.14608711259727,-73.3632303565378,37.2458810756918,-56.74153212797958,53.867579304250015,-56.74153212797958,53.867579304250015,-14.78595514382719,-24.02857066501496,0.3723404255319149,0.0,0.0,72.0,0.75,,,,,
reversal,AMD,6,2026-06…2026-09,WINDOW_CLOSING,slow,9,25.0,5,5,0.4,0.622895622895623,0.6421621621621622,0.0,1.2843243243243243,0.4,0.622895622895623,0.6421621621621622,-7.524388884039058,16.621698228558213,-24.14608711259727,-73.3632303565378,37.2458810756918,-56.74153212797958,53.867579304250015,-56.74153212797958,53.867579304250015,-14.78595514382719,-24.02857066501496,0.3723404255319149,0.0,0.0,72.0,0.75,,,,,
reversal,AMD,6,2026-06…2026-09,WINDOW_CLOSING,slow,9,50.0,5,5,0.4,0.622895622895623,0.6421621621621622,0.0,1.2843243243243243,0.4,0.622895622895623,0.6421621621621622,-7.524388884039058,16.621698228558213,-24.14608711259727,-73.3632303565378,37.2458810756918,-56.74153212797958,53.867579304250015,-56.74153212797958,53.867579304250015,-14.78595514382719,-24.02857066501496,0.3723404255319149,0.0,0.0,72.0,0.75,,,,,
reversal,AMD,6,2026-06…2026-09,WINDOW_CLOSING,slow,45,0.0,5,5,0.8,0.7741935483870968,1.0333333333333334,0.5166666666666667,1.2916666666666667,0.8,0.7741935483870968,1.0333333333333334,61.31620549881389,74.86009836541992,-13.543892866606022,-94.12610115345439,71.89111217259473,-19.266002788034477,146.75121053801465,-19.266002788034477,146.75121053801465,-0.910095986058176,-24.02857066501496,0.3723404255319149,0.0,0.0,72.0,0.75,,,,,
reversal,AMD,6,2026-06…2026-09,WINDOW_CLOSING,slow,45,10.0,5,5,0.8,0.7741935483870968,1.0333333333333334,0.5166666666666667,1.2916666666666667,0.8,0.7741935483870968,1.0333333333333334,61.31620549881389,74.86009836541992,-13.543892866606022,-94.12610115345439,71.89111217259473,-19.266002788034477,146.75121053801465,-19.266002788034477,146.75121053801465,-0.910095986058176,-24.02857066501496,0.3723404255319149,0.0,0.0,72.0,0.75,,,,,
reversal,AMD,6,2026-06…2026-09,WINDOW_CLOSING,slow,45,25.0,5,5,0.8,0.7741935483870968,1.0333333333333334,0.5166666666666667,1.2916666666666667,0.8,0.7741935483870968,1.0333333333333334,61.31620549881389,74.86009836541992,-13.543892866606022,-94.12610115345439,71.89111217259473,-19.266002788034477,146.75121053801465,-19.266002788034477,146.75121053801465,-0.910095986058176,-24.02857066501496,0.3723404255319149,0.0,0.0,72.0,0.75,,,,,
reversal,AMD,6,2026-06…2026-09,WINDOW_CLOSING,slow,45,50.0,5,5,0.8,0.7741935483870968,1.0333333333333334,0.5166666666666667,1.2916666666666667,0.8,0.7741935483870968,1.0333333333333334,61.31620549881389,74.86009836541992,-13.543892866606022,-94.12610115345439,71.89111217259473,-19.266002788034477,146.75121053801465,-19.266002788034477,146.75121053801465,-0.910095986058176,-24.02857066501496,0.3723404255319149,0.0,0.0,72.0,0.75,,,,,
reversal,AMD,6,2026-06…2026-09,WINDOW_CLOSING,slow,180,0.0,5,5,1.0,1.0,1.0,1.0,1.0,1.0,1.0,1.0,339.8551802363055,313.9988389433335,25.85634129297199,-62.08701558071388,85.48960726326379,251.91182336261963,399.4884462065973,251.91182336261963,399.4884462065973,123.27838876861662,-24.02857066501496,0.3723404255319149,0.0,0.0,72.0,0.75,,,,,
reversal,AMD,6,2026-06…2026-09,WINDOW_CLOSING,slow,180,10.0,5,5,1.0,1.0,1.0,1.0,1.0,1.0,1.0,1.0,339.8551802363055,313.9988389433335,25.85634129297199,-62.08701558071388,85.48960726326379,251.91182336261963,399.4884462065973,251.91182336261963,399.4884462065973,123.27838876861662,-24.02857066501496,0.3723404255319149,0.0,0.0,72.0,0.75,,,,,
reversal,AMD,6,2026-06…2026-09,WINDOW_CLOSING,slow,180,25.0,5,5,1.0,1.0,1.0,1.0,1.0,1.0,1.0,1.0,339.8551802363055,313.9988389433335,25.85634129297199,-62.08701558071388,85.48960726326379,251.91182336261963,399.4884462065973,251.91182336261963,399.4884462065973,123.27838876861662,-24.02857066501496,0.3723404255319149,0.0,0.0,72.0,0.75,1.0,1.0,5.0,1.0,25.85634129297199
reversal,AMD,6,2026-06…2026-09,WINDOW_CLOSING,slow,180,50.0,5,5,1.0,1.0,1.0,1.0,1.0,1.0,1.0,1.0,339.8551802363055,313.9988389433335,25.85634129297199,-62.08701558071388,85.48960726326379,251.91182336261963,399.4884462065973,251.91182336261963,399.4884462065973,123.27838876861662,-24.02857066501496,0.3723404255319149,0.0,0.0,72.0,0.75,,,,,
dip_vs_trend,AMD,6,2026-06…2026-09,BUY_NOW,medium,1,0.0,1,1,1.0,0.5897009966777409,1.695774647887324,,,1.0,0.5897009966777409,1.695774647887324,94.69696969697017,3.281676481145613,91.41529321582456,,,,,,,95.32828282828198,0.0,0.07446808510638298,0.0,,92.0,0.75,,,,,
dip_vs_trend,AMD,6,2026-06…2026-09,BUY_NOW,medium,1,10.0,1,1,1.0,0.6810631229235881,1.4682926829268292,,,1.0,0.6810631229235881,1.4682926829268292,94.69696969697017,3.281676481145613,91.41529321582456,,,,,,,95.32828282828198,0.0,0.07446808510638298,0.0,,92.0,0.75,,,,,
dip_vs_trend,AMD,6,2026-06…2026-09,BUY_NOW,medium,1,25.0,1,1,1.0,0.739202657807309,1.3528089887640449,,,1.0,0.739202657807309,1.3528089887640449,94.69696969697017,3.281676481145613,91.41529321582456,,,,,,,95.32828282828198,0.0,0.07446808510638298,0.0,,92.0,0.75,,,,,
dip_vs_trend,AMD,6,2026-06…2026-09,BUY_NOW,medium,1,50.0,1,1,1.0,0.8421926910299004,1.1873767258382644,,,1.0,0.8421926910299004,1.1873767258382644,94.69696969697017,3.281676481145613,91.41529321582456,,,,,,,95.32828282828198,0.0,0.07446808510638298,0.0,,92.0,0.75,,,,,
dip_vs_trend,AMD,6,2026-06…2026-09,BUY_NOW,medium,4,0.0,1,1,1.0,0.31719532554257096,3.1526315789473682,,,1.0,0.5626043405676127,1.7774480712166174,74.1792929292906,8.29055179021205,65.88874113907855,,,,,,,70.54924242424043,0.0,0.07446808510638298,0.0,,92.0,0.75,,,,,
dip_vs_trend,AMD,6,2026-06…2026-09,BUY_NOW,medium,4,10.0,1,1,1.0,0.39565943238731216,2.5274261603375527,,,1.0,0.6393989983305509,1.5639686684073106,74.1792929292906,8.29055179021205,65.88874113907855,,,,,,,70.54924242424043,0.0,0.07446808510638298,0.0,,92.0,0.75,,,,,
dip_vs_trend,AMD,6,2026-06…2026-09,BUY_NOW,medium,4,25.0,1,1,1.0,0.48414023372287146,2.06551724137931,,,1.0,0.7378964941569283,1.355203619909502,74.1792929292906,8.29055179021205,65.88874113907855,,,,,,,70.54924242424043,0.0,0.07446808510638298,0.0,,92.0,0.75,,,,,
dip_vs_trend,AMD,6,2026-06…2026-09,BUY_NOW,medium,4,50.0,1,1,1.0,0.6310517529215359,1.5846560846560847,,,1.0,0.8714524207011686,1.1475095785440614,74.1792929292906,8.29055179021205,65.88874113907855,,,,,,,70.54924242424043,0.0,0.07446808510638298,0.0,,92.0,0.75,,,,,
dip_vs_trend,AMD,6,2026-06…2026-09,BUY_NOW,medium,9,0.0,1,1,1.0,0.21548821548821548,4.640625,,,1.0,0.6127946127946128,1.6318681318681318,59.76430976430969,16.621698228558213,43.14261153575147,,,,,,,58.922558922556156,0.0,0.07446808510638298,0.0,,92.0,0.75,,,,,
dip_vs_trend,AMD,6,2026-06…2026-09,BUY_NOW,medium,9,10.0,1,1,1.0,0.28114478114478114,3.55688622754491,,,1.0,0.6902356902356902,1.4487804878048782,59.76430976430969,16.621698228558213,43.14261153575147,,,,,,,58.922558922556156,0.0,0.07446808510638298,0.0,,92.0,0.75,,,,,
dip_vs_trend,AMD,6,2026-06…2026-09,BUY_NOW,medium,9,25.0,1,1,1.0,0.3552188552188552,2.815165876777251,,,1.0,0.7794612794612794,1.2829373650107991,59.76430976430969,16.621698228558213,43.14261153575147,,,,,,,58.922558922556156,0.0,0.07446808510638298,0.0,,92.0,0.75,,,,,
dip_vs_trend,AMD,6,2026-06…2026-09,BUY_NOW,medium,9,50.0,1,1,1.0,0.5185185185185185,1.9285714285714286,,,1.0,0.8804713804713805,1.135755258126195,59.76430976430969,16.621698228558213,43.14261153575147,,,,,,,58.922558922556156,0.0,0.07446808510638298,0.0,,92.0,0.75,,,,,
dip_vs_trend,AMD,6,2026-06…2026-09,BUY_NOW,medium,45,0.0,1,1,1.0,0.12903225806451613,7.75,,,1.0,0.7293906810035843,1.371007371007371,197.22222222221976,74.86009836541992,122.36212385679984,,,,,,,119.1217732884331,0.0,0.07446808510638298,0.0,,92.0,0.75,,,,,
dip_vs_trend,AMD,6,2026-06…2026-09,BUY_NOW,medium,45,10.0,1,1,1.0,0.17562724014336917,5.6938775510204085,,,1.0,0.7598566308243727,1.3160377358490567,197.22222222221976,74.86009836541992,122.36212385679984,,,,,,,119.1217732884331,0.0,0.07446808510638298,0.0,,92.0,0.75,,,,,
dip_vs_trend,AMD,6,2026-06…2026-09,BUY_NOW,medium,45,25.0,1,1,1.0,0.24014336917562723,4.164179104477612,,,1.0,0.8172043010752689,1.2236842105263157,197.22222222221976,74.86009836541992,122.36212385679984,,,,,,,119.1217732884331,0.0,0.07446808510638298,0.0,,92.0,0.75,,,,,
dip_vs_trend,AMD,6,2026-06…2026-09,BUY_NOW,medium,45,50.0,1,1,1.0,0.3709677419354839,2.6956521739130435,,,1.0,0.8835125448028673,1.13184584178499,197.22222222221976,74.86009836541992,122.36212385679984,,,,,,,119.1217732884331,0.0,0.07446808510638298,0.0,,92.0,0.75,,,,,
dip_vs_trend,AMD,6,2026-06…2026-09,BUY_NOW,medium,180,0.0,1,1,1.0,0.1276595744680851,7.833333333333334,,,1.0,0.9905437352245863,1.009546539379475,367.0524691357957,313.9988389433335,53.05363019246221,,,,,,,274.3546576879874,0.0,0.07446808510638298,0.0,,92.0,0.75,,,,,
dip_vs_trend,AMD,6,2026-06…2026-09,BUY_NOW,medium,180,10.0,1,1,1.0,0.16548463356973994,6.042857142857144,,,1.0,0.9929078014184397,1.0071428571428571,367.0524691357957,313.9988389433335,53.05363019246221,,,,,,,274.3546576879874,0.0,0.07446808510638298,0.0,,92.0,0.75,,,,,
dip_vs_trend,AMD,6,2026-06…2026-09,BUY_NOW,medium,180,25.0,1,1,1.0,0.23404255319148937,4.2727272727272725,,,1.0,0.9929078014184397,1.0071428571428571,367.0524691357957,313.9988389433335,53.05363019246221,,,,,,,274.3546576879874,0.0,0.07446808510638298,0.0,,92.0,0.75,1.0,0.9929078014184397,1.0,1.0071428571428571,53.05363019246221
dip_vs_trend,AMD,6,2026-06…2026-09,BUY_NOW,medium,180,50.0,1,1,1.0,0.37115839243498816,2.694267515923567,,,1.0,1.0,1.0,367.0524691357957,313.9988389433335,53.05363019246221,,,,,,,274.3546576879874,0.0,0.07446808510638298,0.0,,92.0,0.75,,,,,
momentum,CNY,0,2021-01…2021-06,BUY_NOW,fast,1,0.0,67,67,0.5970149253731343,0.498989898989899,1.1964469152214634,0.9571575321771708,1.4357362982657562,0.5970149253731343,0.498989898989899,1.1964469152214634,3.2852233753016744,-0.02276503010658199,3.3079884054082562,-1.9087757328571162,8.413938187137227,-1.9315407629636983,8.391173157030645,0.13331544338046325,6.318098565193034,7.296502440351748,4.175421241728424,2.591160220994475,0.0,0.419303858492013,6.0,0.0,,,,,
momentum,CNY,0,2021-01…2021-06,BUY_NOW,fast,1,10.0,67,67,0.746268656716418,0.7934343434343434,0.9405550224688145,0.8088773193231804,1.0722327256144486,0.746268656716418,0.7934343434343434,0.9405550224688145,3.2852233753016744,-0.02276503010658199,3.3079884054082562,-1.9087757328571162,8.413938187137227,-1.9315407629636983,8.391173157030645,0.13331544338046325,6.318098565193034,7.296502440351748,4.175421241728424,2.591160220994475,0.0,0.419303858492013,6.0,0.0,,,,,
momentum,CNY,0,2021-01…2021-06,BUY_NOW,fast,1,25.0,67,67,0.9402985074626866,0.9494949494949495,0.9903143855192125,0.9274372816767228,1.0374722134010796,0.9402985074626866,0.9494949494949495,0.9903143855192125,3.2852233753016744,-0.02276503010658199,3.3079884054082562,-1.9087757328571162,8.413938187137227,-1.9315407629636983,8.391173157030645,0.13331544338046325,6.318098565193034,7.296502440351748,4.175421241728424,2.591160220994475,0.0,0.419303858492013,6.0,0.0,,,,,
momentum,CNY,0,2021-01…2021-06,BUY_NOW,fast,1,50.0,67,67,0.9850746268656716,0.9919191919191919,0.9930996747423777,0.9630057452047299,1.0081466395112018,0.9850746268656716,0.9919191919191919,0.9930996747423777,3.2852233753016744,-0.02276503010658199,3.3079884054082562,-1.9087757328571162,8.413938187137227,-1.9315407629636983,8.391173157030645,0.13331544338046325,6.318098565193034,7.296502440351748,4.175421241728424,2.591160220994475,0.0,0.419303858492013,6.0,0.0,,,,,
momentum,CNY,0,2021-01…2021-06,BUY_NOW,fast,4,0.0,67,67,0.3283582089552239,0.24292929292929294,1.3516616501691128,0.86014832283489,1.7817358115865576,0.6119402985074627,0.48282828282828283,1.2674077312183851,4.1107326564569675,-0.0719672030905931,4.182699859547561,-0.7100545191763432,8.948477897815396,-0.7820217222669363,8.876510694724804,0.47159203827285223,7.790003096088635,13.73303794740111,4.175421241728424,2.591160220994475,0.0,0.419303858492013,6.0,0.0,,,,,
momentum,CNY,0,2021-01…2021-06,BUY_NOW,fast,4,10.0,67,67,0.6119402985074627,0.5080808080808081,1.2044152992492803,0.969407435981128,1.4100471796089133,0.7910447761194029,0.7404040404040404,1.0683960823440777,4.1107326564569675,-0.0719672030905931,4.182699859547561,-0.7100545191763432,8.948477897815396,-0.7820217222669363,8.876510694724804,0.47159203827285223,7.790003096088635,13.73303794740111,4.175421241728424,2.591160220994475,0.0,0.419303858492013,6.0,0.0,,,,,
momentum,CNY,0,2021-01…2021-06,BUY_NOW,fast,4,25.0,67,67,0.8208955223880597,0.7767676767676768,1.056809580187489,0.9415212623488539,1.1720978980261243,0.9552238805970149,0.9207070707070707,1.0374894589040535,4.1107326564569675,-0.0719672030905931,4.182699859547561,-0.7100545191763432,8.948477897815396,-0.7820217222669363,8.876510694724804,0.47159203827285223,7.790003096088635,13.73303794740111,4.175421241728424,2.591160220994475,0.0,0.419303858492013,6.0,0.0,,,,,
momentum,CNY,0,2021-01…2021-06,BUY_NOW,fast,4,50.0,67,67,0.9701492537313433,0.947979797979798,1.0233860002067445,0.9761528001972025,1.0548748002131059,0.9850746268656716,0.9833333333333333,1.001770806982039,4.1107326564569675,-0.0719672030905931,4.182699859547561,-0.7100545191763432,8.948477897815396,-0.7820217222669363,8.876510694724804,0.47159203827285223,7.790003096088635,13.73303794740111,4.175421241728424,2.591160220994475,0.0,0.419303858492013,6.0,0.0,,,,,
momentum,CNY,0,2021-01…2021-06,BUY_NOW,fast,9,0.0,67,67,0.2835820895522388,0.151010101010101,1.8779014625867319,1.1860430290021464,2.5697598961713175,0.6268656716417911,0.4772727272727273,1.3134328358208955,5.811230169889411,-0.14428895879206807,5.9555191286814795,-1.1229620207800037,12.500852270851684,-1.267250979572072,12.356563312059617,1.1366135429483935,10.5648544799402,13.95109487948986,4.175421241728424,2.591160220994475,0.0,0.419303858492013,6.0,0.0,,,,,
momentum,CNY,0,2021-01…2021-06,BUY_NOW,fast,9,10.0,67,67,0.4626865671641791,0.33484848484848484,1.381778888363612,1.0251907881407443,1.7383669885864794,0.7313432835820896,0.6691919191919192,1.092875246409462,5.811230169889411,-0.14428895879206807,5.9555191286814795,-1.1229620207800037,12.500852270851684,-1.267250979572072,12.356563312059617,1.1366135429483935,10.5648544799402,13.95109487948986,4.175421241728424,2.591160220994475,0.0,0.419303858492013,6.0,0.0,,,,,
momentum,CNY,0,2021-01…2021-06,BUY_NOW,fast,9,25.0,67,67,0.6716417910447762,0.5974747474747475,1.1241341895762103,0.9242881114293284,1.2989995079547318,0.8805970149253731,0.853030303030303,1.0323162164311657,5.811230169889411,-0.14428895879206807,5.9555191286814795,-1.1229620207800037,12.500852270851684,-1.267250979572072,12.356563312059617,1.1366135429483935,10.5648544799402,13.95109487948986,4.175421241728424,2.591160220994475,0.0,0.419303858492013,6.0,0.0,,,,,
momentum,CNY,0,2021-01…2021-06,BUY_NOW,fast,9,50.0,67,67,0.8656716417910447,0.8545454545454545,1.0130200063512227,0.9082248332804066,1.1003493172435694,0.9850746268656716,0.9646464646464646,1.0211768383214817,5.811230169889411,-0.14428895879206807,5.9555191286814795,-1.1229620207800037,12.500852270851684,-1.267250979572072,12.356563312059617,1.1366135429483935,10.5648544799402,13.95109487948986,4.175421241728424,2.591160220994475,0.0,0.419303858492013,6.0,0.0,,,,,
momentum,CNY,0,2021-01…2021-06,BUY_NOW,fast,45,0.0,67,67,0.13432835820895522,0.06717171717171717,1.9997755582987318,0.8887891370216586,3.3329592638312198,0.4925373134328358,0.43383838383838386,1.135301374385349,5.802641726728995,-1.479378494585541,7.282020221314536,-7.095565828620996,21.981214786281278,-8.574944323206537,20.50183629169574,-3.881115780357226,16.850196887802237,9.67244758128723,4.175421241728424,2.591160220994475,0.0,0.419303858492013,6.0,0.0,,,,,
momentum,CNY,0,2021-01…2021-06,BUY_NOW,fast,45,10.0,67,67,0.208955223880597,0.14646464646464646,1.4266598044261452,0.8152341739577972,2.1399897066392177,0.5970149253731343,0.5257575757575758,1.1355327110843476,5.802641726728995,-1.479378494585541,7.282020221314536,-7.095565828620996,21.981214786281278,-8.574944323206537,20.50183629169574,-3.881115780357226,16.850196887802237,9.67244758128723,4.175421241728424,2.591160220994475,0.0,0.419303858492013,6.0,0.0,,,,,
momentum,CNY,0,2021-01…2021-06,BUY_NOW,fast,45,25.0,67,67,0.31343283582089554,0.26262626262626265,1.1934557979334097,0.7956371986222731,1.592695177956364,0.746268656716418,0.6727272727272727,1.109318273497378,5.802641726728995,-1.479378494585541,7.282020221314536,-7.095565828620996,21.981214786281278,-8.574944323206537,20.50183629169574,-3.881115780357226,16.850196887802237,9.67244758128723,4.175421241728424,2.591160220994475,0.0,0.419303858492013,6.0,0.0,,,,,
momentum,CNY,0,2021-01…2021-06,BUY_NOW,fast,45,50.0,67,67,0.4925373134328358,0.4797979797979798,1.0265514532600157,0.7776904948939514,1.27541241162608,0.8656716417910447,0.841919191919192,1.0282122679941623,5.802641726728995,-1.479378494585541,7.282020221314536,-7.095565828620996,21.981214786281278,-8.574944323206537,20.50183629169574,-3.881115780357226,16.850196887802237,9.67244758128723,4.175421241728424,2.591160220994475,0.0,0.419303858492013,6.0,0.0,,,,,
momentum,CNY,0,2021-01…2021-06,BUY_NOW,fast,180,0.0,67,67,0.04477611940298507,0.023737373737373738,1.8863131152746901,0.0,4.401397268974278,0.47761194029850745,0.4070707070707071,1.173289878152661,11.053013721990878,-2.013485293711973,13.06649901570285,-10.425500284069887,37.42525168812819,-12.43898557778186,35.41176639441622,-25.02354973152101,45.87991378991546,16.627365067048753,4.175421241728424,2.591160220994475,0.0,0.419303858492013,6.0,0.0,,,,,
momentum,CNY,0,2021-01…2021-06,BUY_NOW,fast,180,10.0,67,67,0.1044776119402985,0.05353535353535353,1.9515629400168966,0.557589411433399,3.345536468600394,0.5223880597014925,0.46565656565656566,1.1218311911160035,11.053013721990878,-2.013485293711973,13.06649901570285,-10.425500284069887,37.42525168812819,-12.43898557778186,35.41176639441622,-25.02354973152101,45.87991378991546,16.627365067048753,4.175421241728424,2.591160220994475,0.0,0.419303858492013,6.0,0.0,,,,,
momentum,CNY,0,2021-01…2021-06,BUY_NOW,fast,180,25.0,67,67,0.14925373134328357,0.10151515151515152,1.4702606371129425,0.7351303185564713,2.352417019380708,0.6268656716417911,0.5575757575757576,1.1242699545749513,11.053013721990878,-2.013485293711973,13.06649901570285,-10.425500284069887,37.42525168812819,-12.43898557778186,35.41176639441622,-25.02354973152101,45.87991378991546,16.627365067048753,4.175421241728424,2.591160220994475,0.0,0.419303858492013,6.0,0.0,0.5833333333333334,0.5338888888888889,60.0,1.0926118626430803,10.78711455641318
momentum,CNY,0,2021-01…2021-06,BUY_NOW,fast,180,50.0,67,67,0.2537313432835821,0.20707070707070707,1.2253367309792502,0.7910629777939571,1.7298871496177648,0.7611940298507462,0.695959595959596,1.0937330762732058,11.053013721990878,-2.013485293711973,13.06649901570285,-10.425500284069887,37.42525168812819,-12.43898557778186,35.41176639441622,-25.02354973152101,45.87991378991546,16.627365067048753,4.175421241728424,2.591160220994475,0.0,0.419303858492013,6.0,0.0,,,,,
level,CNY,0,2021-01…2021-06,BUY_NOW,medium,1,0.0,24,24,0.4166666666666667,0.498989898989899,0.8350202429149798,0.4175101214574899,1.2525303643724697,0.4166666666666667,0.498989898989899,0.8350202429149798,2.58923110092522,-0.02276503010658199,2.611996131031802,-2.2568647501785724,7.9368965394066455,-2.279629780285154,7.914131509300064,-0.625462031997024,10.9731624913868,2.9559260793656414,-1.9646836940449368,0.9281767955801105,0.0,1.9590059697128637,63.0,0.16666666666666666,,,,,
level,CNY,0,2021-01…2021-06,BUY_NOW,medium,1,10.0,24,24,0.875,0.7934343434343434,1.102800763844685,0.9452577975811586,1.2603437301082114,0.875,0.7934343434343434,1.102800763844685,2.58923110092522,-0.02276503010658199,2.611996131031802,-2.2568647501785724,7.9368965394066455,-2.279629780285154,7.914131509300064,-0.625462031997024,10.9731624913868,2.9559260793656414,-1.9646836940449368,0.9281767955801105,0.0,1.9590059697128637,63.0,0.16666666666666666,,,,,
level,CNY,0,2021-01…2021-06,BUY_NOW,medium,1,25.0,24,24,1.0,0.9494949494949495,1.053191489361702,1.053191489361702,1.053191489361702,1.0,0.9494949494949495,1.053191489361702,2.58923110092522,-0.02276503010658199,2.611996131031802,-2.2568647501785724,7.9368965394066455,-2.279629780285154,7.914131509300064,-0.625462031997024,10.9731624913868,2.9559260793656414,-1.9646836940449368,0.9281767955801105,0.0,1.9590059697128637,63.0,0.16666666666666666,,,,,
level,CNY,0,2021-01…2021-06,BUY_NOW,medium,1,50.0,24,24,1.0,0.9919191919191919,1.0081466395112018,1.0081466395112018,1.0081466395112018,1.0,0.9919191919191919,1.0081466395112018,2.58923110092522,-0.02276503010658199,2.611996131031802,-2.2568647501785724,7.9368965394066455,-2.279629780285154,7.914131509300064,-0.625462031997024,10.9731624913868,2.9559260793656414,-1.9646836940449368,0.9281767955801105,0.0,1.9590059697128637,63.0,0.16666666666666666,,,,,
level,CNY,0,2021-01…2021-06,BUY_NOW,medium,4,0.0,24,24,0.20833333333333334,0.24292929292929294,0.8575883575883576,0.343035343035343,1.5436590436590436,0.4583333333333333,0.48282828282828283,0.9492677824267782,2.479173787245381,-0.0719672030905931,2.5511409903359743,-2.7234777066909994,8.34833314222859,-2.7954449097815925,8.276365939137998,-1.7230051309300018,12.743481410430467,4.6647548514683335,-1.9646836940449368,0.9281767955801105,0.0,1.9590059697128637,63.0,0.16666666666666666,,,,,
level,CNY,0,2021-01…2021-06,BUY_NOW,medium,4,10.0,24,24,0.4583333333333333,0.5080808080808081,0.9020874751491053,0.4920477137176938,1.3121272365805168,0.8333333333333334,0.7404040404040404,1.125511596180082,2.479173787245381,-0.0719672030905931,2.5511409903359743,-2.7234777066909994,8.34833314222859,-2.7954449097815925,8.276365939137998,-1.7230051309300018,12.743481410430467,4.6647548514683335,-1.9646836940449368,0.9281767955801105,0.0,1.9590059697128637,63.0,0.16666666666666666,,,,,
level,CNY,0,2021-01…2021-06,BUY_NOW,medium,4,25.0,24,24,0.9166666666666666,0.7767676767676768,1.1801040312093627,1.0191807542262679,1.2873862158647593,1.0,0.9207070707070707,1.086121777290181,2.479173787245381,-0.0719672030905931,2.5511409903359743,-2.7234777066909994,8.34833314222859,-2.7954449097815925,8.276365939137998,-1.7230051309300018,12.743481410430467,4.6647548514683335,-1.9646836940449368,0.9281767955801105,0.0,1.9590059697128637,63.0,0.16666666666666666,,,,,
level,CNY,0,2021-01…2021-06,BUY_NOW,medium,4,50.0,24,24,1.0,0.947979797979798,1.0548748002131059,1.0548748002131059,1.0548748002131059,1.0,0.9833333333333333,1.0169491525423728,2.479173787245381,-0.0719672030905931,2.5511409903359743,-2.7234777066909994,8.34833314222859,-2.7954449097815925,8.276365939137998,-1.7230051309300018,12.743481410430467,4.6647548514683335,-1.9646836940449368,0.9281767955801105,0.0,1.9590059697128637,63.0,0.16666666666666666,,,,,
level,CNY,0,2021-01…2021-06,BUY_NOW,medium,9,0.0,24,24,0.16666666666666666,0.151010101010101,1.1036789297658862,0.27591973244147155,2.2073578595317724,0.4166666666666667,0.4772727272727273,0.873015873015873,0.7637173649826602,-0.14428895879206807,0.9080063237747282,-7.1533566460035924,9.531693359762642,-7.297645604795661,9.387404400970574,-5.3841031852315515,14.384853356224268,3.909252149407321,-1.9646836940449368,0.9281767955801105,0.0,1.9590059697128637,63.0,0.16666666666666666,,,,,
level,CNY,0,2021-01…2021-06,BUY_NOW,medium,9,10.0,24,24,0.2916666666666667,0.33484848484848484,0.8710407239819006,0.3733031674208145,1.493212669683258,0.7083333333333334,0.6691919191919192,1.058490566037736,0.7637173649826602,-0.14428895879206807,0.9080063237747282,-7.1533566460035924,9.531693359762642,-7.297645604795661,9.387404400970574,-5.3841031852315515,14.384853356224268,3.909252149407321,-1.9646836940449368,0.9281767955801105,0.0,1.9590059697128637,63.0,0.16666666666666666,,,,,
level,CNY,0,2021-01…2021-06,BUY_NOW,medium,9,25.0,24,24,0.7083333333333334,0.5974747474747475,1.1855452240067625,0.9065934065934065,1.4644970414201184,0.9166666666666666,0.853030303030303,1.074600355239787,0.7637173649826602,-0.14428895879206807,0.9080063237747282,-7.1533566460035924,9.531693359762642,-7.297645604795661,9.387404400970574,-5.3841031852315515,14.384853356224268,3.909252149407321,-1.9646836940449368,0.9281767955801105,0.0,1.9590059697128637,63.0,0.16666666666666666,,,,,
level,CNY,0,2021-01…2021-06,BUY_NOW,medium,9,50.0,24,24,0.9166666666666666,0.8545454545454545,1.072695035460993,0.9264184397163121,1.1702127659574468,1.0,0.9646464646464646,1.036649214659686,0.7637173649826602,-0.14428895879206807,0.9080063237747282,-7.1533566460035924,9.531693359762642,-7.297645604795661,9.387404400970574,-5.3841031852315515,14.384853356224268,3.909252149407321,-1.9646836940449368,0.9281767955801105,0.0,1.9590059697128637,63.0,0.16666666666666666,,,,,
level,CNY,0,2021-01…2021-06,BUY_NOW,medium,45,0.0,24,24,0.08333333333333333,0.06717171717171717,1.2406015037593985,0.0,3.101503759398496,0.4583333333333333,0.43383838383838386,1.0564610011641442,-0.7179627709931928,-1.479378494585541,0.7614157235923482,-15.82328687242414,16.362061892289944,-17.30266536700968,14.882683397704401,-12.690409262958967,26.744900723442043,10.926516301466338,-1.9646836940449368,0.9281767955801105,0.0,1.9590059697128637,63.0,0.16666666666666666,,,,,
level,CNY,0,2021-01…2021-06,BUY_NOW,medium,45,10.0,24,24,0.20833333333333334,0.14646464646464646,1.4224137931034484,0.2844827586206896,2.560344827586207,0.5416666666666666,0.5257575757575758,1.0302593659942363,-0.7179627709931928,-1.479378494585541,0.7614157235923482,-15.82328687242414,16.362061892289944,-17.30266536700968,14.882683397704401,-12.690409262958967,26.744900723442043,10.926516301466338,-1.9646836940449368,0.9281767955801105,0.0,1.9590059697128637,63.0,0.16666666666666666,,,,,
level,CNY,0,2021-01…2021-06,BUY_NOW,medium,45,25.0,24,24,0.2916666666666667,0.26262626262626265,1.1105769230769231,0.47596153846153844,1.9038461538461537,0.625,0.6727272727272727,0.9290540540540541,-0.7179627709931928,-1.479378494585541,0.7614157235923482,-15.82328687242414,16.362061892289944,-17.30266536700968,14.882683397704401,-12.690409262958967,26.744900723442043,10.926516301466338,-1.9646836940449368,0.9281767955801105,0.0,1.9590059697128637,63.0,0.16666666666666666,,,,,
level,CNY,0,2021-01…2021-06,BUY_NOW,medium,45,50.0,24,24,0.5416666666666666,0.4797979797979798,1.1289473684210527,0.6947368421052631,1.563157894736842,0.875,0.841919191919192,1.0392921415716856,-0.7179627709931928,-1.479378494585541,0.7614157235923482,-15.82328687242414,16.362061892289944,-17.30266536700968,14.882683397704401,-12.690409262958967,26.744900723442043,10.926516301466338,-1.9646836940449368,0.9281767955801105,0.0,1.9590059697128637,63.0,0.16666666666666666,,,,,
level,CNY,0,2021-01…2021-06,BUY_NOW,medium,180,0.0,24,24,0.041666666666666664,0.023737373737373738,1.7553191489361701,0.0,5.26595744680851,0.5833333333333334,0.4070707070707071,1.4330024813895783,40.84130452088497,-2.013485293711973,42.85478981459694,0.29760316005299337,86.69026523142324,-1.7158821336589798,84.67677993771126,-7.796710562580824,121.00457061358217,53.03160674434366,-1.9646836940449368,0.9281767955801105,0.0,1.9590059697128637,63.0,0.16666666666666666,,,,,
level,CNY,0,2021-01…2021-06,BUY_NOW,medium,180,10.0,24,24,0.08333333333333333,0.05353535353535353,1.5566037735849056,0.0,3.8915094339622645,0.5833333333333334,0.46565656565656566,1.252711496746204,40.84130452088497,-2.013485293711973,42.85478981459694,0.29760316005299337,86.69026523142324,-1.7158821336589798,84.67677993771126,-7.796710562580824,121.00457061358217,53.03160674434366,-1.9646836940449368,0.9281767955801105,0.0,1.9590059697128637,63.0,0.16666666666666666,,,,,
level,CNY,0,2021-01…2021-06,BUY_NOW,medium,180,25.0,24,24,0.20833333333333334,0.10151515151515152,2.0522388059701493,0.4104477611940298,3.6940298507462686,0.6666666666666666,0.5575757575757576,1.1956521739130432,40.84130452088497,-2.013485293711973,42.85478981459694,0.29760316005299337,86.69026523142324,-1.7158821336589798,84.67677993771126,-7.796710562580824,121.00457061358217,53.03160674434366,-1.9646836940449368,0.9281767955801105,0.0,1.9590059697128637,63.0,0.16666666666666666,0.631578947368421,0.5338888888888889,19.0,1.182978257297771,46.815225312149664
level,CNY,0,2021-01…2021-06,BUY_NOW,medium,180,50.0,24,24,0.3333333333333333,0.20707070707070707,1.6097560975609755,0.8048780487804877,2.4146341463414633,0.8333333333333334,0.695959595959596,1.197387518142235,40.84130452088497,-2.013485293711973,42.85478981459694,0.29760316005299337,86.69026523142324,-1.7158821336589798,84.67677993771126,-7.796710562580824,121.00457061358217,53.03160674434366,-1.9646836940449368,0.9281767955801105,0.0,1.9590059697128637,63.0,0.16666666666666666,,,,,
reversal,CNY,0,2021-01…2021-06,WINDOW_CLOSING,slow,1,0.0,6,6,0.5,0.498989898989899,1.0020242914979758,0.3340080971659919,1.6700404858299596,0.5,0.498989898989899,1.0020242914979758,-0.9794115987025549,-0.02276503010658199,-0.9566465685959729,-10.265031063641498,7.909141594953946,-10.28779609374808,7.886376564847364,-2.9461579959442203,8.854320387505776,-5.519994324062101,-1.0221320701240633,0.23204419889502761,0.0,1.6382670775042414,86.0,0.6666666666666666,,,,,
reversal,CNY,0,2021-01…2021-06,WINDOW_CLOSING,slow,1,10.0,6,6,0.5,0.498989898989899,1.0020242914979758,0.3340080971659919,1.6700404858299596,0.5,0.498989898989899,1.0020242914979758,-0.9794115987025549,-0.02276503010658199,-0.9566465685959729,-10.265031063641498,7.909141594953946,-10.28779609374808,7.886376564847364,-2.9461579959442203,8.854320387505776,-5.519994324062101,-1.0221320701240633,0.23204419889502761,0.0,1.6382670775042414,86.0,0.6666666666666666,,,,,
reversal,CNY,0,2021-01…2021-06,WINDOW_CLOSING,slow,1,25.0,6,6,0.5,0.498989898989899,1.0020242914979758,0.3340080971659919,1.6700404858299596,0.5,0.498989898989899,1.0020242914979758,-0.9794115987025549,-0.02276503010658199,-0.9566465685959729,-10.265031063641498,7.909141594953946,-10.28779609374808,7.886376564847364,-2.9461579959442203,8.854320387505776,-5.519994324062101,-1.0221320701240633,0.23204419889502761,0.0,1.6382670775042414,86.0,0.6666666666666666,,,,,
reversal,CNY,0,2021-01…2021-06,WINDOW_CLOSING,slow,1,50.0,6,6,0.5,0.498989898989899,1.0020242914979758,0.3340080971659919,1.6700404858299596,0.5,0.498989898989899,1.0020242914979758,-0.9794115987025549,-0.02276503010658199,-0.9566465685959729,-10.265031063641498,7.909141594953946,-10.28779609374808,7.886376564847364,-2.9461579959442203,8.854320387505776,-5.519994324062101,-1.0221320701240633,0.23204419889502761,0.0,1.6382670775042414,86.0,0.6666666666666666,,,,,
reversal,CNY,0,2021-01…2021-06,WINDOW_CLOSING,slow,4,0.0,6,6,0.16666666666666666,0.49343434343434345,0.33776867963152507,0.0,1.0133060388945752,0.16666666666666666,0.49343434343434345,0.33776867963152507,-8.658493999255668,-0.0719672030905931,-8.586526796165076,-18.37800803106803,3.8155349221942987,-18.449975234158625,3.7435677191037056,-16.015903053872016,-7.187012188332398,-8.252181657459335,-1.0221320701240633,0.23204419889502761,0.0,1.6382670775042414,86.0,0.6666666666666666,,,,,
reversal,CNY,0,2021-01…2021-06,WINDOW_CLOSING,slow,4,10.0,6,6,0.16666666666666666,0.49343434343434345,0.33776867963152507,0.0,1.0133060388945752,0.16666666666666666,0.49343434343434345,0.33776867963152507,-8.658493999255668,-0.0719672030905931,-8.586526796165076,-18.37800803106803,3.8155349221942987,-18.449975234158625,3.7435677191037056,-16.015903053872016,-7.187012188332398,-8.252181657459335,-1.0221320701240633,0.23204419889502761,0.0,1.6382670775042414,86.0,0.6666666666666666,,,,,
reversal,CNY,0,2021-01…2021-06,WINDOW_CLOSING,slow,4,25.0,6,6,0.16666666666666666,0.49343434343434345,0.33776867963152507,0.0,1.0133060388945752,0.16666666666666666,0.49343434343434345,0.33776867963152507,-8.658493999255668,-0.0719672030905931,-8.586526796165076,-18.37800803106803,3.8155349221942987,-18.449975234158625,3.7435677191037056,-16.015903053872016,-7.187012188332398,-8.252181657459335,-1.0221320701240633,0.23204419889502761,0.0,1.6382670775042414,86.0,0.6666666666666666,,,,,
reversal,CNY,0,2021-01…2021-06,WINDOW_CLOSING,slow,4,50.0,6,6,0.16666666666666666,0.49343434343434345,0.33776867963152507,0.0,1.0133060388945752,0.16666666666666666,0.49343434343434345,0.33776867963152507,-8.658493999255668,-0.0719672030905931,-8.586526796165076,-18.37800803106803,3.8155349221942987,-18.449975234158625,3.7435677191037056,-16.015903053872016,-7.187012188332398,-8.252181657459335,-1.0221320701240633,0.23204419889502761,0.0,1.6382670775042414,86.0,0.6666666666666666,,,,,
reversal,CNY,0,2021-01…2021-06,WINDOW_CLOSING,slow,9,0.0,6,6,0.5,0.4601010101010101,1.0867178924259056,0.3622392974753018,1.8111964873765094,0.5,0.4601010101010101,1.0867178924259056,-3.0836793939191076,-0.14428895879206807,-2.9393904351270397,-12.068471982793644,12.999103315842483,-12.212760941585712,12.854814357050415,-10.137135868484304,-1.672988099006068,-3.481911683015186,-1.0221320701240633,0.23204419889502761,0.0,1.6382670775042414,86.0,0.6666666666666666,,,,,
reversal,CNY,0,2021-01…2021-06,WINDOW_CLOSING,slow,9,10.0,6,6,0.5,0.4601010101010101,1.0867178924259056,0.3622392974753018,1.8111964873765094,0.5,0.4601010101010101,1.0867178924259056,-3.0836793939191076,-0.14428895879206807,-2.9393904351270397,-12.068471982793644,12.999103315842483,-12.212760941585712,12.854814357050415,-10.137135868484304,-1.672988099006068,-3.481911683015186,-1.0221320701240633,0.23204419889502761,0.0,1.6382670775042414,86.0,0.6666666666666666,,,,,
reversal,CNY,0,2021-01…2021-06,WINDOW_CLOSING,slow,9,25.0,6,6,0.5,0.4601010101010101,1.0867178924259056,0.3622392974753018,1.8111964873765094,0.5,0.4601010101010101,1.0867178924259056,-3.0836793939191076,-0.14428895879206807,-2.9393904351270397,-12.068471982793644,12.999103315842483,-12.212760941585712,12.854814357050415,-10.137135868484304,-1.672988099006068,-3.481911683015186,-1.0221320701240633,0.23204419889502761,0.0,1.6382670775042414,86.0,0.6666666666666666,,,,,
reversal,CNY,0,2021-01…2021-06,WINDOW_CLOSING,slow,9,50.0,6,6,0.5,0.4601010101010101,1.0867178924259056,0.3622392974753018,1.8111964873765094,0.5,0.4601010101010101,1.0867178924259056,-3.0836793939191076,-0.14428895879206807,-2.9393904351270397,-12.068471982793644,12.999103315842483,-12.212760941585712,12.854814357050415,-10.137135868484304,-1.672988099006068,-3.481911683015186,-1.0221320701240633,0.23204419889502761,0.0,1.6382670775042414,86.0,0.6666666666666666,,,,,
reversal,CNY,0,2021-01…2021-06,WINDOW_CLOSING,slow,45,0.0,6,6,0.5,0.43434343434343436,1.1511627906976745,0.3837209302325581,1.9186046511627908,0.5,0.43434343434343436,1.1511627906976745,7.3361851677359695,-1.479378494585541,8.81556366232151,-29.375036604902185,48.34452777267378,-30.854415099487728,46.86514927808824,-0.10761213380350228,44.55517167543333,4.599835613062764,-1.0221320701240633,0.23204419889502761,0.0,1.6382670775042414,86.0,0.6666666666666666,,,,,
reversal,CNY,0,2021-01…2021-06,WINDOW_CLOSING,slow,45,10.0,6,6,0.5,0.43434343434343436,1.1511627906976745,0.3837209302325581,1.9186046511627908,0.5,0.43434343434343436,1.1511627906976745,7.3361851677359695,-1.479378494585541,8.81556366232151,-29.375036604902185,48.34452777267378,-30.854415099487728,46.86514927808824,-0.10761213380350228,44.55517167543333,4.599835613062764,-1.0221320701240633,0.23204419889502761,0.0,1.6382670775042414,86.0,0.6666666666666666,,,,,
reversal,CNY,0,2021-01…2021-06,WINDOW_CLOSING,slow,45,25.0,6,6,0.5,0.43434343434343436,1.1511627906976745,0.3837209302325581,1.9186046511627908,0.5,0.43434343434343436,1.1511627906976745,7.3361851677359695,-1.479378494585541,8.81556366232151,-29.375036604902185,48.34452777267378,-30.854415099487728,46.86514927808824,-0.10761213380350228,44.55517167543333,4.599835613062764,-1.0221320701240633,0.23204419889502761,0.0,1.6382670775042414,86.0,0.6666666666666666,,,,,
reversal,CNY,0,2021-01…2021-06,WINDOW_CLOSING,slow,45,50.0,6,6,0.5,0.43434343434343436,1.1511627906976745,0.3837209302325581,1.9186046511627908,0.5,0.43434343434343436,1.1511627906976745,7.3361851677359695,-1.479378494585541,8.81556366232151,-29.375036604902185,48.34452777267378,-30.854415099487728,46.86514927808824,-0.10761213380350228,44.55517167543333,4.599835613062764,-1.0221320701240633,0.23204419889502761,0.0,1.6382670775042414,86.0,0.6666666666666666,,,,,
reversal,CNY,0,2021-01…2021-06,WINDOW_CLOSING,slow,180,0.0,6,6,1.0,0.4404040404040404,2.270642201834862,2.270642201834862,2.270642201834862,1.0,0.4404040404040404,2.270642201834862,55.700126482546295,-2.013485293711973,57.71361177625827,-9.44364000468181,128.9687294793515,-11.457125298393784,126.95524418563953,37.30221612816642,147.68967825444568,42.7417364251148,-1.0221320701240633,0.23204419889502761,0.0,1.6382670775042414,86.0,0.6666666666666666,,,,,
reversal,CNY,0,2021-01…2021-06,WINDOW_CLOSING,slow,180,10.0,6,6,1.0,0.4404040404040404,2.270642201834862,2.270642201834862,2.270642201834862,1.0,0.4404040404040404,2.270642201834862,55.700126482546295,-2.013485293711973,57.71361177625827,-9.44364000468181,128.9687294793515,-11.457125298393784,126.95524418563953,37.30221612816642,147.68967825444568,42.7417364251148,-1.0221320701240633,0.23204419889502761,0.0,1.6382670775042414,86.0,0.6666666666666666,,,,,
reversal,CNY,0,2021-01…2021-06,WINDOW_CLOSING,slow,180,25.0,6,6,1.0,0.4404040404040404,2.270642201834862,2.270642201834862,2.270642201834862,1.0,0.4404040404040404,2.270642201834862,55.700126482546295,-2.013485293711973,57.71361177625827,-9.44364000468181,128.9687294793515,-11.457125298393784,126.95524418563953,37.30221612816642,147.68967825444568,42.7417364251148,-1.0221320701240633,0.23204419889502761,0.0,1.6382670775042414,86.0,0.6666666666666666,1.0,0.3861111111111111,1.0,2.5899280575539567,156.00314889820632
reversal,CNY,0,2021-01…2021-06,WINDOW_CLOSING,slow,180,50.0,6,6,1.0,0.4404040404040404,2.270642201834862,2.270642201834862,2.270642201834862,1.0,0.4404040404040404,2.270642201834862,55.700126482546295,-2.013485293711973,57.71361177625827,-9.44364000468181,128.9687294793515,-11.457125298393784,126.95524418563953,37.30221612816642,147.68967825444568,42.7417364251148,-1.0221320701240633,0.23204419889502761,0.0,1.6382670775042414,86.0,0.6666666666666666,,,,,
dip_vs_trend,CNY,0,2021-01…2021-06,BUY_NOW,medium,1,0.0,9,9,0.7777777777777778,0.498989898989899,1.5587044534412955,0.8906882591093117,2.0040485829959516,0.7777777777777778,0.498989898989899,1.5587044534412955,11.244202998191595,-0.02276503010658199,11.266968028298177,2.311558550747907,20.558387662835983,2.2887935206413252,20.5356226327294,0.43515722230491605,24.90019626460116,13.02883525158591,15.265399445897824,0.34806629834254144,0.0,1.3288246815489066,114.0,0.5,,,,,
dip_vs_trend,CNY,0,2021-01…2021-06,BUY_NOW,medium,1,10.0,9,9,0.8888888888888888,0.7934343434343434,1.1203055378739657,0.8402291534054742,1.2603437301082114,0.8888888888888888,0.7934343434343434,1.1203055378739657,11.244202998191595,-0.02276503010658199,11.266968028298177,2.311558550747907,20.558387662835983,2.2887935206413252,20.5356226327294,0.43515722230491605,24.90019626460116,13.02883525158591,15.265399445897824,0.34806629834254144,0.0,1.3288246815489066,114.0,0.5,,,,,
dip_vs_trend,CNY,0,2021-01…2021-06,BUY_NOW,medium,1,25.0,9,9,1.0,0.9494949494949495,1.053191489361702,1.053191489361702,1.053191489361702,1.0,0.9494949494949495,1.053191489361702,11.244202998191595,-0.02276503010658199,11.266968028298177,2.311558550747907,20.558387662835983,2.2887935206413252,20.5356226327294,0.43515722230491605,24.90019626460116,13.02883525158591,15.265399445897824,0.34806629834254144,0.0,1.3288246815489066,114.0,0.5,,,,,
dip_vs_trend,CNY,0,2021-01…2021-06,BUY_NOW,medium,1,50.0,9,9,1.0,0.9919191919191919,1.0081466395112018,1.0081466395112018,1.0081466395112018,1.0,0.9919191919191919,1.0081466395112018,11.244202998191595,-0.02276503010658199,11.266968028298177,2.311558550747907,20.558387662835983,2.2887935206413252,20.5356226327294,0.43515722230491605,24.90019626460116,13.02883525158591,15.265399445897824,0.34806629834254144,0.0,1.3288246815489066,114.0,0.5,,,,,
dip_vs_trend,CNY,0,2021-01…2021-06,BUY_NOW,medium,4,0.0,9,9,0.4444444444444444,0.24292929292929294,1.8295218295218294,0.45738045738045735,3.2016632016632016,0.7777777777777778,0.48282828282828283,1.610878661087866,14.559406765090293,-0.0719672030905931,14.631373968180885,1.617077754513202,30.010470965119904,1.545110551422609,29.93850376202931,3.3071948895146974,34.26460599204151,19.88425312785141,15.265399445897824,0.34806629834254144,0.0,1.3288246815489066,114.0,0.5,,,,,
dip_vs_trend,CNY,0,2021-01…2021-06,BUY_NOW,medium,4,10.0,9,9,0.7777777777777778,0.5080808080808081,1.5308151093439362,0.8747514910536778,1.9681908548707752,0.8888888888888888,0.7404040404040404,1.2005457025920871,14.559406765090293,-0.0719672030905931,14.631373968180885,1.617077754513202,30.010470965119904,1.545110551422609,29.93850376202931,3.3071948895146974,34.26460599204151,19.88425312785141,15.265399445897824,0.34806629834254144,0.0,1.3288246815489066,114.0,0.5,,,,,
dip_vs_trend,CNY,0,2021-01…2021-06,BUY_NOW,medium,4,25.0,9,9,1.0,0.7767676767676768,1.2873862158647593,1.2873862158647593,1.2873862158647593,1.0,0.9207070707070707,1.086121777290181,14.559406765090293,-0.0719672030905931,14.631373968180885,1.617077754513202,30.010470965119904,1.545110551422609,29.93850376202931,3.3071948895146974,34.26460599204151,19.88425312785141,15.265399445897824,0.34806629834254144,0.0,1.3288246815489066,114.0,0.5,,,,,
dip_vs_trend,CNY,0,2021-01…2021-06,BUY_NOW,medium,4,50.0,9,9,1.0,0.947979797979798,1.0548748002131059,1.0548748002131059,1.0548748002131059,1.0,0.9833333333333333,1.0169491525423728,14.559406765090293,-0.0719672030905931,14.631373968180885,1.617077754513202,30.010470965119904,1.545110551422609,29.93850376202931,3.3071948895146974,34.26460599204151,19.88425312785141,15.265399445897824,0.34806629834254144,0.0,1.3288246815489066,114.0,0.5,,,,,
dip_vs_trend,CNY,0,2021-01…2021-06,BUY_NOW,medium,9,0.0,9,9,0.3333333333333333,0.151010101010101,2.2073578595317724,0.0,4.414715719063545,0.7777777777777778,0.4772727272727273,1.6296296296296295,18.309217566495615,-0.14428895879206807,18.453506525287683,2.7093252473401876,36.450193214650575,2.5650362885481197,36.30590425585851,7.7457985570217325,40.4863897232921,23.721088762355002,15.265399445897824,0.34806629834254144,0.0,1.3288246815489066,114.0,0.5,,,,,
dip_vs_trend,CNY,0,2021-01…2021-06,BUY_NOW,medium,9,10.0,9,9,0.7777777777777778,0.33484848484848484,2.3227752639517347,1.3273001508295625,2.986425339366516,0.8888888888888888,0.6691919191919192,1.3283018867924528,18.309217566495615,-0.14428895879206807,18.453506525287683,2.7093252473401876,36.450193214650575,2.5650362885481197,36.30590425585851,7.7457985570217325,40.4863897232921,23.721088762355002,15.265399445897824,0.34806629834254144,0.0,1.3288246815489066,114.0,0.5,,,,,
dip_vs_trend,CNY,0,2021-01…2021-06,BUY_NOW,medium,9,25.0,9,9,1.0,0.5974747474747475,1.6737109044801353,1.6737109044801353,1.6737109044801353,1.0,0.853030303030303,1.1722912966252221,18.309217566495615,-0.14428895879206807,18.453506525287683,2.7093252473401876,36.450193214650575,2.5650362885481197,36.30590425585851,7.7457985570217325,40.4863897232921,23.721088762355002,15.265399445897824,0.34806629834254144,0.0,1.3288246815489066,114.0,0.5,,,,,
dip_vs_trend,CNY,0,2021-01…2021-06,BUY_NOW,medium,9,50.0,9,9,1.0,0.8545454545454545,1.1702127659574468,1.1702127659574468,1.1702127659574468,1.0,0.9646464646464646,1.036649214659686,18.309217566495615,-0.14428895879206807,18.453506525287683,2.7093252473401876,36.450193214650575,2.5650362885481197,36.30590425585851,7.7457985570217325,40.4863897232921,23.721088762355002,15.265399445897824,0.34806629834254144,0.0,1.3288246815489066,114.0,0.5,,,,,
dip_vs_trend,CNY,0,2021-01…2021-06,BUY_NOW,medium,45,0.0,9,9,0.2222222222222222,0.06717171717171717,3.308270676691729,0.0,8.270676691729323,0.6666666666666666,0.43383838383838386,1.5366705471478461,23.711149234166474,-1.479378494585541,25.190527728752016,4.367010997362923,47.92760399127292,2.887632502777382,46.44822549668738,10.081762710142568,62.90052596002793,37.34615898356145,15.265399445897824,0.34806629834254144,0.0,1.3288246815489066,114.0,0.5,,,,,
dip_vs_trend,CNY,0,2021-01…2021-06,BUY_NOW,medium,45,10.0,9,9,0.3333333333333333,0.14646464646464646,2.275862068965517,0.7586206896551724,4.551724137931034,0.8888888888888888,0.5257575757575758,1.6906820365033621,23.711149234166474,-1.479378494585541,25.190527728752016,4.367010997362923,47.92760399127292,2.887632502777382,46.44822549668738,10.081762710142568,62.90052596002793,37.34615898356145,15.265399445897824,0.34806629834254144,0.0,1.3288246815489066,114.0,0.5,,,,,
dip_vs_trend,CNY,0,2021-01…2021-06,BUY_NOW,medium,45,25.0,9,9,0.4444444444444444,0.26262626262626265,1.692307692307692,0.423076923076923,2.9615384615384612,0.8888888888888888,0.6727272727272727,1.3213213213213213,23.711149234166474,-1.479378494585541,25.190527728752016,4.367010997362923,47.92760399127292,2.887632502777382,46.44822549668738,10.081762710142568,62.90052596002793,37.34615898356145,15.265399445897824,0.34806629834254144,0.0,1.3288246815489066,114.0,0.5,,,,,
dip_vs_trend,CNY,0,2021-01…2021-06,BUY_NOW,medium,45,50.0,9,9,0.8888888888888888,0.4797979797979798,1.8526315789473684,1.3894736842105262,2.0842105263157897,1.0,0.841919191919192,1.1877624475104978,23.711149234166474,-1.479378494585541,25.190527728752016,4.367010997362923,47.92760399127292,2.887632502777382,46.44822549668738,10.081762710142568,62.90052596002793,37.34615898356145,15.265399445897824,0.34806629834254144,0.0,1.3288246815489066,114.0,0.5,,,,,
dip_vs_trend,CNY,0,2021-01…2021-06,BUY_NOW,medium,180,0.0,9,9,0.0,0.023737373737373738,0.0,0.0,0.0,0.6666666666666666,0.4070707070707071,1.6377171215880892,15.343081463976066,-2.013485293711973,17.35656675768804,-5.238067295588109,42.80043392199268,-7.251552589300082,40.786948628280705,12.30343457950589,34.861412094853165,64.56551532188357,15.265399445897824,0.34806629834254144,0.0,1.3288246815489066,114.0,0.5,,,,,
dip_vs_trend,CNY,0,2021-01…2021-06,BUY_NOW,medium,180,10.0,9,9,0.0,0.05353535353535353,0.0,0.0,0.0,0.7777777777777778,0.46565656565656566,1.6702819956616053,15.343081463976066,-2.013485293711973,17.35656675768804,-5.238067295588109,42.80043392199268,-7.251552589300082,40.786948628280705,12.30343457950589,34.861412094853165,64.56551532188357,15.265399445897824,0.34806629834254144,0.0,1.3288246815489066,114.0,0.5,,,,,
dip_vs_trend,CNY,0,2021-01…2021-06,BUY_NOW,medium,180,25.0,9,9,0.0,0.10151515151515152,0.0,0.0,0.0,0.8888888888888888,0.5575757575757576,1.5942028985507244,15.343081463976066,-2.013485293711973,17.35656675768804,-5.238067295588109,42.80043392199268,-7.251552589300082,40.786948628280705,12.30343457950589,34.861412094853165,64.56551532188357,15.265399445897824,0.34806629834254144,0.0,1.3288246815489066,114.0,0.5,0.8333333333333334,0.5338888888888889,6.0,1.5608740894901145,8.09127858699338
dip_vs_trend,CNY,0,2021-01…2021-06,BUY_NOW,medium,180,50.0,9,9,0.4444444444444444,0.20707070707070707,2.146341463414634,0.5365853658536585,3.75609756097561,1.0,0.695959595959596,1.436865021770682,15.343081463976066,-2.013485293711973,17.35656675768804,-5.238067295588109,42.80043392199268,-7.251552589300082,40.786948628280705,12.30343457950589,34.861412094853165,64.56551532188357,15.265399445897824,0.34806629834254144,0.0,1.3288246815489066,114.0,0.5,,,,,
momentum,CNY,1,2021-07…2021-12,BUY_NOW,fast,1,0.0,74,74,0.527027027027027,0.509365006852444,1.0346745848988002,0.8224336444067386,1.2469155253908617,0.527027027027027,0.509365006852444,1.0346745848988002,0.07352369854731952,0.19956092634610959,-0.12603722779879006,-3.2502073266257714,3.0876256878533446,-3.050646400279662,3.287186614199454,-1.841946823438603,2.074745754720751,4.2714484598870355,0.191443731352144,2.815217391304348,0.0,0.34955369918878276,6.0,0.0,,,,,
momentum,CNY,1,2021-07…2021-12,BUY_NOW,fast,1,10.0,74,74,0.8378378378378378,0.8209227957971676,1.0206049120907217,0.9053753252417692,1.119373129389824,0.8378378378378378,0.8209227957971676,1.0206049120907217,0.07352369854731952,0.19956092634610959,-0.12603722779879006,-3.2502073266257714,3.0876256878533446,-3.050646400279662,3.287186614199454,-1.841946823438603,2.074745754720751,4.2714484598870355,0.191443731352144,2.815217391304348,0.0,0.34955369918878276,6.0,0.0,,,,,
momentum,CNY,1,2021-07…2021-12,BUY_NOW,fast,1,25.0,74,74,0.972972972972973,0.9730470534490635,0.9999238675295014,0.9582603730491055,1.0276995305164318,0.972972972972973,0.9730470534490635,0.9999238675295014,0.07352369854731952,0.19956092634610959,-0.12603722779879006,-3.2502073266257714,3.0876256878533446,-3.050646400279662,3.287186614199454,-1.841946823438603,2.074745754720751,4.2714484598870355,0.191443731352144,2.815217391304348,0.0,0.34955369918878276,6.0,0.0,,,,,
momentum,CNY,1,2021-07…2021-12,BUY_NOW,fast,1,50.0,74,74,0.9864864864864865,0.9954317039744175,0.9910137305731616,0.9638626694615681,1.0045892611289582,0.9864864864864865,0.9954317039744175,0.9910137305731616,0.07352369854731952,0.19956092634610959,-0.12603722779879006,-3.2502073266257714,3.0876256878533446,-3.050646400279662,3.287186614199454,-1.841946823438603,2.074745754720751,4.2714484598870355,0.191443731352144,2.815217391304348,0.0,0.34955369918878276,6.0,0.0,,,,,
momentum,CNY,1,2021-07…2021-12,BUY_NOW,fast,4,0.0,74,74,0.2702702702702703,0.26998629511192324,1.0010518132345545,0.6506836786024605,1.4014725385283762,0.527027027027027,0.49840109639104613,1.05743552902123,0.682456311409666,0.4920612823540986,0.19039502905556743,-3.094385886245198,3.3447608484070033,-2.6023246038910997,3.8368221307611017,-2.3724170054733675,3.3170199312841104,9.136405648212115,0.191443731352144,2.815217391304348,0.0,0.34955369918878276,6.0,0.0,,,,,
momentum,CNY,1,2021-07…2021-12,BUY_NOW,fast,4,10.0,74,74,0.5675675675675675,0.5577889447236181,1.0175310445580716,0.8237156074993913,1.2113464816167518,0.8243243243243243,0.7651895842850617,1.0772811617587736,0.682456311409666,0.4920612823540986,0.19039502905556743,-3.094385886245198,3.3447608484070033,-2.6023246038910997,3.8368221307611017,-2.3724170054733675,3.3170199312841104,9.136405648212115,0.191443731352144,2.815217391304348,0.0,0.34955369918878276,6.0,0.0,,,,,
momentum,CNY,1,2021-07…2021-12,BUY_NOW,fast,4,25.0,74,74,0.8378378378378378,0.8222932846048424,1.0189039039039038,0.9203003003003003,1.1175075075075076,0.9459459459459459,0.9360438556418456,1.0105786606518672,0.682456311409666,0.4920612823540986,0.19039502905556743,-3.094385886245198,3.3447608484070033,-2.6023246038910997,3.8368221307611017,-2.3724170054733675,3.3170199312841104,9.136405648212115,0.191443731352144,2.815217391304348,0.0,0.34955369918878276,6.0,0.0,,,,,
momentum,CNY,1,2021-07…2021-12,BUY_NOW,fast,4,50.0,74,74,0.9594594594594594,0.9620831429876656,0.9972729139395805,0.9410885244218578,1.0394112060778726,1.0,0.9936043855641845,1.0064367816091955,0.682456311409666,0.4920612823540986,0.19039502905556743,-3.094385886245198,3.3447608484070033,-2.6023246038910997,3.8368221307611017,-2.3724170054733675,3.3170199312841104,9.136405648212115,0.191443731352144,2.815217391304348,0.0,0.34955369918878276,6.0,0.0,,,,,
momentum,CNY,1,2021-07…2021-12,BUY_NOW,fast,9,0.0,74,74,0.20270270270270271,0.17496573777980814,1.1585279796768047,0.6951167878060829,1.699174370192647,0.5675675675675675,0.4997715851987209,1.13565393547112,1.075905597416071,0.9253731244030012,0.1505324730130697,-4.66843131713855,4.734022326844399,-3.7430581927355493,5.6593954512474,-3.4459107568871548,4.7048766245322495,8.503824742090316,0.191443731352144,2.815217391304348,0.0,0.34955369918878276,6.0,0.0,,,,,
momentum,CNY,1,2021-07…2021-12,BUY_NOW,fast,9,10.0,74,74,0.4189189189189189,0.3846505253540429,1.0890896835077357,0.808034281312191,1.3701450857032804,0.7027027027027027,0.6920968478757423,1.0153242351262155,1.075905597416071,0.9253731244030012,0.1505324730130697,-4.66843131713855,4.734022326844399,-3.7430581927355493,5.6593954512474,-3.4459107568871548,4.7048766245322495,8.503824742090316,0.191443731352144,2.815217391304348,0.0,0.34955369918878276,6.0,0.0,,,,,
momentum,CNY,1,2021-07…2021-12,BUY_NOW,fast,9,25.0,74,74,0.6891891891891891,0.6601187756966651,1.0440381558028617,0.8802674646965304,1.207808846909193,0.9054054054054054,0.8844221105527639,1.02372542997543,1.075905597416071,0.9253731244030012,0.1505324730130697,-4.66843131713855,4.734022326844399,-3.7430581927355493,5.6593954512474,-3.4459107568871548,4.7048766245322495,8.503824742090316,0.191443731352144,2.815217391304348,0.0,0.34955369918878276,6.0,0.0,,,,,
momentum,CNY,1,2021-07…2021-12,BUY_NOW,fast,9,50.0,74,74,0.8918918918918919,0.8844221105527639,1.0084459459459458,0.9320485257985257,1.084843366093366,0.9594594594594594,0.9840109639104614,0.9750495620969158,1.075905597416071,0.9253731244030012,0.1505324730130697,-4.66843131713855,4.734022326844399,-3.7430581927355493,5.6593954512474,-3.4459107568871548,4.7048766245322495,8.503824742090316,0.191443731352144,2.815217391304348,0.0,0.34955369918878276,6.0,0.0,,,,,
momentum,CNY,1,2021-07…2021-12,BUY_NOW,fast,45,0.0,74,74,0.10810810810810811,0.07537688442211055,1.4342342342342345,0.5378378378378379,2.330630630630631,0.5405405405405406,0.5079945180447692,1.0640676647870895,4.766166153017136,4.02147979966601,0.7446863533511259,-9.403879400938806,11.057687998599203,-5.382399601272795,15.079167798265212,-2.7368434286836427,10.938708524107879,5.442989595016973,0.191443731352144,2.815217391304348,0.0,0.34955369918878276,6.0,0.0,,,,,
momentum,CNY,1,2021-07…2021-12,BUY_NOW,fast,45,10.0,74,74,0.22972972972972974,0.17633622658748288,1.3027937263688558,0.8429841758857303,1.8392382019325024,0.6081081081081081,0.5893101873001371,1.0318981772470144,4.766166153017136,4.02147979966601,0.7446863533511259,-9.403879400938806,11.057687998599203,-5.382399601272795,15.079167798265212,-2.7368434286836427,10.938708524107879,5.442989595016973,0.191443731352144,2.815217391304348,0.0,0.34955369918878276,6.0,0.0,,,,,
momentum,CNY,1,2021-07…2021-12,BUY_NOW,fast,45,25.0,74,74,0.4189189189189189,0.349474645957058,1.1987104751810633,0.8893658364246599,1.5080551139374667,0.7162162162162162,0.7217907720420284,0.9922767704413273,4.766166153017136,4.02147979966601,0.7446863533511259,-9.403879400938806,11.057687998599203,-5.382399601272795,15.079167798265212,-2.7368434286836427,10.938708524107879,5.442989595016973,0.191443731352144,2.815217391304348,0.0,0.34955369918878276,6.0,0.0,,,,,
momentum,CNY,1,2021-07…2021-12,BUY_NOW,fast,45,50.0,74,74,0.581081081081081,0.5733211512105985,1.0135350489932162,0.8249703887154086,1.202099709271024,0.9054054054054054,0.8912745545911375,1.0158546552703396,4.766166153017136,4.02147979966601,0.7446863533511259,-9.403879400938806,11.057687998599203,-5.382399601272795,15.079167798265212,-2.7368434286836427,10.938708524107879,5.442989595016973,0.191443731352144,2.815217391304348,0.0,0.34955369918878276,6.0,0.0,,,,,
momentum,CNY,1,2021-07…2021-12,BUY_NOW,fast,180,0.0,74,74,0.04054054054054054,0.04202832343535861,0.9646004700352527,0.0,2.2507344300822565,0.5135135135135135,0.4641388761991777,1.1063790168120877,19.389831231635426,15.419590225075302,3.9702410065601246,-16.339014608982502,24.55368386841306,-0.9194243839072023,39.973274093488364,-12.184654835581162,55.91745731108543,8.767409514805735,0.191443731352144,2.815217391304348,0.0,0.34955369918878276,6.0,0.0,,,,,
momentum,CNY,1,2021-07…2021-12,BUY_NOW,fast,180,10.0,74,74,0.0945945945945946,0.08634079488350845,1.0955955955955958,0.4695409695409696,2.034677534677535,0.5405405405405406,0.5157606212882595,1.0480453881693916,19.389831231635426,15.419590225075302,3.9702410065601246,-16.339014608982502,24.55368386841306,-0.9194243839072023,39.973274093488364,-12.184654835581162,55.91745731108543,8.767409514805735,0.191443731352144,2.815217391304348,0.0,0.34955369918878276,6.0,0.0,,,,,
momentum,CNY,1,2021-07…2021-12,BUY_NOW,fast,180,25.0,74,74,0.16216216216216217,0.163544997715852,0.9915446172429413,0.49577230862147065,1.4873169258644119,0.6486486486486487,0.6025582457743262,1.0764911993115178,19.389831231635426,15.419590225075302,3.9702410065601246,-16.339014608982502,24.55368386841306,-0.9194243839072023,39.973274093488364,-12.184654835581162,55.91745731108543,8.767409514805735,0.191443731352144,2.815217391304348,0.0,0.34955369918878276,6.0,0.0,0.6119402985074627,0.5679442508710801,67.0,1.0774654335683544,1.6309449689300664
momentum,CNY,1,2021-07…2021-12,BUY_NOW,fast,180,50.0,74,74,0.3108108108108108,0.2896299680219278,1.0731307016795977,0.6998678489214768,1.4463935544377184,0.8108108108108109,0.7766103243490178,1.0440381558028617,19.389831231635426,15.419590225075302,3.9702410065601246,-16.339014608982502,24.55368386841306,-0.9194243839072023,39.973274093488364,-12.184654835581162,55.91745731108543,8.767409514805735,0.191443731352144,2.815217391304348,0.0,0.34955369918878276,6.0,0.0,,,,,
level,CNY,1,2021-07…2021-12,BUY_NOW,medium,1,0.0,24,24,0.6666666666666666,0.509365006852444,1.3088191330343797,0.899813153961136,1.6360239162929748,0.6666666666666666,0.509365006852444,1.3088191330343797,2.485791800349024,0.19956092634610959,2.2862308740029142,-1.550210240264405,6.226113736332325,-1.3506493139182953,6.425674662678435,-1.3099340881558146,6.957879464480176,5.273014460822854,3.665516770731448,0.9130434782608696,0.0,1.2724244253699781,50.0,0.16666666666666666,,,,,
level,CNY,1,2021-07…2021-12,BUY_NOW,medium,1,10.0,24,24,0.9166666666666666,0.8209227957971676,1.1166295677981821,0.9643618994620664,1.218141346688926,0.9166666666666666,0.8209227957971676,1.1166295677981821,2.485791800349024,0.19956092634610959,2.2862308740029142,-1.550210240264405,6.226113736332325,-1.3506493139182953,6.425674662678435,-1.3099340881558146,6.957879464480176,5.273014460822854,3.665516770731448,0.9130434782608696,0.0,1.2724244253699781,50.0,0.16666666666666666,,,,,
level,CNY,1,2021-07…2021-12,BUY_NOW,medium,1,25.0,24,24,1.0,0.9730470534490635,1.0276995305164318,1.0276995305164318,1.0276995305164318,1.0,0.9730470534490635,1.0276995305164318,2.485791800349024,0.19956092634610959,2.2862308740029142,-1.550210240264405,6.226113736332325,-1.3506493139182953,6.425674662678435,-1.3099340881558146,6.957879464480176,5.273014460822854,3.665516770731448,0.9130434782608696,0.0,1.2724244253699781,50.0,0.16666666666666666,,,,,
level,CNY,1,2021-07…2021-12,BUY_NOW,medium,1,50.0,24,24,1.0,0.9954317039744175,1.0045892611289582,1.0045892611289582,1.0045892611289582,1.0,0.9954317039744175,1.0045892611289582,2.485791800349024,0.19956092634610959,2.2862308740029142,-1.550210240264405,6.226113736332325,-1.3506493139182953,6.425674662678435,-1.3099340881558146,6.957879464480176,5.273014460822854,3.665516770731448,0.9130434782608696,0.0,1.2724244253699781,50.0,0.16666666666666666,,,,,
level,CNY,1,2021-07…2021-12,BUY_NOW,medium,4,0.0,24,24,0.2916666666666667,0.26998629511192324,1.0803017484489568,0.4629864636209814,1.6976170332769318,0.5416666666666666,0.49840109639104613,1.0868087381607088,2.290613666741612,0.4920612823540986,1.7985523843875135,-2.8279554949894314,6.787321732735116,-2.335894212635333,7.2793830150892145,-5.755963646039141,7.061416380766477,5.936409432486939,3.665516770731448,0.9130434782608696,0.0,1.2724244253699781,50.0,0.16666666666666666,,,,,
level,CNY,1,2021-07…2021-12,BUY_NOW,medium,4,10.0,24,24,0.6666666666666666,0.5577889447236181,1.1951951951951951,0.8216966966966966,1.4939939939939941,0.8333333333333334,0.7651895842850617,1.0890547263681591,2.290613666741612,0.4920612823540986,1.7985523843875135,-2.8279554949894314,6.787321732735116,-2.335894212635333,7.2793830150892145,-5.755963646039141,7.061416380766477,5.936409432486939,3.665516770731448,0.9130434782608696,0.0,1.2724244253699781,50.0,0.16666666666666666,,,,,
level,CNY,1,2021-07…2021-12,BUY_NOW,medium,4,25.0,24,24,0.9166666666666666,0.8222932846048424,1.1147685185185185,0.9627546296296295,1.2161111111111111,1.0,0.9360438556418456,1.0683260126891168,2.290613666741612,0.4920612823540986,1.7985523843875135,-2.8279554949894314,6.787321732735116,-2.335894212635333,7.2793830150892145,-5.755963646039141,7.061416380766477,5.936409432486939,3.665516770731448,0.9130434782608696,0.0,1.2724244253699781,50.0,0.16666666666666666,,,,,
level,CNY,1,2021-07…2021-12,BUY_NOW,medium,4,50.0,24,24,1.0,0.9620831429876656,1.0394112060778726,1.0394112060778726,1.0394112060778726,1.0,0.9936043855641845,1.0064367816091955,2.290613666741612,0.4920612823540986,1.7985523843875135,-2.8279554949894314,6.787321732735116,-2.335894212635333,7.2793830150892145,-5.755963646039141,7.061416380766477,5.936409432486939,3.665516770731448,0.9130434782608696,0.0,1.2724244253699781,50.0,0.16666666666666666,,,,,
level,CNY,1,2021-07…2021-12,BUY_NOW,medium,9,0.0,24,24,0.20833333333333334,0.17496573777980814,1.1907093124456047,0.23814186248912095,2.1432767624020888,0.4166666666666667,0.4997715851987209,0.833714198659354,2.885397370011912,0.9253731244030012,1.9600242456089108,-5.0464063632459695,9.488398476858936,-4.121033238842968,10.413771601261937,-5.152421980822604,11.023969280572556,6.841333367954839,3.665516770731448,0.9130434782608696,0.0,1.2724244253699781,50.0,0.16666666666666666,,,,,
level,CNY,1,2021-07…2021-12,BUY_NOW,medium,9,10.0,24,24,0.4166666666666667,0.3846505253540429,1.083234362628662,0.6472325316706257,1.624851543942993,0.75,0.6920968478757423,1.0836633663366337,2.885397370011912,0.9253731244030012,1.9600242456089108,-5.0464063632459695,9.488398476858936,-4.121033238842968,10.413771601261937,-5.152421980822604,11.023969280572556,6.841333367954839,3.665516770731448,0.9130434782608696,0.0,1.2724244253699781,50.0,0.16666666666666666,,,,,
level,CNY,1,2021-07…2021-12,BUY_NOW,medium,9,25.0,24,24,0.75,0.6601187756966651,1.1361591695501732,0.8836793540945791,1.388638985005767,0.9583333333333334,0.8844221105527639,1.0835700757575757,2.885397370011912,0.9253731244030012,1.9600242456089108,-5.0464063632459695,9.488398476858936,-4.121033238842968,10.413771601261937,-5.152421980822604,11.023969280572556,6.841333367954839,3.665516770731448,0.9130434782608696,0.0,1.2724244253699781,50.0,0.16666666666666666,,,,,
level,CNY,1,2021-07…2021-12,BUY_NOW,medium,9,50.0,24,24,0.9583333333333334,0.8844221105527639,1.0835700757575757,0.9893465909090908,1.1306818181818181,1.0,0.9840109639104614,1.0162488393686164,2.885397370011912,0.9253731244030012,1.9600242456089108,-5.0464063632459695,9.488398476858936,-4.121033238842968,10.413771601261937,-5.152421980822604,11.023969280572556,6.841333367954839,3.665516770731448,0.9130434782608696,0.0,1.2724244253699781,50.0,0.16666666666666666,,,,,
level,CNY,1,2021-07…2021-12,BUY_NOW,medium,45,0.0,24,24,0.041666666666666664,0.07537688442211055,0.5527777777777778,0.0,1.6583333333333334,0.4583333333333333,0.5079945180447692,0.9022407074340528,5.928862197235319,4.02147979966601,1.9073823975693092,-12.982242148723014,20.035330928589836,-8.960762349057003,24.056810728255847,0.43557147677456426,23.031109906568823,8.11103990231881,3.665516770731448,0.9130434782608696,0.0,1.2724244253699781,50.0,0.16666666666666666,,,,,
level,CNY,1,2021-07…2021-12,BUY_NOW,medium,45,10.0,24,24,0.16666666666666666,0.17633622658748288,0.9451640759930914,0.23629101899827284,1.8903281519861828,0.5833333333333334,0.5893101873001371,0.989857881136951,5.928862197235319,4.02147979966601,1.9073823975693092,-12.982242148723014,20.035330928589836,-8.960762349057003,24.056810728255847,0.43557147677456426,23.031109906568823,8.11103990231881,3.665516770731448,0.9130434782608696,0.0,1.2724244253699781,50.0,0.16666666666666666,,,,,
level,CNY,1,2021-07…2021-12,BUY_NOW,medium,45,25.0,24,24,0.375,0.349474645957058,1.0730392156862745,0.5961328976034859,1.6691721132897606,0.8333333333333334,0.7217907720420284,1.154535864978903,5.928862197235319,4.02147979966601,1.9073823975693092,-12.982242148723014,20.035330928589836,-8.960762349057003,24.056810728255847,0.43557147677456426,23.031109906568823,8.11103990231881,3.665516770731448,0.9130434782608696,0.0,1.2724244253699781,50.0,0.16666666666666666,,,,,
level,CNY,1,2021-07…2021-12,BUY_NOW,medium,45,50.0,24,24,0.5,0.5733211512105985,0.8721115537848605,0.5087317397078354,1.2354913678618857,1.0,0.8912745545911375,1.12198872373142,5.928862197235319,4.02147979966601,1.9073823975693092,-12.982242148723014,20.035330928589836,-8.960762349057003,24.056810728255847,0.43557147677456426,23.031109906568823,8.11103990231881,3.665516770731448,0.9130434782608696,0.0,1.2724244253699781,50.0,0.16666666666666666,,,,,
level,CNY,1,2021-07…2021-12,BUY_NOW,medium,180,0.0,24,24,0.041666666666666664,0.04202832343535861,0.9913949275362318,0.0,2.974184782608696,0.4583333333333333,0.4641388761991777,0.9874917979002624,23.615414303774557,15.419590225075302,8.195824078699255,-29.815567155047624,50.39874684051761,-14.395976929972322,65.81833706559291,-16.29260354497181,144.0786241604377,24.679715504546024,3.665516770731448,0.9130434782608696,0.0,1.2724244253699781,50.0,0.16666666666666666,,,,,
level,CNY,1,2021-07…2021-12,BUY_NOW,medium,180,10.0,24,24,0.041666666666666664,0.08634079488350845,0.4825837742504409,0.0,1.4477513227513228,0.5416666666666666,0.5157606212882595,1.050228816061411,23.615414303774557,15.419590225075302,8.195824078699255,-29.815567155047624,50.39874684051761,-14.395976929972322,65.81833706559291,-16.29260354497181,144.0786241604377,24.679715504546024,3.665516770731448,0.9130434782608696,0.0,1.2724244253699781,50.0,0.16666666666666666,,,,,
level,CNY,1,2021-07…2021-12,BUY_NOW,medium,180,25.0,24,24,0.16666666666666666,0.163544997715852,1.0190875232774674,0.25477188081936686,2.038175046554935,0.5833333333333334,0.6025582457743262,0.9680945160475108,23.615414303774557,15.419590225075302,8.195824078699255,-29.815567155047624,50.39874684051761,-14.395976929972322,65.81833706559291,-16.29260354497181,144.0786241604377,24.679715504546024,3.665516770731448,0.9130434782608696,0.0,1.2724244253699781,50.0,0.16666666666666666,0.5833333333333334,0.5679442508710801,24.0,1.0270961145194275,16.4153345704892
level,CNY,1,2021-07…2021-12,BUY_NOW,medium,180,50.0,24,24,0.3333333333333333,0.2896299680219278,1.150893796004206,0.575446898002103,1.8702024185068349,0.8333333333333334,0.7766103243490178,1.0730392156862747,23.615414303774557,15.419590225075302,8.195824078699255,-29.815567155047624,50.39874684051761,-14.395976929972322,65.81833706559291,-16.29260354497181,144.0786241604377,24.679715504546024,3.665516770731448,0.9130434782608696,0.0,1.2724244253699781,50.0,0.16666666666666666,,,,,
reversal,CNY,1,2021-07…2021-12,WINDOW_CLOSING,slow,1,0.0,12,12,0.5,0.509365006852444,0.9816143497757848,0.4908071748878924,1.4724215246636772,0.5,0.509365006852444,0.9816143497757848,-1.1363701326572162,0.19956092634610959,-1.3359310590033258,-7.8727004022679425,4.1811050830336995,-7.6731394759218325,4.3806660093798095,-2.9021584645183562,-0.2534759667266462,-6.930890475141485,-1.5946968076032324,0.4565217391304348,0.0,0.590756732374311,78.0,0.6666666666666666,,,,,
reversal,CNY,1,2021-07…2021-12,WINDOW_CLOSING,slow,1,10.0,12,12,0.5,0.509365006852444,0.9816143497757848,0.4908071748878924,1.4724215246636772,0.5,0.509365006852444,0.9816143497757848,-1.1363701326572162,0.19956092634610959,-1.3359310590033258,-7.8727004022679425,4.1811050830336995,-7.6731394759218325,4.3806660093798095,-2.9021584645183562,-0.2534759667266462,-6.930890475141485,-1.5946968076032324,0.4565217391304348,0.0,0.590756732374311,78.0,0.6666666666666666,,,,,
reversal,CNY,1,2021-07…2021-12,WINDOW_CLOSING,slow,1,25.0,12,12,0.5,0.509365006852444,0.9816143497757848,0.4908071748878924,1.4724215246636772,0.5,0.509365006852444,0.9816143497757848,-1.1363701326572162,0.19956092634610959,-1.3359310590033258,-7.8727004022679425,4.1811050830336995,-7.6731394759218325,4.3806660093798095,-2.9021584645183562,-0.2534759667266462,-6.930890475141485,-1.5946968076032324,0.4565217391304348,0.0,0.590756732374311,78.0,0.6666666666666666,,,,,
reversal,CNY,1,2021-07…2021-12,WINDOW_CLOSING,slow,1,50.0,12,12,0.5,0.509365006852444,0.9816143497757848,0.4908071748878924,1.4724215246636772,0.5,0.509365006852444,0.9816143497757848,-1.1363701326572162,0.19956092634610959,-1.3359310590033258,-7.8727004022679425,4.1811050830336995,-7.6731394759218325,4.3806660093798095,-2.9021584645183562,-0.2534759667266462,-6.930890475141485,-1.5946968076032324,0.4565217391304348,0.0,0.590756732374311,78.0,0.6666666666666666,,,,,
reversal,CNY,1,2021-07…2021-12,WINDOW_CLOSING,slow,4,0.0,12,12,0.4166666666666667,0.49657377798081315,0.839083103342533,0.33563324133701317,1.3425329653480527,0.4166666666666667,0.49657377798081315,0.839083103342533,-3.9388011569712247,0.4920612823540986,-4.430862439325323,-14.06829583743812,3.4646936560431407,-13.57623455508402,3.956754938397239,-6.170909140824355,-2.8227471650446594,-8.13624884552435,-1.5946968076032324,0.4565217391304348,0.0,0.590756732374311,78.0,0.6666666666666666,,,,,
reversal,CNY,1,2021-07…2021-12,WINDOW_CLOSING,slow,4,10.0,12,12,0.4166666666666667,0.49657377798081315,0.839083103342533,0.33563324133701317,1.3425329653480527,0.4166666666666667,0.49657377798081315,0.839083103342533,-3.9388011569712247,0.4920612823540986,-4.430862439325323,-14.06829583743812,3.4646936560431407,-13.57623455508402,3.956754938397239,-6.170909140824355,-2.8227471650446594,-8.13624884552435,-1.5946968076032324,0.4565217391304348,0.0,0.590756732374311,78.0,0.6666666666666666,,,,,
reversal,CNY,1,2021-07…2021-12,WINDOW_CLOSING,slow,4,25.0,12,12,0.4166666666666667,0.49657377798081315,0.839083103342533,0.33563324133701317,1.3425329653480527,0.4166666666666667,0.49657377798081315,0.839083103342533,-3.9388011569712247,0.4920612823540986,-4.430862439325323,-14.06829583743812,3.4646936560431407,-13.57623455508402,3.956754938397239,-6.170909140824355,-2.8227471650446594,-8.13624884552435,-1.5946968076032324,0.4565217391304348,0.0,0.590756732374311,78.0,0.6666666666666666,,,,,
reversal,CNY,1,2021-07…2021-12,WINDOW_CLOSING,slow,4,50.0,12,12,0.4166666666666667,0.49657377798081315,0.839083103342533,0.33563324133701317,1.3425329653480527,0.4166666666666667,0.49657377798081315,0.839083103342533,-3.9388011569712247,0.4920612823540986,-4.430862439325323,-14.06829583743812,3.4646936560431407,-13.57623455508402,3.956754938397239,-6.170909140824355,-2.8227471650446594,-8.13624884552435,-1.5946968076032324,0.4565217391304348,0.0,0.590756732374311,78.0,0.6666666666666666,,,,,
reversal,CNY,1,2021-07…2021-12,WINDOW_CLOSING,slow,9,0.0,12,12,0.4166666666666667,0.5025125628140703,0.8291666666666668,0.33166666666666667,1.3266666666666667,0.4166666666666667,0.5025125628140703,0.8291666666666668,-4.792421057306373,0.9253731244030012,-5.717794181709374,-18.094559684752536,4.722834006543963,-17.169186560349534,5.648207130946965,-7.114507286918593,-0.1482485980819348,-7.851980478008521,-1.5946968076032324,0.4565217391304348,0.0,0.590756732374311,78.0,0.6666666666666666,,,,,
reversal,CNY,1,2021-07…2021-12,WINDOW_CLOSING,slow,9,10.0,12,12,0.4166666666666667,0.5025125628140703,0.8291666666666668,0.33166666666666667,1.3266666666666667,0.4166666666666667,0.5025125628140703,0.8291666666666668,-4.792421057306373,0.9253731244030012,-5.717794181709374,-18.094559684752536,4.722834006543963,-17.169186560349534,5.648207130946965,-7.114507286918593,-0.1482485980819348,-7.851980478008521,-1.5946968076032324,0.4565217391304348,0.0,0.590756732374311,78.0,0.6666666666666666,,,,,
reversal,CNY,1,2021-07…2021-12,WINDOW_CLOSING,slow,9,25.0,12,12,0.4166666666666667,0.5025125628140703,0.8291666666666668,0.33166666666666667,1.3266666666666667,0.4166666666666667,0.5025125628140703,0.8291666666666668,-4.792421057306373,0.9253731244030012,-5.717794181709374,-18.094559684752536,4.722834006543963,-17.169186560349534,5.648207130946965,-7.114507286918593,-0.1482485980819348,-7.851980478008521,-1.5946968076032324,0.4565217391304348,0.0,0.590756732374311,78.0,0.6666666666666666,,,,,
reversal,CNY,1,2021-07…2021-12,WINDOW_CLOSING,slow,9,50.0,12,12,0.4166666666666667,0.5025125628140703,0.8291666666666668,0.33166666666666667,1.3266666666666667,0.4166666666666667,0.5025125628140703,0.8291666666666668,-4.792421057306373,0.9253731244030012,-5.717794181709374,-18.094559684752536,4.722834006543963,-17.169186560349534,5.648207130946965,-7.114507286918593,-0.1482485980819348,-7.851980478008521,-1.5946968076032324,0.4565217391304348,0.0,0.590756732374311,78.0,0.6666666666666666,,,,,
reversal,CNY,1,2021-07…2021-12,WINDOW_CLOSING,slow,45,0.0,12,12,0.4166666666666667,0.4920054819552307,0.8468740328071804,0.33874961312287216,1.3549984524914886,0.4166666666666667,0.4920054819552307,0.8468740328071804,-3.945312244571601,4.02147979966601,-7.966792044237611,-34.556861327755946,18.444727719862083,-30.53538152808994,22.466207519528094,-9.992632108715844,8.149327483716883,-2.847078793148938,-1.5946968076032324,0.4565217391304348,0.0,0.590756732374311,78.0,0.6666666666666666,,,,,
reversal,CNY,1,2021-07…2021-12,WINDOW_CLOSING,slow,45,10.0,12,12,0.4166666666666667,0.4920054819552307,0.8468740328071804,0.33874961312287216,1.3549984524914886,0.4166666666666667,0.4920054819552307,0.8468740328071804,-3.945312244571601,4.02147979966601,-7.966792044237611,-34.556861327755946,18.444727719862083,-30.53538152808994,22.466207519528094,-9.992632108715844,8.149327483716883,-2.847078793148938,-1.5946968076032324,0.4565217391304348,0.0,0.590756732374311,78.0,0.6666666666666666,,,,,
reversal,CNY,1,2021-07…2021-12,WINDOW_CLOSING,slow,45,25.0,12,12,0.4166666666666667,0.4920054819552307,0.8468740328071804,0.33874961312287216,1.3549984524914886,0.4166666666666667,0.4920054819552307,0.8468740328071804,-3.945312244571601,4.02147979966601,-7.966792044237611,-34.556861327755946,18.444727719862083,-30.53538152808994,22.466207519528094,-9.992632108715844,8.149327483716883,-2.847078793148938,-1.5946968076032324,0.4565217391304348,0.0,0.590756732374311,78.0,0.6666666666666666,,,,,
reversal,CNY,1,2021-07…2021-12,WINDOW_CLOSING,slow,45,50.0,12,12,0.4166666666666667,0.4920054819552307,0.8468740328071804,0.33874961312287216,1.3549984524914886,0.4166666666666667,0.4920054819552307,0.8468740328071804,-3.945312244571601,4.02147979966601,-7.966792044237611,-34.556861327755946,18.444727719862083,-30.53538152808994,22.466207519528094,-9.992632108715844,8.149327483716883,-2.847078793148938,-1.5946968076032324,0.4565217391304348,0.0,0.590756732374311,78.0,0.6666666666666666,,,,,
reversal,CNY,1,2021-07…2021-12,WINDOW_CLOSING,slow,180,0.0,12,12,0.5,0.490634993147556,1.0190875232774674,0.5095437616387337,1.5286312849162011,0.5,0.490634993147556,1.0190875232774674,-8.843432932629327,15.419590225075302,-24.26302315770463,-67.65378184058268,23.590390819910297,-52.23419161550738,39.0099810449856,-29.51941629010135,1.4945587461066872,20.187640121896536,-1.5946968076032324,0.4565217391304348,0.0,0.590756732374311,78.0,0.6666666666666666,,,,,
reversal,CNY,1,2021-07…2021-12,WINDOW_CLOSING,slow,180,10.0,12,12,0.5,0.490634993147556,1.0190875232774674,0.5095437616387337,1.5286312849162011,0.5,0.490634993147556,1.0190875232774674,-8.843432932629327,15.419590225075302,-24.26302315770463,-67.65378184058268,23.590390819910297,-52.23419161550738,39.0099810449856,-29.51941629010135,1.4945587461066872,20.187640121896536,-1.5946968076032324,0.4565217391304348,0.0,0.590756732374311,78.0,0.6666666666666666,,,,,
reversal,CNY,1,2021-07…2021-12,WINDOW_CLOSING,slow,180,25.0,12,12,0.5,0.490634993147556,1.0190875232774674,0.5095437616387337,1.5286312849162011,0.5,0.490634993147556,1.0190875232774674,-8.843432932629327,15.419590225075302,-24.26302315770463,-67.65378184058268,23.590390819910297,-52.23419161550738,39.0099810449856,-29.51941629010135,1.4945587461066872,20.187640121896536,-1.5946968076032324,0.4565217391304348,0.0,0.590756732374311,78.0,0.6666666666666666,0.5,0.4449975111996018,12.0,1.1236017897091723,-16.043512665914683
reversal,CNY,1,2021-07…2021-12,WINDOW_CLOSING,slow,180,50.0,12,12,0.5,0.490634993147556,1.0190875232774674,0.5095437616387337,1.5286312849162011,0.5,0.490634993147556,1.0190875232774674,-8.843432932629327,15.419590225075302,-24.26302315770463,-67.65378184058268,23.590390819910297,-52.23419161550738,39.0099810449856,-29.51941629010135,1.4945587461066872,20.187640121896536,-1.5946968076032324,0.4565217391304348,0.0,0.590756732374311,78.0,0.6666666666666666,,,,,
dip_vs_trend,CNY,1,2021-07…2021-12,BUY_NOW,medium,1,0.0,15,15,0.7333333333333333,0.509365006852444,1.4397010463378177,0.9161733931240659,1.8323467862481317,0.7333333333333333,0.509365006852444,1.4397010463378177,3.79938201762949,0.19956092634610959,3.5998210912833803,-0.9861478862352205,8.23226860312631,-0.786586959889111,8.431829529472418,1.2360122673041318,14.05286101893092,6.613438001613033,4.9485333835769625,0.5706521739130435,0.0,0.22976213321625105,84.0,0.6666666666666666,,,,,
dip_vs_trend,CNY,1,2021-07…2021-12,BUY_NOW,medium,1,10.0,15,15,0.9333333333333333,0.8209227957971676,1.1369319235763309,0.9745130773511409,1.218141346688926,0.9333333333333333,0.8209227957971676,1.1369319235763309,3.79938201762949,0.19956092634610959,3.5998210912833803,-0.9861478862352205,8.23226860312631,-0.786586959889111,8.431829529472418,1.2360122673041318,14.05286101893092,6.613438001613033,4.9485333835769625,0.5706521739130435,0.0,0.22976213321625105,84.0,0.6666666666666666,,,,,
dip_vs_trend,CNY,1,2021-07…2021-12,BUY_NOW,medium,1,25.0,15,15,1.0,0.9730470534490635,1.0276995305164318,1.0276995305164318,1.0276995305164318,1.0,0.9730470534490635,1.0276995305164318,3.79938201762949,0.19956092634610959,3.5998210912833803,-0.9861478862352205,8.23226860312631,-0.786586959889111,8.431829529472418,1.2360122673041318,14.05286101893092,6.613438001613033,4.9485333835769625,0.5706521739130435,0.0,0.22976213321625105,84.0,0.6666666666666666,,,,,
dip_vs_trend,CNY,1,2021-07…2021-12,BUY_NOW,medium,1,50.0,15,15,1.0,0.9954317039744175,1.0045892611289582,1.0045892611289582,1.0045892611289582,1.0,0.9954317039744175,1.0045892611289582,3.79938201762949,0.19956092634610959,3.5998210912833803,-0.9861478862352205,8.23226860312631,-0.786586959889111,8.431829529472418,1.2360122673041318,14.05286101893092,6.613438001613033,4.9485333835769625,0.5706521739130435,0.0,0.22976213321625105,84.0,0.6666666666666666,,,,,
dip_vs_trend,CNY,1,2021-07…2021-12,BUY_NOW,medium,4,0.0,15,15,0.4,0.26998629511192324,1.4815566835871405,0.49385222786238014,2.4692611393119006,0.6666666666666666,0.49840109639104613,1.3376107546593339,2.9494334619675215,0.4920612823540986,2.457372179613423,-6.371076340823668,10.267037250952336,-5.8790150584695695,10.759098533306435,1.120296484036128,10.265981373693094,5.0796649766948025,4.9485333835769625,0.5706521739130435,0.0,0.22976213321625105,84.0,0.6666666666666666,,,,,
dip_vs_trend,CNY,1,2021-07…2021-12,BUY_NOW,medium,4,10.0,15,15,0.7333333333333333,0.5577889447236181,1.3147147147147147,0.8366366366366367,1.6732732732732734,0.9333333333333333,0.7651895842850617,1.2197412935323384,2.9494334619675215,0.4920612823540986,2.457372179613423,-6.371076340823668,10.267037250952336,-5.8790150584695695,10.759098533306435,1.120296484036128,10.265981373693094,5.0796649766948025,4.9485333835769625,0.5706521739130435,0.0,0.22976213321625105,84.0,0.6666666666666666,,,,,
dip_vs_trend,CNY,1,2021-07…2021-12,BUY_NOW,medium,4,25.0,15,15,0.9333333333333333,0.8222932846048424,1.135037037037037,0.9728888888888889,1.2161111111111111,0.9333333333333333,0.9360438556418456,0.9971042785098423,2.9494334619675215,0.4920612823540986,2.457372179613423,-6.371076340823668,10.267037250952336,-5.8790150584695695,10.759098533306435,1.120296484036128,10.265981373693094,5.0796649766948025,4.9485333835769625,0.5706521739130435,0.0,0.22976213321625105,84.0,0.6666666666666666,,,,,
dip_vs_trend,CNY,1,2021-07…2021-12,BUY_NOW,medium,4,50.0,15,15,0.9333333333333333,0.9620831429876656,0.9701171256726813,0.8315289648622982,1.0394112060778726,1.0,0.9936043855641845,1.0064367816091955,2.9494334619675215,0.4920612823540986,2.457372179613423,-6.371076340823668,10.267037250952336,-5.8790150584695695,10.759098533306435,1.120296484036128,10.265981373693094,5.0796649766948025,4.9485333835769625,0.5706521739130435,0.0,0.22976213321625105,84.0,0.6666666666666666,,,,,
dip_vs_trend,CNY,1,2021-07…2021-12,BUY_NOW,medium,9,0.0,15,15,0.4,0.17496573777980814,2.286161879895561,0.7620539599651871,3.810269799825935,0.6,0.4997715851987209,1.2005484460694698,5.537097537089049,0.9253731244030012,4.611724412686048,-7.01336939416225,14.921304403722615,-6.087996269759249,15.846677528125618,4.634145461466048,9.148905839581056,7.464216489330007,4.9485333835769625,0.5706521739130435,0.0,0.22976213321625105,84.0,0.6666666666666666,,,,,
dip_vs_trend,CNY,1,2021-07…2021-12,BUY_NOW,medium,9,10.0,15,15,0.6,0.3846505253540429,1.559857482185273,0.8665874901029296,2.0798099762470312,0.7333333333333333,0.6920968478757423,1.0595819581958195,5.537097537089049,0.9253731244030012,4.611724412686048,-7.01336939416225,14.921304403722615,-6.087996269759249,15.846677528125618,4.634145461466048,9.148905839581056,7.464216489330007,4.9485333835769625,0.5706521739130435,0.0,0.22976213321625105,84.0,0.6666666666666666,,,,,
dip_vs_trend,CNY,1,2021-07…2021-12,BUY_NOW,medium,9,25.0,15,15,0.8,0.6601187756966651,1.2119031141868513,0.9089273356401384,1.5148788927335641,0.9333333333333333,0.8844221105527639,1.0553030303030302,5.537097537089049,0.9253731244030012,4.611724412686048,-7.01336939416225,14.921304403722615,-6.087996269759249,15.846677528125618,4.634145461466048,9.148905839581056,7.464216489330007,4.9485333835769625,0.5706521739130435,0.0,0.22976213321625105,84.0,0.6666666666666666,,,,,
dip_vs_trend,CNY,1,2021-07…2021-12,BUY_NOW,medium,9,50.0,15,15,0.8666666666666667,0.8844221105527639,0.9799242424242424,0.7537878787878787,1.1306818181818181,0.9333333333333333,0.9840109639104614,0.9484989167440421,5.537097537089049,0.9253731244030012,4.611724412686048,-7.01336939416225,14.921304403722615,-6.087996269759249,15.846677528125618,4.634145461466048,9.148905839581056,7.464216489330007,4.9485333835769625,0.5706521739130435,0.0,0.22976213321625105,84.0,0.6666666666666666,,,,,
dip_vs_trend,CNY,1,2021-07…2021-12,BUY_NOW,medium,45,0.0,15,15,0.06666666666666667,0.07537688442211055,0.8844444444444445,0.0,2.6533333333333338,0.6,0.5079945180447692,1.1811151079136692,5.82124893629876,4.02147979966601,1.79976913663275,-21.776759952548442,27.102947805421046,-17.75528015288243,31.124427605087057,1.5736921446827619,22.811476102762757,15.775780034115693,4.9485333835769625,0.5706521739130435,0.0,0.22976213321625105,84.0,0.6666666666666666,,,,,
dip_vs_trend,CNY,1,2021-07…2021-12,BUY_NOW,medium,45,10.0,15,15,0.2,0.17633622658748288,1.1341968911917097,0.0,2.2683937823834195,0.8,0.5893101873001371,1.3575193798449612,5.82124893629876,4.02147979966601,1.79976913663275,-21.776759952548442,27.102947805421046,-17.75528015288243,31.124427605087057,1.5736921446827619,22.811476102762757,15.775780034115693,4.9485333835769625,0.5706521739130435,0.0,0.22976213321625105,84.0,0.6666666666666666,,,,,
dip_vs_trend,CNY,1,2021-07…2021-12,BUY_NOW,medium,45,25.0,15,15,0.5333333333333333,0.349474645957058,1.5261002178649237,0.7630501089324618,2.289150326797386,0.8666666666666667,0.7217907720420284,1.200717299578059,5.82124893629876,4.02147979966601,1.79976913663275,-21.776759952548442,27.102947805421046,-17.75528015288243,31.124427605087057,1.5736921446827619,22.811476102762757,15.775780034115693,4.9485333835769625,0.5706521739130435,0.0,0.22976213321625105,84.0,0.6666666666666666,,,,,
dip_vs_trend,CNY,1,2021-07…2021-12,BUY_NOW,medium,45,50.0,15,15,0.5333333333333333,0.5733211512105985,0.9302523240371846,0.4651261620185923,1.395378486055777,0.8666666666666667,0.8912745545911375,0.9723902272338972,5.82124893629876,4.02147979966601,1.79976913663275,-21.776759952548442,27.102947805421046,-17.75528015288243,31.124427605087057,1.5736921446827619,22.811476102762757,15.775780034115693,4.9485333835769625,0.5706521739130435,0.0,0.22976213321625105,84.0,0.6666666666666666,,,,,
dip_vs_trend,CNY,1,2021-07…2021-12,BUY_NOW,medium,180,0.0,15,15,0.06666666666666667,0.04202832343535861,1.586231884057971,0.0,4.758695652173913,0.26666666666666666,0.4641388761991777,0.5745406824146981,-0.19358520632809662,15.419590225075302,-15.613175431403398,-52.95624292802436,27.58374604940895,-37.536652702949056,43.003336274484255,-9.001913757998489,2.0084969315894945,32.712934955918534,4.9485333835769625,0.5706521739130435,0.0,0.22976213321625105,84.0,0.6666666666666666,,,,,
dip_vs_trend,CNY,1,2021-07…2021-12,BUY_NOW,medium,180,10.0,15,15,0.06666666666666667,0.08634079488350845,0.7721340388007055,0.0,2.316402116402117,0.4666666666666667,0.5157606212882595,0.9048125184529081,-0.19358520632809662,15.419590225075302,-15.613175431403398,-52.95624292802436,27.58374604940895,-37.536652702949056,43.003336274484255,-9.001913757998489,2.0084969315894945,32.712934955918534,4.9485333835769625,0.5706521739130435,0.0,0.22976213321625105,84.0,0.6666666666666666,,,,,
dip_vs_trend,CNY,1,2021-07…2021-12,BUY_NOW,medium,180,25.0,15,15,0.13333333333333333,0.163544997715852,0.8152700186219739,0.0,2.038175046554935,0.4666666666666667,0.6025582457743262,0.7744756128380086,-0.19358520632809662,15.419590225075302,-15.613175431403398,-52.95624292802436,27.58374604940895,-37.536652702949056,43.003336274484255,-9.001913757998489,2.0084969315894945,32.712934955918534,4.9485333835769625,0.5706521739130435,0.0,0.22976213321625105,84.0,0.6666666666666666,0.4666666666666667,0.5679442508710801,15.0,0.8216768916155419,-7.393664939613451
dip_vs_trend,CNY,1,2021-07…2021-12,BUY_NOW,medium,180,50.0,15,15,0.13333333333333333,0.2896299680219278,0.46035751840168243,0.0,1.150893796004206,0.7333333333333333,0.7766103243490178,0.9442745098039216,-0.19358520632809662,15.419590225075302,-15.613175431403398,-52.95624292802436,27.58374604940895,-37.536652702949056,43.003336274484255,-9.001913757998489,2.0084969315894945,32.712934955918534,4.9485333835769625,0.5706521739130435,0.0,0.22976213321625105,84.0,0.6666666666666666,,,,,
momentum,CNY,2,2022-01…2022-06,BUY_NOW,fast,1,0.0,49,49,0.5306122448979592,0.5044490075290896,1.05186497937031,0.7686705618475342,1.3350593968930857,0.5306122448979592,0.5044490075290896,1.05186497937031,6.7540589898958645,-1.6981033703915458,8.45216236028741,-16.078254131446506,33.8143856741075,-17.776357501838053,32.116282303715955,-28.57402532718691,33.88899528992061,35.12191983152192,22.884096650192703,1.8950276243093922,0.0,0.40086652149919677,11.0,0.0,,,,,
momentum,CNY,2,2022-01…2022-06,BUY_NOW,fast,1,10.0,49,49,0.6530612244897959,0.6358658453114305,1.0270424639177522,0.8344720019331737,1.2196129259023307,0.6530612244897959,0.6358658453114305,1.0270424639177522,6.7540589898958645,-1.6981033703915458,8.45216236028741,-16.078254131446506,33.8143856741075,-17.776357501838053,32.116282303715955,-28.57402532718691,33.88899528992061,35.12191983152192,22.884096650192703,1.8950276243093922,0.0,0.40086652149919677,11.0,0.0,,,,,
momentum,CNY,2,2022-01…2022-06,BUY_NOW,fast,1,25.0,49,49,0.7551020408163265,0.7419575633127995,1.017715942465547,0.8526809247684314,1.1827509601626627,0.7551020408163265,0.7419575633127995,1.017715942465547,6.7540589898958645,-1.6981033703915458,8.45216236028741,-16.078254131446506,33.8143856741075,-17.776357501838053,32.116282303715955,-28.57402532718691,33.88899528992061,35.12191983152192,22.884096650192703,1.8950276243093922,0.0,0.40086652149919677,11.0,0.0,,,,,
momentum,CNY,2,2022-01…2022-06,BUY_NOW,fast,1,50.0,49,49,0.8571428571428571,0.8459958932238193,1.0131761442441054,0.8925599365959975,1.110272191400829,0.8571428571428571,0.8459958932238193,1.0131761442441054,6.7540589898958645,-1.6981033703915458,8.45216236028741,-16.078254131446506,33.8143856741075,-17.776357501838053,32.116282303715955,-28.57402532718691,33.88899528992061,35.12191983152192,22.884096650192703,1.8950276243093922,0.0,0.40086652149919677,11.0,0.0,,,,,
momentum,CNY,2,2022-01…2022-06,BUY_NOW,fast,4,0.0,49,49,0.32653061224489793,0.2662559890485969,1.2263784691254391,0.7664865432033996,1.6862703950474789,0.46938775510204084,0.4722792607802875,0.9938775510204082,16.629323880450134,-4.259324674853742,20.888648555303874,-18.880089210988878,67.42253191163424,-23.13941388584262,63.163207236780494,-51.3806007883506,73.67799105610533,65.6163432540186,22.884096650192703,1.8950276243093922,0.0,0.40086652149919677,11.0,0.0,,,,,
momentum,CNY,2,2022-01…2022-06,BUY_NOW,fast,4,10.0,49,49,0.40816326530612246,0.3538672142368241,1.1534362294240714,0.7497335491256464,1.5571389097224961,0.6326530612244898,0.5530458590006845,1.1439432208526976,16.629323880450134,-4.259324674853742,20.888648555303874,-18.880089210988878,67.42253191163424,-23.13941388584262,63.163207236780494,-51.3806007883506,73.67799105610533,65.6163432540186,22.884096650192703,1.8950276243093922,0.0,0.40086652149919677,11.0,0.0,,,,,
momentum,CNY,2,2022-01…2022-06,BUY_NOW,fast,4,25.0,49,49,0.42857142857142855,0.4668035592060233,0.9180980310012568,0.6120653540008378,1.2241307080016757,0.7346938775510204,0.6529774127310062,1.1251443973815942,16.629323880450134,-4.259324674853742,20.888648555303874,-18.880089210988878,67.42253191163424,-23.13941388584262,63.163207236780494,-51.3806007883506,73.67799105610533,65.6163432540186,22.884096650192703,1.8950276243093922,0.0,0.40086652149919677,11.0,0.0,,,,,
momentum,CNY,2,2022-01…2022-06,BUY_NOW,fast,4,50.0,49,49,0.6938775510204082,0.6194387405886379,1.1201713834705154,0.9216704250761079,1.3178486864359005,0.8163265306122449,0.7700205338809035,1.0601360544217686,16.629323880450134,-4.259324674853742,20.888648555303874,-18.880089210988878,67.42253191163424,-23.13941388584262,63.163207236780494,-51.3806007883506,73.67799105610533,65.6163432540186,22.884096650192703,1.8950276243093922,0.0,0.40086652149919677,11.0,0.0,,,,,
momentum,CNY,2,2022-01…2022-06,BUY_NOW,fast,9,0.0,49,49,0.14285714285714285,0.15537303216974674,0.9194461925739459,0.39404836824597683,1.5761934729839073,0.5102040816326531,0.44490075290896647,1.1467817896389325,3.919707620731812,-8.692753656940512,12.612461277672324,-32.05980517871329,67.26618832904663,-40.7525588356538,58.57343467210611,-73.66475484174205,64.79659793639456,43.913662973483106,22.884096650192703,1.8950276243093922,0.0,0.40086652149919677,11.0,0.0,,,,,
momentum,CNY,2,2022-01…2022-06,BUY_NOW,fast,9,10.0,49,49,0.22448979591836735,0.21697467488021902,1.034635936393485,0.5643468743964463,1.598982810789931,0.6122448979591837,0.49828884325804246,1.228694774613142,3.919707620731812,-8.692753656940512,12.612461277672324,-32.05980517871329,67.26618832904663,-40.7525588356538,58.57343467210611,-73.66475484174205,64.79659793639456,43.913662973483106,22.884096650192703,1.8950276243093922,0.0,0.40086652149919677,11.0,0.0,,,,,
momentum,CNY,2,2022-01…2022-06,BUY_NOW,fast,9,25.0,49,49,0.2857142857142857,0.2991101984941821,0.9552141222621771,0.5458366412926726,1.4328211833932656,0.673469387755102,0.5845311430527036,1.1521531329159298,3.919707620731812,-8.692753656940512,12.612461277672324,-32.05980517871329,67.26618832904663,-40.7525588356538,58.57343467210611,-73.66475484174205,64.79659793639456,43.913662973483106,22.884096650192703,1.8950276243093922,0.0,0.40086652149919677,11.0,0.0,,,,,
momentum,CNY,2,2022-01…2022-06,BUY_NOW,fast,9,50.0,49,49,0.5102040816326531,0.44284736481861736,1.152099170425512,0.8295114027063686,1.474686938144655,0.7551020408163265,0.6933607118412046,1.0890464774261135,3.919707620731812,-8.692753656940512,12.612461277672324,-32.05980517871329,67.26618832904663,-40.7525588356538,58.57343467210611,-73.66475484174205,64.79659793639456,43.913662973483106,22.884096650192703,1.8950276243093922,0.0,0.40086652149919677,11.0,0.0,,,,,
momentum,CNY,2,2022-01…2022-06,BUY_NOW,fast,45,0.0,49,49,0.02040816326530612,0.07529089664613278,0.27105751391465677,0.0,0.8131725417439704,0.3469387755102041,0.3874058863791923,0.8955433763611452,-41.59434309301486,-32.28239248845792,-9.311950604556934,-135.60523025833191,132.94426792237414,-167.88762274678984,100.66187543391622,-313.8831150613976,155.7670501811888,49.13427281729379,22.884096650192703,1.8950276243093922,0.0,0.40086652149919677,11.0,0.0,,,,,
momentum,CNY,2,2022-01…2022-06,BUY_NOW,fast,45,10.0,49,49,0.02040816326530612,0.10472279260780287,0.1948779511804722,0.0,0.5846338535414166,0.3469387755102041,0.40451745379876797,0.8576608308297938,-41.59434309301486,-32.28239248845792,-9.311950604556934,-135.60523025833191,132.94426792237414,-167.88762274678984,100.66187543391622,-313.8831150613976,155.7670501811888,49.13427281729379,22.884096650192703,1.8950276243093922,0.0,0.40086652149919677,11.0,0.0,,,,,
momentum,CNY,2,2022-01…2022-06,BUY_NOW,fast,45,25.0,49,49,0.08163265306122448,0.1430527036276523,0.5706473977150668,0.1426618494287667,1.1412947954301336,0.40816326530612246,0.43600273785078714,0.936148399705251,-41.59434309301486,-32.28239248845792,-9.311950604556934,-135.60523025833191,132.94426792237414,-167.88762274678984,100.66187543391622,-313.8831150613976,155.7670501811888,49.13427281729379,22.884096650192703,1.8950276243093922,0.0,0.40086652149919677,11.0,0.0,,,,,
momentum,CNY,2,2022-01…2022-06,BUY_NOW,fast,45,50.0,49,49,0.1836734693877551,0.1998631074606434,0.9189963656695556,0.40844282918646907,1.4295499021526419,0.40816326530612246,0.4811772758384668,0.8482596452521265,-41.59434309301486,-32.28239248845792,-9.311950604556934,-135.60523025833191,132.94426792237414,-167.88762274678984,100.66187543391622,-313.8831150613976,155.7670501811888,49.13427281729379,22.884096650192703,1.8950276243093922,0.0,0.40086652149919677,11.0,0.0,,,,,
momentum,CNY,2,2022-01…2022-06,BUY_NOW,fast,180,0.0,49,49,0.02040816326530612,0.040383299110198494,0.5053614666205465,0.0,1.5160843998616396,0.42857142857142855,0.43600273785078714,0.9829558196905135,-126.51088438064909,-82.58881085319796,-43.92207352745113,-335.227097566243,291.1339504347383,-417.815908419441,208.54513958154038,-937.0599280062452,534.6584548880603,131.64475289143186,22.884096650192703,1.8950276243093922,0.0,0.40086652149919677,11.0,0.0,,,,,
momentum,CNY,2,2022-01…2022-06,BUY_NOW,fast,180,10.0,49,49,0.02040816326530612,0.06091718001368925,0.3350149048383398,0.0,1.0050447145150194,0.42857142857142855,0.44216290212183434,0.9692613887660327,-126.51088438064909,-82.58881085319796,-43.92207352745113,-335.227097566243,291.1339504347383,-417.815908419441,208.54513958154038,-937.0599280062452,534.6584548880603,131.64475289143186,22.884096650192703,1.8950276243093922,0.0,0.40086652149919677,11.0,0.0,,,,,
momentum,CNY,2,2022-01…2022-06,BUY_NOW,fast,180,25.0,49,49,0.08163265306122448,0.08966461327857632,0.9104221841408319,0.22760554603520797,1.8208443682816637,0.46938775510204084,0.45722108145106094,1.026610045215691,-126.51088438064909,-82.58881085319796,-43.92207352745113,-335.227097566243,291.1339504347383,-417.815908419441,208.54513958154038,-937.0599280062452,534.6584548880603,131.64475289143186,22.884096650192703,1.8950276243093922,0.0,0.40086652149919677,11.0,0.0,0.45454545454545453,0.4410616705698673,44.0,1.0305711987127917,-51.4451119189806
momentum,CNY,2,2022-01…2022-06,BUY_NOW,fast,180,50.0,49,49,0.12244897959183673,0.1327857631759069,0.9221544287818221,0.30738480959394066,1.6906164527666738,0.46938775510204084,0.47433264887063653,0.9895750507995407,-126.51088438064909,-82.58881085319796,-43.92207352745113,-335.227097566243,291.1339504347383,-417.815908419441,208.54513958154038,-937.0599280062452,534.6584548880603,131.64475289143186,22.884096650192703,1.8950276243093922,0.0,0.40086652149919677,11.0,0.0,,,,,
level,CNY,2,2022-01…2022-06,BUY_NOW,medium,1,0.0,8,8,0.25,0.5044490075290896,0.4955902306648576,0.0,0.9911804613297152,0.25,0.5044490075290896,0.4955902306648576,-22.44548383767503,-1.6981033703915458,-20.747380467283485,-52.12324477469658,4.249073234114403,-53.82134814508812,2.550969863722857,-26.629236217941887,-3.5861574323103884,-4.623413276281242,-101.09594606726668,0.30939226519337015,0.0,0.5464485269715587,113.0,0.5,,,,,
level,CNY,2,2022-01…2022-06,BUY_NOW,medium,1,10.0,8,8,0.5,0.6358658453114305,0.7863293864370291,0.19658234660925727,1.3760764262648009,0.5,0.6358658453114305,0.7863293864370291,-22.44548383767503,-1.6981033703915458,-20.747380467283485,-52.12324477469658,4.249073234114403,-53.82134814508812,2.550969863722857,-26.629236217941887,-3.5861574323103884,-4.623413276281242,-101.09594606726668,0.30939226519337015,0.0,0.5464485269715587,113.0,0.5,,,,,
level,CNY,2,2022-01…2022-06,BUY_NOW,medium,1,25.0,8,8,0.625,0.7419575633127995,0.8423662361623616,0.505419741697417,1.1793127306273061,0.625,0.7419575633127995,0.8423662361623616,-22.44548383767503,-1.6981033703915458,-20.747380467283485,-52.12324477469658,4.249073234114403,-53.82134814508812,2.550969863722857,-26.629236217941887,-3.5861574323103884,-4.623413276281242,-101.09594606726668,0.30939226519337015,0.0,0.5464485269715587,113.0,0.5,,,,,
level,CNY,2,2022-01…2022-06,BUY_NOW,medium,1,50.0,8,8,0.875,0.8459958932238193,1.0342839805825244,0.7387742718446602,1.1820388349514563,0.875,0.8459958932238193,1.0342839805825244,-22.44548383767503,-1.6981033703915458,-20.747380467283485,-52.12324477469658,4.249073234114403,-53.82134814508812,2.550969863722857,-26.629236217941887,-3.5861574323103884,-4.623413276281242,-101.09594606726668,0.30939226519337015,0.0,0.5464485269715587,113.0,0.5,,,,,
level,CNY,2,2022-01…2022-06,BUY_NOW,medium,4,0.0,8,8,0.0,0.2662559890485969,0.0,0.0,0.0,0.125,0.4722792607802875,0.26467391304347826,-82.64812092132645,-4.259324674853742,-78.38879624647271,-156.11358440617062,-23.646718025891268,-160.37290908102435,-27.90604270074501,-223.5691704712195,-23.1755424063107,-30.747845841450207,-101.09594606726668,0.30939226519337015,0.0,0.5464485269715587,113.0,0.5,,,,,
level,CNY,2,2022-01…2022-06,BUY_NOW,medium,4,10.0,8,8,0.125,0.3538672142368241,0.35323984526112184,0.0,1.0597195357833655,0.125,0.5530458590006845,0.2260210396039604,-82.64812092132645,-4.259324674853742,-78.38879624647271,-156.11358440617062,-23.646718025891268,-160.37290908102435,-27.90604270074501,-223.5691704712195,-23.1755424063107,-30.747845841450207,-101.09594606726668,0.30939226519337015,0.0,0.5464485269715587,113.0,0.5,,,,,
level,CNY,2,2022-01…2022-06,BUY_NOW,medium,4,25.0,8,8,0.125,0.4668035592060233,0.26777859237536655,0.0,0.8033357771260997,0.375,0.6529774127310062,0.5742924528301887,-82.64812092132645,-4.259324674853742,-78.38879624647271,-156.11358440617062,-23.646718025891268,-160.37290908102435,-27.90604270074501,-223.5691704712195,-23.1755424063107,-30.747845841450207,-101.09594606726668,0.30939226519337015,0.0,0.5464485269715587,113.0,0.5,,,,,
level,CNY,2,2022-01…2022-06,BUY_NOW,medium,4,50.0,8,8,0.375,0.6194387405886379,0.6053867403314918,0.20179558011049725,1.2107734806629835,0.375,0.7700205338809035,0.487,-82.64812092132645,-4.259324674853742,-78.38879624647271,-156.11358440617062,-23.646718025891268,-160.37290908102435,-27.90604270074501,-223.5691704712195,-23.1755424063107,-30.747845841450207,-101.09594606726668,0.30939226519337015,0.0,0.5464485269715587,113.0,0.5,,,,,
level,CNY,2,2022-01…2022-06,BUY_NOW,medium,9,0.0,8,8,0.0,0.15537303216974674,0.0,0.0,0.0,0.125,0.44490075290896647,0.2809615384615385,-112.5590575113329,-8.692753656940512,-103.86630385439238,-215.6994481830512,-16.505997780074438,-224.3922018399917,-25.198751437014952,-307.5102315191641,-23.30006176160082,-41.90905521039581,-101.09594606726668,0.30939226519337015,0.0,0.5464485269715587,113.0,0.5,,,,,
level,CNY,2,2022-01…2022-06,BUY_NOW,medium,9,10.0,8,8,0.0,0.21697467488021902,0.0,0.0,0.0,0.25,0.49828884325804246,0.501717032967033,-112.5590575113329,-8.692753656940512,-103.86630385439238,-215.6994481830512,-16.505997780074438,-224.3922018399917,-25.198751437014952,-307.5102315191641,-23.30006176160082,-41.90905521039581,-101.09594606726668,0.30939226519337015,0.0,0.5464485269715587,113.0,0.5,,,,,
level,CNY,2,2022-01…2022-06,BUY_NOW,medium,9,25.0,8,8,0.0,0.2991101984941821,0.0,0.0,0.0,0.5,0.5845311430527036,0.8553864168618267,-112.5590575113329,-8.692753656940512,-103.86630385439238,-215.6994481830512,-16.505997780074438,-224.3922018399917,-25.198751437014952,-307.5102315191641,-23.30006176160082,-41.90905521039581,-101.09594606726668,0.30939226519337015,0.0,0.5464485269715587,113.0,0.5,,,,,
level,CNY,2,2022-01…2022-06,BUY_NOW,medium,9,50.0,8,8,0.25,0.44284736481861736,0.5645285935085008,0.0,1.1290571870170016,0.5,0.6933607118412046,0.7211253701875617,-112.5590575113329,-8.692753656940512,-103.86630385439238,-215.6994481830512,-16.505997780074438,-224.3922018399917,-25.198751437014952,-307.5102315191641,-23.30006176160082,-41.90905521039581,-101.09594606726668,0.30939226519337015,0.0,0.5464485269715587,113.0,0.5,,,,,
level,CNY,2,2022-01…2022-06,BUY_NOW,medium,45,0.0,8,8,0.0,0.07529089664613278,0.0,0.0,0.0,0.25,0.3874058863791923,0.6453180212014135,-266.03178902388686,-32.28239248845792,-233.74939653542893,-418.8712052519915,-29.24391739631217,-451.1535977404494,-61.52630988477009,-583.2260817090951,-138.01540156339965,-112.01569607091622,-101.09594606726668,0.30939226519337015,0.0,0.5464485269715587,113.0,0.5,,,,,
level,CNY,2,2022-01…2022-06,BUY_NOW,medium,45,10.0,8,8,0.0,0.10472279260780287,0.0,0.0,0.0,0.25,0.40451745379876797,0.618020304568528,-266.03178902388686,-32.28239248845792,-233.74939653542893,-418.8712052519915,-29.24391739631217,-451.1535977404494,-61.52630988477009,-583.2260817090951,-138.01540156339965,-112.01569607091622,-101.09594606726668,0.30939226519337015,0.0,0.5464485269715587,113.0,0.5,,,,,
level,CNY,2,2022-01…2022-06,BUY_NOW,medium,45,25.0,8,8,0.0,0.1430527036276523,0.0,0.0,0.0,0.25,0.43600273785078714,0.5733908948194663,-266.03178902388686,-32.28239248845792,-233.74939653542893,-418.8712052519915,-29.24391739631217,-451.1535977404494,-61.52630988477009,-583.2260817090951,-138.01540156339965,-112.01569607091622,-101.09594606726668,0.30939226519337015,0.0,0.5464485269715587,113.0,0.5,,,,,
level,CNY,2,2022-01…2022-06,BUY_NOW,medium,45,50.0,8,8,0.0,0.1998631074606434,0.0,0.0,0.0,0.25,0.4811772758384668,0.5195590327169275,-266.03178902388686,-32.28239248845792,-233.74939653542893,-418.8712052519915,-29.24391739631217,-451.1535977404494,-61.52630988477009,-583.2260817090951,-138.01540156339965,-112.01569607091622,-101.09594606726668,0.30939226519337015,0.0,0.5464485269715587,113.0,0.5,,,,,
level,CNY,2,2022-01…2022-06,BUY_NOW,medium,180,0.0,8,8,0.0,0.040383299110198494,0.0,0.0,0.0,0.25,0.43600273785078714,0.5733908948194663,-540.4928963161756,-82.58881085319796,-457.9040854629776,-851.0815754287404,7.440096919656625,-933.6703862819384,-75.14871393354133,-1239.8461936923466,-315.3937635766632,-15.454236149993193,-101.09594606726668,0.30939226519337015,0.0,0.5464485269715587,113.0,0.5,,,,,
level,CNY,2,2022-01…2022-06,BUY_NOW,medium,180,10.0,8,8,0.0,0.06091718001368925,0.0,0.0,0.0,0.25,0.44216290212183434,0.5654024767801857,-540.4928963161756,-82.58881085319796,-457.9040854629776,-851.0815754287404,7.440096919656625,-933.6703862819384,-75.14871393354133,-1239.8461936923466,-315.3937635766632,-15.454236149993193,-101.09594606726668,0.30939226519337015,0.0,0.5464485269715587,113.0,0.5,,,,,
level,CNY,2,2022-01…2022-06,BUY_NOW,medium,180,25.0,8,8,0.0,0.08966461327857632,0.0,0.0,0.0,0.25,0.45722108145106094,0.5467814371257484,-540.4928963161756,-82.58881085319796,-457.9040854629776,-851.0815754287404,7.440096919656625,-933.6703862819384,-75.14871393354133,-1239.8461936923466,-315.3937635766632,-15.454236149993193,-101.09594606726668,0.30939226519337015,0.0,0.5464485269715587,113.0,0.5,0.0,0.4410616705698673,4.0,0.0,-769.1894524501912
level,CNY,2,2022-01…2022-06,BUY_NOW,medium,180,50.0,8,8,0.0,0.1327857631759069,0.0,0.0,0.0,0.25,0.47433264887063653,0.5270562770562771,-540.4928963161756,-82.58881085319796,-457.9040854629776,-851.0815754287404,7.440096919656625,-933.6703862819384,-75.14871393354133,-1239.8461936923466,-315.3937635766632,-15.454236149993193,-101.09594606726668,0.30939226519337015,0.0,0.5464485269715587,113.0,0.5,,,,,
reversal,CNY,2,2022-01…2022-06,WINDOW_CLOSING,slow,1,0.0,16,16,0.5625,0.5044490075290896,1.1150780189959295,0.619487788331072,1.6106682496607871,0.5625,0.5044490075290896,1.1150780189959295,32.68817703588056,-1.6981033703915458,34.3862804062721,-20.50941343938495,110.34086818660218,-22.207516809776497,108.64276481621063,-2.461717197826952,85.7385504846934,-3.3791363973011843,-32.268982385952725,0.6187845303867403,0.0,0.031800987342451945,109.0,0.5,,,,,
reversal,CNY,2,2022-01…2022-06,WINDOW_CLOSING,slow,1,10.0,16,16,0.5625,0.5044490075290896,1.1150780189959295,0.619487788331072,1.6106682496607871,0.5625,0.5044490075290896,1.1150780189959295,32.68817703588056,-1.6981033703915458,34.3862804062721,-20.50941343938495,110.34086818660218,-22.207516809776497,108.64276481621063,-2.461717197826952,85.7385504846934,-3.3791363973011843,-32.268982385952725,0.6187845303867403,0.0,0.031800987342451945,109.0,0.5,,,,,
reversal,CNY,2,2022-01…2022-06,WINDOW_CLOSING,slow,1,25.0,16,16,0.5625,0.5044490075290896,1.1150780189959295,0.619487788331072,1.6106682496607871,0.5625,0.5044490075290896,1.1150780189959295,32.68817703588056,-1.6981033703915458,34.3862804062721,-20.50941343938495,110.34086818660218,-22.207516809776497,108.64276481621063,-2.461717197826952,85.7385504846934,-3.3791363973011843,-32.268982385952725,0.6187845303867403,0.0,0.031800987342451945,109.0,0.5,,,,,
reversal,CNY,2,2022-01…2022-06,WINDOW_CLOSING,slow,1,50.0,16,16,0.5625,0.5044490075290896,1.1150780189959295,0.619487788331072,1.6106682496607871,0.5625,0.5044490075290896,1.1150780189959295,32.68817703588056,-1.6981033703915458,34.3862804062721,-20.50941343938495,110.34086818660218,-22.207516809776497,108.64276481621063,-2.461717197826952,85.7385504846934,-3.3791363973011843,-32.268982385952725,0.6187845303867403,0.0,0.031800987342451945,109.0,0.5,,,,,
reversal,CNY,2,2022-01…2022-06,WINDOW_CLOSING,slow,4,0.0,16,16,0.5,0.47638603696098564,1.0495689655172413,0.5247844827586207,1.574353448275862,0.5,0.47638603696098564,1.0495689655172413,18.741832252822803,-4.259324674853742,23.001156927676547,-43.38434002488977,102.49416215389905,-47.64366469974351,98.23483747904531,-38.98059484943187,48.57260721676194,-6.19269512563435,-32.268982385952725,0.6187845303867403,0.0,0.031800987342451945,109.0,0.5,,,,,
reversal,CNY,2,2022-01…2022-06,WINDOW_CLOSING,slow,4,10.0,16,16,0.5,0.47638603696098564,1.0495689655172413,0.5247844827586207,1.574353448275862,0.5,0.47638603696098564,1.0495689655172413,18.741832252822803,-4.259324674853742,23.001156927676547,-43.38434002488977,102.49416215389905,-47.64366469974351,98.23483747904531,-38.98059484943187,48.57260721676194,-6.19269512563435,-32.268982385952725,0.6187845303867403,0.0,0.031800987342451945,109.0,0.5,,,,,
reversal,CNY,2,2022-01…2022-06,WINDOW_CLOSING,slow,4,25.0,16,16,0.5,0.47638603696098564,1.0495689655172413,0.5247844827586207,1.574353448275862,0.5,0.47638603696098564,1.0495689655172413,18.741832252822803,-4.259324674853742,23.001156927676547,-43.38434002488977,102.49416215389905,-47.64366469974351,98.23483747904531,-38.98059484943187,48.57260721676194,-6.19269512563435,-32.268982385952725,0.6187845303867403,0.0,0.031800987342451945,109.0,0.5,,,,,
reversal,CNY,2,2022-01…2022-06,WINDOW_CLOSING,slow,4,50.0,16,16,0.5,0.47638603696098564,1.0495689655172413,0.5247844827586207,1.574353448275862,0.5,0.47638603696098564,1.0495689655172413,18.741832252822803,-4.259324674853742,23.001156927676547,-43.38434002488977,102.49416215389905,-47.64366469974351,98.23483747904531,-38.98059484943187,48.57260721676194,-6.19269512563435,-32.268982385952725,0.6187845303867403,0.0,0.031800987342451945,109.0,0.5,,,,,
reversal,CNY,2,2022-01…2022-06,WINDOW_CLOSING,slow,9,0.0,16,16,0.25,0.41546885694729635,0.6017298187808896,0.1504324546952224,1.2034596375617792,0.25,0.41546885694729635,0.6017298187808896,-11.145966026685223,-8.692753656940512,-2.45321236974471,-88.80475789436785,105.5988348469766,-97.49751155130836,96.90608119003609,-107.94485904188781,23.18010549500963,2.9740484953137045,-32.268982385952725,0.6187845303867403,0.0,0.031800987342451945,109.0,0.5,,,,,
reversal,CNY,2,2022-01…2022-06,WINDOW_CLOSING,slow,9,10.0,16,16,0.25,0.41546885694729635,0.6017298187808896,0.1504324546952224,1.2034596375617792,0.25,0.41546885694729635,0.6017298187808896,-11.145966026685223,-8.692753656940512,-2.45321236974471,-88.80475789436785,105.5988348469766,-97.49751155130836,96.90608119003609,-107.94485904188781,23.18010549500963,2.9740484953137045,-32.268982385952725,0.6187845303867403,0.0,0.031800987342451945,109.0,0.5,,,,,
reversal,CNY,2,2022-01…2022-06,WINDOW_CLOSING,slow,9,25.0,16,16,0.25,0.41546885694729635,0.6017298187808896,0.1504324546952224,1.2034596375617792,0.25,0.41546885694729635,0.6017298187808896,-11.145966026685223,-8.692753656940512,-2.45321236974471,-88.80475789436785,105.5988348469766,-97.49751155130836,96.90608119003609,-107.94485904188781,23.18010549500963,2.9740484953137045,-32.268982385952725,0.6187845303867403,0.0,0.031800987342451945,109.0,0.5,,,,,
reversal,CNY,2,2022-01…2022-06,WINDOW_CLOSING,slow,9,50.0,16,16,0.25,0.41546885694729635,0.6017298187808896,0.1504324546952224,1.2034596375617792,0.25,0.41546885694729635,0.6017298187808896,-11.145966026685223,-8.692753656940512,-2.45321236974471,-88.80475789436785,105.5988348469766,-97.49751155130836,96.90608119003609,-107.94485904188781,23.18010549500963,2.9740484953137045,-32.268982385952725,0.6187845303867403,0.0,0.031800987342451945,109.0,0.5,,,,,
reversal,CNY,2,2022-01…2022-06,WINDOW_CLOSING,slow,45,0.0,16,16,0.1875,0.37097878165639975,0.505419741697417,0.0,1.010839483394834,0.1875,0.37097878165639975,0.505419741697417,-161.81286266769735,-32.28239248845792,-129.53047017923942,-301.76678997471845,75.90640668392952,-334.04918246317635,43.624014195471595,-410.0064422920217,-73.86843137806466,31.825211091135728,-32.268982385952725,0.6187845303867403,0.0,0.031800987342451945,109.0,0.5,,,,,
reversal,CNY,2,2022-01…2022-06,WINDOW_CLOSING,slow,45,10.0,16,16,0.1875,0.37097878165639975,0.505419741697417,0.0,1.010839483394834,0.1875,0.37097878165639975,0.505419741697417,-161.81286266769735,-32.28239248845792,-129.53047017923942,-301.76678997471845,75.90640668392952,-334.04918246317635,43.624014195471595,-410.0064422920217,-73.86843137806466,31.825211091135728,-32.268982385952725,0.6187845303867403,0.0,0.031800987342451945,109.0,0.5,,,,,
reversal,CNY,2,2022-01…2022-06,WINDOW_CLOSING,slow,45,25.0,16,16,0.1875,0.37097878165639975,0.505419741697417,0.0,1.010839483394834,0.1875,0.37097878165639975,0.505419741697417,-161.81286266769735,-32.28239248845792,-129.53047017923942,-301.76678997471845,75.90640668392952,-334.04918246317635,43.624014195471595,-410.0064422920217,-73.86843137806466,31.825211091135728,-32.268982385952725,0.6187845303867403,0.0,0.031800987342451945,109.0,0.5,,,,,
reversal,CNY,2,2022-01…2022-06,WINDOW_CLOSING,slow,45,50.0,16,16,0.1875,0.37097878165639975,0.505419741697417,0.0,1.010839483394834,0.1875,0.37097878165639975,0.505419741697417,-161.81286266769735,-32.28239248845792,-129.53047017923942,-301.76678997471845,75.90640668392952,-334.04918246317635,43.624014195471595,-410.0064422920217,-73.86843137806466,31.825211091135728,-32.268982385952725,0.6187845303867403,0.0,0.031800987342451945,109.0,0.5,,,,,
reversal,CNY,2,2022-01…2022-06,WINDOW_CLOSING,slow,180,0.0,16,16,0.3125,0.42299794661190965,0.7387742718446602,0.2955097087378641,1.3297936893203883,0.3125,0.42299794661190965,0.7387742718446602,-383.97024991253556,-82.58881085319796,-301.3814390593376,-615.2920409691066,-4.29835789613324,-697.8808518223045,-86.8871687493312,-1230.8291706511072,-104.87226440681769,268.3187567786996,-32.268982385952725,0.6187845303867403,0.0,0.031800987342451945,109.0,0.5,,,,,
reversal,CNY,2,2022-01…2022-06,WINDOW_CLOSING,slow,180,10.0,16,16,0.3125,0.42299794661190965,0.7387742718446602,0.2955097087378641,1.3297936893203883,0.3125,0.42299794661190965,0.7387742718446602,-383.97024991253556,-82.58881085319796,-301.3814390593376,-615.2920409691066,-4.29835789613324,-697.8808518223045,-86.8871687493312,-1230.8291706511072,-104.87226440681769,268.3187567786996,-32.268982385952725,0.6187845303867403,0.0,0.031800987342451945,109.0,0.5,,,,,
reversal,CNY,2,2022-01…2022-06,WINDOW_CLOSING,slow,180,25.0,16,16,0.3125,0.42299794661190965,0.7387742718446602,0.2955097087378641,1.3297936893203883,0.3125,0.42299794661190965,0.7387742718446602,-383.97024991253556,-82.58881085319796,-301.3814390593376,-615.2920409691066,-4.29835789613324,-697.8808518223045,-86.8871687493312,-1230.8291706511072,-104.87226440681769,268.3187567786996,-32.268982385952725,0.6187845303867403,0.0,0.031800987342451945,109.0,0.5,0.0,0.3708040593286495,10.0,0.0,-514.0671837955882
reversal,CNY,2,2022-01…2022-06,WINDOW_CLOSING,slow,180,50.0,16,16,0.3125,0.42299794661190965,0.7387742718446602,0.2955097087378641,1.3297936893203883,0.3125,0.42299794661190965,0.7387742718446602,-383.97024991253556,-82.58881085319796,-301.3814390593376,-615.2920409691066,-4.29835789613324,-697.8808518223045,-86.8871687493312,-1230.8291706511072,-104.87226440681769,268.3187567786996,-32.268982385952725,0.6187845303867403,0.0,0.031800987342451945,109.0,0.5,,,,,
dip_vs_trend,CNY,2,2022-01…2022-06,BUY_NOW,medium,1,0.0,23,23,0.6521739130434783,0.5044490075290896,1.2928440799952807,0.861896053330187,1.6376025013273554,0.6521739130434783,0.5044490075290896,1.2928440799952807,27.36029283230757,-1.6981033703915458,29.058396202699118,-12.192257375940878,82.3026546057035,-13.890360746332425,80.60455123531194,11.199360862403003,48.94112692802285,25.330551271055786,-19.59479123970957,0.8895027624309392,0.0,1.7132208032815135,48.0,0.16666666666666666,,,,,
dip_vs_trend,CNY,2,2022-01…2022-06,BUY_NOW,medium,1,10.0,23,23,0.6956521739130435,0.6358658453114305,1.0940234941732578,0.7521411522441148,1.3675293677165723,0.6956521739130435,0.6358658453114305,1.0940234941732578,27.36029283230757,-1.6981033703915458,29.058396202699118,-12.192257375940878,82.3026546057035,-13.890360746332425,80.60455123531194,11.199360862403003,48.94112692802285,25.330551271055786,-19.59479123970957,0.8895027624309392,0.0,1.7132208032815135,48.0,0.16666666666666666,,,,,
dip_vs_trend,CNY,2,2022-01…2022-06,BUY_NOW,medium,1,25.0,23,23,0.7391304347826086,0.7419575633127995,0.9961896358094015,0.7617920744424834,1.2305871971763194,0.7391304347826086,0.7419575633127995,0.9961896358094015,27.36029283230757,-1.6981033703915458,29.058396202699118,-12.192257375940878,82.3026546057035,-13.890360746332425,80.60455123531194,11.199360862403003,48.94112692802285,25.330551271055786,-19.59479123970957,0.8895027624309392,0.0,1.7132208032815135,48.0,0.16666666666666666,,,,,
dip_vs_trend,CNY,2,2022-01…2022-06,BUY_NOW,medium,1,50.0,23,23,0.8260869565217391,0.8459958932238193,0.9764668636555509,0.7708948923596455,1.13064584212748,0.8260869565217391,0.8459958932238193,0.9764668636555509,27.36029283230757,-1.6981033703915458,29.058396202699118,-12.192257375940878,82.3026546057035,-13.890360746332425,80.60455123531194,11.199360862403003,48.94112692802285,25.330551271055786,-19.59479123970957,0.8895027624309392,0.0,1.7132208032815135,48.0,0.16666666666666666,,,,,
dip_vs_trend,CNY,2,2022-01…2022-06,BUY_NOW,medium,4,0.0,23,23,0.43478260869565216,0.2662559890485969,1.6329495920420252,0.8164747960210126,2.4494243880630377,0.5217391304347826,0.4722792607802875,1.104725897920605,-1.0686952528577631,-4.259324674853742,3.190629421995979,-47.92115362053181,62.709611366181136,-52.180478295385555,58.45028669132739,-15.94950680394566,26.512010639676863,5.665619189322241,-19.59479123970957,0.8895027624309392,0.0,1.7132208032815135,48.0,0.16666666666666666,,,,,
dip_vs_trend,CNY,2,2022-01…2022-06,BUY_NOW,medium,4,10.0,23,23,0.4782608695652174,0.3538672142368241,1.3515263644773359,0.7371961988058194,1.965856530148852,0.5652173913043478,0.5530458590006845,1.0220081790787774,-1.0686952528577631,-4.259324674853742,3.190629421995979,-47.92115362053181,62.709611366181136,-52.180478295385555,58.45028669132739,-15.94950680394566,26.512010639676863,5.665619189322241,-19.59479123970957,0.8895027624309392,0.0,1.7132208032815135,48.0,0.16666666666666666,,,,,
dip_vs_trend,CNY,2,2022-01…2022-06,BUY_NOW,medium,4,25.0,23,23,0.5217391304347826,0.4668035592060233,1.1176845594797908,0.6519826596965447,1.583386459263037,0.6521739130434783,0.6529774127310062,0.9987694831829368,-1.0686952528577631,-4.259324674853742,3.190629421995979,-47.92115362053181,62.709611366181136,-52.180478295385555,58.45028669132739,-15.94950680394566,26.512010639676863,5.665619189322241,-19.59479123970957,0.8895027624309392,0.0,1.7132208032815135,48.0,0.16666666666666666,,,,,
dip_vs_trend,CNY,2,2022-01…2022-06,BUY_NOW,medium,4,50.0,23,23,0.6521739130434783,0.6194387405886379,1.0528465049243334,0.7018976699495556,1.3336055729041556,0.6956521739130435,0.7700205338809035,0.9034202898550724,-1.0686952528577631,-4.259324674853742,3.190629421995979,-47.92115362053181,62.709611366181136,-52.180478295385555,58.45028669132739,-15.94950680394566,26.512010639676863,5.665619189322241,-19.59479123970957,0.8895027624309392,0.0,1.7132208032815135,48.0,0.16666666666666666,,,,,
dip_vs_trend,CNY,2,2022-01…2022-06,BUY_NOW,medium,9,0.0,23,23,0.21739130434782608,0.15537303216974674,1.399157249569048,0.5596628998276193,2.5184830492242867,0.43478260869565216,0.44490075290896647,0.977257525083612,-18.69522078900526,-8.692753656940512,-10.002467132064746,-73.53256789635317,64.22887829133302,-82.22532155329368,55.53612463439251,-45.80835295887042,32.659516459380754,14.180586112699933,-19.59479123970957,0.8895027624309392,0.0,1.7132208032815135,48.0,0.16666666666666666,,,,,
dip_vs_trend,CNY,2,2022-01…2022-06,BUY_NOW,medium,9,10.0,23,23,0.2608695652173913,0.21697467488021902,1.2023042106706898,0.4007680702235633,2.0038403511178164,0.4782608695652174,0.49828884325804246,0.9598064978499761,-18.69522078900526,-8.692753656940512,-10.002467132064746,-73.53256789635317,64.22887829133302,-82.22532155329368,55.53612463439251,-45.80835295887042,32.659516459380754,14.180586112699933,-19.59479123970957,0.8895027624309392,0.0,1.7132208032815135,48.0,0.16666666666666666,,,,,
dip_vs_trend,CNY,2,2022-01…2022-06,BUY_NOW,medium,9,25.0,23,23,0.2608695652173913,0.2991101984941821,0.8721520246741618,0.2907173415580539,1.4535867077902695,0.5217391304347826,0.5845311430527036,0.8925771306384279,-18.69522078900526,-8.692753656940512,-10.002467132064746,-73.53256789635317,64.22887829133302,-82.22532155329368,55.53612463439251,-45.80835295887042,32.659516459380754,14.180586112699933,-19.59479123970957,0.8895027624309392,0.0,1.7132208032815135,48.0,0.16666666666666666,,,,,
dip_vs_trend,CNY,2,2022-01…2022-06,BUY_NOW,medium,9,50.0,23,23,0.30434782608695654,0.44284736481861736,0.6872522007929576,0.2945366574826961,1.079967744103219,0.6521739130434783,0.6933607118412046,0.940598308940298,-18.69522078900526,-8.692753656940512,-10.002467132064746,-73.53256789635317,64.22887829133302,-82.22532155329368,55.53612463439251,-45.80835295887042,32.659516459380754,14.180586112699933,-19.59479123970957,0.8895027624309392,0.0,1.7132208032815135,48.0,0.16666666666666666,,,,,
dip_vs_trend,CNY,2,2022-01…2022-06,BUY_NOW,medium,45,0.0,23,23,0.08695652173913043,0.07529089664613278,1.1549407114624506,0.0,2.8873517786561265,0.34782608695652173,0.3874058863791923,0.8978337686280534,-149.2825173820486,-32.28239248845792,-117.00012489359068,-250.53932126026612,26.174948006603763,-282.82171374872405,-6.1074444818541584,-213.09664586335197,-35.12327675419485,49.88542216378358,-19.59479123970957,0.8895027624309392,0.0,1.7132208032815135,48.0,0.16666666666666666,,,,,
dip_vs_trend,CNY,2,2022-01…2022-06,BUY_NOW,medium,45,10.0,23,23,0.08695652173913043,0.10472279260780287,0.8303495311167945,0.0,2.075873827791986,0.391304347826087,0.40451745379876797,0.9673361288898699,-149.2825173820486,-32.28239248845792,-117.00012489359068,-250.53932126026612,26.174948006603763,-282.82171374872405,-6.1074444818541584,-213.09664586335197,-35.12327675419485,49.88542216378358,-19.59479123970957,0.8895027624309392,0.0,1.7132208032815135,48.0,0.16666666666666666,,,,,
dip_vs_trend,CNY,2,2022-01…2022-06,BUY_NOW,medium,45,25.0,23,23,0.08695652173913043,0.1430527036276523,0.6078635323486582,0.0,1.5196588308716454,0.43478260869565216,0.43600273785078714,0.9972015562077674,-149.2825173820486,-32.28239248845792,-117.00012489359068,-250.53932126026612,26.174948006603763,-282.82171374872405,-6.1074444818541584,-213.09664586335197,-35.12327675419485,49.88542216378358,-19.59479123970957,0.8895027624309392,0.0,1.7132208032815135,48.0,0.16666666666666666,,,,,
dip_vs_trend,CNY,2,2022-01…2022-06,BUY_NOW,medium,45,50.0,23,23,0.08695652173913043,0.1998631074606434,0.43508040500297795,0.0,1.0877010125074449,0.43478260869565216,0.4811772758384668,0.9035809264642216,-149.2825173820486,-32.28239248845792,-117.00012489359068,-250.53932126026612,26.174948006603763,-282.82171374872405,-6.1074444818541584,-213.09664586335197,-35.12327675419485,49.88542216378358,-19.59479123970957,0.8895027624309392,0.0,1.7132208032815135,48.0,0.16666666666666666,,,,,
dip_vs_trend,CNY,2,2022-01…2022-06,BUY_NOW,medium,180,0.0,23,23,0.043478260869565216,0.040383299110198494,1.0766396462785557,0.0,3.229918938835667,0.30434782608695654,0.43600273785078714,0.6980410893454372,-482.1742056542682,-82.58881085319796,-399.5853948010702,-661.764204325995,-117.64468902817369,-744.353015179193,-200.23349988137164,-925.4900422129042,-43.54255836623339,318.2533977579814,-19.59479123970957,0.8895027624309392,0.0,1.7132208032815135,48.0,0.16666666666666666,,,,,
dip_vs_trend,CNY,2,2022-01…2022-06,BUY_NOW,medium,180,10.0,23,23,0.043478260869565216,0.06091718001368925,0.7137274059599413,0.0,2.141182217879824,0.30434782608695654,0.44216290212183434,0.6883160586889219,-482.1742056542682,-82.58881085319796,-399.5853948010702,-661.764204325995,-117.64468902817369,-744.353015179193,-200.23349988137164,-925.4900422129042,-43.54255836623339,318.2533977579814,-19.59479123970957,0.8895027624309392,0.0,1.7132208032815135,48.0,0.16666666666666666,,,,,
dip_vs_trend,CNY,2,2022-01…2022-06,BUY_NOW,medium,180,25.0,23,23,0.043478260869565216,0.08966461327857632,0.48489877198805176,0.0,1.4546963159641553,0.30434782608695654,0.45722108145106094,0.6656469669356938,-482.1742056542682,-82.58881085319796,-399.5853948010702,-661.764204325995,-117.64468902817369,-744.353015179193,-200.23349988137164,-925.4900422129042,-43.54255836623339,318.2533977579814,-19.59479123970957,0.8895027624309392,0.0,1.7132208032815135,48.0,0.16666666666666666,0.17647058823529413,0.4410616705698673,17.0,0.4001041124414368,-553.8073860015505
dip_vs_trend,CNY,2,2022-01…2022-06,BUY_NOW,medium,180,50.0,23,23,0.043478260869565216,0.1327857631759069,0.32743164500224115,0.0,0.9822949350067235,0.30434782608695654,0.47433264887063653,0.6416337285902504,-482.1742056542682,-82.58881085319796,-399.5853948010702,-661.764204325995,-117.64468902817369,-744.353015179193,-200.23349988137164,-925.4900422129042,-43.54255836623339,318.2533977579814,-19.59479123970957,0.8895027624309392,0.0,1.7132208032815135,48.0,0.16666666666666666,,,,,
momentum,CNY,3,2022-07…2022-12,BUY_NOW,fast,1,0.0,45,45,0.5111111111111111,0.54337899543379,0.9406162464985993,0.6543417366946779,1.2268907563025209,0.5111111111111111,0.54337899543379,0.9406162464985993,-3.490676730838964,1.5059812083078044,-4.996657939146768,-20.96794612904626,12.020433991536768,-19.461964920738456,13.526415199844573,-23.546712607636362,9.021089465396706,9.551742589447702,-1.1500487120858067,1.7119565217391306,0.0,0.5235911833412852,9.0,0.0,,,,,
momentum,CNY,3,2022-07…2022-12,BUY_NOW,fast,1,10.0,45,45,0.6888888888888889,0.6979778212654925,0.9869781931464175,0.7959501557632399,1.178006230529595,0.6888888888888889,0.6979778212654925,0.9869781931464175,-3.490676730838964,1.5059812083078044,-4.996657939146768,-20.96794612904626,12.020433991536768,-19.461964920738456,13.526415199844573,-23.546712607636362,9.021089465396706,9.551742589447702,-1.1500487120858067,1.7119565217391306,0.0,0.5235911833412852,9.0,0.0,,,,,
momentum,CNY,3,2022-07…2022-12,BUY_NOW,fast,1,25.0,45,45,0.7777777777777778,0.837573385518591,0.9286085150571133,0.7694184839044653,1.0612668743509865,0.7777777777777778,0.837573385518591,0.9286085150571133,-3.490676730838964,1.5059812083078044,-4.996657939146768,-20.96794612904626,12.020433991536768,-19.461964920738456,13.526415199844573,-23.546712607636362,9.021089465396706,9.551742589447702,-1.1500487120858067,1.7119565217391306,0.0,0.5235911833412852,9.0,0.0,,,,,
momentum,CNY,3,2022-07…2022-12,BUY_NOW,fast,1,50.0,45,45,0.9111111111111111,0.9262883235485975,0.9836150234741784,0.8876525821596244,1.055586854460094,0.9111111111111111,0.9262883235485975,0.9836150234741784,-3.490676730838964,1.5059812083078044,-4.996657939146768,-20.96794612904626,12.020433991536768,-19.461964920738456,13.526415199844573,-23.546712607636362,9.021089465396706,9.551742589447702,-1.1500487120858067,1.7119565217391306,0.0,0.5235911833412852,9.0,0.0,,,,,
momentum,CNY,3,2022-07…2022-12,BUY_NOW,fast,4,0.0,45,45,0.3333333333333333,0.3202870189171559,1.0407331975560081,0.6244399185336049,1.526408689748812,0.5777777777777777,0.5348988910632746,1.0801626016260162,-5.300449196439239,3.334586189728991,-8.63503538616823,-31.31525616042962,12.430833142140015,-27.980669970700628,15.765419331869007,-26.78769584764892,9.965295112519001,25.646920991848326,-1.1500487120858067,1.7119565217391306,0.0,0.5235911833412852,9.0,0.0,,,,,
momentum,CNY,3,2022-07…2022-12,BUY_NOW,fast,4,10.0,45,45,0.4666666666666667,0.4370515329419439,1.0677611940298508,0.7626865671641792,1.4236815920398012,0.6,0.6536203522504892,0.9179640718562875,-5.300449196439239,3.334586189728991,-8.63503538616823,-31.31525616042962,12.430833142140015,-27.980669970700628,15.765419331869007,-26.78769584764892,9.965295112519001,25.646920991848326,-1.1500487120858067,1.7119565217391306,0.0,0.5235911833412852,9.0,0.0,,,,,
momentum,CNY,3,2022-07…2022-12,BUY_NOW,fast,4,25.0,45,45,0.6,0.6020874103065884,0.9965330444203683,0.7381726254965691,1.2548934633441675,0.7777777777777778,0.7808219178082192,0.9961013645224172,-5.300449196439239,3.334586189728991,-8.63503538616823,-31.31525616042962,12.430833142140015,-27.980669970700628,15.765419331869007,-26.78769584764892,9.965295112519001,25.646920991848326,-1.1500487120858067,1.7119565217391306,0.0,0.5235911833412852,9.0,0.0,,,,,
momentum,CNY,3,2022-07…2022-12,BUY_NOW,fast,4,50.0,45,45,0.7555555555555555,0.7645140247879973,0.9882821387940842,0.8138794084186576,1.133617747440273,0.8666666666666667,0.8806262230919765,0.9841481481481482,-5.300449196439239,3.334586189728991,-8.63503538616823,-31.31525616042962,12.430833142140015,-27.980669970700628,15.765419331869007,-26.78769584764892,9.965295112519001,25.646920991848326,-1.1500487120858067,1.7119565217391306,0.0,0.5235911833412852,9.0,0.0,,,,,
momentum,CNY,3,2022-07…2022-12,BUY_NOW,fast,9,0.0,45,45,0.24444444444444444,0.22048271363339855,1.1086785009861932,0.6047337278106509,1.7134122287968443,0.5555555555555556,0.5277234181343771,1.0527400082406262,-6.0060262030392755,5.804686893818339,-11.810713096857615,-35.302657096928755,10.822997306948885,-29.49797020311042,16.627684200767224,-26.99871363299157,10.93923498932514,22.396810887618056,-1.1500487120858067,1.7119565217391306,0.0,0.5235911833412852,9.0,0.0,,,,,
momentum,CNY,3,2022-07…2022-12,BUY_NOW,fast,9,10.0,45,45,0.3333333333333333,0.30071754729288974,1.1084598698481563,0.6650759219088938,1.6257411424439625,0.6444444444444445,0.6216568819308546,1.0366561734872333,-6.0060262030392755,5.804686893818339,-11.810713096857615,-35.302657096928755,10.822997306948885,-29.49797020311042,16.627684200767224,-26.99871363299157,10.93923498932514,22.396810887618056,-1.1500487120858067,1.7119565217391306,0.0,0.5235911833412852,9.0,0.0,,,,,
momentum,CNY,3,2022-07…2022-12,BUY_NOW,fast,9,25.0,45,45,0.4444444444444444,0.4507501630789302,0.9860106126386879,0.6409068982151471,1.3311143270622288,0.7555555555555555,0.7299412915851272,1.0350908549299969,-6.0060262030392755,5.804686893818339,-11.810713096857615,-35.302657096928755,10.822997306948885,-29.49797020311042,16.627684200767224,-26.99871363299157,10.93923498932514,22.396810887618056,-1.1500487120858067,1.7119565217391306,0.0,0.5235911833412852,9.0,0.0,,,,,
momentum,CNY,3,2022-07…2022-12,BUY_NOW,fast,9,50.0,45,45,0.6888888888888889,0.6327462491846053,1.0887285223367698,0.8780068728522338,1.2994501718213058,0.8222222222222222,0.8297455968688845,0.9909329140461216,-6.0060262030392755,5.804686893818339,-11.810713096857615,-35.302657096928755,10.822997306948885,-29.49797020311042,16.627684200767224,-26.99871363299157,10.93923498932514,22.396810887618056,-1.1500487120858067,1.7119565217391306,0.0,0.5235911833412852,9.0,0.0,,,,,
momentum,CNY,3,2022-07…2022-12,BUY_NOW,fast,45,0.0,45,45,0.15555555555555556,0.12393998695368558,1.2550877192982457,0.5378947368421053,2.330877192982456,0.4666666666666667,0.5107632093933464,0.9136653895274585,-25.309835395672216,23.70462886200174,-49.01446425767396,-103.80871578511245,1.1484757888688861,-80.10408692311071,24.853104650870627,-91.86860339244139,25.806900173224403,3.346616734670219,-1.1500487120858067,1.7119565217391306,0.0,0.5235911833412852,9.0,0.0,,,,,
momentum,CNY,3,2022-07…2022-12,BUY_NOW,fast,45,10.0,45,45,0.17777777777777778,0.162426614481409,1.0945113788487284,0.4104417670682731,1.9153949129852745,0.5555555555555556,0.5701239399869537,0.9744469870327995,-25.309835395672216,23.70462886200174,-49.01446425767396,-103.80871578511245,1.1484757888688861,-80.10408692311071,24.853104650870627,-91.86860339244139,25.806900173224403,3.346616734670219,-1.1500487120858067,1.7119565217391306,0.0,0.5235911833412852,9.0,0.0,,,,,
momentum,CNY,3,2022-07…2022-12,BUY_NOW,fast,45,25.0,45,45,0.24444444444444444,0.24722765818656228,0.9887423043095867,0.5393139841688654,1.528056288478452,0.6,0.6268754076973255,0.9571279916753381,-25.309835395672216,23.70462886200174,-49.01446425767396,-103.80871578511245,1.1484757888688861,-80.10408692311071,24.853104650870627,-91.86860339244139,25.806900173224403,3.346616734670219,-1.1500487120858067,1.7119565217391306,0.0,0.5235911833412852,9.0,0.0,,,,,
momentum,CNY,3,2022-07…2022-12,BUY_NOW,fast,45,50.0,45,45,0.35555555555555557,0.3659491193737769,0.9715983363042188,0.6072489601901366,1.3966726084373142,0.6444444444444445,0.7162426614481409,0.8997571341833638,-25.309835395672216,23.70462886200174,-49.01446425767396,-103.80871578511245,1.1484757888688861,-80.10408692311071,24.853104650870627,-91.86860339244139,25.806900173224403,3.346616734670219,-1.1500487120858067,1.7119565217391306,0.0,0.5235911833412852,9.0,0.0,,,,,
momentum,CNY,3,2022-07…2022-12,BUY_NOW,fast,180,0.0,45,45,0.06666666666666667,0.09001956947162426,0.7405797101449275,0.0,1.7280193236714978,0.5111111111111111,0.54337899543379,0.9406162464985993,52.22609230400212,90.39009558470758,-38.16400328070546,-129.92239111593213,53.800678715426585,-39.53229553122455,144.19077430013417,-65.91280246618491,189.8036270523548,6.879168192872373,-1.1500487120858067,1.7119565217391306,0.0,0.5235911833412852,9.0,0.0,,,,,
momentum,CNY,3,2022-07…2022-12,BUY_NOW,fast,180,10.0,45,45,0.08888888888888889,0.11219830397912589,0.7922480620155039,0.19806201550387598,1.5844961240310078,0.5333333333333333,0.5505544683626875,0.9687203791469194,52.22609230400212,90.39009558470758,-38.16400328070546,-129.92239111593213,53.800678715426585,-39.53229553122455,144.19077430013417,-65.91280246618491,189.8036270523548,6.879168192872373,-1.1500487120858067,1.7119565217391306,0.0,0.5235911833412852,9.0,0.0,,,,,
momentum,CNY,3,2022-07…2022-12,BUY_NOW,fast,180,25.0,45,45,0.13333333333333333,0.16568819308545335,0.804724409448819,0.268241469816273,1.4753280839895013,0.5555555555555556,0.5740378343118069,0.9678030303030304,52.22609230400212,90.39009558470758,-38.16400328070546,-129.92239111593213,53.800678715426585,-39.53229553122455,144.19077430013417,-65.91280246618491,189.8036270523548,6.879168192872373,-1.1500487120858067,1.7119565217391306,0.0,0.5235911833412852,9.0,0.0,0.5681818181818182,0.5314116777531411,44.0,1.0691933240611964,0.855959880850186
momentum,CNY,3,2022-07…2022-12,BUY_NOW,fast,180,50.0,45,45,0.2,0.23483365949119372,0.8516666666666668,0.37851851851851853,1.324814814814815,0.6666666666666666,0.6177429876060013,1.079197465681098,52.22609230400212,90.39009558470758,-38.16400328070546,-129.92239111593213,53.800678715426585,-39.53229553122455,144.19077430013417,-65.91280246618491,189.8036270523548,6.879168192872373,-1.1500487120858067,1.7119565217391306,0.0,0.5235911833412852,9.0,0.0,,,,,
level,CNY,3,2022-07…2022-12,BUY_NOW,medium,1,0.0,38,38,0.6052631578947368,0.54337899543379,1.1138876603272887,0.8233082706766917,1.404467049977886,0.6052631578947368,0.54337899543379,1.1138876603272887,8.768841474847074,1.5059812083078044,7.26286026653927,-10.162958951486194,23.43536604355513,-8.65697774317839,24.941347251862936,-1.6560573364914113,21.286440770874837,16.91768608873799,1.6128413761916598,1.4456521739130435,0.0,0.531135294268365,35.0,0.16666666666666666,,,,,
level,CNY,3,2022-07…2022-12,BUY_NOW,medium,1,10.0,38,38,0.6578947368421053,0.6979778212654925,0.9425725528775211,0.7163551401869159,1.168789965568126,0.6578947368421053,0.6979778212654925,0.9425725528775211,8.768841474847074,1.5059812083078044,7.26286026653927,-10.162958951486194,23.43536604355513,-8.65697774317839,24.941347251862936,-1.6560573364914113,21.286440770874837,16.91768608873799,1.6128413761916598,1.4456521739130435,0.0,0.531135294268365,35.0,0.16666666666666666,,,,,
level,CNY,3,2022-07…2022-12,BUY_NOW,medium,1,25.0,38,38,0.868421052631579,0.837573385518591,1.0368298081652731,0.9111534677816037,1.1625061485489425,0.868421052631579,0.837573385518591,1.0368298081652731,8.768841474847074,1.5059812083078044,7.26286026653927,-10.162958951486194,23.43536604355513,-8.65697774317839,24.941347251862936,-1.6560573364914113,21.286440770874837,16.91768608873799,1.6128413761916598,1.4456521739130435,0.0,0.531135294268365,35.0,0.16666666666666666,,,,,
level,CNY,3,2022-07…2022-12,BUY_NOW,medium,1,50.0,38,38,0.9473684210526315,0.9262883235485975,1.0227575982209043,0.9375277983691624,1.0795774647887324,0.9473684210526315,0.9262883235485975,1.0227575982209043,8.768841474847074,1.5059812083078044,7.26286026653927,-10.162958951486194,23.43536604355513,-8.65697774317839,24.941347251862936,-1.6560573364914113,21.286440770874837,16.91768608873799,1.6128413761916598,1.4456521739130435,0.0,0.531135294268365,35.0,0.16666666666666666,,,,,
level,CNY,3,2022-07…2022-12,BUY_NOW,medium,4,0.0,38,38,0.39473684210526316,0.3202870189171559,1.232447207632115,0.7394683245792689,1.7254260906849612,0.5,0.5348988910632746,0.9347560975609757,-3.0223606377835934,3.334586189728991,-6.356946827512584,-29.488969143352175,14.781644446908324,-26.154382953623184,18.116230636637315,-34.71354258177933,24.702165948220724,15.000477528620198,1.6128413761916598,1.4456521739130435,0.0,0.531135294268365,35.0,0.16666666666666666,,,,,
level,CNY,3,2022-07…2022-12,BUY_NOW,medium,4,10.0,38,38,0.4473684210526316,0.4370515329419439,1.023605655930872,0.6623330714846819,1.384878240377062,0.5789473684210527,0.6536203522504892,0.8857548061771195,-3.0223606377835934,3.334586189728991,-6.356946827512584,-29.488969143352175,14.781644446908324,-26.154382953623184,18.116230636637315,-34.71354258177933,24.702165948220724,15.000477528620198,1.6128413761916598,1.4456521739130435,0.0,0.531135294268365,35.0,0.16666666666666666,,,,,
level,CNY,3,2022-07…2022-12,BUY_NOW,medium,4,25.0,38,38,0.5263157894736842,0.6020874103065884,0.8741517933512002,0.6119062553458402,1.1363973313565603,0.7368421052631579,0.7808219178082192,0.9436749769159741,-3.0223606377835934,3.334586189728991,-6.356946827512584,-29.488969143352175,14.781644446908324,-26.154382953623184,18.116230636637315,-34.71354258177933,24.702165948220724,15.000477528620198,1.6128413761916598,1.4456521739130435,0.0,0.531135294268365,35.0,0.16666666666666666,,,,,
level,CNY,3,2022-07…2022-12,BUY_NOW,medium,4,50.0,38,38,0.6842105263157895,0.7645140247879973,0.8949613795581104,0.6884318304293157,1.0670693371654392,0.8157894736842105,0.8806262230919765,0.926374269005848,-3.0223606377835934,3.334586189728991,-6.356946827512584,-29.488969143352175,14.781644446908324,-26.154382953623184,18.116230636637315,-34.71354258177933,24.702165948220724,15.000477528620198,1.6128413761916598,1.4456521739130435,0.0,0.531135294268365,35.0,0.16666666666666666,,,,,
level,CNY,3,2022-07…2022-12,BUY_NOW,medium,9,0.0,38,38,0.2631578947368421,0.22048271363339855,1.1935534101526004,0.5967767050763002,1.9096854562441608,0.5526315789473685,0.5277234181343771,1.0471992713551495,-3.183425589829162,5.804686893818339,-8.988112483647502,-30.732891962340034,13.077771960219057,-24.928205068521695,18.882458854037395,-39.3607353547504,29.787371706613275,13.703114691813294,1.6128413761916598,1.4456521739130435,0.0,0.531135294268365,35.0,0.16666666666666666,,,,,
level,CNY,3,2022-07…2022-12,BUY_NOW,medium,9,10.0,38,38,0.2894736842105263,0.30071754729288974,0.9626098869733989,0.5250599383491266,1.4876698253225256,0.631578947368421,0.6216568819308546,1.0159606781907549,-3.183425589829162,5.804686893818339,-8.988112483647502,-30.732891962340034,13.077771960219057,-24.928205068521695,18.882458854037395,-39.3607353547504,29.787371706613275,13.703114691813294,1.6128413761916598,1.4456521739130435,0.0,0.531135294268365,35.0,0.16666666666666666,,,,,
level,CNY,3,2022-07…2022-12,BUY_NOW,medium,9,25.0,38,38,0.4473684210526316,0.4507501630789302,0.9924975245639425,0.6422042806001981,1.3427907685276868,0.7105263157894737,0.7299412915851272,0.9734020036686891,-3.183425589829162,5.804686893818339,-8.988112483647502,-30.732891962340034,13.077771960219057,-24.928205068521695,18.882458854037395,-39.3607353547504,29.787371706613275,13.703114691813294,1.6128413761916598,1.4456521739130435,0.0,0.531135294268365,35.0,0.16666666666666666,,,,,
level,CNY,3,2022-07…2022-12,BUY_NOW,medium,9,50.0,38,38,0.6052631578947368,0.6327462491846053,0.9565653825284862,0.7070265870862724,1.2061041779707,0.7894736842105263,0.8297455968688845,0.951464746772592,-3.183425589829162,5.804686893818339,-8.988112483647502,-30.732891962340034,13.077771960219057,-24.928205068521695,18.882458854037395,-39.3607353547504,29.787371706613275,13.703114691813294,1.6128413761916598,1.4456521739130435,0.0,0.531135294268365,35.0,0.16666666666666666,,,,,
level,CNY,3,2022-07…2022-12,BUY_NOW,medium,45,0.0,38,38,0.10526315789473684,0.12393998695368558,0.8493074792243768,0.2123268698060942,1.6986149584487535,0.5263157894736842,0.5107632093933464,1.030449687436983,15.376744292779673,23.70462886200174,-8.327884569222068,-69.59706768085954,52.66503589166126,-45.89243881885779,76.369664753663,-24.31259444353264,61.258370829611444,21.114232272144907,1.6128413761916598,1.4456521739130435,0.0,0.531135294268365,35.0,0.16666666666666666,,,,,
level,CNY,3,2022-07…2022-12,BUY_NOW,medium,45,10.0,38,38,0.13157894736842105,0.162426614481409,0.8100824350031706,0.16201648700063412,1.6201648700063411,0.631578947368421,0.5701239399869537,1.1077923642057088,15.376744292779673,23.70462886200174,-8.327884569222068,-69.59706768085954,52.66503589166126,-45.89243881885779,76.369664753663,-24.31259444353264,61.258370829611444,21.114232272144907,1.6128413761916598,1.4456521739130435,0.0,0.531135294268365,35.0,0.16666666666666666,,,,,
level,CNY,3,2022-07…2022-12,BUY_NOW,medium,45,25.0,38,38,0.2894736842105263,0.24722765818656228,1.1708790445771422,0.6386612970420775,1.8095403416192197,0.7368421052631579,0.6268754076973255,1.175420340653924,15.376744292779673,23.70462886200174,-8.327884569222068,-69.59706768085954,52.66503589166126,-45.89243881885779,76.369664753663,-24.31259444353264,61.258370829611444,21.114232272144907,1.6128413761916598,1.4456521739130435,0.0,0.531135294268365,35.0,0.16666666666666666,,,,,
level,CNY,3,2022-07…2022-12,BUY_NOW,medium,45,50.0,38,38,0.3684210526315789,0.3659491193737769,1.0067548550520686,0.5752884886011821,1.4382212215029553,0.7631578947368421,0.7162426614481409,1.0655018694276677,15.376744292779673,23.70462886200174,-8.327884569222068,-69.59706768085954,52.66503589166126,-45.89243881885779,76.369664753663,-24.31259444353264,61.258370829611444,21.114232272144907,1.6128413761916598,1.4456521739130435,0.0,0.531135294268365,35.0,0.16666666666666666,,,,,
level,CNY,3,2022-07…2022-12,BUY_NOW,medium,180,0.0,38,38,0.02631578947368421,0.09001956947162426,0.2923340961098398,0.0,0.8770022883295194,0.5526315789473685,0.54337899543379,1.0170278637770898,29.67621654659743,90.39009558470758,-60.71387903811015,-146.05913656891883,28.483810751186567,-55.66904098421124,118.87390633589415,-51.362362337011255,129.23215735266615,37.417490927247975,1.6128413761916598,1.4456521739130435,0.0,0.531135294268365,35.0,0.16666666666666666,,,,,
level,CNY,3,2022-07…2022-12,BUY_NOW,medium,180,10.0,38,38,0.02631578947368421,0.11219830397912589,0.23454712362301103,0.0,0.703641370869033,0.5526315789473685,0.5505544683626875,1.0037727612871041,29.67621654659743,90.39009558470758,-60.71387903811015,-146.05913656891883,28.483810751186567,-55.66904098421124,118.87390633589415,-51.362362337011255,129.23215735266615,37.417490927247975,1.6128413761916598,1.4456521739130435,0.0,0.531135294268365,35.0,0.16666666666666666,,,,,
level,CNY,3,2022-07…2022-12,BUY_NOW,medium,180,25.0,38,38,0.10526315789473684,0.16568819308545335,0.6353087443016991,0.1588271860754248,1.2706174886033983,0.5526315789473685,0.5740378343118069,0.9627093301435408,29.67621654659743,90.39009558470758,-60.71387903811015,-146.05913656891883,28.483810751186567,-55.66904098421124,118.87390633589415,-51.362362337011255,129.23215735266615,37.417490927247975,1.6128413761916598,1.4456521739130435,0.0,0.531135294268365,35.0,0.16666666666666666,0.5526315789473685,0.5314116777531411,38.0,1.0399311909816267,-24.078560879478488
level,CNY,3,2022-07…2022-12,BUY_NOW,medium,180,50.0,38,38,0.15789473684210525,0.23483365949119372,0.6723684210526316,0.22412280701754386,1.2326754385964913,0.5789473684210527,0.6177429876060013,0.9371977991441116,29.67621654659743,90.39009558470758,-60.71387903811015,-146.05913656891883,28.483810751186567,-55.66904098421124,118.87390633589415,-51.362362337011255,129.23215735266615,37.417490927247975,1.6128413761916598,1.4456521739130435,0.0,0.531135294268365,35.0,0.16666666666666666,,,,,
reversal,CNY,3,2022-07…2022-12,WINDOW_CLOSING,slow,1,0.0,6,6,0.6666666666666666,0.54337899543379,1.2268907563025209,0.6134453781512604,1.8403361344537814,0.6666666666666666,0.54337899543379,1.2268907563025209,32.05584140559696,1.5059812083078044,30.549860197289153,-24.37381969699858,90.09059683606131,-22.867838488690776,91.59657804436911,-22.867838488690776,91.59657804436911,28.741059874000666,34.7078125959288,0.2282608695652174,0.0,0.0,161.0,0.8333333333333334,,,,,
reversal,CNY,3,2022-07…2022-12,WINDOW_CLOSING,slow,1,10.0,6,6,0.6666666666666666,0.54337899543379,1.2268907563025209,0.6134453781512604,1.8403361344537814,0.6666666666666666,0.54337899543379,1.2268907563025209,32.05584140559696,1.5059812083078044,30.549860197289153,-24.37381969699858,90.09059683606131,-22.867838488690776,91.59657804436911,-22.867838488690776,91.59657804436911,28.741059874000666,34.7078125959288,0.2282608695652174,0.0,0.0,161.0,0.8333333333333334,,,,,
reversal,CNY,3,2022-07…2022-12,WINDOW_CLOSING,slow,1,25.0,6,6,0.6666666666666666,0.54337899543379,1.2268907563025209,0.6134453781512604,1.8403361344537814,0.6666666666666666,0.54337899543379,1.2268907563025209,32.05584140559696,1.5059812083078044,30.549860197289153,-24.37381969699858,90.09059683606131,-22.867838488690776,91.59657804436911,-22.867838488690776,91.59657804436911,28.741059874000666,34.7078125959288,0.2282608695652174,0.0,0.0,161.0,0.8333333333333334,,,,,
reversal,CNY,3,2022-07…2022-12,WINDOW_CLOSING,slow,1,50.0,6,6,0.6666666666666666,0.54337899543379,1.2268907563025209,0.6134453781512604,1.8403361344537814,0.6666666666666666,0.54337899543379,1.2268907563025209,32.05584140559696,1.5059812083078044,30.549860197289153,-24.37381969699858,90.09059683606131,-22.867838488690776,91.59657804436911,-22.867838488690776,91.59657804436911,28.741059874000666,34.7078125959288,0.2282608695652174,0.0,0.0,161.0,0.8333333333333334,,,,,
reversal,CNY,3,2022-07…2022-12,WINDOW_CLOSING,slow,4,0.0,6,6,0.16666666666666666,0.547945205479452,0.30416666666666664,0.0,0.9125000000000001,0.16666666666666666,0.547945205479452,0.30416666666666664,-6.330655242891571,3.334586189728991,-9.665241432620562,-108.62820844378268,117.18384444758168,-105.29362225405369,120.51843063731067,-105.29362225405369,120.51843063731067,2.459894378815662,34.7078125959288,0.2282608695652174,0.0,0.0,161.0,0.8333333333333334,,,,,
reversal,CNY,3,2022-07…2022-12,WINDOW_CLOSING,slow,4,10.0,6,6,0.16666666666666666,0.547945205479452,0.30416666666666664,0.0,0.9125000000000001,0.16666666666666666,0.547945205479452,0.30416666666666664,-6.330655242891571,3.334586189728991,-9.665241432620562,-108.62820844378268,117.18384444758168,-105.29362225405369,120.51843063731067,-105.29362225405369,120.51843063731067,2.459894378815662,34.7078125959288,0.2282608695652174,0.0,0.0,161.0,0.8333333333333334,,,,,
reversal,CNY,3,2022-07…2022-12,WINDOW_CLOSING,slow,4,25.0,6,6,0.16666666666666666,0.547945205479452,0.30416666666666664,0.0,0.9125000000000001,0.16666666666666666,0.547945205479452,0.30416666666666664,-6.330655242891571,3.334586189728991,-9.665241432620562,-108.62820844378268,117.18384444758168,-105.29362225405369,120.51843063731067,-105.29362225405369,120.51843063731067,2.459894378815662,34.7078125959288,0.2282608695652174,0.0,0.0,161.0,0.8333333333333334,,,,,
reversal,CNY,3,2022-07…2022-12,WINDOW_CLOSING,slow,4,50.0,6,6,0.16666666666666666,0.547945205479452,0.30416666666666664,0.0,0.9125000000000001,0.16666666666666666,0.547945205479452,0.30416666666666664,-6.330655242891571,3.334586189728991,-9.665241432620562,-108.62820844378268,117.18384444758168,-105.29362225405369,120.51843063731067,-105.29362225405369,120.51843063731067,2.459894378815662,34.7078125959288,0.2282608695652174,0.0,0.0,161.0,0.8333333333333334,,,,,
reversal,CNY,3,2022-07…2022-12,WINDOW_CLOSING,slow,9,0.0,6,6,0.3333333333333333,0.5205479452054794,0.6403508771929824,0.0,1.280701754385965,0.3333333333333333,0.5205479452054794,0.6403508771929824,35.5564420501479,5.804686893818339,29.751755156329562,-100.72003587134229,232.9675105761147,-94.91534897752395,238.77219746993305,-94.91534897752395,238.77219746993305,47.07113363625985,34.7078125959288,0.2282608695652174,0.0,0.0,161.0,0.8333333333333334,,,,,
reversal,CNY,3,2022-07…2022-12,WINDOW_CLOSING,slow,9,10.0,6,6,0.3333333333333333,0.5205479452054794,0.6403508771929824,0.0,1.280701754385965,0.3333333333333333,0.5205479452054794,0.6403508771929824,35.5564420501479,5.804686893818339,29.751755156329562,-100.72003587134229,232.9675105761147,-94.91534897752395,238.77219746993305,-94.91534897752395,238.77219746993305,47.07113363625985,34.7078125959288,0.2282608695652174,0.0,0.0,161.0,0.8333333333333334,,,,,
reversal,CNY,3,2022-07…2022-12,WINDOW_CLOSING,slow,9,25.0,6,6,0.3333333333333333,0.5205479452054794,0.6403508771929824,0.0,1.280701754385965,0.3333333333333333,0.5205479452054794,0.6403508771929824,35.5564420501479,5.804686893818339,29.751755156329562,-100.72003587134229,232.9675105761147,-94.91534897752395,238.77219746993305,-94.91534897752395,238.77219746993305,47.07113363625985,34.7078125959288,0.2282608695652174,0.0,0.0,161.0,0.8333333333333334,,,,,
reversal,CNY,3,2022-07…2022-12,WINDOW_CLOSING,slow,9,50.0,6,6,0.3333333333333333,0.5205479452054794,0.6403508771929824,0.0,1.280701754385965,0.3333333333333333,0.5205479452054794,0.6403508771929824,35.5564420501479,5.804686893818339,29.751755156329562,-100.72003587134229,232.9675105761147,-94.91534897752395,238.77219746993305,-94.91534897752395,238.77219746993305,47.07113363625985,34.7078125959288,0.2282608695652174,0.0,0.0,161.0,0.8333333333333334,,,,,
reversal,CNY,3,2022-07…2022-12,WINDOW_CLOSING,slow,45,0.0,6,6,0.5,0.538160469667319,0.9290909090909091,0.30969696969696964,1.5484848484848486,0.5,0.538160469667319,0.9290909090909091,61.0870247268025,23.70462886200174,37.382395864800756,-291.61289200593757,399.3714429808404,-267.9082631439358,423.07607184284217,-267.9082631439358,423.07607184284217,42.16889828940325,34.7078125959288,0.2282608695652174,0.0,0.0,161.0,0.8333333333333334,,,,,
reversal,CNY,3,2022-07…2022-12,WINDOW_CLOSING,slow,45,10.0,6,6,0.5,0.538160469667319,0.9290909090909091,0.30969696969696964,1.5484848484848486,0.5,0.538160469667319,0.9290909090909091,61.0870247268025,23.70462886200174,37.382395864800756,-291.61289200593757,399.3714429808404,-267.9082631439358,423.07607184284217,-267.9082631439358,423.07607184284217,42.16889828940325,34.7078125959288,0.2282608695652174,0.0,0.0,161.0,0.8333333333333334,,,,,
reversal,CNY,3,2022-07…2022-12,WINDOW_CLOSING,slow,45,25.0,6,6,0.5,0.538160469667319,0.9290909090909091,0.30969696969696964,1.5484848484848486,0.5,0.538160469667319,0.9290909090909091,61.0870247268025,23.70462886200174,37.382395864800756,-291.61289200593757,399.3714429808404,-267.9082631439358,423.07607184284217,-267.9082631439358,423.07607184284217,42.16889828940325,34.7078125959288,0.2282608695652174,0.0,0.0,161.0,0.8333333333333334,,,,,
reversal,CNY,3,2022-07…2022-12,WINDOW_CLOSING,slow,45,50.0,6,6,0.5,0.538160469667319,0.9290909090909091,0.30969696969696964,1.5484848484848486,0.5,0.538160469667319,0.9290909090909091,61.0870247268025,23.70462886200174,37.382395864800756,-291.61289200593757,399.3714429808404,-267.9082631439358,423.07607184284217,-267.9082631439358,423.07607184284217,42.16889828940325,34.7078125959288,0.2282608695652174,0.0,0.0,161.0,0.8333333333333334,,,,,
reversal,CNY,3,2022-07…2022-12,WINDOW_CLOSING,slow,180,0.0,6,6,0.8333333333333334,0.5772994129158513,1.4435028248587571,0.8661016949152542,1.7322033898305085,0.8333333333333334,0.5772994129158513,1.4435028248587571,138.23786991526183,90.39009558470758,47.847774330554245,-320.0668082636399,362.3652355227962,-229.67671267893238,452.75533110750376,-229.67671267893238,452.75533110750376,-20.569328309048576,34.7078125959288,0.2282608695652174,0.0,0.0,161.0,0.8333333333333334,,,,,
reversal,CNY,3,2022-07…2022-12,WINDOW_CLOSING,slow,180,10.0,6,6,0.8333333333333334,0.5772994129158513,1.4435028248587571,0.8661016949152542,1.7322033898305085,0.8333333333333334,0.5772994129158513,1.4435028248587571,138.23786991526183,90.39009558470758,47.847774330554245,-320.0668082636399,362.3652355227962,-229.67671267893238,452.75533110750376,-229.67671267893238,452.75533110750376,-20.569328309048576,34.7078125959288,0.2282608695652174,0.0,0.0,161.0,0.8333333333333334,,,,,
reversal,CNY,3,2022-07…2022-12,WINDOW_CLOSING,slow,180,25.0,6,6,0.8333333333333334,0.5772994129158513,1.4435028248587571,0.8661016949152542,1.7322033898305085,0.8333333333333334,0.5772994129158513,1.4435028248587571,138.23786991526183,90.39009558470758,47.847774330554245,-320.0668082636399,362.3652355227962,-229.67671267893238,452.75533110750376,-229.67671267893238,452.75533110750376,-20.569328309048576,34.7078125959288,0.2282608695652174,0.0,0.0,161.0,0.8333333333333334,0.8333333333333334,0.541019955654102,6.0,1.5403005464480874,84.4830924891859
reversal,CNY,3,2022-07…2022-12,WINDOW_CLOSING,slow,180,50.0,6,6,0.8333333333333334,0.5772994129158513,1.4435028248587571,0.8661016949152542,1.7322033898305085,0.8333333333333334,0.5772994129158513,1.4435028248587571,138.23786991526183,90.39009558470758,47.847774330554245,-320.0668082636399,362.3652355227962,-229.67671267893238,452.75533110750376,-229.67671267893238,452.75533110750376,-20.569328309048576,34.7078125959288,0.2282608695652174,0.0,0.0,161.0,0.8333333333333334,,,,,
dip_vs_trend,CNY,3,2022-07…2022-12,BUY_NOW,medium,1,0.0,0,0,,0.54337899543379,,,,,0.54337899543379,,,1.5059812083078044,,,,,,,,,,0.0,,,182.0,1.0,,,,,
dip_vs_trend,CNY,3,2022-07…2022-12,BUY_NOW,medium,1,10.0,0,0,,0.6979778212654925,,,,,0.6979778212654925,,,1.5059812083078044,,,,,,,,,,0.0,,,182.0,1.0,,,,,
dip_vs_trend,CNY,3,2022-07…2022-12,BUY_NOW,medium,1,25.0,0,0,,0.837573385518591,,,,,0.837573385518591,,,1.5059812083078044,,,,,,,,,,0.0,,,182.0,1.0,,,,,
dip_vs_trend,CNY,3,2022-07…2022-12,BUY_NOW,medium,1,50.0,0,0,,0.9262883235485975,,,,,0.9262883235485975,,,1.5059812083078044,,,,,,,,,,0.0,,,182.0,1.0,,,,,
dip_vs_trend,CNY,3,2022-07…2022-12,BUY_NOW,medium,4,0.0,0,0,,0.3202870189171559,,,,,0.5348988910632746,,,3.334586189728991,,,,,,,,,,0.0,,,182.0,1.0,,,,,
dip_vs_trend,CNY,3,2022-07…2022-12,BUY_NOW,medium,4,10.0,0,0,,0.4370515329419439,,,,,0.6536203522504892,,,3.334586189728991,,,,,,,,,,0.0,,,182.0,1.0,,,,,
dip_vs_trend,CNY,3,2022-07…2022-12,BUY_NOW,medium,4,25.0,0,0,,0.6020874103065884,,,,,0.7808219178082192,,,3.334586189728991,,,,,,,,,,0.0,,,182.0,1.0,,,,,
dip_vs_trend,CNY,3,2022-07…2022-12,BUY_NOW,medium,4,50.0,0,0,,0.7645140247879973,,,,,0.8806262230919765,,,3.334586189728991,,,,,,,,,,0.0,,,182.0,1.0,,,,,
dip_vs_trend,CNY,3,2022-07…2022-12,BUY_NOW,medium,9,0.0,0,0,,0.22048271363339855,,,,,0.5277234181343771,,,5.804686893818339,,,,,,,,,,0.0,,,182.0,1.0,,,,,
dip_vs_trend,CNY,3,2022-07…2022-12,BUY_NOW,medium,9,10.0,0,0,,0.30071754729288974,,,,,0.6216568819308546,,,5.804686893818339,,,,,,,,,,0.0,,,182.0,1.0,,,,,
dip_vs_trend,CNY,3,2022-07…2022-12,BUY_NOW,medium,9,25.0,0,0,,0.4507501630789302,,,,,0.7299412915851272,,,5.804686893818339,,,,,,,,,,0.0,,,182.0,1.0,,,,,
dip_vs_trend,CNY,3,2022-07…2022-12,BUY_NOW,medium,9,50.0,0,0,,0.6327462491846053,,,,,0.8297455968688845,,,5.804686893818339,,,,,,,,,,0.0,,,182.0,1.0,,,,,
dip_vs_trend,CNY,3,2022-07…2022-12,BUY_NOW,medium,45,0.0,0,0,,0.12393998695368558,,,,,0.5107632093933464,,,23.70462886200174,,,,,,,,,,0.0,,,182.0,1.0,,,,,
dip_vs_trend,CNY,3,2022-07…2022-12,BUY_NOW,medium,45,10.0,0,0,,0.162426614481409,,,,,0.5701239399869537,,,23.70462886200174,,,,,,,,,,0.0,,,182.0,1.0,,,,,
dip_vs_trend,CNY,3,2022-07…2022-12,BUY_NOW,medium,45,25.0,0,0,,0.24722765818656228,,,,,0.6268754076973255,,,23.70462886200174,,,,,,,,,,0.0,,,182.0,1.0,,,,,
dip_vs_trend,CNY,3,2022-07…2022-12,BUY_NOW,medium,45,50.0,0,0,,0.3659491193737769,,,,,0.7162426614481409,,,23.70462886200174,,,,,,,,,,0.0,,,182.0,1.0,,,,,
dip_vs_trend,CNY,3,2022-07…2022-12,BUY_NOW,medium,180,0.0,0,0,,0.09001956947162426,,,,,0.54337899543379,,,90.39009558470758,,,,,,,,,,0.0,,,182.0,1.0,,,,,
dip_vs_trend,CNY,3,2022-07…2022-12,BUY_NOW,medium,180,10.0,0,0,,0.11219830397912589,,,,,0.5505544683626875,,,90.39009558470758,,,,,,,,,,0.0,,,182.0,1.0,,,,,
dip_vs_trend,CNY,3,2022-07…2022-12,BUY_NOW,medium,180,25.0,0,0,,0.16568819308545335,,,,,0.5740378343118069,,,90.39009558470758,,,,,,,,,,0.0,,,182.0,1.0,,0.5314116777531411,0.0,,
dip_vs_trend,CNY,3,2022-07…2022-12,BUY_NOW,medium,180,50.0,0,0,,0.23483365949119372,,,,,0.6177429876060013,,,90.39009558470758,,,,,,,,,,0.0,,,182.0,1.0,,,,,
momentum,CNY,4,2023-01…2023-06,BUY_NOW,fast,1,0.0,44,44,0.5681818181818182,0.5610519724483406,1.0127079951298703,0.7696580762987013,1.255757913961039,0.5681818181818182,0.5610519724483406,1.0127079951298703,-2.403897977461519,1.259269541930433,-3.663167519391952,-11.492018063879673,4.310952631901874,-10.23274852194924,5.570222173832307,-10.76120762708944,3.9563769744621853,7.709461994137478,9.121268960076423,1.7016574585635358,0.0,0.4657715976068153,9.0,0.0,,,,,
momentum,CNY,4,2023-01…2023-06,BUY_NOW,fast,1,10.0,44,44,0.6363636363636364,0.765184721352536,0.8316470763279273,0.6534369885433715,1.0098571641124832,0.6363636363636364,0.765184721352536,0.8316470763279273,-2.403897977461519,1.259269541930433,-3.663167519391952,-11.492018063879673,4.310952631901874,-10.23274852194924,5.570222173832307,-10.76120762708944,3.9563769744621853,7.709461994137478,9.121268960076423,1.7016574585635358,0.0,0.4657715976068153,9.0,0.0,,,,,
momentum,CNY,4,2023-01…2023-06,BUY_NOW,fast,1,25.0,44,44,0.8409090909090909,0.9098309329993738,0.9242476381154978,0.7993493086404305,1.0241663016955516,0.8409090909090909,0.9098309329993738,0.9242476381154978,-2.403897977461519,1.259269541930433,-3.663167519391952,-11.492018063879673,4.310952631901874,-10.23274852194924,5.570222173832307,-10.76120762708944,3.9563769744621853,7.709461994137478,9.121268960076423,1.7016574585635358,0.0,0.4657715976068153,9.0,0.0,,,,,
momentum,CNY,4,2023-01…2023-06,BUY_NOW,fast,1,50.0,44,44,0.9318181818181818,0.9730745147150908,0.9576020826020826,0.8875336375336376,1.0276705276705278,0.9318181818181818,0.9730745147150908,0.9576020826020826,-2.403897977461519,1.259269541930433,-3.663167519391952,-11.492018063879673,4.310952631901874,-10.23274852194924,5.570222173832307,-10.76120762708944,3.9563769744621853,7.709461994137478,9.121268960076423,1.7016574585635358,0.0,0.4657715976068153,9.0,0.0,,,,,
momentum,CNY,4,2023-01…2023-06,BUY_NOW,fast,4,0.0,44,44,0.3181818181818182,0.34189104571070755,0.9306526806526807,0.5318015318015319,1.3295038295038295,0.4772727272727273,0.5616781465247339,0.8497263605959258,2.0270697019203983,3.0878614700712355,-1.0607917681508372,-14.464729975949343,12.220352424026741,-11.376868505878107,15.308213894097976,-8.774813317355754,12.481536396114057,19.937919764854858,9.121268960076423,1.7016574585635358,0.0,0.4657715976068153,9.0,0.0,,,,,
momentum,CNY,4,2023-01…2023-06,BUY_NOW,fast,4,10.0,44,44,0.4318181818181818,0.5297432686286788,0.8151461422738018,0.5577315710294434,1.0725607135181603,0.75,0.730745147150908,1.0263496143958868,2.0270697019203983,3.0878614700712355,-1.0607917681508372,-14.464729975949343,12.220352424026741,-11.376868505878107,15.308213894097976,-8.774813317355754,12.481536396114057,19.937919764854858,9.121268960076423,1.7016574585635358,0.0,0.4657715976068153,9.0,0.0,,,,,
momentum,CNY,4,2023-01…2023-06,BUY_NOW,fast,4,25.0,44,44,0.7727272727272727,0.7194740137758296,1.0740169317192816,0.9160732652899755,1.2319605981485877,0.8863636363636364,0.8703819661865999,1.0183616742969261,2.0270697019203983,3.0878614700712355,-1.0607917681508372,-14.464729975949343,12.220352424026741,-11.376868505878107,15.308213894097976,-8.774813317355754,12.481536396114057,19.937919764854858,9.121268960076423,1.7016574585635358,0.0,0.4657715976068153,9.0,0.0,,,,,
momentum,CNY,4,2023-01…2023-06,BUY_NOW,fast,4,50.0,44,44,0.9090909090909091,0.8753913587977458,1.0384965535180126,0.9346468981662115,1.1163837950318638,0.9090909090909091,0.9505322479649343,0.9564019643071026,2.0270697019203983,3.0878614700712355,-1.0607917681508372,-14.464729975949343,12.220352424026741,-11.376868505878107,15.308213894097976,-8.774813317355754,12.481536396114057,19.937919764854858,9.121268960076423,1.7016574585635358,0.0,0.4657715976068153,9.0,0.0,,,,,
momentum,CNY,4,2023-01…2023-06,BUY_NOW,fast,9,0.0,44,44,0.25,0.234815278647464,1.0646666666666667,0.5807272727272726,1.5486060606060608,0.5681818181818182,0.5735754539762054,0.9905964668519255,5.005530596027063,6.144207421121249,-1.138676825094186,-17.074129613819874,14.677735662220467,-10.929922192698626,20.821943083341715,-3.9629912859230685,13.528264293558244,19.63944361939721,9.121268960076423,1.7016574585635358,0.0,0.4657715976068153,9.0,0.0,,,,,
momentum,CNY,4,2023-01…2023-06,BUY_NOW,fast,9,10.0,44,44,0.3409090909090909,0.3876017532874139,0.8795344397121456,0.5277206638272874,1.231348215597004,0.7045454545454546,0.7107075767063243,0.9913295955146176,5.005530596027063,6.144207421121249,-1.138676825094186,-17.074129613819874,14.677735662220467,-10.929922192698626,20.821943083341715,-3.9629912859230685,13.528264293558244,19.63944361939721,9.121268960076423,1.7016574585635358,0.0,0.4657715976068153,9.0,0.0,,,,,
momentum,CNY,4,2023-01…2023-06,BUY_NOW,fast,9,25.0,44,44,0.6590909090909091,0.5716969317470256,1.1528676690232003,0.9143433237080554,1.3913920143383451,0.8181818181818182,0.8296806512210394,0.9861406518010293,5.005530596027063,6.144207421121249,-1.138676825094186,-17.074129613819874,14.677735662220467,-10.929922192698626,20.821943083341715,-3.9629912859230685,13.528264293558244,19.63944361939721,9.121268960076423,1.7016574585635358,0.0,0.4657715976068153,9.0,0.0,,,,,
momentum,CNY,4,2023-01…2023-06,BUY_NOW,fast,9,50.0,44,44,0.7954545454545454,0.7714464621164684,1.031120867768595,0.8838178866587957,1.1784238488783942,0.8863636363636364,0.9242329367564183,0.9590262379896526,5.005530596027063,6.144207421121249,-1.138676825094186,-17.074129613819874,14.677735662220467,-10.929922192698626,20.821943083341715,-3.9629912859230685,13.528264293558244,19.63944361939721,9.121268960076423,1.7016574585635358,0.0,0.4657715976068153,9.0,0.0,,,,,
momentum,CNY,4,2023-01…2023-06,BUY_NOW,fast,45,0.0,44,44,0.18181818181818182,0.15216030056355667,1.1949120838009728,0.4480920314253647,1.9417321361765807,0.5681818181818182,0.5842204132748904,0.9725470135437982,21.255876693421214,27.575189099997544,-6.31931240657633,-38.612691599047295,26.112437891045623,-11.03750249904975,53.68762699104317,0.5242109718964484,43.03158134385201,18.1640732200274,9.121268960076423,1.7016574585635358,0.0,0.4657715976068153,9.0,0.0,,,,,
momentum,CNY,4,2023-01…2023-06,BUY_NOW,fast,45,10.0,44,44,0.20454545454545456,0.23606762680025048,0.8664697371593924,0.3850976609597299,1.444116228598987,0.6136363636363636,0.6324358171571697,0.9702745274527453,21.255876693421214,27.575189099997544,-6.31931240657633,-38.612691599047295,26.112437891045623,-11.03750249904975,53.68762699104317,0.5242109718964484,43.03158134385201,18.1640732200274,9.121268960076423,1.7016574585635358,0.0,0.4657715976068153,9.0,0.0,,,,,
momentum,CNY,4,2023-01…2023-06,BUY_NOW,fast,45,25.0,44,44,0.38636363636363635,0.3512836568566061,1.0998622589531681,0.7116755793226381,1.488048938583698,0.6818181818181818,0.7194740137758296,0.9476619985758367,21.255876693421214,27.575189099997544,-6.31931240657633,-38.612691599047295,26.112437891045623,-11.03750249904975,53.68762699104317,0.5242109718964484,43.03158134385201,18.1640732200274,9.121268960076423,1.7016574585635358,0.0,0.4657715976068153,9.0,0.0,,,,,
momentum,CNY,4,2023-01…2023-06,BUY_NOW,fast,45,50.0,44,44,0.4772727272727273,0.5009392611145899,0.9527556818181818,0.6805397727272726,1.2261058238636302,0.7954545454545454,0.8428303068252975,0.9437896798595163,21.255876693421214,27.575189099997544,-6.31931240657633,-38.612691599047295,26.112437891045623,-11.03750249904975,53.68762699104317,0.5242109718964484,43.03158134385201,18.1640732200274,9.121268960076423,1.7016574585635358,0.0,0.4657715976068153,9.0,0.0,,,,,
momentum,CNY,4,2023-01…2023-06,BUY_NOW,fast,180,0.0,44,44,0.13636363636363635,0.13337507827175954,1.0224071702944941,0.34080239009816476,1.8744131455399062,0.7727272727272727,0.7532874139010645,1.0258066953827552,105.07653629532912,116.53502316776482,-11.4584868724357,-75.94591003983628,48.6158907898417,40.58911312792854,165.15091395760652,-6.71231525265953,200.67275365025742,26.01395588187089,9.121268960076423,1.7016574585635358,0.0,0.4657715976068153,9.0,0.0,,,,,
momentum,CNY,4,2023-01…2023-06,BUY_NOW,fast,180,10.0,44,44,0.1590909090909091,0.20601127113337508,0.7722437137330754,0.3309615915998894,1.3238463663995577,0.7954545454545454,0.7683155917345021,1.0353226642957694,105.07653629532912,116.53502316776482,-11.4584868724357,-75.94591003983628,48.6158907898417,40.58911312792854,165.15091395760652,-6.71231525265953,200.67275365025742,26.01395588187089,9.121268960076423,1.7016574585635358,0.0,0.4657715976068153,9.0,0.0,,,,,
momentum,CNY,4,2023-01…2023-06,BUY_NOW,fast,180,25.0,44,44,0.3181818181818182,0.3036944270507201,1.0477038425492033,0.5986879100281163,1.4967197750702905,0.7954545454545454,0.7852222917971196,1.0130310279831811,105.07653629532912,116.53502316776482,-11.4584868724357,-75.94591003983628,48.6158907898417,40.58911312792854,165.15091395760652,-6.71231525265953,200.67275365025742,26.01395588187089,9.121268960076423,1.7016574585635358,0.0,0.4657715976068153,9.0,0.0,0.7692307692307693,0.757939308398024,39.0,1.0148975791433892,-10.877692108417264
momentum,CNY,4,2023-01…2023-06,BUY_NOW,fast,180,50.0,44,44,0.38636363636363635,0.41515341264871636,0.9306526806526806,0.6021870286576169,1.2591183326477444,0.8181818181818182,0.8071383844708829,1.0136822060794133,105.07653629532912,116.53502316776482,-11.4584868724357,-75.94591003983628,48.6158907898417,40.58911312792854,165.15091395760652,-6.71231525265953,200.67275365025742,26.01395588187089,9.121268960076423,1.7016574585635358,0.0,0.4657715976068153,9.0,0.0,,,,,
level,CNY,4,2023-01…2023-06,BUY_NOW,medium,1,0.0,0,0,,0.5610519724483406,,,,,0.5610519724483406,,,1.259269541930433,,,,,,,,,,0.0,,,177.0,1.0,,,,,
level,CNY,4,2023-01…2023-06,BUY_NOW,medium,1,10.0,0,0,,0.765184721352536,,,,,0.765184721352536,,,1.259269541930433,,,,,,,,,,0.0,,,177.0,1.0,,,,,
level,CNY,4,2023-01…2023-06,BUY_NOW,medium,1,25.0,0,0,,0.9098309329993738,,,,,0.9098309329993738,,,1.259269541930433,,,,,,,,,,0.0,,,177.0,1.0,,,,,
level,CNY,4,2023-01…2023-06,BUY_NOW,medium,1,50.0,0,0,,0.9730745147150908,,,,,0.9730745147150908,,,1.259269541930433,,,,,,,,,,0.0,,,177.0,1.0,,,,,
level,CNY,4,2023-01…2023-06,BUY_NOW,medium,4,0.0,0,0,,0.34189104571070755,,,,,0.5616781465247339,,,3.0878614700712355,,,,,,,,,,0.0,,,177.0,1.0,,,,,
level,CNY,4,2023-01…2023-06,BUY_NOW,medium,4,10.0,0,0,,0.5297432686286788,,,,,0.730745147150908,,,3.0878614700712355,,,,,,,,,,0.0,,,177.0,1.0,,,,,
level,CNY,4,2023-01…2023-06,BUY_NOW,medium,4,25.0,0,0,,0.7194740137758296,,,,,0.8703819661865999,,,3.0878614700712355,,,,,,,,,,0.0,,,177.0,1.0,,,,,
level,CNY,4,2023-01…2023-06,BUY_NOW,medium,4,50.0,0,0,,0.8753913587977458,,,,,0.9505322479649343,,,3.0878614700712355,,,,,,,,,,0.0,,,177.0,1.0,,,,,
level,CNY,4,2023-01…2023-06,BUY_NOW,medium,9,0.0,0,0,,0.234815278647464,,,,,0.5735754539762054,,,6.144207421121249,,,,,,,,,,0.0,,,177.0,1.0,,,,,
level,CNY,4,2023-01…2023-06,BUY_NOW,medium,9,10.0,0,0,,0.3876017532874139,,,,,0.7107075767063243,,,6.144207421121249,,,,,,,,,,0.0,,,177.0,1.0,,,,,
level,CNY,4,2023-01…2023-06,BUY_NOW,medium,9,25.0,0,0,,0.5716969317470256,,,,,0.8296806512210394,,,6.144207421121249,,,,,,,,,,0.0,,,177.0,1.0,,,,,
level,CNY,4,2023-01…2023-06,BUY_NOW,medium,9,50.0,0,0,,0.7714464621164684,,,,,0.9242329367564183,,,6.144207421121249,,,,,,,,,,0.0,,,177.0,1.0,,,,,
level,CNY,4,2023-01…2023-06,BUY_NOW,medium,45,0.0,0,0,,0.15216030056355667,,,,,0.5842204132748904,,,27.575189099997544,,,,,,,,,,0.0,,,177.0,1.0,,,,,
level,CNY,4,2023-01…2023-06,BUY_NOW,medium,45,10.0,0,0,,0.23606762680025048,,,,,0.6324358171571697,,,27.575189099997544,,,,,,,,,,0.0,,,177.0,1.0,,,,,
level,CNY,4,2023-01…2023-06,BUY_NOW,medium,45,25.0,0,0,,0.3512836568566061,,,,,0.7194740137758296,,,27.575189099997544,,,,,,,,,,0.0,,,177.0,1.0,,,,,
level,CNY,4,2023-01…2023-06,BUY_NOW,medium,45,50.0,0,0,,0.5009392611145899,,,,,0.8428303068252975,,,27.575189099997544,,,,,,,,,,0.0,,,177.0,1.0,,,,,
level,CNY,4,2023-01…2023-06,BUY_NOW,medium,180,0.0,0,0,,0.13337507827175954,,,,,0.7532874139010645,,,116.53502316776482,,,,,,,,,,0.0,,,177.0,1.0,,,,,
level,CNY,4,2023-01…2023-06,BUY_NOW,medium,180,10.0,0,0,,0.20601127113337508,,,,,0.7683155917345021,,,116.53502316776482,,,,,,,,,,0.0,,,177.0,1.0,,,,,
level,CNY,4,2023-01…2023-06,BUY_NOW,medium,180,25.0,0,0,,0.3036944270507201,,,,,0.7852222917971196,,,116.53502316776482,,,,,,,,,,0.0,,,177.0,1.0,,0.757939308398024,0.0,,
level,CNY,4,2023-01…2023-06,BUY_NOW,medium,180,50.0,0,0,,0.41515341264871636,,,,,0.8071383844708829,,,116.53502316776482,,,,,,,,,,0.0,,,177.0,1.0,,,,,
reversal,CNY,4,2023-01…2023-06,WINDOW_CLOSING,slow,1,0.0,0,0,,0.5610519724483406,,,,,0.5610519724483406,,,1.259269541930433,,,,,,,,,,0.0,,,177.0,1.0,,,,,
reversal,CNY,4,2023-01…2023-06,WINDOW_CLOSING,slow,1,10.0,0,0,,0.5610519724483406,,,,,0.5610519724483406,,,1.259269541930433,,,,,,,,,,0.0,,,177.0,1.0,,,,,
reversal,CNY,4,2023-01…2023-06,WINDOW_CLOSING,slow,1,25.0,0,0,,0.5610519724483406,,,,,0.5610519724483406,,,1.259269541930433,,,,,,,,,,0.0,,,177.0,1.0,,,,,
reversal,CNY,4,2023-01…2023-06,WINDOW_CLOSING,slow,1,50.0,0,0,,0.5610519724483406,,,,,0.5610519724483406,,,1.259269541930433,,,,,,,,,,0.0,,,177.0,1.0,,,,,
reversal,CNY,4,2023-01…2023-06,WINDOW_CLOSING,slow,4,0.0,0,0,,0.5848465873512837,,,,,0.5848465873512837,,,3.0878614700712355,,,,,,,,,,0.0,,,177.0,1.0,,,,,
reversal,CNY,4,2023-01…2023-06,WINDOW_CLOSING,slow,4,10.0,0,0,,0.5848465873512837,,,,,0.5848465873512837,,,3.0878614700712355,,,,,,,,,,0.0,,,177.0,1.0,,,,,
reversal,CNY,4,2023-01…2023-06,WINDOW_CLOSING,slow,4,25.0,0,0,,0.5848465873512837,,,,,0.5848465873512837,,,3.0878614700712355,,,,,,,,,,0.0,,,177.0,1.0,,,,,
reversal,CNY,4,2023-01…2023-06,WINDOW_CLOSING,slow,4,50.0,0,0,,0.5848465873512837,,,,,0.5848465873512837,,,3.0878614700712355,,,,,,,,,,0.0,,,177.0,1.0,,,,,
reversal,CNY,4,2023-01…2023-06,WINDOW_CLOSING,slow,9,0.0,0,0,,0.577958672510958,,,,,0.577958672510958,,,6.144207421121249,,,,,,,,,,0.0,,,177.0,1.0,,,,,
reversal,CNY,4,2023-01…2023-06,WINDOW_CLOSING,slow,9,10.0,0,0,,0.577958672510958,,,,,0.577958672510958,,,6.144207421121249,,,,,,,,,,0.0,,,177.0,1.0,,,,,
reversal,CNY,4,2023-01…2023-06,WINDOW_CLOSING,slow,9,25.0,0,0,,0.577958672510958,,,,,0.577958672510958,,,6.144207421121249,,,,,,,,,,0.0,,,177.0,1.0,,,,,
reversal,CNY,4,2023-01…2023-06,WINDOW_CLOSING,slow,9,50.0,0,0,,0.577958672510958,,,,,0.577958672510958,,,6.144207421121249,,,,,,,,,,0.0,,,177.0,1.0,,,,,
reversal,CNY,4,2023-01…2023-06,WINDOW_CLOSING,slow,45,0.0,0,0,,0.5879774577332498,,,,,0.5879774577332498,,,27.575189099997544,,,,,,,,,,0.0,,,177.0,1.0,,,,,
reversal,CNY,4,2023-01…2023-06,WINDOW_CLOSING,slow,45,10.0,0,0,,0.5879774577332498,,,,,0.5879774577332498,,,27.575189099997544,,,,,,,,,,0.0,,,177.0,1.0,,,,,
reversal,CNY,4,2023-01…2023-06,WINDOW_CLOSING,slow,45,25.0,0,0,,0.5879774577332498,,,,,0.5879774577332498,,,27.575189099997544,,,,,,,,,,0.0,,,177.0,1.0,,,,,
reversal,CNY,4,2023-01…2023-06,WINDOW_CLOSING,slow,45,50.0,0,0,,0.5879774577332498,,,,,0.5879774577332498,,,27.575189099997544,,,,,,,,,,0.0,,,177.0,1.0,,,,,
reversal,CNY,4,2023-01…2023-06,WINDOW_CLOSING,slow,180,0.0,0,0,,0.7927363807138385,,,,,0.7927363807138385,,,116.53502316776482,,,,,,,,,,0.0,,,177.0,1.0,,,,,
reversal,CNY,4,2023-01…2023-06,WINDOW_CLOSING,slow,180,10.0,0,0,,0.7927363807138385,,,,,0.7927363807138385,,,116.53502316776482,,,,,,,,,,0.0,,,177.0,1.0,,,,,
reversal,CNY,4,2023-01…2023-06,WINDOW_CLOSING,slow,180,25.0,0,0,,0.7927363807138385,,,,,0.7927363807138385,,,116.53502316776482,,,,,,,,,,0.0,,,177.0,1.0,,0.766407904022583,0.0,,
reversal,CNY,4,2023-01…2023-06,WINDOW_CLOSING,slow,180,50.0,0,0,,0.7927363807138385,,,,,0.7927363807138385,,,116.53502316776482,,,,,,,,,,0.0,,,177.0,1.0,,,,,
dip_vs_trend,CNY,4,2023-01…2023-06,BUY_NOW,medium,1,0.0,5,5,0.8,0.5610519724483406,1.4258928571428573,0.7129464285714286,1.7823660714285716,0.8,0.5610519724483406,1.4258928571428573,-3.6245843963362816,1.259269541930433,-4.883853938266714,-43.20151462351694,24.4420642465444,-41.942245081586506,25.701333788474834,-72.92932800833651,13.701601506663774,6.60069858858625,40.59388542762199,0.19337016574585636,0.0,0.0,115.0,0.6666666666666666,,,,,
dip_vs_trend,CNY,4,2023-01…2023-06,BUY_NOW,medium,1,10.0,5,5,0.8,0.765184721352536,1.0454991816693944,0.5227495908346972,1.306873977086743,0.8,0.765184721352536,1.0454991816693944,-3.6245843963362816,1.259269541930433,-4.883853938266714,-43.20151462351694,24.4420642465444,-41.942245081586506,25.701333788474834,-72.92932800833651,13.701601506663774,6.60069858858625,40.59388542762199,0.19337016574585636,0.0,0.0,115.0,0.6666666666666666,,,,,
dip_vs_trend,CNY,4,2023-01…2023-06,BUY_NOW,medium,1,25.0,5,5,0.8,0.9098309329993738,0.8792842395044735,0.43964211975223677,1.0991052993805919,0.8,0.9098309329993738,0.8792842395044735,-3.6245843963362816,1.259269541930433,-4.883853938266714,-43.20151462351694,24.4420642465444,-41.942245081586506,25.701333788474834,-72.92932800833651,13.701601506663774,6.60069858858625,40.59388542762199,0.19337016574585636,0.0,0.0,115.0,0.6666666666666666,,,,,
dip_vs_trend,CNY,4,2023-01…2023-06,BUY_NOW,medium,1,50.0,5,5,0.8,0.9730745147150908,0.8221364221364222,0.4110682110682111,1.0276705276705278,0.8,0.9730745147150908,0.8221364221364222,-3.6245843963362816,1.259269541930433,-4.883853938266714,-43.20151462351694,24.4420642465444,-41.942245081586506,25.701333788474834,-72.92932800833651,13.701601506663774,6.60069858858625,40.59388542762199,0.19337016574585636,0.0,0.0,115.0,0.6666666666666666,,,,,
dip_vs_trend,CNY,4,2023-01…2023-06,BUY_NOW,medium,4,0.0,5,5,0.6,0.34189104571070755,1.754945054945055,0.584981684981685,2.924908424908425,0.6,0.5616781465247339,1.0682274247491639,13.121732436810472,3.0878614700712355,10.033870966739237,-16.406743928192416,36.4744858616709,-13.31888245812118,39.56234733174213,-14.108352144470704,19.92925358213077,20.078984592968084,40.59388542762199,0.19337016574585636,0.0,0.0,115.0,0.6666666666666666,,,,,
dip_vs_trend,CNY,4,2023-01…2023-06,BUY_NOW,medium,4,10.0,5,5,0.6,0.5297432686286788,1.132624113475177,0.3775413711583924,1.887706855791962,0.6,0.730745147150908,0.8210796915167095,13.121732436810472,3.0878614700712355,10.033870966739237,-16.406743928192416,36.4744858616709,-13.31888245812118,39.56234733174213,-14.108352144470704,19.92925358213077,20.078984592968084,40.59388542762199,0.19337016574585636,0.0,0.0,115.0,0.6666666666666666,,,,,
dip_vs_trend,CNY,4,2023-01…2023-06,BUY_NOW,medium,4,25.0,5,5,0.6,0.7194740137758296,0.8339425587467363,0.2779808529155788,1.3899042645778938,1.0,0.8703819661865999,1.1489208633093524,13.121732436810472,3.0878614700712355,10.033870966739237,-16.406743928192416,36.4744858616709,-13.31888245812118,39.56234733174213,-14.108352144470704,19.92925358213077,20.078984592968084,40.59388542762199,0.19337016574585636,0.0,0.0,115.0,0.6666666666666666,,,,,
dip_vs_trend,CNY,4,2023-01…2023-06,BUY_NOW,medium,4,50.0,5,5,0.8,0.8753913587977458,0.9138769670958513,0.45693848354792566,1.142346208869814,1.0,0.9505322479649343,1.0520421607378128,13.121732436810472,3.0878614700712355,10.033870966739237,-16.406743928192416,36.4744858616709,-13.31888245812118,39.56234733174213,-14.108352144470704,19.92925358213077,20.078984592968084,40.59388542762199,0.19337016574585636,0.0,0.0,115.0,0.6666666666666666,,,,,
dip_vs_trend,CNY,4,2023-01…2023-06,BUY_NOW,medium,9,0.0,5,5,0.2,0.234815278647464,0.8517333333333335,0.0,2.5552,0.8,0.5735754539762054,1.394759825327511,27.497848512896716,6.144207421121249,21.35364109177547,-34.77923531420195,77.33195682871704,-28.6350278930807,83.47616424983829,16.11004997009502,30.344798148597143,42.34188318355869,40.59388542762199,0.19337016574585636,0.0,0.0,115.0,0.6666666666666666,,,,,
dip_vs_trend,CNY,4,2023-01…2023-06,BUY_NOW,medium,9,10.0,5,5,0.4,0.3876017532874139,1.0319870759289176,0.0,2.063974151857835,0.8,0.7107075767063243,1.125638766519824,27.497848512896716,6.144207421121249,21.35364109177547,-34.77923531420195,77.33195682871704,-28.6350278930807,83.47616424983829,16.11004997009502,30.344798148597143,42.34188318355869,40.59388542762199,0.19337016574585636,0.0,0.0,115.0,0.6666666666666666,,,,,
dip_vs_trend,CNY,4,2023-01…2023-06,BUY_NOW,medium,9,25.0,5,5,0.4,0.5716969317470256,0.699671412924425,0.0,1.39934282584885,0.8,0.8296806512210394,0.9642264150943397,27.497848512896716,6.144207421121249,21.35364109177547,-34.77923531420195,77.33195682871704,-28.6350278930807,83.47616424983829,16.11004997009502,30.344798148597143,42.34188318355869,40.59388542762199,0.19337016574585636,0.0,0.0,115.0,0.6666666666666666,,,,,
dip_vs_trend,CNY,4,2023-01…2023-06,BUY_NOW,medium,9,50.0,5,5,0.6,0.7714464621164684,0.7777597402597403,0.2592532467532468,1.2962662337662338,0.8,0.9242329367564183,0.8655826558265584,27.497848512896716,6.144207421121249,21.35364109177547,-34.77923531420195,77.33195682871704,-28.6350278930807,83.47616424983829,16.11004997009502,30.344798148597143,42.34188318355869,40.59388542762199,0.19337016574585636,0.0,0.0,115.0,0.6666666666666666,,,,,
dip_vs_trend,CNY,4,2023-01…2023-06,BUY_NOW,medium,45,0.0,5,5,0.2,0.15216030056355667,1.31440329218107,0.0,3.9432098765432095,0.4,0.5842204132748904,0.684673097534834,30.276213996114144,27.575189099997544,2.7010248961166,-124.05705777870565,148.64522617255173,-96.48186867870811,176.22041527254927,-60.40786401960152,52.94723350004305,84.81243027580133,40.59388542762199,0.19337016574585636,0.0,0.0,115.0,0.6666666666666666,,,,,
dip_vs_trend,CNY,4,2023-01…2023-06,BUY_NOW,medium,45,10.0,5,5,0.2,0.23606762680025048,0.8472148541114058,0.0,2.541644562334217,0.4,0.6324358171571697,0.6324752475247525,30.276213996114144,27.575189099997544,2.7010248961166,-124.05705777870565,148.64522617255173,-96.48186867870811,176.22041527254927,-60.40786401960152,52.94723350004305,84.81243027580133,40.59388542762199,0.19337016574585636,0.0,0.0,115.0,0.6666666666666666,,,,,
dip_vs_trend,CNY,4,2023-01…2023-06,BUY_NOW,medium,45,25.0,5,5,0.2,0.3512836568566061,0.5693404634581106,0.0,1.7080213903743315,0.4,0.7194740137758296,0.5559617058311576,30.276213996114144,27.575189099997544,2.7010248961166,-124.05705777870565,148.64522617255173,-96.48186867870811,176.22041527254927,-60.40786401960152,52.94723350004305,84.81243027580133,40.59388542762199,0.19337016574585636,0.0,0.0,115.0,0.6666666666666666,,,,,
dip_vs_trend,CNY,4,2023-01…2023-06,BUY_NOW,medium,45,50.0,5,5,0.2,0.5009392611145899,0.39925,0.0,1.1977499999999999,0.6,0.8428303068252975,0.7118870728083209,30.276213996114144,27.575189099997544,2.7010248961166,-124.05705777870565,148.64522617255173,-96.48186867870811,176.22041527254927,-60.40786401960152,52.94723350004305,84.81243027580133,40.59388542762199,0.19337016574585636,0.0,0.0,115.0,0.6666666666666666,,,,,
dip_vs_trend,CNY,4,2023-01…2023-06,BUY_NOW,medium,180,0.0,5,5,0.2,0.13337507827175954,1.499530516431925,0.0,4.498591549295774,0.6,0.7532874139010645,0.7965087281795511,66.5708941541312,116.53502316776482,-49.964129013633624,-218.46061592291204,118.53235789564482,-101.92559275514722,235.06738106340964,-185.17393065926257,129.50710035747966,222.5650269593511,40.59388542762199,0.19337016574585636,0.0,0.0,115.0,0.6666666666666666,,,,,
dip_vs_trend,CNY,4,2023-01…2023-06,BUY_NOW,medium,180,10.0,5,5,0.2,0.20601127113337508,0.9708206686930091,0.0,2.912462006079027,0.6,0.7683155917345021,0.7809290953545233,66.5708941541312,116.53502316776482,-49.964129013633624,-218.46061592291204,118.53235789564482,-101.92559275514722,235.06738106340964,-185.17393065926257,129.50710035747966,222.5650269593511,40.59388542762199,0.19337016574585636,0.0,0.0,115.0,0.6666666666666666,,,,,
dip_vs_trend,CNY,4,2023-01…2023-06,BUY_NOW,medium,180,25.0,5,5,0.2,0.3036944270507201,0.6585567010309279,0.0,1.9756701030927835,0.6,0.7852222917971196,0.7641148325358852,66.5708941541312,116.53502316776482,-49.964129013633624,-218.46061592291204,118.53235789564482,-101.92559275514722,235.06738106340964,-185.17393065926257,129.50710035747966,222.5650269593511,40.59388542762199,0.19337016574585636,0.0,0.0,115.0,0.6666666666666666,0.6,0.757939308398024,5.0,0.7916201117318435,-23.895025459156045
dip_vs_trend,CNY,4,2023-01…2023-06,BUY_NOW,medium,180,50.0,5,5,0.2,0.41515341264871636,0.4817496229260935,0.0,1.4452488687782805,0.6,0.8071383844708829,0.743366951124903,66.5708941541312,116.53502316776482,-49.964129013633624,-218.46061592291204,118.53235789564482,-101.92559275514722,235.06738106340964,-185.17393065926257,129.50710035747966,222.5650269593511,40.59388542762199,0.19337016574585636,0.0,0.0,115.0,0.6666666666666666,,,,,
momentum,CNY,5,2023-07…2023-12,BUY_NOW,fast,1,0.0,53,53,0.5660377358490566,0.5319905213270142,1.063999663823171,0.8157330755977645,1.3122662520485775,0.5660377358490566,0.5319905213270142,1.063999663823171,0.4651581399946805,0.22586855789572233,0.23928958209895815,-6.418987166055888,7.487997607613811,-6.193118608160165,7.7138661655095335,-5.840294522573691,8.666436965518404,12.380693849892484,2.0722691712447547,2.016304347826087,0.0,0.3931903143004233,7.0,0.0,,,,,
momentum,CNY,5,2023-07…2023-12,BUY_NOW,fast,1,10.0,53,53,0.7547169811320755,0.7488151658767772,1.0078815380941009,0.8566993073799857,1.159063768808216,0.7547169811320755,0.7488151658767772,1.0078815380941009,0.4651581399946805,0.22586855789572233,0.23928958209895815,-6.418987166055888,7.487997607613811,-6.193118608160165,7.7138661655095335,-5.840294522573691,8.666436965518404,12.380693849892484,2.0722691712447547,2.016304347826087,0.0,0.3931903143004233,7.0,0.0,,,,,
momentum,CNY,5,2023-07…2023-12,BUY_NOW,fast,1,25.0,53,53,0.8490566037735849,0.8975118483412322,0.9460115822903046,0.8408991842580485,1.0511239803225605,0.8490566037735849,0.8975118483412322,0.9460115822903046,0.4651581399946805,0.22586855789572233,0.23928958209895815,-6.418987166055888,7.487997607613811,-6.193118608160165,7.7138661655095335,-5.840294522573691,8.666436965518404,12.380693849892484,2.0722691712447547,2.016304347826087,0.0,0.3931903143004233,7.0,0.0,,,,,
momentum,CNY,5,2023-07…2023-12,BUY_NOW,fast,1,50.0,53,53,0.9622641509433962,0.9644549763033176,0.9977284316906958,0.9390385239441843,1.0368550368550369,0.9622641509433962,0.9644549763033176,0.9977284316906958,0.4651581399946805,0.22586855789572233,0.23928958209895815,-6.418987166055888,7.487997607613811,-6.193118608160165,7.7138661655095335,-5.840294522573691,8.666436965518404,12.380693849892484,2.0722691712447547,2.016304347826087,0.0,0.3931903143004233,7.0,0.0,,,,,
momentum,CNY,5,2023-07…2023-12,BUY_NOW,fast,4,0.0,53,53,0.37735849056603776,0.3311611374407583,1.139501130725352,0.7962264150943397,1.538326526479225,0.5849056603773585,0.5337677725118484,1.0958054991309445,-2.501961914766388,0.598772479107948,-3.100734393874336,-14.940642299263068,7.825341001949994,-14.34186982015512,8.424113481057942,-13.714879079217818,7.718707690704414,20.355907399396784,2.0722691712447547,2.016304347826087,0.0,0.3931903143004233,7.0,0.0,,,,,
momentum,CNY,5,2023-07…2023-12,BUY_NOW,fast,4,10.0,53,53,0.5094339622641509,0.5082938388625592,1.002243039978889,0.7424022518362142,1.262083828121564,0.6981132075471698,0.6972748815165877,1.001202289158558,-2.501961914766388,0.598772479107948,-3.100734393874336,-14.940642299263068,7.825341001949994,-14.34186982015512,8.424113481057942,-13.714879079217818,7.718707690704414,20.355907399396784,2.0722691712447547,2.016304347826087,0.0,0.3931903143004233,7.0,0.0,,,,,
momentum,CNY,5,2023-07…2023-12,BUY_NOW,fast,4,25.0,53,53,0.6792452830188679,0.6800947867298578,0.998750903951088,0.804549339293932,1.1652093879429362,0.8301886792452831,0.8394549763033176,0.9889615318038375,-2.501961914766388,0.598772479107948,-3.100734393874336,-14.940642299263068,7.825341001949994,-14.34186982015512,8.424113481057942,-13.714879079217818,7.718707690704414,20.355907399396784,2.0722691712447547,2.016304347826087,0.0,0.3931903143004233,7.0,0.0,,,,,
momentum,CNY,5,2023-07…2023-12,BUY_NOW,fast,4,50.0,53,53,0.7735849056603774,0.851303317535545,0.9087065558487941,0.7757251086514095,1.0416880030461786,0.8867924528301887,0.933649289099526,0.9498132362800499,-2.501961914766388,0.598772479107948,-3.100734393874336,-14.940642299263068,7.825341001949994,-14.34186982015512,8.424113481057942,-13.714879079217818,7.718707690704414,20.355907399396784,2.0722691712447547,2.016304347826087,0.0,0.3931903143004233,7.0,0.0,,,,,
momentum,CNY,5,2023-07…2023-12,BUY_NOW,fast,9,0.0,53,53,0.2830188679245283,0.23281990521327015,1.2156128474722743,0.7293677084833645,1.7828988429593355,0.5849056603773585,0.5491706161137441,1.0650709328122774,0.18899454440817223,1.2061703972270665,-1.0171758528188943,-14.235790638479848,12.029106929193333,-13.02962024125278,13.235277326420398,-7.426727271716407,8.068973394377348,17.398830115540708,2.0722691712447547,2.016304347826087,0.0,0.3931903143004233,7.0,0.0,,,,,
momentum,CNY,5,2023-07…2023-12,BUY_NOW,fast,9,10.0,53,53,0.4339622641509434,0.37381516587677727,1.160900636904584,0.8075830517597105,1.514218222049457,0.660377358490566,0.658175355450237,1.003345617580626,0.18899454440817223,1.2061703972270665,-1.0171758528188943,-14.235790638479848,12.029106929193333,-13.02962024125278,13.235277326420398,-7.426727271716407,8.068973394377348,17.398830115540708,2.0722691712447547,2.016304347826087,0.0,0.3931903143004233,7.0,0.0,,,,,
momentum,CNY,5,2023-07…2023-12,BUY_NOW,fast,9,25.0,53,53,0.5471698113207547,0.5272511848341233,1.0377782488870044,0.7872800508797965,1.2882764468942123,0.6981132075471698,0.7695497630331753,0.9071709733176463,0.18899454440817223,1.2061703972270665,-1.0171758528188943,-14.235790638479848,12.029106929193333,-13.02962024125278,13.235277326420398,-7.426727271716407,8.068973394377348,17.398830115540708,2.0722691712447547,2.016304347826087,0.0,0.3931903143004233,7.0,0.0,,,,,
momentum,CNY,5,2023-07…2023-12,BUY_NOW,fast,9,50.0,53,53,0.6037735849056604,0.7067535545023697,0.8542915434373468,0.6674152683104272,1.0411678185642663,0.8679245283018868,0.8975118483412322,0.9670340618967558,0.18899454440817223,1.2061703972270665,-1.0171758528188943,-14.235790638479848,12.029106929193333,-13.02962024125278,13.235277326420398,-7.426727271716407,8.068973394377348,17.398830115540708,2.0722691712447547,2.016304347826087,0.0,0.3931903143004233,7.0,0.0,,,,,
momentum,CNY,5,2023-07…2023-12,BUY_NOW,fast,45,0.0,53,53,0.16981132075471697,0.1338862559241706,1.268325262982134,0.5637001168809485,2.1138754383035567,0.5094339622641509,0.5627962085308057,0.905183714001986,1.0047739978846775,5.0843553046183905,-4.079581306733713,-33.8174373952194,24.647465671751554,-28.73308209060101,29.731820976369946,-25.1279269358694,22.96240221010917,10.907586171835934,2.0722691712447547,2.016304347826087,0.0,0.3931903143004233,7.0,0.0,,,,,
momentum,CNY,5,2023-07…2023-12,BUY_NOW,fast,45,10.0,53,53,0.24528301886792453,0.22748815165876776,1.0782232704402517,0.5805817610062893,1.5758647798742138,0.5849056603773585,0.6143364928909952,0.9520933025236077,1.0047739978846775,5.0843553046183905,-4.079581306733713,-33.8174373952194,24.647465671751554,-28.73308209060101,29.731820976369946,-25.1279269358694,22.96240221010917,10.907586171835934,2.0722691712447547,2.016304347826087,0.0,0.3931903143004233,7.0,0.0,,,,,
momentum,CNY,5,2023-07…2023-12,BUY_NOW,fast,45,25.0,53,53,0.2830188679245283,0.3281990521327014,0.8623390777195015,0.5174034466317008,1.2647639806552688,0.6415094339622641,0.6800947867298578,0.943264742620472,1.0047739978846775,5.0843553046183905,-4.079581306733713,-33.8174373952194,24.647465671751554,-28.73308209060101,29.731820976369946,-25.1279269358694,22.96240221010917,10.907586171835934,2.0722691712447547,2.016304347826087,0.0,0.3931903143004233,7.0,0.0,,,,,
momentum,CNY,5,2023-07…2023-12,BUY_NOW,fast,45,50.0,53,53,0.39622641509433965,0.4650473933649289,0.8520129792092297,0.6075663982694388,1.1360173056123062,0.7735849056603774,0.7719194312796208,1.0021575754065366,1.0047739978846775,5.0843553046183905,-4.079581306733713,-33.8174373952194,24.647465671751554,-28.73308209060101,29.731820976369946,-25.1279269358694,22.96240221010917,10.907586171835934,2.0722691712447547,2.016304347826087,0.0,0.3931903143004233,7.0,0.0,,,,,
momentum,CNY,5,2023-07…2023-12,BUY_NOW,fast,180,0.0,53,53,0.07547169811320754,0.06516587677725119,1.1581475128644938,0.28953687821612345,2.3162950257289876,0.49056603773584906,0.5302132701421801,0.9252239907241488,-7.04286849045326,3.449836090098719,-10.49270458055198,-65.34447860501209,42.674983986449654,-61.89464251491337,46.124820076548374,-107.76455191352306,89.15166646971836,-11.990272083681495,2.0722691712447547,2.016304347826087,0.0,0.3931903143004233,7.0,0.0,,,,,
momentum,CNY,5,2023-07…2023-12,BUY_NOW,fast,180,10.0,53,53,0.11320754716981132,0.11492890995260663,0.9850223691888739,0.3283407897296246,1.8058743435129354,0.49056603773584906,0.5396919431279621,0.9089741731044053,-7.04286849045326,3.449836090098719,-10.49270458055198,-65.34447860501209,42.674983986449654,-61.89464251491337,46.124820076548374,-107.76455191352306,89.15166646971836,-11.990272083681495,2.0722691712447547,2.016304347826087,0.0,0.3931903143004233,7.0,0.0,,,,,
momentum,CNY,5,2023-07…2023-12,BUY_NOW,fast,180,25.0,53,53,0.11320754716981132,0.16765402843601895,0.6752450163344224,0.2250816721114741,1.2379491966131075,0.5283018867924528,0.5574644549763034,0.9476871252982575,-7.04286849045326,3.449836090098719,-10.49270458055198,-65.34447860501209,42.674983986449654,-61.89464251491337,46.124820076548374,-107.76455191352306,89.15166646971836,-11.990272083681495,2.0722691712447547,2.016304347826087,0.0,0.3931903143004233,7.0,0.0,0.5531914893617021,0.5649867374005305,47.0,0.9791229647387873,-8.672029564411853
momentum,CNY,5,2023-07…2023-12,BUY_NOW,fast,180,50.0,53,53,0.18867924528301888,0.23518957345971564,0.8022432393897629,0.40112161969488147,1.2835891830236206,0.5471698113207547,0.5882701421800948,0.9301335765452508,-7.04286849045326,3.449836090098719,-10.49270458055198,-65.34447860501209,42.674983986449654,-61.89464251491337,46.124820076548374,-107.76455191352306,89.15166646971836,-11.990272083681495,2.0722691712447547,2.016304347826087,0.0,0.3931903143004233,7.0,0.0,,,,,
level,CNY,5,2023-07…2023-12,BUY_NOW,medium,1,0.0,0,0,,0.5319905213270142,,,,,0.5319905213270142,,,0.22586855789572233,,,,,,,,,,0.0,,,179.0,1.0,,,,,
level,CNY,5,2023-07…2023-12,BUY_NOW,medium,1,10.0,0,0,,0.7488151658767772,,,,,0.7488151658767772,,,0.22586855789572233,,,,,,,,,,0.0,,,179.0,1.0,,,,,
level,CNY,5,2023-07…2023-12,BUY_NOW,medium,1,25.0,0,0,,0.8975118483412322,,,,,0.8975118483412322,,,0.22586855789572233,,,,,,,,,,0.0,,,179.0,1.0,,,,,
level,CNY,5,2023-07…2023-12,BUY_NOW,medium,1,50.0,0,0,,0.9644549763033176,,,,,0.9644549763033176,,,0.22586855789572233,,,,,,,,,,0.0,,,179.0,1.0,,,,,
level,CNY,5,2023-07…2023-12,BUY_NOW,medium,4,0.0,0,0,,0.3311611374407583,,,,,0.5337677725118484,,,0.598772479107948,,,,,,,,,,0.0,,,179.0,1.0,,,,,
level,CNY,5,2023-07…2023-12,BUY_NOW,medium,4,10.0,0,0,,0.5082938388625592,,,,,0.6972748815165877,,,0.598772479107948,,,,,,,,,,0.0,,,179.0,1.0,,,,,
level,CNY,5,2023-07…2023-12,BUY_NOW,medium,4,25.0,0,0,,0.6800947867298578,,,,,0.8394549763033176,,,0.598772479107948,,,,,,,,,,0.0,,,179.0,1.0,,,,,
level,CNY,5,2023-07…2023-12,BUY_NOW,medium,4,50.0,0,0,,0.851303317535545,,,,,0.933649289099526,,,0.598772479107948,,,,,,,,,,0.0,,,179.0,1.0,,,,,
level,CNY,5,2023-07…2023-12,BUY_NOW,medium,9,0.0,0,0,,0.23281990521327015,,,,,0.5491706161137441,,,1.2061703972270665,,,,,,,,,,0.0,,,179.0,1.0,,,,,
level,CNY,5,2023-07…2023-12,BUY_NOW,medium,9,10.0,0,0,,0.37381516587677727,,,,,0.658175355450237,,,1.2061703972270665,,,,,,,,,,0.0,,,179.0,1.0,,,,,
level,CNY,5,2023-07…2023-12,BUY_NOW,medium,9,25.0,0,0,,0.5272511848341233,,,,,0.7695497630331753,,,1.2061703972270665,,,,,,,,,,0.0,,,179.0,1.0,,,,,
level,CNY,5,2023-07…2023-12,BUY_NOW,medium,9,50.0,0,0,,0.7067535545023697,,,,,0.8975118483412322,,,1.2061703972270665,,,,,,,,,,0.0,,,179.0,1.0,,,,,
level,CNY,5,2023-07…2023-12,BUY_NOW,medium,45,0.0,0,0,,0.1338862559241706,,,,,0.5627962085308057,,,5.0843553046183905,,,,,,,,,,0.0,,,179.0,1.0,,,,,
level,CNY,5,2023-07…2023-12,BUY_NOW,medium,45,10.0,0,0,,0.22748815165876776,,,,,0.6143364928909952,,,5.0843553046183905,,,,,,,,,,0.0,,,179.0,1.0,,,,,
level,CNY,5,2023-07…2023-12,BUY_NOW,medium,45,25.0,0,0,,0.3281990521327014,,,,,0.6800947867298578,,,5.0843553046183905,,,,,,,,,,0.0,,,179.0,1.0,,,,,
level,CNY,5,2023-07…2023-12,BUY_NOW,medium,45,50.0,0,0,,0.4650473933649289,,,,,0.7719194312796208,,,5.0843553046183905,,,,,,,,,,0.0,,,179.0,1.0,,,,,
level,CNY,5,2023-07…2023-12,BUY_NOW,medium,180,0.0,0,0,,0.06516587677725119,,,,,0.5302132701421801,,,3.449836090098719,,,,,,,,,,0.0,,,179.0,1.0,,,,,
level,CNY,5,2023-07…2023-12,BUY_NOW,medium,180,10.0,0,0,,0.11492890995260663,,,,,0.5396919431279621,,,3.449836090098719,,,,,,,,,,0.0,,,179.0,1.0,,,,,
level,CNY,5,2023-07…2023-12,BUY_NOW,medium,180,25.0,0,0,,0.16765402843601895,,,,,0.5574644549763034,,,3.449836090098719,,,,,,,,,,0.0,,,179.0,1.0,,0.5649867374005305,0.0,,
level,CNY,5,2023-07…2023-12,BUY_NOW,medium,180,50.0,0,0,,0.23518957345971564,,,,,0.5882701421800948,,,3.449836090098719,,,,,,,,,,0.0,,,179.0,1.0,,,,,
reversal,CNY,5,2023-07…2023-12,WINDOW_CLOSING,slow,1,0.0,11,11,0.6363636363636364,0.5319905213270142,1.1961935614496861,0.6835391779712493,1.708847944928123,0.6363636363636364,0.5319905213270142,1.1961935614496861,8.780983495681813,0.22586855789572233,8.55511493778609,-0.04568337519532534,19.688544272176127,0.180185182700397,19.91441283007185,8.358011273188223,10.684358496902966,1.967261788225937,-5.156736668819682,0.41847826086956524,0.0,0.17770034843205576,126.0,0.6666666666666666,,,,,
reversal,CNY,5,2023-07…2023-12,WINDOW_CLOSING,slow,1,10.0,11,11,0.6363636363636364,0.5319905213270142,1.1961935614496861,0.6835391779712493,1.708847944928123,0.6363636363636364,0.5319905213270142,1.1961935614496861,8.780983495681813,0.22586855789572233,8.55511493778609,-0.04568337519532534,19.688544272176127,0.180185182700397,19.91441283007185,8.358011273188223,10.684358496902966,1.967261788225937,-5.156736668819682,0.41847826086956524,0.0,0.17770034843205576,126.0,0.6666666666666666,,,,,
reversal,CNY,5,2023-07…2023-12,WINDOW_CLOSING,slow,1,25.0,11,11,0.6363636363636364,0.5319905213270142,1.1961935614496861,0.6835391779712493,1.708847944928123,0.6363636363636364,0.5319905213270142,1.1961935614496861,8.780983495681813,0.22586855789572233,8.55511493778609,-0.04568337519532534,19.688544272176127,0.180185182700397,19.91441283007185,8.358011273188223,10.684358496902966,1.967261788225937,-5.156736668819682,0.41847826086956524,0.0,0.17770034843205576,126.0,0.6666666666666666,,,,,
reversal,CNY,5,2023-07…2023-12,WINDOW_CLOSING,slow,1,50.0,11,11,0.6363636363636364,0.5319905213270142,1.1961935614496861,0.6835391779712493,1.708847944928123,0.6363636363636364,0.5319905213270142,1.1961935614496861,8.780983495681813,0.22586855789572233,8.55511493778609,-0.04568337519532534,19.688544272176127,0.180185182700397,19.91441283007185,8.358011273188223,10.684358496902966,1.967261788225937,-5.156736668819682,0.41847826086956524,0.0,0.17770034843205576,126.0,0.6666666666666666,,,,,
reversal,CNY,5,2023-07…2023-12,WINDOW_CLOSING,slow,4,0.0,11,11,0.36363636363636365,0.5456161137440758,0.666469252788471,0.16661731319711776,1.1663211923798242,0.36363636363636365,0.5456161137440758,0.666469252788471,8.27507601011458,0.598772479107948,7.676303531006631,-4.311052419885228,22.53978466931489,-3.7122799407772797,23.138557148422837,7.157910580076507,13.302320445285897,-1.5382927037649823,-5.156736668819682,0.41847826086956524,0.0,0.17770034843205576,126.0,0.6666666666666666,,,,,
reversal,CNY,5,2023-07…2023-12,WINDOW_CLOSING,slow,4,10.0,11,11,0.36363636363636365,0.5456161137440758,0.666469252788471,0.16661731319711776,1.1663211923798242,0.36363636363636365,0.5456161137440758,0.666469252788471,8.27507601011458,0.598772479107948,7.676303531006631,-4.311052419885228,22.53978466931489,-3.7122799407772797,23.138557148422837,7.157910580076507,13.302320445285897,-1.5382927037649823,-5.156736668819682,0.41847826086956524,0.0,0.17770034843205576,126.0,0.6666666666666666,,,,,
reversal,CNY,5,2023-07…2023-12,WINDOW_CLOSING,slow,4,25.0,11,11,0.36363636363636365,0.5456161137440758,0.666469252788471,0.16661731319711776,1.1663211923798242,0.36363636363636365,0.5456161137440758,0.666469252788471,8.27507601011458,0.598772479107948,7.676303531006631,-4.311052419885228,22.53978466931489,-3.7122799407772797,23.138557148422837,7.157910580076507,13.302320445285897,-1.5382927037649823,-5.156736668819682,0.41847826086956524,0.0,0.17770034843205576,126.0,0.6666666666666666,,,,,
reversal,CNY,5,2023-07…2023-12,WINDOW_CLOSING,slow,4,50.0,11,11,0.36363636363636365,0.5456161137440758,0.666469252788471,0.16661731319711776,1.1663211923798242,0.36363636363636365,0.5456161137440758,0.666469252788471,8.27507601011458,0.598772479107948,7.676303531006631,-4.311052419885228,22.53978466931489,-3.7122799407772797,23.138557148422837,7.157910580076507,13.302320445285897,-1.5382927037649823,-5.156736668819682,0.41847826086956524,0.0,0.17770034843205576,126.0,0.6666666666666666,,,,,
reversal,CNY,5,2023-07…2023-12,WINDOW_CLOSING,slow,9,0.0,11,11,0.45454545454545453,0.5450236966824644,0.8339920948616601,0.33359683794466405,1.3343873517786562,0.45454545454545453,0.5450236966824644,0.8339920948616601,0.5063890298787328,1.2061703972270665,-0.6997813673483337,-13.556139606948342,13.058007403527188,-12.349969209721277,14.264177800754254,-0.8039071939167387,6.402722036958352,-4.9386602471803505,-5.156736668819682,0.41847826086956524,0.0,0.17770034843205576,126.0,0.6666666666666666,,,,,
reversal,CNY,5,2023-07…2023-12,WINDOW_CLOSING,slow,9,10.0,11,11,0.45454545454545453,0.5450236966824644,0.8339920948616601,0.33359683794466405,1.3343873517786562,0.45454545454545453,0.5450236966824644,0.8339920948616601,0.5063890298787328,1.2061703972270665,-0.6997813673483337,-13.556139606948342,13.058007403527188,-12.349969209721277,14.264177800754254,-0.8039071939167387,6.402722036958352,-4.9386602471803505,-5.156736668819682,0.41847826086956524,0.0,0.17770034843205576,126.0,0.6666666666666666,,,,,
reversal,CNY,5,2023-07…2023-12,WINDOW_CLOSING,slow,9,25.0,11,11,0.45454545454545453,0.5450236966824644,0.8339920948616601,0.33359683794466405,1.3343873517786562,0.45454545454545453,0.5450236966824644,0.8339920948616601,0.5063890298787328,1.2061703972270665,-0.6997813673483337,-13.556139606948342,13.058007403527188,-12.349969209721277,14.264177800754254,-0.8039071939167387,6.402722036958352,-4.9386602471803505,-5.156736668819682,0.41847826086956524,0.0,0.17770034843205576,126.0,0.6666666666666666,,,,,
reversal,CNY,5,2023-07…2023-12,WINDOW_CLOSING,slow,9,50.0,11,11,0.45454545454545453,0.5450236966824644,0.8339920948616601,0.33359683794466405,1.3343873517786562,0.45454545454545453,0.5450236966824644,0.8339920948616601,0.5063890298787328,1.2061703972270665,-0.6997813673483337,-13.556139606948342,13.058007403527188,-12.349969209721277,14.264177800754254,-0.8039071939167387,6.402722036958352,-4.9386602471803505,-5.156736668819682,0.41847826086956524,0.0,0.17770034843205576,126.0,0.6666666666666666,,,,,
reversal,CNY,5,2023-07…2023-12,WINDOW_CLOSING,slow,45,0.0,11,11,0.5454545454545454,0.5438388625592417,1.0029708853238264,0.5014854426619132,1.5044563279857397,0.5454545454545454,0.5438388625592417,1.0029708853238264,14.681104124285582,5.0843553046183905,9.59674881966719,-34.67145141321467,58.35700854947577,-29.58709610859628,63.44136385409416,10.71427671787226,32.53182745314554,-1.8161093943761222,-5.156736668819682,0.41847826086956524,0.0,0.17770034843205576,126.0,0.6666666666666666,,,,,
reversal,CNY,5,2023-07…2023-12,WINDOW_CLOSING,slow,45,10.0,11,11,0.5454545454545454,0.5438388625592417,1.0029708853238264,0.5014854426619132,1.5044563279857397,0.5454545454545454,0.5438388625592417,1.0029708853238264,14.681104124285582,5.0843553046183905,9.59674881966719,-34.67145141321467,58.35700854947577,-29.58709610859628,63.44136385409416,10.71427671787226,32.53182745314554,-1.8161093943761222,-5.156736668819682,0.41847826086956524,0.0,0.17770034843205576,126.0,0.6666666666666666,,,,,
reversal,CNY,5,2023-07…2023-12,WINDOW_CLOSING,slow,45,25.0,11,11,0.5454545454545454,0.5438388625592417,1.0029708853238264,0.5014854426619132,1.5044563279857397,0.5454545454545454,0.5438388625592417,1.0029708853238264,14.681104124285582,5.0843553046183905,9.59674881966719,-34.67145141321467,58.35700854947577,-29.58709610859628,63.44136385409416,10.71427671787226,32.53182745314554,-1.8161093943761222,-5.156736668819682,0.41847826086956524,0.0,0.17770034843205576,126.0,0.6666666666666666,,,,,
reversal,CNY,5,2023-07…2023-12,WINDOW_CLOSING,slow,45,50.0,11,11,0.5454545454545454,0.5438388625592417,1.0029708853238264,0.5014854426619132,1.5044563279857397,0.5454545454545454,0.5438388625592417,1.0029708853238264,14.681104124285582,5.0843553046183905,9.59674881966719,-34.67145141321467,58.35700854947577,-29.58709610859628,63.44136385409416,10.71427671787226,32.53182745314554,-1.8161093943761222,-5.156736668819682,0.41847826086956524,0.0,0.17770034843205576,126.0,0.6666666666666666,,,,,
reversal,CNY,5,2023-07…2023-12,WINDOW_CLOSING,slow,180,0.0,11,11,0.6363636363636364,0.4976303317535545,1.2787878787878788,0.7307359307359308,1.826839826839827,0.6363636363636364,0.4976303317535545,1.2787878787878788,30.8247716548569,3.449836090098719,27.374935564758182,-76.51979828741594,119.64181789769762,-73.06996219731722,123.09165398779633,-77.8406302417578,54.97263874299348,33.59276058739889,-5.156736668819682,0.41847826086956524,0.0,0.17770034843205576,126.0,0.6666666666666666,,,,,
reversal,CNY,5,2023-07…2023-12,WINDOW_CLOSING,slow,180,10.0,11,11,0.6363636363636364,0.4976303317535545,1.2787878787878788,0.7307359307359308,1.826839826839827,0.6363636363636364,0.4976303317535545,1.2787878787878788,30.8247716548569,3.449836090098719,27.374935564758182,-76.51979828741594,119.64181789769762,-73.06996219731722,123.09165398779633,-77.8406302417578,54.97263874299348,33.59276058739889,-5.156736668819682,0.41847826086956524,0.0,0.17770034843205576,126.0,0.6666666666666666,,,,,
reversal,CNY,5,2023-07…2023-12,WINDOW_CLOSING,slow,180,25.0,11,11,0.6363636363636364,0.4976303317535545,1.2787878787878788,0.7307359307359308,1.826839826839827,0.6363636363636364,0.4976303317535545,1.2787878787878788,30.8247716548569,3.449836090098719,27.374935564758182,-76.51979828741594,119.64181789769762,-73.06996219731722,123.09165398779633,-77.8406302417578,54.97263874299348,33.59276058739889,-5.156736668819682,0.41847826086956524,0.0,0.17770034843205576,126.0,0.6666666666666666,0.6363636363636364,0.523209549071618,11.0,1.2162691554326537,20.77442269417952
reversal,CNY,5,2023-07…2023-12,WINDOW_CLOSING,slow,180,50.0,11,11,0.6363636363636364,0.4976303317535545,1.2787878787878788,0.7307359307359308,1.826839826839827,0.6363636363636364,0.4976303317535545,1.2787878787878788,30.8247716548569,3.449836090098719,27.374935564758182,-76.51979828741594,119.64181789769762,-73.06996219731722,123.09165398779633,-77.8406302417578,54.97263874299348,33.59276058739889,-5.156736668819682,0.41847826086956524,0.0,0.17770034843205576,126.0,0.6666666666666666,,,,,
dip_vs_trend,CNY,5,2023-07…2023-12,BUY_NOW,medium,1,0.0,11,11,0.6363636363636364,0.5319905213270142,1.1961935614496861,0.6835391779712493,1.708847944928123,0.6363636363636364,0.5319905213270142,1.1961935614496861,7.550930444734093,0.22586855789572233,7.325061886838371,-1.1445038291775311,15.314485101500004,-0.9186352712818088,15.540353659395727,6.60429839940931,10.134081696289154,17.47694557960008,31.157070300766865,0.41847826086956524,0.0,1.2506034310212233,71.0,0.5,,,,,
dip_vs_trend,CNY,5,2023-07…2023-12,BUY_NOW,medium,1,10.0,11,11,0.8181818181818182,0.7488151658767772,1.0926352128883776,0.7284234752589183,1.3354430379746836,0.8181818181818182,0.7488151658767772,1.0926352128883776,7.550930444734093,0.22586855789572233,7.325061886838371,-1.1445038291775311,15.314485101500004,-0.9186352712818088,15.540353659395727,6.60429839940931,10.134081696289154,17.47694557960008,31.157070300766865,0.41847826086956524,0.0,1.2506034310212233,71.0,0.5,,,,,
dip_vs_trend,CNY,5,2023-07…2023-12,BUY_NOW,medium,1,25.0,11,11,1.0,0.8975118483412322,1.1141914191419142,1.1141914191419142,1.1141914191419142,1.0,0.8975118483412322,1.1141914191419142,7.550930444734093,0.22586855789572233,7.325061886838371,-1.1445038291775311,15.314485101500004,-0.9186352712818088,15.540353659395727,6.60429839940931,10.134081696289154,17.47694557960008,31.157070300766865,0.41847826086956524,0.0,1.2506034310212233,71.0,0.5,,,,,
dip_vs_trend,CNY,5,2023-07…2023-12,BUY_NOW,medium,1,50.0,11,11,1.0,0.9644549763033176,1.0368550368550369,1.0368550368550369,1.0368550368550369,1.0,0.9644549763033176,1.0368550368550369,7.550930444734093,0.22586855789572233,7.325061886838371,-1.1445038291775311,15.314485101500004,-0.9186352712818088,15.540353659395727,6.60429839940931,10.134081696289154,17.47694557960008,31.157070300766865,0.41847826086956524,0.0,1.2506034310212233,71.0,0.5,,,,,
dip_vs_trend,CNY,5,2023-07…2023-12,BUY_NOW,medium,4,0.0,11,11,0.6363636363636364,0.3311611374407583,1.9216132704504796,1.0980647259717027,2.7451618149292565,0.8181818181818182,0.5337677725118484,1.5328422964383008,19.7393219382685,0.598772479107948,19.140549459160553,6.564390373222774,31.573094134304416,7.163162852330722,32.17186661341236,11.87827766358126,65.48175865294547,26.997628581816617,31.157070300766865,0.41847826086956524,0.0,1.2506034310212233,71.0,0.5,,,,,
dip_vs_trend,CNY,5,2023-07…2023-12,BUY_NOW,medium,4,10.0,11,11,0.7272727272727273,0.5082938388625592,1.4308116126297947,0.8942572578936216,1.9673659673659676,0.9090909090909091,0.6972748815165877,1.3037769367421024,19.7393219382685,0.598772479107948,19.140549459160553,6.564390373222774,31.573094134304416,7.163162852330722,32.17186661341236,11.87827766358126,65.48175865294547,26.997628581816617,31.157070300766865,0.41847826086956524,0.0,1.2506034310212233,71.0,0.5,,,,,
dip_vs_trend,CNY,5,2023-07…2023-12,BUY_NOW,medium,4,25.0,11,11,1.0,0.6800947867298578,1.4703832752613242,1.4703832752613242,1.4703832752613242,1.0,0.8394549763033176,1.1912491178546225,19.7393219382685,0.598772479107948,19.140549459160553,6.564390373222774,31.573094134304416,7.163162852330722,32.17186661341236,11.87827766358126,65.48175865294547,26.997628581816617,31.157070300766865,0.41847826086956524,0.0,1.2506034310212233,71.0,0.5,,,,,
dip_vs_trend,CNY,5,2023-07…2023-12,BUY_NOW,medium,4,50.0,11,11,1.0,0.851303317535545,1.174669450243563,1.174669450243563,1.174669450243563,1.0,0.933649289099526,1.0710659898477157,19.7393219382685,0.598772479107948,19.140549459160553,6.564390373222774,31.573094134304416,7.163162852330722,32.17186661341236,11.87827766358126,65.48175865294547,26.997628581816617,31.157070300766865,0.41847826086956524,0.0,1.2506034310212233,71.0,0.5,,,,,
dip_vs_trend,CNY,5,2023-07…2023-12,BUY_NOW,medium,9,0.0,11,11,0.2727272727272727,0.23281990521327015,1.1714087439278278,0.0,2.3428174878556556,0.7272727272727273,0.5491706161137441,1.3243110718838875,18.810608928894595,1.2061703972270665,17.60443853166753,2.214448588778435,33.14879977878286,3.4206189860055014,34.35497017600993,10.258105758878932,77.08831375810021,39.99385461580195,31.157070300766865,0.41847826086956524,0.0,1.2506034310212233,71.0,0.5,,,,,
dip_vs_trend,CNY,5,2023-07…2023-12,BUY_NOW,medium,9,10.0,11,11,0.45454545454545453,0.37381516587677727,1.2159631177063823,0.48638524708255293,1.9455409883302117,0.8181818181818182,0.658175355450237,1.2431061287946976,18.810608928894595,1.2061703972270665,17.60443853166753,2.214448588778435,33.14879977878286,3.4206189860055014,34.35497017600993,10.258105758878932,77.08831375810021,39.99385461580195,31.157070300766865,0.41847826086956524,0.0,1.2506034310212233,71.0,0.5,,,,,
dip_vs_trend,CNY,5,2023-07…2023-12,BUY_NOW,medium,9,25.0,11,11,0.5454545454545454,0.5272511848341233,1.0345250255362612,0.5172625127681306,1.5517875383043922,1.0,0.7695497630331753,1.2994611239414935,18.810608928894595,1.2061703972270665,17.60443853166753,2.214448588778435,33.14879977878286,3.4206189860055014,34.35497017600993,10.258105758878932,77.08831375810021,39.99385461580195,31.157070300766865,0.41847826086956524,0.0,1.2506034310212233,71.0,0.5,,,,,
dip_vs_trend,CNY,5,2023-07…2023-12,BUY_NOW,medium,9,50.0,11,11,0.9090909090909091,0.7067535545023697,1.286291244380096,1.029032995504077,1.4149203688181056,1.0,0.8975118483412322,1.1141914191419142,18.810608928894595,1.2061703972270665,17.60443853166753,2.214448588778435,33.14879977878286,3.4206189860055014,34.35497017600993,10.258105758878932,77.08831375810021,39.99385461580195,31.157070300766865,0.41847826086956524,0.0,1.2506034310212233,71.0,0.5,,,,,
dip_vs_trend,CNY,5,2023-07…2023-12,BUY_NOW,medium,45,0.0,11,11,0.18181818181818182,0.1338862559241706,1.3580048270313758,0.0,3.395012067578439,0.5454545454545454,0.5627962085308057,0.9691866028708133,-1.7056577428376933,5.0843553046183905,-6.790013047456084,-71.55053259175719,58.051309740185424,-66.4661772871388,63.135665044803815,-38.67997627223404,244.9156359352811,69.10411378400175,31.157070300766865,0.41847826086956524,0.0,1.2506034310212233,71.0,0.5,,,,,
dip_vs_trend,CNY,5,2023-07…2023-12,BUY_NOW,medium,45,10.0,11,11,0.2727272727272727,0.22748815165876776,1.1988636363636362,0.0,2.3977272727272725,0.6363636363636364,0.6143364928909952,1.0358551766459192,-1.7056577428376933,5.0843553046183905,-6.790013047456084,-71.55053259175719,58.051309740185424,-66.4661772871388,63.135665044803815,-38.67997627223404,244.9156359352811,69.10411378400175,31.157070300766865,0.41847826086956524,0.0,1.2506034310212233,71.0,0.5,,,,,
dip_vs_trend,CNY,5,2023-07…2023-12,BUY_NOW,medium,45,25.0,11,11,0.2727272727272727,0.3281990521327014,0.8309812930751559,0.0,1.6619625861503118,0.6363636363636364,0.6800947867298578,0.9356984478935698,-1.7056577428376933,5.0843553046183905,-6.790013047456084,-71.55053259175719,58.051309740185424,-66.4661772871388,63.135665044803815,-38.67997627223404,244.9156359352811,69.10411378400175,31.157070300766865,0.41847826086956524,0.0,1.2506034310212233,71.0,0.5,,,,,
dip_vs_trend,CNY,5,2023-07…2023-12,BUY_NOW,medium,45,50.0,11,11,0.36363636363636365,0.4650473933649289,0.7819339895773018,0.19548349739432544,1.368384481760278,0.6363636363636364,0.7719194312796208,0.8243912649131375,-1.7056577428376933,5.0843553046183905,-6.790013047456084,-71.55053259175719,58.051309740185424,-66.4661772871388,63.135665044803815,-38.67997627223404,244.9156359352811,69.10411378400175,31.157070300766865,0.41847826086956524,0.0,1.2506034310212233,71.0,0.5,,,,,
dip_vs_trend,CNY,5,2023-07…2023-12,BUY_NOW,medium,180,0.0,11,11,0.09090909090909091,0.06516587677725119,1.3950413223140494,0.0,4.185123966942148,0.18181818181818182,0.5302132701421801,0.3429151853732859,-84.67367376953679,3.449836090098719,-88.1235098596355,-182.28702736788617,17.64363700572048,-178.83719127778744,21.0934730958192,-173.7390267158269,284.97124346048344,94.51081957010588,31.157070300766865,0.41847826086956524,0.0,1.2506034310212233,71.0,0.5,,,,,
dip_vs_trend,CNY,5,2023-07…2023-12,BUY_NOW,medium,180,10.0,11,11,0.18181818181818182,0.11492890995260663,1.5820056232427369,0.0,3.955014058106842,0.18181818181818182,0.5396919431279621,0.33689252569603834,-84.67367376953679,3.449836090098719,-88.1235098596355,-182.28702736788617,17.64363700572048,-178.83719127778744,21.0934730958192,-173.7390267158269,284.97124346048344,94.51081957010588,31.157070300766865,0.41847826086956524,0.0,1.2506034310212233,71.0,0.5,,,,,
dip_vs_trend,CNY,5,2023-07…2023-12,BUY_NOW,medium,180,25.0,11,11,0.18181818181818182,0.16765402843601895,1.0844844201734662,0.0,2.7112110504336653,0.18181818181818182,0.5574644549763034,0.32615206260264706,-84.67367376953679,3.449836090098719,-88.1235098596355,-182.28702736788617,17.64363700572048,-178.83719127778744,21.0934730958192,-173.7390267158269,284.97124346048344,94.51081957010588,31.157070300766865,0.41847826086956524,0.0,1.2506034310212233,71.0,0.5,0.18181818181818182,0.5649867374005305,11.0,0.3218096457533077,-94.72402273021417
dip_vs_trend,CNY,5,2023-07…2023-12,BUY_NOW,medium,180,50.0,11,11,0.18181818181818182,0.23518957345971564,0.7730707579574079,0.0,1.9326768948935196,0.36363636363636365,0.5882701421800948,0.6181451982056212,-84.67367376953679,3.449836090098719,-88.1235098596355,-182.28702736788617,17.64363700572048,-178.83719127778744,21.0934730958192,-173.7390267158269,284.97124346048344,94.51081957010588,31.157070300766865,0.41847826086956524,0.0,1.2506034310212233,71.0,0.5,,,,,
momentum,CNY,6,2024-01…2024-06,BUY_NOW,fast,1,0.0,49,49,0.5714285714285714,0.5303514376996805,1.0774526678141134,0.8080895008605852,1.346815834767642,0.5714285714285714,0.5303514376996805,1.0774526678141134,1.840727348379376,-0.4959979223931136,2.3367252707724897,-9.45831802553779,12.918209417932765,-9.954315947930905,12.422211495539651,-0.4444837227182225,5.386619691363073,10.299254799120813,-2.4934224073232576,1.8846153846153846,0.0,0.45412048585737724,9.0,0.0,,,,,
momentum,CNY,6,2024-01…2024-06,BUY_NOW,fast,1,10.0,49,49,0.7551020408163265,0.7884984025559105,0.957645619025568,0.8023517348592598,1.1129395031918765,0.7551020408163265,0.7884984025559105,0.957645619025568,1.840727348379376,-0.4959979223931136,2.3367252707724897,-9.45831802553779,12.918209417932765,-9.954315947930905,12.422211495539651,-0.4444837227182225,5.386619691363073,10.299254799120813,-2.4934224073232576,1.8846153846153846,0.0,0.45412048585737724,9.0,0.0,,,,,
momentum,CNY,6,2024-01…2024-06,BUY_NOW,fast,1,25.0,49,49,0.8979591836734694,0.9284345047923322,0.9671755832408669,0.8792505302189699,1.055100636262764,0.8979591836734694,0.9284345047923322,0.9671755832408669,1.840727348379376,-0.4959979223931136,2.3367252707724897,-9.45831802553779,12.918209417932765,-9.954315947930905,12.422211495539651,-0.4444837227182225,5.386619691363073,10.299254799120813,-2.4934224073232576,1.8846153846153846,0.0,0.45412048585737724,9.0,0.0,,,,,
momentum,CNY,6,2024-01…2024-06,BUY_NOW,fast,1,50.0,49,49,0.9795918367346939,0.9801916932907349,0.9993880211797886,0.9577468536306308,1.0202086049543677,0.9795918367346939,0.9801916932907349,0.9993880211797886,1.840727348379376,-0.4959979223931136,2.3367252707724897,-9.45831802553779,12.918209417932765,-9.954315947930905,12.422211495539651,-0.4444837227182225,5.386619691363073,10.299254799120813,-2.4934224073232576,1.8846153846153846,0.0,0.45412048585737724,9.0,0.0,,,,,
momentum,CNY,6,2024-01…2024-06,BUY_NOW,fast,4,0.0,49,49,0.2653061224489796,0.2881789137380192,0.9206298927553284,0.49572378840671516,1.3455359971039413,0.5102040816326531,0.5041533546325878,1.0120017588784564,2.2701600513539826,-1.1466538821949637,3.416813933548946,-7.630679129267864,13.306424023992694,-8.777333011462828,12.15977014179773,-2.760420369356903,9.576670320166498,19.857280398539324,-2.4934224073232576,1.8846153846153846,0.0,0.45412048585737724,9.0,0.0,,,,,
momentum,CNY,6,2024-01…2024-06,BUY_NOW,fast,4,10.0,49,49,0.5102040816326531,0.5239616613418531,0.9737431557989049,0.7010950721752115,1.2463912394225982,0.7142857142857143,0.726517571884984,0.9831637140344265,2.2701600513539826,-1.1466538821949637,3.416813933548946,-7.630679129267864,13.306424023992694,-8.777333011462828,12.15977014179773,-2.760420369356903,9.576670320166498,19.857280398539324,-2.4934224073232576,1.8846153846153846,0.0,0.45412048585737724,9.0,0.0,,,,,
momentum,CNY,6,2024-01…2024-06,BUY_NOW,fast,4,25.0,49,49,0.7346938775510204,0.7399361022364217,0.9929153008353602,0.8274294173628001,1.15840118430792,0.9183673469387755,0.8798722044728434,1.0437508336668002,2.2701600513539826,-1.1466538821949637,3.416813933548946,-7.630679129267864,13.306424023992694,-8.777333011462828,12.15977014179773,-2.760420369356903,9.576670320166498,19.857280398539324,-2.4934224073232576,1.8846153846153846,0.0,0.45412048585737724,9.0,0.0,,,,,
momentum,CNY,6,2024-01…2024-06,BUY_NOW,fast,4,50.0,49,49,0.9183673469387755,0.8952076677316294,1.025870733732465,0.9346822240673571,1.0942621159812962,0.9387755102040817,0.954632587859425,0.9833893396716116,2.2701600513539826,-1.1466538821949637,3.416813933548946,-7.630679129267864,13.306424023992694,-8.777333011462828,12.15977014179773,-2.760420369356903,9.576670320166498,19.857280398539324,-2.4934224073232576,1.8846153846153846,0.0,0.45412048585737724,9.0,0.0,,,,,
momentum,CNY,6,2024-01…2024-06,BUY_NOW,fast,9,0.0,49,49,0.20408163265306123,0.20511182108626197,0.9949774302244263,0.49748871511221315,1.5919638883590819,0.5102040816326531,0.5009584664536741,1.0184558517284465,0.14215533998258345,-2.207792378379062,2.349947718361645,-9.160576943155977,13.211889499328827,-11.368369321535038,11.004097120949764,-5.701640557314971,9.399513601248564,18.66727704078087,-2.4934224073232576,1.8846153846153846,0.0,0.45412048585737724,9.0,0.0,,,,,
momentum,CNY,6,2024-01…2024-06,BUY_NOW,fast,9,10.0,49,49,0.40816326530612246,0.3769968051118211,1.0826703562781044,0.703735731580768,1.4616049809754408,0.6530612244897959,0.6530351437699681,1.0000399376971922,0.14215533998258345,-2.207792378379062,2.349947718361645,-9.160576943155977,13.211889499328827,-11.368369321535038,11.004097120949764,-5.701640557314971,9.399513601248564,18.66727704078087,-2.4934224073232576,1.8846153846153846,0.0,0.45412048585737724,9.0,0.0,,,,,
momentum,CNY,6,2024-01…2024-06,BUY_NOW,fast,9,25.0,49,49,0.5918367346938775,0.5661341853035143,1.045400101349795,0.7930621458515686,1.2977380568480215,0.8367346938775511,0.7961661341853035,1.0509548923903431,0.14215533998258345,-2.207792378379062,2.349947718361645,-9.160576943155977,13.211889499328827,-11.368369321535038,11.004097120949764,-5.701640557314971,9.399513601248564,18.66727704078087,-2.4934224073232576,1.8846153846153846,0.0,0.45412048585737724,9.0,0.0,,,,,
momentum,CNY,6,2024-01…2024-06,BUY_NOW,fast,9,50.0,49,49,0.7346938775510204,0.7552715654952077,0.9727545840671294,0.7836078593874097,1.1348803480783176,0.9387755102040817,0.9233226837060703,1.016736106207189,0.14215533998258345,-2.207792378379062,2.349947718361645,-9.160576943155977,13.211889499328827,-11.368369321535038,11.004097120949764,-5.701640557314971,9.399513601248564,18.66727704078087,-2.4934224073232576,1.8846153846153846,0.0,0.45412048585737724,9.0,0.0,,,,,
momentum,CNY,6,2024-01…2024-06,BUY_NOW,fast,45,0.0,49,49,0.10204081632653061,0.08690095846645367,1.17421968787515,0.23484393757503,2.1135954381752704,0.40816326530612246,0.4485623003194888,0.9099366242223386,-2.7915051355507274,-9.30574556485259,6.5142404293018625,-22.95926375972427,31.840368362007315,-32.26500932457686,22.534622797154725,-20.023719511342367,13.893813292557722,19.50445595554,-2.4934224073232576,1.8846153846153846,0.0,0.45412048585737724,9.0,0.0,,,,,
momentum,CNY,6,2024-01…2024-06,BUY_NOW,fast,45,10.0,49,49,0.20408163265306123,0.16613418530351437,1.228414442700157,0.6142072213500785,1.9654631083202512,0.4489795918367347,0.5067092651757189,0.8860694340788017,-2.7915051355507274,-9.30574556485259,6.5142404293018625,-22.95926375972427,31.840368362007315,-32.26500932457686,22.534622797154725,-20.023719511342367,13.893813292557722,19.50445595554,-2.4934224073232576,1.8846153846153846,0.0,0.45412048585737724,9.0,0.0,,,,,
momentum,CNY,6,2024-01…2024-06,BUY_NOW,fast,45,25.0,49,49,0.2857142857142857,0.27412140575079874,1.042291042291042,0.5955948813091669,1.5634365634365632,0.5510204081632653,0.5916932907348242,0.9312601930621061,-2.7915051355507274,-9.30574556485259,6.5142404293018625,-22.95926375972427,31.840368362007315,-32.26500932457686,22.534622797154725,-20.023719511342367,13.893813292557722,19.50445595554,-2.4934224073232576,1.8846153846153846,0.0,0.45412048585737724,9.0,0.0,,,,,
momentum,CNY,6,2024-01…2024-06,BUY_NOW,fast,45,50.0,49,49,0.3673469387755102,0.39233226837060703,0.9363158944359503,0.5721930465997473,1.3004387422721533,0.7755102040816326,0.7258785942492013,1.0683745329117562,-2.7915051355507274,-9.30574556485259,6.5142404293018625,-22.95926375972427,31.840368362007315,-32.26500932457686,22.534622797154725,-20.023719511342367,13.893813292557722,19.50445595554,-2.4934224073232576,1.8846153846153846,0.0,0.45412048585737724,9.0,0.0,,,,,
momentum,CNY,6,2024-01…2024-06,BUY_NOW,fast,180,0.0,49,49,0.061224489795918366,0.04472843450479233,1.368804664723032,0.0,3.193877551020408,0.46938775510204084,0.4536741214057508,1.0346363897671744,-14.205662821866973,-24.707618299639037,10.501955477772064,-32.547715114670794,53.827633921487454,-57.25533341430983,29.120015621848417,-67.011300314473,31.229567429577234,30.72933032951724,-2.4934224073232576,1.8846153846153846,0.0,0.45412048585737724,9.0,0.0,,,,,
momentum,CNY,6,2024-01…2024-06,BUY_NOW,fast,180,10.0,49,49,0.14285714285714285,0.08753993610223643,1.6319082377476537,0.6993892447489944,2.7975569789959778,0.4897959183673469,0.47220447284345046,1.0372538731324736,-14.205662821866973,-24.707618299639037,10.501955477772064,-32.547715114670794,53.827633921487454,-57.25533341430983,29.120015621848417,-67.011300314473,31.229567429577234,30.72933032951724,-2.4934224073232576,1.8846153846153846,0.0,0.45412048585737724,9.0,0.0,,,,,
momentum,CNY,6,2024-01…2024-06,BUY_NOW,fast,180,25.0,49,49,0.1836734693877551,0.1501597444089457,1.2231871471993052,0.54363873208858,2.0386452453321753,0.5306122448979592,0.5092651757188499,1.0419173943102962,-14.205662821866973,-24.707618299639037,10.501955477772064,-32.547715114670794,53.827633921487454,-57.25533341430983,29.120015621848417,-67.011300314473,31.229567429577234,30.72933032951724,-2.4934224073232576,1.8846153846153846,0.0,0.45412048585737724,9.0,0.0,0.5348837209302325,0.5191335740072203,43.0,1.0303392955332016,4.01580985455713
momentum,CNY,6,2024-01…2024-06,BUY_NOW,fast,180,50.0,49,49,0.20408163265306123,0.2159744408945687,0.9449341866924285,0.47246709334621423,1.5118946987078854,0.5306122448979592,0.5533546325878594,0.9589008813687138,-14.205662821866973,-24.707618299639037,10.501955477772064,-32.547715114670794,53.827633921487454,-57.25533341430983,29.120015621848417,-67.011300314473,31.229567429577234,30.72933032951724,-2.4934224073232576,1.8846153846153846,0.0,0.45412048585737724,9.0,0.0,,,,,
level,CNY,6,2024-01…2024-06,BUY_NOW,medium,1,0.0,11,11,0.5454545454545454,0.5303514376996805,1.0284775465498357,0.5142387732749178,1.5427163198247535,0.5454545454545454,0.5303514376996805,1.0284775465498357,-9.777146449528571,-0.4959979223931136,-9.281148527135457,-25.551804460440646,3.5111241989676927,-26.04780238283376,3.015126276574579,-17.96779902413651,0.05163664000096233,-4.56244387313933,-24.933570788401504,0.4230769230769231,0.0,0.23024725429815082,139.0,0.6666666666666666,,,,,
level,CNY,6,2024-01…2024-06,BUY_NOW,medium,1,10.0,11,11,0.6363636363636364,0.7884984025559105,0.8070576101370267,0.4611757772211581,1.1529394430528952,0.6363636363636364,0.7884984025559105,0.8070576101370267,-9.777146449528571,-0.4959979223931136,-9.281148527135457,-25.551804460440646,3.5111241989676927,-26.04780238283376,3.015126276574579,-17.96779902413651,0.05163664000096233,-4.56244387313933,-24.933570788401504,0.4230769230769231,0.0,0.23024725429815082,139.0,0.6666666666666666,,,,,
level,CNY,6,2024-01…2024-06,BUY_NOW,medium,1,25.0,11,11,0.8181818181818182,0.9284345047923322,0.8812488268785585,0.5874992179190389,1.077081899518238,0.8181818181818182,0.9284345047923322,0.8812488268785585,-9.777146449528571,-0.4959979223931136,-9.281148527135457,-25.551804460440646,3.5111241989676927,-26.04780238283376,3.015126276574579,-17.96779902413651,0.05163664000096233,-4.56244387313933,-24.933570788401504,0.4230769230769231,0.0,0.23024725429815082,139.0,0.6666666666666666,,,,,
level,CNY,6,2024-01…2024-06,BUY_NOW,medium,1,50.0,11,11,0.9090909090909091,0.9801916932907349,0.9274623681403342,0.7419698945122674,1.0202086049543677,0.9090909090909091,0.9801916932907349,0.9274623681403342,-9.777146449528571,-0.4959979223931136,-9.281148527135457,-25.551804460440646,3.5111241989676927,-26.04780238283376,3.015126276574579,-17.96779902413651,0.05163664000096233,-4.56244387313933,-24.933570788401504,0.4230769230769231,0.0,0.23024725429815082,139.0,0.6666666666666666,,,,,
level,CNY,6,2024-01…2024-06,BUY_NOW,medium,4,0.0,11,11,0.45454545454545453,0.2881789137380192,1.5773029631122757,0.6309211852449103,2.523684740979641,0.45454545454545453,0.5041533546325878,0.9016015670008066,-16.888279602175306,-1.1466538821949637,-15.741625719980343,-49.7808192869729,9.868867873721236,-50.92747316916786,8.722213991526273,-32.9604811907371,2.398362304098845,1.328943965263871,-24.933570788401504,0.4230769230769231,0.0,0.23024725429815082,139.0,0.6666666666666666,,,,,
level,CNY,6,2024-01…2024-06,BUY_NOW,medium,4,10.0,11,11,0.5454545454545454,0.5239616613418531,1.0410199556541018,0.5205099778270509,1.561529933481153,0.5454545454545454,0.726517571884984,0.750779563444471,-16.888279602175306,-1.1466538821949637,-15.741625719980343,-49.7808192869729,9.868867873721236,-50.92747316916786,8.722213991526273,-32.9604811907371,2.398362304098845,1.328943965263871,-24.933570788401504,0.4230769230769231,0.0,0.23024725429815082,139.0,0.6666666666666666,,,,,
level,CNY,6,2024-01…2024-06,BUY_NOW,medium,4,25.0,11,11,0.8181818181818182,0.7399361022364217,1.1057465850211965,0.7371643900141309,1.35146804835924,0.8181818181818182,0.8798722044728434,0.9298871063576947,-16.888279602175306,-1.1466538821949637,-15.741625719980343,-49.7808192869729,9.868867873721236,-50.92747316916786,8.722213991526273,-32.9604811907371,2.398362304098845,1.328943965263871,-24.933570788401504,0.4230769230769231,0.0,0.23024725429815082,139.0,0.6666666666666666,,,,,
level,CNY,6,2024-01…2024-06,BUY_NOW,medium,4,50.0,11,11,0.8181818181818182,0.8952076677316294,0.9139575627798326,0.6093050418532217,1.1170592433975732,0.8181818181818182,0.954632587859425,0.8570646221248631,-16.888279602175306,-1.1466538821949637,-15.741625719980343,-49.7808192869729,9.868867873721236,-50.92747316916786,8.722213991526273,-32.9604811907371,2.398362304098845,1.328943965263871,-24.933570788401504,0.4230769230769231,0.0,0.23024725429815082,139.0,0.6666666666666666,,,,,
level,CNY,6,2024-01…2024-06,BUY_NOW,medium,9,0.0,11,11,0.2727272727272727,0.20511182108626197,1.3296516567544605,0.0,2.659303313508921,0.2727272727272727,0.5009584664536741,0.5444109461966604,-17.670467981782046,-2.207792378379062,-15.462675603402985,-52.485419621557206,15.755929913873867,-54.69321199993627,13.548137535494806,-29.647995337837767,-3.297435154515194,9.314856382121745,-24.933570788401504,0.4230769230769231,0.0,0.23024725429815082,139.0,0.6666666666666666,,,,,
level,CNY,6,2024-01…2024-06,BUY_NOW,medium,9,10.0,11,11,0.2727272727272727,0.3769968051118211,0.7234206471494606,0.0,1.4468412942989213,0.6363636363636364,0.6530351437699681,0.9744707347447072,-17.670467981782046,-2.207792378379062,-15.462675603402985,-52.485419621557206,15.755929913873867,-54.69321199993627,13.548137535494806,-29.647995337837767,-3.297435154515194,9.314856382121745,-24.933570788401504,0.4230769230769231,0.0,0.23024725429815082,139.0,0.6666666666666666,,,,,
level,CNY,6,2024-01…2024-06,BUY_NOW,medium,9,25.0,11,11,0.5454545454545454,0.5661341853035143,0.9634721937205007,0.4817360968602504,1.4452082905807513,0.8181818181818182,0.7961661341853035,1.0276521231577413,-17.670467981782046,-2.207792378379062,-15.462675603402985,-52.485419621557206,15.755929913873867,-54.69321199993627,13.548137535494806,-29.647995337837767,-3.297435154515194,9.314856382121745,-24.933570788401504,0.4230769230769231,0.0,0.23024725429815082,139.0,0.6666666666666666,,,,,
level,CNY,6,2024-01…2024-06,BUY_NOW,medium,9,50.0,11,11,0.7272727272727273,0.7552715654952077,0.9629287801876635,0.6018304876172896,1.3240270727580372,0.8181818181818182,0.9233226837060703,0.8861277131173325,-17.670467981782046,-2.207792378379062,-15.462675603402985,-52.485419621557206,15.755929913873867,-54.69321199993627,13.548137535494806,-29.647995337837767,-3.297435154515194,9.314856382121745,-24.933570788401504,0.4230769230769231,0.0,0.23024725429815082,139.0,0.6666666666666666,,,,,
level,CNY,6,2024-01…2024-06,BUY_NOW,medium,45,0.0,11,11,0.0,0.08690095846645367,0.0,0.0,0.0,0.2727272727272727,0.4485623003194888,0.608003108003108,-39.05518361756788,-9.30574556485259,-29.749438052715288,-105.29780182083891,44.41493052381506,-114.6035473856915,35.109184958962466,-43.52769136696059,-33.68817431829663,4.493922993178413,-24.933570788401504,0.4230769230769231,0.0,0.23024725429815082,139.0,0.6666666666666666,,,,,
level,CNY,6,2024-01…2024-06,BUY_NOW,medium,45,10.0,11,11,0.09090909090909091,0.16613418530351437,0.5472027972027972,0.0,1.6416083916083914,0.36363636363636365,0.5067092651757189,0.7176430127249799,-39.05518361756788,-9.30574556485259,-29.749438052715288,-105.29780182083891,44.41493052381506,-114.6035473856915,35.109184958962466,-43.52769136696059,-33.68817431829663,4.493922993178413,-24.933570788401504,0.4230769230769231,0.0,0.23024725429815082,139.0,0.6666666666666666,,,,,
level,CNY,6,2024-01…2024-06,BUY_NOW,medium,45,25.0,11,11,0.09090909090909091,0.27412140575079874,0.3316380589107862,0.0,0.9949141767323584,0.45454545454545453,0.5916932907348242,0.7682112703710976,-39.05518361756788,-9.30574556485259,-29.749438052715288,-105.29780182083891,44.41493052381506,-114.6035473856915,35.109184958962466,-43.52769136696059,-33.68817431829663,4.493922993178413,-24.933570788401504,0.4230769230769231,0.0,0.23024725429815082,139.0,0.6666666666666666,,,,,
level,CNY,6,2024-01…2024-06,BUY_NOW,medium,45,50.0,11,11,0.18181818181818182,0.39233226837060703,0.46342907906425823,0.0,1.1585726976606454,0.6363636363636364,0.7258785942492013,0.876680537772087,-39.05518361756788,-9.30574556485259,-29.749438052715288,-105.29780182083891,44.41493052381506,-114.6035473856915,35.109184958962466,-43.52769136696059,-33.68817431829663,4.493922993178413,-24.933570788401504,0.4230769230769231,0.0,0.23024725429815082,139.0,0.6666666666666666,,,,,
level,CNY,6,2024-01…2024-06,BUY_NOW,medium,180,0.0,11,11,0.0,0.04472843450479233,0.0,0.0,0.0,0.18181818181818182,0.4536741214057508,0.4007682458386684,-104.51578144778614,-24.707618299639037,-79.8081631481471,-177.3270263507482,43.026680099467065,-202.03464465038724,18.319061799828027,-124.32701168656578,-88.00642291546978,31.239371580616456,-24.933570788401504,0.4230769230769231,0.0,0.23024725429815082,139.0,0.6666666666666666,,,,,
level,CNY,6,2024-01…2024-06,BUY_NOW,medium,180,10.0,11,11,0.09090909090909091,0.08753993610223643,1.0384870603848706,0.0,3.1154611811546116,0.18181818181818182,0.47220447284345046,0.385041210480994,-104.51578144778614,-24.707618299639037,-79.8081631481471,-177.3270263507482,43.026680099467065,-202.03464465038724,18.319061799828027,-124.32701168656578,-88.00642291546978,31.239371580616456,-24.933570788401504,0.4230769230769231,0.0,0.23024725429815082,139.0,0.6666666666666666,,,,,
level,CNY,6,2024-01…2024-06,BUY_NOW,medium,180,25.0,11,11,0.09090909090909091,0.1501597444089457,0.6054158607350096,0.0,1.8162475822050288,0.2727272727272727,0.5092651757188499,0.5355309684042431,-104.51578144778614,-24.707618299639037,-79.8081631481471,-177.3270263507482,43.026680099467065,-202.03464465038724,18.319061799828027,-124.32701168656578,-88.00642291546978,31.239371580616456,-24.933570788401504,0.4230769230769231,0.0,0.23024725429815082,139.0,0.6666666666666666,0.16666666666666666,0.5191335740072203,6.0,0.32104775150672227,-119.00689875031252
level,CNY,6,2024-01…2024-06,BUY_NOW,medium,180,50.0,11,11,0.09090909090909091,0.2159744408945687,0.42092522861753634,0.0,1.262775685852609,0.2727272727272727,0.5533546325878594,0.4928616418223808,-104.51578144778614,-24.707618299639037,-79.8081631481471,-177.3270263507482,43.026680099467065,-202.03464465038724,18.319061799828027,-124.32701168656578,-88.00642291546978,31.239371580616456,-24.933570788401504,0.4230769230769231,0.0,0.23024725429815082,139.0,0.6666666666666666,,,,,
reversal,CNY,6,2024-01…2024-06,WINDOW_CLOSING,slow,1,0.0,18,18,0.3333333333333333,0.5303514376996805,0.6285140562248995,0.20950468540829986,1.0475234270414993,0.3333333333333333,0.5303514376996805,0.6285140562248995,-8.061075876415531,-0.4959979223931136,-7.565077954022417,-18.118844784347964,-0.3369354474189704,-18.614842706741076,-0.832933369812084,-13.729831693091583,-2.49167412861806,-2.095237480772931,-4.907300614249157,0.6923076923076923,0.0,2.7140126148273462,112.0,0.3333333333333333,,,,,
reversal,CNY,6,2024-01…2024-06,WINDOW_CLOSING,slow,1,10.0,18,18,0.3333333333333333,0.5303514376996805,0.6285140562248995,0.20950468540829986,1.0475234270414993,0.3333333333333333,0.5303514376996805,0.6285140562248995,-8.061075876415531,-0.4959979223931136,-7.565077954022417,-18.118844784347964,-0.3369354474189704,-18.614842706741076,-0.832933369812084,-13.729831693091583,-2.49167412861806,-2.095237480772931,-4.907300614249157,0.6923076923076923,0.0,2.7140126148273462,112.0,0.3333333333333333,,,,,
reversal,CNY,6,2024-01…2024-06,WINDOW_CLOSING,slow,1,25.0,18,18,0.3333333333333333,0.5303514376996805,0.6285140562248995,0.20950468540829986,1.0475234270414993,0.3333333333333333,0.5303514376996805,0.6285140562248995,-8.061075876415531,-0.4959979223931136,-7.565077954022417,-18.118844784347964,-0.3369354474189704,-18.614842706741076,-0.832933369812084,-13.729831693091583,-2.49167412861806,-2.095237480772931,-4.907300614249157,0.6923076923076923,0.0,2.7140126148273462,112.0,0.3333333333333333,,,,,
reversal,CNY,6,2024-01…2024-06,WINDOW_CLOSING,slow,1,50.0,18,18,0.3333333333333333,0.5303514376996805,0.6285140562248995,0.20950468540829986,1.0475234270414993,0.3333333333333333,0.5303514376996805,0.6285140562248995,-8.061075876415531,-0.4959979223931136,-7.565077954022417,-18.118844784347964,-0.3369354474189704,-18.614842706741076,-0.832933369812084,-13.729831693091583,-2.49167412861806,-2.095237480772931,-4.907300614249157,0.6923076923076923,0.0,2.7140126148273462,112.0,0.3333333333333333,,,,,
reversal,CNY,6,2024-01…2024-06,WINDOW_CLOSING,slow,4,0.0,18,18,0.6111111111111112,0.5111821086261981,1.1954861111111112,0.7607638888888889,1.6302083333333335,0.6111111111111112,0.5111821086261981,1.1954861111111112,-3.381785014116382,-1.1466538821949637,-2.2351311319214187,-15.34328301058021,9.22848616365125,-16.489936892775173,8.081832281456286,-13.558760143341878,7.633400939914084,4.080069072599934,-4.907300614249157,0.6923076923076923,0.0,2.7140126148273462,112.0,0.3333333333333333,,,,,
reversal,CNY,6,2024-01…2024-06,WINDOW_CLOSING,slow,4,10.0,18,18,0.6111111111111112,0.5111821086261981,1.1954861111111112,0.7607638888888889,1.6302083333333335,0.6111111111111112,0.5111821086261981,1.1954861111111112,-3.381785014116382,-1.1466538821949637,-2.2351311319214187,-15.34328301058021,9.22848616365125,-16.489936892775173,8.081832281456286,-13.558760143341878,7.633400939914084,4.080069072599934,-4.907300614249157,0.6923076923076923,0.0,2.7140126148273462,112.0,0.3333333333333333,,,,,
reversal,CNY,6,2024-01…2024-06,WINDOW_CLOSING,slow,4,25.0,18,18,0.6111111111111112,0.5111821086261981,1.1954861111111112,0.7607638888888889,1.6302083333333335,0.6111111111111112,0.5111821086261981,1.1954861111111112,-3.381785014116382,-1.1466538821949637,-2.2351311319214187,-15.34328301058021,9.22848616365125,-16.489936892775173,8.081832281456286,-13.558760143341878,7.633400939914084,4.080069072599934,-4.907300614249157,0.6923076923076923,0.0,2.7140126148273462,112.0,0.3333333333333333,,,,,
reversal,CNY,6,2024-01…2024-06,WINDOW_CLOSING,slow,4,50.0,18,18,0.6111111111111112,0.5111821086261981,1.1954861111111112,0.7607638888888889,1.6302083333333335,0.6111111111111112,0.5111821086261981,1.1954861111111112,-3.381785014116382,-1.1466538821949637,-2.2351311319214187,-15.34328301058021,9.22848616365125,-16.489936892775173,8.081832281456286,-13.558760143341878,7.633400939914084,4.080069072599934,-4.907300614249157,0.6923076923076923,0.0,2.7140126148273462,112.0,0.3333333333333333,,,,,
reversal,CNY,6,2024-01…2024-06,WINDOW_CLOSING,slow,9,0.0,18,18,0.5,0.4952076677316294,1.0096774193548388,0.5609318996415771,1.4584229390681003,0.5,0.4952076677316294,1.0096774193548388,-7.617600648004615,-2.207792378379062,-5.409808269625553,-27.87868672183586,14.730832138183182,-30.08647910021492,12.52303975980412,-23.249619180137582,12.073198190471452,8.341752010829886,-4.907300614249157,0.6923076923076923,0.0,2.7140126148273462,112.0,0.3333333333333333,,,,,
reversal,CNY,6,2024-01…2024-06,WINDOW_CLOSING,slow,9,10.0,18,18,0.5,0.4952076677316294,1.0096774193548388,0.5609318996415771,1.4584229390681003,0.5,0.4952076677316294,1.0096774193548388,-7.617600648004615,-2.207792378379062,-5.409808269625553,-27.87868672183586,14.730832138183182,-30.08647910021492,12.52303975980412,-23.249619180137582,12.073198190471452,8.341752010829886,-4.907300614249157,0.6923076923076923,0.0,2.7140126148273462,112.0,0.3333333333333333,,,,,
reversal,CNY,6,2024-01…2024-06,WINDOW_CLOSING,slow,9,25.0,18,18,0.5,0.4952076677316294,1.0096774193548388,0.5609318996415771,1.4584229390681003,0.5,0.4952076677316294,1.0096774193548388,-7.617600648004615,-2.207792378379062,-5.409808269625553,-27.87868672183586,14.730832138183182,-30.08647910021492,12.52303975980412,-23.249619180137582,12.073198190471452,8.341752010829886,-4.907300614249157,0.6923076923076923,0.0,2.7140126148273462,112.0,0.3333333333333333,,,,,
reversal,CNY,6,2024-01…2024-06,WINDOW_CLOSING,slow,9,50.0,18,18,0.5,0.4952076677316294,1.0096774193548388,0.5609318996415771,1.4584229390681003,0.5,0.4952076677316294,1.0096774193548388,-7.617600648004615,-2.207792378379062,-5.409808269625553,-27.87868672183586,14.730832138183182,-30.08647910021492,12.52303975980412,-23.249619180137582,12.073198190471452,8.341752010829886,-4.907300614249157,0.6923076923076923,0.0,2.7140126148273462,112.0,0.3333333333333333,,,,,
reversal,CNY,6,2024-01…2024-06,WINDOW_CLOSING,slow,45,0.0,18,18,0.6111111111111112,0.47539936102236424,1.285468936678614,0.8180256869772998,1.7529121863799284,0.6111111111111112,0.47539936102236424,1.285468936678614,10.165664301002298,-9.30574556485259,19.471409865854888,-49.16774004375945,89.64846937181278,-58.473485608612044,80.3427238069602,-18.140669036079984,43.481375314769714,21.59050961735458,-4.907300614249157,0.6923076923076923,0.0,2.7140126148273462,112.0,0.3333333333333333,,,,,
reversal,CNY,6,2024-01…2024-06,WINDOW_CLOSING,slow,45,10.0,18,18,0.6111111111111112,0.47539936102236424,1.285468936678614,0.8180256869772998,1.7529121863799284,0.6111111111111112,0.47539936102236424,1.285468936678614,10.165664301002298,-9.30574556485259,19.471409865854888,-49.16774004375945,89.64846937181278,-58.473485608612044,80.3427238069602,-18.140669036079984,43.481375314769714,21.59050961735458,-4.907300614249157,0.6923076923076923,0.0,2.7140126148273462,112.0,0.3333333333333333,,,,,
reversal,CNY,6,2024-01…2024-06,WINDOW_CLOSING,slow,45,25.0,18,18,0.6111111111111112,0.47539936102236424,1.285468936678614,0.8180256869772998,1.7529121863799284,0.6111111111111112,0.47539936102236424,1.285468936678614,10.165664301002298,-9.30574556485259,19.471409865854888,-49.16774004375945,89.64846937181278,-58.473485608612044,80.3427238069602,-18.140669036079984,43.481375314769714,21.59050961735458,-4.907300614249157,0.6923076923076923,0.0,2.7140126148273462,112.0,0.3333333333333333,,,,,
reversal,CNY,6,2024-01…2024-06,WINDOW_CLOSING,slow,45,50.0,18,18,0.6111111111111112,0.47539936102236424,1.285468936678614,0.8180256869772998,1.7529121863799284,0.6111111111111112,0.47539936102236424,1.285468936678614,10.165664301002298,-9.30574556485259,19.471409865854888,-49.16774004375945,89.64846937181278,-58.473485608612044,80.3427238069602,-18.140669036079984,43.481375314769714,21.59050961735458,-4.907300614249157,0.6923076923076923,0.0,2.7140126148273462,112.0,0.3333333333333333,,,,,
reversal,CNY,6,2024-01…2024-06,WINDOW_CLOSING,slow,180,0.0,18,18,0.6111111111111112,0.44792332268370605,1.3643208115390713,0.8682041527975908,1.8604374702805517,0.6111111111111112,0.44792332268370605,1.3643208115390713,19.436116819197178,-24.707618299639037,44.14373511883622,-57.107091229295804,148.08172383434015,-81.81470952893484,123.3741055347011,-95.70175290900255,136.9980613315927,75.94728430047911,-4.907300614249157,0.6923076923076923,0.0,2.7140126148273462,112.0,0.3333333333333333,,,,,
reversal,CNY,6,2024-01…2024-06,WINDOW_CLOSING,slow,180,10.0,18,18,0.6111111111111112,0.44792332268370605,1.3643208115390713,0.8682041527975908,1.8604374702805517,0.6111111111111112,0.44792332268370605,1.3643208115390713,19.436116819197178,-24.707618299639037,44.14373511883622,-57.107091229295804,148.08172383434015,-81.81470952893484,123.3741055347011,-95.70175290900255,136.9980613315927,75.94728430047911,-4.907300614249157,0.6923076923076923,0.0,2.7140126148273462,112.0,0.3333333333333333,,,,,
reversal,CNY,6,2024-01…2024-06,WINDOW_CLOSING,slow,180,25.0,18,18,0.6111111111111112,0.44792332268370605,1.3643208115390713,0.8682041527975908,1.8604374702805517,0.6111111111111112,0.44792332268370605,1.3643208115390713,19.436116819197178,-24.707618299639037,44.14373511883622,-57.107091229295804,148.08172383434015,-81.81470952893484,123.3741055347011,-95.70175290900255,136.9980613315927,75.94728430047911,-4.907300614249157,0.6923076923076923,0.0,2.7140126148273462,112.0,0.3333333333333333,0.6666666666666666,0.4411552346570397,12.0,1.5111838516093834,62.350444387687865
reversal,CNY,6,2024-01…2024-06,WINDOW_CLOSING,slow,180,50.0,18,18,0.6111111111111112,0.44792332268370605,1.3643208115390713,0.8682041527975908,1.8604374702805517,0.6111111111111112,0.44792332268370605,1.3643208115390713,19.436116819197178,-24.707618299639037,44.14373511883622,-57.107091229295804,148.08172383434015,-81.81470952893484,123.3741055347011,-95.70175290900255,136.9980613315927,75.94728430047911,-4.907300614249157,0.6923076923076923,0.0,2.7140126148273462,112.0,0.3333333333333333,,,,,
dip_vs_trend,CNY,6,2024-01…2024-06,BUY_NOW,medium,1,0.0,11,11,0.36363636363636365,0.5303514376996805,0.6856516976998904,0.1714129244249726,1.1998904709748084,0.36363636363636365,0.5303514376996805,0.6856516976998904,4.072862220900954,-0.4959979223931136,4.568860143294068,-8.579484459844192,21.12422660702022,-9.075482382237306,20.628228684627107,-10.228649584586302,12.245154681179386,19.471375509085036,16.795212003742087,0.4230769230769231,0.0,0.29351835624614175,138.0,0.6666666666666666,,,,,
dip_vs_trend,CNY,6,2024-01…2024-06,BUY_NOW,medium,1,10.0,11,11,0.8181818181818182,0.7884984025559105,1.0376454987476058,0.6917636658317371,1.2682333873581848,0.8181818181818182,0.7884984025559105,1.0376454987476058,4.072862220900954,-0.4959979223931136,4.568860143294068,-8.579484459844192,21.12422660702022,-9.075482382237306,20.628228684627107,-10.228649584586302,12.245154681179386,19.471375509085036,16.795212003742087,0.4230769230769231,0.0,0.29351835624614175,138.0,0.6666666666666666,,,,,
dip_vs_trend,CNY,6,2024-01…2024-06,BUY_NOW,medium,1,25.0,11,11,0.9090909090909091,0.9284345047923322,0.9791653631983983,0.7833322905587187,1.077081899518238,0.9090909090909091,0.9284345047923322,0.9791653631983983,4.072862220900954,-0.4959979223931136,4.568860143294068,-8.579484459844192,21.12422660702022,-9.075482382237306,20.628228684627107,-10.228649584586302,12.245154681179386,19.471375509085036,16.795212003742087,0.4230769230769231,0.0,0.29351835624614175,138.0,0.6666666666666666,,,,,
dip_vs_trend,CNY,6,2024-01…2024-06,BUY_NOW,medium,1,50.0,11,11,1.0,0.9801916932907349,1.0202086049543677,1.0202086049543677,1.0202086049543677,1.0,0.9801916932907349,1.0202086049543677,4.072862220900954,-0.4959979223931136,4.568860143294068,-8.579484459844192,21.12422660702022,-9.075482382237306,20.628228684627107,-10.228649584586302,12.245154681179386,19.471375509085036,16.795212003742087,0.4230769230769231,0.0,0.29351835624614175,138.0,0.6666666666666666,,,,,
dip_vs_trend,CNY,6,2024-01…2024-06,BUY_NOW,medium,4,0.0,11,11,0.36363636363636365,0.2881789137380192,1.2618423704898205,0.3154605926224551,2.208224148357186,0.5454545454545454,0.5041533546325878,1.0819218804009678,9.393309320000991,-1.1466538821949637,10.539963202195954,-16.87352668452915,34.18876342317818,-18.020180566724115,33.04210954098322,-13.366217847879392,22.39875341593264,12.69140386144815,16.795212003742087,0.4230769230769231,0.0,0.29351835624614175,138.0,0.6666666666666666,,,,,
dip_vs_trend,CNY,6,2024-01…2024-06,BUY_NOW,medium,4,10.0,11,11,0.45454545454545453,0.5239616613418531,0.8675166297117516,0.34700665188470065,1.3880266075388026,0.7272727272727273,0.726517571884984,1.0010394179259616,9.393309320000991,-1.1466538821949637,10.539963202195954,-16.87352668452915,34.18876342317818,-18.020180566724115,33.04210954098322,-13.366217847879392,22.39875341593264,12.69140386144815,16.795212003742087,0.4230769230769231,0.0,0.29351835624614175,138.0,0.6666666666666666,,,,,
dip_vs_trend,CNY,6,2024-01…2024-06,BUY_NOW,medium,4,25.0,11,11,0.8181818181818182,0.7399361022364217,1.1057465850211965,0.7371643900141309,1.35146804835924,0.9090909090909091,0.8798722044728434,1.033207895952994,9.393309320000991,-1.1466538821949637,10.539963202195954,-16.87352668452915,34.18876342317818,-18.020180566724115,33.04210954098322,-13.366217847879392,22.39875341593264,12.69140386144815,16.795212003742087,0.4230769230769231,0.0,0.29351835624614175,138.0,0.6666666666666666,,,,,
dip_vs_trend,CNY,6,2024-01…2024-06,BUY_NOW,medium,4,50.0,11,11,0.9090909090909091,0.8952076677316294,1.0155084030887027,0.8124067224709624,1.1170592433975732,0.9090909090909091,0.954632587859425,0.9522940245831811,9.393309320000991,-1.1466538821949637,10.539963202195954,-16.87352668452915,34.18876342317818,-18.020180566724115,33.04210954098322,-13.366217847879392,22.39875341593264,12.69140386144815,16.795212003742087,0.4230769230769231,0.0,0.29351835624614175,138.0,0.6666666666666666,,,,,
dip_vs_trend,CNY,6,2024-01…2024-06,BUY_NOW,medium,9,0.0,11,11,0.2727272727272727,0.20511182108626197,1.3296516567544605,0.0,2.659303313508921,0.6363636363636364,0.5009584664536741,1.2702922077922076,20.164090816942238,-2.207792378379062,22.3718831953213,-21.834170716294153,62.59747693853979,-24.041963094673214,60.38968456016073,-11.032692675809752,37.990824241371946,16.760548912341342,16.795212003742087,0.4230769230769231,0.0,0.29351835624614175,138.0,0.6666666666666666,,,,,
dip_vs_trend,CNY,6,2024-01…2024-06,BUY_NOW,medium,9,10.0,11,11,0.2727272727272727,0.3769968051118211,0.7234206471494606,0.0,1.4468412942989213,0.7272727272727273,0.6530351437699681,1.113680839708237,20.164090816942238,-2.207792378379062,22.3718831953213,-21.834170716294153,62.59747693853979,-24.041963094673214,60.38968456016073,-11.032692675809752,37.990824241371946,16.760548912341342,16.795212003742087,0.4230769230769231,0.0,0.29351835624614175,138.0,0.6666666666666666,,,,,
dip_vs_trend,CNY,6,2024-01…2024-06,BUY_NOW,medium,9,25.0,11,11,0.5454545454545454,0.5661341853035143,0.9634721937205007,0.4817360968602504,1.4452082905807513,0.8181818181818182,0.7961661341853035,1.0276521231577413,20.164090816942238,-2.207792378379062,22.3718831953213,-21.834170716294153,62.59747693853979,-24.041963094673214,60.38968456016073,-11.032692675809752,37.990824241371946,16.760548912341342,16.795212003742087,0.4230769230769231,0.0,0.29351835624614175,138.0,0.6666666666666666,,,,,
dip_vs_trend,CNY,6,2024-01…2024-06,BUY_NOW,medium,9,50.0,11,11,0.7272727272727273,0.7552715654952077,0.9629287801876635,0.6018304876172896,1.3240270727580372,0.9090909090909091,0.9233226837060703,0.9845863479081471,20.164090816942238,-2.207792378379062,22.3718831953213,-21.834170716294153,62.59747693853979,-24.041963094673214,60.38968456016073,-11.032692675809752,37.990824241371946,16.760548912341342,16.795212003742087,0.4230769230769231,0.0,0.29351835624614175,138.0,0.6666666666666666,,,,,
dip_vs_trend,CNY,6,2024-01…2024-06,BUY_NOW,medium,45,0.0,11,11,0.0,0.08690095846645367,0.0,0.0,0.0,0.36363636363636365,0.4485623003194888,0.8106708106708107,-12.165837815366514,-9.30574556485259,-2.860092250513924,-77.51530015703759,72.54806342593527,-86.82104572189017,63.242317861082675,-25.849021608097264,-4.3468756480918005,35.44118449151559,16.795212003742087,0.4230769230769231,0.0,0.29351835624614175,138.0,0.6666666666666666,,,,,
dip_vs_trend,CNY,6,2024-01…2024-06,BUY_NOW,medium,45,10.0,11,11,0.09090909090909091,0.16613418530351437,0.5472027972027972,0.0,1.6416083916083914,0.45454545454545453,0.5067092651757189,0.8970537659062248,-12.165837815366514,-9.30574556485259,-2.860092250513924,-77.51530015703759,72.54806342593527,-86.82104572189017,63.242317861082675,-25.849021608097264,-4.3468756480918005,35.44118449151559,16.795212003742087,0.4230769230769231,0.0,0.29351835624614175,138.0,0.6666666666666666,,,,,
dip_vs_trend,CNY,6,2024-01…2024-06,BUY_NOW,medium,45,25.0,11,11,0.18181818181818182,0.27412140575079874,0.6632761178215724,0.0,1.6581902945539309,0.45454545454545453,0.5916932907348242,0.7682112703710976,-12.165837815366514,-9.30574556485259,-2.860092250513924,-77.51530015703759,72.54806342593527,-86.82104572189017,63.242317861082675,-25.849021608097264,-4.3468756480918005,35.44118449151559,16.795212003742087,0.4230769230769231,0.0,0.29351835624614175,138.0,0.6666666666666666,,,,,
dip_vs_trend,CNY,6,2024-01…2024-06,BUY_NOW,medium,45,50.0,11,11,0.18181818181818182,0.39233226837060703,0.46342907906425823,0.0,1.1585726976606454,0.45454545454545453,0.7258785942492013,0.6262003841229192,-12.165837815366514,-9.30574556485259,-2.860092250513924,-77.51530015703759,72.54806342593527,-86.82104572189017,63.242317861082675,-25.849021608097264,-4.3468756480918005,35.44118449151559,16.795212003742087,0.4230769230769231,0.0,0.29351835624614175,138.0,0.6666666666666666,,,,,
dip_vs_trend,CNY,6,2024-01…2024-06,BUY_NOW,medium,180,0.0,11,11,0.0,0.04472843450479233,0.0,0.0,0.0,0.2727272727272727,0.4536741214057508,0.6011523687580025,-41.12790805408968,-24.707618299639037,-16.420289754450643,-108.6321601083417,86.02222223184586,-133.33977840798073,61.314603932206815,-90.20594336231119,-13.083316449391694,86.91864423817077,16.795212003742087,0.4230769230769231,0.0,0.29351835624614175,138.0,0.6666666666666666,,,,,
dip_vs_trend,CNY,6,2024-01…2024-06,BUY_NOW,medium,180,10.0,11,11,0.0,0.08753993610223643,0.0,0.0,0.0,0.2727272727272727,0.47220447284345046,0.5775618157214909,-41.12790805408968,-24.707618299639037,-16.420289754450643,-108.6321601083417,86.02222223184586,-133.33977840798073,61.314603932206815,-90.20594336231119,-13.083316449391694,86.91864423817077,16.795212003742087,0.4230769230769231,0.0,0.29351835624614175,138.0,0.6666666666666666,,,,,
dip_vs_trend,CNY,6,2024-01…2024-06,BUY_NOW,medium,180,25.0,11,11,0.0,0.1501597444089457,0.0,0.0,0.0,0.36363636363636365,0.5092651757188499,0.7140412912056575,-41.12790805408968,-24.707618299639037,-16.420289754450643,-108.6321601083417,86.02222223184586,-133.33977840798073,61.314603932206815,-90.20594336231119,-13.083316449391694,86.91864423817077,16.795212003742087,0.4230769230769231,0.0,0.29351835624614175,138.0,0.6666666666666666,0.2,0.5191335740072203,5.0,0.3852573018080667,-86.92852928853576
dip_vs_trend,CNY,6,2024-01…2024-06,BUY_NOW,medium,180,50.0,11,11,0.0,0.2159744408945687,0.0,0.0,0.0,0.36363636363636365,0.5533546325878594,0.6571488557631745,-41.12790805408968,-24.707618299639037,-16.420289754450643,-108.6321601083417,86.02222223184586,-133.33977840798073,61.314603932206815,-90.20594336231119,-13.083316449391694,86.91864423817077,16.795212003742087,0.4230769230769231,0.0,0.29351835624614175,138.0,0.6666666666666666,,,,,
momentum,CNY,7,2024-07…2024-12,BUY_NOW,fast,1,0.0,38,38,0.47368421052631576,0.535253980288097,0.8849709258983152,0.5899806172655435,1.179961234531087,0.47368421052631576,0.535253980288097,0.8849709258983152,-2.4037849324572806,1.288102108344419,-3.6918870408016997,-9.738855285714788,1.8341476699025328,-8.450753177370368,3.122249778246952,-8.358301321219292,2.149661109111957,9.06153577725353,12.647387756187616,1.4456521739130435,0.0,0.5644818130634808,14.0,0.0,,,,,
momentum,CNY,7,2024-07…2024-12,BUY_NOW,fast,1,10.0,38,38,0.7105263157894737,0.7361637604245641,0.9651742641877608,0.7864382893381755,1.1439102390373461,0.7105263157894737,0.7361637604245641,0.9651742641877608,-2.4037849324572806,1.288102108344419,-3.6918870408016997,-9.738855285714788,1.8341476699025328,-8.450753177370368,3.122249778246952,-8.358301321219292,2.149661109111957,9.06153577725353,12.647387756187616,1.4456521739130435,0.0,0.5644818130634808,14.0,0.0,,,,,
momentum,CNY,7,2024-07…2024-12,BUY_NOW,fast,1,25.0,38,38,0.8947368421052632,0.8832448824867324,1.0130110684436413,0.8938332956855658,1.102394398012198,0.8947368421052632,0.8832448824867324,1.0130110684436413,-2.4037849324572806,1.288102108344419,-3.6918870408016997,-9.738855285714788,1.8341476699025328,-8.450753177370368,3.122249778246952,-8.358301321219292,2.149661109111957,9.06153577725353,12.647387756187616,1.4456521739130435,0.0,0.5644818130634808,14.0,0.0,,,,,
momentum,CNY,7,2024-07…2024-12,BUY_NOW,fast,1,50.0,38,38,0.9736842105263158,0.9651250947687642,1.0088684003803696,0.954334973332782,1.0361351139041635,0.9736842105263158,0.9651250947687642,1.0088684003803696,-2.4037849324572806,1.288102108344419,-3.6918870408016997,-9.738855285714788,1.8341476699025328,-8.450753177370368,3.122249778246952,-8.358301321219292,2.149661109111957,9.06153577725353,12.647387756187616,1.4456521739130435,0.0,0.5644818130634808,14.0,0.0,,,,,
momentum,CNY,7,2024-07…2024-12,BUY_NOW,fast,4,0.0,38,38,0.2631578947368421,0.3169067475360121,0.8303953664064467,0.41519768320322337,1.24559304960967,0.5,0.5382865807429871,0.9288732394366198,-0.11422140607295521,3.1642527540372156,-3.278474160110171,-14.09406223797591,7.338533642974232,-10.929809483938694,10.502786397011448,-12.678727865656775,11.616058706965669,21.096753607650854,12.647387756187616,1.4456521739130435,0.0,0.5644818130634808,14.0,0.0,,,,,
momentum,CNY,7,2024-07…2024-12,BUY_NOW,fast,4,10.0,38,38,0.4473684210526316,0.46853677028051555,0.9548203031851473,0.6178249020609777,1.291815704309317,0.6578947368421053,0.6823351023502654,0.9641812865497076,-0.11422140607295521,3.1642527540372156,-3.278474160110171,-14.09406223797591,7.338533642974232,-10.929809483938694,10.502786397011448,-12.678727865656775,11.616058706965669,21.096753607650854,12.647387756187616,1.4456521739130435,0.0,0.5644818130634808,14.0,0.0,,,,,
momentum,CNY,7,2024-07…2024-12,BUY_NOW,fast,4,25.0,38,38,0.6052631578947368,0.6664139499620925,0.9082390276031376,0.6713071073588408,1.1451709478474343,0.868421052631579,0.8218347232752085,1.0566857642260634,-0.11422140607295521,3.1642527540372156,-3.278474160110171,-14.09406223797591,7.338533642974232,-10.929809483938694,10.502786397011448,-12.678727865656775,11.616058706965669,21.096753607650854,12.647387756187616,1.4456521739130435,0.0,0.5644818130634808,14.0,0.0,,,,,
momentum,CNY,7,2024-07…2024-12,BUY_NOW,fast,4,50.0,38,38,0.868421052631579,0.8362395754359363,1.0384835615784702,0.9126067662356254,1.1643603569213152,0.9473684210526315,0.931008339651251,1.0175724327104405,-0.11422140607295521,3.1642527540372156,-3.278474160110171,-14.09406223797591,7.338533642974232,-10.929809483938694,10.502786397011448,-12.678727865656775,11.616058706965669,21.096753607650854,12.647387756187616,1.4456521739130435,0.0,0.5644818130634808,14.0,0.0,,,,,
momentum,CNY,7,2024-07…2024-12,BUY_NOW,fast,9,0.0,38,38,0.10526315789473684,0.22971948445792267,0.45822476984540556,0.11455619246135139,0.9164495396908111,0.631578947368421,0.5716451857467779,1.104844338964121,2.2108905324412427,6.211963444558971,-4.001072912117728,-21.447658432514665,12.884300058421893,-15.235694987955695,19.096263502980865,-21.040261913694952,23.406931458694597,19.513571318840462,12.647387756187616,1.4456521739130435,0.0,0.5644818130634808,14.0,0.0,,,,,
momentum,CNY,7,2024-07…2024-12,BUY_NOW,fast,9,10.0,38,38,0.34210526315789475,0.34420015163002277,0.9939137491305355,0.5351843264549038,1.4526431718061674,0.7631578947368421,0.66565579984837,1.1464752427766456,2.2108905324412427,6.211963444558971,-4.001072912117728,-21.447658432514665,12.884300058421893,-15.235694987955695,19.096263502980865,-21.040261913694952,23.406931458694597,19.513571318840462,12.647387756187616,1.4456521739130435,0.0,0.5644818130634808,14.0,0.0,,,,,
momentum,CNY,7,2024-07…2024-12,BUY_NOW,fast,9,25.0,38,38,0.5263157894736842,0.5231235784685367,1.0061022120518688,0.7042715484363081,1.3079328756674296,0.8421052631578947,0.7907505686125853,1.064944239794116,2.2108905324412427,6.211963444558971,-4.001072912117728,-21.447658432514665,12.884300058421893,-15.235694987955695,19.096263502980865,-21.040261913694952,23.406931458694597,19.513571318840462,12.647387756187616,1.4456521739130435,0.0,0.5644818130634808,14.0,0.0,,,,,
momentum,CNY,7,2024-07…2024-12,BUY_NOW,fast,9,50.0,38,38,0.7894736842105263,0.7210007581501138,1.0949692844097625,0.9124744036748021,1.240965188997731,0.8947368421052632,0.8870356330553449,1.0086819613135403,2.2108905324412427,6.211963444558971,-4.001072912117728,-21.447658432514665,12.884300058421893,-15.235694987955695,19.096263502980865,-21.040261913694952,23.406931458694597,19.513571318840462,12.647387756187616,1.4456521739130435,0.0,0.5644818130634808,14.0,0.0,,,,,
momentum,CNY,7,2024-07…2024-12,BUY_NOW,fast,45,0.0,38,38,0.07894736842105263,0.14935557240333586,0.5285866951643067,0.0,1.2333689553833822,0.5789473684210527,0.6444275966641395,0.898390092879257,1.4813800047809063,26.292335837316543,-24.810955832535637,-68.52062371549835,14.911131351140419,-42.228287878181796,41.20346718845696,-49.83253685736537,58.14652717925349,0.31141423021031006,12.647387756187616,1.4456521739130435,0.0,0.5644818130634808,14.0,0.0,,,,,
momentum,CNY,7,2024-07…2024-12,BUY_NOW,fast,45,10.0,38,38,0.18421052631578946,0.22365428354814254,0.8236396074933094,0.35298840321141833,1.4119536128456733,0.5789473684210527,0.6800606520090978,0.8513172563515813,1.4813800047809063,26.292335837316543,-24.810955832535637,-68.52062371549835,14.911131351140419,-42.228287878181796,41.20346718845696,-49.83253685736537,58.14652717925349,0.31141423021031006,12.647387756187616,1.4456521739130435,0.0,0.5644818130634808,14.0,0.0,,,,,
momentum,CNY,7,2024-07…2024-12,BUY_NOW,fast,45,25.0,38,38,0.34210526315789475,0.35633055344958303,0.9600783874580067,0.5908174692049272,1.4031914893617021,0.6842105263157895,0.7255496588324488,0.9430237034592752,1.4813800047809063,26.292335837316543,-24.810955832535637,-68.52062371549835,14.911131351140419,-42.228287878181796,41.20346718845696,-49.83253685736537,58.14652717925349,0.31141423021031006,12.647387756187616,1.4456521739130435,0.0,0.5644818130634808,14.0,0.0,,,,,
momentum,CNY,7,2024-07…2024-12,BUY_NOW,fast,45,50.0,38,38,0.5,0.5208491281273692,0.9599708879184863,0.6568221864705432,1.2631195893664293,0.7368421052631579,0.7998483699772555,0.9212272387128959,1.4813800047809063,26.292335837316543,-24.810955832535637,-68.52062371549835,14.911131351140419,-42.228287878181796,41.20346718845696,-49.83253685736537,58.14652717925349,0.31141423021031006,12.647387756187616,1.4456521739130435,0.0,0.5644818130634808,14.0,0.0,,,,,
momentum,CNY,7,2024-07…2024-12,BUY_NOW,fast,180,0.0,38,38,0.02631578947368421,0.06520090978013647,0.40361077111383103,0.0,1.210832313341493,0.631578947368421,0.709628506444276,0.8900134952766531,71.64536343734397,100.35912254089858,-28.713759103554608,-104.67441561918307,43.67009951810887,-4.31529307828449,144.02922205900745,-33.391279195694516,205.60537941962284,-4.74146330132825,12.647387756187616,1.4456521739130435,0.0,0.5644818130634808,14.0,0.0,,,,,
momentum,CNY,7,2024-07…2024-12,BUY_NOW,fast,180,10.0,38,38,0.10526315789473684,0.0978013646702047,1.0762953896368828,0.2690738474092207,2.1525907792737655,0.6578947368421053,0.730098559514784,0.9011040061212221,71.64536343734397,100.35912254089858,-28.713759103554608,-104.67441561918307,43.67009951810887,-4.31529307828449,144.02922205900745,-33.391279195694516,205.60537941962284,-4.74146330132825,12.647387756187616,1.4456521739130435,0.0,0.5644818130634808,14.0,0.0,,,,,
momentum,CNY,7,2024-07…2024-12,BUY_NOW,fast,180,25.0,38,38,0.15789473684210525,0.1607278241091736,0.9823733862959285,0.3274577954319762,1.8010178748758692,0.6842105263157895,0.7475360121304018,0.9152877121810613,71.64536343734397,100.35912254089858,-28.713759103554608,-104.67441561918307,43.67009951810887,-4.31529307828449,144.02922205900745,-33.391279195694516,205.60537941962284,-4.74146330132825,12.647387756187616,1.4456521739130435,0.0,0.5644818130634808,14.0,0.0,0.7272727272727273,0.7928007023705005,33.0,0.9173462196718011,-33.34691777405253
momentum,CNY,7,2024-07…2024-12,BUY_NOW,fast,180,50.0,38,38,0.2631578947368421,0.25246398786959817,1.0423581476213055,0.5211790738106528,1.6677730361940888,0.7368421052631579,0.7824109173616376,0.9417584659322725,71.64536343734397,100.35912254089858,-28.713759103554608,-104.67441561918307,43.67009951810887,-4.31529307828449,144.02922205900745,-33.391279195694516,205.60537941962284,-4.74146330132825,12.647387756187616,1.4456521739130435,0.0,0.5644818130634808,14.0,0.0,,,,,
level,CNY,7,2024-07…2024-12,BUY_NOW,medium,1,0.0,16,16,0.5,0.535253980288097,0.9341359773371105,0.46706798866855526,1.4012039660056659,0.5,0.535253980288097,0.9341359773371105,-3.399421785976325,1.288102108344419,-4.687523894320744,-11.72755414326324,2.3903436243484526,-10.439452034918823,3.6784457326928717,-4.5428108271789505,-1.9293501615729498,-2.080962470365905,13.460112079209662,0.6086956521739131,0.0,0.19277860072371597,123.0,0.6666666666666666,,,,,
level,CNY,7,2024-07…2024-12,BUY_NOW,medium,1,10.0,16,16,0.6875,0.7361637604245641,0.9338954685890833,0.5942971163748713,1.1885942327497425,0.6875,0.7361637604245641,0.9338954685890833,-3.399421785976325,1.288102108344419,-4.687523894320744,-11.72755414326324,2.3903436243484526,-10.439452034918823,3.6784457326928717,-4.5428108271789505,-1.9293501615729498,-2.080962470365905,13.460112079209662,0.6086956521739131,0.0,0.19277860072371597,123.0,0.6666666666666666,,,,,
level,CNY,7,2024-07…2024-12,BUY_NOW,medium,1,25.0,16,16,0.9375,0.8832448824867324,1.0614270386266094,0.9199034334763948,1.1321888412017167,0.9375,0.8832448824867324,1.0614270386266094,-3.399421785976325,1.288102108344419,-4.687523894320744,-11.72755414326324,2.3903436243484526,-10.439452034918823,3.6784457326928717,-4.5428108271789505,-1.9293501615729498,-2.080962470365905,13.460112079209662,0.6086956521739131,0.0,0.19277860072371597,123.0,0.6666666666666666,,,,,
level,CNY,7,2024-07…2024-12,BUY_NOW,medium,1,50.0,16,16,1.0,0.9651250947687642,1.0361351139041635,1.0361351139041635,1.0361351139041635,1.0,0.9651250947687642,1.0361351139041635,-3.399421785976325,1.288102108344419,-4.687523894320744,-11.72755414326324,2.3903436243484526,-10.439452034918823,3.6784457326928717,-4.5428108271789505,-1.9293501615729498,-2.080962470365905,13.460112079209662,0.6086956521739131,0.0,0.19277860072371597,123.0,0.6666666666666666,,,,,
level,CNY,7,2024-07…2024-12,BUY_NOW,medium,4,0.0,16,16,0.25,0.3169067475360121,0.7888755980861244,0.1972188995215311,1.5777511961722488,0.4375,0.5382865807429871,0.8127640845070423,1.6799585399938226,3.1642527540372156,-1.484294214043393,-12.708089810063399,9.569178975490713,-9.543837056026183,12.73343172952793,-5.152670918678388,10.46476784400095,1.0895531464083512,13.460112079209662,0.6086956521739131,0.0,0.19277860072371597,123.0,0.6666666666666666,,,,,
level,CNY,7,2024-07…2024-12,BUY_NOW,medium,4,10.0,16,16,0.375,0.46853677028051555,0.8003640776699029,0.26678802588996764,1.333940129449838,0.625,0.6823351023502654,0.9159722222222222,1.6799585399938226,3.1642527540372156,-1.484294214043393,-12.708089810063399,9.569178975490713,-9.543837056026183,12.73343172952793,-5.152670918678388,10.46476784400095,1.0895531464083512,13.460112079209662,0.6086956521739131,0.0,0.19277860072371597,123.0,0.6666666666666666,,,,,
level,CNY,7,2024-07…2024-12,BUY_NOW,medium,4,25.0,16,16,0.8125,0.6664139499620925,1.219212172923777,0.9378555176336747,1.5005688282138794,0.8125,0.8218347232752085,0.9886416051660517,1.6799585399938226,3.1642527540372156,-1.484294214043393,-12.708089810063399,9.569178975490713,-9.543837056026183,12.73343172952793,-5.152670918678388,10.46476784400095,1.0895531464083512,13.460112079209662,0.6086956521739131,0.0,0.19277860072371597,123.0,0.6666666666666666,,,,,
level,CNY,7,2024-07…2024-12,BUY_NOW,medium,4,50.0,16,16,1.0,0.8362395754359363,1.1958295557570262,1.1958295557570262,1.1958295557570262,1.0,0.931008339651251,1.0741042345276872,1.6799585399938226,3.1642527540372156,-1.484294214043393,-12.708089810063399,9.569178975490713,-9.543837056026183,12.73343172952793,-5.152670918678388,10.46476784400095,1.0895531464083512,13.460112079209662,0.6086956521739131,0.0,0.19277860072371597,123.0,0.6666666666666666,,,,,
level,CNY,7,2024-07…2024-12,BUY_NOW,medium,9,0.0,16,16,0.125,0.22971948445792267,0.5441419141914191,0.0,1.3603547854785478,0.625,0.5716451857467779,1.0933355437665782,8.054248634655274,6.211963444558971,1.8422851900963026,-16.097672268133245,18.77006410786376,-9.885708823574273,24.982027552422732,-9.082585410406828,30.087320978306543,5.090047041521121,13.460112079209662,0.6086956521739131,0.0,0.19277860072371597,123.0,0.6666666666666666,,,,,
level,CNY,7,2024-07…2024-12,BUY_NOW,medium,9,10.0,16,16,0.1875,0.34420015163002277,0.5447411894273128,0.0,1.0894823788546255,0.75,0.66565579984837,1.1267084282460136,8.054248634655274,6.211963444558971,1.8422851900963026,-16.097672268133245,18.77006410786376,-9.885708823574273,24.982027552422732,-9.082585410406828,30.087320978306543,5.090047041521121,13.460112079209662,0.6086956521739131,0.0,0.19277860072371597,123.0,0.6666666666666666,,,,,
level,CNY,7,2024-07…2024-12,BUY_NOW,medium,9,25.0,16,16,0.625,0.5231235784685367,1.1947463768115942,0.7168478260869565,1.672644927536232,0.8125,0.7907505686125853,1.0275047938638542,8.054248634655274,6.211963444558971,1.8422851900963026,-16.097672268133245,18.77006410786376,-9.885708823574273,24.982027552422732,-9.082585410406828,30.087320978306543,5.090047041521121,13.460112079209662,0.6086956521739131,0.0,0.19277860072371597,123.0,0.6666666666666666,,,,,
level,CNY,7,2024-07…2024-12,BUY_NOW,medium,9,50.0,16,16,0.875,0.7210007581501138,1.2135909568874867,0.9535357518401681,1.386961093585699,0.875,0.8870356330553449,0.986431623931624,8.054248634655274,6.211963444558971,1.8422851900963026,-16.097672268133245,18.77006410786376,-9.885708823574273,24.982027552422732,-9.082585410406828,30.087320978306543,5.090047041521121,13.460112079209662,0.6086956521739131,0.0,0.19277860072371597,123.0,0.6666666666666666,,,,,
level,CNY,7,2024-07…2024-12,BUY_NOW,medium,45,0.0,16,16,0.125,0.14935557240333586,0.8369289340101523,0.0,2.0923223350253806,0.625,0.6444275966641395,0.9698529411764706,30.0993367891629,26.292335837316543,3.8070009518463586,-42.14046010683815,48.955600840137734,-15.848124269521604,75.24793667745428,-14.290877702349084,87.17246970682118,14.054529776273277,13.460112079209662,0.6086956521739131,0.0,0.19277860072371597,123.0,0.6666666666666666,,,,,
level,CNY,7,2024-07…2024-12,BUY_NOW,medium,45,10.0,16,16,0.1875,0.22365428354814254,0.8383474576271186,0.0,1.6766949152542372,0.625,0.6800606520090978,0.9190356744704571,30.0993367891629,26.292335837316543,3.8070009518463586,-42.14046010683815,48.955600840137734,-15.848124269521604,75.24793667745428,-14.290877702349084,87.17246970682118,14.054529776273277,13.460112079209662,0.6086956521739131,0.0,0.19277860072371597,123.0,0.6666666666666666,,,,,
level,CNY,7,2024-07…2024-12,BUY_NOW,medium,45,25.0,16,16,0.4375,0.35633055344958303,1.2277925531914893,0.5261968085106383,1.9293882978723405,0.625,0.7255496588324488,0.8614158829676071,30.0993367891629,26.292335837316543,3.8070009518463586,-42.14046010683815,48.955600840137734,-15.848124269521604,75.24793667745428,-14.290877702349084,87.17246970682118,14.054529776273277,13.460112079209662,0.6086956521739131,0.0,0.19277860072371597,123.0,0.6666666666666666,,,,,
level,CNY,7,2024-07…2024-12,BUY_NOW,medium,45,50.0,16,16,0.4375,0.5208491281273692,0.8399745269286755,0.35998908296943233,1.3199599708879186,0.8125,0.7998483699772555,1.0158175355450236,30.0993367891629,26.292335837316543,3.8070009518463586,-42.14046010683815,48.955600840137734,-15.848124269521604,75.24793667745428,-14.290877702349084,87.17246970682118,14.054529776273277,13.460112079209662,0.6086956521739131,0.0,0.19277860072371597,123.0,0.6666666666666666,,,,,
level,CNY,7,2024-07…2024-12,BUY_NOW,medium,180,0.0,16,16,0.0,0.06520090978013647,0.0,0.0,0.0,0.6875,0.709628506444276,0.9688167735042734,116.3005954576403,100.35912254089858,15.941472916741716,-86.48909009322081,136.5958549669523,13.87003244767777,236.95497750785088,-20.168719799136014,291.7611436449241,56.61328024806207,13.460112079209662,0.6086956521739131,0.0,0.19277860072371597,123.0,0.6666666666666666,,,,,
level,CNY,7,2024-07…2024-12,BUY_NOW,medium,180,10.0,16,16,0.0,0.0978013646702047,0.0,0.0,0.0,0.6875,0.730098559514784,0.941653686396677,116.3005954576403,100.35912254089858,15.941472916741716,-86.48909009322081,136.5958549669523,13.87003244767777,236.95497750785088,-20.168719799136014,291.7611436449241,56.61328024806207,13.460112079209662,0.6086956521739131,0.0,0.19277860072371597,123.0,0.6666666666666666,,,,,
level,CNY,7,2024-07…2024-12,BUY_NOW,medium,180,25.0,16,16,0.125,0.1607278241091736,0.7777122641509434,0.0,1.9442806603773586,0.75,0.7475360121304018,1.0032961460446248,116.3005954576403,100.35912254089858,15.941472916741716,-86.48909009322081,136.5958549669523,13.87003244767777,236.95497750785088,-20.168719799136014,291.7611436449241,56.61328024806207,13.460112079209662,0.6086956521739131,0.0,0.19277860072371597,123.0,0.6666666666666666,0.75,0.7928007023705005,16.0,0.9460132890365448,-3.7282627617222914
level,CNY,7,2024-07…2024-12,BUY_NOW,medium,180,50.0,16,16,0.125,0.25246398786959817,0.49512012012012013,0.0,1.2378003003003004,0.75,0.7824109173616376,0.9585755813953488,116.3005954576403,100.35912254089858,15.941472916741716,-86.48909009322081,136.5958549669523,13.87003244767777,236.95497750785088,-20.168719799136014,291.7611436449241,56.61328024806207,13.460112079209662,0.6086956521739131,0.0,0.19277860072371597,123.0,0.6666666666666666,,,,,
reversal,CNY,7,2024-07…2024-12,WINDOW_CLOSING,slow,1,0.0,4,4,0.5,0.535253980288097,0.9341359773371105,,,0.5,0.535253980288097,0.9341359773371105,4.615157874045539,1.288102108344419,3.32705576570112,,,,,,,-0.86009169652429,17.541061036871753,0.15217391304347827,0.0,0.0,172.0,0.8333333333333334,,,,,
reversal,CNY,7,2024-07…2024-12,WINDOW_CLOSING,slow,1,10.0,4,4,0.5,0.535253980288097,0.9341359773371105,,,0.5,0.535253980288097,0.9341359773371105,4.615157874045539,1.288102108344419,3.32705576570112,,,,,,,-0.86009169652429,17.541061036871753,0.15217391304347827,0.0,0.0,172.0,0.8333333333333334,,,,,
reversal,CNY,7,2024-07…2024-12,WINDOW_CLOSING,slow,1,25.0,4,4,0.5,0.535253980288097,0.9341359773371105,,,0.5,0.535253980288097,0.9341359773371105,4.615157874045539,1.288102108344419,3.32705576570112,,,,,,,-0.86009169652429,17.541061036871753,0.15217391304347827,0.0,0.0,172.0,0.8333333333333334,,,,,
reversal,CNY,7,2024-07…2024-12,WINDOW_CLOSING,slow,1,50.0,4,4,0.5,0.535253980288097,0.9341359773371105,,,0.5,0.535253980288097,0.9341359773371105,4.615157874045539,1.288102108344419,3.32705576570112,,,,,,,-0.86009169652429,17.541061036871753,0.15217391304347827,0.0,0.0,172.0,0.8333333333333334,,,,,
reversal,CNY,7,2024-07…2024-12,WINDOW_CLOSING,slow,4,0.0,4,4,0.75,0.55420773313116,1.35328317373461,,,0.75,0.55420773313116,1.35328317373461,8.827730533112476,3.1642527540372156,5.66347777907526,,,,,,,-4.636094617981589,17.541061036871753,0.15217391304347827,0.0,0.0,172.0,0.8333333333333334,,,,,
reversal,CNY,7,2024-07…2024-12,WINDOW_CLOSING,slow,4,10.0,4,4,0.75,0.55420773313116,1.35328317373461,,,0.75,0.55420773313116,1.35328317373461,8.827730533112476,3.1642527540372156,5.66347777907526,,,,,,,-4.636094617981589,17.541061036871753,0.15217391304347827,0.0,0.0,172.0,0.8333333333333334,,,,,
reversal,CNY,7,2024-07…2024-12,WINDOW_CLOSING,slow,4,25.0,4,4,0.75,0.55420773313116,1.35328317373461,,,0.75,0.55420773313116,1.35328317373461,8.827730533112476,3.1642527540372156,5.66347777907526,,,,,,,-4.636094617981589,17.541061036871753,0.15217391304347827,0.0,0.0,172.0,0.8333333333333334,,,,,
reversal,CNY,7,2024-07…2024-12,WINDOW_CLOSING,slow,4,50.0,4,4,0.75,0.55420773313116,1.35328317373461,,,0.75,0.55420773313116,1.35328317373461,8.827730533112476,3.1642527540372156,5.66347777907526,,,,,,,-4.636094617981589,17.541061036871753,0.15217391304347827,0.0,0.0,172.0,0.8333333333333334,,,,,
reversal,CNY,7,2024-07…2024-12,WINDOW_CLOSING,slow,9,0.0,4,4,0.75,0.5769522365428355,1.299934296977661,,,0.75,0.5769522365428355,1.299934296977661,14.879296194932058,6.211963444558971,8.667332750373088,,,,,,,-8.87953449792228,17.541061036871753,0.15217391304347827,0.0,0.0,172.0,0.8333333333333334,,,,,
reversal,CNY,7,2024-07…2024-12,WINDOW_CLOSING,slow,9,10.0,4,4,0.75,0.5769522365428355,1.299934296977661,,,0.75,0.5769522365428355,1.299934296977661,14.879296194932058,6.211963444558971,8.667332750373088,,,,,,,-8.87953449792228,17.541061036871753,0.15217391304347827,0.0,0.0,172.0,0.8333333333333334,,,,,
reversal,CNY,7,2024-07…2024-12,WINDOW_CLOSING,slow,9,25.0,4,4,0.75,0.5769522365428355,1.299934296977661,,,0.75,0.5769522365428355,1.299934296977661,14.879296194932058,6.211963444558971,8.667332750373088,,,,,,,-8.87953449792228,17.541061036871753,0.15217391304347827,0.0,0.0,172.0,0.8333333333333334,,,,,
reversal,CNY,7,2024-07…2024-12,WINDOW_CLOSING,slow,9,50.0,4,4,0.75,0.5769522365428355,1.299934296977661,,,0.75,0.5769522365428355,1.299934296977661,14.879296194932058,6.211963444558971,8.667332750373088,,,,,,,-8.87953449792228,17.541061036871753,0.15217391304347827,0.0,0.0,172.0,0.8333333333333334,,,,,
reversal,CNY,7,2024-07…2024-12,WINDOW_CLOSING,slow,45,0.0,4,4,1.0,0.6717210007581501,1.4887133182844243,,,1.0,0.6717210007581501,1.4887133182844243,35.744579133456526,26.292335837316543,9.452243296139983,,,,,,,-15.196990450394576,17.541061036871753,0.15217391304347827,0.0,0.0,172.0,0.8333333333333334,,,,,
reversal,CNY,7,2024-07…2024-12,WINDOW_CLOSING,slow,45,10.0,4,4,1.0,0.6717210007581501,1.4887133182844243,,,1.0,0.6717210007581501,1.4887133182844243,35.744579133456526,26.292335837316543,9.452243296139983,,,,,,,-15.196990450394576,17.541061036871753,0.15217391304347827,0.0,0.0,172.0,0.8333333333333334,,,,,
reversal,CNY,7,2024-07…2024-12,WINDOW_CLOSING,slow,45,25.0,4,4,1.0,0.6717210007581501,1.4887133182844243,,,1.0,0.6717210007581501,1.4887133182844243,35.744579133456526,26.292335837316543,9.452243296139983,,,,,,,-15.196990450394576,17.541061036871753,0.15217391304347827,0.0,0.0,172.0,0.8333333333333334,,,,,
reversal,CNY,7,2024-07…2024-12,WINDOW_CLOSING,slow,45,50.0,4,4,1.0,0.6717210007581501,1.4887133182844243,,,1.0,0.6717210007581501,1.4887133182844243,35.744579133456526,26.292335837316543,9.452243296139983,,,,,,,-15.196990450394576,17.541061036871753,0.15217391304347827,0.0,0.0,172.0,0.8333333333333334,,,,,
reversal,CNY,7,2024-07…2024-12,WINDOW_CLOSING,slow,180,0.0,4,4,0.0,0.6679302501895376,0.0,,,0.0,0.6679302501895376,0.0,3.2871974868770053,100.35912254089858,-97.07192505402158,,,,,,,-24.317680892970984,17.541061036871753,0.15217391304347827,0.0,0.0,172.0,0.8333333333333334,,,,,
reversal,CNY,7,2024-07…2024-12,WINDOW_CLOSING,slow,180,10.0,4,4,0.0,0.6679302501895376,0.0,,,0.0,0.6679302501895376,0.0,3.2871974868770053,100.35912254089858,-97.07192505402158,,,,,,,-24.317680892970984,17.541061036871753,0.15217391304347827,0.0,0.0,172.0,0.8333333333333334,,,,,
reversal,CNY,7,2024-07…2024-12,WINDOW_CLOSING,slow,180,25.0,4,4,0.0,0.6679302501895376,0.0,,,0.0,0.6679302501895376,0.0,3.2871974868770053,100.35912254089858,-97.07192505402158,,,,,,,-24.317680892970984,17.541061036871753,0.15217391304347827,0.0,0.0,172.0,0.8333333333333334,0.0,0.7348551360842844,4.0,0.0,-116.74166073248558
reversal,CNY,7,2024-07…2024-12,WINDOW_CLOSING,slow,180,50.0,4,4,0.0,0.6679302501895376,0.0,,,0.0,0.6679302501895376,0.0,3.2871974868770053,100.35912254089858,-97.07192505402158,,,,,,,-24.317680892970984,17.541061036871753,0.15217391304347827,0.0,0.0,172.0,0.8333333333333334,,,,,
dip_vs_trend,CNY,7,2024-07…2024-12,BUY_NOW,medium,1,0.0,4,4,0.25,0.535253980288097,0.46706798866855526,,,0.25,0.535253980288097,0.46706798866855526,-3.264710886863586,1.288102108344419,-4.552812995208005,,,,,,,20.488523429033066,28.43448561997225,0.15217391304347827,0.0,1.0468940782548253,105.0,0.6666666666666666,,,,,
dip_vs_trend,CNY,7,2024-07…2024-12,BUY_NOW,medium,1,10.0,4,4,0.25,0.7361637604245641,0.33959835221421214,,,0.25,0.7361637604245641,0.33959835221421214,-3.264710886863586,1.288102108344419,-4.552812995208005,,,,,,,20.488523429033066,28.43448561997225,0.15217391304347827,0.0,1.0468940782548253,105.0,0.6666666666666666,,,,,
dip_vs_trend,CNY,7,2024-07…2024-12,BUY_NOW,medium,1,25.0,4,4,0.75,0.8832448824867324,0.8491416309012876,,,0.75,0.8832448824867324,0.8491416309012876,-3.264710886863586,1.288102108344419,-4.552812995208005,,,,,,,20.488523429033066,28.43448561997225,0.15217391304347827,0.0,1.0468940782548253,105.0,0.6666666666666666,,,,,
dip_vs_trend,CNY,7,2024-07…2024-12,BUY_NOW,medium,1,50.0,4,4,1.0,0.9651250947687642,1.0361351139041635,,,1.0,0.9651250947687642,1.0361351139041635,-3.264710886863586,1.288102108344419,-4.552812995208005,,,,,,,20.488523429033066,28.43448561997225,0.15217391304347827,0.0,1.0468940782548253,105.0,0.6666666666666666,,,,,
dip_vs_trend,CNY,7,2024-07…2024-12,BUY_NOW,medium,4,0.0,4,4,0.25,0.3169067475360121,0.7888755980861244,,,0.75,0.5382865807429871,1.3933098591549298,32.81001083923097,3.1642527540372156,29.645758085193755,,,,,,,58.46994818156037,28.43448561997225,0.15217391304347827,0.0,1.0468940782548253,105.0,0.6666666666666666,,,,,
dip_vs_trend,CNY,7,2024-07…2024-12,BUY_NOW,medium,4,10.0,4,4,0.25,0.46853677028051555,0.5335760517799353,,,0.75,0.6823351023502654,1.0991666666666666,32.81001083923097,3.1642527540372156,29.645758085193755,,,,,,,58.46994818156037,28.43448561997225,0.15217391304347827,0.0,1.0468940782548253,105.0,0.6666666666666666,,,,,
dip_vs_trend,CNY,7,2024-07…2024-12,BUY_NOW,medium,4,25.0,4,4,0.5,0.6664139499620925,0.7502844141069397,,,0.75,0.8218347232752085,0.9125922509225093,32.81001083923097,3.1642527540372156,29.645758085193755,,,,,,,58.46994818156037,28.43448561997225,0.15217391304347827,0.0,1.0468940782548253,105.0,0.6666666666666666,,,,,
dip_vs_trend,CNY,7,2024-07…2024-12,BUY_NOW,medium,4,50.0,4,4,0.75,0.8362395754359363,0.8968721668177697,,,1.0,0.931008339651251,1.0741042345276872,32.81001083923097,3.1642527540372156,29.645758085193755,,,,,,,58.46994818156037,28.43448561997225,0.15217391304347827,0.0,1.0468940782548253,105.0,0.6666666666666666,,,,,
dip_vs_trend,CNY,7,2024-07…2024-12,BUY_NOW,medium,9,0.0,4,4,0.25,0.22971948445792267,1.0882838283828382,,,0.5,0.5716451857467779,0.8746684350132625,28.71798419425614,6.211963444558971,22.506020749697168,,,,,,,78.57329069279496,28.43448561997225,0.15217391304347827,0.0,1.0468940782548253,105.0,0.6666666666666666,,,,,
dip_vs_trend,CNY,7,2024-07…2024-12,BUY_NOW,medium,9,10.0,4,4,0.25,0.34420015163002277,0.7263215859030837,,,0.5,0.66565579984837,0.7511389521640092,28.71798419425614,6.211963444558971,22.506020749697168,,,,,,,78.57329069279496,28.43448561997225,0.15217391304347827,0.0,1.0468940782548253,105.0,0.6666666666666666,,,,,
dip_vs_trend,CNY,7,2024-07…2024-12,BUY_NOW,medium,9,25.0,4,4,0.25,0.5231235784685367,0.4778985507246377,,,0.75,0.7907505686125853,0.9484659635666347,28.71798419425614,6.211963444558971,22.506020749697168,,,,,,,78.57329069279496,28.43448561997225,0.15217391304347827,0.0,1.0468940782548253,105.0,0.6666666666666666,,,,,
dip_vs_trend,CNY,7,2024-07…2024-12,BUY_NOW,medium,9,50.0,4,4,0.5,0.7210007581501138,0.6934805467928495,,,0.75,0.8870356330553449,0.8455128205128205,28.71798419425614,6.211963444558971,22.506020749697168,,,,,,,78.57329069279496,28.43448561997225,0.15217391304347827,0.0,1.0468940782548253,105.0,0.6666666666666666,,,,,
dip_vs_trend,CNY,7,2024-07…2024-12,BUY_NOW,medium,45,0.0,4,4,0.0,0.14935557240333586,0.0,,,0.75,0.6444275966641395,1.1638235294117647,57.86237800281535,26.292335837316543,31.570042165498805,,,,,,,175.06619993683083,28.43448561997225,0.15217391304347827,0.0,1.0468940782548253,105.0,0.6666666666666666,,,,,
dip_vs_trend,CNY,7,2024-07…2024-12,BUY_NOW,medium,45,10.0,4,4,0.0,0.22365428354814254,0.0,,,0.75,0.6800606520090978,1.1028428093645484,57.86237800281535,26.292335837316543,31.570042165498805,,,,,,,175.06619993683083,28.43448561997225,0.15217391304347827,0.0,1.0468940782548253,105.0,0.6666666666666666,,,,,
dip_vs_trend,CNY,7,2024-07…2024-12,BUY_NOW,medium,45,25.0,4,4,0.0,0.35633055344958303,0.0,,,0.75,0.7255496588324488,1.0336990595611286,57.86237800281535,26.292335837316543,31.570042165498805,,,,,,,175.06619993683083,28.43448561997225,0.15217391304347827,0.0,1.0468940782548253,105.0,0.6666666666666666,,,,,
dip_vs_trend,CNY,7,2024-07…2024-12,BUY_NOW,medium,45,50.0,4,4,0.25,0.5208491281273692,0.47998544395924314,,,0.75,0.7998483699772555,0.9376777251184834,57.86237800281535,26.292335837316543,31.570042165498805,,,,,,,175.06619993683083,28.43448561997225,0.15217391304347827,0.0,1.0468940782548253,105.0,0.6666666666666666,,,,,
dip_vs_trend,CNY,7,2024-07…2024-12,BUY_NOW,medium,180,0.0,4,4,0.0,0.06520090978013647,0.0,,,0.75,0.709628506444276,1.0568910256410255,217.00753039276074,100.35912254089858,116.64840785186216,,,,,,,250.56604901247502,28.43448561997225,0.15217391304347827,0.0,1.0468940782548253,105.0,0.6666666666666666,,,,,
dip_vs_trend,CNY,7,2024-07…2024-12,BUY_NOW,medium,180,10.0,4,4,0.0,0.0978013646702047,0.0,,,1.0,0.730098559514784,1.3696780893042575,217.00753039276074,100.35912254089858,116.64840785186216,,,,,,,250.56604901247502,28.43448561997225,0.15217391304347827,0.0,1.0468940782548253,105.0,0.6666666666666666,,,,,
dip_vs_trend,CNY,7,2024-07…2024-12,BUY_NOW,medium,180,25.0,4,4,0.0,0.1607278241091736,0.0,,,1.0,0.7475360121304018,1.3377281947261663,217.00753039276074,100.35912254089858,116.64840785186216,,,,,,,250.56604901247502,28.43448561997225,0.15217391304347827,0.0,1.0468940782548253,105.0,0.6666666666666666,1.0,0.7928007023705005,1.0,1.2613510520487263,426.7712385103268
dip_vs_trend,CNY,7,2024-07…2024-12,BUY_NOW,medium,180,50.0,4,4,0.0,0.25246398786959817,0.0,,,1.0,0.7824109173616376,1.2781007751937985,217.00753039276074,100.35912254089858,116.64840785186216,,,,,,,250.56604901247502,28.43448561997225,0.15217391304347827,0.0,1.0468940782548253,105.0,0.6666666666666666,,,,,
momentum,CNY,8,2025-01…2025-06,BUY_NOW,fast,1,0.0,41,41,0.6097560975609756,0.4778688524590164,1.2759904614483537,0.9684767602393006,1.5822281721959588,0.6097560975609756,0.4778688524590164,1.2759904614483537,8.428677746989694,-1.8351337461800354,10.26381149316973,-0.8778794401310996,22.176836912335396,-2.713013186311135,20.341703166155362,2.94842571758957,12.96534575368974,17.99041644252911,-4.283911384754028,1.5856353591160222,0.0,0.12347058812511919,7.0,0.0,,,,,
momentum,CNY,8,2025-01…2025-06,BUY_NOW,fast,1,10.0,41,41,0.8536585365853658,0.65,1.3133208255159474,1.125703564727955,1.4634146341463414,0.8536585365853658,0.65,1.3133208255159474,8.428677746989694,-1.8351337461800354,10.26381149316973,-0.8778794401310996,22.176836912335396,-2.713013186311135,20.341703166155362,2.94842571758957,12.96534575368974,17.99041644252911,-4.283911384754028,1.5856353591160222,0.0,0.12347058812511919,7.0,0.0,,,,,
momentum,CNY,8,2025-01…2025-06,BUY_NOW,fast,1,25.0,41,41,0.9024390243902439,0.8172131147540984,1.1042884751816424,0.9849059373241676,1.1938253785747486,0.9024390243902439,0.8172131147540984,1.1042884751816424,8.428677746989694,-1.8351337461800354,10.26381149316973,-0.8778794401310996,22.176836912335396,-2.713013186311135,20.341703166155362,2.94842571758957,12.96534575368974,17.99041644252911,-4.283911384754028,1.5856353591160222,0.0,0.12347058812511919,7.0,0.0,,,,,
momentum,CNY,8,2025-01…2025-06,BUY_NOW,fast,1,50.0,41,41,0.9512195121951219,0.940983606557377,1.0108778788136314,0.9331180419818136,1.0627177700348434,0.9512195121951219,0.940983606557377,1.0108778788136314,8.428677746989694,-1.8351337461800354,10.26381149316973,-0.8778794401310996,22.176836912335396,-2.713013186311135,20.341703166155362,2.94842571758957,12.96534575368974,17.99041644252911,-4.283911384754028,1.5856353591160222,0.0,0.12347058812511919,7.0,0.0,,,,,
momentum,CNY,8,2025-01…2025-06,BUY_NOW,fast,4,0.0,41,41,0.3170731707317073,0.2278688524590164,1.391472188103176,0.8562905772942622,2.0336901210738727,0.4878048780487805,0.43524590163934423,1.1207569702815672,0.9585035399702173,-4.619707693882638,5.578211233852855,-6.500770353501426,17.802665909588793,-11.120478047384063,13.182958215706156,-10.499432789182892,10.274843973352134,20.415888520704893,-4.283911384754028,1.5856353591160222,0.0,0.12347058812511919,7.0,0.0,,,,,
momentum,CNY,8,2025-01…2025-06,BUY_NOW,fast,4,10.0,41,41,0.4146341463414634,0.3360655737704918,1.2337894110648424,0.7983343248066628,1.6692444973230223,0.5853658536585366,0.5827868852459016,1.004425234125759,0.9585035399702173,-4.619707693882638,5.578211233852855,-6.500770353501426,17.802665909588793,-11.120478047384063,13.182958215706156,-10.499432789182892,10.274843973352134,20.415888520704893,-4.283911384754028,1.5856353591160222,0.0,0.12347058812511919,7.0,0.0,,,,,
momentum,CNY,8,2025-01…2025-06,BUY_NOW,fast,4,25.0,41,41,0.6341463414634146,0.5286885245901639,1.1994705993571564,0.9226696918131972,1.4762715069011156,0.7804878048780488,0.7368852459016394,1.0591714370981307,0.9585035399702173,-4.619707693882638,5.578211233852855,-6.500770353501426,17.802665909588793,-11.120478047384063,13.182958215706156,-10.499432789182892,10.274843973352134,20.415888520704893,-4.283911384754028,1.5856353591160222,0.0,0.12347058812511919,7.0,0.0,,,,,
momentum,CNY,8,2025-01…2025-06,BUY_NOW,fast,4,50.0,41,41,0.7560975609756098,0.7426229508196721,1.018144618532278,0.8210843697840952,1.182361492489097,0.9024390243902439,0.889344262295082,1.0147240642913342,0.9585035399702173,-4.619707693882638,5.578211233852855,-6.500770353501426,17.802665909588793,-11.120478047384063,13.182958215706156,-10.499432789182892,10.274843973352134,20.415888520704893,-4.283911384754028,1.5856353591160222,0.0,0.12347058812511919,7.0,0.0,,,,,
momentum,CNY,8,2025-01…2025-06,BUY_NOW,fast,9,0.0,41,41,0.17073170731707318,0.1418032786885246,1.2040039475539264,0.5160016918088255,2.064006767235302,0.3902439024390244,0.4,0.975609756097561,-0.006212916347976889,-9.30111134461006,9.294898428262083,-6.820311485806865,26.300553693696482,-16.121422830416925,16.999442349086422,-14.972569949962583,15.487429259797976,20.37371314807564,-4.283911384754028,1.5856353591160222,0.0,0.12347058812511919,7.0,0.0,,,,,
momentum,CNY,8,2025-01…2025-06,BUY_NOW,fast,9,10.0,41,41,0.2682926829268293,0.21311475409836064,1.2589118198874298,0.6866791744840526,1.8311444652908069,0.5609756097560976,0.4852459016393443,1.1560646011865525,-0.006212916347976889,-9.30111134461006,9.294898428262083,-6.820311485806865,26.300553693696482,-16.121422830416925,16.999442349086422,-14.972569949962583,15.487429259797976,20.37371314807564,-4.283911384754028,1.5856353591160222,0.0,0.12347058812511919,7.0,0.0,,,,,
momentum,CNY,8,2025-01…2025-06,BUY_NOW,fast,9,25.0,41,41,0.34146341463414637,0.330327868852459,1.0337105852448103,0.5906917629970344,1.476729407492586,0.7073170731707317,0.6278688524590164,1.1265363306374578,-0.006212916347976889,-9.30111134461006,9.294898428262083,-6.820311485806865,26.300553693696482,-16.121422830416925,16.999442349086422,-14.972569949962583,15.487429259797976,20.37371314807564,-4.283911384754028,1.5856353591160222,0.0,0.12347058812511919,7.0,0.0,,,,,
momentum,CNY,8,2025-01…2025-06,BUY_NOW,fast,9,50.0,41,41,0.5121951219512195,0.5155737704918033,0.9934468184109504,0.7096048702935359,1.2772887665283648,0.8048780487804879,0.7877049180327869,1.0218014771198702,-0.006212916347976889,-9.30111134461006,9.294898428262083,-6.820311485806865,26.300553693696482,-16.121422830416925,16.999442349086422,-14.972569949962583,15.487429259797976,20.37371314807564,-4.283911384754028,1.5856353591160222,0.0,0.12347058812511919,7.0,0.0,,,,,
momentum,CNY,8,2025-01…2025-06,BUY_NOW,fast,45,0.0,41,41,0.07317073170731707,0.040983606557377046,1.7853658536585366,0.0,4.165853658536586,0.4634146341463415,0.35655737704918034,1.2996916176058313,-26.329692699638468,-41.293339068443075,14.963646368804607,-22.010749115636287,51.28339067345561,-63.30408818407936,9.990051605012532,-50.48925427559714,-9.9755900845095,18.053656124621618,-4.283911384754028,1.5856353591160222,0.0,0.12347058812511919,7.0,0.0,,,,,
momentum,CNY,8,2025-01…2025-06,BUY_NOW,fast,45,10.0,41,41,0.14634146341463414,0.06229508196721312,2.3491655969191267,0.7830551989730423,3.9152759948652114,0.4878048780487805,0.4,1.2195121951219512,-26.329692699638468,-41.293339068443075,14.963646368804607,-22.010749115636287,51.28339067345561,-63.30408818407936,9.990051605012532,-50.48925427559714,-9.9755900845095,18.053656124621618,-4.283911384754028,1.5856353591160222,0.0,0.12347058812511919,7.0,0.0,,,,,
momentum,CNY,8,2025-01…2025-06,BUY_NOW,fast,45,25.0,41,41,0.14634146341463414,0.10655737704918032,1.3733583489681052,0.4577861163227017,2.2889305816135086,0.5365853658536586,0.47622950819672133,1.1267369128080265,-26.329692699638468,-41.293339068443075,14.963646368804607,-22.010749115636287,51.28339067345561,-63.30408818407936,9.990051605012532,-50.48925427559714,-9.9755900845095,18.053656124621618,-4.283911384754028,1.5856353591160222,0.0,0.12347058812511919,7.0,0.0,,,,,
momentum,CNY,8,2025-01…2025-06,BUY_NOW,fast,45,50.0,41,41,0.24390243902439024,0.20491803278688525,1.1902439024390243,0.5951219512195122,1.7853658536585364,0.6097560975609756,0.5745901639344262,1.0612017675098293,-26.329692699638468,-41.293339068443075,14.963646368804607,-22.010749115636287,51.28339067345561,-63.30408818407936,9.990051605012532,-50.48925427559714,-9.9755900845095,18.053656124621618,-4.283911384754028,1.5856353591160222,0.0,0.12347058812511919,7.0,0.0,,,,,
momentum,CNY,8,2025-01…2025-06,BUY_NOW,fast,180,0.0,41,41,0.024390243902439025,0.006557377049180328,3.7195121951219514,0.0,11.158536585365853,0.1951219512195122,0.18770491803278688,1.0395143252742571,-149.07875569391015,-166.2206688592008,17.141913165290646,-42.67822052776316,71.94508018883087,-208.89888938696396,-94.27558867036993,-223.4333404027383,-78.19618451950825,21.728589079532238,-4.283911384754028,1.5856353591160222,0.0,0.12347058812511919,7.0,0.0,,,,,
momentum,CNY,8,2025-01…2025-06,BUY_NOW,fast,180,10.0,41,41,0.024390243902439025,0.007377049180327869,3.3062330623306235,0.0,9.91869918699187,0.24390243902439024,0.21721311475409835,1.1228716060745514,-149.07875569391015,-166.2206688592008,17.141913165290646,-42.67822052776316,71.94508018883087,-208.89888938696396,-94.27558867036993,-223.4333404027383,-78.19618451950825,21.728589079532238,-4.283911384754028,1.5856353591160222,0.0,0.12347058812511919,7.0,0.0,,,,,
momentum,CNY,8,2025-01…2025-06,BUY_NOW,fast,180,25.0,41,41,0.024390243902439025,0.010655737704918032,2.2889305816135086,0.0,6.866791744840525,0.24390243902439024,0.2483606557377049,0.9820494244546406,-149.07875569391015,-166.2206688592008,17.141913165290646,-42.67822052776316,71.94508018883087,-208.89888938696396,-94.27558867036993,-223.4333404027383,-78.19618451950825,21.728589079532238,-4.283911384754028,1.5856353591160222,0.0,0.12347058812511919,7.0,0.0,0.17142857142857143,0.17884615384615385,35.0,0.9585253456221198,20.822523582215638
momentum,CNY,8,2025-01…2025-06,BUY_NOW,fast,180,50.0,41,41,0.04878048780487805,0.03442622950819672,1.4169570267131242,0.0,3.5423925667828104,0.3170731707317073,0.30983606557377047,1.0233578526261453,-149.07875569391015,-166.2206688592008,17.141913165290646,-42.67822052776316,71.94508018883087,-208.89888938696396,-94.27558867036993,-223.4333404027383,-78.19618451950825,21.728589079532238,-4.283911384754028,1.5856353591160222,0.0,0.12347058812511919,7.0,0.0,,,,,
level,CNY,8,2025-01…2025-06,BUY_NOW,medium,1,0.0,27,27,0.5925925925925926,0.4778688524590164,1.2400736929038816,0.8525506638714185,1.6275967219363445,0.5925925925925926,0.4778688524590164,1.2400736929038816,6.800058608156861,-1.8351337461800354,8.635192354336896,-4.285527075863124,21.913924232302737,-6.12066082204316,20.078790486122703,-8.278422084948252,18.051003136261997,10.449245066780763,15.11554372052834,1.0441988950276242,0.0,0.4631337813399115,53.0,0.16666666666666666,,,,,
level,CNY,8,2025-01…2025-06,BUY_NOW,medium,1,10.0,27,27,0.7037037037037037,0.65,1.0826210826210827,0.7977207977207976,1.3105413105413104,0.7037037037037037,0.65,1.0826210826210827,6.800058608156861,-1.8351337461800354,8.635192354336896,-4.285527075863124,21.913924232302737,-6.12066082204316,20.078790486122703,-8.278422084948252,18.051003136261997,10.449245066780763,15.11554372052834,1.0441988950276242,0.0,0.4631337813399115,53.0,0.16666666666666666,,,,,
level,CNY,8,2025-01…2025-06,BUY_NOW,medium,1,25.0,27,27,0.8518518518518519,0.8172131147540984,1.0423864185148035,0.86110182399049,1.1783498644080388,0.8518518518518519,0.8172131147540984,1.0423864185148035,6.800058608156861,-1.8351337461800354,8.635192354336896,-4.285527075863124,21.913924232302737,-6.12066082204316,20.078790486122703,-8.278422084948252,18.051003136261997,10.449245066780763,15.11554372052834,1.0441988950276242,0.0,0.4631337813399115,53.0,0.16666666666666666,,,,,
level,CNY,8,2025-01…2025-06,BUY_NOW,medium,1,50.0,27,27,1.0,0.940983606557377,1.0627177700348434,1.0627177700348434,1.0627177700348434,1.0,0.940983606557377,1.0627177700348434,6.800058608156861,-1.8351337461800354,8.635192354336896,-4.285527075863124,21.913924232302737,-6.12066082204316,20.078790486122703,-8.278422084948252,18.051003136261997,10.449245066780763,15.11554372052834,1.0441988950276242,0.0,0.4631337813399115,53.0,0.16666666666666666,,,,,
level,CNY,8,2025-01…2025-06,BUY_NOW,medium,4,0.0,27,27,0.25925925925925924,0.2278688524590164,1.1377564614974687,0.4876099120703437,1.9504396482813748,0.5185185185185185,0.43524590163934423,1.1913231498918881,8.65926461267329,-4.619707693882638,13.278972306555929,-2.365171908023602,29.042907575902166,-6.98487960190624,24.423199882019528,-7.304924281837671,19.796514717601696,18.924142277575193,15.11554372052834,1.0441988950276242,0.0,0.4631337813399115,53.0,0.16666666666666666,,,,,
level,CNY,8,2025-01…2025-06,BUY_NOW,medium,4,10.0,27,27,0.4444444444444444,0.3360655737704918,1.3224932249322494,0.7714543812104787,1.87353206865402,0.7037037037037037,0.5827868852459016,1.2074803354690837,8.65926461267329,-4.619707693882638,13.278972306555929,-2.365171908023602,29.042907575902166,-6.98487960190624,24.423199882019528,-7.304924281837671,19.796514717601696,18.924142277575193,15.11554372052834,1.0441988950276242,0.0,0.4631337813399115,53.0,0.16666666666666666,,,,,
level,CNY,8,2025-01…2025-06,BUY_NOW,medium,4,25.0,27,27,0.6666666666666666,0.5286885245901639,1.2609819121447028,0.9107091587711743,1.6112546655182316,0.8518518518518519,0.7368852459016394,1.156016973592057,8.65926461267329,-4.619707693882638,13.278972306555929,-2.365171908023602,29.042907575902166,-6.98487960190624,24.423199882019528,-7.304924281837671,19.796514717601696,18.924142277575193,15.11554372052834,1.0441988950276242,0.0,0.4631337813399115,53.0,0.16666666666666666,,,,,
level,CNY,8,2025-01…2025-06,BUY_NOW,medium,4,50.0,27,27,0.8518518518518519,0.7426229508196721,1.1470852751205953,0.9475921837952743,1.2967050936145859,0.9259259259259259,0.889344262295082,1.0411332991978153,8.65926461267329,-4.619707693882638,13.278972306555929,-2.365171908023602,29.042907575902166,-6.98487960190624,24.423199882019528,-7.304924281837671,19.796514717601696,18.924142277575193,15.11554372052834,1.0441988950276242,0.0,0.4631337813399115,53.0,0.16666666666666666,,,,,
level,CNY,8,2025-01…2025-06,BUY_NOW,medium,9,0.0,27,27,0.2222222222222222,0.1418032786885246,1.5671162491971737,0.5223720830657246,2.8730464568614855,0.5555555555555556,0.4,1.3888888888888888,11.126565720264407,-9.30111134461006,20.427677064874466,-1.7418315189734646,44.55519847685581,-11.042942863583525,35.25408713224574,-9.249860579806214,26.5337710591702,25.150159886160978,15.11554372052834,1.0441988950276242,0.0,0.4631337813399115,53.0,0.16666666666666666,,,,,
level,CNY,8,2025-01…2025-06,BUY_NOW,medium,9,10.0,27,27,0.2962962962962963,0.21311475409836064,1.3903133903133904,0.6951566951566952,2.259259259259259,0.6666666666666666,0.4852459016393443,1.3738738738738738,11.126565720264407,-9.30111134461006,20.427677064874466,-1.7418315189734646,44.55519847685581,-11.042942863583525,35.25408713224574,-9.249860579806214,26.5337710591702,25.150159886160978,15.11554372052834,1.0441988950276242,0.0,0.4631337813399115,53.0,0.16666666666666666,,,,,
level,CNY,8,2025-01…2025-06,BUY_NOW,medium,9,25.0,27,27,0.5555555555555556,0.330327868852459,1.6818307140887787,1.1212204760591857,2.2424409521183715,0.6666666666666666,0.6278688524590164,1.061792863359443,11.126565720264407,-9.30111134461006,20.427677064874466,-1.7418315189734646,44.55519847685581,-11.042942863583525,35.25408713224574,-9.249860579806214,26.5337710591702,25.150159886160978,15.11554372052834,1.0441988950276242,0.0,0.4631337813399115,53.0,0.16666666666666666,,,,,
level,CNY,8,2025-01…2025-06,BUY_NOW,medium,9,50.0,27,27,0.6296296296296297,0.5155737704918033,1.2212212212212212,0.8620385090973325,1.5804039333451096,0.8888888888888888,0.7877049180327869,1.1284541565498902,11.126565720264407,-9.30111134461006,20.427677064874466,-1.7418315189734646,44.55519847685581,-11.042942863583525,35.25408713224574,-9.249860579806214,26.5337710591702,25.150159886160978,15.11554372052834,1.0441988950276242,0.0,0.4631337813399115,53.0,0.16666666666666666,,,,,
level,CNY,8,2025-01…2025-06,BUY_NOW,medium,45,0.0,27,27,0.1111111111111111,0.040983606557377046,2.7111111111111112,0.0,6.325925925925926,0.5185185185185185,0.35655737704918034,1.4542358450404427,-2.636171167455246,-41.293339068443075,38.65716790098783,-3.526595036591445,80.00961808401277,-44.81993410503452,38.71627901556969,-22.97618460244015,27.18188342998185,31.59124114364747,15.11554372052834,1.0441988950276242,0.0,0.4631337813399115,53.0,0.16666666666666666,,,,,
level,CNY,8,2025-01…2025-06,BUY_NOW,medium,45,10.0,27,27,0.1111111111111111,0.06229508196721312,1.783625730994152,0.0,4.161793372319687,0.5555555555555556,0.4,1.3888888888888888,-2.636171167455246,-41.293339068443075,38.65716790098783,-3.526595036591445,80.00961808401277,-44.81993410503452,38.71627901556969,-22.97618460244015,27.18188342998185,31.59124114364747,15.11554372052834,1.0441988950276242,0.0,0.4631337813399115,53.0,0.16666666666666666,,,,,
level,CNY,8,2025-01…2025-06,BUY_NOW,medium,45,25.0,27,27,0.2222222222222222,0.10655737704918032,2.0854700854700856,0.6951566951566952,3.475783475783476,0.6296296296296297,0.47622950819672133,1.322113852234334,-2.636171167455246,-41.293339068443075,38.65716790098783,-3.526595036591445,80.00961808401277,-44.81993410503452,38.71627901556969,-22.97618460244015,27.18188342998185,31.59124114364747,15.11554372052834,1.0441988950276242,0.0,0.4631337813399115,53.0,0.16666666666666666,,,,,
level,CNY,8,2025-01…2025-06,BUY_NOW,medium,45,50.0,27,27,0.3333333333333333,0.20491803278688525,1.6266666666666665,0.7229629629629629,2.5303703703703704,0.6666666666666666,0.5745901639344262,1.1602472658107466,-2.636171167455246,-41.293339068443075,38.65716790098783,-3.526595036591445,80.00961808401277,-44.81993410503452,38.71627901556969,-22.97618460244015,27.18188342998185,31.59124114364747,15.11554372052834,1.0441988950276242,0.0,0.4631337813399115,53.0,0.16666666666666666,,,,,
level,CNY,8,2025-01…2025-06,BUY_NOW,medium,180,0.0,27,27,0.037037037037037035,0.006557377049180328,5.648148148148148,0.0,16.944444444444443,0.3333333333333333,0.18770491803278688,1.7758369723435226,-62.92437599137504,-166.2206688592008,103.29629286782577,52.01448097563201,154.9695611907289,-114.20618788356879,-11.251107668471898,-102.73477511404302,-4.931318336867717,54.29289785051243,15.11554372052834,1.0441988950276242,0.0,0.4631337813399115,53.0,0.16666666666666666,,,,,
level,CNY,8,2025-01…2025-06,BUY_NOW,medium,180,10.0,27,27,0.037037037037037035,0.007377049180327869,5.020576131687243,0.0,15.061728395061728,0.37037037037037035,0.21721311475409835,1.705101327742837,-62.92437599137504,-166.2206688592008,103.29629286782577,52.01448097563201,154.9695611907289,-114.20618788356879,-11.251107668471898,-102.73477511404302,-4.931318336867717,54.29289785051243,15.11554372052834,1.0441988950276242,0.0,0.4631337813399115,53.0,0.16666666666666666,,,,,
level,CNY,8,2025-01…2025-06,BUY_NOW,medium,180,25.0,27,27,0.037037037037037035,0.010655737704918032,3.475783475783476,0.0,10.427350427350428,0.4074074074074074,0.2483606557377049,1.640386260848307,-62.92437599137504,-166.2206688592008,103.29629286782577,52.01448097563201,154.9695611907289,-114.20618788356879,-11.251107668471898,-102.73477511404302,-4.931318336867717,54.29289785051243,15.11554372052834,1.0441988950276242,0.0,0.4631337813399115,53.0,0.16666666666666666,0.3333333333333333,0.17884615384615385,21.0,1.8637992831541217,111.15616208247476
level,CNY,8,2025-01…2025-06,BUY_NOW,medium,180,50.0,27,27,0.1111111111111111,0.03442622950819672,3.227513227513227,0.0,6.455026455026454,0.4444444444444444,0.30983606557377047,1.4344503233392123,-62.92437599137504,-166.2206688592008,103.29629286782577,52.01448097563201,154.9695611907289,-114.20618788356879,-11.251107668471898,-102.73477511404302,-4.931318336867717,54.29289785051243,15.11554372052834,1.0441988950276242,0.0,0.4631337813399115,53.0,0.16666666666666666,,,,,
reversal,CNY,8,2025-01…2025-06,WINDOW_CLOSING,slow,1,0.0,34,34,0.5588235294117647,0.4778688524590164,1.1694077287861973,0.8616688527898294,1.5386943799818384,0.5588235294117647,0.4778688524590164,1.1694077287861973,2.391484628103091,-1.8351337461800354,4.2266183742831265,-8.425724376620739,18.33972073032171,-10.260858122800775,16.504586984141675,-16.04083178585418,16.663478152110308,-3.905554650849199,7.895077929554725,1.3149171270718232,0.0,0.20712092718506833,41.0,0.16666666666666666,,,,,
reversal,CNY,8,2025-01…2025-06,WINDOW_CLOSING,slow,1,10.0,34,34,0.5588235294117647,0.4778688524590164,1.1694077287861973,0.8616688527898294,1.5386943799818384,0.5588235294117647,0.4778688524590164,1.1694077287861973,2.391484628103091,-1.8351337461800354,4.2266183742831265,-8.425724376620739,18.33972073032171,-10.260858122800775,16.504586984141675,-16.04083178585418,16.663478152110308,-3.905554650849199,7.895077929554725,1.3149171270718232,0.0,0.20712092718506833,41.0,0.16666666666666666,,,,,
reversal,CNY,8,2025-01…2025-06,WINDOW_CLOSING,slow,1,25.0,34,34,0.5588235294117647,0.4778688524590164,1.1694077287861973,0.8616688527898294,1.5386943799818384,0.5588235294117647,0.4778688524590164,1.1694077287861973,2.391484628103091,-1.8351337461800354,4.2266183742831265,-8.425724376620739,18.33972073032171,-10.260858122800775,16.504586984141675,-16.04083178585418,16.663478152110308,-3.905554650849199,7.895077929554725,1.3149171270718232,0.0,0.20712092718506833,41.0,0.16666666666666666,,,,,
reversal,CNY,8,2025-01…2025-06,WINDOW_CLOSING,slow,1,50.0,34,34,0.5588235294117647,0.4778688524590164,1.1694077287861973,0.8616688527898294,1.5386943799818384,0.5588235294117647,0.4778688524590164,1.1694077287861973,2.391484628103091,-1.8351337461800354,4.2266183742831265,-8.425724376620739,18.33972073032171,-10.260858122800775,16.504586984141675,-16.04083178585418,16.663478152110308,-3.905554650849199,7.895077929554725,1.3149171270718232,0.0,0.20712092718506833,41.0,0.16666666666666666,,,,,
reversal,CNY,8,2025-01…2025-06,WINDOW_CLOSING,slow,4,0.0,34,34,0.5294117647058824,0.4204918032786885,1.2590299277605779,0.8393532851737187,1.6787065703474373,0.5294117647058824,0.4204918032786885,1.2590299277605779,1.2669816447470215,-4.619707693882638,5.886689338629659,-10.629666545729489,23.169348215707892,-15.249374239612125,18.549640521825253,-16.462509102212472,19.15450392963437,-9.519831034619214e-05,7.895077929554725,1.3149171270718232,0.0,0.20712092718506833,41.0,0.16666666666666666,,,,,
reversal,CNY,8,2025-01…2025-06,WINDOW_CLOSING,slow,4,10.0,34,34,0.5294117647058824,0.4204918032786885,1.2590299277605779,0.8393532851737187,1.6787065703474373,0.5294117647058824,0.4204918032786885,1.2590299277605779,1.2669816447470215,-4.619707693882638,5.886689338629659,-10.629666545729489,23.169348215707892,-15.249374239612125,18.549640521825253,-16.462509102212472,19.15450392963437,-9.519831034619214e-05,7.895077929554725,1.3149171270718232,0.0,0.20712092718506833,41.0,0.16666666666666666,,,,,
reversal,CNY,8,2025-01…2025-06,WINDOW_CLOSING,slow,4,25.0,34,34,0.5294117647058824,0.4204918032786885,1.2590299277605779,0.8393532851737187,1.6787065703474373,0.5294117647058824,0.4204918032786885,1.2590299277605779,1.2669816447470215,-4.619707693882638,5.886689338629659,-10.629666545729489,23.169348215707892,-15.249374239612125,18.549640521825253,-16.462509102212472,19.15450392963437,-9.519831034619214e-05,7.895077929554725,1.3149171270718232,0.0,0.20712092718506833,41.0,0.16666666666666666,,,,,
reversal,CNY,8,2025-01…2025-06,WINDOW_CLOSING,slow,4,50.0,34,34,0.5294117647058824,0.4204918032786885,1.2590299277605779,0.8393532851737187,1.6787065703474373,0.5294117647058824,0.4204918032786885,1.2590299277605779,1.2669816447470215,-4.619707693882638,5.886689338629659,-10.629666545729489,23.169348215707892,-15.249374239612125,18.549640521825253,-16.462509102212472,19.15450392963437,-9.519831034619214e-05,7.895077929554725,1.3149171270718232,0.0,0.20712092718506833,41.0,0.16666666666666666,,,,,
reversal,CNY,8,2025-01…2025-06,WINDOW_CLOSING,slow,9,0.0,34,34,0.6176470588235294,0.40901639344262297,1.5100789814923965,1.0786278439231403,1.869621596133443,0.6176470588235294,0.40901639344262297,1.5100789814923965,2.8993410336208854,-9.30111134461006,12.200452378230946,-10.653403183960279,33.3790550722118,-19.95451452857034,24.077943727601735,-15.835649933712453,23.674887964434397,6.551010576992159,7.895077929554725,1.3149171270718232,0.0,0.20712092718506833,41.0,0.16666666666666666,,,,,
reversal,CNY,8,2025-01…2025-06,WINDOW_CLOSING,slow,9,10.0,34,34,0.6176470588235294,0.40901639344262297,1.5100789814923965,1.0786278439231403,1.869621596133443,0.6176470588235294,0.40901639344262297,1.5100789814923965,2.8993410336208854,-9.30111134461006,12.200452378230946,-10.653403183960279,33.3790550722118,-19.95451452857034,24.077943727601735,-15.835649933712453,23.674887964434397,6.551010576992159,7.895077929554725,1.3149171270718232,0.0,0.20712092718506833,41.0,0.16666666666666666,,,,,
reversal,CNY,8,2025-01…2025-06,WINDOW_CLOSING,slow,9,25.0,34,34,0.6176470588235294,0.40901639344262297,1.5100789814923965,1.0786278439231403,1.869621596133443,0.6176470588235294,0.40901639344262297,1.5100789814923965,2.8993410336208854,-9.30111134461006,12.200452378230946,-10.653403183960279,33.3790550722118,-19.95451452857034,24.077943727601735,-15.835649933712453,23.674887964434397,6.551010576992159,7.895077929554725,1.3149171270718232,0.0,0.20712092718506833,41.0,0.16666666666666666,,,,,
reversal,CNY,8,2025-01…2025-06,WINDOW_CLOSING,slow,9,50.0,34,34,0.6176470588235294,0.40901639344262297,1.5100789814923965,1.0786278439231403,1.869621596133443,0.6176470588235294,0.40901639344262297,1.5100789814923965,2.8993410336208854,-9.30111134461006,12.200452378230946,-10.653403183960279,33.3790550722118,-19.95451452857034,24.077943727601735,-15.835649933712453,23.674887964434397,6.551010576992159,7.895077929554725,1.3149171270718232,0.0,0.20712092718506833,41.0,0.16666666666666666,,,,,
reversal,CNY,8,2025-01…2025-06,WINDOW_CLOSING,slow,45,0.0,34,34,0.29411764705882354,0.3483606557377049,0.8442906574394464,0.4221453287197232,1.2664359861591694,0.29411764705882354,0.3483606557377049,0.8442906574394464,-21.24924559722163,-41.293339068443075,20.044093471221444,-16.26362921137418,52.38814159828388,-57.556968279817255,11.094802529840804,-56.59610735283991,4.836356578708907,17.608205216994673,7.895077929554725,1.3149171270718232,0.0,0.20712092718506833,41.0,0.16666666666666666,,,,,
reversal,CNY,8,2025-01…2025-06,WINDOW_CLOSING,slow,45,10.0,34,34,0.29411764705882354,0.3483606557377049,0.8442906574394464,0.4221453287197232,1.2664359861591694,0.29411764705882354,0.3483606557377049,0.8442906574394464,-21.24924559722163,-41.293339068443075,20.044093471221444,-16.26362921137418,52.38814159828388,-57.556968279817255,11.094802529840804,-56.59610735283991,4.836356578708907,17.608205216994673,7.895077929554725,1.3149171270718232,0.0,0.20712092718506833,41.0,0.16666666666666666,,,,,
reversal,CNY,8,2025-01…2025-06,WINDOW_CLOSING,slow,45,25.0,34,34,0.29411764705882354,0.3483606557377049,0.8442906574394464,0.4221453287197232,1.2664359861591694,0.29411764705882354,0.3483606557377049,0.8442906574394464,-21.24924559722163,-41.293339068443075,20.044093471221444,-16.26362921137418,52.38814159828388,-57.556968279817255,11.094802529840804,-56.59610735283991,4.836356578708907,17.608205216994673,7.895077929554725,1.3149171270718232,0.0,0.20712092718506833,41.0,0.16666666666666666,,,,,
reversal,CNY,8,2025-01…2025-06,WINDOW_CLOSING,slow,45,50.0,34,34,0.29411764705882354,0.3483606557377049,0.8442906574394464,0.4221453287197232,1.2664359861591694,0.29411764705882354,0.3483606557377049,0.8442906574394464,-21.24924559722163,-41.293339068443075,20.044093471221444,-16.26362921137418,52.38814159828388,-57.556968279817255,11.094802529840804,-56.59610735283991,4.836356578708907,17.608205216994673,7.895077929554725,1.3149171270718232,0.0,0.20712092718506833,41.0,0.16666666666666666,,,,,
reversal,CNY,8,2025-01…2025-06,WINDOW_CLOSING,slow,180,0.0,34,34,0.08823529411764706,0.0959016393442623,0.9200603318250378,0.0,1.8401206636500755,0.08823529411764706,0.0959016393442623,0.9200603318250378,-100.54200459990571,-166.2206688592008,65.67866425929509,22.33677803912974,105.66481021566258,-143.88389082007106,-60.555858643538215,-160.96447142910398,-44.08665479456904,51.78641797089639,7.895077929554725,1.3149171270718232,0.0,0.20712092718506833,41.0,0.16666666666666666,,,,,
reversal,CNY,8,2025-01…2025-06,WINDOW_CLOSING,slow,180,10.0,34,34,0.08823529411764706,0.0959016393442623,0.9200603318250378,0.0,1.8401206636500755,0.08823529411764706,0.0959016393442623,0.9200603318250378,-100.54200459990571,-166.2206688592008,65.67866425929509,22.33677803912974,105.66481021566258,-143.88389082007106,-60.555858643538215,-160.96447142910398,-44.08665479456904,51.78641797089639,7.895077929554725,1.3149171270718232,0.0,0.20712092718506833,41.0,0.16666666666666666,,,,,
reversal,CNY,8,2025-01…2025-06,WINDOW_CLOSING,slow,180,25.0,34,34,0.08823529411764706,0.0959016393442623,0.9200603318250378,0.0,1.8401206636500755,0.08823529411764706,0.0959016393442623,0.9200603318250378,-100.54200459990571,-166.2206688592008,65.67866425929509,22.33677803912974,105.66481021566258,-143.88389082007106,-60.555858643538215,-160.96447142910398,-44.08665479456904,51.78641797089639,7.895077929554725,1.3149171270718232,0.0,0.20712092718506833,41.0,0.16666666666666666,0.07407407407407407,0.06057692307692308,27.0,1.2228101116990004,69.01031823259623
reversal,CNY,8,2025-01…2025-06,WINDOW_CLOSING,slow,180,50.0,34,34,0.08823529411764706,0.0959016393442623,0.9200603318250378,0.0,1.8401206636500755,0.08823529411764706,0.0959016393442623,0.9200603318250378,-100.54200459990571,-166.2206688592008,65.67866425929509,22.33677803912974,105.66481021566258,-143.88389082007106,-60.555858643538215,-160.96447142910398,-44.08665479456904,51.78641797089639,7.895077929554725,1.3149171270718232,0.0,0.20712092718506833,41.0,0.16666666666666666,,,,,
dip_vs_trend,CNY,8,2025-01…2025-06,BUY_NOW,medium,1,0.0,18,18,0.5555555555555556,0.4778688524590164,1.162569087097389,0.6975414522584333,1.6275967219363445,0.5555555555555556,0.4778688524590164,1.162569087097389,4.165691808585221,-1.8351337461800354,6.000825554765257,-8.683239863452004,22.02427843060206,-10.51837360963204,20.189144684422025,-0.39464520132981323,15.125781565302475,10.521156812830501,-4.373753341383519,0.6961325966850829,0.0,0.5921757793384634,95.0,0.5,,,,,
dip_vs_trend,CNY,8,2025-01…2025-06,BUY_NOW,medium,1,10.0,18,18,0.7777777777777778,0.65,1.1965811965811965,0.9380341880341883,1.452991452991453,0.7777777777777778,0.65,1.1965811965811965,4.165691808585221,-1.8351337461800354,6.000825554765257,-8.683239863452004,22.02427843060206,-10.51837360963204,20.189144684422025,-0.39464520132981323,15.125781565302475,10.521156812830501,-4.373753341383519,0.6961325966850829,0.0,0.5921757793384634,95.0,0.5,,,,,
dip_vs_trend,CNY,8,2025-01…2025-06,BUY_NOW,medium,1,25.0,18,18,0.8333333333333334,0.8172131147540984,1.0197258441992645,0.8157806753594115,1.2236710130391173,0.8333333333333334,0.8172131147540984,1.0197258441992645,4.165691808585221,-1.8351337461800354,6.000825554765257,-8.683239863452004,22.02427843060206,-10.51837360963204,20.189144684422025,-0.39464520132981323,15.125781565302475,10.521156812830501,-4.373753341383519,0.6961325966850829,0.0,0.5921757793384634,95.0,0.5,,,,,
dip_vs_trend,CNY,8,2025-01…2025-06,BUY_NOW,medium,1,50.0,18,18,0.9444444444444444,0.940983606557377,1.0036778939217963,0.8855981416957027,1.0627177700348434,0.9444444444444444,0.940983606557377,1.0036778939217963,4.165691808585221,-1.8351337461800354,6.000825554765257,-8.683239863452004,22.02427843060206,-10.51837360963204,20.189144684422025,-0.39464520132981323,15.125781565302475,10.521156812830501,-4.373753341383519,0.6961325966850829,0.0,0.5921757793384634,95.0,0.5,,,,,
dip_vs_trend,CNY,8,2025-01…2025-06,BUY_NOW,medium,4,0.0,18,18,0.3888888888888889,0.2278688524590164,1.706634692246203,0.7314148681055156,2.6818545163868905,0.5555555555555556,0.43524590163934423,1.2764176605984516,2.4259866346286634,-4.619707693882638,7.045694328511301,-20.4455529162309,33.116528355030745,-25.065260610113537,28.496820661148107,-4.05082554610664,4.4048975881647054,8.282213033898621,-4.373753341383519,0.6961325966850829,0.0,0.5921757793384634,95.0,0.5,,,,,
dip_vs_trend,CNY,8,2025-01…2025-06,BUY_NOW,medium,4,10.0,18,18,0.5555555555555556,0.3360655737704918,1.6531165311653118,0.991869918699187,2.3143631436314362,0.6666666666666666,0.5827868852459016,1.1439287388654478,2.4259866346286634,-4.619707693882638,7.045694328511301,-20.4455529162309,33.116528355030745,-25.065260610113537,28.496820661148107,-4.05082554610664,4.4048975881647054,8.282213033898621,-4.373753341383519,0.6961325966850829,0.0,0.5921757793384634,95.0,0.5,,,,,
dip_vs_trend,CNY,8,2025-01…2025-06,BUY_NOW,medium,4,25.0,18,18,0.6111111111111112,0.5286885245901639,1.1559000861326445,0.73557278208441,1.5762273901808788,0.7222222222222222,0.7368852459016394,0.9801013471758744,2.4259866346286634,-4.619707693882638,7.045694328511301,-20.4455529162309,33.116528355030745,-25.065260610113537,28.496820661148107,-4.05082554610664,4.4048975881647054,8.282213033898621,-4.373753341383519,0.6961325966850829,0.0,0.5921757793384634,95.0,0.5,,,,,
dip_vs_trend,CNY,8,2025-01…2025-06,BUY_NOW,medium,4,50.0,18,18,0.7222222222222222,0.7426229508196721,0.9725288202109394,0.673289183222958,1.1969585479519254,0.8888888888888888,0.889344262295082,0.9994879672299026,2.4259866346286634,-4.619707693882638,7.045694328511301,-20.4455529162309,33.116528355030745,-25.065260610113537,28.496820661148107,-4.05082554610664,4.4048975881647054,8.282213033898621,-4.373753341383519,0.6961325966850829,0.0,0.5921757793384634,95.0,0.5,,,,,
dip_vs_trend,CNY,8,2025-01…2025-06,BUY_NOW,medium,9,0.0,18,18,0.3333333333333333,0.1418032786885246,2.3506743737957607,0.7835581245985869,3.917790622992935,0.5555555555555556,0.4,1.3888888888888888,-2.381638106114557,-9.30111134461006,6.919473238495503,-29.48766224629195,41.87218116164118,-38.78877359090201,32.57106981703112,-12.384617083618098,2.9038836380794444,16.763992742211656,-4.373753341383519,0.6961325966850829,0.0,0.5921757793384634,95.0,0.5,,,,,
dip_vs_trend,CNY,8,2025-01…2025-06,BUY_NOW,medium,9,10.0,18,18,0.3888888888888889,0.21311475409836064,1.824786324786325,0.782051282051282,2.867521367521368,0.6111111111111112,0.4852459016393443,1.2593843843843844,-2.381638106114557,-9.30111134461006,6.919473238495503,-29.48766224629195,41.87218116164118,-38.78877359090201,32.57106981703112,-12.384617083618098,2.9038836380794444,16.763992742211656,-4.373753341383519,0.6961325966850829,0.0,0.5921757793384634,95.0,0.5,,,,,
dip_vs_trend,CNY,8,2025-01…2025-06,BUY_NOW,medium,9,25.0,18,18,0.3888888888888889,0.330327868852459,1.177281499862145,0.5045492142266336,1.8500137854976566,0.6111111111111112,0.6278688524590164,0.9733101247461562,-2.381638106114557,-9.30111134461006,6.919473238495503,-29.48766224629195,41.87218116164118,-38.78877359090201,32.57106981703112,-12.384617083618098,2.9038836380794444,16.763992742211656,-4.373753341383519,0.6961325966850829,0.0,0.5921757793384634,95.0,0.5,,,,,
dip_vs_trend,CNY,8,2025-01…2025-06,BUY_NOW,medium,9,50.0,18,18,0.5,0.5155737704918033,0.9697933227344991,0.5387740681858328,1.4008125772831654,0.8333333333333334,0.7877049180327869,1.0579257717655222,-2.381638106114557,-9.30111134461006,6.919473238495503,-29.48766224629195,41.87218116164118,-38.78877359090201,32.57106981703112,-12.384617083618098,2.9038836380794444,16.763992742211656,-4.373753341383519,0.6961325966850829,0.0,0.5921757793384634,95.0,0.5,,,,,
dip_vs_trend,CNY,8,2025-01…2025-06,BUY_NOW,medium,45,0.0,18,18,0.05555555555555555,0.040983606557377046,1.3555555555555556,0.0,4.066666666666666,0.3333333333333333,0.35655737704918034,0.9348659003831417,-58.43337656120107,-41.293339068443075,-17.140037492757997,-84.25849343487758,47.94069938937275,-125.55183250332065,6.64736032092968,-100.12580251625195,-32.04290288211564,24.065131065671864,-4.373753341383519,0.6961325966850829,0.0,0.5921757793384634,95.0,0.5,,,,,
dip_vs_trend,CNY,8,2025-01…2025-06,BUY_NOW,medium,45,10.0,18,18,0.05555555555555555,0.06229508196721312,0.891812865497076,0.0,2.6754385964912277,0.4444444444444444,0.4,1.111111111111111,-58.43337656120107,-41.293339068443075,-17.140037492757997,-84.25849343487758,47.94069938937275,-125.55183250332065,6.64736032092968,-100.12580251625195,-32.04290288211564,24.065131065671864,-4.373753341383519,0.6961325966850829,0.0,0.5921757793384634,95.0,0.5,,,,,
dip_vs_trend,CNY,8,2025-01…2025-06,BUY_NOW,medium,45,25.0,18,18,0.05555555555555555,0.10655737704918032,0.5213675213675214,0.0,1.564102564102564,0.4444444444444444,0.47622950819672133,0.9332568368712946,-58.43337656120107,-41.293339068443075,-17.140037492757997,-84.25849343487758,47.94069938937275,-125.55183250332065,6.64736032092968,-100.12580251625195,-32.04290288211564,24.065131065671864,-4.373753341383519,0.6961325966850829,0.0,0.5921757793384634,95.0,0.5,,,,,
dip_vs_trend,CNY,8,2025-01…2025-06,BUY_NOW,medium,45,50.0,18,18,0.05555555555555555,0.20491803278688525,0.2711111111111111,0.0,0.8133333333333332,0.5,0.5745901639344262,0.87018544935806,-58.43337656120107,-41.293339068443075,-17.140037492757997,-84.25849343487758,47.94069938937275,-125.55183250332065,6.64736032092968,-100.12580251625195,-32.04290288211564,24.065131065671864,-4.373753341383519,0.6961325966850829,0.0,0.5921757793384634,95.0,0.5,,,,,
dip_vs_trend,CNY,8,2025-01…2025-06,BUY_NOW,medium,180,0.0,18,18,0.0,0.006557377049180328,0.0,0.0,0.0,0.1111111111111111,0.18770491803278688,0.5919456574478408,-255.42551579243505,-166.2206688592008,-89.20484693323425,-182.6157855094735,7.249036312120126,-348.8364543686743,-158.97163254708067,-288.56391238855036,-205.1943221052503,42.46910937171839,-4.373753341383519,0.6961325966850829,0.0,0.5921757793384634,95.0,0.5,,,,,
dip_vs_trend,CNY,8,2025-01…2025-06,BUY_NOW,medium,180,10.0,18,18,0.0,0.007377049180327869,0.0,0.0,0.0,0.16666666666666666,0.21721311475409835,0.7672955974842767,-255.42551579243505,-166.2206688592008,-89.20484693323425,-182.6157855094735,7.249036312120126,-348.8364543686743,-158.97163254708067,-288.56391238855036,-205.1943221052503,42.46910937171839,-4.373753341383519,0.6961325966850829,0.0,0.5921757793384634,95.0,0.5,,,,,
dip_vs_trend,CNY,8,2025-01…2025-06,BUY_NOW,medium,180,25.0,18,18,0.0,0.010655737704918032,0.0,0.0,0.0,0.2222222222222222,0.2483606557377049,0.8947561422808947,-255.42551579243505,-166.2206688592008,-89.20484693323425,-182.6157855094735,7.249036312120126,-348.8364543686743,-158.97163254708067,-288.56391238855036,-205.1943221052503,42.46910937171839,-4.373753341383519,0.6961325966850829,0.0,0.5921757793384634,95.0,0.5,0.2222222222222222,0.17884615384615385,18.0,1.242532855436081,-62.28522688042841
dip_vs_trend,CNY,8,2025-01…2025-06,BUY_NOW,medium,180,50.0,18,18,0.0,0.03442622950819672,0.0,0.0,0.0,0.2222222222222222,0.30983606557377047,0.7172251616696061,-255.42551579243505,-166.2206688592008,-89.20484693323425,-182.6157855094735,7.249036312120126,-348.8364543686743,-158.97163254708067,-288.56391238855036,-205.1943221052503,42.46910937171839,-4.373753341383519,0.6961325966850829,0.0,0.5921757793384634,95.0,0.5,,,,,
momentum,CNY,9,2025-07…2025-12,BUY_NOW,fast,1,0.0,45,45,0.5555555555555556,0.4984732824427481,1.1145142079292156,0.8470307980262038,1.3819976178322273,0.5555555555555556,0.4984732824427481,1.1145142079292156,0.6183026841955427,0.27380489888668336,0.34449778530885933,-5.312576106554323,6.546889933516683,-5.038771207667639,6.820694832403366,-4.137619763477214,4.801167946136062,7.905279005150689,-6.501744000851312,1.7119565217391306,0.0,0.37978596833546235,7.0,0.0,,,,,
momentum,CNY,9,2025-07…2025-12,BUY_NOW,fast,1,10.0,45,45,0.7333333333333333,0.7259541984732825,1.0101647388713633,0.8264984227129337,1.1938310550297933,0.7333333333333333,0.7259541984732825,1.0101647388713633,0.6183026841955427,0.27380489888668336,0.34449778530885933,-5.312576106554323,6.546889933516683,-5.038771207667639,6.820694832403366,-4.137619763477214,4.801167946136062,7.905279005150689,-6.501744000851312,1.7119565217391306,0.0,0.37978596833546235,7.0,0.0,,,,,
momentum,CNY,9,2025-07…2025-12,BUY_NOW,fast,1,25.0,45,45,0.9111111111111111,0.8946564885496183,1.0183921122487676,0.9190367842244975,1.09290860826697,0.9111111111111111,0.8946564885496183,1.0183921122487676,0.6183026841955427,0.27380489888668336,0.34449778530885933,-5.312576106554323,6.546889933516683,-5.038771207667639,6.820694832403366,-4.137619763477214,4.801167946136062,7.905279005150689,-6.501744000851312,1.7119565217391306,0.0,0.37978596833546235,7.0,0.0,,,,,
momentum,CNY,9,2025-07…2025-12,BUY_NOW,fast,1,50.0,45,45,1.0,0.9801526717557252,1.0202492211838006,1.0202492211838006,1.0202492211838006,1.0,0.9801526717557252,1.0202492211838006,0.6183026841955427,0.27380489888668336,0.34449778530885933,-5.312576106554323,6.546889933516683,-5.038771207667639,6.820694832403366,-4.137619763477214,4.801167946136062,7.905279005150689,-6.501744000851312,1.7119565217391306,0.0,0.37978596833546235,7.0,0.0,,,,,
momentum,CNY,9,2025-07…2025-12,BUY_NOW,fast,4,0.0,45,45,0.28888888888888886,0.2816793893129771,1.0255947003914483,0.6311352002408913,1.498946100572117,0.5555555555555556,0.5,1.1111111111111112,-1.5612496699249783,0.8227088463762051,-2.3839585163011834,-11.574777393006748,6.20821883751303,-10.752068546630543,7.030927683889235,-10.662338781088563,5.390538793301315,14.004162758777893,-6.501744000851312,1.7119565217391306,0.0,0.37978596833546235,7.0,0.0,,,,,
momentum,CNY,9,2025-07…2025-12,BUY_NOW,fast,4,10.0,45,45,0.5111111111111111,0.45648854961832064,1.1196581196581195,0.8263563730955035,1.4604236343366777,0.7333333333333333,0.6641221374045801,1.1042145593869732,-1.5612496699249783,0.8227088463762051,-2.3839585163011834,-11.574777393006748,6.20821883751303,-10.752068546630543,7.030927683889235,-10.662338781088563,5.390538793301315,14.004162758777893,-6.501744000851312,1.7119565217391306,0.0,0.37978596833546235,7.0,0.0,,,,,
momentum,CNY,9,2025-07…2025-12,BUY_NOW,fast,4,25.0,45,45,0.7111111111111111,0.6648854961832061,1.069524174001786,0.868988391376451,1.2700599566271207,0.8444444444444444,0.8312977099236641,1.0158147127844097,-1.5612496699249783,0.8227088463762051,-2.3839585163011834,-11.574777393006748,6.20821883751303,-10.752068546630543,7.030927683889235,-10.662338781088563,5.390538793301315,14.004162758777893,-6.501744000851312,1.7119565217391306,0.0,0.37978596833546235,7.0,0.0,,,,,
momentum,CNY,9,2025-07…2025-12,BUY_NOW,fast,4,50.0,45,45,0.8666666666666667,0.8526717557251908,1.0164130110414802,0.8861036506515468,1.1206604993534268,0.9111111111111111,0.9358778625954198,0.9735363422149719,-1.5612496699249783,0.8227088463762051,-2.3839585163011834,-11.574777393006748,6.20821883751303,-10.752068546630543,7.030927683889235,-10.662338781088563,5.390538793301315,14.004162758777893,-6.501744000851312,1.7119565217391306,0.0,0.37978596833546235,7.0,0.0,,,,,
momentum,CNY,9,2025-07…2025-12,BUY_NOW,fast,9,0.0,45,45,0.17777777777777778,0.2083969465648855,0.8530728530728531,0.42653642653642654,1.386243386243386,0.5111111111111111,0.5076335877862596,1.0068504594820382,-4.221555145238427,1.6983400543879235,-5.9198951996263505,-17.876419416424337,5.608566621248352,-16.178079362036414,7.3069066756362755,-11.099299637175776,1.4136326580032004,10.691906500532323,-6.501744000851312,1.7119565217391306,0.0,0.37978596833546235,7.0,0.0,,,,,
momentum,CNY,9,2025-07…2025-12,BUY_NOW,fast,9,10.0,45,45,0.3111111111111111,0.34045801526717556,0.9138016940707524,0.5221723966118585,1.3054309915296463,0.6444444444444445,0.6320610687022901,1.01959205582394,-4.221555145238427,1.6983400543879235,-5.9198951996263505,-17.876419416424337,5.608566621248352,-16.178079362036414,7.3069066756362755,-11.099299637175776,1.4136326580032004,10.691906500532323,-6.501744000851312,1.7119565217391306,0.0,0.37978596833546235,7.0,0.0,,,,,
momentum,CNY,9,2025-07…2025-12,BUY_NOW,fast,9,25.0,45,45,0.5111111111111111,0.5053435114503817,1.0114132259147364,0.7475662974152399,1.275260154414233,0.7777777777777778,0.7587786259541984,1.025039123630673,-4.221555145238427,1.6983400543879235,-5.9198951996263505,-17.876419416424337,5.608566621248352,-16.178079362036414,7.3069066756362755,-11.099299637175776,1.4136326580032004,10.691906500532323,-6.501744000851312,1.7119565217391306,0.0,0.37978596833546235,7.0,0.0,,,,,
momentum,CNY,9,2025-07…2025-12,BUY_NOW,fast,9,50.0,45,45,0.7555555555555555,0.7114503816793893,1.0619933237958987,0.8745827372436814,1.2181688125894135,0.8666666666666667,0.8793893129770992,0.9855324074074074,-4.221555145238427,1.6983400543879235,-5.9198951996263505,-17.876419416424337,5.608566621248352,-16.178079362036414,7.3069066756362755,-11.099299637175776,1.4136326580032004,10.691906500532323,-6.501744000851312,1.7119565217391306,0.0,0.37978596833546235,7.0,0.0,,,,,
momentum,CNY,9,2025-07…2025-12,BUY_NOW,fast,45,0.0,45,45,0.06666666666666667,0.1,0.6666666666666666,0.0,1.5555555555555556,0.5333333333333333,0.5603053435114503,0.9518619436875568,-1.028393693672901,7.374607535296398,-8.403001228969298,-39.33077904878371,25.027536134536348,-31.956171513487316,32.402143669832746,-27.24130596577552,22.86577244114358,6.14920366572368,-6.501744000851312,1.7119565217391306,0.0,0.37978596833546235,7.0,0.0,,,,,
momentum,CNY,9,2025-07…2025-12,BUY_NOW,fast,45,10.0,45,45,0.15555555555555556,0.18473282442748093,0.8420569329660238,0.3608815426997245,1.443526170798898,0.5555555555555556,0.600763358778626,0.9247493999717634,-1.028393693672901,7.374607535296398,-8.403001228969298,-39.33077904878371,25.027536134536348,-31.956171513487316,32.402143669832746,-27.24130596577552,22.86577244114358,6.14920366572368,-6.501744000851312,1.7119565217391306,0.0,0.37978596833546235,7.0,0.0,,,,,
momentum,CNY,9,2025-07…2025-12,BUY_NOW,fast,45,25.0,45,45,0.26666666666666666,0.2900763358778626,0.9192982456140352,0.4596491228070176,1.3789473684210527,0.5777777777777777,0.6473282442748092,0.8925576519916142,-1.028393693672901,7.374607535296398,-8.403001228969298,-39.33077904878371,25.027536134536348,-31.956171513487316,32.402143669832746,-27.24130596577552,22.86577244114358,6.14920366572368,-6.501744000851312,1.7119565217391306,0.0,0.37978596833546235,7.0,0.0,,,,,
momentum,CNY,9,2025-07…2025-12,BUY_NOW,fast,45,50.0,45,45,0.37777777777777777,0.4267175572519084,0.8853110713575829,0.5728483402902007,1.1990757304710722,0.6222222222222222,0.7099236641221374,0.8764635603345281,-1.028393693672901,7.374607535296398,-8.403001228969298,-39.33077904878371,25.027536134536348,-31.956171513487316,32.402143669832746,-27.24130596577552,22.86577244114358,6.14920366572368,-6.501744000851312,1.7119565217391306,0.0,0.37978596833546235,7.0,0.0,,,,,
momentum,CNY,9,2025-07…2025-12,BUY_NOW,fast,180,0.0,45,45,0.044444444444444446,0.06030534351145038,0.7369901547116737,0.0,1.8424753867791843,0.6,0.5458015267175572,1.0993006993006993,25.921730903168832,22.58549694725634,3.336233955912494,-49.0811188609863,54.58990957603144,-26.495621913729963,77.17540652328778,-66.05705329273908,115.00808292655961,10.61109999930849,-6.501744000851312,1.7119565217391306,0.0,0.37978596833546235,7.0,0.0,,,,,
momentum,CNY,9,2025-07…2025-12,BUY_NOW,fast,180,10.0,45,45,0.08888888888888889,0.12290076335877863,0.7232574189095928,0.1808143547273982,1.4465148378191857,0.6,0.5709923664122137,1.0508021390374331,25.921730903168832,22.58549694725634,3.336233955912494,-49.0811188609863,54.58990957603144,-26.495621913729963,77.17540652328778,-66.05705329273908,115.00808292655961,10.61109999930849,-6.501744000851312,1.7119565217391306,0.0,0.37978596833546235,7.0,0.0,,,,,
momentum,CNY,9,2025-07…2025-12,BUY_NOW,fast,180,25.0,45,45,0.17777777777777778,0.19312977099236642,0.9205094422485727,0.3451910408432147,1.6108915239350021,0.6222222222222222,0.6045801526717557,1.0291806958473626,25.921730903168832,22.58549694725634,3.336233955912494,-49.0811188609863,54.58990957603144,-26.495621913729963,77.17540652328778,-66.05705329273908,115.00808292655961,10.61109999930849,-6.501744000851312,1.7119565217391306,0.0,0.37978596833546235,7.0,0.0,0.6,0.588495575221239,40.0,1.019548872180451,1.4102468325948436
momentum,CNY,9,2025-07…2025-12,BUY_NOW,fast,180,50.0,45,45,0.3111111111111111,0.2748091603053435,1.1320987654320986,0.6469135802469136,1.6172839506172838,0.6444444444444445,0.6702290076335878,0.9615287269045811,25.921730903168832,22.58549694725634,3.336233955912494,-49.0811188609863,54.58990957603144,-26.495621913729963,77.17540652328778,-66.05705329273908,115.00808292655961,10.61109999930849,-6.501744000851312,1.7119565217391306,0.0,0.37978596833546235,7.0,0.0,,,,,
level,CNY,9,2025-07…2025-12,BUY_NOW,medium,1,0.0,11,11,0.45454545454545453,0.4984732824427481,0.9118752610329945,0.36475010441319783,1.4590004176527913,0.45454545454545453,0.4984732824427481,0.9118752610329945,4.346758613719844,0.27380489888668336,4.072953714833161,-7.166284199357192,17.717635403055855,-6.892479300470509,17.99144030194254,-4.903965631607166,29.015356601258535,5.510040425820656,8.393863353905006,0.41847826086956524,0.0,1.5948470194098057,84.0,0.3333333333333333,,,,,
level,CNY,9,2025-07…2025-12,BUY_NOW,medium,1,10.0,11,11,0.8181818181818182,0.7259541984732825,1.1270433036994552,0.7513622024663034,1.3774973711882228,0.8181818181818182,0.7259541984732825,1.1270433036994552,4.346758613719844,0.27380489888668336,4.072953714833161,-7.166284199357192,17.717635403055855,-6.892479300470509,17.99144030194254,-4.903965631607166,29.015356601258535,5.510040425820656,8.393863353905006,0.41847826086956524,0.0,1.5948470194098057,84.0,0.3333333333333333,,,,,
level,CNY,9,2025-07…2025-12,BUY_NOW,medium,1,25.0,11,11,1.0,0.8946564885496183,1.1177474402730376,1.1177474402730376,1.1177474402730376,1.0,0.8946564885496183,1.1177474402730376,4.346758613719844,0.27380489888668336,4.072953714833161,-7.166284199357192,17.717635403055855,-6.892479300470509,17.99144030194254,-4.903965631607166,29.015356601258535,5.510040425820656,8.393863353905006,0.41847826086956524,0.0,1.5948470194098057,84.0,0.3333333333333333,,,,,
level,CNY,9,2025-07…2025-12,BUY_NOW,medium,1,50.0,11,11,1.0,0.9801526717557252,1.0202492211838006,1.0202492211838006,1.0202492211838006,1.0,0.9801526717557252,1.0202492211838006,4.346758613719844,0.27380489888668336,4.072953714833161,-7.166284199357192,17.717635403055855,-6.892479300470509,17.99144030194254,-4.903965631607166,29.015356601258535,5.510040425820656,8.393863353905006,0.41847826086956524,0.0,1.5948470194098057,84.0,0.3333333333333333,,,,,
level,CNY,9,2025-07…2025-12,BUY_NOW,medium,4,0.0,11,11,0.2727272727272727,0.2816793893129771,0.9682187730968218,0.0,1.9364375461936436,0.5454545454545454,0.5,1.0909090909090908,5.679882032303307,0.8227088463762051,4.857173185927102,-14.662806841706425,23.8512077401839,-13.84009799533022,24.673916586560104,2.274144989463162,22.293907563386338,6.270979751582024,8.393863353905006,0.41847826086956524,0.0,1.5948470194098057,84.0,0.3333333333333333,,,,,
level,CNY,9,2025-07…2025-12,BUY_NOW,medium,4,10.0,11,11,0.5454545454545454,0.45648854961832064,1.1948920644572816,0.5974460322286408,1.7923380966859228,0.8181818181818182,0.6641221374045801,1.2319749216300941,5.679882032303307,0.8227088463762051,4.857173185927102,-14.662806841706425,23.8512077401839,-13.84009799533022,24.673916586560104,2.274144989463162,22.293907563386338,6.270979751582024,8.393863353905006,0.41847826086956524,0.0,1.5948470194098057,84.0,0.3333333333333333,,,,,
level,CNY,9,2025-07…2025-12,BUY_NOW,medium,4,25.0,11,11,0.8181818181818182,0.6648854961832061,1.2305604842918276,0.8203736561945516,1.5040183696900113,0.8181818181818182,0.8312977099236641,0.9842223891810669,5.679882032303307,0.8227088463762051,4.857173185927102,-14.662806841706425,23.8512077401839,-13.84009799533022,24.673916586560104,2.274144989463162,22.293907563386338,6.270979751582024,8.393863353905006,0.41847826086956524,0.0,1.5948470194098057,84.0,0.3333333333333333,,,,,
level,CNY,9,2025-07…2025-12,BUY_NOW,medium,4,50.0,11,11,0.9090909090909091,0.8526717557251908,1.0661674940994548,0.8529339952795638,1.1727842435094002,0.9090909090909091,0.9358778625954198,0.9713777250481981,5.679882032303307,0.8227088463762051,4.857173185927102,-14.662806841706425,23.8512077401839,-13.84009799533022,24.673916586560104,2.274144989463162,22.293907563386338,6.270979751582024,8.393863353905006,0.41847826086956524,0.0,1.5948470194098057,84.0,0.3333333333333333,,,,,
level,CNY,9,2025-07…2025-12,BUY_NOW,medium,9,0.0,11,11,0.2727272727272727,0.2083969465648855,1.3086913086913086,0.0,2.617382617382617,0.5454545454545454,0.5076335877862596,1.0745044429254955,12.776562616893578,1.6983400543879235,11.078222562505655,-16.59103071976495,37.47891726507382,-14.892690665377026,39.17725731946174,2.345872948334053,50.68601741100753,6.918429088755539,8.393863353905006,0.41847826086956524,0.0,1.5948470194098057,84.0,0.3333333333333333,,,,,
level,CNY,9,2025-07…2025-12,BUY_NOW,medium,9,10.0,11,11,0.45454545454545453,0.34045801526717556,1.3350998777007745,0.5340399510803099,2.1361598043212395,0.7272727272727273,0.6320610687022901,1.150636802810716,12.776562616893578,1.6983400543879235,11.078222562505655,-16.59103071976495,37.47891726507382,-14.892690665377026,39.17725731946174,2.345872948334053,50.68601741100753,6.918429088755539,8.393863353905006,0.41847826086956524,0.0,1.5948470194098057,84.0,0.3333333333333333,,,,,
level,CNY,9,2025-07…2025-12,BUY_NOW,medium,9,25.0,11,11,0.7272727272727273,0.5053435114503817,1.439165064542708,0.8994781653391924,1.9788519637462234,0.8181818181818182,0.7587786259541984,1.078287909273825,12.776562616893578,1.6983400543879235,11.078222562505655,-16.59103071976495,37.47891726507382,-14.892690665377026,39.17725731946174,2.345872948334053,50.68601741100753,6.918429088755539,8.393863353905006,0.41847826086956524,0.0,1.5948470194098057,84.0,0.3333333333333333,,,,,
level,CNY,9,2025-07…2025-12,BUY_NOW,medium,9,50.0,11,11,0.8181818181818182,0.7114503816793893,1.1500195083886071,0.7666796722590713,1.4055793991416308,0.9090909090909091,0.8793893129770992,1.0337752525252526,12.776562616893578,1.6983400543879235,11.078222562505655,-16.59103071976495,37.47891726507382,-14.892690665377026,39.17725731946174,2.345872948334053,50.68601741100753,6.918429088755539,8.393863353905006,0.41847826086956524,0.0,1.5948470194098057,84.0,0.3333333333333333,,,,,
level,CNY,9,2025-07…2025-12,BUY_NOW,medium,45,0.0,11,11,0.2727272727272727,0.1,2.727272727272727,0.0,5.454545454545454,0.7272727272727273,0.5603053435114503,1.2979935595739411,55.07431897385149,7.374607535296398,47.69971143855509,-25.538092350187277,128.6186940946106,-18.16348481489088,135.993301629907,8.40712074410277,216.2065039333207,38.42095745305222,8.393863353905006,0.41847826086956524,0.0,1.5948470194098057,84.0,0.3333333333333333,,,,,
level,CNY,9,2025-07…2025-12,BUY_NOW,medium,45,10.0,11,11,0.36363636363636365,0.18473282442748093,1.9684447783621337,0.49211119459053343,3.4447783621337336,0.7272727272727273,0.600763358778626,1.2105810326903084,55.07431897385149,7.374607535296398,47.69971143855509,-25.538092350187277,128.6186940946106,-18.16348481489088,135.993301629907,8.40712074410277,216.2065039333207,38.42095745305222,8.393863353905006,0.41847826086956524,0.0,1.5948470194098057,84.0,0.3333333333333333,,,,,
level,CNY,9,2025-07…2025-12,BUY_NOW,medium,45,25.0,11,11,0.36363636363636365,0.2900763358778626,1.2535885167464116,0.3133971291866029,2.1937799043062203,0.7272727272727273,0.6473282442748092,1.1234991423670668,55.07431897385149,7.374607535296398,47.69971143855509,-25.538092350187277,128.6186940946106,-18.16348481489088,135.993301629907,8.40712074410277,216.2065039333207,38.42095745305222,8.393863353905006,0.41847826086956524,0.0,1.5948470194098057,84.0,0.3333333333333333,,,,,
level,CNY,9,2025-07…2025-12,BUY_NOW,medium,45,50.0,11,11,0.5454545454545454,0.4267175572519084,1.2782566270938363,0.6391283135469181,1.9173849406407546,0.8181818181818182,0.7099236641221374,1.152492668621701,55.07431897385149,7.374607535296398,47.69971143855509,-25.538092350187277,128.6186940946106,-18.16348481489088,135.993301629907,8.40712074410277,216.2065039333207,38.42095745305222,8.393863353905006,0.41847826086956524,0.0,1.5948470194098057,84.0,0.3333333333333333,,,,,
level,CNY,9,2025-07…2025-12,BUY_NOW,medium,180,0.0,11,11,0.2727272727272727,0.06030534351145038,4.522439585730725,0.0,9.04487917146145,0.8181818181818182,0.5458015267175572,1.4990464081373174,144.65735174372682,22.58549694725634,122.07185479647049,58.30353326188068,180.81743008077828,80.88903020913702,203.4029270280346,105.80277508763587,264.27483371435187,124.05819496244773,8.393863353905006,0.41847826086956524,0.0,1.5948470194098057,84.0,0.3333333333333333,,,,,
level,CNY,9,2025-07…2025-12,BUY_NOW,medium,180,10.0,11,11,0.36363636363636365,0.12290076335877863,2.958780350084698,0.7396950875211745,5.177865612648221,0.8181818181818182,0.5709923664122137,1.432912007778318,144.65735174372682,22.58549694725634,122.07185479647049,58.30353326188068,180.81743008077828,80.88903020913702,203.4029270280346,105.80277508763587,264.27483371435187,124.05819496244773,8.393863353905006,0.41847826086956524,0.0,1.5948470194098057,84.0,0.3333333333333333,,,,,
level,CNY,9,2025-07…2025-12,BUY_NOW,medium,180,25.0,11,11,0.36363636363636365,0.19312977099236642,1.8828602227811715,0.47071505569529287,3.29500538986705,0.8181818181818182,0.6045801526717557,1.3533057851239672,144.65735174372682,22.58549694725634,122.07185479647049,58.30353326188068,180.81743008077828,80.88903020913702,203.4029270280346,105.80277508763587,264.27483371435187,124.05819496244773,8.393863353905006,0.41847826086956524,0.0,1.5948470194098057,84.0,0.3333333333333333,0.8,0.588495575221239,10.0,1.3593984962406016,113.03705024576927
level,CNY,9,2025-07…2025-12,BUY_NOW,medium,180,50.0,11,11,0.5454545454545454,0.2748091603053435,1.9848484848484846,0.9924242424242423,2.9772727272727275,1.0,0.6702290076335878,1.4920273348519362,144.65735174372682,22.58549694725634,122.07185479647049,58.30353326188068,180.81743008077828,80.88903020913702,203.4029270280346,105.80277508763587,264.27483371435187,124.05819496244773,8.393863353905006,0.41847826086956524,0.0,1.5948470194098057,84.0,0.3333333333333333,,,,,
reversal,CNY,9,2025-07…2025-12,WINDOW_CLOSING,slow,1,0.0,6,6,0.3333333333333333,0.4984732824427481,0.6687085247575293,0.0,1.3374170495150586,0.3333333333333333,0.4984732824427481,0.6687085247575293,-1.4906343939952176,0.27380489888668336,-1.7644392928819008,-20.572347533417982,26.095553537176297,-20.298542634531298,26.36935843606298,-13.435466866204004,4.481781842109177,-4.824625003160645,-1.566545065307217,0.2282608695652174,0.0,1.3300248138957818,106.0,0.6666666666666666,,,,,
reversal,CNY,9,2025-07…2025-12,WINDOW_CLOSING,slow,1,10.0,6,6,0.3333333333333333,0.4984732824427481,0.6687085247575293,0.0,1.3374170495150586,0.3333333333333333,0.4984732824427481,0.6687085247575293,-1.4906343939952176,0.27380489888668336,-1.7644392928819008,-20.572347533417982,26.095553537176297,-20.298542634531298,26.36935843606298,-13.435466866204004,4.481781842109177,-4.824625003160645,-1.566545065307217,0.2282608695652174,0.0,1.3300248138957818,106.0,0.6666666666666666,,,,,
reversal,CNY,9,2025-07…2025-12,WINDOW_CLOSING,slow,1,25.0,6,6,0.3333333333333333,0.4984732824427481,0.6687085247575293,0.0,1.3374170495150586,0.3333333333333333,0.4984732824427481,0.6687085247575293,-1.4906343939952176,0.27380489888668336,-1.7644392928819008,-20.572347533417982,26.095553537176297,-20.298542634531298,26.36935843606298,-13.435466866204004,4.481781842109177,-4.824625003160645,-1.566545065307217,0.2282608695652174,0.0,1.3300248138957818,106.0,0.6666666666666666,,,,,
reversal,CNY,9,2025-07…2025-12,WINDOW_CLOSING,slow,1,50.0,6,6,0.3333333333333333,0.4984732824427481,0.6687085247575293,0.0,1.3374170495150586,0.3333333333333333,0.4984732824427481,0.6687085247575293,-1.4906343939952176,0.27380489888668336,-1.7644392928819008,-20.572347533417982,26.095553537176297,-20.298542634531298,26.36935843606298,-13.435466866204004,4.481781842109177,-4.824625003160645,-1.566545065307217,0.2282608695652174,0.0,1.3300248138957818,106.0,0.6666666666666666,,,,,
reversal,CNY,9,2025-07…2025-12,WINDOW_CLOSING,slow,4,0.0,6,6,0.3333333333333333,0.5061068702290077,0.6586224233283056,0.0,1.3172448466566111,0.3333333333333333,0.5061068702290077,0.6586224233283056,-10.331386111614068,0.8227088463762051,-11.154094957990273,-42.84948458870862,23.137585500845486,-42.02677574233241,23.96029434722169,-14.481271871862322,-8.256443231489941,-3.4068041897507744,-1.566545065307217,0.2282608695652174,0.0,1.3300248138957818,106.0,0.6666666666666666,,,,,
reversal,CNY,9,2025-07…2025-12,WINDOW_CLOSING,slow,4,10.0,6,6,0.3333333333333333,0.5061068702290077,0.6586224233283056,0.0,1.3172448466566111,0.3333333333333333,0.5061068702290077,0.6586224233283056,-10.331386111614068,0.8227088463762051,-11.154094957990273,-42.84948458870862,23.137585500845486,-42.02677574233241,23.96029434722169,-14.481271871862322,-8.256443231489941,-3.4068041897507744,-1.566545065307217,0.2282608695652174,0.0,1.3300248138957818,106.0,0.6666666666666666,,,,,
reversal,CNY,9,2025-07…2025-12,WINDOW_CLOSING,slow,4,25.0,6,6,0.3333333333333333,0.5061068702290077,0.6586224233283056,0.0,1.3172448466566111,0.3333333333333333,0.5061068702290077,0.6586224233283056,-10.331386111614068,0.8227088463762051,-11.154094957990273,-42.84948458870862,23.137585500845486,-42.02677574233241,23.96029434722169,-14.481271871862322,-8.256443231489941,-3.4068041897507744,-1.566545065307217,0.2282608695652174,0.0,1.3300248138957818,106.0,0.6666666666666666,,,,,
reversal,CNY,9,2025-07…2025-12,WINDOW_CLOSING,slow,4,50.0,6,6,0.3333333333333333,0.5061068702290077,0.6586224233283056,0.0,1.3172448466566111,0.3333333333333333,0.5061068702290077,0.6586224233283056,-10.331386111614068,0.8227088463762051,-11.154094957990273,-42.84948458870862,23.137585500845486,-42.02677574233241,23.96029434722169,-14.481271871862322,-8.256443231489941,-3.4068041897507744,-1.566545065307217,0.2282608695652174,0.0,1.3300248138957818,106.0,0.6666666666666666,,,,,
reversal,CNY,9,2025-07…2025-12,WINDOW_CLOSING,slow,9,0.0,6,6,0.6666666666666666,0.5351145038167939,1.2458392772230147,0.6229196386115073,1.868758915834522,0.6666666666666666,0.5351145038167939,1.2458392772230147,8.222055389236667,1.6983400543879235,6.5237153348487436,-34.44563754509302,47.948009095419906,-32.7472974907051,49.646349149807826,-5.93358785317438,36.53334187405876,5.229626093163908,-1.566545065307217,0.2282608695652174,0.0,1.3300248138957818,106.0,0.6666666666666666,,,,,
reversal,CNY,9,2025-07…2025-12,WINDOW_CLOSING,slow,9,10.0,6,6,0.6666666666666666,0.5351145038167939,1.2458392772230147,0.6229196386115073,1.868758915834522,0.6666666666666666,0.5351145038167939,1.2458392772230147,8.222055389236667,1.6983400543879235,6.5237153348487436,-34.44563754509302,47.948009095419906,-32.7472974907051,49.646349149807826,-5.93358785317438,36.53334187405876,5.229626093163908,-1.566545065307217,0.2282608695652174,0.0,1.3300248138957818,106.0,0.6666666666666666,,,,,
reversal,CNY,9,2025-07…2025-12,WINDOW_CLOSING,slow,9,25.0,6,6,0.6666666666666666,0.5351145038167939,1.2458392772230147,0.6229196386115073,1.868758915834522,0.6666666666666666,0.5351145038167939,1.2458392772230147,8.222055389236667,1.6983400543879235,6.5237153348487436,-34.44563754509302,47.948009095419906,-32.7472974907051,49.646349149807826,-5.93358785317438,36.53334187405876,5.229626093163908,-1.566545065307217,0.2282608695652174,0.0,1.3300248138957818,106.0,0.6666666666666666,,,,,
reversal,CNY,9,2025-07…2025-12,WINDOW_CLOSING,slow,9,50.0,6,6,0.6666666666666666,0.5351145038167939,1.2458392772230147,0.6229196386115073,1.868758915834522,0.6666666666666666,0.5351145038167939,1.2458392772230147,8.222055389236667,1.6983400543879235,6.5237153348487436,-34.44563754509302,47.948009095419906,-32.7472974907051,49.646349149807826,-5.93358785317438,36.53334187405876,5.229626093163908,-1.566545065307217,0.2282608695652174,0.0,1.3300248138957818,106.0,0.6666666666666666,,,,,
reversal,CNY,9,2025-07…2025-12,WINDOW_CLOSING,slow,45,0.0,6,6,0.5,0.5412213740458015,0.923836389280677,0.307945463093559,1.539727315467795,0.5,0.5412213740458015,0.923836389280677,75.59466549183252,7.374607535296398,68.22005795653612,-44.932221316998074,181.3723372300703,-37.557613781701676,188.7469447653667,39.08300773676626,148.617981001965,33.65862294126424,-1.566545065307217,0.2282608695652174,0.0,1.3300248138957818,106.0,0.6666666666666666,,,,,
reversal,CNY,9,2025-07…2025-12,WINDOW_CLOSING,slow,45,10.0,6,6,0.5,0.5412213740458015,0.923836389280677,0.307945463093559,1.539727315467795,0.5,0.5412213740458015,0.923836389280677,75.59466549183252,7.374607535296398,68.22005795653612,-44.932221316998074,181.3723372300703,-37.557613781701676,188.7469447653667,39.08300773676626,148.617981001965,33.65862294126424,-1.566545065307217,0.2282608695652174,0.0,1.3300248138957818,106.0,0.6666666666666666,,,,,
reversal,CNY,9,2025-07…2025-12,WINDOW_CLOSING,slow,45,25.0,6,6,0.5,0.5412213740458015,0.923836389280677,0.307945463093559,1.539727315467795,0.5,0.5412213740458015,0.923836389280677,75.59466549183252,7.374607535296398,68.22005795653612,-44.932221316998074,181.3723372300703,-37.557613781701676,188.7469447653667,39.08300773676626,148.617981001965,33.65862294126424,-1.566545065307217,0.2282608695652174,0.0,1.3300248138957818,106.0,0.6666666666666666,,,,,
reversal,CNY,9,2025-07…2025-12,WINDOW_CLOSING,slow,45,50.0,6,6,0.5,0.5412213740458015,0.923836389280677,0.307945463093559,1.539727315467795,0.5,0.5412213740458015,0.923836389280677,75.59466549183252,7.374607535296398,68.22005795653612,-44.932221316998074,181.3723372300703,-37.557613781701676,188.7469447653667,39.08300773676626,148.617981001965,33.65862294126424,-1.566545065307217,0.2282608695652174,0.0,1.3300248138957818,106.0,0.6666666666666666,,,,,
reversal,CNY,9,2025-07…2025-12,WINDOW_CLOSING,slow,180,0.0,6,6,0.8333333333333334,0.5427480916030535,1.53539615564932,0.921237693389592,1.842475386779184,0.8333333333333334,0.5427480916030535,1.53539615564932,154.19020133910814,22.58549694725634,131.6047043918518,38.10300637071082,228.7362297390166,60.68850331796716,251.32172668627294,118.52127298461133,172.02466551635652,171.8051995174084,-1.566545065307217,0.2282608695652174,0.0,1.3300248138957818,106.0,0.6666666666666666,,,,,
reversal,CNY,9,2025-07…2025-12,WINDOW_CLOSING,slow,180,10.0,6,6,0.8333333333333334,0.5427480916030535,1.53539615564932,0.921237693389592,1.842475386779184,0.8333333333333334,0.5427480916030535,1.53539615564932,154.19020133910814,22.58549694725634,131.6047043918518,38.10300637071082,228.7362297390166,60.68850331796716,251.32172668627294,118.52127298461133,172.02466551635652,171.8051995174084,-1.566545065307217,0.2282608695652174,0.0,1.3300248138957818,106.0,0.6666666666666666,,,,,
reversal,CNY,9,2025-07…2025-12,WINDOW_CLOSING,slow,180,25.0,6,6,0.8333333333333334,0.5427480916030535,1.53539615564932,0.921237693389592,1.842475386779184,0.8333333333333334,0.5427480916030535,1.53539615564932,154.19020133910814,22.58549694725634,131.6047043918518,38.10300637071082,228.7362297390166,60.68850331796716,251.32172668627294,118.52127298461133,172.02466551635652,171.8051995174084,-1.566545065307217,0.2282608695652174,0.0,1.3300248138957818,106.0,0.6666666666666666,0.75,0.5761061946902655,4.0,1.3018433179723503,110.40999588348394
reversal,CNY,9,2025-07…2025-12,WINDOW_CLOSING,slow,180,50.0,6,6,0.8333333333333334,0.5427480916030535,1.53539615564932,0.921237693389592,1.842475386779184,0.8333333333333334,0.5427480916030535,1.53539615564932,154.19020133910814,22.58549694725634,131.6047043918518,38.10300637071082,228.7362297390166,60.68850331796716,251.32172668627294,118.52127298461133,172.02466551635652,171.8051995174084,-1.566545065307217,0.2282608695652174,0.0,1.3300248138957818,106.0,0.6666666666666666,,,,,
dip_vs_trend,CNY,9,2025-07…2025-12,BUY_NOW,medium,1,0.0,2,2,1.0,0.4984732824427481,2.006125574272588,,,1.0,0.4984732824427481,2.006125574272588,60.66367084075708,0.27380489888668336,60.3898659418704,,,,,,,56.738198910563085,126.51512080079752,0.07608695652173914,0.0,0.0,106.0,0.6666666666666666,,,,,
dip_vs_trend,CNY,9,2025-07…2025-12,BUY_NOW,medium,1,10.0,2,2,1.0,0.7259541984732825,1.3774973711882228,,,1.0,0.7259541984732825,1.3774973711882228,60.66367084075708,0.27380489888668336,60.3898659418704,,,,,,,56.738198910563085,126.51512080079752,0.07608695652173914,0.0,0.0,106.0,0.6666666666666666,,,,,
dip_vs_trend,CNY,9,2025-07…2025-12,BUY_NOW,medium,1,25.0,2,2,1.0,0.8946564885496183,1.1177474402730376,,,1.0,0.8946564885496183,1.1177474402730376,60.66367084075708,0.27380489888668336,60.3898659418704,,,,,,,56.738198910563085,126.51512080079752,0.07608695652173914,0.0,0.0,106.0,0.6666666666666666,,,,,
dip_vs_trend,CNY,9,2025-07…2025-12,BUY_NOW,medium,1,50.0,2,2,1.0,0.9801526717557252,1.0202492211838006,,,1.0,0.9801526717557252,1.0202492211838006,60.66367084075708,0.27380489888668336,60.3898659418704,,,,,,,56.738198910563085,126.51512080079752,0.07608695652173914,0.0,0.0,106.0,0.6666666666666666,,,,,
dip_vs_trend,CNY,9,2025-07…2025-12,BUY_NOW,medium,4,0.0,2,2,1.0,0.2816793893129771,3.5501355013550135,,,1.0,0.5,2.0,68.31061153192431,0.8227088463762051,67.48790268554811,,,,,,,80.30414574811019,126.51512080079752,0.07608695652173914,0.0,0.0,106.0,0.6666666666666666,,,,,
dip_vs_trend,CNY,9,2025-07…2025-12,BUY_NOW,medium,4,10.0,2,2,1.0,0.45648854961832064,2.1906354515050164,,,1.0,0.6641221374045801,1.5057471264367817,68.31061153192431,0.8227088463762051,67.48790268554811,,,,,,,80.30414574811019,126.51512080079752,0.07608695652173914,0.0,0.0,106.0,0.6666666666666666,,,,,
dip_vs_trend,CNY,9,2025-07…2025-12,BUY_NOW,medium,4,25.0,2,2,1.0,0.6648854961832061,1.5040183696900113,,,1.0,0.8312977099236641,1.2029384756657484,68.31061153192431,0.8227088463762051,67.48790268554811,,,,,,,80.30414574811019,126.51512080079752,0.07608695652173914,0.0,0.0,106.0,0.6666666666666666,,,,,
dip_vs_trend,CNY,9,2025-07…2025-12,BUY_NOW,medium,4,50.0,2,2,1.0,0.8526717557251908,1.1727842435094002,,,1.0,0.9358778625954198,1.068515497553018,68.31061153192431,0.8227088463762051,67.48790268554811,,,,,,,80.30414574811019,126.51512080079752,0.07608695652173914,0.0,0.0,106.0,0.6666666666666666,,,,,
dip_vs_trend,CNY,9,2025-07…2025-12,BUY_NOW,medium,9,0.0,2,2,1.0,0.2083969465648855,4.798534798534798,,,1.0,0.5076335877862596,1.9699248120300752,113.12601820248402,1.6983400543879235,111.42767814809609,,,,,,,119.75492820119227,126.51512080079752,0.07608695652173914,0.0,0.0,106.0,0.6666666666666666,,,,,
dip_vs_trend,CNY,9,2025-07…2025-12,BUY_NOW,medium,9,10.0,2,2,1.0,0.34045801526717556,2.9372197309417043,,,1.0,0.6320610687022901,1.5821256038647344,113.12601820248402,1.6983400543879235,111.42767814809609,,,,,,,119.75492820119227,126.51512080079752,0.07608695652173914,0.0,0.0,106.0,0.6666666666666666,,,,,
dip_vs_trend,CNY,9,2025-07…2025-12,BUY_NOW,medium,9,25.0,2,2,1.0,0.5053435114503817,1.9788519637462234,,,1.0,0.7587786259541984,1.3179074446680081,113.12601820248402,1.6983400543879235,111.42767814809609,,,,,,,119.75492820119227,126.51512080079752,0.07608695652173914,0.0,0.0,106.0,0.6666666666666666,,,,,
dip_vs_trend,CNY,9,2025-07…2025-12,BUY_NOW,medium,9,50.0,2,2,1.0,0.7114503816793893,1.4055793991416308,,,1.0,0.8793893129770992,1.137152777777778,113.12601820248402,1.6983400543879235,111.42767814809609,,,,,,,119.75492820119227,126.51512080079752,0.07608695652173914,0.0,0.0,106.0,0.6666666666666666,,,,,
dip_vs_trend,CNY,9,2025-07…2025-12,BUY_NOW,medium,45,0.0,2,2,1.0,0.1,10.0,,,1.0,0.5603053435114503,1.784741144414169,290.12432826409196,7.374607535296398,282.7497207287956,,,,,,,276.76389586555604,126.51512080079752,0.07608695652173914,0.0,0.0,106.0,0.6666666666666666,,,,,
dip_vs_trend,CNY,9,2025-07…2025-12,BUY_NOW,medium,45,10.0,2,2,1.0,0.18473282442748093,5.413223140495868,,,1.0,0.600763358778626,1.664548919949174,290.12432826409196,7.374607535296398,282.7497207287956,,,,,,,276.76389586555604,126.51512080079752,0.07608695652173914,0.0,0.0,106.0,0.6666666666666666,,,,,
dip_vs_trend,CNY,9,2025-07…2025-12,BUY_NOW,medium,45,25.0,2,2,1.0,0.2900763358778626,3.447368421052632,,,1.0,0.6473282442748092,1.544811320754717,290.12432826409196,7.374607535296398,282.7497207287956,,,,,,,276.76389586555604,126.51512080079752,0.07608695652173914,0.0,0.0,106.0,0.6666666666666666,,,,,
dip_vs_trend,CNY,9,2025-07…2025-12,BUY_NOW,medium,45,50.0,2,2,1.0,0.4267175572519084,2.3434704830053668,,,1.0,0.7099236641221374,1.4086021505376345,290.12432826409196,7.374607535296398,282.7497207287956,,,,,,,276.76389586555604,126.51512080079752,0.07608695652173914,0.0,0.0,106.0,0.6666666666666666,,,,,
dip_vs_trend,CNY,9,2025-07…2025-12,BUY_NOW,medium,180,0.0,2,2,1.0,0.06030534351145038,16.582278481012658,,,1.0,0.5458015267175572,1.8321678321678323,389.77370073984497,22.58549694725634,367.18820379258864,,,,,,,435.7554177467671,126.51512080079752,0.07608695652173914,0.0,0.0,106.0,0.6666666666666666,,,,,
dip_vs_trend,CNY,9,2025-07…2025-12,BUY_NOW,medium,180,10.0,2,2,1.0,0.12290076335877863,8.136645962732919,,,1.0,0.5709923664122137,1.751336898395722,389.77370073984497,22.58549694725634,367.18820379258864,,,,,,,435.7554177467671,126.51512080079752,0.07608695652173914,0.0,0.0,106.0,0.6666666666666666,,,,,
dip_vs_trend,CNY,9,2025-07…2025-12,BUY_NOW,medium,180,25.0,2,2,1.0,0.19312977099236642,5.177865612648221,,,1.0,0.6045801526717557,1.6540404040404042,389.77370073984497,22.58549694725634,367.18820379258864,,,,,,,435.7554177467671,126.51512080079752,0.07608695652173914,0.0,0.0,106.0,0.6666666666666666,1.0,0.588495575221239,1.0,1.699248120300752,287.8791987806767
dip_vs_trend,CNY,9,2025-07…2025-12,BUY_NOW,medium,180,50.0,2,2,1.0,0.2748091603053435,3.638888888888889,,,1.0,0.6702290076335878,1.4920273348519362,389.77370073984497,22.58549694725634,367.18820379258864,,,,,,,435.7554177467671,126.51512080079752,0.07608695652173914,0.0,0.0,106.0,0.6666666666666666,,,,,
momentum,CNY,10,2026-01…2026-06,BUY_NOW,fast,1,0.0,39,39,0.5641025641025641,0.47950819672131145,1.1764190225728688,0.8555774709620864,1.497260574183651,0.5641025641025641,0.47950819672131145,1.1764190225728688,1.192815402543436,0.13982899638565907,1.052986406157777,-6.874469755303845,8.639868989761418,-6.734640758918186,8.779697986147077,-7.54188227374013,8.667626418103877,10.3786391552959,4.445848954636803,1.5082872928176796,0.0,0.15423645416452675,6.0,0.0,,,,,
momentum,CNY,10,2026-01…2026-06,BUY_NOW,fast,1,10.0,39,39,0.6923076923076923,0.6983606557377049,0.991332611050921,0.7710364752618274,1.174912724208499,0.6923076923076923,0.6983606557377049,0.991332611050921,1.192815402543436,0.13982899638565907,1.052986406157777,-6.874469755303845,8.639868989761418,-6.734640758918186,8.779697986147077,-7.54188227374013,8.667626418103877,10.3786391552959,4.445848954636803,1.5082872928176796,0.0,0.15423645416452675,6.0,0.0,,,,,
momentum,CNY,10,2026-01…2026-06,BUY_NOW,fast,1,25.0,39,39,0.8461538461538461,0.8754098360655738,0.9665802362431576,0.8201286852972246,1.0837414769999039,0.8461538461538461,0.8754098360655738,0.9665802362431576,1.192815402543436,0.13982899638565907,1.052986406157777,-6.874469755303845,8.639868989761418,-6.734640758918186,8.779697986147077,-7.54188227374013,8.667626418103877,10.3786391552959,4.445848954636803,1.5082872928176796,0.0,0.15423645416452675,6.0,0.0,,,,,
momentum,CNY,10,2026-01…2026-06,BUY_NOW,fast,1,50.0,39,39,0.9743589743589743,0.9704918032786886,1.003984753984754,0.9511434511434511,1.0304054054054053,0.9743589743589743,0.9704918032786886,1.003984753984754,1.192815402543436,0.13982899638565907,1.052986406157777,-6.874469755303845,8.639868989761418,-6.734640758918186,8.779697986147077,-7.54188227374013,8.667626418103877,10.3786391552959,4.445848954636803,1.5082872928176796,0.0,0.15423645416452675,6.0,0.0,,,,,
momentum,CNY,10,2026-01…2026-06,BUY_NOW,fast,4,0.0,39,39,0.38461538461538464,0.2762295081967213,1.3923761698242412,0.8354257018945447,1.9493266377539373,0.5384615384615384,0.4778688524590164,1.1267977305713155,5.338421330650341,0.27249908718552257,5.065922243464819,-7.423464646996826,16.5921272039602,-7.150965559811303,16.864626291145722,-7.692007150539166,19.350611518392533,14.985175440045408,4.445848954636803,1.5082872928176796,0.0,0.15423645416452675,6.0,0.0,,,,,
momentum,CNY,10,2026-01…2026-06,BUY_NOW,fast,4,10.0,39,39,0.46153846153846156,0.42950819672131146,1.074574280681151,0.716382853787434,1.432765707574868,0.6666666666666666,0.6245901639344262,1.0673665791776028,5.338421330650341,0.27249908718552257,5.065922243464819,-7.423464646996826,16.5921272039602,-7.150965559811303,16.864626291145722,-7.692007150539166,19.350611518392533,14.985175440045408,4.445848954636803,1.5082872928176796,0.0,0.15423645416452675,6.0,0.0,,,,,
momentum,CNY,10,2026-01…2026-06,BUY_NOW,fast,4,25.0,39,39,0.6410256410256411,0.6172131147540983,1.0385807198556203,0.7893213470902714,1.287840092620969,0.8205128205128205,0.7934426229508197,1.0341173977537614,5.338421330650341,0.27249908718552257,5.065922243464819,-7.423464646996826,16.5921272039602,-7.150965559811303,16.864626291145722,-7.692007150539166,19.350611518392533,14.985175440045408,4.445848954636803,1.5082872928176796,0.0,0.15423645416452675,6.0,0.0,,,,,
momentum,CNY,10,2026-01…2026-06,BUY_NOW,fast,4,50.0,39,39,0.8717948717948718,0.8188524590163935,1.0646543979877312,0.9394009394009394,1.1899078565745231,0.9487179487179487,0.9262295081967213,1.0242795552530064,5.338421330650341,0.27249908718552257,5.065922243464819,-7.423464646996826,16.5921272039602,-7.150965559811303,16.864626291145722,-7.692007150539166,19.350611518392533,14.985175440045408,4.445848954636803,1.5082872928176796,0.0,0.15423645416452675,6.0,0.0,,,,,
momentum,CNY,10,2026-01…2026-06,BUY_NOW,fast,9,0.0,39,39,0.20512820512820512,0.1959016393442623,1.047097950863641,0.5235489754318206,1.7015341701534168,0.48717948717948717,0.49508196721311476,0.9840380370181694,3.406150295515904,0.6311047904476266,2.7750455050682774,-14.25887981521777,18.127354126295813,-13.627775024770143,18.75845891674344,-10.78601494427447,19.015987668846133,10.012666154486714,4.445848954636803,1.5082872928176796,0.0,0.15423645416452675,6.0,0.0,,,,,
momentum,CNY,10,2026-01…2026-06,BUY_NOW,fast,9,10.0,39,39,0.3076923076923077,0.2983606557377049,1.0312764158918006,0.6015779092702169,1.5469146238377007,0.5641025641025641,0.5754098360655737,0.9803491854773907,3.406150295515904,0.6311047904476266,2.7750455050682774,-14.25887981521777,18.127354126295813,-13.627775024770143,18.75845891674344,-10.78601494427447,19.015987668846133,10.012666154486714,4.445848954636803,1.5082872928176796,0.0,0.15423645416452675,6.0,0.0,,,,,
momentum,CNY,10,2026-01…2026-06,BUY_NOW,fast,9,25.0,39,39,0.4358974358974359,0.44344262295081965,0.9829849755912603,0.6360491018531684,1.3299208493293522,0.717948717948718,0.7032786885245902,1.020859482397944,3.406150295515904,0.6311047904476266,2.7750455050682774,-14.25887981521777,18.127354126295813,-13.627775024770143,18.75845891674344,-10.78601494427447,19.015987668846133,10.012666154486714,4.445848954636803,1.5082872928176796,0.0,0.15423645416452675,6.0,0.0,,,,,
momentum,CNY,10,2026-01…2026-06,BUY_NOW,fast,9,50.0,39,39,0.6153846153846154,0.6327868852459017,0.9724990035870865,0.7293742526903149,1.1761159824631273,0.8974358974358975,0.860655737704918,1.0427350427350428,3.406150295515904,0.6311047904476266,2.7750455050682774,-14.25887981521777,18.127354126295813,-13.627775024770143,18.75845891674344,-10.78601494427447,19.015987668846133,10.012666154486714,4.445848954636803,1.5082872928176796,0.0,0.15423645416452675,6.0,0.0,,,,,
momentum,CNY,10,2026-01…2026-06,BUY_NOW,fast,45,0.0,39,39,0.1282051282051282,0.09508196721311475,1.348364279398762,0.2696728558797524,2.427055702917772,0.5384615384615384,0.5024590163934426,1.0716526540343831,-0.052593927572326254,3.2599271782473442,-3.3125211058196706,-46.03351632941964,37.35894973316748,-42.773589151172295,40.61887691141482,-35.38971047220788,37.25122277186161,2.24105112063915,4.445848954636803,1.5082872928176796,0.0,0.15423645416452675,6.0,0.0,,,,,
momentum,CNY,10,2026-01…2026-06,BUY_NOW,fast,45,10.0,39,39,0.1794871794871795,0.15081967213114755,1.1900780379041247,0.5100334448160535,2.040133779264214,0.5897435897435898,0.5229508196721312,1.127722851860783,-0.052593927572326254,3.2599271782473442,-3.3125211058196706,-46.03351632941964,37.35894973316748,-42.773589151172295,40.61887691141482,-35.38971047220788,37.25122277186161,2.24105112063915,4.445848954636803,1.5082872928176796,0.0,0.15423645416452675,6.0,0.0,,,,,
momentum,CNY,10,2026-01…2026-06,BUY_NOW,fast,45,25.0,39,39,0.2564102564102564,0.22131147540983606,1.1585944919278253,0.5792972459639126,1.8537511870845205,0.6153846153846154,0.5672131147540984,1.084926634059582,-0.052593927572326254,3.2599271782473442,-3.3125211058196706,-46.03351632941964,37.35894973316748,-42.773589151172295,40.61887691141482,-35.38971047220788,37.25122277186161,2.24105112063915,4.445848954636803,1.5082872928176796,0.0,0.15423645416452675,6.0,0.0,,,,,
momentum,CNY,10,2026-01…2026-06,BUY_NOW,fast,45,50.0,39,39,0.3333333333333333,0.3336065573770492,0.9991809991809991,0.538020538020538,1.4603414603414602,0.6410256410256411,0.6508196721311476,0.9849512368404056,-0.052593927572326254,3.2599271782473442,-3.3125211058196706,-46.03351632941964,37.35894973316748,-42.773589151172295,40.61887691141482,-35.38971047220788,37.25122277186161,2.24105112063915,4.445848954636803,1.5082872928176796,0.0,0.15423645416452675,6.0,0.0,,,,,
momentum,CNY,10,2026-01…2026-06,BUY_NOW,fast,180,0.0,39,39,0.05128205128205128,0.060655737704918035,0.8454608454608454,0.0,2.1136521136521136,0.5128205128205128,0.5229508196721312,0.9806285668354632,8.323080935950255,16.49890599624386,-8.175825060293604,-87.11000060875764,68.23124343910972,-70.61109461251378,84.73014943535358,-115.22254007249154,142.56425938549046,16.53945322546716,4.445848954636803,1.5082872928176796,0.0,0.15423645416452675,6.0,0.0,,,,,
momentum,CNY,10,2026-01…2026-06,BUY_NOW,fast,180,10.0,39,39,0.10256410256410256,0.09918032786885246,1.0341173977537614,0.25852934943844036,2.068234795507523,0.5384615384615384,0.5278688524590164,1.020066889632107,8.323080935950255,16.49890599624386,-8.175825060293604,-87.11000060875764,68.23124343910972,-70.61109461251378,84.73014943535358,-115.22254007249154,142.56425938549046,16.53945322546716,4.445848954636803,1.5082872928176796,0.0,0.15423645416452675,6.0,0.0,,,,,
momentum,CNY,10,2026-01…2026-06,BUY_NOW,fast,180,25.0,39,39,0.15384615384615385,0.14426229508196722,1.0664335664335665,0.35547785547785543,1.781832750582726,0.5384615384615384,0.5418032786885246,0.9938321889910391,8.323080935950255,16.49890599624386,-8.175825060293604,-87.11000060875764,68.23124343910972,-70.61109461251378,84.73014943535358,-115.22254007249154,142.56425938549046,16.53945322546716,4.445848954636803,1.5082872928176796,0.0,0.15423645416452675,6.0,0.0,0.45454545454545453,0.4721153846153846,33.0,0.9627846695056471,-4.852805397818962
momentum,CNY,10,2026-01…2026-06,BUY_NOW,fast,180,50.0,39,39,0.1794871794871795,0.2180327868852459,0.8232118758434548,0.3528050896471949,1.4112203585887797,0.5384615384615384,0.5565573770491803,0.9674861221252974,8.323080935950255,16.49890599624386,-8.175825060293604,-87.11000060875764,68.23124343910972,-70.61109461251378,84.73014943535358,-115.22254007249154,142.56425938549046,16.53945322546716,4.445848954636803,1.5082872928176796,0.0,0.15423645416452675,6.0,0.0,,,,,
level,CNY,10,2026-01…2026-06,BUY_NOW,medium,1,0.0,10,10,0.5,0.47950819672131145,1.0427350427350428,0.4170940170940171,1.6683760683760684,0.5,0.47950819672131145,1.0427350427350428,-8.97294272665572,0.13982899638565907,-9.11277172304138,-22.652743433022597,2.0441166644532767,-22.512914436636937,2.1839456608389356,-23.68890139788027,-0.7637282978512072,0.5650004974436793,-16.26090257951041,0.3867403314917127,0.0,1.900870980555249,101.0,0.5,,,,,
level,CNY,10,2026-01…2026-06,BUY_NOW,medium,1,10.0,10,10,0.7,0.6983606557377049,1.0023474178403755,0.5727699530516432,1.2887323943661972,0.7,0.6983606557377049,1.0023474178403755,-8.97294272665572,0.13982899638565907,-9.11277172304138,-22.652743433022597,2.0441166644532767,-22.512914436636937,2.1839456608389356,-23.68890139788027,-0.7637282978512072,0.5650004974436793,-16.26090257951041,0.3867403314917127,0.0,1.900870980555249,101.0,0.5,,,,,
level,CNY,10,2026-01…2026-06,BUY_NOW,medium,1,25.0,10,10,0.7,0.8754098360655738,0.799625468164794,0.45692883895131087,1.0280898876404494,0.7,0.8754098360655738,0.799625468164794,-8.97294272665572,0.13982899638565907,-9.11277172304138,-22.652743433022597,2.0441166644532767,-22.512914436636937,2.1839456608389356,-23.68890139788027,-0.7637282978512072,0.5650004974436793,-16.26090257951041,0.3867403314917127,0.0,1.900870980555249,101.0,0.5,,,,,
level,CNY,10,2026-01…2026-06,BUY_NOW,medium,1,50.0,10,10,1.0,0.9704918032786886,1.0304054054054053,1.0304054054054053,1.0304054054054053,1.0,0.9704918032786886,1.0304054054054053,-8.97294272665572,0.13982899638565907,-9.11277172304138,-22.652743433022597,2.0441166644532767,-22.512914436636937,2.1839456608389356,-23.68890139788027,-0.7637282978512072,0.5650004974436793,-16.26090257951041,0.3867403314917127,0.0,1.900870980555249,101.0,0.5,,,,,
level,CNY,10,2026-01…2026-06,BUY_NOW,medium,4,0.0,10,10,0.3,0.2762295081967213,1.086053412462908,0.0,2.172106824925816,0.3,0.4778688524590164,0.62778730703259,-12.448358062360553,0.27249908718552257,-12.720857149546076,-39.301341136043774,17.0163012386066,-39.02884204885825,17.288800325792124,-34.71607227289008,3.0310621340007273,7.195651213895205,-16.26090257951041,0.3867403314917127,0.0,1.900870980555249,101.0,0.5,,,,,
level,CNY,10,2026-01…2026-06,BUY_NOW,medium,4,10.0,10,10,0.3,0.42950819672131146,0.6984732824427481,0.0,1.3969465648854962,0.4,0.6245901639344262,0.6404199475065617,-12.448358062360553,0.27249908718552257,-12.720857149546076,-39.301341136043774,17.0163012386066,-39.02884204885825,17.288800325792124,-34.71607227289008,3.0310621340007273,7.195651213895205,-16.26090257951041,0.3867403314917127,0.0,1.900870980555249,101.0,0.5,,,,,
level,CNY,10,2026-01…2026-06,BUY_NOW,medium,4,25.0,10,10,0.5,0.6172131147540983,0.8100929614873839,0.32403718459495356,1.2961487383798143,0.6,0.7934426229508197,0.7561983471074379,-12.448358062360553,0.27249908718552257,-12.720857149546076,-39.301341136043774,17.0163012386066,-39.02884204885825,17.288800325792124,-34.71607227289008,3.0310621340007273,7.195651213895205,-16.26090257951041,0.3867403314917127,0.0,1.900870980555249,101.0,0.5,,,,,
level,CNY,10,2026-01…2026-06,BUY_NOW,medium,4,50.0,10,10,0.7,0.8188524590163935,0.8548548548548548,0.48848848848848847,1.2212212212212212,0.7,0.9262295081967213,0.7557522123893805,-12.448358062360553,0.27249908718552257,-12.720857149546076,-39.301341136043774,17.0163012386066,-39.02884204885825,17.288800325792124,-34.71607227289008,3.0310621340007273,7.195651213895205,-16.26090257951041,0.3867403314917127,0.0,1.900870980555249,101.0,0.5,,,,,
level,CNY,10,2026-01…2026-06,BUY_NOW,medium,9,0.0,10,10,0.3,0.1959016393442623,1.5313807531380752,0.0,3.0627615062761504,0.3,0.49508196721311476,0.6059602649006622,-15.279277537872726,0.6311047904476266,-15.910382328320352,-50.96766692457828,17.978627213390904,-50.33656213413065,18.60973200383853,-22.909980262180902,3.9239821879238903,12.043889061465586,-16.26090257951041,0.3867403314917127,0.0,1.900870980555249,101.0,0.5,,,,,
level,CNY,10,2026-01…2026-06,BUY_NOW,medium,9,10.0,10,10,0.3,0.2983606557377049,1.0054945054945055,0.0,2.010989010989011,0.4,0.5754098360655737,0.6951566951566952,-15.279277537872726,0.6311047904476266,-15.910382328320352,-50.96766692457828,17.978627213390904,-50.33656213413065,18.60973200383853,-22.909980262180902,3.9239821879238903,12.043889061465586,-16.26090257951041,0.3867403314917127,0.0,1.900870980555249,101.0,0.5,,,,,
level,CNY,10,2026-01…2026-06,BUY_NOW,medium,9,25.0,10,10,0.3,0.44344262295081965,0.6765249537892791,0.0,1.3530499075785583,0.6,0.7032786885245902,0.8531468531468531,-15.279277537872726,0.6311047904476266,-15.910382328320352,-50.96766692457828,17.978627213390904,-50.33656213413065,18.60973200383853,-22.909980262180902,3.9239821879238903,12.043889061465586,-16.26090257951041,0.3867403314917127,0.0,1.900870980555249,101.0,0.5,,,,,
level,CNY,10,2026-01…2026-06,BUY_NOW,medium,9,50.0,10,10,0.5,0.6327868852459017,0.7901554404145078,0.3160621761658031,1.2642487046632125,0.8,0.860655737704918,0.9295238095238096,-15.279277537872726,0.6311047904476266,-15.910382328320352,-50.96766692457828,17.978627213390904,-50.33656213413065,18.60973200383853,-22.909980262180902,3.9239821879238903,12.043889061465586,-16.26090257951041,0.3867403314917127,0.0,1.900870980555249,101.0,0.5,,,,,
level,CNY,10,2026-01…2026-06,BUY_NOW,medium,45,0.0,10,10,0.3,0.09508196721311475,3.155172413793103,0.0,6.310344827586206,0.5,0.5024590163934426,0.9951060358890702,14.811335222954636,3.2599271782473442,11.55140804470729,-69.71630160276129,91.39017645149302,-66.45637442451395,94.65010362974036,-21.456696802150493,89.12321929236633,54.90875534780471,-16.26090257951041,0.3867403314917127,0.0,1.900870980555249,101.0,0.5,,,,,
level,CNY,10,2026-01…2026-06,BUY_NOW,medium,45,10.0,10,10,0.3,0.15081967213114755,1.9891304347826084,0.0,3.978260869565217,0.5,0.5229508196721312,0.9561128526645767,14.811335222954636,3.2599271782473442,11.55140804470729,-69.71630160276129,91.39017645149302,-66.45637442451395,94.65010362974036,-21.456696802150493,89.12321929236633,54.90875534780471,-16.26090257951041,0.3867403314917127,0.0,1.900870980555249,101.0,0.5,,,,,
level,CNY,10,2026-01…2026-06,BUY_NOW,medium,45,25.0,10,10,0.3,0.22131147540983606,1.3555555555555556,0.0,2.7111111111111112,0.5,0.5672131147540984,0.8815028901734103,14.811335222954636,3.2599271782473442,11.55140804470729,-69.71630160276129,91.39017645149302,-66.45637442451395,94.65010362974036,-21.456696802150493,89.12321929236633,54.90875534780471,-16.26090257951041,0.3867403314917127,0.0,1.900870980555249,101.0,0.5,,,,,
level,CNY,10,2026-01…2026-06,BUY_NOW,medium,45,50.0,10,10,0.4,0.3336065573770492,1.199017199017199,0.29975429975429974,2.098280098280098,0.6,0.6508196721311476,0.9219143576826196,14.811335222954636,3.2599271782473442,11.55140804470729,-69.71630160276129,91.39017645149302,-66.45637442451395,94.65010362974036,-21.456696802150493,89.12321929236633,54.90875534780471,-16.26090257951041,0.3867403314917127,0.0,1.900870980555249,101.0,0.5,,,,,
level,CNY,10,2026-01…2026-06,BUY_NOW,medium,180,0.0,10,10,0.3,0.060655737704918035,4.945945945945946,0.0,9.891891891891891,0.7,0.5229508196721312,1.3385579937304073,140.41887490793837,16.49890599624386,123.91996891169451,-10.687603591280645,249.82738323147336,5.8113024049632145,266.3262892277172,35.64911836087852,412.7382698906445,166.13023337433765,-16.26090257951041,0.3867403314917127,0.0,1.900870980555249,101.0,0.5,,,,,
level,CNY,10,2026-01…2026-06,BUY_NOW,medium,180,10.0,10,10,0.3,0.09918032786885246,3.0247933884297518,0.0,6.0495867768595035,0.7,0.5278688524590164,1.326086956521739,140.41887490793837,16.49890599624386,123.91996891169451,-10.687603591280645,249.82738323147336,5.8113024049632145,266.3262892277172,35.64911836087852,412.7382698906445,166.13023337433765,-16.26090257951041,0.3867403314917127,0.0,1.900870980555249,101.0,0.5,,,,,
level,CNY,10,2026-01…2026-06,BUY_NOW,medium,180,25.0,10,10,0.3,0.14426229508196722,2.079545454545454,0.0,4.159090909090908,0.8,0.5418032786885246,1.4765506807866868,140.41887490793837,16.49890599624386,123.91996891169451,-10.687603591280645,249.82738323147336,5.8113024049632145,266.3262892277172,35.64911836087852,412.7382698906445,166.13023337433765,-16.26090257951041,0.3867403314917127,0.0,1.900870980555249,101.0,0.5,0.75,0.4721153846153846,8.0,1.5885947046843178,102.85638023214145
level,CNY,10,2026-01…2026-06,BUY_NOW,medium,180,50.0,10,10,0.3,0.2180327868852459,1.37593984962406,0.0,2.75187969924812,0.8,0.5565573770491803,1.4374079528718706,140.41887490793837,16.49890599624386,123.91996891169451,-10.687603591280645,249.82738323147336,5.8113024049632145,266.3262892277172,35.64911836087852,412.7382698906445,166.13023337433765,-16.26090257951041,0.3867403314917127,0.0,1.900870980555249,101.0,0.5,,,,,
reversal,CNY,10,2026-01…2026-06,WINDOW_CLOSING,slow,1,0.0,13,13,0.38461538461538464,0.47950819672131145,0.802103879026956,0.3208415516107824,1.2833662064431297,0.38461538461538464,0.47950819672131145,0.802103879026956,2.376965559220615,0.13982899638565907,2.237136562834956,-11.759688130051204,17.330726587843472,-11.619859133665544,17.470555584229132,-6.66050497974561,21.56458611491802,-6.13255168763538,-14.141505138802488,0.5027624309392265,0.0,0.2439036407350166,106.0,0.5,,,,,
reversal,CNY,10,2026-01…2026-06,WINDOW_CLOSING,slow,1,10.0,13,13,0.38461538461538464,0.47950819672131145,0.802103879026956,0.3208415516107824,1.2833662064431297,0.38461538461538464,0.47950819672131145,0.802103879026956,2.376965559220615,0.13982899638565907,2.237136562834956,-11.759688130051204,17.330726587843472,-11.619859133665544,17.470555584229132,-6.66050497974561,21.56458611491802,-6.13255168763538,-14.141505138802488,0.5027624309392265,0.0,0.2439036407350166,106.0,0.5,,,,,
reversal,CNY,10,2026-01…2026-06,WINDOW_CLOSING,slow,1,25.0,13,13,0.38461538461538464,0.47950819672131145,0.802103879026956,0.3208415516107824,1.2833662064431297,0.38461538461538464,0.47950819672131145,0.802103879026956,2.376965559220615,0.13982899638565907,2.237136562834956,-11.759688130051204,17.330726587843472,-11.619859133665544,17.470555584229132,-6.66050497974561,21.56458611491802,-6.13255168763538,-14.141505138802488,0.5027624309392265,0.0,0.2439036407350166,106.0,0.5,,,,,
reversal,CNY,10,2026-01…2026-06,WINDOW_CLOSING,slow,1,50.0,13,13,0.38461538461538464,0.47950819672131145,0.802103879026956,0.3208415516107824,1.2833662064431297,0.38461538461538464,0.47950819672131145,0.802103879026956,2.376965559220615,0.13982899638565907,2.237136562834956,-11.759688130051204,17.330726587843472,-11.619859133665544,17.470555584229132,-6.66050497974561,21.56458611491802,-6.13255168763538,-14.141505138802488,0.5027624309392265,0.0,0.2439036407350166,106.0,0.5,,,,,
reversal,CNY,10,2026-01…2026-06,WINDOW_CLOSING,slow,4,0.0,13,13,0.3076923076923077,0.4786885245901639,0.642781875658588,0.160695468914647,1.124868282402529,0.3076923076923077,0.4786885245901639,0.642781875658588,0.3541201599462819,0.27249908718552257,0.0816210727607593,-19.551846712320998,21.07900876460392,-19.279347625135475,21.351507851789442,-9.224284194353505,19.997117058465903,-9.458636692336853,-14.141505138802488,0.5027624309392265,0.0,0.2439036407350166,106.0,0.5,,,,,
reversal,CNY,10,2026-01…2026-06,WINDOW_CLOSING,slow,4,10.0,13,13,0.3076923076923077,0.4786885245901639,0.642781875658588,0.160695468914647,1.124868282402529,0.3076923076923077,0.4786885245901639,0.642781875658588,0.3541201599462819,0.27249908718552257,0.0816210727607593,-19.551846712320998,21.07900876460392,-19.279347625135475,21.351507851789442,-9.224284194353505,19.997117058465903,-9.458636692336853,-14.141505138802488,0.5027624309392265,0.0,0.2439036407350166,106.0,0.5,,,,,
reversal,CNY,10,2026-01…2026-06,WINDOW_CLOSING,slow,4,25.0,13,13,0.3076923076923077,0.4786885245901639,0.642781875658588,0.160695468914647,1.124868282402529,0.3076923076923077,0.4786885245901639,0.642781875658588,0.3541201599462819,0.27249908718552257,0.0816210727607593,-19.551846712320998,21.07900876460392,-19.279347625135475,21.351507851789442,-9.224284194353505,19.997117058465903,-9.458636692336853,-14.141505138802488,0.5027624309392265,0.0,0.2439036407350166,106.0,0.5,,,,,
reversal,CNY,10,2026-01…2026-06,WINDOW_CLOSING,slow,4,50.0,13,13,0.3076923076923077,0.4786885245901639,0.642781875658588,0.160695468914647,1.124868282402529,0.3076923076923077,0.4786885245901639,0.642781875658588,0.3541201599462819,0.27249908718552257,0.0816210727607593,-19.551846712320998,21.07900876460392,-19.279347625135475,21.351507851789442,-9.224284194353505,19.997117058465903,-9.458636692336853,-14.141505138802488,0.5027624309392265,0.0,0.2439036407350166,106.0,0.5,,,,,
reversal,CNY,10,2026-01…2026-06,WINDOW_CLOSING,slow,9,0.0,13,13,0.3076923076923077,0.49918032786885247,0.6163950991537198,0.15409877478842995,1.0786914235190097,0.3076923076923077,0.49918032786885247,0.6163950991537198,-8.123439826905374,0.6311047904476266,-8.754544617353,-38.05051331918815,18.347669912040683,-37.41940852874052,18.97877470248831,-21.51168861714144,10.770067580533336,-14.362419937100633,-14.141505138802488,0.5027624309392265,0.0,0.2439036407350166,106.0,0.5,,,,,
reversal,CNY,10,2026-01…2026-06,WINDOW_CLOSING,slow,9,10.0,13,13,0.3076923076923077,0.49918032786885247,0.6163950991537198,0.15409877478842995,1.0786914235190097,0.3076923076923077,0.49918032786885247,0.6163950991537198,-8.123439826905374,0.6311047904476266,-8.754544617353,-38.05051331918815,18.347669912040683,-37.41940852874052,18.97877470248831,-21.51168861714144,10.770067580533336,-14.362419937100633,-14.141505138802488,0.5027624309392265,0.0,0.2439036407350166,106.0,0.5,,,,,
reversal,CNY,10,2026-01…2026-06,WINDOW_CLOSING,slow,9,25.0,13,13,0.3076923076923077,0.49918032786885247,0.6163950991537198,0.15409877478842995,1.0786914235190097,0.3076923076923077,0.49918032786885247,0.6163950991537198,-8.123439826905374,0.6311047904476266,-8.754544617353,-38.05051331918815,18.347669912040683,-37.41940852874052,18.97877470248831,-21.51168861714144,10.770067580533336,-14.362419937100633,-14.141505138802488,0.5027624309392265,0.0,0.2439036407350166,106.0,0.5,,,,,
reversal,CNY,10,2026-01…2026-06,WINDOW_CLOSING,slow,9,50.0,13,13,0.3076923076923077,0.49918032786885247,0.6163950991537198,0.15409877478842995,1.0786914235190097,0.3076923076923077,0.49918032786885247,0.6163950991537198,-8.123439826905374,0.6311047904476266,-8.754544617353,-38.05051331918815,18.347669912040683,-37.41940852874052,18.97877470248831,-21.51168861714144,10.770067580533336,-14.362419937100633,-14.141505138802488,0.5027624309392265,0.0,0.2439036407350166,106.0,0.5,,,,,
reversal,CNY,10,2026-01…2026-06,WINDOW_CLOSING,slow,45,0.0,13,13,0.3076923076923077,0.47704918032786886,0.6449907480835316,0.1612476870208829,1.1287338091461803,0.3076923076923077,0.47704918032786886,0.6449907480835316,-9.847014607595657,3.2599271782473442,-13.106941785843002,-70.6153001870078,47.301157605593254,-67.35537300876047,50.5610847838406,-31.44063087377155,30.22786524360249,-2.563510905960998,-14.141505138802488,0.5027624309392265,0.0,0.2439036407350166,106.0,0.5,,,,,
reversal,CNY,10,2026-01…2026-06,WINDOW_CLOSING,slow,45,10.0,13,13,0.3076923076923077,0.47704918032786886,0.6449907480835316,0.1612476870208829,1.1287338091461803,0.3076923076923077,0.47704918032786886,0.6449907480835316,-9.847014607595657,3.2599271782473442,-13.106941785843002,-70.6153001870078,47.301157605593254,-67.35537300876047,50.5610847838406,-31.44063087377155,30.22786524360249,-2.563510905960998,-14.141505138802488,0.5027624309392265,0.0,0.2439036407350166,106.0,0.5,,,,,
reversal,CNY,10,2026-01…2026-06,WINDOW_CLOSING,slow,45,25.0,13,13,0.3076923076923077,0.47704918032786886,0.6449907480835316,0.1612476870208829,1.1287338091461803,0.3076923076923077,0.47704918032786886,0.6449907480835316,-9.847014607595657,3.2599271782473442,-13.106941785843002,-70.6153001870078,47.301157605593254,-67.35537300876047,50.5610847838406,-31.44063087377155,30.22786524360249,-2.563510905960998,-14.141505138802488,0.5027624309392265,0.0,0.2439036407350166,106.0,0.5,,,,,
reversal,CNY,10,2026-01…2026-06,WINDOW_CLOSING,slow,45,50.0,13,13,0.3076923076923077,0.47704918032786886,0.6449907480835316,0.1612476870208829,1.1287338091461803,0.3076923076923077,0.47704918032786886,0.6449907480835316,-9.847014607595657,3.2599271782473442,-13.106941785843002,-70.6153001870078,47.301157605593254,-67.35537300876047,50.5610847838406,-31.44063087377155,30.22786524360249,-2.563510905960998,-14.141505138802488,0.5027624309392265,0.0,0.2439036407350166,106.0,0.5,,,,,
reversal,CNY,10,2026-01…2026-06,WINDOW_CLOSING,slow,180,0.0,13,13,0.5384615384615384,0.5377049180327869,1.00140712945591,0.5722326454033771,1.4305816135084428,0.5384615384615384,0.5377049180327869,1.00140712945591,15.024352449469072,16.49890599624386,-1.4745535467747874,-126.28135277964047,126.47325938817984,-109.78244678339661,142.9721653844237,-144.0350542634102,240.62728976960713,68.85742525413535,-14.141505138802488,0.5027624309392265,0.0,0.2439036407350166,106.0,0.5,,,,,
reversal,CNY,10,2026-01…2026-06,WINDOW_CLOSING,slow,180,10.0,13,13,0.5384615384615384,0.5377049180327869,1.00140712945591,0.5722326454033771,1.4305816135084428,0.5384615384615384,0.5377049180327869,1.00140712945591,15.024352449469072,16.49890599624386,-1.4745535467747874,-126.28135277964047,126.47325938817984,-109.78244678339661,142.9721653844237,-144.0350542634102,240.62728976960713,68.85742525413535,-14.141505138802488,0.5027624309392265,0.0,0.2439036407350166,106.0,0.5,,,,,
reversal,CNY,10,2026-01…2026-06,WINDOW_CLOSING,slow,180,25.0,13,13,0.5384615384615384,0.5377049180327869,1.00140712945591,0.5722326454033771,1.4305816135084428,0.5384615384615384,0.5377049180327869,1.00140712945591,15.024352449469072,16.49890599624386,-1.4745535467747874,-126.28135277964047,126.47325938817984,-109.78244678339661,142.9721653844237,-144.0350542634102,240.62728976960713,68.85742525413535,-14.141505138802488,0.5027624309392265,0.0,0.2439036407350166,106.0,0.5,0.4,0.45865384615384613,10.0,0.8721174004192873,-21.57061423363141
reversal,CNY,10,2026-01…2026-06,WINDOW_CLOSING,slow,180,50.0,13,13,0.5384615384615384,0.5377049180327869,1.00140712945591,0.5722326454033771,1.4305816135084428,0.5384615384615384,0.5377049180327869,1.00140712945591,15.024352449469072,16.49890599624386,-1.4745535467747874,-126.28135277964047,126.47325938817984,-109.78244678339661,142.9721653844237,-144.0350542634102,240.62728976960713,68.85742525413535,-14.141505138802488,0.5027624309392265,0.0,0.2439036407350166,106.0,0.5,,,,,
dip_vs_trend,CNY,10,2026-01…2026-06,BUY_NOW,medium,1,0.0,8,8,0.5,0.47950819672131145,1.0427350427350428,0.2606837606837607,1.824786324786325,0.5,0.47950819672131145,1.0427350427350428,3.92277293202084,0.13982899638565907,3.7829439356351813,-9.529981347928652,16.193184865796407,-9.390152351542993,16.333013862182067,-8.06650067771919,12.679941287478682,6.769989727032632,-19.97092660479274,0.30939226519337015,0.0,1.1350263162761243,63.0,0.5,,,,,
dip_vs_trend,CNY,10,2026-01…2026-06,BUY_NOW,medium,1,10.0,8,8,0.75,0.6983606557377049,1.073943661971831,0.715962441314554,1.431924882629108,0.75,0.6983606557377049,1.073943661971831,3.92277293202084,0.13982899638565907,3.7829439356351813,-9.529981347928652,16.193184865796407,-9.390152351542993,16.333013862182067,-8.06650067771919,12.679941287478682,6.769989727032632,-19.97092660479274,0.30939226519337015,0.0,1.1350263162761243,63.0,0.5,,,,,
dip_vs_trend,CNY,10,2026-01…2026-06,BUY_NOW,medium,1,25.0,8,8,0.875,0.8754098360655738,0.9995318352059925,0.7139513108614233,1.142322097378277,0.875,0.8754098360655738,0.9995318352059925,3.92277293202084,0.13982899638565907,3.7829439356351813,-9.529981347928652,16.193184865796407,-9.390152351542993,16.333013862182067,-8.06650067771919,12.679941287478682,6.769989727032632,-19.97092660479274,0.30939226519337015,0.0,1.1350263162761243,63.0,0.5,,,,,
dip_vs_trend,CNY,10,2026-01…2026-06,BUY_NOW,medium,1,50.0,8,8,1.0,0.9704918032786886,1.0304054054054053,1.0304054054054053,1.0304054054054053,1.0,0.9704918032786886,1.0304054054054053,3.92277293202084,0.13982899638565907,3.7829439356351813,-9.529981347928652,16.193184865796407,-9.390152351542993,16.333013862182067,-8.06650067771919,12.679941287478682,6.769989727032632,-19.97092660479274,0.30939226519337015,0.0,1.1350263162761243,63.0,0.5,,,,,
dip_vs_trend,CNY,10,2026-01…2026-06,BUY_NOW,medium,4,0.0,8,8,0.375,0.2762295081967213,1.357566765578635,0.4525222551928783,2.2626112759643915,0.5,0.4778688524590164,1.0463121783876501,-8.958000387583734,0.27249908718552257,-9.230499474769257,-40.90177531033471,19.751414528338003,-40.62927622314919,20.023913615523526,-54.30469182751197,7.176392852102641,6.704488149944371,-19.97092660479274,0.30939226519337015,0.0,1.1350263162761243,63.0,0.5,,,,,
dip_vs_trend,CNY,10,2026-01…2026-06,BUY_NOW,medium,4,10.0,8,8,0.5,0.42950819672131146,1.1641221374045803,0.29103053435114506,2.0372137404580153,0.5,0.6245901639344262,0.800524934383202,-8.958000387583734,0.27249908718552257,-9.230499474769257,-40.90177531033471,19.751414528338003,-40.62927622314919,20.023913615523526,-54.30469182751197,7.176392852102641,6.704488149944371,-19.97092660479274,0.30939226519337015,0.0,1.1350263162761243,63.0,0.5,,,,,
dip_vs_trend,CNY,10,2026-01…2026-06,BUY_NOW,medium,4,25.0,8,8,0.5,0.6172131147540983,0.8100929614873839,0.20252324037184596,1.4176626826029217,0.5,0.7934426229508197,0.6301652892561983,-8.958000387583734,0.27249908718552257,-9.230499474769257,-40.90177531033471,19.751414528338003,-40.62927622314919,20.023913615523526,-54.30469182751197,7.176392852102641,6.704488149944371,-19.97092660479274,0.30939226519337015,0.0,1.1350263162761243,63.0,0.5,,,,,
dip_vs_trend,CNY,10,2026-01…2026-06,BUY_NOW,medium,4,50.0,8,8,0.625,0.8188524590163935,0.7632632632632632,0.3053053053053053,1.0685685685685686,0.75,0.9262295081967213,0.8097345132743362,-8.958000387583734,0.27249908718552257,-9.230499474769257,-40.90177531033471,19.751414528338003,-40.62927622314919,20.023913615523526,-54.30469182751197,7.176392852102641,6.704488149944371,-19.97092660479274,0.30939226519337015,0.0,1.1350263162761243,63.0,0.5,,,,,
dip_vs_trend,CNY,10,2026-01…2026-06,BUY_NOW,medium,9,0.0,8,8,0.125,0.1959016393442623,0.6380753138075314,0.0,1.9142259414225942,0.5,0.49508196721311476,1.009933774834437,-13.95031759569884,0.6311047904476266,-14.581422386146466,-50.4286650927033,20.795865278962545,-49.79756030225567,21.42697006941017,-65.53947505567758,8.4707049517313,9.347959997770273,-19.97092660479274,0.30939226519337015,0.0,1.1350263162761243,63.0,0.5,,,,,
dip_vs_trend,CNY,10,2026-01…2026-06,BUY_NOW,medium,9,10.0,8,8,0.375,0.2983606557377049,1.2568681318681318,0.41895604395604397,2.5137362637362637,0.5,0.5754098360655737,0.868945868945869,-13.95031759569884,0.6311047904476266,-14.581422386146466,-50.4286650927033,20.795865278962545,-49.79756030225567,21.42697006941017,-65.53947505567758,8.4707049517313,9.347959997770273,-19.97092660479274,0.30939226519337015,0.0,1.1350263162761243,63.0,0.5,,,,,
dip_vs_trend,CNY,10,2026-01…2026-06,BUY_NOW,medium,9,25.0,8,8,0.5,0.44344262295081965,1.1275415896487986,0.28188539741219965,1.9731977818853974,0.5,0.7032786885245902,0.710955710955711,-13.95031759569884,0.6311047904476266,-14.581422386146466,-50.4286650927033,20.795865278962545,-49.79756030225567,21.42697006941017,-65.53947505567758,8.4707049517313,9.347959997770273,-19.97092660479274,0.30939226519337015,0.0,1.1350263162761243,63.0,0.5,,,,,
dip_vs_trend,CNY,10,2026-01…2026-06,BUY_NOW,medium,9,50.0,8,8,0.5,0.6327868852459017,0.7901554404145078,0.19753886010362695,1.3827720207253886,0.75,0.860655737704918,0.8714285714285714,-13.95031759569884,0.6311047904476266,-14.581422386146466,-50.4286650927033,20.795865278962545,-49.79756030225567,21.42697006941017,-65.53947505567758,8.4707049517313,9.347959997770273,-19.97092660479274,0.30939226519337015,0.0,1.1350263162761243,63.0,0.5,,,,,
dip_vs_trend,CNY,10,2026-01…2026-06,BUY_NOW,medium,45,0.0,8,8,0.0,0.09508196721311475,0.0,0.0,0.0,0.375,0.5024590163934426,0.7463295269168027,-47.635146124428985,3.2599271782473442,-50.89507330267633,-123.70898741953762,18.211604004085036,-120.44906024129028,21.47153118233238,-74.55175852756847,29.744868425833904,22.003448348959786,-19.97092660479274,0.30939226519337015,0.0,1.1350263162761243,63.0,0.5,,,,,
dip_vs_trend,CNY,10,2026-01…2026-06,BUY_NOW,medium,45,10.0,8,8,0.0,0.15081967213114755,0.0,0.0,0.0,0.5,0.5229508196721312,0.9561128526645767,-47.635146124428985,3.2599271782473442,-50.89507330267633,-123.70898741953762,18.211604004085036,-120.44906024129028,21.47153118233238,-74.55175852756847,29.744868425833904,22.003448348959786,-19.97092660479274,0.30939226519337015,0.0,1.1350263162761243,63.0,0.5,,,,,
dip_vs_trend,CNY,10,2026-01…2026-06,BUY_NOW,medium,45,25.0,8,8,0.0,0.22131147540983606,0.0,0.0,0.0,0.5,0.5672131147540984,0.8815028901734103,-47.635146124428985,3.2599271782473442,-50.89507330267633,-123.70898741953762,18.211604004085036,-120.44906024129028,21.47153118233238,-74.55175852756847,29.744868425833904,22.003448348959786,-19.97092660479274,0.30939226519337015,0.0,1.1350263162761243,63.0,0.5,,,,,
dip_vs_trend,CNY,10,2026-01…2026-06,BUY_NOW,medium,45,50.0,8,8,0.25,0.3336065573770492,0.7493857493857493,0.0,1.8734643734643734,0.625,0.6508196721311476,0.9603274559193955,-47.635146124428985,3.2599271782473442,-50.89507330267633,-123.70898741953762,18.211604004085036,-120.44906024129028,21.47153118233238,-74.55175852756847,29.744868425833904,22.003448348959786,-19.97092660479274,0.30939226519337015,0.0,1.1350263162761243,63.0,0.5,,,,,
dip_vs_trend,CNY,10,2026-01…2026-06,BUY_NOW,medium,180,0.0,8,8,0.0,0.060655737704918035,0.0,0.0,0.0,0.375,0.5229508196721312,0.7170846394984325,-55.84854182407923,16.49890599624386,-72.34744782032308,-213.14247814009596,59.10185748646094,-196.6435721438521,75.6007634827048,-203.37028832110278,124.07012541654439,116.63151874594004,-19.97092660479274,0.30939226519337015,0.0,1.1350263162761243,63.0,0.5,,,,,
dip_vs_trend,CNY,10,2026-01…2026-06,BUY_NOW,medium,180,10.0,8,8,0.0,0.09918032786885246,0.0,0.0,0.0,0.375,0.5278688524590164,0.7104037267080745,-55.84854182407923,16.49890599624386,-72.34744782032308,-213.14247814009596,59.10185748646094,-196.6435721438521,75.6007634827048,-203.37028832110278,124.07012541654439,116.63151874594004,-19.97092660479274,0.30939226519337015,0.0,1.1350263162761243,63.0,0.5,,,,,
dip_vs_trend,CNY,10,2026-01…2026-06,BUY_NOW,medium,180,25.0,8,8,0.0,0.14426229508196722,0.0,0.0,0.0,0.375,0.5418032786885246,0.6921331316187594,-55.84854182407923,16.49890599624386,-72.34744782032308,-213.14247814009596,59.10185748646094,-196.6435721438521,75.6007634827048,-203.37028832110278,124.07012541654439,116.63151874594004,-19.97092660479274,0.30939226519337015,0.0,1.1350263162761243,63.0,0.5,0.375,0.4721153846153846,8.0,0.7942973523421589,-25.331187754199604
dip_vs_trend,CNY,10,2026-01…2026-06,BUY_NOW,medium,180,50.0,8,8,0.125,0.2180327868852459,0.5733082706766917,0.0,1.7199248120300752,0.5,0.5565573770491803,0.898379970544919,-55.84854182407923,16.49890599624386,-72.34744782032308,-213.14247814009596,59.10185748646094,-196.6435721438521,75.6007634827048,-203.37028832110278,124.07012541654439,116.63151874594004,-19.97092660479274,0.30939226519337015,0.0,1.1350263162761243,63.0,0.5,,,,,
