date,corridor,indicator,indicator_label,scenario,direction,strength,speed,split,rate,params,facts
2022-12-01 10:00:00,KZT,momentum,"momentum(n=2,rearm=27)",BUY_NOW,down,0.5,fast,0,0.130275,"{""n"": 2, ""rearm"": 27, ""_feasible"": true, ""_n_feasible"": 3, ""_score"": 1.3238}","{""streak"": 2.0, ""drop_pct"": -0.09585889570551398}"
2022-12-06 10:00:00,KZT,momentum,"momentum(n=2,rearm=27)",BUY_NOW,down,0.5,fast,0,0.1336999999999999,"{""n"": 2, ""rearm"": 27, ""_feasible"": true, ""_n_feasible"": 3, ""_score"": 1.3238}","{""streak"": 2.0, ""drop_pct"": -0.07473841554566096}"
2022-12-08 12:00:00,KZT,momentum,"momentum(n=2,rearm=27)",BUY_NOW,down,0.5,fast,0,0.1329,"{""n"": 2, ""rearm"": 27, ""_feasible"": true, ""_n_feasible"": 3, ""_score"": 1.3238}","{""streak"": 2.0, ""drop_pct"": -0.18775816748028973}"
2022-12-08 14:00:00,KZT,reversal,"reversal(max_days_since_min=180,rearm=27,rise_bps=20,window=540)",WINDOW_CLOSING,up,1.0,slow,0,0.1329,"{""window"": 540, ""rise_bps"": 20, ""max_days_since_min"": 180, ""rearm"": 27, ""_feasible"": true, ""_n_feasible"": 4, ""_score"": 0.9082}","{""rise_pct"": 2.625482625482612, ""min_rate"": 0.1295, ""days_since_min"": 128.0, ""window"": 540.0}"
2022-12-12 13:00:00,KZT,momentum,"momentum(n=2,rearm=27)",BUY_NOW,down,0.5,fast,0,0.133525,"{""n"": 2, ""rearm"": 27, ""_feasible"": true, ""_n_feasible"": 3, ""_score"": 1.3238}","{""streak"": 2.0, ""drop_pct"": -0.20553064275037336}"
2022-12-12 15:00:00,KZT,reversal,"reversal(max_days_since_min=180,rearm=27,rise_bps=20,window=540)",WINDOW_CLOSING,up,1.0,slow,0,0.13435,"{""window"": 540, ""rise_bps"": 20, ""max_days_since_min"": 180, ""rearm"": 27, ""_feasible"": true, ""_n_feasible"": 4, ""_score"": 0.9082}","{""rise_pct"": 3.7451737451737355, ""min_rate"": 0.1295, ""days_since_min"": 155.0, ""window"": 540.0}"
2022-12-15 10:00:00,KZT,momentum,"momentum(n=2,rearm=27)",BUY_NOW,down,0.5,fast,0,0.1375,"{""n"": 2, ""rearm"": 27, ""_feasible"": true, ""_n_feasible"": 3, ""_score"": 1.3238}","{""streak"": 2.0, ""drop_pct"": -0.5065123010130068}"
2022-12-19 18:00:00,KZT,momentum,"momentum(n=2,rearm=27)",BUY_NOW,down,0.5,fast,0,0.14415,"{""n"": 2, ""rearm"": 27, ""_feasible"": true, ""_n_feasible"": 3, ""_score"": 1.3238}","{""streak"": 2.0, ""drop_pct"": -0.586206896551722}"
2022-12-22 16:00:00,KZT,momentum,"momentum(n=2,rearm=27)",BUY_NOW,down,0.5,fast,0,0.15505,"{""n"": 2, ""rearm"": 27, ""_feasible"": true, ""_n_feasible"": 3, ""_score"": 1.3238}","{""streak"": 2.0, ""drop_pct"": -0.7362355953905331}"
2022-12-27 08:00:00,KZT,momentum,"momentum(n=2,rearm=27)",BUY_NOW,down,0.5,fast,0,0.150675,"{""n"": 2, ""rearm"": 27, ""_feasible"": true, ""_n_feasible"": 3, ""_score"": 1.3238}","{""streak"": 2.0, ""drop_pct"": -0.1987083954297031}"
2022-12-29 13:00:00,KZT,momentum,"momentum(n=2,rearm=27)",BUY_NOW,down,0.5,fast,0,0.156075,"{""n"": 2, ""rearm"": 27, ""_feasible"": true, ""_n_feasible"": 3, ""_score"": 1.3238}","{""streak"": 2.0, ""drop_pct"": -1.6695542605134728}"
2023-01-05 10:00:00,KZT,momentum,"momentum(n=2,rearm=27)",BUY_NOW,down,0.5,fast,0,0.1595,"{""n"": 2, ""rearm"": 27, ""_feasible"": true, ""_n_feasible"": 3, ""_score"": 1.3238}","{""streak"": 2.0, ""drop_pct"": -0.7776049766718529}"
2023-01-09 13:00:00,KZT,momentum,"momentum(n=2,rearm=27)",BUY_NOW,down,0.5,fast,0,0.152925,"{""n"": 2, ""rearm"": 27, ""_feasible"": true, ""_n_feasible"": 3, ""_score"": 1.3238}","{""streak"": 2.0, ""drop_pct"": -2.67303102625297}"
2023-01-09 18:00:00,KZT,dip_vs_trend,"dip_vs_trend(pct=0.1,rearm=27,span=180,window=1080)",BUY_NOW,down,0.03703703703703709,medium,0,0.151825,"{""span"": 180, ""window"": 1080, ""pct"": 0.1, ""rearm"": 27, ""_feasible"": false, ""_n_feasible"": 0, ""_score"": 1.1092}","{""dev_pct"": -1.5621074357466735, ""pct_rank"": 0.0962962962962963, ""window"": 1080.0, ""span"": 180.0}"
2023-01-11 14:00:00,KZT,momentum,"momentum(n=2,rearm=27)",BUY_NOW,down,1.0,fast,0,0.149075,"{""n"": 2, ""rearm"": 27, ""_feasible"": true, ""_n_feasible"": 3, ""_score"": 1.3238}","{""streak"": 6.0, ""drop_pct"": -2.0371283062263768}"
2023-01-11 19:00:00,KZT,dip_vs_trend,"dip_vs_trend(pct=0.1,rearm=27,span=180,window=1080)",BUY_NOW,down,0.7592592592592593,medium,0,0.149075,"{""span"": 180, ""window"": 1080, ""pct"": 0.1, ""rearm"": 27, ""_feasible"": false, ""_n_feasible"": 0, ""_score"": 1.1092}","{""dev_pct"": -3.731142483003569, ""pct_rank"": 0.024074074074074074, ""window"": 1080.0, ""span"": 180.0}"
2023-01-16 07:00:00,KZT,dip_vs_trend,"dip_vs_trend(pct=0.1,rearm=27,span=180,window=1080)",BUY_NOW,down,0.3055555555555556,medium,0,0.1494,"{""span"": 180, ""window"": 1080, ""pct"": 0.1, ""rearm"": 27, ""_feasible"": false, ""_n_feasible"": 0, ""_score"": 1.1092}","{""dev_pct"": -2.9992605551247054, ""pct_rank"": 0.06944444444444445, ""window"": 1080.0, ""span"": 180.0}"
2023-01-16 09:00:00,KZT,momentum,"momentum(n=2,rearm=27)",BUY_NOW,down,0.5,fast,0,0.149075,"{""n"": 2, ""rearm"": 27, ""_feasible"": true, ""_n_feasible"": 3, ""_score"": 1.3238}","{""streak"": 2.0, ""drop_pct"": -0.2175368139223477}"
2023-01-18 10:00:00,KZT,dip_vs_trend,"dip_vs_trend(pct=0.1,rearm=27,span=180,window=1080)",BUY_NOW,down,0.06481481481481488,medium,0,0.149,"{""span"": 180, ""window"": 1080, ""pct"": 0.1, ""rearm"": 27, ""_feasible"": false, ""_n_feasible"": 0, ""_score"": 1.1092}","{""dev_pct"": -2.9512657586591162, ""pct_rank"": 0.09351851851851851, ""window"": 1080.0, ""span"": 180.0}"
2023-01-18 10:00:00,KZT,momentum,"momentum(n=2,rearm=27)",BUY_NOW,down,0.5,fast,0,0.149,"{""n"": 2, ""rearm"": 27, ""_feasible"": true, ""_n_feasible"": 3, ""_score"": 1.3238}","{""streak"": 2.0, ""drop_pct"": -0.484221071965274}"
2023-01-20 18:00:00,KZT,momentum,"momentum(n=2,rearm=27)",BUY_NOW,down,0.5,fast,0,0.149,"{""n"": 2, ""rearm"": 27, ""_feasible"": true, ""_n_feasible"": 3, ""_score"": 1.3238}","{""streak"": 2.0, ""drop_pct"": -0.10056989607778455}"
2023-01-25 08:00:00,KZT,momentum,"momentum(n=2,rearm=27)",BUY_NOW,down,0.5,fast,0,0.14975,"{""n"": 2, ""rearm"": 27, ""_feasible"": true, ""_n_feasible"": 3, ""_score"": 1.3238}","{""streak"": 2.0, ""drop_pct"": -0.24979184013316225}"
2023-01-27 18:00:00,KZT,momentum,"momentum(n=2,rearm=27)",BUY_NOW,down,0.5,fast,0,0.151425,"{""n"": 2, ""rearm"": 27, ""_feasible"": true, ""_n_feasible"": 3, ""_score"": 1.3238}","{""streak"": 2.0, ""drop_pct"": -0.1154353562005328}"
2023-02-02 08:00:00,KZT,momentum,"momentum(n=2,rearm=27)",BUY_NOW,down,0.5,fast,0,0.1525,"{""n"": 2, ""rearm"": 27, ""_feasible"": true, ""_n_feasible"": 3, ""_score"": 1.3238}","{""streak"": 2.0, ""drop_pct"": -0.37563285970928506}"
2023-02-06 13:00:00,KZT,momentum,"momentum(n=2,rearm=27)",BUY_NOW,down,0.5,fast,0,0.154475,"{""n"": 2, ""rearm"": 27, ""_feasible"": true, ""_n_feasible"": 3, ""_score"": 1.3238}","{""streak"": 2.0, ""drop_pct"": -0.09700889248182021}"
2023-02-09 13:00:00,KZT,momentum,"momentum(n=2,rearm=27)",BUY_NOW,down,0.5,fast,0,0.1613,"{""n"": 2, ""rearm"": 27, ""_feasible"": true, ""_n_feasible"": 3, ""_score"": 1.3238}","{""streak"": 2.0, ""drop_pct"": -0.478173685022365}"
2023-02-14 09:00:00,KZT,momentum,"momentum(n=2,rearm=27)",BUY_NOW,down,0.5,fast,0,0.1635,"{""n"": 2, ""rearm"": 27, ""_feasible"": true, ""_n_feasible"": 3, ""_score"": 1.3238}","{""streak"": 2.0, ""drop_pct"": -0.909090909090915}"
2023-02-16 12:00:00,KZT,momentum,"momentum(n=2,rearm=27)",BUY_NOW,down,0.5,fast,0,0.16835,"{""n"": 2, ""rearm"": 27, ""_feasible"": true, ""_n_feasible"": 3, ""_score"": 1.3238}","{""streak"": 2.0, ""drop_pct"": -0.38461538461532774}"
2023-02-21 13:00:00,KZT,momentum,"momentum(n=2,rearm=27)",BUY_NOW,down,0.5,fast,0,0.1669999999999999,"{""n"": 2, ""rearm"": 27, ""_feasible"": true, ""_n_feasible"": 3, ""_score"": 1.3238}","{""streak"": 2.0, ""drop_pct"": -1.007705986959151}"
2023-02-27 07:00:00,KZT,momentum,"momentum(n=2,rearm=27)",BUY_NOW,down,0.5,fast,0,0.1685249999999999,"{""n"": 2, ""rearm"": 27, ""_feasible"": true, ""_n_feasible"": 3, ""_score"": 1.3238}","{""streak"": 2.0, ""drop_pct"": -0.6338443396227023}"
2023-03-02 14:00:00,KZT,momentum,"momentum(n=2,rearm=27)",BUY_NOW,down,0.5,fast,0,0.1732999999999999,"{""n"": 2, ""rearm"": 27, ""_feasible"": true, ""_n_feasible"": 3, ""_score"": 1.3238}","{""streak"": 2.0, ""drop_pct"": -0.7303451238723224}"
2023-03-06 18:00:00,KZT,momentum,"momentum(n=2,rearm=27)",BUY_NOW,down,0.5,fast,0,0.173625,"{""n"": 2, ""rearm"": 27, ""_feasible"": true, ""_n_feasible"": 3, ""_score"": 1.3238}","{""streak"": 2.0, ""drop_pct"": -0.6011163589523361}"
2023-03-10 09:00:00,KZT,momentum,"momentum(n=2,rearm=27)",BUY_NOW,down,0.5,fast,0,0.170975,"{""n"": 2, ""rearm"": 27, ""_feasible"": true, ""_n_feasible"": 3, ""_score"": 1.3238}","{""streak"": 2.0, ""drop_pct"": -1.213346814964622}"
2023-03-13 10:00:00,KZT,dip_vs_trend,"dip_vs_trend(pct=0.1,rearm=27,span=180,window=1080)",BUY_NOW,down,0.07407407407407418,medium,0,0.166075,"{""span"": 180, ""window"": 1080, ""pct"": 0.1, ""rearm"": 27, ""_feasible"": false, ""_n_feasible"": 0, ""_score"": 1.1092}","{""dev_pct"": -2.3751031774995823, ""pct_rank"": 0.09259259259259259, ""window"": 1080.0, ""span"": 180.0}"
2023-03-14 13:00:00,KZT,momentum,"momentum(n=2,rearm=27)",BUY_NOW,down,0.5,fast,0,0.16315,"{""n"": 2, ""rearm"": 27, ""_feasible"": true, ""_n_feasible"": 3, ""_score"": 1.3238}","{""streak"": 2.0, ""drop_pct"": -0.6999391357273343}"
2023-03-15 13:00:00,KZT,dip_vs_trend,"dip_vs_trend(pct=0.1,rearm=27,span=180,window=1080)",BUY_NOW,down,0.638888888888889,medium,0,0.16295,"{""span"": 180, ""window"": 1080, ""pct"": 0.1, ""rearm"": 27, ""_feasible"": false, ""_n_feasible"": 0, ""_score"": 1.1092}","{""dev_pct"": -3.9721060428722144, ""pct_rank"": 0.03611111111111111, ""window"": 1080.0, ""span"": 180.0}"
2023-03-17 19:00:00,KZT,momentum,"momentum(n=2,rearm=27)",BUY_NOW,down,0.5,fast,0,0.1680249999999999,"{""n"": 2, ""rearm"": 27, ""_feasible"": true, ""_n_feasible"": 3, ""_score"": 1.3238}","{""streak"": 2.0, ""drop_pct"": -0.3410438908660107}"
2023-03-22 15:00:00,KZT,momentum,"momentum(n=2,rearm=27)",BUY_NOW,down,0.5,fast,0,0.1684,"{""n"": 2, ""rearm"": 27, ""_feasible"": true, ""_n_feasible"": 3, ""_score"": 1.3238}","{""streak"": 2.0, ""drop_pct"": -0.088994363690309}"
2023-03-24 19:00:00,KZT,momentum,"momentum(n=2,rearm=27)",BUY_NOW,down,0.5,fast,0,0.168825,"{""n"": 2, ""rearm"": 27, ""_feasible"": true, ""_n_feasible"": 3, ""_score"": 1.3238}","{""streak"": 2.0, ""drop_pct"": -0.10355029585792375}"
2023-03-30 12:00:00,KZT,momentum,"momentum(n=2,rearm=27)",BUY_NOW,down,0.5,fast,0,0.1717749999999999,"{""n"": 2, ""rearm"": 27, ""_feasible"": true, ""_n_feasible"": 3, ""_score"": 1.3238}","{""streak"": 2.0, ""drop_pct"": -0.5787874403126114}"
2023-04-04 16:00:00,KZT,momentum,"momentum(n=2,rearm=27)",BUY_NOW,down,0.5,fast,0,0.1770749999999999,"{""n"": 2, ""rearm"": 27, ""_feasible"": true, ""_n_feasible"": 3, ""_score"": 1.3238}","{""streak"": 2.0, ""drop_pct"": -0.4077615298088366}"
2023-04-07 17:00:00,KZT,momentum,"momentum(n=2,rearm=27)",BUY_NOW,down,0.5,fast,0,0.1828,"{""n"": 2, ""rearm"": 27, ""_feasible"": true, ""_n_feasible"": 3, ""_score"": 1.3238}","{""streak"": 2.0, ""drop_pct"": -0.7465725532781353}"
2023-04-12 09:00:00,KZT,momentum,"momentum(n=2,rearm=27)",BUY_NOW,down,0.5,fast,0,0.181725,"{""n"": 2, ""rearm"": 27, ""_feasible"": true, ""_n_feasible"": 3, ""_score"": 1.3238}","{""streak"": 2.0, ""drop_pct"": -0.31541415249588534}"
2023-04-14 11:00:00,KZT,momentum,"momentum(n=2,rearm=27)",BUY_NOW,down,0.75,fast,0,0.1804,"{""n"": 2, ""rearm"": 27, ""_feasible"": true, ""_n_feasible"": 3, ""_score"": 1.3238}","{""streak"": 3.0, ""drop_pct"": -0.44150110375276164}"
2023-04-18 17:00:00,KZT,momentum,"momentum(n=2,rearm=27)",BUY_NOW,down,0.5,fast,0,0.181025,"{""n"": 2, ""rearm"": 27, ""_feasible"": true, ""_n_feasible"": 3, ""_score"": 1.3238}","{""streak"": 2.0, ""drop_pct"": -0.13791201213625426}"
2023-04-21 09:00:00,KZT,momentum,"momentum(n=2,rearm=27)",BUY_NOW,down,0.5,fast,0,0.178175,"{""n"": 2, ""rearm"": 27, ""_feasible"": true, ""_n_feasible"": 3, ""_score"": 1.3238}","{""streak"": 2.0, ""drop_pct"": -0.37741123846799507}"
2023-04-27 11:00:00,KZT,momentum,"momentum(n=2,rearm=27)",BUY_NOW,down,0.5,fast,0,0.179125,"{""n"": 2, ""rearm"": 27, ""_feasible"": true, ""_n_feasible"": 3, ""_score"": 1.3238}","{""streak"": 2.0, ""drop_pct"": -0.3199777406789006}"
2023-04-28 17:00:00,KZT,dip_vs_trend,"dip_vs_trend(pct=0.1,rearm=27,span=180,window=1080)",BUY_NOW,down,0.2222222222222222,medium,0,0.17485,"{""span"": 180, ""window"": 1080, ""pct"": 0.1, ""rearm"": 27, ""_feasible"": false, ""_n_feasible"": 0, ""_score"": 1.1092}","{""dev_pct"": -3.110959239368849, ""pct_rank"": 0.07777777777777778, ""window"": 1080.0, ""span"": 180.0}"
2023-05-02 13:00:00,KZT,momentum,"momentum(n=2,rearm=27)",BUY_NOW,down,0.75,fast,0,0.1783249999999999,"{""n"": 2, ""rearm"": 27, ""_feasible"": true, ""_n_feasible"": 3, ""_score"": 1.3238}","{""streak"": 3.0, ""drop_pct"": -0.4605079542283619}"
2023-05-04 16:00:00,KZT,momentum,"momentum(n=2,rearm=27)",BUY_NOW,down,0.5,fast,0,0.1755999999999999,"{""n"": 2, ""rearm"": 27, ""_feasible"": true, ""_n_feasible"": 3, ""_score"": 1.3238}","{""streak"": 2.0, ""drop_pct"": -0.22727272727277592}"
2023-05-05 10:00:00,KZT,dip_vs_trend,"dip_vs_trend(pct=0.1,rearm=27,span=180,window=1080)",BUY_NOW,down,0.2592592592592593,medium,0,0.1735,"{""span"": 180, ""window"": 1080, ""pct"": 0.1, ""rearm"": 27, ""_feasible"": false, ""_n_feasible"": 0, ""_score"": 1.1092}","{""dev_pct"": -3.253612306586595, ""pct_rank"": 0.07407407407407407, ""window"": 1080.0, ""span"": 180.0}"
2023-05-10 11:00:00,KZT,momentum,"momentum(n=2,rearm=27)",BUY_NOW,down,0.5,fast,0,0.174125,"{""n"": 2, ""rearm"": 27, ""_feasible"": true, ""_n_feasible"": 3, ""_score"": 1.3238}","{""streak"": 2.0, ""drop_pct"": -0.8964143426294813}"
2023-05-10 13:00:00,KZT,dip_vs_trend,"dip_vs_trend(pct=0.1,rearm=27,span=180,window=1080)",BUY_NOW,down,0.34259259259259267,medium,0,0.172075,"{""span"": 180, ""window"": 1080, ""pct"": 0.1, ""rearm"": 27, ""_feasible"": false, ""_n_feasible"": 0, ""_score"": 1.1092}","{""dev_pct"": -3.485066726287045, ""pct_rank"": 0.06574074074074074, ""window"": 1080.0, ""span"": 180.0}"
2023-05-12 17:00:00,KZT,momentum,"momentum(n=2,rearm=27)",BUY_NOW,down,0.5,fast,0,0.1732,"{""n"": 2, ""rearm"": 27, ""_feasible"": true, ""_n_feasible"": 3, ""_score"": 1.3238}","{""streak"": 2.0, ""drop_pct"": -0.588319701535367}"
2023-05-17 11:00:00,KZT,momentum,"momentum(n=2,rearm=27)",BUY_NOW,down,0.5,fast,0,0.1793499999999999,"{""n"": 2, ""rearm"": 27, ""_feasible"": true, ""_n_feasible"": 3, ""_score"": 1.3238}","{""streak"": 2.0, ""drop_pct"": -0.27800945232138163}"
2023-05-19 12:00:00,KZT,momentum,"momentum(n=2,rearm=27)",BUY_NOW,down,1.0,fast,0,0.1779,"{""n"": 2, ""rearm"": 27, ""_feasible"": true, ""_n_feasible"": 3, ""_score"": 1.3238}","{""streak"": 4.0, ""drop_pct"": -0.8637503482864295}"
2023-05-23 14:00:00,KZT,momentum,"momentum(n=2,rearm=27)",BUY_NOW,down,0.5,fast,0,0.18135,"{""n"": 2, ""rearm"": 27, ""_feasible"": true, ""_n_feasible"": 3, ""_score"": 1.3238}","{""streak"": 2.0, ""drop_pct"": -0.24752475247523664}"
2023-05-26 09:00:00,KZT,momentum,"momentum(n=2,rearm=27)",BUY_NOW,down,0.5,fast,0,0.1797,"{""n"": 2, ""rearm"": 27, ""_feasible"": true, ""_n_feasible"": 3, ""_score"": 1.3238}","{""streak"": 2.0, ""drop_pct"": -0.30513176144243426}"
2023-05-30 11:00:00,KZT,momentum,"momentum(n=2,rearm=27)",BUY_NOW,down,0.75,fast,0,0.180225,"{""n"": 2, ""rearm"": 27, ""_feasible"": true, ""_n_feasible"": 3, ""_score"": 1.3238}","{""streak"": 3.0, ""drop_pct"": -0.893593621116251}"
2023-06-01 17:00:00,KZT,momentum,"momentum(n=2,rearm=27)",BUY_NOW,down,0.5,fast,1,0.180575,"{""n"": 2, ""rearm"": 27, ""_feasible"": true, ""_n_feasible"": 5, ""_score"": 1.2148}","{""streak"": 2.0, ""drop_pct"": -0.16586040082924303}"
2023-06-06 08:00:00,KZT,momentum,"momentum(n=2,rearm=27)",BUY_NOW,down,0.5,fast,1,0.180925,"{""n"": 2, ""rearm"": 27, ""_feasible"": true, ""_n_feasible"": 5, ""_score"": 1.2148}","{""streak"": 2.0, ""drop_pct"": -0.31680440771348906}"
2023-06-08 13:00:00,KZT,momentum,"momentum(n=2,rearm=27)",BUY_NOW,down,0.5,fast,1,0.184775,"{""n"": 2, ""rearm"": 27, ""_feasible"": true, ""_n_feasible"": 5, ""_score"": 1.2148}","{""streak"": 2.0, ""drop_pct"": -0.12162162162162593}"
2023-06-14 13:00:00,KZT,momentum,"momentum(n=2,rearm=27)",BUY_NOW,down,0.5,fast,1,0.187275,"{""n"": 2, ""rearm"": 27, ""_feasible"": true, ""_n_feasible"": 5, ""_score"": 1.2148}","{""streak"": 2.0, ""drop_pct"": -0.398883127243721}"
2023-06-16 18:00:00,KZT,momentum,"momentum(n=2,rearm=27)",BUY_NOW,down,0.5,fast,1,0.1881,"{""n"": 2, ""rearm"": 27, ""_feasible"": true, ""_n_feasible"": 5, ""_score"": 1.2148}","{""streak"": 2.0, ""drop_pct"": -0.06640988179041907}"
2023-06-21 09:00:00,KZT,momentum,"momentum(n=2,rearm=27)",BUY_NOW,down,0.5,fast,1,0.1891499999999999,"{""n"": 2, ""rearm"": 27, ""_feasible"": true, ""_n_feasible"": 5, ""_score"": 1.2148}","{""streak"": 2.0, ""drop_pct"": -0.27678924476083333}"
2023-06-23 17:00:00,KZT,momentum,"momentum(n=2,rearm=27)",BUY_NOW,down,0.5,fast,1,0.1883,"{""n"": 2, ""rearm"": 27, ""_feasible"": true, ""_n_feasible"": 5, ""_score"": 1.2148}","{""streak"": 2.0, ""drop_pct"": -0.4230565838180822}"
2023-06-28 15:00:00,KZT,momentum,"momentum(n=2,rearm=27)",BUY_NOW,down,0.5,fast,1,0.19315,"{""n"": 2, ""rearm"": 27, ""_feasible"": true, ""_n_feasible"": 5, ""_score"": 1.2148}","{""streak"": 2.0, ""drop_pct"": -0.193773414287568}"
2023-07-03 12:00:00,KZT,momentum,"momentum(n=2,rearm=27)",BUY_NOW,down,0.5,fast,1,0.1987,"{""n"": 2, ""rearm"": 27, ""_feasible"": true, ""_n_feasible"": 5, ""_score"": 1.2148}","{""streak"": 2.0, ""drop_pct"": -0.08799497171591009}"
2023-07-05 18:00:00,KZT,momentum,"momentum(n=2,rearm=27)",BUY_NOW,down,0.5,fast,1,0.2035249999999999,"{""n"": 2, ""rearm"": 27, ""_feasible"": true, ""_n_feasible"": 5, ""_score"": 1.2148}","{""streak"": 2.0, ""drop_pct"": -0.6710590531966765}"
2023-07-07 19:00:00,KZT,momentum,"momentum(n=2,rearm=27)",BUY_NOW,down,0.5,fast,1,0.20595,"{""n"": 2, ""rearm"": 27, ""_feasible"": true, ""_n_feasible"": 5, ""_score"": 1.2148}","{""streak"": 2.0, ""drop_pct"": -3.2644434006575462}"
2023-07-12 17:00:00,KZT,momentum,"momentum(n=2,rearm=27)",BUY_NOW,down,0.5,fast,1,0.2057,"{""n"": 2, ""rearm"": 27, ""_feasible"": true, ""_n_feasible"": 5, ""_score"": 1.2148}","{""streak"": 2.0, ""drop_pct"": -0.07286859363614395}"
2023-07-17 09:00:00,KZT,momentum,"momentum(n=2,rearm=27)",BUY_NOW,down,0.5,fast,1,0.203,"{""n"": 2, ""rearm"": 27, ""_feasible"": true, ""_n_feasible"": 5, ""_score"": 1.2148}","{""streak"": 2.0, ""drop_pct"": -0.8304836345871869}"
2023-07-19 14:00:00,KZT,momentum,"momentum(n=2,rearm=27)",BUY_NOW,down,0.5,fast,1,0.205475,"{""n"": 2, ""rearm"": 27, ""_feasible"": true, ""_n_feasible"": 5, ""_score"": 1.2148}","{""streak"": 2.0, ""drop_pct"": -0.10938259601361855}"
2023-07-21 14:00:00,KZT,dip_vs_trend,"dip_vs_trend(pct=0.2,rearm=27,span=180,window=2250)",BUY_NOW,down,0.15333333333333332,medium,1,0.2026,"{""span"": 180, ""window"": 2250, ""pct"": 0.2, ""rearm"": 27, ""_feasible"": false, ""_n_feasible"": 0, ""_score"": 1.4295}","{""dev_pct"": -1.0573095988083758, ""pct_rank"": 0.16933333333333334, ""window"": 2250.0, ""span"": 180.0}"
2023-07-24 12:00:00,KZT,momentum,"momentum(n=2,rearm=27)",BUY_NOW,down,0.5,fast,1,0.2032999999999999,"{""n"": 2, ""rearm"": 27, ""_feasible"": true, ""_n_feasible"": 5, ""_score"": 1.2148}","{""streak"": 2.0, ""drop_pct"": -0.5746423768187237}"
2023-07-25 16:00:00,KZT,dip_vs_trend,"dip_vs_trend(pct=0.2,rearm=27,span=180,window=2250)",BUY_NOW,down,0.10888888888888892,medium,1,0.20315,"{""span"": 180, ""window"": 2250, ""pct"": 0.2, ""rearm"": 27, ""_feasible"": false, ""_n_feasible"": 0, ""_score"": 1.4295}","{""dev_pct"": -1.0071327004435027, ""pct_rank"": 0.17822222222222223, ""window"": 2250.0, ""span"": 180.0}"
2023-07-27 08:00:00,KZT,momentum,"momentum(n=2,rearm=27)",BUY_NOW,down,0.5,fast,1,0.202175,"{""n"": 2, ""rearm"": 27, ""_feasible"": true, ""_n_feasible"": 5, ""_score"": 1.2148}","{""streak"": 2.0, ""drop_pct"": -0.7730061349693229}"
2023-07-31 11:00:00,KZT,momentum,"momentum(n=2,rearm=27)",BUY_NOW,down,0.5,fast,1,0.2057,"{""n"": 2, ""rearm"": 27, ""_feasible"": true, ""_n_feasible"": 5, ""_score"": 1.2148}","{""streak"": 2.0, ""drop_pct"": -0.7239382239382253}"
2023-08-03 11:00:00,KZT,momentum,"momentum(n=2,rearm=27)",BUY_NOW,down,0.5,fast,1,0.209975,"{""n"": 2, ""rearm"": 27, ""_feasible"": true, ""_n_feasible"": 5, ""_score"": 1.2148}","{""streak"": 2.0, ""drop_pct"": -0.5564764385507459}"
2023-08-07 13:00:00,KZT,momentum,"momentum(n=2,rearm=27)",BUY_NOW,down,0.5,fast,1,0.21625,"{""n"": 2, ""rearm"": 27, ""_feasible"": true, ""_n_feasible"": 5, ""_score"": 1.2148}","{""streak"": 2.0, ""drop_pct"": -0.25369003690036696}"
2023-08-10 08:00:00,KZT,momentum,"momentum(n=2,rearm=27)",BUY_NOW,down,0.5,fast,1,0.2178,"{""n"": 2, ""rearm"": 27, ""_feasible"": true, ""_n_feasible"": 5, ""_score"": 1.2148}","{""streak"": 2.0, ""drop_pct"": -1.3251783893985736}"
2023-08-15 07:00:00,KZT,momentum,"momentum(n=2,rearm=27)",BUY_NOW,down,0.5,fast,1,0.2224,"{""n"": 2, ""rearm"": 27, ""_feasible"": true, ""_n_feasible"": 5, ""_score"": 1.2148}","{""streak"": 2.0, ""drop_pct"": -4.957264957264929}"
2023-08-16 13:00:00,KZT,dip_vs_trend,"dip_vs_trend(pct=0.2,rearm=27,span=180,window=2250)",BUY_NOW,down,0.2777777777777779,medium,1,0.211225,"{""span"": 180, ""window"": 2250, ""pct"": 0.2, ""rearm"": 27, ""_feasible"": false, ""_n_feasible"": 0, ""_score"": 1.4295}","{""dev_pct"": -1.1926503579510195, ""pct_rank"": 0.14444444444444443, ""window"": 2250.0, ""span"": 180.0}"
2023-08-17 08:00:00,KZT,level,"level(pct=0.3,rearm=27,stall_days=27,window=540)",BUY_NOW,down,0.0,medium,1,0.2022,"{""window"": 540, ""pct"": 0.3, ""stall_days"": 27, ""rearm"": 27, ""_feasible"": true, ""_n_feasible"": 6, ""_score"": 1.2406}","{""pct_rank"": 0.3, ""window"": 540.0, ""days_since_min"": 493.0}"
2023-08-17 08:00:00,KZT,momentum,"momentum(n=2,rearm=27)",BUY_NOW,down,1.0,fast,1,0.2022,"{""n"": 2, ""rearm"": 27, ""_feasible"": true, ""_n_feasible"": 5, ""_score"": 1.2148}","{""streak"": 10.0, ""drop_pct"": -5.3813757604117995}"
2023-08-18 15:00:00,KZT,dip_vs_trend,"dip_vs_trend(pct=0.2,rearm=27,span=180,window=2250)",BUY_NOW,down,0.731111111111111,medium,1,0.20715,"{""span"": 180, ""window"": 2250, ""pct"": 0.2, ""rearm"": 27, ""_feasible"": false, ""_n_feasible"": 0, ""_score"": 1.4295}","{""dev_pct"": -3.1267455605928585, ""pct_rank"": 0.05377777777777778, ""window"": 2250.0, ""span"": 180.0}"
2023-08-21 13:00:00,KZT,momentum,"momentum(n=2,rearm=27)",BUY_NOW,down,0.5,fast,1,0.208775,"{""n"": 2, ""rearm"": 27, ""_feasible"": true, ""_n_feasible"": 5, ""_score"": 1.2148}","{""streak"": 2.0, ""drop_pct"": -0.15542802486849805}"
2023-08-22 17:00:00,KZT,dip_vs_trend,"dip_vs_trend(pct=0.2,rearm=27,span=180,window=2250)",BUY_NOW,down,0.35777777777777786,medium,1,0.21,"{""span"": 180, ""window"": 2250, ""pct"": 0.2, ""rearm"": 27, ""_feasible"": false, ""_n_feasible"": 0, ""_score"": 1.4295}","{""dev_pct"": -1.8480098255854727, ""pct_rank"": 0.12844444444444444, ""window"": 2250.0, ""span"": 180.0}"
2023-08-24 09:00:00,KZT,momentum,"momentum(n=2,rearm=27)",BUY_NOW,down,0.5,fast,1,0.20375,"{""n"": 2, ""rearm"": 27, ""_feasible"": true, ""_n_feasible"": 5, ""_score"": 1.2148}","{""streak"": 2.0, ""drop_pct"": -1.1522134627046765}"
2023-08-24 19:00:00,KZT,dip_vs_trend,"dip_vs_trend(pct=0.2,rearm=27,span=180,window=2250)",BUY_NOW,down,0.5755555555555556,medium,1,0.2071,"{""span"": 180, ""window"": 2250, ""pct"": 0.2, ""rearm"": 27, ""_feasible"": false, ""_n_feasible"": 0, ""_score"": 1.4295}","{""dev_pct"": -2.785863815976908, ""pct_rank"": 0.08488888888888889, ""window"": 2250.0, ""span"": 180.0}"
2023-08-28 12:00:00,KZT,momentum,"momentum(n=2,rearm=27)",BUY_NOW,down,0.5,fast,1,0.205375,"{""n"": 2, ""rearm"": 27, ""_feasible"": true, ""_n_feasible"": 5, ""_score"": 1.2148}","{""streak"": 2.0, ""drop_pct"": -0.6650544135429204}"
2023-08-29 09:00:00,KZT,dip_vs_trend,"dip_vs_trend(pct=0.2,rearm=27,span=180,window=2250)",BUY_NOW,down,0.2333333333333334,medium,1,0.2076749999999999,"{""span"": 180, ""window"": 2250, ""pct"": 0.2, ""rearm"": 27, ""_feasible"": false, ""_n_feasible"": 0, ""_score"": 1.4295}","{""dev_pct"": -1.7844533760896675, ""pct_rank"": 0.15333333333333332, ""window"": 2250.0, ""span"": 180.0}"
2023-08-30 13:00:00,KZT,momentum,"momentum(n=2,rearm=27)",BUY_NOW,down,0.75,fast,1,0.2094,"{""n"": 2, ""rearm"": 27, ""_feasible"": true, ""_n_feasible"": 5, ""_score"": 1.2148}","{""streak"": 3.0, ""drop_pct"": -0.3213138164941176}"
2023-09-01 18:00:00,KZT,momentum,"momentum(n=2,rearm=27)",BUY_NOW,down,0.5,fast,1,0.2112,"{""n"": 2, ""rearm"": 27, ""_feasible"": true, ""_n_feasible"": 5, ""_score"": 1.2148}","{""streak"": 2.0, ""drop_pct"": -0.20082693443591593}"
2023-09-04 08:00:00,KZT,reversal,"reversal(max_days_since_min=180,rearm=27,rise_bps=20,window=540)",WINDOW_CLOSING,up,1.0,slow,1,0.209425,"{""window"": 540, ""rise_bps"": 20, ""max_days_since_min"": 180, ""rearm"": 27, ""_feasible"": true, ""_n_feasible"": 4, ""_score"": 0.8786}","{""rise_pct"": 4.152679348501809, ""min_rate"": 0.201075, ""days_since_min"": 136.0, ""window"": 540.0}"
2023-09-06 07:00:00,KZT,momentum,"momentum(n=2,rearm=27)",BUY_NOW,down,0.5,fast,1,0.2128,"{""n"": 2, ""rearm"": 27, ""_feasible"": true, ""_n_feasible"": 5, ""_score"": 1.2148}","{""streak"": 2.0, ""drop_pct"": -0.09389671361502705}"
2023-09-06 10:00:00,KZT,reversal,"reversal(max_days_since_min=180,rearm=27,rise_bps=20,window=540)",WINDOW_CLOSING,up,1.0,slow,1,0.21145,"{""window"": 540, ""rise_bps"": 20, ""max_days_since_min"": 180, ""rearm"": 27, ""_feasible"": true, ""_n_feasible"": 4, ""_score"": 0.8786}","{""rise_pct"": 5.159766256372, ""min_rate"": 0.201075, ""days_since_min"": 163.0, ""window"": 540.0}"
2023-09-08 09:00:00,KZT,momentum,"momentum(n=2,rearm=27)",BUY_NOW,down,0.75,fast,1,0.2108,"{""n"": 2, ""rearm"": 27, ""_feasible"": true, ""_n_feasible"": 5, ""_score"": 1.2148}","{""streak"": 3.0, ""drop_pct"": -0.7065473386716925}"
2023-09-12 08:00:00,KZT,dip_vs_trend,"dip_vs_trend(pct=0.2,rearm=27,span=180,window=2250)",BUY_NOW,down,0.43333333333333335,medium,1,0.204,"{""span"": 180, ""window"": 2250, ""pct"": 0.2, ""rearm"": 27, ""_feasible"": false, ""_n_feasible"": 0, ""_score"": 1.4295}","{""dev_pct"": -2.4958875410084125, ""pct_rank"": 0.11333333333333333, ""window"": 2250.0, ""span"": 180.0}"
2023-09-12 08:00:00,KZT,level,"level(pct=0.3,rearm=27,stall_days=27,window=540)",BUY_NOW,down,0.4135802469135802,medium,1,0.204,"{""window"": 540, ""pct"": 0.3, ""stall_days"": 27, ""rearm"": 27, ""_feasible"": true, ""_n_feasible"": 6, ""_score"": 1.2406}","{""pct_rank"": 0.17592592592592593, ""window"": 540.0, ""days_since_min"": 210.0}"
2023-09-13 13:00:00,KZT,momentum,"momentum(n=2,rearm=27)",BUY_NOW,down,0.5,fast,1,0.205775,"{""n"": 2, ""rearm"": 27, ""_feasible"": true, ""_n_feasible"": 5, ""_score"": 1.2148}","{""streak"": 2.0, ""drop_pct"": -0.6997225238267513}"
2023-09-14 11:00:00,KZT,dip_vs_trend,"dip_vs_trend(pct=0.2,rearm=27,span=180,window=2250)",BUY_NOW,down,0.07111111111111124,medium,1,0.2062,"{""span"": 180, ""window"": 2250, ""pct"": 0.2, ""rearm"": 27, ""_feasible"": false, ""_n_feasible"": 0, ""_score"": 1.4295}","{""dev_pct"": -1.4542507412636185, ""pct_rank"": 0.18577777777777776, ""window"": 2250.0, ""span"": 180.0}"
2023-09-15 19:00:00,KZT,momentum,"momentum(n=2,rearm=27)",BUY_NOW,down,0.5,fast,1,0.207475,"{""n"": 2, ""rearm"": 27, ""_feasible"": true, ""_n_feasible"": 5, ""_score"": 1.2148}","{""streak"": 2.0, ""drop_pct"": -0.43191361727650257}"
2023-09-18 12:00:00,KZT,level,"level(pct=0.3,rearm=27,stall_days=27,window=540)",BUY_NOW,down,0.12962962962962954,medium,1,0.205575,"{""window"": 540, ""pct"": 0.3, ""stall_days"": 27, ""rearm"": 27, ""_feasible"": true, ""_n_feasible"": 6, ""_score"": 1.2406}","{""pct_rank"": 0.2611111111111111, ""window"": 540.0, ""days_since_min"": 264.0}"
2023-09-18 14:00:00,KZT,dip_vs_trend,"dip_vs_trend(pct=0.2,rearm=27,span=180,window=2250)",BUY_NOW,down,0.39555555555555555,medium,1,0.2043,"{""span"": 180, ""window"": 2250, ""pct"": 0.2, ""rearm"": 27, ""_feasible"": false, ""_n_feasible"": 0, ""_score"": 1.4295}","{""dev_pct"": -2.4263401652230177, ""pct_rank"": 0.12088888888888889, ""window"": 2250.0, ""span"": 180.0}"
2023-09-20 09:00:00,KZT,momentum,"momentum(n=2,rearm=27)",BUY_NOW,down,0.5,fast,1,0.20395,"{""n"": 2, ""rearm"": 27, ""_feasible"": true, ""_n_feasible"": 5, ""_score"": 1.2148}","{""streak"": 2.0, ""drop_pct"": -0.7904657667518022}"
2023-09-20 14:00:00,KZT,level,"level(pct=0.3,rearm=27,stall_days=27,window=540)",BUY_NOW,down,0.4506172839506173,medium,1,0.2043499999999999,"{""window"": 540, ""pct"": 0.3, ""stall_days"": 27, ""rearm"": 27, ""_feasible"": true, ""_n_feasible"": 6, ""_score"": 1.2406}","{""pct_rank"": 0.1648148148148148, ""window"": 540.0, ""days_since_min"": 291.0}"
2023-09-20 16:00:00,KZT,dip_vs_trend,"dip_vs_trend(pct=0.2,rearm=27,span=180,window=2250)",BUY_NOW,down,0.15555555555555556,medium,1,0.2048,"{""span"": 180, ""window"": 2250, ""pct"": 0.2, ""rearm"": 27, ""_feasible"": false, ""_n_feasible"": 0, ""_score"": 1.4295}","{""dev_pct"": -1.855321528052778, ""pct_rank"": 0.1688888888888889, ""window"": 2250.0, ""span"": 180.0}"
2023-09-21 16:00:00,KZT,reversal,"reversal(max_days_since_min=180,rearm=27,rise_bps=20,window=540)",WINDOW_CLOSING,up,1.0,slow,1,0.202025,"{""window"": 540, ""rise_bps"": 20, ""max_days_since_min"": 180, ""rearm"": 27, ""_feasible"": true, ""_n_feasible"": 4, ""_score"": 0.8786}","{""rise_pct"": 0.6476522605554978, ""min_rate"": 0.200725, ""days_since_min"": 1.0, ""window"": 540.0}"
2023-09-22 11:00:00,KZT,momentum,"momentum(n=2,rearm=27)",BUY_NOW,down,0.5,fast,1,0.201725,"{""n"": 2, ""rearm"": 27, ""_feasible"": true, ""_n_feasible"": 5, ""_score"": 1.2148}","{""streak"": 2.0, ""drop_pct"": -0.3827160493827253}"
2023-09-22 18:00:00,KZT,dip_vs_trend,"dip_vs_trend(pct=0.2,rearm=27,span=180,window=2250)",BUY_NOW,down,0.15333333333333332,medium,1,0.2032999999999999,"{""span"": 180, ""window"": 2250, ""pct"": 0.2, ""rearm"": 27, ""_feasible"": false, ""_n_feasible"": 0, ""_score"": 1.4295}","{""dev_pct"": -2.009535553475872, ""pct_rank"": 0.16933333333333334, ""window"": 2250.0, ""span"": 180.0}"
2023-09-25 16:00:00,KZT,level,"level(pct=0.3,rearm=27,stall_days=27,window=540)",BUY_NOW,down,0.5617283950617284,medium,1,0.203875,"{""window"": 540, ""pct"": 0.3, ""stall_days"": 27, ""rearm"": 27, ""_feasible"": true, ""_n_feasible"": 6, ""_score"": 1.2406}","{""pct_rank"": 0.13148148148148148, ""window"": 540.0, ""days_since_min"": 27.0}"
2023-09-25 17:00:00,KZT,reversal,"reversal(max_days_since_min=180,rearm=27,rise_bps=20,window=540)",WINDOW_CLOSING,up,1.0,slow,1,0.20355,"{""window"": 540, ""rise_bps"": 20, ""max_days_since_min"": 180, ""rearm"": 27, ""_feasible"": true, ""_n_feasible"": 4, ""_score"": 0.8786}","{""rise_pct"": 1.4073981815917458, ""min_rate"": 0.200725, ""days_since_min"": 28.0, ""window"": 540.0}"
2023-09-26 18:00:00,KZT,momentum,"momentum(n=2,rearm=27)",BUY_NOW,down,0.5,fast,1,0.2017,"{""n"": 2, ""rearm"": 27, ""_feasible"": true, ""_n_feasible"": 5, ""_score"": 1.2148}","{""streak"": 2.0, ""drop_pct"": -0.12379301807378118}"
2023-09-27 07:00:00,KZT,dip_vs_trend,"dip_vs_trend(pct=0.2,rearm=27,span=180,window=2250)",BUY_NOW,down,0.208888888888889,medium,1,0.2016,"{""span"": 180, ""window"": 2250, ""pct"": 0.2, ""rearm"": 27, ""_feasible"": false, ""_n_feasible"": 0, ""_score"": 1.4295}","{""dev_pct"": -2.154525636307014, ""pct_rank"": 0.1582222222222222, ""window"": 2250.0, ""span"": 180.0}"
2023-09-27 19:00:00,KZT,reversal,"reversal(max_days_since_min=180,rearm=27,rise_bps=20,window=540)",WINDOW_CLOSING,up,1.0,slow,1,0.2022749999999999,"{""window"": 540, ""rise_bps"": 20, ""max_days_since_min"": 180, ""rearm"": 27, ""_feasible"": true, ""_n_feasible"": 4, ""_score"": 0.8786}","{""rise_pct"": 1.6201959306706426, ""min_rate"": 0.19905, ""days_since_min"": 9.0, ""window"": 540.0}"
2023-09-29 12:00:00,KZT,level,"level(pct=0.3,rearm=27,stall_days=27,window=540)",BUY_NOW,down,0.3271604938271604,medium,1,0.2045,"{""window"": 540, ""pct"": 0.3, ""stall_days"": 27, ""rearm"": 27, ""_feasible"": true, ""_n_feasible"": 6, ""_score"": 1.2406}","{""pct_rank"": 0.20185185185185187, ""window"": 540.0, ""days_since_min"": 27.0}"
2023-09-29 13:00:00,KZT,momentum,"momentum(n=2,rearm=27)",BUY_NOW,down,0.5,fast,1,0.20395,"{""n"": 2, ""rearm"": 27, ""_feasible"": true, ""_n_feasible"": 5, ""_score"": 1.2148}","{""streak"": 2.0, ""drop_pct"": -0.4636408003903858}"
2023-10-02 08:00:00,KZT,reversal,"reversal(max_days_since_min=180,rearm=27,rise_bps=20,window=540)",WINDOW_CLOSING,up,1.0,slow,1,0.2057,"{""window"": 540, ""rise_bps"": 20, ""max_days_since_min"": 180, ""rearm"": 27, ""_feasible"": true, ""_n_feasible"": 4, ""_score"": 0.8786}","{""rise_pct"": 3.3408691283597136, ""min_rate"": 0.19905, ""days_since_min"": 36.0, ""window"": 540.0}"
2023-10-03 18:00:00,KZT,momentum,"momentum(n=2,rearm=27)",BUY_NOW,down,0.5,fast,1,0.20875,"{""n"": 2, ""rearm"": 27, ""_feasible"": true, ""_n_feasible"": 5, ""_score"": 1.2148}","{""streak"": 2.0, ""drop_pct"": -0.16738402678144748}"
2023-10-04 11:00:00,KZT,reversal,"reversal(max_days_since_min=180,rearm=27,rise_bps=20,window=540)",WINDOW_CLOSING,up,1.0,slow,1,0.2083749999999999,"{""window"": 540, ""rise_bps"": 20, ""max_days_since_min"": 180, ""rearm"": 27, ""_feasible"": true, ""_n_feasible"": 4, ""_score"": 0.8786}","{""rise_pct"": 4.684752574729911, ""min_rate"": 0.19905, ""days_since_min"": 63.0, ""window"": 540.0}"
2023-10-06 12:00:00,KZT,momentum,"momentum(n=2,rearm=27)",BUY_NOW,down,0.5,fast,1,0.2098,"{""n"": 2, ""rearm"": 27, ""_feasible"": true, ""_n_feasible"": 5, ""_score"": 1.2148}","{""streak"": 2.0, ""drop_pct"": -0.7216372885366251}"
2023-10-06 13:00:00,KZT,reversal,"reversal(max_days_since_min=180,rearm=27,rise_bps=20,window=540)",WINDOW_CLOSING,up,1.0,slow,1,0.209975,"{""window"": 540, ""rise_bps"": 20, ""max_days_since_min"": 180, ""rearm"": 27, ""_feasible"": true, ""_n_feasible"": 4, ""_score"": 0.8786}","{""rise_pct"": 5.488570710876649, ""min_rate"": 0.19905, ""days_since_min"": 90.0, ""window"": 540.0}"
2023-10-10 15:00:00,KZT,reversal,"reversal(max_days_since_min=180,rearm=27,rise_bps=20,window=540)",WINDOW_CLOSING,up,1.0,slow,1,0.2097,"{""window"": 540, ""rise_bps"": 20, ""max_days_since_min"": 180, ""rearm"": 27, ""_feasible"": true, ""_n_feasible"": 4, ""_score"": 0.8786}","{""rise_pct"": 5.350414468726439, ""min_rate"": 0.19905, ""days_since_min"": 117.0, ""window"": 540.0}"
2023-10-11 09:00:00,KZT,momentum,"momentum(n=2,rearm=27)",BUY_NOW,down,0.5,fast,1,0.2102,"{""n"": 2, ""rearm"": 27, ""_feasible"": true, ""_n_feasible"": 5, ""_score"": 1.2148}","{""streak"": 2.0, ""drop_pct"": -0.08318478906714777}"
2023-10-12 08:00:00,KZT,level,"level(pct=0.3,rearm=27,stall_days=27,window=540)",BUY_NOW,down,0.2716049382716049,medium,1,0.2046249999999999,"{""window"": 540, ""pct"": 0.3, ""stall_days"": 27, ""rearm"": 27, ""_feasible"": true, ""_n_feasible"": 6, ""_score"": 1.2406}","{""pct_rank"": 0.21851851851851853, ""window"": 540.0, ""days_since_min"": 135.0}"
2023-10-12 10:00:00,KZT,dip_vs_trend,"dip_vs_trend(pct=0.2,rearm=27,span=180,window=2250)",BUY_NOW,down,0.20000000000000007,medium,1,0.203325,"{""span"": 180, ""window"": 2250, ""pct"": 0.2, ""rearm"": 27, ""_feasible"": false, ""_n_feasible"": 0, ""_score"": 1.4295}","{""dev_pct"": -1.5705651654441932, ""pct_rank"": 0.16, ""window"": 2250.0, ""span"": 180.0}"
2023-10-12 17:00:00,KZT,reversal,"reversal(max_days_since_min=180,rearm=27,rise_bps=20,window=540)",WINDOW_CLOSING,up,1.0,slow,1,0.204825,"{""window"": 540, ""rise_bps"": 20, ""max_days_since_min"": 180, ""rearm"": 27, ""_feasible"": true, ""_n_feasible"": 4, ""_score"": 0.8786}","{""rise_pct"": 2.9012810851544835, ""min_rate"": 0.19905, ""days_since_min"": 144.0, ""window"": 540.0}"
2023-10-13 13:00:00,KZT,momentum,"momentum(n=2,rearm=27)",BUY_NOW,down,0.5,fast,1,0.20375,"{""n"": 2, ""rearm"": 27, ""_feasible"": true, ""_n_feasible"": 5, ""_score"": 1.2148}","{""streak"": 2.0, ""drop_pct"": -0.3180039138943269}"
2023-10-16 10:00:00,KZT,level,"level(pct=0.3,rearm=27,stall_days=27,window=540)",BUY_NOW,down,0.19753086419753085,medium,1,0.2046249999999999,"{""window"": 540, ""pct"": 0.3, ""stall_days"": 27, ""rearm"": 27, ""_feasible"": true, ""_n_feasible"": 6, ""_score"": 1.2406}","{""pct_rank"": 0.24074074074074073, ""window"": 540.0, ""days_since_min"": 162.0}"
2023-10-16 12:00:00,KZT,dip_vs_trend,"dip_vs_trend(pct=0.2,rearm=27,span=180,window=2250)",BUY_NOW,down,0.12444444444444447,medium,1,0.204,"{""span"": 180, ""window"": 2250, ""pct"": 0.2, ""rearm"": 27, ""_feasible"": false, ""_n_feasible"": 0, ""_score"": 1.4295}","{""dev_pct"": -1.359397518673089, ""pct_rank"": 0.1751111111111111, ""window"": 2250.0, ""span"": 180.0}"
2023-10-16 19:00:00,KZT,reversal,"reversal(max_days_since_min=180,rearm=27,rise_bps=20,window=540)",WINDOW_CLOSING,up,1.0,slow,1,0.206075,"{""window"": 540, ""rise_bps"": 20, ""max_days_since_min"": 180, ""rearm"": 27, ""_feasible"": true, ""_n_feasible"": 4, ""_score"": 0.8786}","{""rise_pct"": 3.529264004019095, ""min_rate"": 0.19905, ""days_since_min"": 171.0, ""window"": 540.0}"
2023-10-18 13:00:00,KZT,level,"level(pct=0.3,rearm=27,stall_days=27,window=540)",BUY_NOW,down,0.5864197530864197,medium,1,0.20355,"{""window"": 540, ""pct"": 0.3, ""stall_days"": 27, ""rearm"": 27, ""_feasible"": true, ""_n_feasible"": 6, ""_score"": 1.2406}","{""pct_rank"": 0.12407407407407407, ""window"": 540.0, ""days_since_min"": 189.0}"
2023-10-18 13:00:00,KZT,momentum,"momentum(n=2,rearm=27)",BUY_NOW,down,0.5,fast,1,0.20355,"{""n"": 2, ""rearm"": 27, ""_feasible"": true, ""_n_feasible"": 5, ""_score"": 1.2148}","{""streak"": 2.0, ""drop_pct"": -0.2694757471827458}"
2023-10-18 15:00:00,KZT,dip_vs_trend,"dip_vs_trend(pct=0.2,rearm=27,span=180,window=2250)",BUY_NOW,down,0.2644444444444445,medium,1,0.20365,"{""span"": 180, ""window"": 2250, ""pct"": 0.2, ""rearm"": 27, ""_feasible"": false, ""_n_feasible"": 0, ""_score"": 1.4295}","{""dev_pct"": -1.7374935246919465, ""pct_rank"": 0.1471111111111111, ""window"": 2250.0, ""span"": 180.0}"
2023-10-20 16:00:00,KZT,reversal,"reversal(max_days_since_min=180,rearm=27,rise_bps=20,window=540)",WINDOW_CLOSING,up,1.0,slow,1,0.2003249999999999,"{""window"": 540, ""rise_bps"": 20, ""max_days_since_min"": 180, ""rearm"": 27, ""_feasible"": true, ""_n_feasible"": 4, ""_score"": 0.8786}","{""rise_pct"": 0.6911284242271387, ""min_rate"": 0.19895, ""days_since_min"": 1.0, ""window"": 540.0}"
2023-10-20 18:00:00,KZT,dip_vs_trend,"dip_vs_trend(pct=0.2,rearm=27,span=180,window=2250)",BUY_NOW,down,0.8,medium,1,0.2,"{""span"": 180, ""window"": 2250, ""pct"": 0.2, ""rearm"": 27, ""_feasible"": false, ""_n_feasible"": 0, ""_score"": 1.4295}","{""dev_pct"": -3.3329327915502027, ""pct_rank"": 0.04, ""window"": 2250.0, ""span"": 180.0}"
2023-10-23 10:00:00,KZT,momentum,"momentum(n=2,rearm=27)",BUY_NOW,down,0.5,fast,1,0.198925,"{""n"": 2, ""rearm"": 27, ""_feasible"": true, ""_n_feasible"": 5, ""_score"": 1.2148}","{""streak"": 2.0, ""drop_pct"": -0.27572377490914235}"
2023-10-24 19:00:00,KZT,reversal,"reversal(max_days_since_min=180,rearm=27,rise_bps=20,window=540)",WINDOW_CLOSING,up,0.8596535914416892,slow,1,0.196975,"{""window"": 540, ""rise_bps"": 20, ""max_days_since_min"": 180, ""rearm"": 27, ""_feasible"": true, ""_n_feasible"": 4, ""_score"": 0.8786}","{""rise_pct"": 0.34386143657667567, ""min_rate"": 0.1963, ""days_since_min"": 8.0, ""window"": 540.0}"
2023-10-25 09:00:00,KZT,dip_vs_trend,"dip_vs_trend(pct=0.2,rearm=27,span=180,window=2250)",BUY_NOW,down,0.8244444444444444,medium,1,0.197825,"{""span"": 180, ""window"": 2250, ""pct"": 0.2, ""rearm"": 27, ""_feasible"": false, ""_n_feasible"": 0, ""_score"": 1.4295}","{""dev_pct"": -3.676267210206796, ""pct_rank"": 0.035111111111111114, ""window"": 2250.0, ""span"": 180.0}"
2023-10-25 13:00:00,KZT,momentum,"momentum(n=2,rearm=27)",BUY_NOW,down,0.5,fast,1,0.198075,"{""n"": 2, ""rearm"": 27, ""_feasible"": true, ""_n_feasible"": 5, ""_score"": 1.2148}","{""streak"": 2.0, ""drop_pct"": -0.13864381144441662}"
2023-10-27 10:00:00,KZT,reversal,"reversal(max_days_since_min=180,rearm=27,rise_bps=20,window=540)",WINDOW_CLOSING,up,1.0,slow,1,0.2003,"{""window"": 540, ""rise_bps"": 20, ""max_days_since_min"": 180, ""rearm"": 27, ""_feasible"": true, ""_n_feasible"": 4, ""_score"": 0.8786}","{""rise_pct"": 2.0636942675159142, ""min_rate"": 0.19625, ""days_since_min"": 14.0, ""window"": 540.0}"
2023-10-27 12:00:00,KZT,dip_vs_trend,"dip_vs_trend(pct=0.2,rearm=27,span=180,window=2250)",BUY_NOW,down,0.19333333333333336,medium,1,0.199675,"{""span"": 180, ""window"": 2250, ""pct"": 0.2, ""rearm"": 27, ""_feasible"": false, ""_n_feasible"": 0, ""_score"": 1.4295}","{""dev_pct"": -1.9615063583247272, ""pct_rank"": 0.16133333333333333, ""window"": 2250.0, ""span"": 180.0}"
2023-10-30 10:00:00,KZT,level,"level(pct=0.3,rearm=27,stall_days=27,window=540)",BUY_NOW,down,0.7407407407407407,medium,1,0.1985,"{""window"": 540, ""pct"": 0.3, ""stall_days"": 27, ""rearm"": 27, ""_feasible"": true, ""_n_feasible"": 6, ""_score"": 1.2406}","{""pct_rank"": 0.07777777777777778, ""window"": 540.0, ""days_since_min"": 27.0}"
2023-10-30 11:00:00,KZT,momentum,"momentum(n=2,rearm=27)",BUY_NOW,down,0.5,fast,1,0.198225,"{""n"": 2, ""rearm"": 27, ""_feasible"": true, ""_n_feasible"": 5, ""_score"": 1.2148}","{""streak"": 2.0, ""drop_pct"": -0.6764374295377573}"
2023-10-31 13:00:00,KZT,reversal,"reversal(max_days_since_min=180,rearm=27,rise_bps=20,window=540)",WINDOW_CLOSING,up,0.6406149903907532,slow,1,0.195625,"{""window"": 540, ""rise_bps"": 20, ""max_days_since_min"": 180, ""rearm"": 27, ""_feasible"": true, ""_n_feasible"": 4, ""_score"": 0.8786}","{""rise_pct"": 0.2562459961563013, ""min_rate"": 0.195125, ""days_since_min"": 1.0, ""window"": 540.0}"
2023-10-31 14:00:00,KZT,dip_vs_trend,"dip_vs_trend(pct=0.2,rearm=27,span=180,window=2250)",BUY_NOW,down,0.5066666666666667,medium,1,0.1963,"{""span"": 180, ""window"": 2250, ""pct"": 0.2, ""rearm"": 27, ""_feasible"": false, ""_n_feasible"": 0, ""_score"": 1.4295}","{""dev_pct"": -2.7166996253516262, ""pct_rank"": 0.09866666666666667, ""window"": 2250.0, ""span"": 180.0}"
2023-11-02 08:00:00,KZT,momentum,"momentum(n=2,rearm=27)",BUY_NOW,down,0.5,fast,1,0.198375,"{""n"": 2, ""rearm"": 27, ""_feasible"": true, ""_n_feasible"": 5, ""_score"": 1.2148}","{""streak"": 2.0, ""drop_pct"": -0.9486955436275202}"
2023-11-02 14:00:00,KZT,level,"level(pct=0.3,rearm=27,stall_days=27,window=540)",BUY_NOW,down,0.33333333333333326,medium,1,0.2001,"{""window"": 540, ""pct"": 0.3, ""stall_days"": 27, ""rearm"": 27, ""_feasible"": true, ""_n_feasible"": 6, ""_score"": 1.2406}","{""pct_rank"": 0.2, ""window"": 540.0, ""days_since_min"": 27.0}"
2023-11-02 15:00:00,KZT,reversal,"reversal(max_days_since_min=180,rearm=27,rise_bps=20,window=540)",WINDOW_CLOSING,up,1.0,slow,1,0.20015,"{""window"": 540, ""rise_bps"": 20, ""max_days_since_min"": 180, ""rearm"": 27, ""_feasible"": true, ""_n_feasible"": 4, ""_score"": 0.8786}","{""rise_pct"": 2.575272261370909, ""min_rate"": 0.195125, ""days_since_min"": 28.0, ""window"": 540.0}"
2023-11-06 17:00:00,KZT,level,"level(pct=0.3,rearm=27,stall_days=27,window=540)",BUY_NOW,down,0.38888888888888895,medium,1,0.199525,"{""window"": 540, ""pct"": 0.3, ""stall_days"": 27, ""rearm"": 27, ""_feasible"": true, ""_n_feasible"": 6, ""_score"": 1.2406}","{""pct_rank"": 0.18333333333333332, ""window"": 540.0, ""days_since_min"": 54.0}"
2023-11-06 18:00:00,KZT,momentum,"momentum(n=2,rearm=27)",BUY_NOW,down,0.5,fast,1,0.19875,"{""n"": 2, ""rearm"": 27, ""_feasible"": true, ""_n_feasible"": 5, ""_score"": 1.2148}","{""streak"": 2.0, ""drop_pct"": -0.4757135703555182}"
2023-11-06 18:00:00,KZT,reversal,"reversal(max_days_since_min=180,rearm=27,rise_bps=20,window=540)",WINDOW_CLOSING,up,1.0,slow,1,0.19875,"{""window"": 540, ""rise_bps"": 20, ""max_days_since_min"": 180, ""rearm"": 27, ""_feasible"": true, ""_n_feasible"": 4, ""_score"": 0.8786}","{""rise_pct"": 1.8577834721332565, ""min_rate"": 0.195125, ""days_since_min"": 55.0, ""window"": 540.0}"
2023-11-09 08:00:00,KZT,level,"level(pct=0.3,rearm=27,stall_days=27,window=540)",BUY_NOW,down,0.9382716049382716,medium,1,0.196575,"{""window"": 540, ""pct"": 0.3, ""stall_days"": 27, ""rearm"": 27, ""_feasible"": true, ""_n_feasible"": 6, ""_score"": 1.2406}","{""pct_rank"": 0.018518518518518517, ""window"": 540.0, ""days_since_min"": 81.0}"
2023-11-09 09:00:00,KZT,reversal,"reversal(max_days_since_min=180,rearm=27,rise_bps=20,window=540)",WINDOW_CLOSING,up,1.0,slow,1,0.197025,"{""window"": 540, ""rise_bps"": 20, ""max_days_since_min"": 180, ""rearm"": 27, ""_feasible"": true, ""_n_feasible"": 4, ""_score"": 0.8786}","{""rise_pct"": 0.973734785393976, ""min_rate"": 0.195125, ""days_since_min"": 82.0, ""window"": 540.0}"
2023-11-09 11:00:00,KZT,momentum,"momentum(n=2,rearm=27)",BUY_NOW,down,0.5,fast,1,0.196125,"{""n"": 2, ""rearm"": 27, ""_feasible"": true, ""_n_feasible"": 5, ""_score"": 1.2148}","{""streak"": 2.0, ""drop_pct"": -0.4567948229920127}"
2023-11-13 10:00:00,KZT,level,"level(pct=0.3,rearm=27,stall_days=27,window=540)",BUY_NOW,down,0.3641975308641975,medium,1,0.19845,"{""window"": 540, ""pct"": 0.3, ""stall_days"": 27, ""rearm"": 27, ""_feasible"": true, ""_n_feasible"": 6, ""_score"": 1.2406}","{""pct_rank"": 0.19074074074074074, ""window"": 540.0, ""days_since_min"": 108.0}"
2023-11-13 11:00:00,KZT,reversal,"reversal(max_days_since_min=180,rearm=27,rise_bps=20,window=540)",WINDOW_CLOSING,up,1.0,slow,1,0.198,"{""window"": 540, ""rise_bps"": 20, ""max_days_since_min"": 180, ""rearm"": 27, ""_feasible"": true, ""_n_feasible"": 4, ""_score"": 0.8786}","{""rise_pct"": 1.4734144778987934, ""min_rate"": 0.195125, ""days_since_min"": 109.0, ""window"": 540.0}"
2023-11-14 11:00:00,KZT,momentum,"momentum(n=2,rearm=27)",BUY_NOW,down,0.5,fast,1,0.197225,"{""n"": 2, ""rearm"": 27, ""_feasible"": true, ""_n_feasible"": 5, ""_score"": 1.2148}","{""streak"": 2.0, ""drop_pct"": -0.31589588071770924}"
2023-11-14 16:00:00,KZT,dip_vs_trend,"dip_vs_trend(pct=0.2,rearm=27,span=180,window=2250)",BUY_NOW,down,0.22666666666666668,medium,1,0.1942249999999999,"{""span"": 180, ""window"": 2250, ""pct"": 0.2, ""rearm"": 27, ""_feasible"": false, ""_n_feasible"": 0, ""_score"": 1.4295}","{""dev_pct"": -2.0943966226410815, ""pct_rank"": 0.15466666666666667, ""window"": 2250.0, ""span"": 180.0}"
2023-11-15 15:00:00,KZT,reversal,"reversal(max_days_since_min=180,rearm=27,rise_bps=20,window=540)",WINDOW_CLOSING,up,1.0,slow,1,0.194175,"{""window"": 540, ""rise_bps"": 20, ""max_days_since_min"": 180, ""rearm"": 27, ""_feasible"": true, ""_n_feasible"": 4, ""_score"": 0.8786}","{""rise_pct"": 0.7915909680768164, ""min_rate"": 0.19265, ""days_since_min"": 1.0, ""window"": 540.0}"
2023-11-16 17:00:00,KZT,momentum,"momentum(n=2,rearm=27)",BUY_NOW,down,0.5,fast,1,0.194375,"{""n"": 2, ""rearm"": 27, ""_feasible"": true, ""_n_feasible"": 5, ""_score"": 1.2148}","{""streak"": 2.0, ""drop_pct"": -0.6643669349686965}"
2023-11-17 08:00:00,KZT,dip_vs_trend,"dip_vs_trend(pct=0.2,rearm=27,span=180,window=2250)",BUY_NOW,down,0.34444444444444444,medium,1,0.193125,"{""span"": 180, ""window"": 2250, ""pct"": 0.2, ""rearm"": 27, ""_feasible"": false, ""_n_feasible"": 0, ""_score"": 1.4295}","{""dev_pct"": -2.352390944369309, ""pct_rank"": 0.13111111111111112, ""window"": 2250.0, ""span"": 180.0}"
2023-11-17 18:00:00,KZT,reversal,"reversal(max_days_since_min=180,rearm=27,rise_bps=20,window=540)",WINDOW_CLOSING,up,1.0,slow,1,0.1949749999999999,"{""window"": 540, ""rise_bps"": 20, ""max_days_since_min"": 180, ""rearm"": 27, ""_feasible"": true, ""_n_feasible"": 4, ""_score"": 0.8786}","{""rise_pct"": 1.4438085327783456, ""min_rate"": 0.1921999999999999, ""days_since_min"": 8.0, ""window"": 540.0}"
2023-11-21 11:00:00,KZT,dip_vs_trend,"dip_vs_trend(pct=0.2,rearm=27,span=180,window=2250)",BUY_NOW,down,0.5666666666666667,medium,1,0.19115,"{""span"": 180, ""window"": 2250, ""pct"": 0.2, ""rearm"": 27, ""_feasible"": false, ""_n_feasible"": 0, ""_score"": 1.4295}","{""dev_pct"": -2.9356691738868235, ""pct_rank"": 0.08666666666666667, ""window"": 2250.0, ""span"": 180.0}"
2023-11-22 09:00:00,KZT,reversal,"reversal(max_days_since_min=180,rearm=27,rise_bps=20,window=540)",WINDOW_CLOSING,up,1.0,slow,1,0.192625,"{""window"": 540, ""rise_bps"": 20, ""max_days_since_min"": 180, ""rearm"": 27, ""_feasible"": true, ""_n_feasible"": 4, ""_score"": 0.8786}","{""rise_pct"": 0.9961987154279539, ""min_rate"": 0.190725, ""days_since_min"": 21.0, ""window"": 540.0}"
2023-11-22 12:00:00,KZT,momentum,"momentum(n=2,rearm=27)",BUY_NOW,down,0.5,fast,1,0.192725,"{""n"": 2, ""rearm"": 27, ""_feasible"": true, ""_n_feasible"": 5, ""_score"": 1.2148}","{""streak"": 2.0, ""drop_pct"": -0.0518604952677193}"
2023-11-22 15:00:00,KZT,level,"level(pct=0.3,rearm=27,stall_days=27,window=540)",BUY_NOW,down,0.6851851851851851,medium,1,0.194075,"{""window"": 540, ""pct"": 0.3, ""stall_days"": 27, ""rearm"": 27, ""_feasible"": true, ""_n_feasible"": 6, ""_score"": 1.2406}","{""pct_rank"": 0.09444444444444444, ""window"": 540.0, ""days_since_min"": 27.0}"
2023-11-23 14:00:00,KZT,dip_vs_trend,"dip_vs_trend(pct=0.2,rearm=27,span=180,window=2250)",BUY_NOW,down,0.20000000000000007,medium,1,0.1916,"{""span"": 180, ""window"": 2250, ""pct"": 0.2, ""rearm"": 27, ""_feasible"": false, ""_n_feasible"": 0, ""_score"": 1.4295}","{""dev_pct"": -2.197355006756385, ""pct_rank"": 0.16, ""window"": 2250.0, ""span"": 180.0}"
2023-11-24 12:00:00,KZT,reversal,"reversal(max_days_since_min=180,rearm=27,rise_bps=20,window=540)",WINDOW_CLOSING,up,1.0,slow,1,0.191525,"{""window"": 540, ""rise_bps"": 20, ""max_days_since_min"": 180, ""rearm"": 27, ""_feasible"": true, ""_n_feasible"": 4, ""_score"": 0.8786}","{""rise_pct"": 0.485309548793289, ""min_rate"": 0.1906, ""days_since_min"": 15.0, ""window"": 540.0}"
2023-11-24 18:00:00,KZT,momentum,"momentum(n=2,rearm=27)",BUY_NOW,down,0.5,fast,1,0.1934499999999999,"{""n"": 2, ""rearm"": 27, ""_feasible"": true, ""_n_feasible"": 5, ""_score"": 1.2148}","{""streak"": 2.0, ""drop_pct"": -0.14195380049037976}"
2023-11-27 11:00:00,KZT,level,"level(pct=0.3,rearm=27,stall_days=27,window=540)",BUY_NOW,down,0.6172839506172839,medium,1,0.193225,"{""window"": 540, ""pct"": 0.3, ""stall_days"": 27, ""rearm"": 27, ""_feasible"": true, ""_n_feasible"": 6, ""_score"": 1.2406}","{""pct_rank"": 0.11481481481481481, ""window"": 540.0, ""days_since_min"": 27.0}"
2023-11-28 14:00:00,KZT,reversal,"reversal(max_days_since_min=180,rearm=27,rise_bps=20,window=540)",WINDOW_CLOSING,up,1.0,slow,1,0.193125,"{""window"": 540, ""rise_bps"": 20, ""max_days_since_min"": 180, ""rearm"": 27, ""_feasible"": true, ""_n_feasible"": 4, ""_score"": 0.8786}","{""rise_pct"": 1.3247639034627445, ""min_rate"": 0.1906, ""days_since_min"": 42.0, ""window"": 540.0}"
2023-11-29 09:00:00,KZT,momentum,"momentum(n=2,rearm=27)",BUY_NOW,down,0.5,fast,1,0.1937,"{""n"": 2, ""rearm"": 27, ""_feasible"": true, ""_n_feasible"": 5, ""_score"": 1.2148}","{""streak"": 2.0, ""drop_pct"": -1.424936386768394}"
2023-11-29 13:00:00,KZT,level,"level(pct=0.3,rearm=27,stall_days=27,window=540)",BUY_NOW,down,0.38888888888888895,medium,1,0.193975,"{""window"": 540, ""pct"": 0.3, ""stall_days"": 27, ""rearm"": 27, ""_feasible"": true, ""_n_feasible"": 6, ""_score"": 1.2406}","{""pct_rank"": 0.18333333333333332, ""window"": 540.0, ""days_since_min"": 54.0}"
2023-11-30 16:00:00,KZT,reversal,"reversal(max_days_since_min=180,rearm=27,rise_bps=20,window=540)",WINDOW_CLOSING,up,1.0,slow,1,0.1935,"{""window"": 540, ""rise_bps"": 20, ""max_days_since_min"": 180, ""rearm"": 27, ""_feasible"": true, ""_n_feasible"": 4, ""_score"": 0.8786}","{""rise_pct"": 1.5215110178384175, ""min_rate"": 0.1906, ""days_since_min"": 69.0, ""window"": 540.0}"
2023-12-01 15:00:00,KZT,momentum,"momentum(n=2,rearm=27)",BUY_NOW,down,0.5,fast,2,0.1951999999999999,"{""n"": 2, ""rearm"": 27, ""_feasible"": true, ""_n_feasible"": 6, ""_score"": 1.2148}","{""streak"": 2.0, ""drop_pct"": -0.10235414534293108}"
2023-12-01 18:00:00,KZT,level,"level(pct=0.3,rearm=45,stall_days=0,window=540)",BUY_NOW,down,0.012345679012345734,medium,2,0.1959,"{""window"": 540, ""pct"": 0.3, ""stall_days"": 0, ""rearm"": 45, ""_feasible"": true, ""_n_feasible"": 10, ""_score"": 1.2146}","{""pct_rank"": 0.2962962962962963, ""window"": 540.0, ""days_since_min"": 83.0}"
2023-12-04 18:00:00,KZT,reversal,"reversal(max_days_since_min=180,rearm=27,rise_bps=20,window=540)",WINDOW_CLOSING,up,1.0,slow,2,0.197525,"{""window"": 540, ""rise_bps"": 20, ""max_days_since_min"": 180, ""rearm"": 27, ""_feasible"": true, ""_n_feasible"": 4, ""_score"": 0.656}","{""rise_pct"": 3.633263378803786, ""min_rate"": 0.1906, ""days_since_min"": 96.0, ""window"": 540.0}"
2023-12-06 09:00:00,KZT,momentum,"momentum(n=2,rearm=27)",BUY_NOW,down,0.5,fast,2,0.201725,"{""n"": 2, ""rearm"": 27, ""_feasible"": true, ""_n_feasible"": 6, ""_score"": 1.2148}","{""streak"": 2.0, ""drop_pct"": -0.3581131143492233}"
2023-12-07 08:00:00,KZT,reversal,"reversal(max_days_since_min=180,rearm=27,rise_bps=20,window=540)",WINDOW_CLOSING,up,1.0,slow,2,0.202725,"{""window"": 540, ""rise_bps"": 20, ""max_days_since_min"": 180, ""rearm"": 27, ""_feasible"": true, ""_n_feasible"": 4, ""_score"": 0.656}","{""rise_pct"": 6.361490031479544, ""min_rate"": 0.1906, ""days_since_min"": 123.0, ""window"": 540.0}"
2023-12-08 12:00:00,KZT,momentum,"momentum(n=2,rearm=27)",BUY_NOW,down,1.0,fast,2,0.2005,"{""n"": 2, ""rearm"": 27, ""_feasible"": true, ""_n_feasible"": 6, ""_score"": 1.2148}","{""streak"": 5.0, ""drop_pct"": -0.987654320987652}"
2023-12-11 11:00:00,KZT,reversal,"reversal(max_days_since_min=180,rearm=27,rise_bps=20,window=540)",WINDOW_CLOSING,up,1.0,slow,2,0.199375,"{""window"": 540, ""rise_bps"": 20, ""max_days_since_min"": 180, ""rearm"": 27, ""_feasible"": true, ""_n_feasible"": 4, ""_score"": 0.656}","{""rise_pct"": 4.603882476390342, ""min_rate"": 0.1906, ""days_since_min"": 150.0, ""window"": 540.0}"
2023-12-13 12:00:00,KZT,momentum,"momentum(n=2,rearm=27)",BUY_NOW,down,0.5,fast,2,0.196975,"{""n"": 2, ""rearm"": 27, ""_feasible"": true, ""_n_feasible"": 6, ""_score"": 1.2148}","{""streak"": 2.0, ""drop_pct"": -0.3541166055393896}"
2023-12-13 14:00:00,KZT,reversal,"reversal(max_days_since_min=180,rearm=27,rise_bps=20,window=540)",WINDOW_CLOSING,up,1.0,slow,2,0.196825,"{""window"": 540, ""rise_bps"": 20, ""max_days_since_min"": 180, ""rearm"": 27, ""_feasible"": true, ""_n_feasible"": 4, ""_score"": 0.656}","{""rise_pct"": 3.2660020986359006, ""min_rate"": 0.1906, ""days_since_min"": 177.0, ""window"": 540.0}"
2023-12-14 08:00:00,KZT,level,"level(pct=0.3,rearm=45,stall_days=0,window=540)",BUY_NOW,down,0.024691358024691357,medium,2,0.19565,"{""window"": 540, ""pct"": 0.3, ""stall_days"": 0, ""rearm"": 45, ""_feasible"": true, ""_n_feasible"": 10, ""_score"": 1.2146}","{""pct_rank"": 0.29259259259259257, ""window"": 540.0, ""days_since_min"": 183.0}"
2023-12-15 19:00:00,KZT,momentum,"momentum(n=2,rearm=27)",BUY_NOW,down,0.5,fast,2,0.196525,"{""n"": 2, ""rearm"": 27, ""_feasible"": true, ""_n_feasible"": 6, ""_score"": 1.2148}","{""streak"": 2.0, ""drop_pct"": -0.5943348507840063}"
2023-12-21 09:00:00,KZT,momentum,"momentum(n=2,rearm=27)",BUY_NOW,down,0.5,fast,2,0.197825,"{""n"": 2, ""rearm"": 27, ""_feasible"": true, ""_n_feasible"": 6, ""_score"": 1.2148}","{""streak"": 2.0, ""drop_pct"": -2.042584798217373}"
2023-12-25 17:00:00,KZT,momentum,"momentum(n=2,rearm=27)",BUY_NOW,down,0.5,fast,2,0.201175,"{""n"": 2, ""rearm"": 27, ""_feasible"": true, ""_n_feasible"": 6, ""_score"": 1.2148}","{""streak"": 2.0, ""drop_pct"": -0.38375835602871833}"
2023-12-28 08:00:00,KZT,momentum,"momentum(n=2,rearm=27)",BUY_NOW,down,1.0,fast,2,0.2004,"{""n"": 2, ""rearm"": 27, ""_feasible"": true, ""_n_feasible"": 6, ""_score"": 1.2148}","{""streak"": 5.0, ""drop_pct"": -0.6937561942517378}"
2024-01-03 16:00:00,KZT,momentum,"momentum(n=2,rearm=27)",BUY_NOW,down,0.5,fast,2,0.200625,"{""n"": 2, ""rearm"": 27, ""_feasible"": true, ""_n_feasible"": 6, ""_score"": 1.2148}","{""streak"": 2.0, ""drop_pct"": -0.3848063555114245}"
2024-01-08 10:00:00,KZT,momentum,"momentum(n=2,rearm=27)",BUY_NOW,down,0.5,fast,2,0.2014,"{""n"": 2, ""rearm"": 27, ""_feasible"": true, ""_n_feasible"": 6, ""_score"": 1.2148}","{""streak"": 2.0, ""drop_pct"": -0.3463631865413208}"
2024-01-11 09:00:00,KZT,momentum,"momentum(n=2,rearm=27)",BUY_NOW,down,0.5,fast,2,0.19735,"{""n"": 2, ""rearm"": 27, ""_feasible"": true, ""_n_feasible"": 6, ""_score"": 1.2148}","{""streak"": 2.0, ""drop_pct"": -0.4162987258735873}"
2024-01-12 10:00:00,KZT,level,"level(pct=0.3,rearm=45,stall_days=0,window=540)",BUY_NOW,down,0.030864197530864113,medium,2,0.1955249999999999,"{""window"": 540, ""pct"": 0.3, ""stall_days"": 0, ""rearm"": 45, ""_feasible"": true, ""_n_feasible"": 10, ""_score"": 1.2146}","{""pct_rank"": 0.29074074074074074, ""window"": 540.0, ""days_since_min"": 414.0}"
2024-01-12 12:00:00,KZT,dip_vs_trend,"dip_vs_trend(pct=0.15,rearm=27,span=180,window=1080)",BUY_NOW,down,0.024691358024691357,medium,2,0.195325,"{""span"": 180, ""window"": 1080, ""pct"": 0.15, ""rearm"": 27, ""_feasible"": true, ""_n_feasible"": 3, ""_score"": 1.1772}","{""dev_pct"": -2.2513590101276737, ""pct_rank"": 0.14629629629629629, ""window"": 1080.0, ""span"": 180.0}"
2024-01-15 12:00:00,KZT,momentum,"momentum(n=2,rearm=27)",BUY_NOW,down,1.0,fast,2,0.194175,"{""n"": 2, ""rearm"": 27, ""_feasible"": true, ""_n_feasible"": 6, ""_score"": 1.2148}","{""streak"": 4.0, ""drop_pct"": -0.8045977011493788}"
2024-01-16 16:00:00,KZT,dip_vs_trend,"dip_vs_trend(pct=0.15,rearm=27,span=180,window=1080)",BUY_NOW,down,0.0,medium,2,0.194425,"{""span"": 180, ""window"": 1080, ""pct"": 0.15, ""rearm"": 27, ""_feasible"": true, ""_n_feasible"": 3, ""_score"": 1.1772}","{""dev_pct"": -2.298040321443695, ""pct_rank"": 0.15, ""window"": 1080.0, ""span"": 180.0}"
2024-01-18 11:00:00,KZT,momentum,"momentum(n=2,rearm=27)",BUY_NOW,down,0.5,fast,2,0.1964999999999999,"{""n"": 2, ""rearm"": 27, ""_feasible"": true, ""_n_feasible"": 6, ""_score"": 1.2148}","{""streak"": 2.0, ""drop_pct"": -0.5189216554867038}"
2024-01-22 18:00:00,KZT,momentum,"momentum(n=2,rearm=27)",BUY_NOW,down,0.5,fast,2,0.1970499999999999,"{""n"": 2, ""rearm"": 27, ""_feasible"": true, ""_n_feasible"": 6, ""_score"": 1.2148}","{""streak"": 2.0, ""drop_pct"": -0.22784810126588173}"
2024-01-25 08:00:00,KZT,momentum,"momentum(n=2,rearm=27)",BUY_NOW,down,0.5,fast,2,0.198875,"{""n"": 2, ""rearm"": 27, ""_feasible"": true, ""_n_feasible"": 6, ""_score"": 1.2148}","{""streak"": 2.0, ""drop_pct"": -1.790123456790127}"
2024-01-29 09:00:00,KZT,momentum,"momentum(n=2,rearm=27)",BUY_NOW,down,0.75,fast,2,0.199875,"{""n"": 2, ""rearm"": 27, ""_feasible"": true, ""_n_feasible"": 6, ""_score"": 1.2148}","{""streak"": 3.0, ""drop_pct"": -1.051980198019753}"
2024-01-31 12:00:00,KZT,momentum,"momentum(n=2,rearm=27)",BUY_NOW,down,0.5,fast,2,0.200075,"{""n"": 2, ""rearm"": 27, ""_feasible"": true, ""_n_feasible"": 6, ""_score"": 1.2148}","{""streak"": 2.0, ""drop_pct"": -0.33623910336234575}"
2024-02-02 18:00:00,KZT,momentum,"momentum(n=2,rearm=27)",BUY_NOW,down,0.5,fast,2,0.2007,"{""n"": 2, ""rearm"": 27, ""_feasible"": true, ""_n_feasible"": 6, ""_score"": 1.2148}","{""streak"": 2.0, ""drop_pct"": -0.5820433436532602}"
2024-02-05 07:00:00,KZT,reversal,"reversal(max_days_since_min=180,rearm=27,rise_bps=20,window=540)",WINDOW_CLOSING,up,1.0,slow,2,0.201325,"{""window"": 540, ""rise_bps"": 20, ""max_days_since_min"": 180, ""rearm"": 27, ""_feasible"": true, ""_n_feasible"": 4, ""_score"": 0.656}","{""rise_pct"": 3.7891480860935634, ""min_rate"": 0.193975, ""days_since_min"": 169.0, ""window"": 540.0}"
2024-02-07 17:00:00,KZT,momentum,"momentum(n=2,rearm=27)",BUY_NOW,down,0.5,fast,2,0.2009,"{""n"": 2, ""rearm"": 27, ""_feasible"": true, ""_n_feasible"": 6, ""_score"": 1.2148}","{""streak"": 2.0, ""drop_pct"": -0.5937654626422595}"
2024-02-12 09:00:00,KZT,momentum,"momentum(n=2,rearm=27)",BUY_NOW,down,0.5,fast,2,0.203675,"{""n"": 2, ""rearm"": 27, ""_feasible"": true, ""_n_feasible"": 6, ""_score"": 1.2148}","{""streak"": 2.0, ""drop_pct"": -0.6463414634146347}"
2024-02-14 14:00:00,KZT,momentum,"momentum(n=2,rearm=27)",BUY_NOW,down,0.5,fast,2,0.2044,"{""n"": 2, ""rearm"": 27, ""_feasible"": true, ""_n_feasible"": 6, ""_score"": 1.2148}","{""streak"": 2.0, ""drop_pct"": -0.09775171065493637}"
2024-02-19 08:00:00,KZT,momentum,"momentum(n=2,rearm=27)",BUY_NOW,down,0.5,fast,2,0.2058749999999999,"{""n"": 2, ""rearm"": 27, ""_feasible"": true, ""_n_feasible"": 6, ""_score"": 1.2148}","{""streak"": 2.0, ""drop_pct"": -2.889150943396279}"
2024-02-21 17:00:00,KZT,momentum,"momentum(n=2,rearm=27)",BUY_NOW,down,0.5,fast,2,0.2028,"{""n"": 2, ""rearm"": 27, ""_feasible"": true, ""_n_feasible"": 6, ""_score"": 1.2148}","{""streak"": 2.0, ""drop_pct"": -1.4577259475218152}"
2024-02-27 08:00:00,KZT,momentum,"momentum(n=2,rearm=27)",BUY_NOW,down,0.5,fast,2,0.2061,"{""n"": 2, ""rearm"": 27, ""_feasible"": true, ""_n_feasible"": 6, ""_score"": 1.2148}","{""streak"": 2.0, ""drop_pct"": -0.22994069950376117}"
2024-02-29 11:00:00,KZT,momentum,"momentum(n=2,rearm=27)",BUY_NOW,down,0.5,fast,2,0.2019999999999999,"{""n"": 2, ""rearm"": 27, ""_feasible"": true, ""_n_feasible"": 6, ""_score"": 1.2148}","{""streak"": 2.0, ""drop_pct"": -0.41902883904367805}"
2024-02-29 13:00:00,KZT,dip_vs_trend,"dip_vs_trend(pct=0.15,rearm=27,span=180,window=1080)",BUY_NOW,down,0.0679012345679012,medium,2,0.201275,"{""span"": 180, ""window"": 1080, ""pct"": 0.15, ""rearm"": 27, ""_feasible"": true, ""_n_feasible"": 3, ""_score"": 1.1772}","{""dev_pct"": -1.8308407967175033, ""pct_rank"": 0.1398148148148148, ""window"": 1080.0, ""span"": 180.0}"
2024-03-06 08:00:00,KZT,momentum,"momentum(n=2,rearm=27)",BUY_NOW,down,0.5,fast,2,0.203075,"{""n"": 2, ""rearm"": 27, ""_feasible"": true, ""_n_feasible"": 6, ""_score"": 1.2148}","{""streak"": 2.0, ""drop_pct"": -0.2823471642523945}"
2024-03-06 12:00:00,KZT,dip_vs_trend,"dip_vs_trend(pct=0.15,rearm=27,span=180,window=1080)",BUY_NOW,down,0.024691358024691357,medium,2,0.201825,"{""span"": 180, ""window"": 1080, ""pct"": 0.15, ""rearm"": 27, ""_feasible"": true, ""_n_feasible"": 3, ""_score"": 1.1772}","{""dev_pct"": -1.4192764071500275, ""pct_rank"": 0.14629629629629629, ""window"": 1080.0, ""span"": 180.0}"
2024-03-11 09:00:00,KZT,momentum,"momentum(n=2,rearm=27)",BUY_NOW,down,0.5,fast,2,0.202775,"{""n"": 2, ""rearm"": 27, ""_feasible"": true, ""_n_feasible"": 6, ""_score"": 1.2148}","{""streak"": 2.0, ""drop_pct"": -0.2582390555828318}"
2024-03-11 15:00:00,KZT,dip_vs_trend,"dip_vs_trend(pct=0.15,rearm=27,span=180,window=1080)",BUY_NOW,down,0.030864197530864113,medium,2,0.2014999999999999,"{""span"": 180, ""window"": 1080, ""pct"": 0.15, ""rearm"": 27, ""_feasible"": true, ""_n_feasible"": 3, ""_score"": 1.1772}","{""dev_pct"": -1.4086038457984174, ""pct_rank"": 0.14537037037037037, ""window"": 1080.0, ""span"": 180.0}"
2024-03-13 16:00:00,KZT,momentum,"momentum(n=2,rearm=27)",BUY_NOW,down,0.5,fast,2,0.2029,"{""n"": 2, ""rearm"": 27, ""_feasible"": true, ""_n_feasible"": 6, ""_score"": 1.2148}","{""streak"": 2.0, ""drop_pct"": -0.5026357729557396}"
2024-03-18 11:00:00,KZT,momentum,"momentum(n=2,rearm=27)",BUY_NOW,down,0.5,fast,2,0.2048,"{""n"": 2, ""rearm"": 27, ""_feasible"": true, ""_n_feasible"": 6, ""_score"": 1.2148}","{""streak"": 2.0, ""drop_pct"": -0.9551444807157417}"
2024-03-20 17:00:00,KZT,momentum,"momentum(n=2,rearm=27)",BUY_NOW,down,0.5,fast,2,0.2058749999999999,"{""n"": 2, ""rearm"": 27, ""_feasible"": true, ""_n_feasible"": 6, ""_score"": 1.2148}","{""streak"": 2.0, ""drop_pct"": -0.3267973856209694}"
2024-03-25 15:00:00,KZT,momentum,"momentum(n=2,rearm=27)",BUY_NOW,down,0.5,fast,2,0.2148,"{""n"": 2, ""rearm"": 27, ""_feasible"": true, ""_n_feasible"": 6, ""_score"": 1.2148}","{""streak"": 2.0, ""drop_pct"": -1.4678899082568808}"
2024-03-27 16:00:00,KZT,momentum,"momentum(n=2,rearm=27)",BUY_NOW,down,1.0,fast,2,0.205675,"{""n"": 2, ""rearm"": 27, ""_feasible"": true, ""_n_feasible"": 6, ""_score"": 1.2148}","{""streak"": 5.0, ""drop_pct"": -0.45977011494253706}"
2024-04-01 08:00:00,KZT,momentum,"momentum(n=2,rearm=27)",BUY_NOW,down,0.5,fast,2,0.206775,"{""n"": 2, ""rearm"": 27, ""_feasible"": true, ""_n_feasible"": 6, ""_score"": 1.2148}","{""streak"": 2.0, ""drop_pct"": -0.5171999037767772}"
2024-04-03 13:00:00,KZT,momentum,"momentum(n=2,rearm=27)",BUY_NOW,down,0.5,fast,2,0.206675,"{""n"": 2, ""rearm"": 27, ""_feasible"": true, ""_n_feasible"": 6, ""_score"": 1.2148}","{""streak"": 2.0, ""drop_pct"": -0.2894705101917694}"
2024-04-05 17:00:00,KZT,momentum,"momentum(n=2,rearm=27)",BUY_NOW,down,0.5,fast,2,0.20665,"{""n"": 2, ""rearm"": 27, ""_feasible"": true, ""_n_feasible"": 6, ""_score"": 1.2148}","{""streak"": 2.0, ""drop_pct"": -0.12083131947800974}"
2024-04-10 13:00:00,KZT,momentum,"momentum(n=2,rearm=27)",BUY_NOW,down,0.5,fast,2,0.208075,"{""n"": 2, ""rearm"": 27, ""_feasible"": true, ""_n_feasible"": 6, ""_score"": 1.2148}","{""streak"": 2.0, ""drop_pct"": -0.23972192256982439}"
2024-04-12 18:00:00,KZT,momentum,"momentum(n=2,rearm=27)",BUY_NOW,down,0.5,fast,2,0.2082,"{""n"": 2, ""rearm"": 27, ""_feasible"": true, ""_n_feasible"": 6, ""_score"": 1.2148}","{""streak"": 2.0, ""drop_pct"": -0.19175455417066445}"
2024-04-17 18:00:00,KZT,momentum,"momentum(n=2,rearm=27)",BUY_NOW,down,0.5,fast,2,0.2103249999999999,"{""n"": 2, ""rearm"": 27, ""_feasible"": true, ""_n_feasible"": 6, ""_score"": 1.2148}","{""streak"": 2.0, ""drop_pct"": -0.22533206831123476}"
2024-04-23 15:00:00,KZT,momentum,"momentum(n=2,rearm=27)",BUY_NOW,down,0.5,fast,2,0.209925,"{""n"": 2, ""rearm"": 27, ""_feasible"": true, ""_n_feasible"": 6, ""_score"": 1.2148}","{""streak"": 2.0, ""drop_pct"": -0.2257604562737603}"
2024-04-25 12:00:00,KZT,dip_vs_trend,"dip_vs_trend(pct=0.15,rearm=27,span=180,window=1080)",BUY_NOW,down,0.0679012345679012,medium,2,0.207225,"{""span"": 180, ""window"": 1080, ""pct"": 0.15, ""rearm"": 27, ""_feasible"": true, ""_n_feasible"": 3, ""_score"": 1.1772}","{""dev_pct"": -0.8207438743338624, ""pct_rank"": 0.1398148148148148, ""window"": 1080.0, ""span"": 180.0}"
2024-04-25 18:00:00,KZT,momentum,"momentum(n=2,rearm=27)",BUY_NOW,down,0.5,fast,2,0.20675,"{""n"": 2, ""rearm"": 27, ""_feasible"": true, ""_n_feasible"": 6, ""_score"": 1.2148}","{""streak"": 2.0, ""drop_pct"": -0.4334216229231913}"
2024-04-27 14:00:00,KZT,dip_vs_trend,"dip_vs_trend(pct=0.15,rearm=27,span=180,window=1080)",BUY_NOW,down,0.16666666666666663,medium,2,0.207,"{""span"": 180, ""window"": 1080, ""pct"": 0.15, ""rearm"": 27, ""_feasible"": true, ""_n_feasible"": 3, ""_score"": 1.1772}","{""dev_pct"": -0.9473932562614085, ""pct_rank"": 0.125, ""window"": 1080.0, ""span"": 180.0}"
2024-05-02 09:00:00,KZT,momentum,"momentum(n=2,rearm=27)",BUY_NOW,down,0.5,fast,2,0.209775,"{""n"": 2, ""rearm"": 27, ""_feasible"": true, ""_n_feasible"": 6, ""_score"": 1.2148}","{""streak"": 2.0, ""drop_pct"": -0.6629572629335945}"
2024-05-02 12:00:00,KZT,dip_vs_trend,"dip_vs_trend(pct=0.15,rearm=27,span=180,window=1080)",BUY_NOW,down,0.08641975308641969,medium,2,0.207475,"{""span"": 180, ""window"": 1080, ""pct"": 0.15, ""rearm"": 27, ""_feasible"": true, ""_n_feasible"": 3, ""_score"": 1.1772}","{""dev_pct"": -0.8812940331842101, ""pct_rank"": 0.13703703703703704, ""window"": 1080.0, ""span"": 180.0}"
2024-05-06 11:00:00,KZT,momentum,"momentum(n=2,rearm=27)",BUY_NOW,down,0.5,fast,2,0.2084,"{""n"": 2, ""rearm"": 27, ""_feasible"": true, ""_n_feasible"": 6, ""_score"": 1.2148}","{""streak"": 2.0, ""drop_pct"": -0.14374700527072237}"
2024-05-06 15:00:00,KZT,dip_vs_trend,"dip_vs_trend(pct=0.15,rearm=27,span=180,window=1080)",BUY_NOW,down,0.10493827160493818,medium,2,0.2072,"{""span"": 180, ""window"": 1080, ""pct"": 0.15, ""rearm"": 27, ""_feasible"": true, ""_n_feasible"": 3, ""_score"": 1.1772}","{""dev_pct"": -0.9343187839910616, ""pct_rank"": 0.13425925925925927, ""window"": 1080.0, ""span"": 180.0}"
2024-05-08 16:00:00,KZT,momentum,"momentum(n=2,rearm=27)",BUY_NOW,down,0.5,fast,2,0.2098999999999999,"{""n"": 2, ""rearm"": 27, ""_feasible"": true, ""_n_feasible"": 6, ""_score"": 1.2148}","{""streak"": 2.0, ""drop_pct"": -0.37968675842434685}"
2024-05-13 19:00:00,KZT,momentum,"momentum(n=2,rearm=27)",BUY_NOW,down,0.75,fast,2,0.2072,"{""n"": 2, ""rearm"": 27, ""_feasible"": true, ""_n_feasible"": 6, ""_score"": 1.2148}","{""streak"": 3.0, ""drop_pct"": -0.6473267801486493}"
2024-05-14 15:00:00,KZT,dip_vs_trend,"dip_vs_trend(pct=0.15,rearm=27,span=180,window=1080)",BUY_NOW,down,0.03703703703703709,medium,2,0.207,"{""span"": 180, ""window"": 1080, ""pct"": 0.15, ""rearm"": 27, ""_feasible"": true, ""_n_feasible"": 3, ""_score"": 1.1772}","{""dev_pct"": -0.8664870326261176, ""pct_rank"": 0.14444444444444443, ""window"": 1080.0, ""span"": 180.0}"
2024-05-15 12:00:00,KZT,level,"level(pct=0.3,rearm=45,stall_days=0,window=540)",BUY_NOW,down,0.0679012345679012,medium,2,0.2068499999999999,"{""window"": 540, ""pct"": 0.3, ""stall_days"": 0, ""rearm"": 45, ""_feasible"": true, ""_n_feasible"": 10, ""_score"": 1.2146}","{""pct_rank"": 0.2796296296296296, ""window"": 540.0, ""days_since_min"": 538.0}"
2024-05-16 09:00:00,KZT,momentum,"momentum(n=2,rearm=27)",BUY_NOW,down,0.5,fast,2,0.2062999999999999,"{""n"": 2, ""rearm"": 27, ""_feasible"": true, ""_n_feasible"": 6, ""_score"": 1.2148}","{""streak"": 2.0, ""drop_pct"": -0.31408552790533895}"
2024-05-16 18:00:00,KZT,dip_vs_trend,"dip_vs_trend(pct=0.15,rearm=27,span=180,window=1080)",BUY_NOW,down,0.7037037037037037,medium,2,0.205,"{""span"": 180, ""window"": 1080, ""pct"": 0.15, ""rearm"": 27, ""_feasible"": true, ""_n_feasible"": 3, ""_score"": 1.1772}","{""dev_pct"": -1.5937676052816818, ""pct_rank"": 0.044444444444444446, ""window"": 1080.0, ""span"": 180.0}"
2024-05-20 14:00:00,KZT,momentum,"momentum(n=2,rearm=27)",BUY_NOW,down,0.5,fast,2,0.2042,"{""n"": 2, ""rearm"": 27, ""_feasible"": true, ""_n_feasible"": 6, ""_score"": 1.2148}","{""streak"": 2.0, ""drop_pct"": -0.39024390243902474}"
2024-05-20 18:00:00,KZT,reversal,"reversal(max_days_since_min=180,rearm=27,rise_bps=20,window=540)",WINDOW_CLOSING,up,1.0,slow,2,0.2055,"{""window"": 540, ""rise_bps"": 20, ""max_days_since_min"": 180, ""rearm"": 27, ""_feasible"": true, ""_n_feasible"": 4, ""_score"": 0.656}","{""rise_pct"": 0.6366307541625815, ""min_rate"": 0.2042, ""days_since_min"": 4.0, ""window"": 540.0}"
2024-05-20 19:00:00,KZT,dip_vs_trend,"dip_vs_trend(pct=0.15,rearm=27,span=180,window=1080)",BUY_NOW,down,0.21604938271604934,medium,2,0.20595,"{""span"": 180, ""window"": 1080, ""pct"": 0.15, ""rearm"": 27, ""_feasible"": true, ""_n_feasible"": 3, ""_score"": 1.1772}","{""dev_pct"": -0.9721536773480755, ""pct_rank"": 0.1175925925925926, ""window"": 1080.0, ""span"": 180.0}"
2024-05-20 19:00:00,KZT,level,"level(pct=0.3,rearm=45,stall_days=0,window=540)",BUY_NOW,down,0.5802469135802469,medium,2,0.20595,"{""window"": 540, ""pct"": 0.3, ""stall_days"": 0, ""rearm"": 45, ""_feasible"": true, ""_n_feasible"": 10, ""_score"": 1.2146}","{""pct_rank"": 0.1259259259259259, ""window"": 540.0, ""days_since_min"": 5.0}"
2024-05-22 19:00:00,KZT,momentum,"momentum(n=2,rearm=27)",BUY_NOW,down,0.5,fast,2,0.2032999999999999,"{""n"": 2, ""rearm"": 27, ""_feasible"": true, ""_n_feasible"": 6, ""_score"": 1.2148}","{""streak"": 2.0, ""drop_pct"": -0.39196472317496456}"
2024-05-23 09:00:00,KZT,reversal,"reversal(max_days_since_min=180,rearm=27,rise_bps=20,window=540)",WINDOW_CLOSING,up,0.6455976389573292,slow,2,0.203825,"{""window"": 540, ""rise_bps"": 20, ""max_days_since_min"": 180, ""rearm"": 27, ""_feasible"": true, ""_n_feasible"": 4, ""_score"": 0.656}","{""rise_pct"": 0.2582390555829317, ""min_rate"": 0.2032999999999999, ""days_since_min"": 2.0, ""window"": 540.0}"
2024-05-23 10:00:00,KZT,dip_vs_trend,"dip_vs_trend(pct=0.15,rearm=27,span=180,window=1080)",BUY_NOW,down,0.8641975308641975,medium,2,0.203825,"{""span"": 180, ""window"": 1080, ""pct"": 0.15, ""rearm"": 27, ""_feasible"": true, ""_n_feasible"": 3, ""_score"": 1.1772}","{""dev_pct"": -1.616396864950309, ""pct_rank"": 0.020370370370370372, ""window"": 1080.0, ""span"": 180.0}"
2024-05-24 16:00:00,KZT,level,"level(pct=0.3,rearm=45,stall_days=0,window=540)",BUY_NOW,down,0.9629629629629629,medium,2,0.202675,"{""window"": 540, ""pct"": 0.3, ""stall_days"": 0, ""rearm"": 45, ""_feasible"": true, ""_n_feasible"": 10, ""_score"": 1.2146}","{""pct_rank"": 0.011111111111111112, ""window"": 540.0, ""days_since_min"": 5.0}"
2024-05-27 09:00:00,KZT,momentum,"momentum(n=2,rearm=27)",BUY_NOW,down,0.5,fast,2,0.201925,"{""n"": 2, ""rearm"": 27, ""_feasible"": true, ""_n_feasible"": 6, ""_score"": 1.2148}","{""streak"": 2.0, ""drop_pct"": -0.7007622326038909}"
2024-05-27 12:00:00,KZT,dip_vs_trend,"dip_vs_trend(pct=0.15,rearm=27,span=180,window=1080)",BUY_NOW,down,0.9938271604938271,medium,2,0.2002,"{""span"": 180, ""window"": 1080, ""pct"": 0.15, ""rearm"": 27, ""_feasible"": true, ""_n_feasible"": 3, ""_score"": 1.1772}","{""dev_pct"": -2.985074626865669, ""pct_rank"": 0.000925925925925926, ""window"": 1080.0, ""span"": 180.0}"
2024-05-27 14:00:00,KZT,reversal,"reversal(max_days_since_min=180,rearm=27,rise_bps=20,window=540)",WINDOW_CLOSING,up,0.5933050212340585,slow,2,0.200625,"{""window"": 540, ""rise_bps"": 20, ""max_days_since_min"": 180, ""rearm"": 27, ""_feasible"": true, ""_n_feasible"": 4, ""_score"": 0.656}","{""rise_pct"": 0.2373220084936234, ""min_rate"": 0.20015, ""days_since_min"": 1.0, ""window"": 540.0}"
2024-05-29 15:00:00,KZT,dip_vs_trend,"dip_vs_trend(pct=0.15,rearm=27,span=180,window=1080)",BUY_NOW,down,0.6975308641975309,medium,2,0.20165,"{""span"": 180, ""window"": 1080, ""pct"": 0.15, ""rearm"": 27, ""_feasible"": true, ""_n_feasible"": 3, ""_score"": 1.1772}","{""dev_pct"": -1.7483073529063309, ""pct_rank"": 0.04537037037037037, ""window"": 1080.0, ""span"": 180.0}"
2024-05-29 17:00:00,KZT,reversal,"reversal(max_days_since_min=180,rearm=27,rise_bps=20,window=540)",WINDOW_CLOSING,up,1.0,slow,2,0.2019999999999999,"{""window"": 540, ""rise_bps"": 20, ""max_days_since_min"": 180, ""rearm"": 27, ""_feasible"": true, ""_n_feasible"": 4, ""_score"": 0.656}","{""rise_pct"": 0.962139197800771, ""min_rate"": 0.200075, ""days_since_min"": 17.0, ""window"": 540.0}"
2024-05-29 18:00:00,KZT,momentum,"momentum(n=2,rearm=27)",BUY_NOW,down,0.5,fast,2,0.201825,"{""n"": 2, ""rearm"": 27, ""_feasible"": true, ""_n_feasible"": 6, ""_score"": 1.2148}","{""streak"": 2.0, ""drop_pct"": -0.14842300556585641}"
2024-05-30 11:00:00,KZT,level,"level(pct=0.3,rearm=45,stall_days=0,window=540)",BUY_NOW,down,0.808641975308642,medium,2,0.20165,"{""window"": 540, ""pct"": 0.3, ""stall_days"": 0, ""rearm"": 45, ""_feasible"": true, ""_n_feasible"": 10, ""_score"": 1.2146}","{""pct_rank"": 0.05740740740740741, ""window"": 540.0, ""days_since_min"": 24.0}"
2024-05-31 17:00:00,KZT,dip_vs_trend,"dip_vs_trend(pct=0.15,rearm=27,span=180,window=1080)",BUY_NOW,down,0.11111111111111105,medium,2,0.2014,"{""span"": 180, ""window"": 1080, ""pct"": 0.15, ""rearm"": 27, ""_feasible"": true, ""_n_feasible"": 3, ""_score"": 1.1772}","{""dev_pct"": -1.2839862186432183, ""pct_rank"": 0.13333333333333333, ""window"": 1080.0, ""span"": 180.0}"
2024-05-31 19:00:00,KZT,reversal,"reversal(max_days_since_min=180,rearm=27,rise_bps=20,window=540)",WINDOW_CLOSING,up,1.0,slow,2,0.2014,"{""window"": 540, ""rise_bps"": 20, ""max_days_since_min"": 180, ""rearm"": 27, ""_feasible"": true, ""_n_feasible"": 4, ""_score"": 0.656}","{""rise_pct"": 0.6622516556291425, ""min_rate"": 0.200075, ""days_since_min"": 44.0, ""window"": 540.0}"
2024-06-03 08:00:00,KZT,momentum,"momentum(n=2,rearm=27)",BUY_NOW,down,0.5,fast,3,0.201275,"{""n"": 2, ""rearm"": 27, ""_feasible"": true, ""_n_feasible"": 6, ""_score"": 1.1059}","{""streak"": 2.0, ""drop_pct"": -0.14882797966011552}"
2024-06-04 14:00:00,KZT,reversal,"reversal(max_days_since_min=180,rearm=27,rise_bps=20,window=1080)",WINDOW_CLOSING,up,0.5697644973410854,slow,3,0.1979,"{""window"": 1080, ""rise_bps"": 20, ""max_days_since_min"": 180, ""rearm"": 27, ""_feasible"": true, ""_n_feasible"": 8, ""_score"": 0.8536}","{""rise_pct"": 0.22790579893643415, ""min_rate"": 0.19745, ""days_since_min"": 1.0, ""window"": 1080.0}"
2024-06-05 08:00:00,KZT,dip_vs_trend,"dip_vs_trend(pct=0.15,rearm=27,span=180,window=1080)",BUY_NOW,down,0.7901234567901234,medium,3,0.198375,"{""span"": 180, ""window"": 1080, ""pct"": 0.15, ""rearm"": 27, ""_feasible"": true, ""_n_feasible"": 8, ""_score"": 1.2835}","{""dev_pct"": -2.183091501920653, ""pct_rank"": 0.03148148148148148, ""window"": 1080.0, ""span"": 180.0}"
2024-06-05 08:00:00,KZT,level,"level(pct=0.3,rearm=45,stall_days=0,window=540)",BUY_NOW,down,0.9506172839506173,medium,3,0.198375,"{""window"": 540, ""pct"": 0.3, ""stall_days"": 0, ""rearm"": 45, ""_feasible"": true, ""_n_feasible"": 18, ""_score"": 1.1659}","{""pct_rank"": 0.014814814814814815, ""window"": 540.0, ""days_since_min"": 7.0}"
2024-06-05 11:00:00,KZT,momentum,"momentum(n=2,rearm=27)",BUY_NOW,down,0.75,fast,3,0.1982,"{""n"": 2, ""rearm"": 27, ""_feasible"": true, ""_n_feasible"": 6, ""_score"": 1.1059}","{""streak"": 3.0, ""drop_pct"": -0.08821676118463406}"
2024-06-06 17:00:00,KZT,reversal,"reversal(max_days_since_min=180,rearm=27,rise_bps=20,window=1080)",WINDOW_CLOSING,up,1.0,slow,3,0.198825,"{""window"": 1080, ""rise_bps"": 20, ""max_days_since_min"": 180, ""rearm"": 27, ""_feasible"": true, ""_n_feasible"": 8, ""_score"": 0.8536}","{""rise_pct"": 0.6963788300835771, ""min_rate"": 0.19745, ""days_since_min"": 28.0, ""window"": 1080.0}"
2024-06-07 11:00:00,KZT,dip_vs_trend,"dip_vs_trend(pct=0.15,rearm=27,span=180,window=1080)",BUY_NOW,down,0.308641975308642,medium,3,0.1985,"{""span"": 180, ""window"": 1080, ""pct"": 0.15, ""rearm"": 27, ""_feasible"": true, ""_n_feasible"": 8, ""_score"": 1.2835}","{""dev_pct"": -1.595255751121094, ""pct_rank"": 0.1037037037037037, ""window"": 1080.0, ""span"": 180.0}"
2024-06-07 14:00:00,KZT,momentum,"momentum(n=2,rearm=27)",BUY_NOW,down,0.75,fast,3,0.1982499999999999,"{""n"": 2, ""rearm"": 27, ""_feasible"": true, ""_n_feasible"": 6, ""_score"": 1.1059}","{""streak"": 3.0, ""drop_pct"": -0.125944584382931}"
2024-06-10 17:00:00,KZT,level,"level(pct=0.3,rearm=45,stall_days=0,window=540)",BUY_NOW,down,0.8950617283950617,medium,3,0.1982499999999999,"{""window"": 540, ""pct"": 0.3, ""stall_days"": 0, ""rearm"": 45, ""_feasible"": true, ""_n_feasible"": 18, ""_score"": 1.1659}","{""pct_rank"": 0.03148148148148148, ""window"": 540.0, ""days_since_min"": 52.0}"
2024-06-11 07:00:00,KZT,reversal,"reversal(max_days_since_min=180,rearm=27,rise_bps=20,window=1080)",WINDOW_CLOSING,up,1.0,slow,3,0.199375,"{""window"": 1080, ""rise_bps"": 20, ""max_days_since_min"": 180, ""rearm"": 27, ""_feasible"": true, ""_n_feasible"": 8, ""_score"": 0.8536}","{""rise_pct"": 0.9749303621169991, ""min_rate"": 0.19745, ""days_since_min"": 55.0, ""window"": 1080.0}"
2024-06-11 14:00:00,KZT,dip_vs_trend,"dip_vs_trend(pct=0.15,rearm=27,span=180,window=1080)",BUY_NOW,down,0.16666666666666663,medium,3,0.1976,"{""span"": 180, ""window"": 1080, ""pct"": 0.15, ""rearm"": 27, ""_feasible"": true, ""_n_feasible"": 8, ""_score"": 1.2835}","{""dev_pct"": -1.5388703877488252, ""pct_rank"": 0.125, ""window"": 1080.0, ""span"": 180.0}"
2024-06-11 18:00:00,KZT,momentum,"momentum(n=2,rearm=27)",BUY_NOW,down,0.5,fast,3,0.1972,"{""n"": 2, ""rearm"": 27, ""_feasible"": true, ""_n_feasible"": 6, ""_score"": 1.1059}","{""streak"": 2.0, ""drop_pct"": -0.2402934109017374}"
2024-06-14 14:00:00,KZT,reversal,"reversal(max_days_since_min=180,rearm=27,rise_bps=20,window=1080)",WINDOW_CLOSING,up,1.0,slow,3,0.2019999999999999,"{""window"": 1080, ""rise_bps"": 20, ""max_days_since_min"": 180, ""rearm"": 27, ""_feasible"": true, ""_n_feasible"": 8, ""_score"": 0.8536}","{""rise_pct"": 2.5250602715390924, ""min_rate"": 0.197025, ""days_since_min"": 15.0, ""window"": 1080.0}"
2024-06-17 19:00:00,KZT,level,"level(pct=0.3,rearm=45,stall_days=0,window=540)",BUY_NOW,down,0.5185185185185186,medium,3,0.1994999999999999,"{""window"": 540, ""pct"": 0.3, ""stall_days"": 0, ""rearm"": 45, ""_feasible"": true, ""_n_feasible"": 18, ""_score"": 1.1659}","{""pct_rank"": 0.14444444444444443, ""window"": 540.0, ""days_since_min"": 30.0}"
2024-06-18 11:00:00,KZT,dip_vs_trend,"dip_vs_trend(pct=0.15,rearm=27,span=180,window=1080)",BUY_NOW,down,0.8580246913580247,medium,3,0.195425,"{""span"": 180, ""window"": 1080, ""pct"": 0.15, ""rearm"": 27, ""_feasible"": true, ""_n_feasible"": 8, ""_score"": 1.2835}","{""dev_pct"": -2.3586967835953043, ""pct_rank"": 0.021296296296296296, ""window"": 1080.0, ""span"": 180.0}"
2024-06-18 12:00:00,KZT,momentum,"momentum(n=2,rearm=27)",BUY_NOW,down,0.5,fast,3,0.194775,"{""n"": 2, ""rearm"": 27, ""_feasible"": true, ""_n_feasible"": 6, ""_score"": 1.1059}","{""streak"": 2.0, ""drop_pct"": -2.6125000000000065}"
2024-06-19 13:00:00,KZT,reversal,"reversal(max_days_since_min=180,rearm=27,rise_bps=20,window=1080)",WINDOW_CLOSING,up,1.0,slow,3,0.1856749999999999,"{""window"": 1080, ""rise_bps"": 20, ""max_days_since_min"": 180, ""rearm"": 27, ""_feasible"": true, ""_n_feasible"": 8, ""_score"": 0.8536}","{""rise_pct"": 1.0613688937269883, ""min_rate"": 0.183725, ""days_since_min"": 1.0, ""window"": 1080.0}"
2024-06-20 19:00:00,KZT,dip_vs_trend,"dip_vs_trend(pct=0.15,rearm=27,span=180,window=1080)",BUY_NOW,down,0.9012345679012346,medium,3,0.19,"{""span"": 180, ""window"": 1080, ""pct"": 0.15, ""rearm"": 27, ""_feasible"": true, ""_n_feasible"": 8, ""_score"": 1.2835}","{""dev_pct"": -4.286067115897108, ""pct_rank"": 0.014814814814814815, ""window"": 1080.0, ""span"": 180.0}"
2024-06-21 13:00:00,KZT,momentum,"momentum(n=2,rearm=27)",BUY_NOW,down,0.5,fast,3,0.1944,"{""n"": 2, ""rearm"": 27, ""_feasible"": true, ""_n_feasible"": 6, ""_score"": 1.1059}","{""streak"": 2.0, ""drop_pct"": -0.4735696915397436}"
2024-06-24 11:00:00,KZT,reversal,"reversal(max_days_since_min=180,rearm=27,rise_bps=20,window=1080)",WINDOW_CLOSING,up,1.0,slow,3,0.19365,"{""window"": 1080, ""rise_bps"": 20, ""max_days_since_min"": 180, ""rearm"": 27, ""_feasible"": true, ""_n_feasible"": 8, ""_score"": 0.8536}","{""rise_pct"": 5.402095523200433, ""min_rate"": 0.183725, ""days_since_min"": 28.0, ""window"": 1080.0}"
2024-06-24 15:00:00,KZT,level,"level(pct=0.3,rearm=45,stall_days=0,window=540)",BUY_NOW,down,0.8148148148148149,medium,3,0.1939999999999999,"{""window"": 540, ""pct"": 0.3, ""stall_days"": 0, ""rearm"": 45, ""_feasible"": true, ""_n_feasible"": 18, ""_score"": 1.1659}","{""pct_rank"": 0.05555555555555555, ""window"": 540.0, ""days_since_min"": 32.0}"
2024-06-25 16:00:00,KZT,dip_vs_trend,"dip_vs_trend(pct=0.15,rearm=27,span=180,window=1080)",BUY_NOW,down,0.7962962962962963,medium,3,0.1914999999999999,"{""span"": 180, ""window"": 1080, ""pct"": 0.15, ""rearm"": 27, ""_feasible"": true, ""_n_feasible"": 8, ""_score"": 1.2835}","{""dev_pct"": -2.9840086855628223, ""pct_rank"": 0.030555555555555555, ""window"": 1080.0, ""span"": 180.0}"
2024-06-26 17:00:00,KZT,momentum,"momentum(n=2,rearm=27)",BUY_NOW,down,0.5,fast,3,0.19,"{""n"": 2, ""rearm"": 27, ""_feasible"": true, ""_n_feasible"": 6, ""_score"": 1.1059}","{""streak"": 2.0, ""drop_pct"": -0.5495943470295694}"
2024-06-26 19:00:00,KZT,reversal,"reversal(max_days_since_min=180,rearm=27,rise_bps=20,window=1080)",WINDOW_CLOSING,up,1.0,slow,3,0.19,"{""window"": 1080, ""rise_bps"": 20, ""max_days_since_min"": 180, ""rearm"": 27, ""_feasible"": true, ""_n_feasible"": 8, ""_score"": 0.8536}","{""rise_pct"": 3.415430670839581, ""min_rate"": 0.183725, ""days_since_min"": 55.0, ""window"": 1080.0}"
2024-06-28 15:00:00,KZT,dip_vs_trend,"dip_vs_trend(pct=0.15,rearm=27,span=180,window=1080)",BUY_NOW,down,0.9197530864197531,medium,3,0.1862,"{""span"": 180, ""window"": 1080, ""pct"": 0.15, ""rearm"": 27, ""_feasible"": true, ""_n_feasible"": 8, ""_score"": 1.2835}","{""dev_pct"": -4.872597228430919, ""pct_rank"": 0.012037037037037037, ""window"": 1080.0, ""span"": 180.0}"
2024-07-01 12:00:00,KZT,level,"level(pct=0.3,rearm=45,stall_days=0,window=540)",BUY_NOW,down,0.9197530864197531,medium,3,0.1868,"{""window"": 540, ""pct"": 0.3, ""stall_days"": 0, ""rearm"": 45, ""_feasible"": true, ""_n_feasible"": 18, ""_score"": 1.1659}","{""pct_rank"": 0.024074074074074074, ""window"": 540.0, ""days_since_min"": 77.0}"
2024-07-01 17:00:00,KZT,reversal,"reversal(max_days_since_min=180,rearm=27,rise_bps=20,window=1080)",WINDOW_CLOSING,up,1.0,slow,3,0.187175,"{""window"": 1080, ""rise_bps"": 20, ""max_days_since_min"": 180, ""rearm"": 27, ""_feasible"": true, ""_n_feasible"": 8, ""_score"": 0.8536}","{""rise_pct"": 1.8778065042863057, ""min_rate"": 0.183725, ""days_since_min"": 82.0, ""window"": 1080.0}"
2024-07-02 17:00:00,KZT,momentum,"momentum(n=2,rearm=27)",BUY_NOW,down,0.5,fast,3,0.1875,"{""n"": 2, ""rearm"": 27, ""_feasible"": true, ""_n_feasible"": 6, ""_score"": 1.1059}","{""streak"": 2.0, ""drop_pct"": -0.7936507936507353}"
2024-07-03 12:00:00,KZT,dip_vs_trend,"dip_vs_trend(pct=0.15,rearm=27,span=180,window=1080)",BUY_NOW,down,0.691358024691358,medium,3,0.18715,"{""span"": 180, ""window"": 1080, ""pct"": 0.15, ""rearm"": 27, ""_feasible"": true, ""_n_feasible"": 8, ""_score"": 1.2835}","{""dev_pct"": -3.5930457179652042, ""pct_rank"": 0.046296296296296294, ""window"": 1080.0, ""span"": 180.0}"
2024-07-04 14:00:00,KZT,reversal,"reversal(max_days_since_min=180,rearm=27,rise_bps=20,window=1080)",WINDOW_CLOSING,up,1.0,slow,3,0.186,"{""window"": 1080, ""rise_bps"": 20, ""max_days_since_min"": 180, ""rearm"": 27, ""_feasible"": true, ""_n_feasible"": 8, ""_score"": 0.8536}","{""rise_pct"": 1.2382637093482085, ""min_rate"": 0.183725, ""days_since_min"": 109.0, ""window"": 1080.0}"
2024-07-05 16:00:00,KZT,momentum,"momentum(n=2,rearm=27)",BUY_NOW,down,0.5,fast,3,0.18585,"{""n"": 2, ""rearm"": 27, ""_feasible"": true, ""_n_feasible"": 6, ""_score"": 1.1059}","{""streak"": 2.0, ""drop_pct"": -0.06721333512569316}"
2024-07-05 17:00:00,KZT,level,"level(pct=0.3,rearm=45,stall_days=0,window=540)",BUY_NOW,down,0.9382716049382716,medium,3,0.185925,"{""window"": 540, ""pct"": 0.3, ""stall_days"": 0, ""rearm"": 45, ""_feasible"": true, ""_n_feasible"": 18, ""_score"": 1.1659}","{""pct_rank"": 0.018518518518518517, ""window"": 540.0, ""days_since_min"": 122.0}"
2024-07-05 19:00:00,KZT,dip_vs_trend,"dip_vs_trend(pct=0.15,rearm=27,span=180,window=1080)",BUY_NOW,down,0.6049382716049383,medium,3,0.1852,"{""span"": 180, ""window"": 1080, ""pct"": 0.15, ""rearm"": 27, ""_feasible"": true, ""_n_feasible"": 8, ""_score"": 1.2835}","{""dev_pct"": -3.6511603205558463, ""pct_rank"": 0.05925925925925926, ""window"": 1080.0, ""span"": 180.0}"
2024-07-09 11:00:00,KZT,reversal,"reversal(max_days_since_min=180,rearm=27,rise_bps=20,window=1080)",WINDOW_CLOSING,up,1.0,slow,3,0.184475,"{""window"": 1080, ""rise_bps"": 20, ""max_days_since_min"": 180, ""rearm"": 27, ""_feasible"": true, ""_n_feasible"": 8, ""_score"": 0.8536}","{""rise_pct"": 0.4082188052796365, ""min_rate"": 0.183725, ""days_since_min"": 136.0, ""window"": 1080.0}"
2024-07-10 16:00:00,KZT,dip_vs_trend,"dip_vs_trend(pct=0.15,rearm=27,span=180,window=1080)",BUY_NOW,down,0.08024691358024694,medium,3,0.1848,"{""span"": 180, ""window"": 1080, ""pct"": 0.15, ""rearm"": 27, ""_feasible"": true, ""_n_feasible"": 8, ""_score"": 1.2835}","{""dev_pct"": -2.714014033994816, ""pct_rank"": 0.13796296296296295, ""window"": 1080.0, ""span"": 180.0}"
2024-07-11 18:00:00,KZT,momentum,"momentum(n=2,rearm=27)",BUY_NOW,down,0.5,fast,3,0.186,"{""n"": 2, ""rearm"": 27, ""_feasible"": true, ""_n_feasible"": 6, ""_score"": 1.1059}","{""streak"": 2.0, ""drop_pct"": -0.25472583456227493}"
2024-07-11 18:00:00,KZT,reversal,"reversal(max_days_since_min=180,rearm=27,rise_bps=20,window=1080)",WINDOW_CLOSING,up,1.0,slow,3,0.186,"{""window"": 1080, ""rise_bps"": 20, ""max_days_since_min"": 180, ""rearm"": 27, ""_feasible"": true, ""_n_feasible"": 8, ""_score"": 0.8536}","{""rise_pct"": 1.2382637093482085, ""min_rate"": 0.183725, ""days_since_min"": 163.0, ""window"": 1080.0}"
2024-07-12 13:00:00,KZT,level,"level(pct=0.3,rearm=45,stall_days=0,window=540)",BUY_NOW,down,0.9320987654320988,medium,3,0.184525,"{""window"": 540, ""pct"": 0.3, ""stall_days"": 0, ""rearm"": 45, ""_feasible"": true, ""_n_feasible"": 18, ""_score"": 1.1659}","{""pct_rank"": 0.020370370370370372, ""window"": 540.0, ""days_since_min"": 167.0}"
2024-07-18 11:00:00,KZT,momentum,"momentum(n=2,rearm=27)",BUY_NOW,down,0.5,fast,3,0.184825,"{""n"": 2, ""rearm"": 27, ""_feasible"": true, ""_n_feasible"": 6, ""_score"": 1.1059}","{""streak"": 2.0, ""drop_pct"": -0.8316566063044428}"
2024-07-19 10:00:00,KZT,level,"level(pct=0.3,rearm=45,stall_days=0,window=540)",BUY_NOW,down,0.7160493827160495,medium,3,0.185025,"{""window"": 540, ""pct"": 0.3, ""stall_days"": 0, ""rearm"": 45, ""_feasible"": true, ""_n_feasible"": 18, ""_score"": 1.1659}","{""pct_rank"": 0.08518518518518518, ""window"": 540.0, ""days_since_min"": 212.0}"
2024-07-23 14:00:00,KZT,momentum,"momentum(n=2,rearm=27)",BUY_NOW,down,0.5,fast,3,0.184275,"{""n"": 2, ""rearm"": 27, ""_feasible"": true, ""_n_feasible"": 6, ""_score"": 1.1059}","{""streak"": 2.0, ""drop_pct"": -0.8207750269106584}"
2024-07-24 16:00:00,KZT,reversal,"reversal(max_days_since_min=180,rearm=27,rise_bps=20,window=1080)",WINDOW_CLOSING,up,0.5787825139588754,slow,3,0.184,"{""window"": 1080, ""rise_bps"": 20, ""max_days_since_min"": 180, ""rearm"": 27, ""_feasible"": true, ""_n_feasible"": 8, ""_score"": 0.8536}","{""rise_pct"": 0.23151300558355015, ""min_rate"": 0.183575, ""days_since_min"": 3.0, ""window"": 1080.0}"
2024-07-25 13:00:00,KZT,dip_vs_trend,"dip_vs_trend(pct=0.15,rearm=27,span=180,window=1080)",BUY_NOW,down,0.19753086419753085,medium,3,0.18,"{""span"": 180, ""window"": 1080, ""pct"": 0.15, ""rearm"": 27, ""_feasible"": true, ""_n_feasible"": 8, ""_score"": 1.2835}","{""dev_pct"": -2.946284213119754, ""pct_rank"": 0.12037037037037036, ""window"": 1080.0, ""span"": 180.0}"
2024-07-25 15:00:00,KZT,level,"level(pct=0.3,rearm=45,stall_days=0,window=540)",BUY_NOW,down,0.9938271604938271,medium,3,0.1798,"{""window"": 540, ""pct"": 0.3, ""stall_days"": 0, ""rearm"": 45, ""_feasible"": true, ""_n_feasible"": 18, ""_score"": 1.1659}","{""pct_rank"": 0.001851851851851852, ""window"": 540.0, ""days_since_min"": 0.0}"
2024-07-29 13:00:00,KZT,momentum,"momentum(n=2,rearm=27)",BUY_NOW,down,0.5,fast,3,0.1828,"{""n"": 2, ""rearm"": 27, ""_feasible"": true, ""_n_feasible"": 6, ""_score"": 1.1059}","{""streak"": 2.0, ""drop_pct"": -0.204722260133694}"
2024-07-29 14:00:00,KZT,reversal,"reversal(max_days_since_min=180,rearm=27,rise_bps=20,window=1080)",WINDOW_CLOSING,up,1.0,slow,3,0.1826,"{""window"": 1080, ""rise_bps"": 20, ""max_days_since_min"": 180, ""rearm"": 27, ""_feasible"": true, ""_n_feasible"": 8, ""_score"": 0.8536}","{""rise_pct"": 1.55728587319246, ""min_rate"": 0.1798, ""days_since_min"": 18.0, ""window"": 1080.0}"
2024-08-01 12:00:00,KZT,level,"level(pct=0.3,rearm=45,stall_days=0,window=540)",BUY_NOW,down,0.9320987654320988,medium,3,0.181175,"{""window"": 540, ""pct"": 0.3, ""stall_days"": 0, ""rearm"": 45, ""_feasible"": true, ""_n_feasible"": 18, ""_score"": 1.1659}","{""pct_rank"": 0.020370370370370372, ""window"": 540.0, ""days_since_min"": 45.0}"
2024-08-01 12:00:00,KZT,momentum,"momentum(n=2,rearm=27)",BUY_NOW,down,0.5,fast,3,0.181175,"{""n"": 2, ""rearm"": 27, ""_feasible"": true, ""_n_feasible"": 6, ""_score"": 1.1059}","{""streak"": 2.0, ""drop_pct"": -0.8753932430583977}"
2024-08-01 12:00:00,KZT,reversal,"reversal(max_days_since_min=180,rearm=27,rise_bps=20,window=1080)",WINDOW_CLOSING,up,1.0,slow,3,0.181175,"{""window"": 1080, ""rise_bps"": 20, ""max_days_since_min"": 180, ""rearm"": 27, ""_feasible"": true, ""_n_feasible"": 8, ""_score"": 0.8536}","{""rise_pct"": 0.7647385984427268, ""min_rate"": 0.1798, ""days_since_min"": 45.0, ""window"": 1080.0}"
2024-08-05 11:00:00,KZT,dip_vs_trend,"dip_vs_trend(pct=0.15,rearm=27,span=180,window=1080)",BUY_NOW,down,0.01851851851851849,medium,3,0.179,"{""span"": 180, ""window"": 1080, ""pct"": 0.15, ""rearm"": 27, ""_feasible"": true, ""_n_feasible"": 8, ""_score"": 1.2835}","{""dev_pct"": -2.62264537280007, ""pct_rank"": 0.14722222222222223, ""window"": 1080.0, ""span"": 180.0}"
2024-08-06 10:00:00,KZT,momentum,"momentum(n=2,rearm=27)",BUY_NOW,down,0.5,fast,3,0.18,"{""n"": 2, ""rearm"": 27, ""_feasible"": true, ""_n_feasible"": 6, ""_score"": 1.1059}","{""streak"": 2.0, ""drop_pct"": -0.4149377593360981}"
2024-08-06 10:00:00,KZT,reversal,"reversal(max_days_since_min=180,rearm=27,rise_bps=20,window=1080)",WINDOW_CLOSING,up,1.0,slow,3,0.18,"{""window"": 1080, ""rise_bps"": 20, ""max_days_since_min"": 180, ""rearm"": 27, ""_feasible"": true, ""_n_feasible"": 8, ""_score"": 0.8536}","{""rise_pct"": 0.9534492428491248, ""min_rate"": 0.1783, ""days_since_min"": 6.0, ""window"": 1080.0}"
2024-08-07 18:00:00,KZT,level,"level(pct=0.3,rearm=45,stall_days=0,window=540)",BUY_NOW,down,0.8333333333333333,medium,3,0.180425,"{""window"": 540, ""pct"": 0.3, ""stall_days"": 0, ""rearm"": 45, ""_feasible"": true, ""_n_feasible"": 18, ""_score"": 1.1659}","{""pct_rank"": 0.05, ""window"": 540.0, ""days_since_min"": 15.0}"
2024-08-08 17:00:00,KZT,reversal,"reversal(max_days_since_min=180,rearm=27,rise_bps=20,window=1080)",WINDOW_CLOSING,up,1.0,slow,3,0.1832,"{""window"": 1080, ""rise_bps"": 20, ""max_days_since_min"": 180, ""rearm"": 27, ""_feasible"": true, ""_n_feasible"": 8, ""_score"": 0.8536}","{""rise_pct"": 2.9213483146067527, ""min_rate"": 0.178, ""days_since_min"": 24.0, ""window"": 1080.0}"
2024-08-13 11:00:00,KZT,momentum,"momentum(n=2,rearm=27)",BUY_NOW,down,0.5,fast,3,0.1930249999999999,"{""n"": 2, ""rearm"": 27, ""_feasible"": true, ""_n_feasible"": 6, ""_score"": 1.1059}","{""streak"": 2.0, ""drop_pct"": -0.6050463439753462}"
2024-08-13 16:00:00,KZT,reversal,"reversal(max_days_since_min=180,rearm=27,rise_bps=20,window=1080)",WINDOW_CLOSING,up,1.0,slow,3,0.19045,"{""window"": 1080, ""rise_bps"": 20, ""max_days_since_min"": 180, ""rearm"": 27, ""_feasible"": true, ""_n_feasible"": 8, ""_score"": 0.8536}","{""rise_pct"": 6.994382022471913, ""min_rate"": 0.178, ""days_since_min"": 51.0, ""window"": 1080.0}"
2024-08-16 15:00:00,KZT,momentum,"momentum(n=2,rearm=27)",BUY_NOW,down,0.5,fast,3,0.185725,"{""n"": 2, ""rearm"": 27, ""_feasible"": true, ""_n_feasible"": 6, ""_score"": 1.1059}","{""streak"": 2.0, ""drop_pct"": -0.5222281735404399}"
2024-08-16 15:00:00,KZT,reversal,"reversal(max_days_since_min=180,rearm=27,rise_bps=20,window=1080)",WINDOW_CLOSING,up,1.0,slow,3,0.185725,"{""window"": 1080, ""rise_bps"": 20, ""max_days_since_min"": 180, ""rearm"": 27, ""_feasible"": true, ""_n_feasible"": 8, ""_score"": 0.8536}","{""rise_pct"": 4.339887640449436, ""min_rate"": 0.178, ""days_since_min"": 78.0, ""window"": 1080.0}"
2024-08-21 13:00:00,KZT,reversal,"reversal(max_days_since_min=180,rearm=27,rise_bps=20,window=1080)",WINDOW_CLOSING,up,1.0,slow,3,0.19255,"{""window"": 1080, ""rise_bps"": 20, ""max_days_since_min"": 180, ""rearm"": 27, ""_feasible"": true, ""_n_feasible"": 8, ""_score"": 0.8536}","{""rise_pct"": 8.174157303370787, ""min_rate"": 0.178, ""days_since_min"": 105.0, ""window"": 1080.0}"
2024-08-21 15:00:00,KZT,momentum,"momentum(n=2,rearm=27)",BUY_NOW,down,0.5,fast,3,0.19125,"{""n"": 2, ""rearm"": 27, ""_feasible"": true, ""_n_feasible"": 6, ""_score"": 1.1059}","{""streak"": 2.0, ""drop_pct"": -0.6751493118670404}"
2024-08-26 12:00:00,KZT,reversal,"reversal(max_days_since_min=180,rearm=27,rise_bps=20,window=1080)",WINDOW_CLOSING,up,1.0,slow,3,0.1909499999999999,"{""window"": 1080, ""rise_bps"": 20, ""max_days_since_min"": 180, ""rearm"": 27, ""_feasible"": true, ""_n_feasible"": 8, ""_score"": 0.8536}","{""rise_pct"": 7.275280898876347, ""min_rate"": 0.178, ""days_since_min"": 132.0, ""window"": 1080.0}"
2024-08-26 14:00:00,KZT,momentum,"momentum(n=2,rearm=27)",BUY_NOW,down,1.0,fast,3,0.190025,"{""n"": 2, ""rearm"": 27, ""_feasible"": true, ""_n_feasible"": 6, ""_score"": 1.1059}","{""streak"": 5.0, ""drop_pct"": -0.9125277017337452}"
2024-08-28 19:00:00,KZT,reversal,"reversal(max_days_since_min=180,rearm=27,rise_bps=20,window=1080)",WINDOW_CLOSING,up,1.0,slow,3,0.189875,"{""window"": 1080, ""rise_bps"": 20, ""max_days_since_min"": 180, ""rearm"": 27, ""_feasible"": true, ""_n_feasible"": 8, ""_score"": 0.8536}","{""rise_pct"": 6.671348314606741, ""min_rate"": 0.178, ""days_since_min"": 159.0, ""window"": 1080.0}"
2024-08-29 14:00:00,KZT,momentum,"momentum(n=2,rearm=27)",BUY_NOW,down,0.5,fast,3,0.1903,"{""n"": 2, ""rearm"": 27, ""_feasible"": true, ""_n_feasible"": 6, ""_score"": 1.1059}","{""streak"": 2.0, ""drop_pct"": -0.24898440571353708}"
2024-09-03 13:00:00,KZT,dip_vs_trend,"dip_vs_trend(pct=0.15,rearm=27,span=180,window=1080)",BUY_NOW,down,0.24691358024691357,medium,3,0.18325,"{""span"": 180, ""window"": 1080, ""pct"": 0.15, ""rearm"": 27, ""_feasible"": true, ""_n_feasible"": 8, ""_score"": 1.2835}","{""dev_pct"": -3.042755543405884, ""pct_rank"": 0.11296296296296296, ""window"": 1080.0, ""span"": 180.0}"
2024-09-03 13:00:00,KZT,level,"level(pct=0.3,rearm=45,stall_days=0,window=540)",BUY_NOW,down,0.33333333333333326,medium,3,0.18325,"{""window"": 540, ""pct"": 0.3, ""stall_days"": 0, ""rearm"": 45, ""_feasible"": true, ""_n_feasible"": 18, ""_score"": 1.1659}","{""pct_rank"": 0.2, ""window"": 540.0, ""days_since_min"": 191.0}"
2024-09-03 13:00:00,KZT,momentum,"momentum(n=2,rearm=27)",BUY_NOW,down,1.0,fast,3,0.18325,"{""n"": 2, ""rearm"": 27, ""_feasible"": true, ""_n_feasible"": 6, ""_score"": 1.1059}","{""streak"": 4.0, ""drop_pct"": -1.9529159978598276}"
2024-09-06 19:00:00,KZT,momentum,"momentum(n=2,rearm=27)",BUY_NOW,down,0.5,fast,3,0.188525,"{""n"": 2, ""rearm"": 27, ""_feasible"": true, ""_n_feasible"": 6, ""_score"": 1.1059}","{""streak"": 2.0, ""drop_pct"": -0.47512207997882916}"
2024-09-12 10:00:00,KZT,momentum,"momentum(n=2,rearm=27)",BUY_NOW,down,0.5,fast,3,0.1891,"{""n"": 2, ""rearm"": 27, ""_feasible"": true, ""_n_feasible"": 6, ""_score"": 1.1059}","{""streak"": 2.0, ""drop_pct"": -1.0983263598326465}"
2024-09-18 12:00:00,KZT,momentum,"momentum(n=2,rearm=27)",BUY_NOW,down,0.5,fast,3,0.190825,"{""n"": 2, ""rearm"": 27, ""_feasible"": true, ""_n_feasible"": 6, ""_score"": 1.1059}","{""streak"": 2.0, ""drop_pct"": -0.10469833791388883}"
2024-09-20 19:00:00,KZT,momentum,"momentum(n=2,rearm=27)",BUY_NOW,down,0.5,fast,3,0.196475,"{""n"": 2, ""rearm"": 27, ""_feasible"": true, ""_n_feasible"": 6, ""_score"": 1.1059}","{""streak"": 2.0, ""drop_pct"": -0.4055252819667343}"
2024-09-25 18:00:00,KZT,momentum,"momentum(n=2,rearm=27)",BUY_NOW,down,0.5,fast,3,0.1951999999999999,"{""n"": 2, ""rearm"": 27, ""_feasible"": true, ""_n_feasible"": 6, ""_score"": 1.1059}","{""streak"": 2.0, ""drop_pct"": -0.25549310168631045}"
2024-09-30 19:00:00,KZT,momentum,"momentum(n=2,rearm=27)",BUY_NOW,down,0.5,fast,3,0.195225,"{""n"": 2, ""rearm"": 27, ""_feasible"": true, ""_n_feasible"": 6, ""_score"": 1.1059}","{""streak"": 2.0, ""drop_pct"": -0.34456355283306594}"
2024-10-03 19:00:00,KZT,momentum,"momentum(n=2,rearm=27)",BUY_NOW,down,0.5,fast,3,0.19715,"{""n"": 2, ""rearm"": 27, ""_feasible"": true, ""_n_feasible"": 6, ""_score"": 1.1059}","{""streak"": 2.0, ""drop_pct"": -0.11399620012666478}"
2024-10-08 19:00:00,KZT,momentum,"momentum(n=2,rearm=27)",BUY_NOW,down,0.5,fast,3,0.1980249999999999,"{""n"": 2, ""rearm"": 27, ""_feasible"": true, ""_n_feasible"": 6, ""_score"": 1.1059}","{""streak"": 2.0, ""drop_pct"": -0.17643352236930143}"
2024-10-14 19:00:00,KZT,momentum,"momentum(n=2,rearm=27)",BUY_NOW,down,0.5,fast,3,0.199525,"{""n"": 2, ""rearm"": 27, ""_feasible"": true, ""_n_feasible"": 6, ""_score"": 1.1059}","{""streak"": 2.0, ""drop_pct"": -0.5606777971592258}"
2024-10-17 18:00:00,KZT,momentum,"momentum(n=2,rearm=27)",BUY_NOW,down,0.75,fast,3,0.198175,"{""n"": 2, ""rearm"": 27, ""_feasible"": true, ""_n_feasible"": 6, ""_score"": 1.1059}","{""streak"": 3.0, ""drop_pct"": -0.738792887553219}"
2024-10-23 11:00:00,KZT,momentum,"momentum(n=2,rearm=27)",BUY_NOW,down,0.5,fast,3,0.19875,"{""n"": 2, ""rearm"": 27, ""_feasible"": true, ""_n_feasible"": 6, ""_score"": 1.1059}","{""streak"": 2.0, ""drop_pct"": -0.3759398496240074}"
2024-10-28 19:00:00,KZT,momentum,"momentum(n=2,rearm=27)",BUY_NOW,down,0.5,fast,3,0.1994999999999999,"{""n"": 2, ""rearm"": 27, ""_feasible"": true, ""_n_feasible"": 6, ""_score"": 1.1059}","{""streak"": 2.0, ""drop_pct"": -0.10015022533804707}"
2024-10-31 17:00:00,KZT,momentum,"momentum(n=2,rearm=27)",BUY_NOW,down,0.5,fast,3,0.19845,"{""n"": 2, ""rearm"": 27, ""_feasible"": true, ""_n_feasible"": 6, ""_score"": 1.1059}","{""streak"": 2.0, ""drop_pct"": -0.17605633802811882}"
2024-11-06 10:00:00,KZT,momentum,"momentum(n=2,rearm=27)",BUY_NOW,down,0.5,fast,3,0.2006,"{""n"": 2, ""rearm"": 27, ""_feasible"": true, ""_n_feasible"": 6, ""_score"": 1.1059}","{""streak"": 2.0, ""drop_pct"": -0.149328023892481}"
2024-11-11 14:00:00,KZT,momentum,"momentum(n=2,rearm=27)",BUY_NOW,down,0.5,fast,3,0.1989999999999999,"{""n"": 2, ""rearm"": 27, ""_feasible"": true, ""_n_feasible"": 6, ""_score"": 1.1059}","{""streak"": 2.0, ""drop_pct"": -0.3006012024048599}"
2024-11-15 17:00:00,KZT,momentum,"momentum(n=2,rearm=27)",BUY_NOW,down,0.5,fast,3,0.199725,"{""n"": 2, ""rearm"": 27, ""_feasible"": true, ""_n_feasible"": 6, ""_score"": 1.1059}","{""streak"": 2.0, ""drop_pct"": -0.6960845245494007}"
2024-11-20 18:00:00,KZT,momentum,"momentum(n=2,rearm=27)",BUY_NOW,down,0.5,fast,3,0.201825,"{""n"": 2, ""rearm"": 27, ""_feasible"": true, ""_n_feasible"": 6, ""_score"": 1.1059}","{""streak"": 2.0, ""drop_pct"": -0.39481801357186264}"
2024-11-27 18:00:00,KZT,momentum,"momentum(n=2,rearm=27)",BUY_NOW,down,0.5,fast,3,0.214875,"{""n"": 2, ""rearm"": 27, ""_feasible"": true, ""_n_feasible"": 6, ""_score"": 1.1059}","{""streak"": 2.0, ""drop_pct"": -1.7377386532525407}"
2024-12-04 11:00:00,KZT,dip_vs_trend,"dip_vs_trend(pct=0.2,rearm=27,span=180,window=1080)",BUY_NOW,down,0.21296296296296302,medium,4,0.201075,"{""span"": 180, ""window"": 1080, ""pct"": 0.2, ""rearm"": 27, ""_feasible"": true, ""_n_feasible"": 30, ""_score"": 1.1309}","{""dev_pct"": -1.5304293649816447, ""pct_rank"": 0.1574074074074074, ""window"": 1080.0, ""span"": 180.0}"
2024-12-05 13:00:00,KZT,momentum,"momentum(n=4,rearm=18)",BUY_NOW,down,0.5,fast,4,0.197325,"{""n"": 4, ""rearm"": 18, ""_feasible"": true, ""_n_feasible"": 6, ""_score"": 1.1729}","{""streak"": 4.0, ""drop_pct"": -3.508557457212713}"
2024-12-09 10:00:00,KZT,dip_vs_trend,"dip_vs_trend(pct=0.2,rearm=27,span=180,window=1080)",BUY_NOW,down,0.9907407407407407,medium,4,0.19305,"{""span"": 180, ""window"": 1080, ""pct"": 0.2, ""rearm"": 27, ""_feasible"": true, ""_n_feasible"": 30, ""_score"": 1.1309}","{""dev_pct"": -5.37763239854182, ""pct_rank"": 0.001851851851851852, ""window"": 1080.0, ""span"": 180.0}"
2024-12-11 19:00:00,KZT,dip_vs_trend,"dip_vs_trend(pct=0.2,rearm=27,span=180,window=1080)",BUY_NOW,down,0.5787037037037037,medium,4,0.198675,"{""span"": 180, ""window"": 1080, ""pct"": 0.2, ""rearm"": 27, ""_feasible"": true, ""_n_feasible"": 30, ""_score"": 1.1309}","{""dev_pct"": -2.5127936368822046, ""pct_rank"": 0.08425925925925926, ""window"": 1080.0, ""span"": 180.0}"
2024-12-13 19:00:00,KZT,momentum,"momentum(n=4,rearm=18)",BUY_NOW,down,0.5,fast,4,0.1932,"{""n"": 4, ""rearm"": 18, ""_feasible"": true, ""_n_feasible"": 6, ""_score"": 1.1729}","{""streak"": 4.0, ""drop_pct"": -2.0904599011782543}"
2024-12-16 17:00:00,KZT,dip_vs_trend,"dip_vs_trend(pct=0.2,rearm=27,span=180,window=1080)",BUY_NOW,down,0.8425925925925926,medium,4,0.196,"{""span"": 180, ""window"": 1080, ""pct"": 0.2, ""rearm"": 27, ""_feasible"": true, ""_n_feasible"": 30, ""_score"": 1.1309}","{""dev_pct"": -3.5210839110878855, ""pct_rank"": 0.03148148148148148, ""window"": 1080.0, ""span"": 180.0}"
2024-12-19 16:00:00,KZT,dip_vs_trend,"dip_vs_trend(pct=0.2,rearm=27,span=180,window=1080)",BUY_NOW,down,0.7361111111111112,medium,4,0.19555,"{""span"": 180, ""window"": 1080, ""pct"": 0.2, ""rearm"": 27, ""_feasible"": true, ""_n_feasible"": 30, ""_score"": 1.1309}","{""dev_pct"": -3.2561284311381167, ""pct_rank"": 0.05277777777777778, ""window"": 1080.0, ""span"": 180.0}"
2024-12-24 14:00:00,KZT,dip_vs_trend,"dip_vs_trend(pct=0.2,rearm=27,span=180,window=1080)",BUY_NOW,down,0.7592592592592593,medium,4,0.1925,"{""span"": 180, ""window"": 1080, ""pct"": 0.2, ""rearm"": 27, ""_feasible"": true, ""_n_feasible"": 30, ""_score"": 1.1309}","{""dev_pct"": -3.6023911614659787, ""pct_rank"": 0.04814814814814815, ""window"": 1080.0, ""span"": 180.0}"
2024-12-25 12:00:00,KZT,level,"level(pct=0.2,rearm=45,stall_days=0,window=1080)",BUY_NOW,down,0.28240740740740744,medium,4,0.1853,"{""window"": 1080, ""pct"": 0.2, ""stall_days"": 0, ""rearm"": 45, ""_feasible"": true, ""_n_feasible"": 27, ""_score"": 1.1236}","{""pct_rank"": 0.14351851851851852, ""window"": 1080.0, ""days_since_min"": 960.0}"
2024-12-27 14:00:00,KZT,dip_vs_trend,"dip_vs_trend(pct=0.2,rearm=27,span=180,window=1080)",BUY_NOW,down,0.8240740740740741,medium,4,0.188,"{""span"": 180, ""window"": 1080, ""pct"": 0.2, ""rearm"": 27, ""_feasible"": true, ""_n_feasible"": 30, ""_score"": 1.1309}","{""dev_pct"": -4.231881104899204, ""pct_rank"": 0.03518518518518519, ""window"": 1080.0, ""span"": 180.0}"
2024-12-28 17:00:00,KZT,momentum,"momentum(n=4,rearm=18)",BUY_NOW,down,0.5,fast,4,0.1891,"{""n"": 4, ""rearm"": 18, ""_feasible"": true, ""_n_feasible"": 6, ""_score"": 1.1729}","{""streak"": 4.0, ""drop_pct"": -1.330550482650661}"
2025-01-06 16:00:00,KZT,dip_vs_trend,"dip_vs_trend(pct=0.2,rearm=27,span=180,window=1080)",BUY_NOW,down,0.02314814814814825,medium,4,0.1905,"{""span"": 180, ""window"": 1080, ""pct"": 0.2, ""rearm"": 27, ""_feasible"": true, ""_n_feasible"": 30, ""_score"": 1.1309}","{""dev_pct"": -1.705392802191763, ""pct_rank"": 0.19537037037037036, ""window"": 1080.0, ""span"": 180.0}"
2025-01-06 16:00:00,KZT,momentum,"momentum(n=4,rearm=18)",BUY_NOW,down,0.5,fast,4,0.1905,"{""n"": 4, ""rearm"": 18, ""_feasible"": true, ""_n_feasible"": 6, ""_score"": 1.1729}","{""streak"": 4.0, ""drop_pct"": -0.4181913225300593}"
2025-01-08 16:00:00,KZT,level,"level(pct=0.2,rearm=45,stall_days=0,window=1080)",BUY_NOW,down,0.18981481481481488,medium,4,0.1889999999999999,"{""window"": 1080, ""pct"": 0.2, ""stall_days"": 0, ""rearm"": 45, ""_feasible"": true, ""_n_feasible"": 27, ""_score"": 1.1236}","{""pct_rank"": 0.16203703703703703, ""window"": 1080.0, ""days_since_min"": 1030.0}"
2025-01-17 19:00:00,KZT,level,"level(pct=0.2,rearm=45,stall_days=0,window=1080)",BUY_NOW,down,0.30092592592592604,medium,4,0.19,"{""window"": 1080, ""pct"": 0.2, ""stall_days"": 0, ""rearm"": 45, ""_feasible"": true, ""_n_feasible"": 27, ""_score"": 1.1236}","{""pct_rank"": 0.1398148148148148, ""window"": 1080.0, ""days_since_min"": 1078.0}"
2025-01-27 11:00:00,KZT,level,"level(pct=0.2,rearm=45,stall_days=0,window=1080)",BUY_NOW,down,0.5694444444444444,medium,4,0.1892,"{""window"": 1080, ""pct"": 0.2, ""stall_days"": 0, ""rearm"": 45, ""_feasible"": true, ""_n_feasible"": 27, ""_score"": 1.1236}","{""pct_rank"": 0.08611111111111111, ""window"": 1080.0, ""days_since_min"": 951.0}"
2025-01-31 18:00:00,KZT,level,"level(pct=0.2,rearm=45,stall_days=0,window=1080)",BUY_NOW,down,0.5138888888888888,medium,4,0.189925,"{""window"": 1080, ""pct"": 0.2, ""stall_days"": 0, ""rearm"": 45, ""_feasible"": true, ""_n_feasible"": 27, ""_score"": 1.1236}","{""pct_rank"": 0.09722222222222222, ""window"": 1080.0, ""days_since_min"": 996.0}"
2025-02-07 17:00:00,KZT,level,"level(pct=0.2,rearm=45,stall_days=0,window=1080)",BUY_NOW,down,0.00462962962962965,medium,4,0.1905,"{""window"": 1080, ""pct"": 0.2, ""stall_days"": 0, ""rearm"": 45, ""_feasible"": true, ""_n_feasible"": 27, ""_score"": 1.1236}","{""pct_rank"": 0.19907407407407407, ""window"": 1080.0, ""days_since_min"": 1041.0}"
2025-02-12 14:00:00,KZT,dip_vs_trend,"dip_vs_trend(pct=0.2,rearm=27,span=180,window=1080)",BUY_NOW,down,0.09722222222222232,medium,4,0.1871,"{""span"": 180, ""window"": 1080, ""pct"": 0.2, ""rearm"": 27, ""_feasible"": true, ""_n_feasible"": 30, ""_score"": 1.1309}","{""dev_pct"": -1.8268633744064178, ""pct_rank"": 0.18055555555555555, ""window"": 1080.0, ""span"": 180.0}"
2025-02-14 15:00:00,KZT,level,"level(pct=0.2,rearm=45,stall_days=0,window=1080)",BUY_NOW,down,0.9768518518518519,medium,4,0.185425,"{""window"": 1080, ""pct"": 0.2, ""stall_days"": 0, ""rearm"": 45, ""_feasible"": true, ""_n_feasible"": 27, ""_score"": 1.1236}","{""pct_rank"": 0.004629629629629629, ""window"": 1080.0, ""days_since_min"": 1076.0}"
2025-02-14 19:00:00,KZT,reversal,"reversal(max_days_since_min=90,rearm=27,rise_bps=50,window=1080)",WINDOW_CLOSING,up,0.5939524838012966,slow,4,0.1863,"{""window"": 1080, ""rise_bps"": 50, ""max_days_since_min"": 90, ""rearm"": 27, ""_feasible"": true, ""_n_feasible"": 19, ""_score"": 0.9247}","{""rise_pct"": 0.5939524838012966, ""min_rate"": 0.1852, ""days_since_min"": 7.0, ""window"": 1080.0}"
2025-02-17 12:00:00,KZT,dip_vs_trend,"dip_vs_trend(pct=0.2,rearm=27,span=180,window=1080)",BUY_NOW,down,0.24537037037037035,medium,4,0.185225,"{""span"": 180, ""window"": 1080, ""pct"": 0.2, ""rearm"": 27, ""_feasible"": true, ""_n_feasible"": 30, ""_score"": 1.1309}","{""dev_pct"": -2.430494841755537, ""pct_rank"": 0.15092592592592594, ""window"": 1080.0, ""span"": 180.0}"
2025-02-19 19:00:00,KZT,reversal,"reversal(max_days_since_min=90,rearm=27,rise_bps=50,window=1080)",WINDOW_CLOSING,up,0.8263343267407296,slow,4,0.186075,"{""window"": 1080, ""rise_bps"": 50, ""max_days_since_min"": 90, ""rearm"": 27, ""_feasible"": true, ""_n_feasible"": 19, ""_score"": 0.9247}","{""rise_pct"": 0.8263343267407296, ""min_rate"": 0.18455, ""days_since_min"": 1.0, ""window"": 1080.0}"
2025-02-20 12:00:00,KZT,dip_vs_trend,"dip_vs_trend(pct=0.2,rearm=27,span=180,window=1080)",BUY_NOW,down,0.18981481481481488,medium,4,0.1846999999999999,"{""span"": 180, ""window"": 1080, ""pct"": 0.2, ""rearm"": 27, ""_feasible"": true, ""_n_feasible"": 30, ""_score"": 1.1309}","{""dev_pct"": -2.3240133354780923, ""pct_rank"": 0.16203703703703703, ""window"": 1080.0, ""span"": 180.0}"
2025-02-20 17:00:00,KZT,momentum,"momentum(n=4,rearm=18)",BUY_NOW,down,0.5,fast,4,0.18395,"{""n"": 4, ""rearm"": 18, ""_feasible"": true, ""_n_feasible"": 6, ""_score"": 1.1729}","{""streak"": 4.0, ""drop_pct"": -0.8222132362852075}"
2025-02-21 14:00:00,KZT,level,"level(pct=0.2,rearm=45,stall_days=0,window=1080)",BUY_NOW,down,0.9814814814814815,medium,4,0.1835,"{""window"": 1080, ""pct"": 0.2, ""stall_days"": 0, ""rearm"": 45, ""_feasible"": true, ""_n_feasible"": 27, ""_score"": 1.1236}","{""pct_rank"": 0.003703703703703704, ""window"": 1080.0, ""days_since_min"": 3.0}"
2025-02-24 19:00:00,KZT,reversal,"reversal(max_days_since_min=90,rearm=27,rise_bps=50,window=1080)",WINDOW_CLOSING,up,0.78947368421054,slow,4,0.181925,"{""window"": 1080, ""rise_bps"": 50, ""max_days_since_min"": 90, ""rearm"": 27, ""_feasible"": true, ""_n_feasible"": 19, ""_score"": 0.9247}","{""rise_pct"": 0.78947368421054, ""min_rate"": 0.1805, ""days_since_min"": 9.0, ""window"": 1080.0}"
2025-02-25 11:00:00,KZT,dip_vs_trend,"dip_vs_trend(pct=0.2,rearm=27,span=180,window=1080)",BUY_NOW,down,0.46759259259259267,medium,4,0.1817,"{""span"": 180, ""window"": 1080, ""pct"": 0.2, ""rearm"": 27, ""_feasible"": true, ""_n_feasible"": 30, ""_score"": 1.1309}","{""dev_pct"": -3.218217677633739, ""pct_rank"": 0.10648148148148148, ""window"": 1080.0, ""span"": 180.0}"
2025-02-27 18:00:00,KZT,reversal,"reversal(max_days_since_min=90,rearm=27,rise_bps=50,window=1080)",WINDOW_CLOSING,up,1.0,slow,4,0.1839249999999999,"{""window"": 1080, ""rise_bps"": 50, ""max_days_since_min"": 90, ""rearm"": 27, ""_feasible"": true, ""_n_feasible"": 19, ""_score"": 0.9247}","{""rise_pct"": 3.3286516853932024, ""min_rate"": 0.178, ""days_since_min"": 18.0, ""window"": 1080.0}"
2025-02-28 13:00:00,KZT,level,"level(pct=0.2,rearm=45,stall_days=0,window=1080)",BUY_NOW,down,0.7685185185185186,medium,4,0.184575,"{""window"": 1080, ""pct"": 0.2, ""stall_days"": 0, ""rearm"": 45, ""_feasible"": true, ""_n_feasible"": 27, ""_score"": 1.1236}","{""pct_rank"": 0.046296296296296294, ""window"": 1080.0, ""days_since_min"": 22.0}"
2025-03-03 15:00:00,KZT,dip_vs_trend,"dip_vs_trend(pct=0.2,rearm=27,span=180,window=1080)",BUY_NOW,down,0.08333333333333348,medium,4,0.18125,"{""span"": 180, ""window"": 1080, ""pct"": 0.2, ""rearm"": 27, ""_feasible"": true, ""_n_feasible"": 30, ""_score"": 1.1309}","{""dev_pct"": -2.4957355893553634, ""pct_rank"": 0.18333333333333332, ""window"": 1080.0, ""span"": 180.0}"
2025-03-04 14:00:00,KZT,momentum,"momentum(n=4,rearm=18)",BUY_NOW,down,0.5,fast,4,0.18135,"{""n"": 4, ""rearm"": 18, ""_feasible"": true, ""_n_feasible"": 6, ""_score"": 1.1729}","{""streak"": 4.0, ""drop_pct"": -0.34345377112240394}"
2025-03-04 18:00:00,KZT,reversal,"reversal(max_days_since_min=90,rearm=27,rise_bps=50,window=1080)",WINDOW_CLOSING,up,1.0,slow,4,0.18015,"{""window"": 1080, ""rise_bps"": 50, ""max_days_since_min"": 90, ""rearm"": 27, ""_feasible"": true, ""_n_feasible"": 19, ""_score"": 0.9247}","{""rise_pct"": 1.2078651685393238, ""min_rate"": 0.178, ""days_since_min"": 45.0, ""window"": 1080.0}"
2025-03-07 13:00:00,KZT,level,"level(pct=0.2,rearm=45,stall_days=0,window=1080)",BUY_NOW,down,0.8194444444444444,medium,4,0.181125,"{""window"": 1080, ""pct"": 0.2, ""stall_days"": 0, ""rearm"": 45, ""_feasible"": true, ""_n_feasible"": 27, ""_score"": 1.1236}","{""pct_rank"": 0.03611111111111111, ""window"": 1080.0, ""days_since_min"": 67.0}"
2025-03-07 18:00:00,KZT,reversal,"reversal(max_days_since_min=90,rearm=27,rise_bps=50,window=1080)",WINDOW_CLOSING,up,1.0,slow,4,0.1815,"{""window"": 1080, ""rise_bps"": 50, ""max_days_since_min"": 90, ""rearm"": 27, ""_feasible"": true, ""_n_feasible"": 19, ""_score"": 0.9247}","{""rise_pct"": 1.96629213483146, ""min_rate"": 0.178, ""days_since_min"": 72.0, ""window"": 1080.0}"
2025-03-11 19:00:00,KZT,dip_vs_trend,"dip_vs_trend(pct=0.2,rearm=27,span=180,window=1080)",BUY_NOW,down,0.19444444444444442,medium,4,0.177875,"{""span"": 180, ""window"": 1080, ""pct"": 0.2, ""rearm"": 27, ""_feasible"": true, ""_n_feasible"": 30, ""_score"": 1.1309}","{""dev_pct"": -2.7840929361906075, ""pct_rank"": 0.16111111111111112, ""window"": 1080.0, ""span"": 180.0}"
2025-03-12 18:00:00,KZT,reversal,"reversal(max_days_since_min=90,rearm=27,rise_bps=50,window=1080)",WINDOW_CLOSING,up,0.6184118060435617,slow,4,0.178975,"{""window"": 1080, ""rise_bps"": 50, ""max_days_since_min"": 90, ""rearm"": 27, ""_feasible"": true, ""_n_feasible"": 19, ""_score"": 0.9247}","{""rise_pct"": 0.6184118060435617, ""min_rate"": 0.177875, ""days_since_min"": 8.0, ""window"": 1080.0}"
2025-03-14 13:00:00,KZT,level,"level(pct=0.2,rearm=45,stall_days=0,window=1080)",BUY_NOW,down,0.9722222222222222,medium,4,0.178,"{""window"": 1080, ""pct"": 0.2, ""stall_days"": 0, ""rearm"": 45, ""_feasible"": true, ""_n_feasible"": 27, ""_score"": 1.1236}","{""pct_rank"": 0.005555555555555556, ""window"": 1080.0, ""days_since_min"": 21.0}"
2025-03-17 11:00:00,KZT,dip_vs_trend,"dip_vs_trend(pct=0.2,rearm=27,span=180,window=1080)",BUY_NOW,down,0.08796296296296302,medium,4,0.177,"{""span"": 180, ""window"": 1080, ""pct"": 0.2, ""rearm"": 27, ""_feasible"": true, ""_n_feasible"": 30, ""_score"": 1.1309}","{""dev_pct"": -2.598891473887266, ""pct_rank"": 0.1824074074074074, ""window"": 1080.0, ""span"": 180.0}"
2025-03-17 18:00:00,KZT,reversal,"reversal(max_days_since_min=90,rearm=27,rise_bps=50,window=1080)",WINDOW_CLOSING,up,1.0,slow,4,0.1785,"{""window"": 1080, ""rise_bps"": 50, ""max_days_since_min"": 90, ""rearm"": 27, ""_feasible"": true, ""_n_feasible"": 19, ""_score"": 0.9247}","{""rise_pct"": 1.4204545454545414, ""min_rate"": 0.176, ""days_since_min"": 1.0, ""window"": 1080.0}"
2025-03-20 18:00:00,KZT,reversal,"reversal(max_days_since_min=90,rearm=27,rise_bps=50,window=1080)",WINDOW_CLOSING,up,1.0,slow,4,0.179975,"{""window"": 1080, ""rise_bps"": 50, ""max_days_since_min"": 90, ""rearm"": 27, ""_feasible"": true, ""_n_feasible"": 19, ""_score"": 0.9247}","{""rise_pct"": 3.7319884726224823, ""min_rate"": 0.1735, ""days_since_min"": 19.0, ""window"": 1080.0}"
2025-03-21 13:00:00,KZT,level,"level(pct=0.2,rearm=45,stall_days=0,window=1080)",BUY_NOW,down,0.9305555555555556,medium,4,0.1764,"{""window"": 1080, ""pct"": 0.2, ""stall_days"": 0, ""rearm"": 45, ""_feasible"": true, ""_n_feasible"": 27, ""_score"": 1.1236}","{""pct_rank"": 0.013888888888888888, ""window"": 1080.0, ""days_since_min"": 23.0}"
2025-03-25 16:00:00,KZT,reversal,"reversal(max_days_since_min=90,rearm=27,rise_bps=50,window=1080)",WINDOW_CLOSING,up,1.0,slow,4,0.1775,"{""window"": 1080, ""rise_bps"": 50, ""max_days_since_min"": 90, ""rearm"": 27, ""_feasible"": true, ""_n_feasible"": 19, ""_score"": 0.9247}","{""rise_pct"": 2.3054755043227626, ""min_rate"": 0.1735, ""days_since_min"": 46.0, ""window"": 1080.0}"
2025-03-28 15:00:00,KZT,level,"level(pct=0.2,rearm=45,stall_days=0,window=1080)",BUY_NOW,down,0.9768518518518519,medium,4,0.175075,"{""window"": 1080, ""pct"": 0.2, ""stall_days"": 0, ""rearm"": 45, ""_feasible"": true, ""_n_feasible"": 27, ""_score"": 1.1236}","{""pct_rank"": 0.004629629629629629, ""window"": 1080.0, ""days_since_min"": 68.0}"
2025-03-28 16:00:00,KZT,momentum,"momentum(n=4,rearm=18)",BUY_NOW,down,0.5,fast,4,0.1748999999999999,"{""n"": 4, ""rearm"": 18, ""_feasible"": true, ""_n_feasible"": 6, ""_score"": 1.1729}","{""streak"": 4.0, ""drop_pct"": -0.9065155807365999}"
2025-03-31 11:00:00,KZT,reversal,"reversal(max_days_since_min=90,rearm=27,rise_bps=50,window=1080)",WINDOW_CLOSING,up,1.0,slow,4,0.1768499999999999,"{""window"": 1080, ""rise_bps"": 50, ""max_days_since_min"": 90, ""rearm"": 27, ""_feasible"": true, ""_n_feasible"": 19, ""_score"": 0.9247}","{""rise_pct"": 1.9308357348702732, ""min_rate"": 0.1735, ""days_since_min"": 73.0, ""window"": 1080.0}"
2025-04-04 17:00:00,KZT,level,"level(pct=0.2,rearm=45,stall_days=0,window=1080)",BUY_NOW,down,0.675925925925926,medium,4,0.1770749999999999,"{""window"": 1080, ""pct"": 0.2, ""stall_days"": 0, ""rearm"": 45, ""_feasible"": true, ""_n_feasible"": 27, ""_score"": 1.1236}","{""pct_rank"": 0.06481481481481481, ""window"": 1080.0, ""days_since_min"": 113.0}"
2025-04-10 10:00:00,KZT,dip_vs_trend,"dip_vs_trend(pct=0.2,rearm=27,span=180,window=1080)",BUY_NOW,down,0.9953703703703703,medium,4,0.1646999999999999,"{""span"": 180, ""window"": 1080, ""pct"": 0.2, ""rearm"": 27, ""_feasible"": true, ""_n_feasible"": 30, ""_score"": 1.1309}","{""dev_pct"": -6.961344519354473, ""pct_rank"": 0.000925925925925926, ""window"": 1080.0, ""span"": 180.0}"
2025-04-10 11:00:00,KZT,reversal,"reversal(max_days_since_min=90,rearm=27,rise_bps=50,window=1080)",WINDOW_CLOSING,up,1.0,slow,4,0.173725,"{""window"": 1080, ""rise_bps"": 50, ""max_days_since_min"": 90, ""rearm"": 27, ""_feasible"": true, ""_n_feasible"": 19, ""_score"": 0.9247}","{""rise_pct"": 5.479659987856755, ""min_rate"": 0.1646999999999999, ""days_since_min"": 1.0, ""window"": 1080.0}"
2025-04-11 12:00:00,KZT,momentum,"momentum(n=4,rearm=18)",BUY_NOW,down,0.5,fast,4,0.171625,"{""n"": 4, ""rearm"": 18, ""_feasible"": true, ""_n_feasible"": 6, ""_score"": 1.1729}","{""streak"": 4.0, ""drop_pct"": -1.914559222746104}"
2025-04-11 16:00:00,KZT,level,"level(pct=0.2,rearm=45,stall_days=0,window=1080)",BUY_NOW,down,0.9907407407407407,medium,4,0.1716,"{""window"": 1080, ""pct"": 0.2, ""stall_days"": 0, ""rearm"": 45, ""_feasible"": true, ""_n_feasible"": 27, ""_score"": 1.1236}","{""pct_rank"": 0.001851851851851852, ""window"": 1080.0, ""days_since_min"": 14.0}"
2025-04-15 11:00:00,KZT,dip_vs_trend,"dip_vs_trend(pct=0.2,rearm=27,span=180,window=1080)",BUY_NOW,down,0.9074074074074074,medium,4,0.167675,"{""span"": 180, ""window"": 1080, ""pct"": 0.2, ""rearm"": 27, ""_feasible"": true, ""_n_feasible"": 30, ""_score"": 1.1309}","{""dev_pct"": -4.739360052646391, ""pct_rank"": 0.018518518518518517, ""window"": 1080.0, ""span"": 180.0}"
2025-04-15 12:00:00,KZT,reversal,"reversal(max_days_since_min=90,rearm=27,rise_bps=50,window=1080)",WINDOW_CLOSING,up,1.0,slow,4,0.1664,"{""window"": 1080, ""rise_bps"": 50, ""max_days_since_min"": 90, ""rearm"": 27, ""_feasible"": true, ""_n_feasible"": 19, ""_score"": 0.9247}","{""rise_pct"": 1.0321797207043737, ""min_rate"": 0.1646999999999999, ""days_since_min"": 28.0, ""window"": 1080.0}"
2025-04-18 11:00:00,KZT,dip_vs_trend,"dip_vs_trend(pct=0.2,rearm=27,span=180,window=1080)",BUY_NOW,down,0.9953703703703703,medium,4,0.1599499999999999,"{""span"": 180, ""window"": 1080, ""pct"": 0.2, ""rearm"": 27, ""_feasible"": true, ""_n_feasible"": 30, ""_score"": 1.1309}","{""dev_pct"": -8.134328536797286, ""pct_rank"": 0.000925925925925926, ""window"": 1080.0, ""span"": 180.0}"
2025-04-18 15:00:00,KZT,reversal,"reversal(max_days_since_min=90,rearm=27,rise_bps=50,window=1080)",WINDOW_CLOSING,up,0.6564551422320042,slow,4,0.161,"{""window"": 1080, ""rise_bps"": 50, ""max_days_since_min"": 90, ""rearm"": 27, ""_feasible"": true, ""_n_feasible"": 19, ""_score"": 0.9247}","{""rise_pct"": 0.6564551422320042, ""min_rate"": 0.1599499999999999, ""days_since_min"": 4.0, ""window"": 1080.0}"
2025-04-18 16:00:00,KZT,level,"level(pct=0.2,rearm=45,stall_days=0,window=1080)",BUY_NOW,down,0.9768518518518519,medium,4,0.16,"{""window"": 1080, ""pct"": 0.2, ""stall_days"": 0, ""rearm"": 45, ""_feasible"": true, ""_n_feasible"": 27, ""_score"": 1.1236}","{""pct_rank"": 0.004629629629629629, ""window"": 1080.0, ""days_since_min"": 5.0}"
2025-04-21 12:00:00,KZT,momentum,"momentum(n=4,rearm=18)",BUY_NOW,down,0.5,fast,4,0.159,"{""n"": 4, ""rearm"": 18, ""_feasible"": true, ""_n_feasible"": 6, ""_score"": 1.1729}","{""streak"": 4.0, ""drop_pct"": -2.1538461538461506}"
2025-04-23 11:00:00,KZT,dip_vs_trend,"dip_vs_trend(pct=0.2,rearm=27,span=180,window=1080)",BUY_NOW,down,0.912037037037037,medium,4,0.159,"{""span"": 180, ""window"": 1080, ""pct"": 0.2, ""rearm"": 27, ""_feasible"": true, ""_n_feasible"": 30, ""_score"": 1.1309}","{""dev_pct"": -7.308822422067096, ""pct_rank"": 0.017592592592592594, ""window"": 1080.0, ""span"": 180.0}"
2025-04-23 15:00:00,KZT,reversal,"reversal(max_days_since_min=90,rearm=27,rise_bps=50,window=1080)",WINDOW_CLOSING,up,1.0,slow,4,0.161475,"{""window"": 1080, ""rise_bps"": 50, ""max_days_since_min"": 90, ""rearm"": 27, ""_feasible"": true, ""_n_feasible"": 19, ""_score"": 0.9247}","{""rise_pct"": 2.0701643489254185, ""min_rate"": 0.1582, ""days_since_min"": 6.0, ""window"": 1080.0}"
2025-04-25 16:00:00,KZT,level,"level(pct=0.2,rearm=45,stall_days=0,window=1080)",BUY_NOW,down,0.8240740740740741,medium,4,0.161325,"{""window"": 1080, ""pct"": 0.2, ""stall_days"": 0, ""rearm"": 45, ""_feasible"": true, ""_n_feasible"": 27, ""_score"": 1.1236}","{""pct_rank"": 0.03518518518518519, ""window"": 1080.0, ""days_since_min"": 25.0}"
2025-04-28 10:00:00,KZT,dip_vs_trend,"dip_vs_trend(pct=0.2,rearm=27,span=180,window=1080)",BUY_NOW,down,0.6018518518518519,medium,4,0.16065,"{""span"": 180, ""window"": 1080, ""pct"": 0.2, ""rearm"": 27, ""_feasible"": true, ""_n_feasible"": 30, ""_score"": 1.1309}","{""dev_pct"": -5.030896076534908, ""pct_rank"": 0.07962962962962963, ""window"": 1080.0, ""span"": 180.0}"
2025-04-28 14:00:00,KZT,reversal,"reversal(max_days_since_min=90,rearm=27,rise_bps=50,window=1080)",WINDOW_CLOSING,up,1.0,slow,4,0.1604,"{""window"": 1080, ""rise_bps"": 50, ""max_days_since_min"": 90, ""rearm"": 27, ""_feasible"": true, ""_n_feasible"": 19, ""_score"": 0.9247}","{""rise_pct"": 1.3906447534765887, ""min_rate"": 0.1582, ""days_since_min"": 33.0, ""window"": 1080.0}"
2025-04-30 18:00:00,KZT,dip_vs_trend,"dip_vs_trend(pct=0.2,rearm=27,span=180,window=1080)",BUY_NOW,down,0.6203703703703705,medium,4,0.158,"{""span"": 180, ""window"": 1080, ""pct"": 0.2, ""rearm"": 27, ""_feasible"": true, ""_n_feasible"": 30, ""_score"": 1.1309}","{""dev_pct"": -5.1611160575836035, ""pct_rank"": 0.07592592592592592, ""window"": 1080.0, ""span"": 180.0}"
2025-05-02 14:00:00,KZT,reversal,"reversal(max_days_since_min=90,rearm=27,rise_bps=50,window=1080)",WINDOW_CLOSING,up,1.0,slow,4,0.159825,"{""window"": 1080, ""rise_bps"": 50, ""max_days_since_min"": 90, ""rearm"": 27, ""_feasible"": true, ""_n_feasible"": 19, ""_score"": 0.9247}","{""rise_pct"": 1.6698473282442672, ""min_rate"": 0.1572, ""days_since_min"": 4.0, ""window"": 1080.0}"
2025-05-05 13:00:00,KZT,level,"level(pct=0.2,rearm=45,stall_days=0,window=1080)",BUY_NOW,down,0.962962962962963,medium,4,0.158,"{""window"": 1080, ""pct"": 0.2, ""stall_days"": 0, ""rearm"": 45, ""_feasible"": true, ""_n_feasible"": 27, ""_score"": 1.1236}","{""pct_rank"": 0.007407407407407408, ""window"": 1080.0, ""days_since_min"": 13.0}"
2025-05-07 11:00:00,KZT,dip_vs_trend,"dip_vs_trend(pct=0.2,rearm=27,span=180,window=1080)",BUY_NOW,down,0.5138888888888888,medium,4,0.1555,"{""span"": 180, ""window"": 1080, ""pct"": 0.2, ""rearm"": 27, ""_feasible"": true, ""_n_feasible"": 30, ""_score"": 1.1309}","{""dev_pct"": -4.908475681845969, ""pct_rank"": 0.09722222222222222, ""window"": 1080.0, ""span"": 180.0}"
2025-05-07 13:00:00,KZT,reversal,"reversal(max_days_since_min=90,rearm=27,rise_bps=50,window=1080)",WINDOW_CLOSING,up,0.9646302250803762,slow,4,0.157,"{""window"": 1080, ""rise_bps"": 50, ""max_days_since_min"": 90, ""rearm"": 27, ""_feasible"": true, ""_n_feasible"": 19, ""_score"": 0.9247}","{""rise_pct"": 0.9646302250803762, ""min_rate"": 0.1555, ""days_since_min"": 2.0, ""window"": 1080.0}"
2025-05-13 13:00:00,KZT,level,"level(pct=0.2,rearm=45,stall_days=0,window=1080)",BUY_NOW,down,0.7638888888888888,medium,4,0.1592,"{""window"": 1080, ""pct"": 0.2, ""stall_days"": 0, ""rearm"": 45, ""_feasible"": true, ""_n_feasible"": 27, ""_score"": 1.1236}","{""pct_rank"": 0.04722222222222222, ""window"": 1080.0, ""days_since_min"": 29.0}"
2025-05-13 13:00:00,KZT,reversal,"reversal(max_days_since_min=90,rearm=27,rise_bps=50,window=1080)",WINDOW_CLOSING,up,1.0,slow,4,0.1592,"{""window"": 1080, ""rise_bps"": 50, ""max_days_since_min"": 90, ""rearm"": 27, ""_feasible"": true, ""_n_feasible"": 19, ""_score"": 0.9247}","{""rise_pct"": 2.3794212218649635, ""min_rate"": 0.1555, ""days_since_min"": 29.0, ""window"": 1080.0}"
2025-05-13 16:00:00,KZT,momentum,"momentum(n=4,rearm=18)",BUY_NOW,down,0.5,fast,4,0.158875,"{""n"": 4, ""rearm"": 18, ""_feasible"": true, ""_n_feasible"": 6, ""_score"": 1.1729}","{""streak"": 4.0, ""drop_pct"": -0.7031250000000044}"
2025-05-16 13:00:00,KZT,momentum,"momentum(n=4,rearm=18)",BUY_NOW,down,0.5,fast,4,0.15805,"{""n"": 4, ""rearm"": 18, ""_feasible"": true, ""_n_feasible"": 6, ""_score"": 1.1729}","{""streak"": 4.0, ""drop_pct"": -0.737949442612662}"
2025-05-16 13:00:00,KZT,reversal,"reversal(max_days_since_min=90,rearm=27,rise_bps=50,window=1080)",WINDOW_CLOSING,up,1.0,slow,4,0.15805,"{""window"": 1080, ""rise_bps"": 50, ""max_days_since_min"": 90, ""rearm"": 27, ""_feasible"": true, ""_n_feasible"": 19, ""_score"": 0.9247}","{""rise_pct"": 1.6398713826366593, ""min_rate"": 0.1555, ""days_since_min"": 56.0, ""window"": 1080.0}"
2025-05-20 13:00:00,KZT,level,"level(pct=0.2,rearm=45,stall_days=0,window=1080)",BUY_NOW,down,0.7037037037037037,medium,4,0.158875,"{""window"": 1080, ""pct"": 0.2, ""stall_days"": 0, ""rearm"": 45, ""_feasible"": true, ""_n_feasible"": 27, ""_score"": 1.1236}","{""pct_rank"": 0.05925925925925926, ""window"": 1080.0, ""days_since_min"": 74.0}"
2025-05-21 12:00:00,KZT,reversal,"reversal(max_days_since_min=90,rearm=27,rise_bps=50,window=1080)",WINDOW_CLOSING,up,1.0,slow,4,0.1597,"{""window"": 1080, ""rise_bps"": 50, ""max_days_since_min"": 90, ""rearm"": 27, ""_feasible"": true, ""_n_feasible"": 19, ""_score"": 0.9247}","{""rise_pct"": 2.700964630225089, ""min_rate"": 0.1555, ""days_since_min"": 83.0, ""window"": 1080.0}"
2025-05-23 12:00:00,KZT,momentum,"momentum(n=4,rearm=18)",BUY_NOW,down,0.5,fast,4,0.15795,"{""n"": 4, ""rearm"": 18, ""_feasible"": true, ""_n_feasible"": 6, ""_score"": 1.1729}","{""streak"": 4.0, ""drop_pct"": -0.9717868338557922}"
2025-05-27 12:00:00,KZT,level,"level(pct=0.2,rearm=45,stall_days=0,window=1080)",BUY_NOW,down,0.6805555555555556,medium,4,0.1585,"{""window"": 1080, ""pct"": 0.2, ""stall_days"": 0, ""rearm"": 45, ""_feasible"": true, ""_n_feasible"": 27, ""_score"": 1.1236}","{""pct_rank"": 0.06388888888888888, ""window"": 1080.0, ""days_since_min"": 119.0}"
2025-06-03 17:00:00,KZT,momentum,"momentum(n=2,rearm=27)",BUY_NOW,down,0.5,fast,5,0.156825,"{""n"": 2, ""rearm"": 27, ""_feasible"": true, ""_n_feasible"": 6, ""_score"": 1.2148}","{""streak"": 2.0, ""drop_pct"": -0.4285714285714337}"
2025-06-04 15:00:00,KZT,reversal,"reversal(max_days_since_min=180,rearm=45,rise_bps=80,window=540)",WINDOW_CLOSING,up,1.0,slow,5,0.1583999999999999,"{""window"": 540, ""rise_bps"": 80, ""max_days_since_min"": 180, ""rearm"": 45, ""_feasible"": true, ""_n_feasible"": 23, ""_score"": 0.8912}","{""rise_pct"": 1.8649517684886874, ""min_rate"": 0.1555, ""days_since_min"": 176.0, ""window"": 540.0}"
2025-06-05 12:00:00,KZT,level,"level(pct=0.3,rearm=45,stall_days=0,window=2250)",BUY_NOW,down,0.7303703703703703,medium,5,0.15945,"{""window"": 2250, ""pct"": 0.3, ""stall_days"": 0, ""rearm"": 45, ""_feasible"": true, ""_n_feasible"": 44, ""_score"": 1.6764}","{""pct_rank"": 0.08088888888888889, ""window"": 2250.0, ""days_since_min"": 181.0}"
2025-06-09 15:00:00,KZT,momentum,"momentum(n=2,rearm=27)",BUY_NOW,down,0.5,fast,5,0.160025,"{""n"": 2, ""rearm"": 27, ""_feasible"": true, ""_n_feasible"": 6, ""_score"": 1.2148}","{""streak"": 2.0, ""drop_pct"": -0.9746287128712838}"
2025-06-13 13:00:00,KZT,level,"level(pct=0.3,rearm=45,stall_days=0,window=2250)",BUY_NOW,down,0.6,medium,5,0.16,"{""window"": 2250, ""pct"": 0.3, ""stall_days"": 0, ""rearm"": 45, ""_feasible"": true, ""_n_feasible"": 44, ""_score"": 1.6764}","{""pct_rank"": 0.12, ""window"": 2250.0, ""days_since_min"": 226.0}"
2025-06-13 17:00:00,KZT,momentum,"momentum(n=2,rearm=27)",BUY_NOW,down,0.75,fast,5,0.160025,"{""n"": 2, ""rearm"": 27, ""_feasible"": true, ""_n_feasible"": 6, ""_score"": 1.2148}","{""streak"": 3.0, ""drop_pct"": -0.851920693928121}"
2025-06-19 11:00:00,KZT,momentum,"momentum(n=2,rearm=27)",BUY_NOW,down,0.5,fast,5,0.15835,"{""n"": 2, ""rearm"": 27, ""_feasible"": true, ""_n_feasible"": 6, ""_score"": 1.2148}","{""streak"": 2.0, ""drop_pct"": -1.0312500000000058}"
2025-06-20 14:00:00,KZT,level,"level(pct=0.3,rearm=45,stall_days=0,window=2250)",BUY_NOW,down,0.794074074074074,medium,5,0.1586,"{""window"": 2250, ""pct"": 0.3, ""stall_days"": 0, ""rearm"": 45, ""_feasible"": true, ""_n_feasible"": 44, ""_score"": 1.6764}","{""pct_rank"": 0.06177777777777778, ""window"": 2250.0, ""days_since_min"": 271.0}"
2025-06-24 12:00:00,KZT,momentum,"momentum(n=2,rearm=27)",BUY_NOW,down,0.5,fast,5,0.1563,"{""n"": 2, ""rearm"": 27, ""_feasible"": true, ""_n_feasible"": 6, ""_score"": 1.2148}","{""streak"": 2.0, ""drop_pct"": -0.7619047619047636}"
2025-06-24 16:00:00,KZT,reversal,"reversal(max_days_since_min=180,rearm=45,rise_bps=80,window=540)",WINDOW_CLOSING,up,1.0,slow,5,0.157275,"{""window"": 540, ""rise_bps"": 80, ""max_days_since_min"": 180, ""rearm"": 45, ""_feasible"": true, ""_n_feasible"": 23, ""_score"": 0.8912}","{""rise_pct"": 1.7302716688227804, ""min_rate"": 0.1546, ""days_since_min"": 1.0, ""window"": 540.0}"
2025-06-27 13:00:00,KZT,level,"level(pct=0.3,rearm=45,stall_days=0,window=2250)",BUY_NOW,down,0.9896296296296296,medium,5,0.152,"{""window"": 2250, ""pct"": 0.3, ""stall_days"": 0, ""rearm"": 45, ""_feasible"": true, ""_n_feasible"": 44, ""_score"": 1.6764}","{""pct_rank"": 0.003111111111111111, ""window"": 2250.0, ""days_since_min"": 17.0}"
2025-07-01 11:00:00,KZT,momentum,"momentum(n=2,rearm=27)",BUY_NOW,down,0.5,fast,5,0.1501249999999999,"{""n"": 2, ""rearm"": 27, ""_feasible"": true, ""_n_feasible"": 6, ""_score"": 1.2148}","{""streak"": 2.0, ""drop_pct"": -1.4119192250862556}"
2025-07-01 16:00:00,KZT,reversal,"reversal(max_days_since_min=180,rearm=45,rise_bps=80,window=540)",WINDOW_CLOSING,up,0.7470538720538711,slow,5,0.150275,"{""window"": 540, ""rise_bps"": 80, ""max_days_since_min"": 180, ""rearm"": 45, ""_feasible"": true, ""_n_feasible"": 23, ""_score"": 0.8912}","{""rise_pct"": 1.1952861952861937, ""min_rate"": 0.1485, ""days_since_min"": 2.0, ""window"": 540.0}"
2025-07-04 13:00:00,KZT,level,"level(pct=0.3,rearm=45,stall_days=0,window=2250)",BUY_NOW,down,0.9881481481481481,medium,5,0.1493249999999999,"{""window"": 2250, ""pct"": 0.3, ""stall_days"": 0, ""rearm"": 45, ""_feasible"": true, ""_n_feasible"": 44, ""_score"": 1.6764}","{""pct_rank"": 0.0035555555555555557, ""window"": 2250.0, ""days_since_min"": 26.0}"
2025-07-04 17:00:00,KZT,momentum,"momentum(n=2,rearm=27)",BUY_NOW,down,0.5,fast,5,0.150175,"{""n"": 2, ""rearm"": 27, ""_feasible"": true, ""_n_feasible"": 6, ""_score"": 1.2148}","{""streak"": 2.0, ""drop_pct"": -0.03328340822099651}"
2025-07-09 11:00:00,KZT,reversal,"reversal(max_days_since_min=180,rearm=45,rise_bps=80,window=540)",WINDOW_CLOSING,up,0.9700665188470126,slow,5,0.14885,"{""window"": 540, ""rise_bps"": 80, ""max_days_since_min"": 180, ""rearm"": 45, ""_feasible"": true, ""_n_feasible"": 23, ""_score"": 0.8912}","{""rise_pct"": 1.55210643015522, ""min_rate"": 0.146575, ""days_since_min"": 1.0, ""window"": 540.0}"
2025-07-10 11:00:00,KZT,momentum,"momentum(n=2,rearm=27)",BUY_NOW,down,0.5,fast,5,0.15,"{""n"": 2, ""rearm"": 27, ""_feasible"": true, ""_n_feasible"": 6, ""_score"": 1.2148}","{""streak"": 2.0, ""drop_pct"": -0.19960079840318778}"
2025-07-11 15:00:00,KZT,level,"level(pct=0.3,rearm=45,stall_days=0,window=2250)",BUY_NOW,down,0.9481481481481482,medium,5,0.149625,"{""window"": 2250, ""pct"": 0.3, ""stall_days"": 0, ""rearm"": 45, ""_feasible"": true, ""_n_feasible"": 44, ""_score"": 1.6764}","{""pct_rank"": 0.015555555555555555, ""window"": 2250.0, ""days_since_min"": 22.0}"
2025-07-15 15:00:00,KZT,momentum,"momentum(n=2,rearm=27)",BUY_NOW,down,0.5,fast,5,0.1473499999999999,"{""n"": 2, ""rearm"": 27, ""_feasible"": true, ""_n_feasible"": 6, ""_score"": 1.2148}","{""streak"": 2.0, ""drop_pct"": -0.1016949152543023}"
2025-07-16 13:00:00,KZT,reversal,"reversal(max_days_since_min=180,rearm=45,rise_bps=80,window=540)",WINDOW_CLOSING,up,0.5342793639938476,slow,5,0.147475,"{""window"": 540, ""rise_bps"": 80, ""max_days_since_min"": 180, ""rearm"": 45, ""_feasible"": true, ""_n_feasible"": 23, ""_score"": 0.8912}","{""rise_pct"": 0.8548469823901561, ""min_rate"": 0.146225, ""days_since_min"": 4.0, ""window"": 540.0}"
2025-07-18 16:00:00,KZT,momentum,"momentum(n=2,rearm=27)",BUY_NOW,down,0.75,fast,5,0.145075,"{""n"": 2, ""rearm"": 27, ""_feasible"": true, ""_n_feasible"": 6, ""_score"": 1.2148}","{""streak"": 3.0, ""drop_pct"": -1.3095238095237938}"
2025-07-18 17:00:00,KZT,level,"level(pct=0.3,rearm=45,stall_days=0,window=2250)",BUY_NOW,down,0.9955555555555555,medium,5,0.145975,"{""window"": 2250, ""pct"": 0.3, ""stall_days"": 0, ""rearm"": 45, ""_feasible"": true, ""_n_feasible"": 44, ""_score"": 1.6764}","{""pct_rank"": 0.0013333333333333333, ""window"": 2250.0, ""days_since_min"": 6.0}"
2025-07-23 13:00:00,KZT,reversal,"reversal(max_days_since_min=180,rearm=45,rise_bps=80,window=540)",WINDOW_CLOSING,up,0.8620689655172431,slow,5,0.147,"{""window"": 540, ""rise_bps"": 80, ""max_days_since_min"": 180, ""rearm"": 45, ""_feasible"": true, ""_n_feasible"": 23, ""_score"": 0.8912}","{""rise_pct"": 1.379310344827589, ""min_rate"": 0.145, ""days_since_min"": 20.0, ""window"": 540.0}"
2025-07-24 18:00:00,KZT,momentum,"momentum(n=2,rearm=27)",BUY_NOW,down,0.5,fast,5,0.146,"{""n"": 2, ""rearm"": 27, ""_feasible"": true, ""_n_feasible"": 6, ""_score"": 1.2148}","{""streak"": 2.0, ""drop_pct"": -0.6126616746085833}"
2025-07-25 16:00:00,KZT,level,"level(pct=0.3,rearm=45,stall_days=0,window=2250)",BUY_NOW,down,0.8903703703703704,medium,5,0.147525,"{""window"": 2250, ""pct"": 0.3, ""stall_days"": 0, ""rearm"": 45, ""_feasible"": true, ""_n_feasible"": 44, ""_score"": 1.6764}","{""pct_rank"": 0.03288888888888889, ""window"": 2250.0, ""days_since_min"": 41.0}"
2025-07-30 12:00:00,KZT,reversal,"reversal(max_days_since_min=180,rearm=45,rise_bps=80,window=540)",WINDOW_CLOSING,up,1.0,slow,5,0.1514,"{""window"": 540, ""rise_bps"": 80, ""max_days_since_min"": 180, ""rearm"": 45, ""_feasible"": true, ""_n_feasible"": 23, ""_score"": 0.8912}","{""rise_pct"": 4.413793103448294, ""min_rate"": 0.145, ""days_since_min"": 65.0, ""window"": 540.0}"
2025-07-30 17:00:00,KZT,momentum,"momentum(n=2,rearm=27)",BUY_NOW,down,0.5,fast,5,0.15005,"{""n"": 2, ""rearm"": 27, ""_feasible"": true, ""_n_feasible"": 6, ""_score"": 1.2148}","{""streak"": 2.0, ""drop_pct"": -1.152832674571802}"
2025-08-01 15:00:00,KZT,level,"level(pct=0.3,rearm=45,stall_days=0,window=2250)",BUY_NOW,down,0.7096296296296296,medium,5,0.151,"{""window"": 2250, ""pct"": 0.3, ""stall_days"": 0, ""rearm"": 45, ""_feasible"": true, ""_n_feasible"": 44, ""_score"": 1.6764}","{""pct_rank"": 0.08711111111111111, ""window"": 2250.0, ""days_since_min"": 86.0}"
2025-08-05 19:00:00,KZT,momentum,"momentum(n=2,rearm=27)",BUY_NOW,down,0.5,fast,5,0.151975,"{""n"": 2, ""rearm"": 27, ""_feasible"": true, ""_n_feasible"": 6, ""_score"": 1.2148}","{""streak"": 2.0, ""drop_pct"": -1.9516129032258078}"
2025-08-06 12:00:00,KZT,reversal,"reversal(max_days_since_min=180,rearm=45,rise_bps=80,window=540)",WINDOW_CLOSING,up,1.0,slow,5,0.15105,"{""window"": 540, ""rise_bps"": 80, ""max_days_since_min"": 180, ""rearm"": 45, ""_feasible"": true, ""_n_feasible"": 23, ""_score"": 0.8912}","{""rise_pct"": 4.172413793103447, ""min_rate"": 0.145, ""days_since_min"": 110.0, ""window"": 540.0}"
2025-08-08 18:00:00,KZT,level,"level(pct=0.3,rearm=45,stall_days=0,window=2250)",BUY_NOW,down,0.7140740740740741,medium,5,0.150375,"{""window"": 2250, ""pct"": 0.3, ""stall_days"": 0, ""rearm"": 45, ""_feasible"": true, ""_n_feasible"": 44, ""_score"": 1.6764}","{""pct_rank"": 0.08577777777777777, ""window"": 2250.0, ""days_since_min"": 131.0}"
2025-08-13 10:00:00,KZT,momentum,"momentum(n=2,rearm=27)",BUY_NOW,down,0.5,fast,5,0.15,"{""n"": 2, ""rearm"": 27, ""_feasible"": true, ""_n_feasible"": 6, ""_score"": 1.2148}","{""streak"": 2.0, ""drop_pct"": -1.7842527418562848}"
2025-08-13 14:00:00,KZT,reversal,"reversal(max_days_since_min=180,rearm=45,rise_bps=80,window=540)",WINDOW_CLOSING,up,1.0,slow,5,0.1493,"{""window"": 540, ""rise_bps"": 80, ""max_days_since_min"": 180, ""rearm"": 45, ""_feasible"": true, ""_n_feasible"": 23, ""_score"": 0.8912}","{""rise_pct"": 2.9655172413793007, ""min_rate"": 0.145, ""days_since_min"": 155.0, ""window"": 540.0}"
2025-08-15 17:00:00,KZT,level,"level(pct=0.3,rearm=45,stall_days=0,window=2250)",BUY_NOW,down,0.6133333333333333,medium,5,0.15145,"{""window"": 2250, ""pct"": 0.3, ""stall_days"": 0, ""rearm"": 45, ""_feasible"": true, ""_n_feasible"": 44, ""_score"": 1.6764}","{""pct_rank"": 0.116, ""window"": 2250.0, ""days_since_min"": 176.0}"
2025-08-18 13:00:00,KZT,momentum,"momentum(n=2,rearm=27)",BUY_NOW,down,0.5,fast,5,0.15055,"{""n"": 2, ""rearm"": 27, ""_feasible"": true, ""_n_feasible"": 6, ""_score"": 1.2148}","{""streak"": 2.0, ""drop_pct"": -1.2948696934928727}"
2025-08-22 14:00:00,KZT,momentum,"momentum(n=2,rearm=27)",BUY_NOW,down,0.5,fast,5,0.1528,"{""n"": 2, ""rearm"": 27, ""_feasible"": true, ""_n_feasible"": 6, ""_score"": 1.2148}","{""streak"": 2.0, ""drop_pct"": -0.11439777741462098}"
2025-08-22 15:00:00,KZT,level,"level(pct=0.3,rearm=45,stall_days=0,window=2250)",BUY_NOW,down,0.4666666666666667,medium,5,0.1528,"{""window"": 2250, ""pct"": 0.3, ""stall_days"": 0, ""rearm"": 45, ""_feasible"": true, ""_n_feasible"": 44, ""_score"": 1.6764}","{""pct_rank"": 0.16, ""window"": 2250.0, ""days_since_min"": 221.0}"
2025-08-29 14:00:00,KZT,level,"level(pct=0.3,rearm=45,stall_days=0,window=2250)",BUY_NOW,down,0.442962962962963,medium,5,0.1527,"{""window"": 2250, ""pct"": 0.3, ""stall_days"": 0, ""rearm"": 45, ""_feasible"": true, ""_n_feasible"": 44, ""_score"": 1.6764}","{""pct_rank"": 0.1671111111111111, ""window"": 2250.0, ""days_since_min"": 266.0}"
2025-08-29 16:00:00,KZT,momentum,"momentum(n=2,rearm=27)",BUY_NOW,down,0.5,fast,5,0.152575,"{""n"": 2, ""rearm"": 27, ""_feasible"": true, ""_n_feasible"": 6, ""_score"": 1.2148}","{""streak"": 2.0, ""drop_pct"": -0.08185985592665812}"
2025-09-04 11:00:00,KZT,momentum,"momentum(n=2,rearm=27)",BUY_NOW,down,0.5,fast,5,0.1523,"{""n"": 2, ""rearm"": 27, ""_feasible"": true, ""_n_feasible"": 6, ""_score"": 1.2148}","{""streak"": 2.0, ""drop_pct"": -0.4086970737289586}"
2025-09-05 15:00:00,KZT,level,"level(pct=0.3,rearm=45,stall_days=0,window=2250)",BUY_NOW,down,0.31259259259259253,medium,5,0.154775,"{""window"": 2250, ""pct"": 0.3, ""stall_days"": 0, ""rearm"": 45, ""_feasible"": true, ""_n_feasible"": 44, ""_score"": 1.6764}","{""pct_rank"": 0.20622222222222222, ""window"": 2250.0, ""days_since_min"": 311.0}"
2025-09-09 16:00:00,KZT,momentum,"momentum(n=2,rearm=27)",BUY_NOW,down,0.5,fast,5,0.159175,"{""n"": 2, ""rearm"": 27, ""_feasible"": true, ""_n_feasible"": 6, ""_score"": 1.2148}","{""streak"": 2.0, ""drop_pct"": -1.683137739345264}"
2025-09-12 15:00:00,KZT,level,"level(pct=0.3,rearm=45,stall_days=0,window=2250)",BUY_NOW,down,0.04296296296296298,medium,5,0.1588,"{""window"": 2250, ""pct"": 0.3, ""stall_days"": 0, ""rearm"": 45, ""_feasible"": true, ""_n_feasible"": 44, ""_score"": 1.6764}","{""pct_rank"": 0.2871111111111111, ""window"": 2250.0, ""days_since_min"": 356.0}"
2025-09-15 17:00:00,KZT,momentum,"momentum(n=2,rearm=27)",BUY_NOW,down,0.5,fast,5,0.157525,"{""n"": 2, ""rearm"": 27, ""_feasible"": true, ""_n_feasible"": 6, ""_score"": 1.2148}","{""streak"": 2.0, ""drop_pct"": -1.8535825545171414}"
2025-09-19 11:00:00,KZT,momentum,"momentum(n=2,rearm=27)",BUY_NOW,down,0.5,fast,5,0.159,"{""n"": 2, ""rearm"": 27, ""_feasible"": true, ""_n_feasible"": 6, ""_score"": 1.2148}","{""streak"": 2.0, ""drop_pct"": -0.29785232795108696}"
2025-09-19 18:00:00,KZT,level,"level(pct=0.3,rearm=45,stall_days=0,window=2250)",BUY_NOW,down,0.03259259259259262,medium,5,0.158725,"{""window"": 2250, ""pct"": 0.3, ""stall_days"": 0, ""rearm"": 45, ""_feasible"": true, ""_n_feasible"": 44, ""_score"": 1.6764}","{""pct_rank"": 0.2902222222222222, ""window"": 2250.0, ""days_since_min"": 401.0}"
2025-09-24 18:00:00,KZT,momentum,"momentum(n=2,rearm=27)",BUY_NOW,down,0.5,fast,5,0.1572,"{""n"": 2, ""rearm"": 27, ""_feasible"": true, ""_n_feasible"": 6, ""_score"": 1.2148}","{""streak"": 2.0, ""drop_pct"": -0.6321112515802807}"
2025-09-29 12:00:00,KZT,level,"level(pct=0.3,rearm=45,stall_days=0,window=2250)",BUY_NOW,down,0.09333333333333327,medium,5,0.158,"{""window"": 2250, ""pct"": 0.3, ""stall_days"": 0, ""rearm"": 45, ""_feasible"": true, ""_n_feasible"": 44, ""_score"": 1.6764}","{""pct_rank"": 0.272, ""window"": 2250.0, ""days_since_min"": 446.0}"
2025-09-30 11:00:00,KZT,momentum,"momentum(n=2,rearm=27)",BUY_NOW,down,0.5,fast,5,0.1558,"{""n"": 2, ""rearm"": 27, ""_feasible"": true, ""_n_feasible"": 6, ""_score"": 1.2148}","{""streak"": 2.0, ""drop_pct"": -0.8905852417302906}"
2025-10-03 15:00:00,KZT,momentum,"momentum(n=2,rearm=27)",BUY_NOW,down,0.5,fast,5,0.15395,"{""n"": 2, ""rearm"": 27, ""_feasible"": true, ""_n_feasible"": 6, ""_score"": 1.2148}","{""streak"": 2.0, ""drop_pct"": -0.4848093083387184}"
2025-10-06 15:00:00,KZT,level,"level(pct=0.3,rearm=45,stall_days=0,window=2250)",BUY_NOW,down,0.23703703703703705,medium,5,0.1555,"{""window"": 2250, ""pct"": 0.3, ""stall_days"": 0, ""rearm"": 45, ""_feasible"": true, ""_n_feasible"": 44, ""_score"": 1.6764}","{""pct_rank"": 0.2288888888888889, ""window"": 2250.0, ""days_since_min"": 491.0}"
2025-10-10 10:00:00,KZT,momentum,"momentum(n=2,rearm=27)",BUY_NOW,down,0.5,fast,5,0.1531,"{""n"": 2, ""rearm"": 27, ""_feasible"": true, ""_n_feasible"": 6, ""_score"": 1.2148}","{""streak"": 2.0, ""drop_pct"": -0.7133592736705552}"
2025-10-14 11:00:00,KZT,level,"level(pct=0.3,rearm=45,stall_days=0,window=2250)",BUY_NOW,down,0.6444444444444444,medium,5,0.1510999999999999,"{""window"": 2250, ""pct"": 0.3, ""stall_days"": 0, ""rearm"": 45, ""_feasible"": true, ""_n_feasible"": 44, ""_score"": 1.6764}","{""pct_rank"": 0.10666666666666667, ""window"": 2250.0, ""days_since_min"": 536.0}"
2025-10-15 12:00:00,KZT,momentum,"momentum(n=2,rearm=27)",BUY_NOW,down,0.5,fast,5,0.15055,"{""n"": 2, ""rearm"": 27, ""_feasible"": true, ""_n_feasible"": 6, ""_score"": 1.2148}","{""streak"": 2.0, ""drop_pct"": -0.9376542194439952}"
2025-10-20 13:00:00,KZT,momentum,"momentum(n=2,rearm=27)",BUY_NOW,down,0.5,fast,5,0.152,"{""n"": 2, ""rearm"": 27, ""_feasible"": true, ""_n_feasible"": 6, ""_score"": 1.2148}","{""streak"": 2.0, ""drop_pct"": -0.5072819505809179}"
2025-10-21 11:00:00,KZT,level,"level(pct=0.3,rearm=45,stall_days=0,window=2250)",BUY_NOW,down,0.7125925925925926,medium,5,0.150175,"{""window"": 2250, ""pct"": 0.3, ""stall_days"": 0, ""rearm"": 45, ""_feasible"": true, ""_n_feasible"": 44, ""_score"": 1.6764}","{""pct_rank"": 0.08622222222222223, ""window"": 2250.0, ""days_since_min"": 581.0}"
2025-10-21 17:00:00,KZT,reversal,"reversal(max_days_since_min=180,rearm=45,rise_bps=80,window=540)",WINDOW_CLOSING,up,0.8445945945945998,slow,5,0.15,"{""window"": 540, ""rise_bps"": 80, ""max_days_since_min"": 180, ""rearm"": 45, ""_feasible"": true, ""_n_feasible"": 23, ""_score"": 0.8912}","{""rise_pct"": 1.3513513513513598, ""min_rate"": 0.148, ""days_since_min"": 4.0, ""window"": 540.0}"
2025-10-23 18:00:00,KZT,momentum,"momentum(n=2,rearm=27)",BUY_NOW,down,0.5,fast,5,0.15,"{""n"": 2, ""rearm"": 27, ""_feasible"": true, ""_n_feasible"": 6, ""_score"": 1.2148}","{""streak"": 2.0, ""drop_pct"": -0.9247027741083325}"
2025-10-28 15:00:00,KZT,level,"level(pct=0.3,rearm=45,stall_days=0,window=2250)",BUY_NOW,down,0.8237037037037037,medium,5,0.148775,"{""window"": 2250, ""pct"": 0.3, ""stall_days"": 0, ""rearm"": 45, ""_feasible"": true, ""_n_feasible"": 44, ""_score"": 1.6764}","{""pct_rank"": 0.05288888888888889, ""window"": 2250.0, ""days_since_min"": 626.0}"
2025-10-29 12:00:00,KZT,reversal,"reversal(max_days_since_min=180,rearm=45,rise_bps=80,window=540)",WINDOW_CLOSING,up,0.6425633995887636,slow,5,0.1474,"{""window"": 540, ""rise_bps"": 80, ""max_days_since_min"": 180, ""rearm"": 45, ""_feasible"": true, ""_n_feasible"": 23, ""_score"": 0.8912}","{""rise_pct"": 1.0281014393420218, ""min_rate"": 0.1459, ""days_since_min"": 15.0, ""window"": 540.0}"
2025-10-29 18:00:00,KZT,momentum,"momentum(n=2,rearm=27)",BUY_NOW,down,0.5,fast,5,0.148,"{""n"": 2, ""rearm"": 27, ""_feasible"": true, ""_n_feasible"": 6, ""_score"": 1.2148}","{""streak"": 2.0, ""drop_pct"": -0.6544722268837067}"
2025-11-03 11:00:00,KZT,momentum,"momentum(n=2,rearm=27)",BUY_NOW,down,0.5,fast,5,0.149,"{""n"": 2, ""rearm"": 27, ""_feasible"": true, ""_n_feasible"": 6, ""_score"": 1.2148}","{""streak"": 2.0, ""drop_pct"": -0.40106951871659025}"
2025-11-03 19:00:00,KZT,level,"level(pct=0.3,rearm=45,stall_days=0,window=2250)",BUY_NOW,down,0.7955555555555556,medium,5,0.1485,"{""window"": 2250, ""pct"": 0.3, ""stall_days"": 0, ""rearm"": 45, ""_feasible"": true, ""_n_feasible"": 44, ""_score"": 1.6764}","{""pct_rank"": 0.06133333333333333, ""window"": 2250.0, ""days_since_min"": 671.0}"
2025-11-05 16:00:00,KZT,reversal,"reversal(max_days_since_min=180,rearm=45,rise_bps=80,window=540)",WINDOW_CLOSING,up,1.0,slow,5,0.149,"{""window"": 540, ""rise_bps"": 80, ""max_days_since_min"": 180, ""rearm"": 45, ""_feasible"": true, ""_n_feasible"": 23, ""_score"": 0.8912}","{""rise_pct"": 2.124742974640159, ""min_rate"": 0.1459, ""days_since_min"": 60.0, ""window"": 540.0}"
2025-11-07 18:00:00,KZT,momentum,"momentum(n=2,rearm=27)",BUY_NOW,down,0.5,fast,5,0.1488,"{""n"": 2, ""rearm"": 27, ""_feasible"": true, ""_n_feasible"": 6, ""_score"": 1.2148}","{""streak"": 2.0, ""drop_pct"": -0.8000000000000007}"
2025-11-12 12:00:00,KZT,level,"level(pct=0.3,rearm=45,stall_days=0,window=2250)",BUY_NOW,down,0.016296296296296253,medium,5,0.153975,"{""window"": 2250, ""pct"": 0.3, ""stall_days"": 0, ""rearm"": 45, ""_feasible"": true, ""_n_feasible"": 44, ""_score"": 1.6764}","{""pct_rank"": 0.2951111111111111, ""window"": 2250.0, ""days_since_min"": 716.0}"
2025-11-12 19:00:00,KZT,reversal,"reversal(max_days_since_min=180,rearm=45,rise_bps=80,window=540)",WINDOW_CLOSING,up,1.0,slow,5,0.154925,"{""window"": 540, ""rise_bps"": 80, ""max_days_since_min"": 180, ""rearm"": 45, ""_feasible"": true, ""_n_feasible"": 23, ""_score"": 0.8912}","{""rise_pct"": 6.185743660041121, ""min_rate"": 0.1459, ""days_since_min"": 105.0, ""window"": 540.0}"
2025-11-13 11:00:00,KZT,momentum,"momentum(n=2,rearm=27)",BUY_NOW,down,0.5,fast,5,0.151,"{""n"": 2, ""rearm"": 27, ""_feasible"": true, ""_n_feasible"": 6, ""_score"": 1.2148}","{""streak"": 2.0, ""drop_pct"": -2.5649298273915155}"
2025-11-19 15:00:00,KZT,momentum,"momentum(n=2,rearm=27)",BUY_NOW,down,0.5,fast,5,0.1517,"{""n"": 2, ""rearm"": 27, ""_feasible"": true, ""_n_feasible"": 6, ""_score"": 1.2148}","{""streak"": 2.0, ""drop_pct"": -0.5897771952817155}"
2025-11-19 16:00:00,KZT,level,"level(pct=0.3,rearm=45,stall_days=0,window=2250)",BUY_NOW,down,0.42222222222222217,medium,5,0.151275,"{""window"": 2250, ""pct"": 0.3, ""stall_days"": 0, ""rearm"": 45, ""_feasible"": true, ""_n_feasible"": 44, ""_score"": 1.6764}","{""pct_rank"": 0.17333333333333334, ""window"": 2250.0, ""days_since_min"": 761.0}"
2025-11-20 12:00:00,KZT,reversal,"reversal(max_days_since_min=180,rearm=45,rise_bps=80,window=540)",WINDOW_CLOSING,up,1.0,slow,5,0.150425,"{""window"": 540, ""rise_bps"": 80, ""max_days_since_min"": 180, ""rearm"": 45, ""_feasible"": true, ""_n_feasible"": 23, ""_score"": 0.8912}","{""rise_pct"": 3.1014393420150776, ""min_rate"": 0.1459, ""days_since_min"": 150.0, ""window"": 540.0}"
2025-11-24 19:00:00,KZT,momentum,"momentum(n=2,rearm=27)",BUY_NOW,down,0.5,fast,5,0.148625,"{""n"": 2, ""rearm"": 27, ""_feasible"": true, ""_n_feasible"": 6, ""_score"": 1.2148}","{""streak"": 2.0, ""drop_pct"": -0.5686569660478313}"
2025-11-26 16:00:00,KZT,level,"level(pct=0.3,rearm=45,stall_days=0,window=2250)",BUY_NOW,down,0.7437037037037036,medium,5,0.14895,"{""window"": 2250, ""pct"": 0.3, ""stall_days"": 0, ""rearm"": 45, ""_feasible"": true, ""_n_feasible"": 44, ""_score"": 1.6764}","{""pct_rank"": 0.0768888888888889, ""window"": 2250.0, ""days_since_min"": 806.0}"
2025-12-01 15:00:00,KZT,level,"level(pct=0.2,rearm=45,stall_days=27,window=2250)",BUY_NOW,down,0.0755555555555556,medium,6,0.151,"{""window"": 2250, ""pct"": 0.2, ""stall_days"": 27, ""rearm"": 45, ""_feasible"": true, ""_n_feasible"": 56, ""_score"": 1.1335}","{""pct_rank"": 0.18488888888888888, ""window"": 2250.0, ""days_since_min"": 828.0}"
2025-12-09 11:00:00,KZT,level,"level(pct=0.2,rearm=45,stall_days=27,window=2250)",BUY_NOW,down,0.06888888888888889,medium,6,0.150625,"{""window"": 2250, ""pct"": 0.2, ""stall_days"": 27, ""rearm"": 45, ""_feasible"": true, ""_n_feasible"": 56, ""_score"": 1.1335}","{""pct_rank"": 0.18622222222222223, ""window"": 2250.0, ""days_since_min"": 873.0}"
2025-12-16 17:00:00,KZT,level,"level(pct=0.2,rearm=45,stall_days=27,window=2250)",BUY_NOW,down,0.07333333333333347,medium,6,0.150425,"{""window"": 2250, ""pct"": 0.2, ""stall_days"": 27, ""rearm"": 45, ""_feasible"": true, ""_n_feasible"": 56, ""_score"": 1.1335}","{""pct_rank"": 0.18533333333333332, ""window"": 2250.0, ""days_since_min"": 922.0}"
2025-12-22 15:00:00,KZT,momentum,"momentum(n=4,rearm=18)",BUY_NOW,down,0.5,fast,6,0.1514,"{""n"": 4, ""rearm"": 18, ""_feasible"": true, ""_n_feasible"": 6, ""_score"": 1.174}","{""streak"": 4.0, ""drop_pct"": -1.5604681404421283}"
2025-12-24 15:00:00,KZT,level,"level(pct=0.2,rearm=45,stall_days=27,window=2250)",BUY_NOW,down,0.011111111111111183,medium,6,0.1505,"{""window"": 2250, ""pct"": 0.2, ""stall_days"": 27, ""rearm"": 45, ""_feasible"": true, ""_n_feasible"": 56, ""_score"": 1.1335}","{""pct_rank"": 0.19777777777777777, ""window"": 2250.0, ""days_since_min"": 973.0}"
2026-01-05 18:00:00,KZT,momentum,"momentum(n=4,rearm=18)",BUY_NOW,down,0.5,fast,6,0.1523,"{""n"": 4, ""rearm"": 18, ""_feasible"": true, ""_n_feasible"": 6, ""_score"": 1.174}","{""streak"": 4.0, ""drop_pct"": -0.9430894308943172}"
2026-01-15 19:00:00,KZT,momentum,"momentum(n=4,rearm=18)",BUY_NOW,down,0.5,fast,6,0.15245,"{""n"": 4, ""rearm"": 18, ""_feasible"": true, ""_n_feasible"": 6, ""_score"": 1.174}","{""streak"": 4.0, ""drop_pct"": -0.7486979166666519}"
2026-01-20 15:00:00,KZT,level,"level(pct=0.2,rearm=45,stall_days=27,window=2250)",BUY_NOW,down,0.11333333333333329,medium,6,0.15025,"{""window"": 2250, ""pct"": 0.2, ""stall_days"": 27, ""rearm"": 45, ""_feasible"": true, ""_n_feasible"": 56, ""_score"": 1.1335}","{""pct_rank"": 0.17733333333333334, ""window"": 2250.0, ""days_since_min"": 1100.0}"
2026-03-24 12:00:00,KZT,momentum,"momentum(n=4,rearm=18)",BUY_NOW,down,0.5,fast,6,0.1722,"{""n"": 4, ""rearm"": 18, ""_feasible"": true, ""_n_feasible"": 6, ""_score"": 1.174}","{""streak"": 4.0, ""drop_pct"": -3.1359864997890563}"
2026-04-08 11:00:00,KZT,dip_vs_trend,"dip_vs_trend(pct=0.1,rearm=27,span=180,window=2250)",BUY_NOW,down,0.09333333333333327,medium,6,0.163475,"{""span"": 180, ""window"": 2250, ""pct"": 0.1, ""rearm"": 27, ""_feasible"": true, ""_n_feasible"": 31, ""_score"": 1.4241}","{""dev_pct"": -3.8644683558571313, ""pct_rank"": 0.09066666666666667, ""window"": 2250.0, ""span"": 180.0}"
2026-04-13 14:00:00,KZT,dip_vs_trend,"dip_vs_trend(pct=0.1,rearm=27,span=180,window=2250)",BUY_NOW,down,0.09333333333333327,medium,6,0.163875,"{""span"": 180, ""window"": 2250, ""pct"": 0.1, ""rearm"": 27, ""_feasible"": true, ""_n_feasible"": 31, ""_score"": 1.4241}","{""dev_pct"": -3.9740219576310354, ""pct_rank"": 0.09066666666666667, ""window"": 2250.0, ""span"": 180.0}"
2026-05-06 15:00:00,KZT,momentum,"momentum(n=4,rearm=18)",BUY_NOW,down,0.5,fast,6,0.1689999999999999,"{""n"": 4, ""rearm"": 18, ""_feasible"": true, ""_n_feasible"": 6, ""_score"": 1.174}","{""streak"": 4.0, ""drop_pct"": -0.8215962441315061}"
2026-05-13 11:00:00,KZT,dip_vs_trend,"dip_vs_trend(pct=0.1,rearm=27,span=180,window=2250)",BUY_NOW,down,0.38222222222222224,medium,6,0.1602499999999999,"{""span"": 180, ""window"": 2250, ""pct"": 0.1, ""rearm"": 27, ""_feasible"": true, ""_n_feasible"": 31, ""_score"": 1.4241}","{""dev_pct"": -3.830685996104266, ""pct_rank"": 0.06177777777777778, ""window"": 2250.0, ""span"": 180.0}"
2026-05-18 17:00:00,KZT,dip_vs_trend,"dip_vs_trend(pct=0.1,rearm=27,span=180,window=2250)",BUY_NOW,down,0.08444444444444443,medium,6,0.1607999999999999,"{""span"": 180, ""window"": 2250, ""pct"": 0.1, ""rearm"": 27, ""_feasible"": true, ""_n_feasible"": 31, ""_score"": 1.4241}","{""dev_pct"": -3.358366868587781, ""pct_rank"": 0.09155555555555556, ""window"": 2250.0, ""span"": 180.0}"
2026-05-19 13:00:00,KZT,momentum,"momentum(n=4,rearm=18)",BUY_NOW,down,0.5,fast,6,0.1575,"{""n"": 4, ""rearm"": 18, ""_feasible"": true, ""_n_feasible"": 6, ""_score"": 1.174}","{""streak"": 4.0, ""drop_pct"": -2.0522388059700747}"
2026-05-22 11:00:00,KZT,dip_vs_trend,"dip_vs_trend(pct=0.1,rearm=27,span=180,window=2250)",BUY_NOW,down,0.8755555555555555,medium,6,0.157,"{""span"": 180, ""window"": 2250, ""pct"": 0.1, ""rearm"": 27, ""_feasible"": true, ""_n_feasible"": 31, ""_score"": 1.4241}","{""dev_pct"": -5.040242809343754, ""pct_rank"": 0.012444444444444444, ""window"": 2250.0, ""span"": 180.0}"
2026-05-26 15:00:00,KZT,momentum,"momentum(n=4,rearm=18)",BUY_NOW,down,0.5,fast,6,0.157,"{""n"": 4, ""rearm"": 18, ""_feasible"": true, ""_n_feasible"": 6, ""_score"": 1.174}","{""streak"": 4.0, ""drop_pct"": -2.363184079601921}"
2026-05-27 13:00:00,KZT,dip_vs_trend,"dip_vs_trend(pct=0.1,rearm=27,span=180,window=2250)",BUY_NOW,down,0.8266666666666667,medium,6,0.156,"{""span"": 180, ""window"": 2250, ""pct"": 0.1, ""rearm"": 27, ""_feasible"": true, ""_n_feasible"": 31, ""_score"": 1.4241}","{""dev_pct"": -4.938186970133218, ""pct_rank"": 0.017333333333333333, ""window"": 2250.0, ""span"": 180.0}"
2026-06-01 14:00:00,KZT,dip_vs_trend,"dip_vs_trend(pct=0.1,rearm=27,span=180,window=2250)",BUY_NOW,down,0.7911111111111111,medium,7,0.154,"{""span"": 180, ""window"": 2250, ""pct"": 0.1, ""rearm"": 27, ""_feasible"": true, ""_n_feasible"": 26, ""_score"": 1.3617}","{""dev_pct"": -5.0858019898768365, ""pct_rank"": 0.020888888888888887, ""window"": 2250.0, ""span"": 180.0}"
2026-06-05 15:00:00,KZT,dip_vs_trend,"dip_vs_trend(pct=0.1,rearm=27,span=180,window=2250)",BUY_NOW,down,0.32444444444444454,medium,7,0.152725,"{""span"": 180, ""window"": 2250, ""pct"": 0.1, ""rearm"": 27, ""_feasible"": true, ""_n_feasible"": 26, ""_score"": 1.3617}","{""dev_pct"": -4.165450164064433, ""pct_rank"": 0.06755555555555555, ""window"": 2250.0, ""span"": 180.0}"
2026-07-13 11:00:00,KZT,momentum,"momentum(n=4,rearm=18)",BUY_NOW,down,0.5,fast,7,0.162525,"{""n"": 4, ""rearm"": 18, ""_feasible"": true, ""_n_feasible"": 6, ""_score"": 1.174}","{""streak"": 4.0, ""drop_pct"": -2.093373493975903}"
2026-08-10 12:00:00,KZT,momentum,"momentum(n=4,rearm=18)",BUY_NOW,down,0.5,fast,7,0.174525,"{""n"": 4, ""rearm"": 18, ""_feasible"": true, ""_n_feasible"": 6, ""_score"": 1.174}","{""streak"": 4.0, ""drop_pct"": -1.3983050847457545}"
2026-08-31 19:00:00,KZT,momentum,"momentum(n=4,rearm=18)",BUY_NOW,down,0.5,fast,7,0.187225,"{""n"": 4, ""rearm"": 18, ""_feasible"": true, ""_n_feasible"": 6, ""_score"": 1.174}","{""streak"": 4.0, ""drop_pct"": -0.7422133863485669}"
2023-06-01 13:00:00,AMD,momentum,"momentum(n=2,rearm=27)",BUY_NOW,down,0.5,fast,0,0.2092999999999999,"{""n"": 2, ""rearm"": 27, ""_feasible"": true, ""_n_feasible"": 4, ""_score"": 1.0767}","{""streak"": 2.0, ""drop_pct"": -0.4281636536632272}"
2023-06-07 12:00:00,AMD,momentum,"momentum(n=2,rearm=27)",BUY_NOW,down,0.5,fast,0,0.2103,"{""n"": 2, ""rearm"": 27, ""_feasible"": true, ""_n_feasible"": 4, ""_score"": 1.0767}","{""streak"": 2.0, ""drop_pct"": -0.27267338470653435}"
2023-06-14 14:00:00,AMD,momentum,"momentum(n=2,rearm=27)",BUY_NOW,down,0.5,fast,0,0.218125,"{""n"": 2, ""rearm"": 27, ""_feasible"": true, ""_n_feasible"": 4, ""_score"": 1.0767}","{""streak"": 2.0, ""drop_pct"": -0.4109119963474406}"
2023-06-19 18:00:00,AMD,momentum,"momentum(n=2,rearm=27)",BUY_NOW,down,0.5,fast,0,0.218,"{""n"": 2, ""rearm"": 27, ""_feasible"": true, ""_n_feasible"": 4, ""_score"": 1.0767}","{""streak"": 2.0, ""drop_pct"": -0.331466453308904}"
2023-06-22 11:00:00,AMD,momentum,"momentum(n=2,rearm=27)",BUY_NOW,down,0.5,fast,0,0.216575,"{""n"": 2, ""rearm"": 27, ""_feasible"": true, ""_n_feasible"": 4, ""_score"": 1.0767}","{""streak"": 2.0, ""drop_pct"": -2.223476297968352}"
2023-06-26 18:00:00,AMD,momentum,"momentum(n=2,rearm=27)",BUY_NOW,down,0.5,fast,0,0.2249,"{""n"": 2, ""rearm"": 27, ""_feasible"": true, ""_n_feasible"": 4, ""_score"": 1.0767}","{""streak"": 2.0, ""drop_pct"": -0.3213296398892007}"
2023-06-29 14:00:00,AMD,momentum,"momentum(n=2,rearm=27)",BUY_NOW,down,0.5,fast,0,0.225175,"{""n"": 2, ""rearm"": 27, ""_feasible"": true, ""_n_feasible"": 4, ""_score"": 1.0767}","{""streak"": 2.0, ""drop_pct"": -0.9784520668425722}"
2023-07-03 18:00:00,AMD,momentum,"momentum(n=2,rearm=27)",BUY_NOW,down,0.75,fast,0,0.2370499999999999,"{""n"": 2, ""rearm"": 27, ""_feasible"": true, ""_n_feasible"": 4, ""_score"": 1.0767}","{""streak"": 3.0, ""drop_pct"": -8.039957327126402}"
2023-07-06 11:00:00,AMD,momentum,"momentum(n=2,rearm=27)",BUY_NOW,down,0.5,fast,0,0.2417,"{""n"": 2, ""rearm"": 27, ""_feasible"": true, ""_n_feasible"": 4, ""_score"": 1.0767}","{""streak"": 2.0, ""drop_pct"": -7.0295220694297615}"
2023-07-10 15:00:00,AMD,momentum,"momentum(n=2,rearm=27)",BUY_NOW,down,0.5,fast,0,0.2371,"{""n"": 2, ""rearm"": 27, ""_feasible"": true, ""_n_feasible"": 4, ""_score"": 1.0767}","{""streak"": 2.0, ""drop_pct"": -0.5870020964360512}"
2023-07-12 18:00:00,AMD,momentum,"momentum(n=2,rearm=27)",BUY_NOW,down,0.5,fast,0,0.235725,"{""n"": 2, ""rearm"": 27, ""_feasible"": true, ""_n_feasible"": 4, ""_score"": 1.0767}","{""streak"": 2.0, ""drop_pct"": -0.21166260979997853}"
2023-07-17 12:00:00,AMD,dip_vs_trend,"dip_vs_trend(pct=0.2,rearm=45,span=180,window=1080)",BUY_NOW,down,0.37962962962962965,medium,0,0.2335,"{""span"": 180, ""window"": 1080, ""pct"": 0.2, ""rearm"": 45, ""_feasible"": false, ""_n_feasible"": 0, ""_score"": null}","{""dev_pct"": -0.10493378951207388, ""pct_rank"": 0.12407407407407407, ""window"": 1080.0, ""span"": 180.0}"
2023-07-17 12:00:00,AMD,momentum,"momentum(n=2,rearm=27)",BUY_NOW,down,0.5,fast,0,0.2335,"{""n"": 2, ""rearm"": 27, ""_feasible"": true, ""_n_feasible"": 4, ""_score"": 1.0767}","{""streak"": 2.0, ""drop_pct"": -1.8288837502627664}"
2023-07-20 08:00:00,AMD,momentum,"momentum(n=2,rearm=27)",BUY_NOW,down,0.5,fast,0,0.2364,"{""n"": 2, ""rearm"": 27, ""_feasible"": true, ""_n_feasible"": 4, ""_score"": 1.0767}","{""streak"": 2.0, ""drop_pct"": -0.5573667052266251}"
2023-07-21 10:00:00,AMD,dip_vs_trend,"dip_vs_trend(pct=0.2,rearm=45,span=180,window=1080)",BUY_NOW,down,0.5,medium,0,0.235175,"{""span"": 180, ""window"": 1080, ""pct"": 0.2, ""rearm"": 45, ""_feasible"": false, ""_n_feasible"": 0, ""_score"": null}","{""dev_pct"": -0.743168860767518, ""pct_rank"": 0.1, ""window"": 1080.0, ""span"": 180.0}"
2023-07-24 12:00:00,AMD,momentum,"momentum(n=2,rearm=27)",BUY_NOW,down,0.5,fast,0,0.235225,"{""n"": 2, ""rearm"": 27, ""_feasible"": true, ""_n_feasible"": 4, ""_score"": 1.0767}","{""streak"": 2.0, ""drop_pct"": -0.7384745226289735}"
2023-07-27 08:00:00,AMD,dip_vs_trend,"dip_vs_trend(pct=0.2,rearm=45,span=180,window=1080)",BUY_NOW,down,0.5462962962962963,medium,0,0.2332999999999999,"{""span"": 180, ""window"": 1080, ""pct"": 0.2, ""rearm"": 45, ""_feasible"": false, ""_n_feasible"": 0, ""_score"": null}","{""dev_pct"": -1.2977672480354085, ""pct_rank"": 0.09074074074074075, ""window"": 1080.0, ""span"": 180.0}"
2023-07-28 10:00:00,AMD,momentum,"momentum(n=2,rearm=27)",BUY_NOW,down,0.5,fast,0,0.234175,"{""n"": 2, ""rearm"": 27, ""_feasible"": true, ""_n_feasible"": 4, ""_score"": 1.0767}","{""streak"": 2.0, ""drop_pct"": -0.5098247477429707}"
2023-08-02 09:00:00,AMD,momentum,"momentum(n=2,rearm=27)",BUY_NOW,down,0.5,fast,0,0.24,"{""n"": 2, ""rearm"": 27, ""_feasible"": true, ""_n_feasible"": 4, ""_score"": 1.0767}","{""streak"": 2.0, ""drop_pct"": -1.7199017199017286}"
2023-08-08 18:00:00,AMD,momentum,"momentum(n=2,rearm=27)",BUY_NOW,down,0.5,fast,0,0.251,"{""n"": 2, ""rearm"": 27, ""_feasible"": true, ""_n_feasible"": 4, ""_score"": 1.0767}","{""streak"": 2.0, ""drop_pct"": -0.5842162590355526}"
2023-08-11 10:00:00,AMD,momentum,"momentum(n=2,rearm=27)",BUY_NOW,down,1.0,fast,0,0.2537999999999999,"{""n"": 2, ""rearm"": 27, ""_feasible"": true, ""_n_feasible"": 4, ""_score"": 1.0767}","{""streak"": 4.0, ""drop_pct"": -0.8400078140262113}"
2023-08-15 14:00:00,AMD,momentum,"momentum(n=2,rearm=27)",BUY_NOW,down,0.5,fast,0,0.2548999999999999,"{""n"": 2, ""rearm"": 27, ""_feasible"": true, ""_n_feasible"": 4, ""_score"": 1.0767}","{""streak"": 2.0, ""drop_pct"": -0.3518373729476165}"
2023-08-16 18:00:00,AMD,dip_vs_trend,"dip_vs_trend(pct=0.2,rearm=45,span=180,window=1080)",BUY_NOW,down,0.2592592592592593,medium,0,0.2455,"{""span"": 180, ""window"": 1080, ""pct"": 0.2, ""rearm"": 45, ""_feasible"": false, ""_n_feasible"": 0, ""_score"": null}","{""dev_pct"": -0.5850387119924472, ""pct_rank"": 0.14814814814814814, ""window"": 1080.0, ""span"": 180.0}"
2023-08-21 12:00:00,AMD,momentum,"momentum(n=2,rearm=27)",BUY_NOW,down,0.5,fast,0,0.24455,"{""n"": 2, ""rearm"": 27, ""_feasible"": true, ""_n_feasible"": 4, ""_score"": 1.0767}","{""streak"": 2.0, ""drop_pct"": -0.29558658648456415}"
2023-08-22 19:00:00,AMD,dip_vs_trend,"dip_vs_trend(pct=0.2,rearm=45,span=180,window=1080)",BUY_NOW,down,0.4398148148148149,medium,0,0.2455,"{""span"": 180, ""window"": 1080, ""pct"": 0.2, ""rearm"": 45, ""_feasible"": false, ""_n_feasible"": 0, ""_score"": null}","{""dev_pct"": -1.4524556602953154, ""pct_rank"": 0.11203703703703703, ""window"": 1080.0, ""span"": 180.0}"
2023-08-23 18:00:00,AMD,momentum,"momentum(n=2,rearm=27)",BUY_NOW,down,0.5,fast,0,0.245975,"{""n"": 2, ""rearm"": 27, ""_feasible"": true, ""_n_feasible"": 4, ""_score"": 1.0767}","{""streak"": 2.0, ""drop_pct"": -0.1927368634611515}"
2023-08-28 15:00:00,AMD,momentum,"momentum(n=2,rearm=27)",BUY_NOW,down,0.5,fast,0,0.247,"{""n"": 2, ""rearm"": 27, ""_feasible"": true, ""_n_feasible"": 4, ""_score"": 1.0767}","{""streak"": 2.0, ""drop_pct"": -0.24232633279482885}"
2023-08-29 09:00:00,AMD,dip_vs_trend,"dip_vs_trend(pct=0.2,rearm=45,span=180,window=1080)",BUY_NOW,down,0.20833333333333337,medium,0,0.2466499999999999,"{""span"": 180, ""window"": 1080, ""pct"": 0.2, ""rearm"": 45, ""_feasible"": false, ""_n_feasible"": 0, ""_score"": null}","{""dev_pct"": -1.1705624197930864, ""pct_rank"": 0.15833333333333333, ""window"": 1080.0, ""span"": 180.0}"
2023-08-31 09:00:00,AMD,momentum,"momentum(n=2,rearm=27)",BUY_NOW,down,0.5,fast,0,0.25215,"{""n"": 2, ""rearm"": 27, ""_feasible"": true, ""_n_feasible"": 4, ""_score"": 1.0767}","{""streak"": 2.0, ""drop_pct"": -1.1176470588235343}"
2023-09-06 13:00:00,AMD,momentum,"momentum(n=2,rearm=27)",BUY_NOW,down,0.5,fast,0,0.2521,"{""n"": 2, ""rearm"": 27, ""_feasible"": true, ""_n_feasible"": 4, ""_score"": 1.0767}","{""streak"": 2.0, ""drop_pct"": -1.1275615256397753}"
2023-09-08 19:00:00,AMD,momentum,"momentum(n=2,rearm=27)",BUY_NOW,down,0.5,fast,0,0.2535,"{""n"": 2, ""rearm"": 27, ""_feasible"": true, ""_n_feasible"": 4, ""_score"": 1.0767}","{""streak"": 2.0, ""drop_pct"": -0.5102040816326592}"
2023-09-12 07:00:00,AMD,dip_vs_trend,"dip_vs_trend(pct=0.2,rearm=45,span=180,window=1080)",BUY_NOW,down,0.662037037037037,medium,0,0.24355,"{""span"": 180, ""window"": 1080, ""pct"": 0.2, ""rearm"": 45, ""_feasible"": false, ""_n_feasible"": 0, ""_score"": null}","{""dev_pct"": -2.5580755670025823, ""pct_rank"": 0.06759259259259259, ""window"": 1080.0, ""span"": 180.0}"
2023-09-13 15:00:00,AMD,momentum,"momentum(n=2,rearm=27)",BUY_NOW,down,0.5,fast,0,0.24765,"{""n"": 2, ""rearm"": 27, ""_feasible"": true, ""_n_feasible"": 4, ""_score"": 1.0767}","{""streak"": 2.0, ""drop_pct"": -1.6090584028605415}"
2023-09-18 11:00:00,AMD,momentum,"momentum(n=2,rearm=27)",BUY_NOW,down,0.5,fast,0,0.251475,"{""n"": 2, ""rearm"": 27, ""_feasible"": true, ""_n_feasible"": 4, ""_score"": 1.0767}","{""streak"": 2.0, ""drop_pct"": -0.3171142602318544}"
2023-09-19 13:00:00,AMD,dip_vs_trend,"dip_vs_trend(pct=0.2,rearm=45,span=180,window=1080)",BUY_NOW,down,0.2407407407407408,medium,0,0.248825,"{""span"": 180, ""window"": 1080, ""pct"": 0.2, ""rearm"": 45, ""_feasible"": false, ""_n_feasible"": 0, ""_score"": null}","{""dev_pct"": -0.9436544257541923, ""pct_rank"": 0.15185185185185185, ""window"": 1080.0, ""span"": 180.0}"
2023-09-21 09:00:00,AMD,momentum,"momentum(n=2,rearm=27)",BUY_NOW,down,0.5,fast,0,0.249,"{""n"": 2, ""rearm"": 27, ""_feasible"": true, ""_n_feasible"": 4, ""_score"": 1.0767}","{""streak"": 2.0, ""drop_pct"": -0.7869309692200455}"
2023-09-25 13:00:00,AMD,dip_vs_trend,"dip_vs_trend(pct=0.2,rearm=45,span=180,window=1080)",BUY_NOW,down,0.18518518518518512,medium,0,0.2494,"{""span"": 180, ""window"": 1080, ""pct"": 0.2, ""rearm"": 45, ""_feasible"": false, ""_n_feasible"": 0, ""_score"": null}","{""dev_pct"": -0.7239157573030064, ""pct_rank"": 0.16296296296296298, ""window"": 1080.0, ""span"": 180.0}"
2023-09-26 11:00:00,AMD,momentum,"momentum(n=2,rearm=27)",BUY_NOW,down,0.5,fast,0,0.24875,"{""n"": 2, ""rearm"": 27, ""_feasible"": true, ""_n_feasible"": 4, ""_score"": 1.0767}","{""streak"": 2.0, ""drop_pct"": -0.4601840736294105}"
2023-09-29 10:00:00,AMD,momentum,"momentum(n=2,rearm=27)",BUY_NOW,down,0.5,fast,0,0.248,"{""n"": 2, ""rearm"": 27, ""_feasible"": true, ""_n_feasible"": 4, ""_score"": 1.0767}","{""streak"": 2.0, ""drop_pct"": -0.7900790079007458}"
2023-09-29 17:00:00,AMD,dip_vs_trend,"dip_vs_trend(pct=0.2,rearm=45,span=180,window=1080)",BUY_NOW,down,0.8194444444444444,medium,0,0.245775,"{""span"": 180, ""window"": 1080, ""pct"": 0.2, ""rearm"": 45, ""_feasible"": false, ""_n_feasible"": 0, ""_score"": null}","{""dev_pct"": -1.6673288563752164, ""pct_rank"": 0.03611111111111111, ""window"": 1080.0, ""span"": 180.0}"
2023-09-29 19:00:00,AMD,level,"level(pct=0.2,rearm=27,stall_days=0,window=540)",BUY_NOW,down,0.03703703703703709,medium,0,0.245,"{""window"": 540, ""pct"": 0.2, ""stall_days"": 0, ""rearm"": 27, ""_feasible"": false, ""_n_feasible"": 0, ""_score"": 1.42}","{""pct_rank"": 0.1925925925925926, ""window"": 540.0, ""days_since_min"": 532.0}"
2023-10-03 14:00:00,AMD,reversal,"reversal(max_days_since_min=180,rearm=27,rise_bps=20,window=540)",WINDOW_CLOSING,up,1.0,slow,0,0.2355,"{""window"": 540, ""rise_bps"": 20, ""max_days_since_min"": 180, ""rearm"": 27, ""_feasible"": false, ""_n_feasible"": 0, ""_score"": null}","{""rise_pct"": 0.42643923240939247, ""min_rate"": 0.2345, ""days_since_min"": 1.0, ""window"": 540.0}"
2023-10-03 16:00:00,AMD,momentum,"momentum(n=2,rearm=27)",BUY_NOW,down,0.5,fast,0,0.2345,"{""n"": 2, ""rearm"": 27, ""_feasible"": true, ""_n_feasible"": 4, ""_score"": 1.0767}","{""streak"": 2.0, ""drop_pct"": -0.424628450106157}"
2023-10-04 10:00:00,AMD,level,"level(pct=0.2,rearm=27,stall_days=0,window=540)",BUY_NOW,down,0.9259259259259259,medium,0,0.2345,"{""window"": 540, ""pct"": 0.2, ""stall_days"": 0, ""rearm"": 27, ""_feasible"": false, ""_n_feasible"": 0, ""_score"": 1.42}","{""pct_rank"": 0.014814814814814815, ""window"": 540.0, ""days_since_min"": 5.0}"
2023-10-05 18:00:00,AMD,reversal,"reversal(max_days_since_min=180,rearm=27,rise_bps=20,window=540)",WINDOW_CLOSING,up,1.0,slow,0,0.247,"{""window"": 540, ""rise_bps"": 20, ""max_days_since_min"": 180, ""rearm"": 27, ""_feasible"": false, ""_n_feasible"": 0, ""_score"": null}","{""rise_pct"": 8.810572687224715, ""min_rate"": 0.2269999999999999, ""days_since_min"": 17.0, ""window"": 540.0}"
2023-10-06 11:00:00,AMD,dip_vs_trend,"dip_vs_trend(pct=0.2,rearm=45,span=180,window=1080)",BUY_NOW,down,0.18055555555555558,medium,0,0.244,"{""span"": 180, ""window"": 1080, ""pct"": 0.2, ""rearm"": 45, ""_feasible"": false, ""_n_feasible"": 0, ""_score"": null}","{""dev_pct"": -1.0119120398882298, ""pct_rank"": 0.1638888888888889, ""window"": 1080.0, ""span"": 180.0}"
2023-10-06 16:00:00,AMD,level,"level(pct=0.2,rearm=27,stall_days=0,window=540)",BUY_NOW,down,0.10185185185185186,medium,0,0.245025,"{""window"": 540, ""pct"": 0.2, ""stall_days"": 0, ""rearm"": 27, ""_feasible"": false, ""_n_feasible"": 0, ""_score"": 1.42}","{""pct_rank"": 0.17962962962962964, ""window"": 540.0, ""days_since_min"": 26.0}"
2023-10-10 13:00:00,AMD,reversal,"reversal(max_days_since_min=180,rearm=27,rise_bps=20,window=540)",WINDOW_CLOSING,up,1.0,slow,0,0.251,"{""window"": 540, ""rise_bps"": 20, ""max_days_since_min"": 180, ""rearm"": 27, ""_feasible"": false, ""_n_feasible"": 0, ""_score"": null}","{""rise_pct"": 10.572687224669664, ""min_rate"": 0.2269999999999999, ""days_since_min"": 44.0, ""window"": 540.0}"
2023-10-11 12:00:00,AMD,momentum,"momentum(n=2,rearm=27)",BUY_NOW,down,0.5,fast,0,0.25415,"{""n"": 2, ""rearm"": 27, ""_feasible"": true, ""_n_feasible"": 4, ""_score"": 1.0767}","{""streak"": 2.0, ""drop_pct"": -1.4827018121911117}"
2023-10-12 09:00:00,AMD,level,"level(pct=0.2,rearm=27,stall_days=0,window=540)",BUY_NOW,down,0.5925925925925926,medium,0,0.2428,"{""window"": 540, ""pct"": 0.2, ""stall_days"": 0, ""rearm"": 27, ""_feasible"": false, ""_n_feasible"": 0, ""_score"": 1.42}","{""pct_rank"": 0.08148148148148149, ""window"": 540.0, ""days_since_min"": 61.0}"
2023-10-12 14:00:00,AMD,dip_vs_trend,"dip_vs_trend(pct=0.2,rearm=45,span=180,window=1080)",BUY_NOW,down,0.6990740740740742,medium,0,0.242,"{""span"": 180, ""window"": 1080, ""pct"": 0.2, ""rearm"": 45, ""_feasible"": false, ""_n_feasible"": 0, ""_score"": null}","{""dev_pct"": -1.8659769950510552, ""pct_rank"": 0.06018518518518518, ""window"": 1080.0, ""span"": 180.0}"
2023-10-12 19:00:00,AMD,reversal,"reversal(max_days_since_min=180,rearm=27,rise_bps=20,window=540)",WINDOW_CLOSING,up,1.0,slow,0,0.245,"{""window"": 540, ""rise_bps"": 20, ""max_days_since_min"": 180, ""rearm"": 27, ""_feasible"": false, ""_n_feasible"": 0, ""_score"": null}","{""rise_pct"": 7.929515418502242, ""min_rate"": 0.2269999999999999, ""days_since_min"": 71.0, ""window"": 540.0}"
2023-10-16 13:00:00,AMD,momentum,"momentum(n=2,rearm=27)",BUY_NOW,down,0.5,fast,0,0.245,"{""n"": 2, ""rearm"": 27, ""_feasible"": true, ""_n_feasible"": 4, ""_score"": 1.0767}","{""streak"": 2.0, ""drop_pct"": -1.6064257028112428}"
2023-10-16 14:00:00,AMD,level,"level(pct=0.2,rearm=27,stall_days=0,window=540)",BUY_NOW,down,0.40740740740740744,medium,0,0.2430999999999999,"{""window"": 540, ""pct"": 0.2, ""stall_days"": 0, ""rearm"": 27, ""_feasible"": false, ""_n_feasible"": 0, ""_score"": 1.42}","{""pct_rank"": 0.11851851851851852, ""window"": 540.0, ""days_since_min"": 88.0}"
2023-10-17 14:00:00,AMD,reversal,"reversal(max_days_since_min=180,rearm=27,rise_bps=20,window=540)",WINDOW_CLOSING,up,1.0,slow,0,0.245,"{""window"": 540, ""rise_bps"": 20, ""max_days_since_min"": 180, ""rearm"": 27, ""_feasible"": false, ""_n_feasible"": 0, ""_score"": null}","{""rise_pct"": 7.929515418502242, ""min_rate"": 0.2269999999999999, ""days_since_min"": 98.0, ""window"": 540.0}"
2023-10-18 16:00:00,AMD,dip_vs_trend,"dip_vs_trend(pct=0.2,rearm=45,span=180,window=1080)",BUY_NOW,down,0.17592592592592604,medium,0,0.2425,"{""span"": 180, ""window"": 1080, ""pct"": 0.2, ""rearm"": 45, ""_feasible"": false, ""_n_feasible"": 0, ""_score"": null}","{""dev_pct"": -1.1183368851823028, ""pct_rank"": 0.1648148148148148, ""window"": 1080.0, ""span"": 180.0}"
2023-10-19 08:00:00,AMD,level,"level(pct=0.2,rearm=27,stall_days=0,window=540)",BUY_NOW,down,0.287037037037037,medium,0,0.2434,"{""window"": 540, ""pct"": 0.2, ""stall_days"": 0, ""rearm"": 27, ""_feasible"": false, ""_n_feasible"": 0, ""_score"": 1.42}","{""pct_rank"": 0.1425925925925926, ""window"": 540.0, ""days_since_min"": 115.0}"
2023-10-19 11:00:00,AMD,momentum,"momentum(n=2,rearm=27)",BUY_NOW,down,0.5,fast,0,0.243,"{""n"": 2, ""rearm"": 27, ""_feasible"": true, ""_n_feasible"": 4, ""_score"": 1.0767}","{""streak"": 2.0, ""drop_pct"": -2.1739130434782705}"
2023-10-19 18:00:00,AMD,reversal,"reversal(max_days_since_min=180,rearm=27,rise_bps=20,window=540)",WINDOW_CLOSING,up,1.0,slow,0,0.2421,"{""window"": 540, ""rise_bps"": 20, ""max_days_since_min"": 180, ""rearm"": 27, ""_feasible"": false, ""_n_feasible"": 0, ""_score"": null}","{""rise_pct"": 6.651982378854671, ""min_rate"": 0.2269999999999999, ""days_since_min"": 125.0, ""window"": 540.0}"
2023-10-23 13:00:00,AMD,level,"level(pct=0.2,rearm=27,stall_days=0,window=540)",BUY_NOW,down,0.8148148148148149,medium,0,0.235,"{""window"": 540, ""pct"": 0.2, ""stall_days"": 0, ""rearm"": 27, ""_feasible"": false, ""_n_feasible"": 0, ""_score"": 1.42}","{""pct_rank"": 0.037037037037037035, ""window"": 540.0, ""days_since_min"": 142.0}"
2023-10-23 19:00:00,AMD,momentum,"momentum(n=2,rearm=27)",BUY_NOW,down,0.5,fast,0,0.2355249999999999,"{""n"": 2, ""rearm"": 27, ""_feasible"": true, ""_n_feasible"": 4, ""_score"": 1.0767}","{""streak"": 2.0, ""drop_pct"": -1.4951902969469244}"
2023-10-24 12:00:00,AMD,reversal,"reversal(max_days_since_min=180,rearm=27,rise_bps=20,window=540)",WINDOW_CLOSING,up,1.0,slow,0,0.2335,"{""window"": 540, ""rise_bps"": 20, ""max_days_since_min"": 180, ""rearm"": 27, ""_feasible"": false, ""_n_feasible"": 0, ""_score"": null}","{""rise_pct"": 2.8634361233480727, ""min_rate"": 0.2269999999999999, ""days_since_min"": 152.0, ""window"": 540.0}"
2023-10-24 16:00:00,AMD,dip_vs_trend,"dip_vs_trend(pct=0.2,rearm=45,span=180,window=1080)",BUY_NOW,down,0.8101851851851852,medium,0,0.235,"{""span"": 180, ""window"": 1080, ""pct"": 0.2, ""rearm"": 45, ""_feasible"": false, ""_n_feasible"": 0, ""_score"": null}","{""dev_pct"": -3.3796011039394447, ""pct_rank"": 0.03796296296296296, ""window"": 1080.0, ""span"": 180.0}"
2023-10-25 18:00:00,AMD,level,"level(pct=0.2,rearm=27,stall_days=0,window=540)",BUY_NOW,down,0.6296296296296297,medium,0,0.235275,"{""window"": 540, ""pct"": 0.2, ""stall_days"": 0, ""rearm"": 27, ""_feasible"": false, ""_n_feasible"": 0, ""_score"": 1.42}","{""pct_rank"": 0.07407407407407407, ""window"": 540.0, ""days_since_min"": 169.0}"
2023-10-26 17:00:00,AMD,reversal,"reversal(max_days_since_min=180,rearm=27,rise_bps=20,window=540)",WINDOW_CLOSING,up,1.0,slow,0,0.234025,"{""window"": 540, ""rise_bps"": 20, ""max_days_since_min"": 180, ""rearm"": 27, ""_feasible"": false, ""_n_feasible"": 0, ""_score"": null}","{""rise_pct"": 3.0947136563877153, ""min_rate"": 0.2269999999999999, ""days_since_min"": 179.0, ""window"": 540.0}"
2023-10-27 11:00:00,AMD,momentum,"momentum(n=2,rearm=27)",BUY_NOW,down,0.5,fast,0,0.232975,"{""n"": 2, ""rearm"": 27, ""_feasible"": true, ""_n_feasible"": 4, ""_score"": 1.0767}","{""streak"": 2.0, ""drop_pct"": -2.3881847700848446}"
2023-10-30 14:00:00,AMD,level,"level(pct=0.2,rearm=27,stall_days=0,window=540)",BUY_NOW,down,0.8518518518518519,medium,0,0.2322,"{""window"": 540, ""pct"": 0.2, ""stall_days"": 0, ""rearm"": 27, ""_feasible"": false, ""_n_feasible"": 0, ""_score"": 1.42}","{""pct_rank"": 0.02962962962962963, ""window"": 540.0, ""days_since_min"": 196.0}"
2023-10-30 19:00:00,AMD,dip_vs_trend,"dip_vs_trend(pct=0.2,rearm=45,span=180,window=1080)",BUY_NOW,down,0.6574074074074074,medium,0,0.23375,"{""span"": 180, ""window"": 1080, ""pct"": 0.2, ""rearm"": 45, ""_feasible"": false, ""_n_feasible"": 0, ""_score"": null}","{""dev_pct"": -3.4558558641245796, ""pct_rank"": 0.06851851851851852, ""window"": 1080.0, ""span"": 180.0}"
2023-11-01 13:00:00,AMD,momentum,"momentum(n=2,rearm=27)",BUY_NOW,down,0.5,fast,0,0.2319,"{""n"": 2, ""rearm"": 27, ""_feasible"": true, ""_n_feasible"": 4, ""_score"": 1.0767}","{""streak"": 2.0, ""drop_pct"": -0.22587931590836163}"
2023-11-01 19:00:00,AMD,level,"level(pct=0.2,rearm=27,stall_days=0,window=540)",BUY_NOW,down,0.8796296296296297,medium,0,0.230125,"{""window"": 540, ""pct"": 0.2, ""stall_days"": 0, ""rearm"": 27, ""_feasible"": false, ""_n_feasible"": 0, ""_score"": 1.42}","{""pct_rank"": 0.024074074074074074, ""window"": 540.0, ""days_since_min"": 223.0}"
2023-11-06 08:00:00,AMD,dip_vs_trend,"dip_vs_trend(pct=0.2,rearm=45,span=180,window=1080)",BUY_NOW,down,0.14814814814814825,medium,0,0.2329,"{""span"": 180, ""window"": 1080, ""pct"": 0.2, ""rearm"": 45, ""_feasible"": false, ""_n_feasible"": 0, ""_score"": null}","{""dev_pct"": -1.8365546555457413, ""pct_rank"": 0.17037037037037037, ""window"": 1080.0, ""span"": 180.0}"
2023-11-06 13:00:00,AMD,level,"level(pct=0.2,rearm=27,stall_days=0,window=540)",BUY_NOW,down,0.6944444444444444,medium,0,0.2314,"{""window"": 540, ""pct"": 0.2, ""stall_days"": 0, ""rearm"": 27, ""_feasible"": false, ""_n_feasible"": 0, ""_score"": 1.42}","{""pct_rank"": 0.06111111111111111, ""window"": 540.0, ""days_since_min"": 250.0}"
2023-11-07 13:00:00,AMD,momentum,"momentum(n=2,rearm=27)",BUY_NOW,down,0.5,fast,0,0.23,"{""n"": 2, ""rearm"": 27, ""_feasible"": true, ""_n_feasible"": 4, ""_score"": 1.0767}","{""streak"": 2.0, ""drop_pct"": -0.5190311418684979}"
2023-11-08 19:00:00,AMD,level,"level(pct=0.2,rearm=27,stall_days=0,window=540)",BUY_NOW,down,0.7407407407407407,medium,0,0.2303,"{""window"": 540, ""pct"": 0.2, ""stall_days"": 0, ""rearm"": 27, ""_feasible"": false, ""_n_feasible"": 0, ""_score"": 1.42}","{""pct_rank"": 0.05185185185185185, ""window"": 540.0, ""days_since_min"": 277.0}"
2023-11-10 10:00:00,AMD,dip_vs_trend,"dip_vs_trend(pct=0.2,rearm=45,span=180,window=1080)",BUY_NOW,down,0.10185185185185186,medium,0,0.2292,"{""span"": 180, ""window"": 1080, ""pct"": 0.2, ""rearm"": 45, ""_feasible"": false, ""_n_feasible"": 0, ""_score"": null}","{""dev_pct"": -1.9637663251145465, ""pct_rank"": 0.17962962962962964, ""window"": 1080.0, ""span"": 180.0}"
2023-11-13 13:00:00,AMD,level,"level(pct=0.2,rearm=27,stall_days=0,window=540)",BUY_NOW,down,0.5925925925925926,medium,0,0.2302499999999999,"{""window"": 540, ""pct"": 0.2, ""stall_days"": 0, ""rearm"": 27, ""_feasible"": false, ""_n_feasible"": 0, ""_score"": 1.42}","{""pct_rank"": 0.08148148148148149, ""window"": 540.0, ""days_since_min"": 304.0}"
2023-11-13 16:00:00,AMD,momentum,"momentum(n=2,rearm=27)",BUY_NOW,down,0.5,fast,0,0.228975,"{""n"": 2, ""rearm"": 27, ""_feasible"": true, ""_n_feasible"": 4, ""_score"": 1.0767}","{""streak"": 2.0, ""drop_pct"": -0.6184895833333259}"
2023-11-15 16:00:00,AMD,reversal,"reversal(max_days_since_min=180,rearm=27,rise_bps=20,window=540)",WINDOW_CLOSING,up,0.7329724853405439,slow,0,0.22235,"{""window"": 540, ""rise_bps"": 20, ""max_days_since_min"": 180, ""rearm"": 27, ""_feasible"": false, ""_n_feasible"": 0, ""_score"": null}","{""rise_pct"": 0.2931889941362176, ""min_rate"": 0.2217, ""days_since_min"": 1.0, ""window"": 540.0}"
2023-11-15 18:00:00,AMD,level,"level(pct=0.2,rearm=27,stall_days=0,window=540)",BUY_NOW,down,0.9259259259259259,medium,0,0.2257,"{""window"": 540, ""pct"": 0.2, ""stall_days"": 0, ""rearm"": 27, ""_feasible"": false, ""_n_feasible"": 0, ""_score"": 1.42}","{""pct_rank"": 0.014814814814814815, ""window"": 540.0, ""days_since_min"": 3.0}"
2023-11-16 12:00:00,AMD,dip_vs_trend,"dip_vs_trend(pct=0.2,rearm=45,span=180,window=1080)",BUY_NOW,down,0.8611111111111112,medium,0,0.22,"{""span"": 180, ""window"": 1080, ""pct"": 0.2, ""rearm"": 45, ""_feasible"": false, ""_n_feasible"": 0, ""_score"": null}","{""dev_pct"": -4.668476200220262, ""pct_rank"": 0.027777777777777776, ""window"": 1080.0, ""span"": 180.0}"
2023-11-17 13:00:00,AMD,momentum,"momentum(n=2,rearm=27)",BUY_NOW,down,0.5,fast,0,0.2208999999999999,"{""n"": 2, ""rearm"": 27, ""_feasible"": true, ""_n_feasible"": 4, ""_score"": 1.0767}","{""streak"": 2.0, ""drop_pct"": -0.9417040358744799}"
2023-11-20 09:00:00,AMD,reversal,"reversal(max_days_since_min=180,rearm=27,rise_bps=20,window=540)",WINDOW_CLOSING,up,1.0,slow,0,0.225025,"{""window"": 540, ""rise_bps"": 20, ""max_days_since_min"": 180, ""rearm"": 27, ""_feasible"": false, ""_n_feasible"": 0, ""_score"": null}","{""rise_pct"": 2.284090909090919, ""min_rate"": 0.22, ""days_since_min"": 20.0, ""window"": 540.0}"
2023-11-20 11:00:00,AMD,level,"level(pct=0.2,rearm=27,stall_days=0,window=540)",BUY_NOW,down,0.9722222222222222,medium,0,0.221,"{""window"": 540, ""pct"": 0.2, ""stall_days"": 0, ""rearm"": 27, ""_feasible"": false, ""_n_feasible"": 0, ""_score"": 1.42}","{""pct_rank"": 0.005555555555555556, ""window"": 540.0, ""days_since_min"": 22.0}"
2023-11-21 17:00:00,AMD,momentum,"momentum(n=2,rearm=27)",BUY_NOW,down,0.5,fast,0,0.21905,"{""n"": 2, ""rearm"": 27, ""_feasible"": true, ""_n_feasible"": 4, ""_score"": 1.0767}","{""streak"": 2.0, ""drop_pct"": -0.07982666210514244}"
2023-11-22 10:00:00,AMD,dip_vs_trend,"dip_vs_trend(pct=0.2,rearm=45,span=180,window=1080)",BUY_NOW,down,0.5740740740740742,medium,0,0.2191,"{""span"": 180, ""window"": 1080, ""pct"": 0.2, ""rearm"": 45, ""_feasible"": false, ""_n_feasible"": 0, ""_score"": null}","{""dev_pct"": -3.8459311344451463, ""pct_rank"": 0.08518518518518518, ""window"": 1080.0, ""span"": 180.0}"
2023-11-22 12:00:00,AMD,reversal,"reversal(max_days_since_min=180,rearm=27,rise_bps=20,window=540)",WINDOW_CLOSING,up,1.0,slow,0,0.2199749999999999,"{""window"": 540, ""rise_bps"": 20, ""max_days_since_min"": 180, ""rearm"": 27, ""_feasible"": false, ""_n_feasible"": 0, ""_score"": null}","{""rise_pct"": 0.7326846021751487, ""min_rate"": 0.2183749999999999, ""days_since_min"": 13.0, ""window"": 540.0}"
2023-11-22 14:00:00,AMD,level,"level(pct=0.2,rearm=27,stall_days=0,window=540)",BUY_NOW,down,0.9722222222222222,medium,0,0.219025,"{""window"": 540, ""pct"": 0.2, ""stall_days"": 0, ""rearm"": 27, ""_feasible"": false, ""_n_feasible"": 0, ""_score"": 1.42}","{""pct_rank"": 0.005555555555555556, ""window"": 540.0, ""days_since_min"": 15.0}"
2023-11-24 10:00:00,AMD,momentum,"momentum(n=2,rearm=27)",BUY_NOW,down,0.5,fast,0,0.221675,"{""n"": 2, ""rearm"": 27, ""_feasible"": true, ""_n_feasible"": 4, ""_score"": 1.0767}","{""streak"": 2.0, ""drop_pct"": -0.6832437275985703}"
2023-11-24 16:00:00,AMD,reversal,"reversal(max_days_since_min=180,rearm=27,rise_bps=20,window=540)",WINDOW_CLOSING,up,1.0,slow,0,0.221,"{""window"": 540, ""rise_bps"": 20, ""max_days_since_min"": 180, ""rearm"": 27, ""_feasible"": false, ""_n_feasible"": 0, ""_score"": null}","{""rise_pct"": 1.2020606754436614, ""min_rate"": 0.2183749999999999, ""days_since_min"": 40.0, ""window"": 540.0}"
2023-11-24 18:00:00,AMD,level,"level(pct=0.2,rearm=27,stall_days=0,window=540)",BUY_NOW,down,0.4907407407407408,medium,0,0.2219249999999999,"{""window"": 540, ""pct"": 0.2, ""stall_days"": 0, ""rearm"": 27, ""_feasible"": false, ""_n_feasible"": 0, ""_score"": 1.42}","{""pct_rank"": 0.10185185185185185, ""window"": 540.0, ""days_since_min"": 42.0}"
2023-11-28 15:00:00,AMD,momentum,"momentum(n=2,rearm=27)",BUY_NOW,down,0.75,fast,0,0.2205,"{""n"": 2, ""rearm"": 27, ""_feasible"": true, ""_n_feasible"": 4, ""_score"": 1.0767}","{""streak"": 3.0, ""drop_pct"": -0.13586956521738358}"
2023-11-29 11:00:00,AMD,reversal,"reversal(max_days_since_min=180,rearm=27,rise_bps=20,window=540)",WINDOW_CLOSING,up,1.0,slow,0,0.2219,"{""window"": 540, ""rise_bps"": 20, ""max_days_since_min"": 180, ""rearm"": 27, ""_feasible"": false, ""_n_feasible"": 0, ""_score"": null}","{""rise_pct"": 1.6141957641671922, ""min_rate"": 0.2183749999999999, ""days_since_min"": 67.0, ""window"": 540.0}"
2023-11-29 13:00:00,AMD,level,"level(pct=0.2,rearm=27,stall_days=0,window=540)",BUY_NOW,down,0.34259259259259267,medium,0,0.221875,"{""window"": 540, ""pct"": 0.2, ""stall_days"": 0, ""rearm"": 27, ""_feasible"": false, ""_n_feasible"": 0, ""_score"": 1.42}","{""pct_rank"": 0.13148148148148148, ""window"": 540.0, ""days_since_min"": 69.0}"
2023-12-01 15:00:00,AMD,momentum,"momentum(n=2,rearm=18)",BUY_NOW,down,0.5,fast,1,0.223,"{""n"": 2, ""rearm"": 18, ""_feasible"": true, ""_n_feasible"": 4, ""_score"": 1.0709}","{""streak"": 2.0, ""drop_pct"": -0.3017771319995033}"
2023-12-01 17:00:00,AMD,reversal,"reversal(max_days_since_min=180,rearm=27,rise_bps=20,window=540)",WINDOW_CLOSING,up,1.0,slow,1,0.2244,"{""window"": 540, ""rise_bps"": 20, ""max_days_since_min"": 180, ""rearm"": 27, ""_feasible"": false, ""_n_feasible"": 0, ""_score"": 0.6192}","{""rise_pct"": 2.759015455065872, ""min_rate"": 0.2183749999999999, ""days_since_min"": 94.0, ""window"": 540.0}"
2023-12-04 10:00:00,AMD,level,"level(pct=0.25,rearm=27,stall_days=0,window=540)",BUY_NOW,down,0.007407407407407418,medium,1,0.224675,"{""window"": 540, ""pct"": 0.25, ""stall_days"": 0, ""rearm"": 27, ""_feasible"": false, ""_n_feasible"": 0, ""_score"": 0.9502}","{""pct_rank"": 0.24814814814814815, ""window"": 540.0, ""days_since_min"": 97.0}"
2023-12-06 10:00:00,AMD,momentum,"momentum(n=2,rearm=18)",BUY_NOW,down,0.5,fast,1,0.231,"{""n"": 2, ""rearm"": 18, ""_feasible"": true, ""_n_feasible"": 4, ""_score"": 1.0709}","{""streak"": 2.0, ""drop_pct"": -0.6985491671144484}"
2023-12-06 11:00:00,AMD,reversal,"reversal(max_days_since_min=180,rearm=27,rise_bps=20,window=540)",WINDOW_CLOSING,up,1.0,slow,1,0.230425,"{""window"": 540, ""rise_bps"": 20, ""max_days_since_min"": 180, ""rearm"": 27, ""_feasible"": false, ""_n_feasible"": 0, ""_score"": 0.6192}","{""rise_pct"": 5.518030910131699, ""min_rate"": 0.2183749999999999, ""days_since_min"": 121.0, ""window"": 540.0}"
2023-12-08 10:00:00,AMD,momentum,"momentum(n=2,rearm=18)",BUY_NOW,down,0.5,fast,1,0.229475,"{""n"": 2, ""rearm"": 18, ""_feasible"": true, ""_n_feasible"": 4, ""_score"": 1.0709}","{""streak"": 2.0, ""drop_pct"": -2.1428571428571352}"
2023-12-08 17:00:00,AMD,reversal,"reversal(max_days_since_min=180,rearm=27,rise_bps=20,window=540)",WINDOW_CLOSING,up,1.0,slow,1,0.2282999999999999,"{""window"": 540, ""rise_bps"": 20, ""max_days_since_min"": 180, ""rearm"": 27, ""_feasible"": false, ""_n_feasible"": 0, ""_score"": 0.6192}","{""rise_pct"": 4.544934172867765, ""min_rate"": 0.2183749999999999, ""days_since_min"": 148.0, ""window"": 540.0}"
2023-12-11 15:00:00,AMD,level,"level(pct=0.25,rearm=27,stall_days=0,window=540)",BUY_NOW,down,0.007407407407407418,medium,1,0.2245,"{""window"": 540, ""pct"": 0.25, ""stall_days"": 0, ""rearm"": 27, ""_feasible"": false, ""_n_feasible"": 0, ""_score"": 0.9502}","{""pct_rank"": 0.24814814814814815, ""window"": 540.0, ""days_since_min"": 158.0}"
2023-12-12 11:00:00,AMD,momentum,"momentum(n=2,rearm=18)",BUY_NOW,down,0.5,fast,1,0.2239249999999999,"{""n"": 2, ""rearm"": 18, ""_feasible"": true, ""_n_feasible"": 4, ""_score"": 1.0709}","{""streak"": 2.0, ""drop_pct"": -1.1804942630185722}"
2023-12-13 08:00:00,AMD,reversal,"reversal(max_days_since_min=180,rearm=27,rise_bps=20,window=540)",WINDOW_CLOSING,up,1.0,slow,1,0.2239999999999999,"{""window"": 540, ""rise_bps"": 20, ""max_days_since_min"": 180, ""rearm"": 27, ""_feasible"": false, ""_n_feasible"": 0, ""_score"": 0.6192}","{""rise_pct"": 2.575844304522046, ""min_rate"": 0.2183749999999999, ""days_since_min"": 175.0, ""window"": 540.0}"
2023-12-14 10:00:00,AMD,level,"level(pct=0.25,rearm=27,stall_days=0,window=540)",BUY_NOW,down,0.4814814814814815,medium,1,0.2214999999999999,"{""window"": 540, ""pct"": 0.25, ""stall_days"": 0, ""rearm"": 27, ""_feasible"": false, ""_n_feasible"": 0, ""_score"": 0.9502}","{""pct_rank"": 0.12962962962962962, ""window"": 540.0, ""days_since_min"": 186.0}"
2023-12-14 11:00:00,AMD,momentum,"momentum(n=2,rearm=18)",BUY_NOW,down,0.5,fast,1,0.2205,"{""n"": 2, ""rearm"": 18, ""_feasible"": true, ""_n_feasible"": 4, ""_score"": 1.0709}","{""streak"": 2.0, ""drop_pct"": -1.397428731134709}"
2023-12-18 11:00:00,AMD,momentum,"momentum(n=2,rearm=18)",BUY_NOW,down,0.5,fast,1,0.2227,"{""n"": 2, ""rearm"": 18, ""_feasible"": true, ""_n_feasible"": 4, ""_score"": 1.0709}","{""streak"": 2.0, ""drop_pct"": -1.8942731277532543}"
2023-12-18 17:00:00,AMD,level,"level(pct=0.25,rearm=27,stall_days=0,window=540)",BUY_NOW,down,0.5111111111111111,medium,1,0.22105,"{""window"": 540, ""pct"": 0.25, ""stall_days"": 0, ""rearm"": 27, ""_feasible"": false, ""_n_feasible"": 0, ""_score"": 0.9502}","{""pct_rank"": 0.12222222222222222, ""window"": 540.0, ""days_since_min"": 215.0}"
2023-12-20 10:00:00,AMD,momentum,"momentum(n=2,rearm=18)",BUY_NOW,down,0.5,fast,1,0.2219249999999999,"{""n"": 2, ""rearm"": 18, ""_feasible"": true, ""_n_feasible"": 4, ""_score"": 1.0709}","{""streak"": 2.0, ""drop_pct"": -0.7380073800738463}"
2023-12-22 09:00:00,AMD,momentum,"momentum(n=2,rearm=18)",BUY_NOW,down,0.5,fast,1,0.225025,"{""n"": 2, ""rearm"": 18, ""_feasible"": true, ""_n_feasible"": 4, ""_score"": 1.0709}","{""streak"": 2.0, ""drop_pct"": -2.109842305600862}"
2023-12-26 10:00:00,AMD,momentum,"momentum(n=2,rearm=18)",BUY_NOW,down,0.5,fast,1,0.2305,"{""n"": 2, ""rearm"": 18, ""_feasible"": true, ""_n_feasible"": 4, ""_score"": 1.0709}","{""streak"": 2.0, ""drop_pct"": -0.7641803896243249}"
2023-12-27 18:00:00,AMD,momentum,"momentum(n=2,rearm=18)",BUY_NOW,down,0.5,fast,1,0.226175,"{""n"": 2, ""rearm"": 18, ""_feasible"": true, ""_n_feasible"": 4, ""_score"": 1.0709}","{""streak"": 2.0, ""drop_pct"": -1.684416431210567}"
2023-12-28 16:00:00,AMD,level,"level(pct=0.25,rearm=27,stall_days=0,window=540)",BUY_NOW,down,0.37037037037037035,medium,1,0.2214999999999999,"{""window"": 540, ""pct"": 0.25, ""stall_days"": 0, ""rearm"": 27, ""_feasible"": false, ""_n_feasible"": 0, ""_score"": 0.9502}","{""pct_rank"": 0.1574074074074074, ""window"": 540.0, ""days_since_min"": 303.0}"
2024-01-03 12:00:00,AMD,momentum,"momentum(n=2,rearm=18)",BUY_NOW,down,0.5,fast,1,0.2285,"{""n"": 2, ""rearm"": 18, ""_feasible"": true, ""_n_feasible"": 4, ""_score"": 1.0709}","{""streak"": 2.0, ""drop_pct"": -4.751979991663147}"
2024-01-05 10:00:00,AMD,momentum,"momentum(n=2,rearm=18)",BUY_NOW,down,0.5,fast,1,0.236975,"{""n"": 2, ""rearm"": 18, ""_feasible"": true, ""_n_feasible"": 4, ""_score"": 1.0709}","{""streak"": 2.0, ""drop_pct"": -0.14747708838092066}"
2024-01-09 12:00:00,AMD,momentum,"momentum(n=2,rearm=18)",BUY_NOW,down,0.5,fast,1,0.2244,"{""n"": 2, ""rearm"": 18, ""_feasible"": true, ""_n_feasible"": 4, ""_score"": 1.0709}","{""streak"": 2.0, ""drop_pct"": -3.4319526627218933}"
2024-01-09 16:00:00,AMD,level,"level(pct=0.25,rearm=27,stall_days=0,window=540)",BUY_NOW,down,0.022222222222222254,medium,1,0.22215,"{""window"": 540, ""pct"": 0.25, ""stall_days"": 0, ""rearm"": 27, ""_feasible"": false, ""_n_feasible"": 0, ""_score"": 0.9502}","{""pct_rank"": 0.24444444444444444, ""window"": 540.0, ""days_since_min"": 368.0}"
2024-01-10 10:00:00,AMD,dip_vs_trend,"dip_vs_trend(pct=0.15,rearm=45,span=180,window=2250)",BUY_NOW,down,0.013333333333333308,medium,1,0.2218,"{""span"": 180, ""window"": 2250, ""pct"": 0.15, ""rearm"": 45, ""_feasible"": false, ""_n_feasible"": 0, ""_score"": 1.1383}","{""dev_pct"": -2.1833804359410625, ""pct_rank"": 0.148, ""window"": 2250.0, ""span"": 180.0}"
2024-01-11 10:00:00,AMD,momentum,"momentum(n=2,rearm=18)",BUY_NOW,down,0.5,fast,1,0.2208999999999999,"{""n"": 2, ""rearm"": 18, ""_feasible"": true, ""_n_feasible"": 4, ""_score"": 1.0709}","{""streak"": 2.0, ""drop_pct"": -1.2075134168157864}"
2024-01-11 19:00:00,AMD,level,"level(pct=0.25,rearm=27,stall_days=0,window=540)",BUY_NOW,down,0.9111111111111111,medium,1,0.219275,"{""window"": 540, ""pct"": 0.25, ""stall_days"": 0, ""rearm"": 27, ""_feasible"": false, ""_n_feasible"": 0, ""_score"": 0.9502}","{""pct_rank"": 0.022222222222222223, ""window"": 540.0, ""days_since_min"": 395.0}"
2024-01-12 14:00:00,AMD,reversal,"reversal(max_days_since_min=180,rearm=27,rise_bps=20,window=540)",WINDOW_CLOSING,up,0.7166609333790763,slow,1,0.2186499999999999,"{""window"": 540, ""rise_bps"": 20, ""max_days_since_min"": 180, ""rearm"": 27, ""_feasible"": false, ""_n_feasible"": 0, ""_score"": 0.6192}","{""rise_pct"": 0.28666437335163053, ""min_rate"": 0.218025, ""days_since_min"": 2.0, ""window"": 540.0}"
2024-01-15 11:00:00,AMD,momentum,"momentum(n=2,rearm=18)",BUY_NOW,down,0.5,fast,1,0.217025,"{""n"": 2, ""rearm"": 18, ""_feasible"": true, ""_n_feasible"": 4, ""_score"": 1.0709}","{""streak"": 2.0, ""drop_pct"": -1.8985196067351828}"
2024-01-16 09:00:00,AMD,dip_vs_trend,"dip_vs_trend(pct=0.15,rearm=45,span=180,window=2250)",BUY_NOW,down,0.4666666666666667,medium,1,0.218,"{""span"": 180, ""window"": 2250, ""pct"": 0.15, ""rearm"": 45, ""_feasible"": false, ""_n_feasible"": 0, ""_score"": 1.1383}","{""dev_pct"": -3.4958766252330853, ""pct_rank"": 0.08, ""window"": 2250.0, ""span"": 180.0}"
2024-01-16 12:00:00,AMD,level,"level(pct=0.25,rearm=27,stall_days=0,window=540)",BUY_NOW,down,0.9555555555555556,medium,1,0.216775,"{""window"": 540, ""pct"": 0.25, ""stall_days"": 0, ""rearm"": 27, ""_feasible"": false, ""_n_feasible"": 0, ""_score"": 0.9502}","{""pct_rank"": 0.011111111111111112, ""window"": 540.0, ""days_since_min"": 1.0}"
2024-01-16 18:00:00,AMD,reversal,"reversal(max_days_since_min=180,rearm=27,rise_bps=20,window=540)",WINDOW_CLOSING,up,1.0,slow,1,0.2185,"{""window"": 540, ""rise_bps"": 20, ""max_days_since_min"": 180, ""rearm"": 27, ""_feasible"": false, ""_n_feasible"": 0, ""_score"": 0.6192}","{""rise_pct"": 1.157407407407418, ""min_rate"": 0.216, ""days_since_min"": 7.0, ""window"": 540.0}"
2024-01-17 10:00:00,AMD,momentum,"momentum(n=2,rearm=18)",BUY_NOW,down,0.5,fast,1,0.22055,"{""n"": 2, ""rearm"": 18, ""_feasible"": true, ""_n_feasible"": 4, ""_score"": 1.0709}","{""streak"": 2.0, ""drop_pct"": -1.4521894548704228}"
2024-01-18 15:00:00,AMD,level,"level(pct=0.25,rearm=27,stall_days=0,window=540)",BUY_NOW,down,0.5703703703703704,medium,1,0.219675,"{""window"": 540, ""pct"": 0.25, ""stall_days"": 0, ""rearm"": 27, ""_feasible"": false, ""_n_feasible"": 0, ""_score"": 0.9502}","{""pct_rank"": 0.10740740740740741, ""window"": 540.0, ""days_since_min"": 28.0}"
2024-01-19 09:00:00,AMD,reversal,"reversal(max_days_since_min=180,rearm=27,rise_bps=20,window=540)",WINDOW_CLOSING,up,1.0,slow,1,0.222225,"{""window"": 540, ""rise_bps"": 20, ""max_days_since_min"": 180, ""rearm"": 27, ""_feasible"": false, ""_n_feasible"": 0, ""_score"": 0.6192}","{""rise_pct"": 2.881944444444451, ""min_rate"": 0.216, ""days_since_min"": 34.0, ""window"": 540.0}"
2024-01-19 11:00:00,AMD,momentum,"momentum(n=2,rearm=18)",BUY_NOW,down,0.5,fast,1,0.2196999999999999,"{""n"": 2, ""rearm"": 18, ""_feasible"": true, ""_n_feasible"": 4, ""_score"": 1.0709}","{""streak"": 2.0, ""drop_pct"": -1.1362357970525871}"
2024-01-23 11:00:00,AMD,level,"level(pct=0.25,rearm=27,stall_days=0,window=540)",BUY_NOW,down,0.2666666666666667,medium,1,0.220225,"{""window"": 540, ""pct"": 0.25, ""stall_days"": 0, ""rearm"": 27, ""_feasible"": false, ""_n_feasible"": 0, ""_score"": 0.9502}","{""pct_rank"": 0.18333333333333332, ""window"": 540.0, ""days_since_min"": 59.0}"
2024-01-23 11:00:00,AMD,momentum,"momentum(n=2,rearm=18)",BUY_NOW,down,0.5,fast,1,0.220225,"{""n"": 2, ""rearm"": 18, ""_feasible"": true, ""_n_feasible"": 4, ""_score"": 1.0709}","{""streak"": 2.0, ""drop_pct"": -1.6852678571428137}"
2024-01-23 13:00:00,AMD,reversal,"reversal(max_days_since_min=180,rearm=27,rise_bps=20,window=540)",WINDOW_CLOSING,up,1.0,slow,1,0.2198,"{""window"": 540, ""rise_bps"": 20, ""max_days_since_min"": 180, ""rearm"": 27, ""_feasible"": false, ""_n_feasible"": 0, ""_score"": 0.6192}","{""rise_pct"": 1.7592592592592604, ""min_rate"": 0.216, ""days_since_min"": 61.0, ""window"": 540.0}"
2024-01-25 14:00:00,AMD,momentum,"momentum(n=2,rearm=18)",BUY_NOW,down,0.5,fast,1,0.220975,"{""n"": 2, ""rearm"": 18, ""_feasible"": true, ""_n_feasible"": 4, ""_score"": 1.0709}","{""streak"": 2.0, ""drop_pct"": -0.1806888763410397}"
2024-01-25 18:00:00,AMD,level,"level(pct=0.25,rearm=27,stall_days=0,window=540)",BUY_NOW,down,0.0888888888888889,medium,1,0.2205249999999999,"{""window"": 540, ""pct"": 0.25, ""stall_days"": 0, ""rearm"": 27, ""_feasible"": false, ""_n_feasible"": 0, ""_score"": 0.9502}","{""pct_rank"": 0.22777777777777777, ""window"": 540.0, ""days_since_min"": 87.0}"
2024-01-25 19:00:00,AMD,reversal,"reversal(max_days_since_min=180,rearm=27,rise_bps=20,window=540)",WINDOW_CLOSING,up,1.0,slow,1,0.223275,"{""window"": 540, ""rise_bps"": 20, ""max_days_since_min"": 180, ""rearm"": 27, ""_feasible"": false, ""_n_feasible"": 0, ""_score"": 0.6192}","{""rise_pct"": 3.368055555555549, ""min_rate"": 0.216, ""days_since_min"": 88.0, ""window"": 540.0}"
2024-01-29 12:00:00,AMD,momentum,"momentum(n=2,rearm=18)",BUY_NOW,down,0.5,fast,1,0.2228,"{""n"": 2, ""rearm"": 18, ""_feasible"": true, ""_n_feasible"": 4, ""_score"": 1.0709}","{""streak"": 2.0, ""drop_pct"": -1.8394096266108662}"
2024-01-30 09:00:00,AMD,level,"level(pct=0.25,rearm=27,stall_days=0,window=540)",BUY_NOW,down,0.09629629629629632,medium,1,0.2205,"{""window"": 540, ""pct"": 0.25, ""stall_days"": 0, ""rearm"": 27, ""_feasible"": false, ""_n_feasible"": 0, ""_score"": 0.9502}","{""pct_rank"": 0.22592592592592592, ""window"": 540.0, ""days_since_min"": 115.0}"
2024-01-30 09:00:00,AMD,reversal,"reversal(max_days_since_min=180,rearm=27,rise_bps=20,window=540)",WINDOW_CLOSING,up,1.0,slow,1,0.2205,"{""window"": 540, ""rise_bps"": 20, ""max_days_since_min"": 180, ""rearm"": 27, ""_feasible"": false, ""_n_feasible"": 0, ""_score"": 0.6192}","{""rise_pct"": 2.083333333333326, ""min_rate"": 0.216, ""days_since_min"": 115.0, ""window"": 540.0}"
2024-01-31 16:00:00,AMD,momentum,"momentum(n=2,rearm=18)",BUY_NOW,down,0.5,fast,1,0.2221999999999999,"{""n"": 2, ""rearm"": 18, ""_feasible"": true, ""_n_feasible"": 4, ""_score"": 1.0709}","{""streak"": 2.0, ""drop_pct"": -0.25810795645835327}"
2024-02-01 12:00:00,AMD,reversal,"reversal(max_days_since_min=180,rearm=27,rise_bps=20,window=540)",WINDOW_CLOSING,up,1.0,slow,1,0.2239999999999999,"{""window"": 540, ""rise_bps"": 20, ""max_days_since_min"": 180, ""rearm"": 27, ""_feasible"": false, ""_n_feasible"": 0, ""_score"": 0.6192}","{""rise_pct"": 3.703703703703654, ""min_rate"": 0.216, ""days_since_min"": 142.0, ""window"": 540.0}"
2024-02-02 19:00:00,AMD,momentum,"momentum(n=2,rearm=18)",BUY_NOW,down,0.5,fast,1,0.225375,"{""n"": 2, ""rearm"": 18, ""_feasible"": true, ""_n_feasible"": 4, ""_score"": 1.0709}","{""streak"": 2.0, ""drop_pct"": -0.18821966341890928}"
2024-02-05 18:00:00,AMD,reversal,"reversal(max_days_since_min=180,rearm=27,rise_bps=20,window=540)",WINDOW_CLOSING,up,1.0,slow,1,0.2244,"{""window"": 540, ""rise_bps"": 20, ""max_days_since_min"": 180, ""rearm"": 27, ""_feasible"": false, ""_n_feasible"": 0, ""_score"": 0.6192}","{""rise_pct"": 3.888888888888875, ""min_rate"": 0.216, ""days_since_min"": 169.0, ""window"": 540.0}"
2024-02-07 11:00:00,AMD,momentum,"momentum(n=2,rearm=18)",BUY_NOW,down,0.5,fast,1,0.2248,"{""n"": 2, ""rearm"": 18, ""_feasible"": true, ""_n_feasible"": 4, ""_score"": 1.0709}","{""streak"": 2.0, ""drop_pct"": -0.8052950910093726}"
2024-02-09 10:00:00,AMD,momentum,"momentum(n=2,rearm=18)",BUY_NOW,down,0.5,fast,1,0.2254749999999999,"{""n"": 2, ""rearm"": 18, ""_feasible"": true, ""_n_feasible"": 4, ""_score"": 1.0709}","{""streak"": 2.0, ""drop_pct"": -0.3094948601746861}"
2024-02-13 08:00:00,AMD,momentum,"momentum(n=2,rearm=18)",BUY_NOW,down,0.5,fast,1,0.225625,"{""n"": 2, ""rearm"": 18, ""_feasible"": true, ""_n_feasible"": 4, ""_score"": 1.0709}","{""streak"": 2.0, ""drop_pct"": -0.6494936151475117}"
2024-02-14 15:00:00,AMD,momentum,"momentum(n=2,rearm=18)",BUY_NOW,down,0.5,fast,1,0.2264999999999999,"{""n"": 2, ""rearm"": 18, ""_feasible"": true, ""_n_feasible"": 4, ""_score"": 1.0709}","{""streak"": 2.0, ""drop_pct"": -0.1982815598149834}"
2024-02-19 10:00:00,AMD,momentum,"momentum(n=2,rearm=18)",BUY_NOW,down,0.5,fast,1,0.2285,"{""n"": 2, ""rearm"": 18, ""_feasible"": true, ""_n_feasible"": 4, ""_score"": 1.0709}","{""streak"": 2.0, ""drop_pct"": -3.6677908937605364}"
2024-02-21 10:00:00,AMD,momentum,"momentum(n=2,rearm=18)",BUY_NOW,down,0.5,fast,1,0.23,"{""n"": 2, ""rearm"": 18, ""_feasible"": true, ""_n_feasible"": 4, ""_score"": 1.0709}","{""streak"": 2.0, ""drop_pct"": -0.8620689655171931}"
2024-02-26 10:00:00,AMD,momentum,"momentum(n=2,rearm=18)",BUY_NOW,down,0.5,fast,1,0.231,"{""n"": 2, ""rearm"": 18, ""_feasible"": true, ""_n_feasible"": 4, ""_score"": 1.0709}","{""streak"": 2.0, ""drop_pct"": -1.6916693265240923}"
2024-02-28 11:00:00,AMD,momentum,"momentum(n=2,rearm=18)",BUY_NOW,down,0.5,fast,1,0.2287,"{""n"": 2, ""rearm"": 18, ""_feasible"": true, ""_n_feasible"": 4, ""_score"": 1.0709}","{""streak"": 2.0, ""drop_pct"": -1.294777729823049}"
2024-03-04 09:00:00,AMD,momentum,"momentum(n=2,rearm=18)",BUY_NOW,down,0.5,fast,1,0.228,"{""n"": 2, ""rearm"": 18, ""_feasible"": true, ""_n_feasible"": 4, ""_score"": 1.0709}","{""streak"": 2.0, ""drop_pct"": -0.5669428696031376}"
2024-03-06 14:00:00,AMD,momentum,"momentum(n=2,rearm=18)",BUY_NOW,down,0.5,fast,1,0.2249,"{""n"": 2, ""rearm"": 18, ""_feasible"": true, ""_n_feasible"": 4, ""_score"": 1.0709}","{""streak"": 2.0, ""drop_pct"": -0.3544528134692193}"
2024-03-11 12:00:00,AMD,momentum,"momentum(n=2,rearm=18)",BUY_NOW,down,0.5,fast,1,0.2255,"{""n"": 2, ""rearm"": 18, ""_feasible"": true, ""_n_feasible"": 4, ""_score"": 1.0709}","{""streak"": 2.0, ""drop_pct"": -0.46347384683292914}"
2024-03-13 10:00:00,AMD,momentum,"momentum(n=2,rearm=18)",BUY_NOW,down,0.5,fast,1,0.228375,"{""n"": 2, ""rearm"": 18, ""_feasible"": true, ""_n_feasible"": 4, ""_score"": 1.0709}","{""streak"": 2.0, ""drop_pct"": -0.5660171982148632}"
2024-03-14 18:00:00,AMD,momentum,"momentum(n=2,rearm=18)",BUY_NOW,down,0.5,fast,1,0.2285,"{""n"": 2, ""rearm"": 18, ""_feasible"": true, ""_n_feasible"": 4, ""_score"": 1.0709}","{""streak"": 2.0, ""drop_pct"": -0.15293860607383802}"
2024-03-18 16:00:00,AMD,momentum,"momentum(n=2,rearm=18)",BUY_NOW,down,0.5,fast,1,0.2324,"{""n"": 2, ""rearm"": 18, ""_feasible"": true, ""_n_feasible"": 4, ""_score"": 1.0709}","{""streak"": 2.0, ""drop_pct"": -0.246807597381693}"
2024-03-20 11:00:00,AMD,momentum,"momentum(n=2,rearm=18)",BUY_NOW,down,0.5,fast,1,0.236,"{""n"": 2, ""rearm"": 18, ""_feasible"": true, ""_n_feasible"": 4, ""_score"": 1.0709}","{""streak"": 2.0, ""drop_pct"": -1.3377926421404673}"
2024-03-22 15:00:00,AMD,momentum,"momentum(n=2,rearm=18)",BUY_NOW,down,0.5,fast,1,0.243,"{""n"": 2, ""rearm"": 18, ""_feasible"": true, ""_n_feasible"": 4, ""_score"": 1.0709}","{""streak"": 2.0, ""drop_pct"": -0.4098360655737654}"
2024-03-26 11:00:00,AMD,momentum,"momentum(n=2,rearm=18)",BUY_NOW,down,0.5,fast,1,0.238,"{""n"": 2, ""rearm"": 18, ""_feasible"": true, ""_n_feasible"": 4, ""_score"": 1.0709}","{""streak"": 2.0, ""drop_pct"": -2.449021416128705}"
2024-03-27 17:00:00,AMD,momentum,"momentum(n=2,rearm=18)",BUY_NOW,down,0.5,fast,1,0.23885,"{""n"": 2, ""rearm"": 18, ""_feasible"": true, ""_n_feasible"": 4, ""_score"": 1.0709}","{""streak"": 2.0, ""drop_pct"": -1.3016528925619775}"
2024-03-29 15:00:00,AMD,momentum,"momentum(n=2,rearm=18)",BUY_NOW,down,0.5,fast,1,0.237725,"{""n"": 2, ""rearm"": 18, ""_feasible"": true, ""_n_feasible"": 4, ""_score"": 1.0709}","{""streak"": 2.0, ""drop_pct"": -0.48142333856620034}"
2024-04-02 11:00:00,AMD,momentum,"momentum(n=2,rearm=18)",BUY_NOW,down,0.5,fast,1,0.240025,"{""n"": 2, ""rearm"": 18, ""_feasible"": true, ""_n_feasible"": 4, ""_score"": 1.0709}","{""streak"": 2.0, ""drop_pct"": -0.7956189295308946}"
2024-04-03 19:00:00,AMD,momentum,"momentum(n=2,rearm=18)",BUY_NOW,down,0.5,fast,1,0.24,"{""n"": 2, ""rearm"": 18, ""_feasible"": true, ""_n_feasible"": 4, ""_score"": 1.0709}","{""streak"": 2.0, ""drop_pct"": -0.4459193197137945}"
2024-04-05 18:00:00,AMD,momentum,"momentum(n=2,rearm=18)",BUY_NOW,down,0.5,fast,1,0.2390749999999999,"{""n"": 2, ""rearm"": 18, ""_feasible"": true, ""_n_feasible"": 4, ""_score"": 1.0709}","{""streak"": 2.0, ""drop_pct"": -0.6235061831030286}"
2024-04-10 13:00:00,AMD,momentum,"momentum(n=2,rearm=18)",BUY_NOW,down,0.5,fast,1,0.2391,"{""n"": 2, ""rearm"": 18, ""_feasible"": true, ""_n_feasible"": 4, ""_score"": 1.0709}","{""streak"": 2.0, ""drop_pct"": -0.374999999999992}"
2024-04-12 09:00:00,AMD,momentum,"momentum(n=2,rearm=18)",BUY_NOW,down,0.5,fast,1,0.237,"{""n"": 2, ""rearm"": 18, ""_feasible"": true, ""_n_feasible"": 4, ""_score"": 1.0709}","{""streak"": 2.0, ""drop_pct"": -1.0748199937388736}"
2024-04-16 10:00:00,AMD,momentum,"momentum(n=2,rearm=18)",BUY_NOW,down,0.5,fast,1,0.2384,"{""n"": 2, ""rearm"": 18, ""_feasible"": true, ""_n_feasible"": 4, ""_score"": 1.0709}","{""streak"": 2.0, ""drop_pct"": -0.2510460251045954}"
2024-04-18 09:00:00,AMD,momentum,"momentum(n=2,rearm=18)",BUY_NOW,down,0.5,fast,1,0.24195,"{""n"": 2, ""rearm"": 18, ""_feasible"": true, ""_n_feasible"": 4, ""_score"": 1.0709}","{""streak"": 2.0, ""drop_pct"": -0.9213759213759221}"
2024-04-22 19:00:00,AMD,momentum,"momentum(n=2,rearm=18)",BUY_NOW,down,0.5,fast,1,0.241125,"{""n"": 2, ""rearm"": 18, ""_feasible"": true, ""_n_feasible"": 4, ""_score"": 1.0709}","{""streak"": 2.0, ""drop_pct"": -1.0870679930263472}"
2024-04-25 09:00:00,AMD,momentum,"momentum(n=2,rearm=18)",BUY_NOW,down,0.5,fast,1,0.24065,"{""n"": 2, ""rearm"": 18, ""_feasible"": true, ""_n_feasible"": 4, ""_score"": 1.0709}","{""streak"": 2.0, ""drop_pct"": -1.7654862741096067}"
2024-04-27 15:00:00,AMD,momentum,"momentum(n=2,rearm=18)",BUY_NOW,down,0.5,fast,1,0.239975,"{""n"": 2, ""rearm"": 18, ""_feasible"": true, ""_n_feasible"": 4, ""_score"": 1.0709}","{""streak"": 2.0, ""drop_pct"": -0.6623201904170206}"
2024-04-30 15:00:00,AMD,momentum,"momentum(n=2,rearm=18)",BUY_NOW,down,0.5,fast,1,0.242525,"{""n"": 2, ""rearm"": 18, ""_feasible"": true, ""_n_feasible"": 4, ""_score"": 1.0709}","{""streak"": 2.0, ""drop_pct"": -0.828051523205886}"
2024-05-03 14:00:00,AMD,momentum,"momentum(n=2,rearm=18)",BUY_NOW,down,0.5,fast,1,0.2396,"{""n"": 2, ""rearm"": 18, ""_feasible"": true, ""_n_feasible"": 4, ""_score"": 1.0709}","{""streak"": 2.0, ""drop_pct"": -0.24979184013321776}"
2024-05-07 13:00:00,AMD,dip_vs_trend,"dip_vs_trend(pct=0.15,rearm=45,span=180,window=2250)",BUY_NOW,down,0.051851851851851816,medium,1,0.236,"{""span"": 180, ""window"": 2250, ""pct"": 0.15, ""rearm"": 45, ""_feasible"": false, ""_n_feasible"": 0, ""_score"": 1.1383}","{""dev_pct"": -2.1911440159422924, ""pct_rank"": 0.14222222222222222, ""window"": 2250.0, ""span"": 180.0}"
2024-05-13 12:00:00,AMD,momentum,"momentum(n=2,rearm=18)",BUY_NOW,down,0.5,fast,1,0.2395,"{""n"": 2, ""rearm"": 18, ""_feasible"": true, ""_n_feasible"": 4, ""_score"": 1.0709}","{""streak"": 2.0, ""drop_pct"": -0.8281573498964856}"
2024-05-14 15:00:00,AMD,level,"level(pct=0.25,rearm=27,stall_days=0,window=540)",BUY_NOW,down,0.022222222222222254,medium,1,0.2377,"{""window"": 540, ""pct"": 0.25, ""stall_days"": 0, ""rearm"": 27, ""_feasible"": false, ""_n_feasible"": 0, ""_score"": 0.9502}","{""pct_rank"": 0.24444444444444444, ""window"": 540.0, ""days_since_min"": 537.0}"
2024-05-15 12:00:00,AMD,momentum,"momentum(n=2,rearm=18)",BUY_NOW,down,0.5,fast,1,0.2365249999999999,"{""n"": 2, ""rearm"": 18, ""_feasible"": true, ""_n_feasible"": 4, ""_score"": 1.0709}","{""streak"": 2.0, ""drop_pct"": -0.7552711633274312}"
2024-05-17 10:00:00,AMD,level,"level(pct=0.25,rearm=27,stall_days=0,window=540)",BUY_NOW,down,0.41481481481481486,medium,1,0.236075,"{""window"": 540, ""pct"": 0.25, ""stall_days"": 0, ""rearm"": 27, ""_feasible"": false, ""_n_feasible"": 0, ""_score"": 0.9502}","{""pct_rank"": 0.14629629629629629, ""window"": 540.0, ""days_since_min"": 533.0}"
2024-05-17 13:00:00,AMD,momentum,"momentum(n=2,rearm=18)",BUY_NOW,down,0.5,fast,1,0.237,"{""n"": 2, ""rearm"": 18, ""_feasible"": true, ""_n_feasible"": 4, ""_score"": 1.0709}","{""streak"": 2.0, ""drop_pct"": -0.3364171572750263}"
2024-05-21 10:00:00,AMD,momentum,"momentum(n=2,rearm=18)",BUY_NOW,down,0.5,fast,1,0.2348,"{""n"": 2, ""rearm"": 18, ""_feasible"": true, ""_n_feasible"": 4, ""_score"": 1.0709}","{""streak"": 2.0, ""drop_pct"": -0.6242725637498725}"
2024-05-21 14:00:00,AMD,level,"level(pct=0.25,rearm=27,stall_days=0,window=540)",BUY_NOW,down,0.7037037037037037,medium,1,0.234975,"{""window"": 540, ""pct"": 0.25, ""stall_days"": 0, ""rearm"": 27, ""_feasible"": false, ""_n_feasible"": 0, ""_score"": 0.9502}","{""pct_rank"": 0.07407407407407407, ""window"": 540.0, ""days_since_min"": 537.0}"
2024-05-21 18:00:00,AMD,dip_vs_trend,"dip_vs_trend(pct=0.15,rearm=45,span=180,window=2250)",BUY_NOW,down,0.12296296296296283,medium,1,0.233675,"{""span"": 180, ""window"": 2250, ""pct"": 0.15, ""rearm"": 45, ""_feasible"": false, ""_n_feasible"": 0, ""_score"": 1.1383}","{""dev_pct"": -2.3084779676428746, ""pct_rank"": 0.13155555555555556, ""window"": 2250.0, ""span"": 180.0}"
2024-05-23 12:00:00,AMD,momentum,"momentum(n=2,rearm=18)",BUY_NOW,down,0.5,fast,1,0.2339999999999999,"{""n"": 2, ""rearm"": 18, ""_feasible"": true, ""_n_feasible"": 4, ""_score"": 1.0709}","{""streak"": 2.0, ""drop_pct"": -0.42553191489365094}"
2024-05-23 18:00:00,AMD,level,"level(pct=0.25,rearm=27,stall_days=0,window=540)",BUY_NOW,down,0.9481481481481482,medium,1,0.23295,"{""window"": 540, ""pct"": 0.25, ""stall_days"": 0, ""rearm"": 27, ""_feasible"": false, ""_n_feasible"": 0, ""_score"": 0.9502}","{""pct_rank"": 0.012962962962962963, ""window"": 540.0, ""days_since_min"": 532.0}"
2024-05-24 16:00:00,AMD,reversal,"reversal(max_days_since_min=180,rearm=27,rise_bps=20,window=540)",WINDOW_CLOSING,up,1.0,slow,1,0.233975,"{""window"": 540, ""rise_bps"": 20, ""max_days_since_min"": 180, ""rearm"": 27, ""_feasible"": false, ""_n_feasible"": 0, ""_score"": 0.6192}","{""rise_pct"": 0.5803331542181489, ""min_rate"": 0.232625, ""days_since_min"": 11.0, ""window"": 540.0}"
2024-05-27 08:00:00,AMD,momentum,"momentum(n=2,rearm=18)",BUY_NOW,down,0.5,fast,1,0.23305,"{""n"": 2, ""rearm"": 18, ""_feasible"": true, ""_n_feasible"": 4, ""_score"": 1.0709}","{""streak"": 2.0, ""drop_pct"": -0.7981270618282355}"
2024-05-27 18:00:00,AMD,dip_vs_trend,"dip_vs_trend(pct=0.15,rearm=45,span=180,window=2250)",BUY_NOW,down,0.6207407407407407,medium,1,0.2282999999999999,"{""span"": 180, ""window"": 2250, ""pct"": 0.15, ""rearm"": 45, ""_feasible"": false, ""_n_feasible"": 0, ""_score"": 1.1383}","{""dev_pct"": -3.670378008322872, ""pct_rank"": 0.05688888888888889, ""window"": 2250.0, ""span"": 180.0}"
2024-05-28 11:00:00,AMD,level,"level(pct=0.25,rearm=27,stall_days=0,window=540)",BUY_NOW,down,0.9925925925925926,medium,1,0.2269999999999999,"{""window"": 540, ""pct"": 0.25, ""stall_days"": 0, ""rearm"": 27, ""_feasible"": false, ""_n_feasible"": 0, ""_score"": 0.9502}","{""pct_rank"": 0.001851851851851852, ""window"": 540.0, ""days_since_min"": 0.0}"
2024-05-28 19:00:00,AMD,reversal,"reversal(max_days_since_min=180,rearm=27,rise_bps=20,window=540)",WINDOW_CLOSING,up,1.0,slow,1,0.23055,"{""window"": 540, ""rise_bps"": 20, ""max_days_since_min"": 180, ""rearm"": 27, ""_feasible"": false, ""_n_feasible"": 0, ""_score"": 0.6192}","{""rise_pct"": 1.563876651982432, ""min_rate"": 0.2269999999999999, ""days_since_min"": 8.0, ""window"": 540.0}"
2024-05-29 17:00:00,AMD,momentum,"momentum(n=2,rearm=18)",BUY_NOW,down,0.5,fast,1,0.2310249999999999,"{""n"": 2, ""rearm"": 18, ""_feasible"": true, ""_n_feasible"": 4, ""_score"": 1.0709}","{""streak"": 2.0, ""drop_pct"": -0.6771281169389964}"
2024-05-30 18:00:00,AMD,level,"level(pct=0.25,rearm=27,stall_days=0,window=540)",BUY_NOW,down,0.7333333333333334,medium,1,0.2329,"{""window"": 540, ""pct"": 0.25, ""stall_days"": 0, ""rearm"": 27, ""_feasible"": false, ""_n_feasible"": 0, ""_score"": 0.9502}","{""pct_rank"": 0.06666666666666667, ""window"": 540.0, ""days_since_min"": 27.0}"
2024-05-31 15:00:00,AMD,momentum,"momentum(n=2,rearm=18)",BUY_NOW,down,0.5,fast,1,0.2339,"{""n"": 2, ""rearm"": 18, ""_feasible"": true, ""_n_feasible"": 4, ""_score"": 1.0709}","{""streak"": 2.0, ""drop_pct"": -0.1813720260322227}"
2024-05-31 15:00:00,AMD,reversal,"reversal(max_days_since_min=180,rearm=27,rise_bps=20,window=540)",WINDOW_CLOSING,up,1.0,slow,1,0.2339,"{""window"": 540, ""rise_bps"": 20, ""max_days_since_min"": 180, ""rearm"": 27, ""_feasible"": false, ""_n_feasible"": 0, ""_score"": 0.6192}","{""rise_pct"": 3.0396475770925635, ""min_rate"": 0.2269999999999999, ""days_since_min"": 35.0, ""window"": 540.0}"
2024-06-04 11:00:00,AMD,dip_vs_trend,"dip_vs_trend(pct=0.2,rearm=27,span=180,window=2250)",BUY_NOW,down,0.1266666666666667,medium,2,0.23,"{""span"": 180, ""window"": 2250, ""pct"": 0.2, ""rearm"": 27, ""_feasible"": true, ""_n_feasible"": 6, ""_score"": 1.0033}","{""dev_pct"": -1.9936828536882834, ""pct_rank"": 0.17466666666666666, ""window"": 2250.0, ""span"": 180.0}"
2024-06-04 12:00:00,AMD,level,"level(pct=0.25,rearm=27,stall_days=0,window=540)",BUY_NOW,down,0.9333333333333333,medium,2,0.2289,"{""window"": 540, ""pct"": 0.25, ""stall_days"": 0, ""rearm"": 27, ""_feasible"": true, ""_n_feasible"": 7, ""_score"": 1.1156}","{""pct_rank"": 0.016666666666666666, ""window"": 540.0, ""days_since_min"": 54.0}"
2024-06-05 09:00:00,AMD,reversal,"reversal(max_days_since_min=180,rearm=27,rise_bps=20,window=540)",WINDOW_CLOSING,up,1.0,slow,2,0.23,"{""window"": 540, ""rise_bps"": 20, ""max_days_since_min"": 180, ""rearm"": 27, ""_feasible"": true, ""_n_feasible"": 2, ""_score"": 1.0613}","{""rise_pct"": 1.3215859030837551, ""min_rate"": 0.2269999999999999, ""days_since_min"": 62.0, ""window"": 540.0}"
2024-06-06 17:00:00,AMD,level,"level(pct=0.25,rearm=27,stall_days=0,window=540)",BUY_NOW,down,0.5925925925925926,medium,2,0.231475,"{""window"": 540, ""pct"": 0.25, ""stall_days"": 0, ""rearm"": 27, ""_feasible"": true, ""_n_feasible"": 7, ""_score"": 1.1156}","{""pct_rank"": 0.10185185185185185, ""window"": 540.0, ""days_since_min"": 81.0}"
2024-06-07 13:00:00,AMD,reversal,"reversal(max_days_since_min=180,rearm=27,rise_bps=20,window=540)",WINDOW_CLOSING,up,1.0,slow,2,0.2307999999999999,"{""window"": 540, ""rise_bps"": 20, ""max_days_since_min"": 180, ""rearm"": 27, ""_feasible"": true, ""_n_feasible"": 2, ""_score"": 1.0613}","{""rise_pct"": 1.6740088105726914, ""min_rate"": 0.2269999999999999, ""days_since_min"": 89.0, ""window"": 540.0}"
2024-06-11 11:00:00,AMD,level,"level(pct=0.25,rearm=27,stall_days=0,window=540)",BUY_NOW,down,0.45185185185185184,medium,2,0.2312,"{""window"": 540, ""pct"": 0.25, ""stall_days"": 0, ""rearm"": 27, ""_feasible"": true, ""_n_feasible"": 7, ""_score"": 1.1156}","{""pct_rank"": 0.13703703703703704, ""window"": 540.0, ""days_since_min"": 108.0}"
2024-06-11 19:00:00,AMD,reversal,"reversal(max_days_since_min=180,rearm=27,rise_bps=20,window=540)",WINDOW_CLOSING,up,1.0,slow,2,0.231,"{""window"": 540, ""rise_bps"": 20, ""max_days_since_min"": 180, ""rearm"": 27, ""_feasible"": true, ""_n_feasible"": 2, ""_score"": 1.0613}","{""rise_pct"": 1.762114537444992, ""min_rate"": 0.2269999999999999, ""days_since_min"": 116.0, ""window"": 540.0}"
2024-06-17 11:00:00,AMD,level,"level(pct=0.25,rearm=27,stall_days=0,window=540)",BUY_NOW,down,0.03703703703703709,medium,2,0.2335,"{""window"": 540, ""pct"": 0.25, ""stall_days"": 0, ""rearm"": 27, ""_feasible"": true, ""_n_feasible"": 7, ""_score"": 1.1156}","{""pct_rank"": 0.24074074074074073, ""window"": 540.0, ""days_since_min"": 137.0}"
2024-06-17 17:00:00,AMD,reversal,"reversal(max_days_since_min=180,rearm=27,rise_bps=20,window=540)",WINDOW_CLOSING,up,1.0,slow,2,0.2325,"{""window"": 540, ""rise_bps"": 20, ""max_days_since_min"": 180, ""rearm"": 27, ""_feasible"": true, ""_n_feasible"": 2, ""_score"": 1.0613}","{""rise_pct"": 2.4229074889868363, ""min_rate"": 0.2269999999999999, ""days_since_min"": 143.0, ""window"": 540.0}"
2024-06-18 13:00:00,AMD,dip_vs_trend,"dip_vs_trend(pct=0.2,rearm=27,span=180,window=2250)",BUY_NOW,down,0.3866666666666667,medium,2,0.226025,"{""span"": 180, ""window"": 2250, ""pct"": 0.2, ""rearm"": 27, ""_feasible"": true, ""_n_feasible"": 6, ""_score"": 1.0033}","{""dev_pct"": -2.5270563516016975, ""pct_rank"": 0.12266666666666666, ""window"": 2250.0, ""span"": 180.0}"
2024-06-19 19:00:00,AMD,level,"level(pct=0.25,rearm=27,stall_days=0,window=540)",BUY_NOW,down,0.962962962962963,medium,2,0.2229,"{""window"": 540, ""pct"": 0.25, ""stall_days"": 0, ""rearm"": 27, ""_feasible"": true, ""_n_feasible"": 7, ""_score"": 1.1156}","{""pct_rank"": 0.009259259259259259, ""window"": 540.0, ""days_since_min"": 6.0}"
2024-06-20 16:00:00,AMD,reversal,"reversal(max_days_since_min=180,rearm=27,rise_bps=20,window=540)",WINDOW_CLOSING,up,1.0,slow,2,0.225025,"{""window"": 540, ""rise_bps"": 20, ""max_days_since_min"": 180, ""rearm"": 27, ""_feasible"": true, ""_n_feasible"": 2, ""_score"": 1.0613}","{""rise_pct"": 2.517084282460136, ""min_rate"": 0.2195, ""days_since_min"": 12.0, ""window"": 540.0}"
2024-06-25 15:00:00,AMD,reversal,"reversal(max_days_since_min=180,rearm=27,rise_bps=20,window=540)",WINDOW_CLOSING,up,1.0,slow,2,0.24,"{""window"": 540, ""rise_bps"": 20, ""max_days_since_min"": 180, ""rearm"": 27, ""_feasible"": true, ""_n_feasible"": 2, ""_score"": 1.0613}","{""rise_pct"": 9.339407744874716, ""min_rate"": 0.2195, ""days_since_min"": 39.0, ""window"": 540.0}"
2024-06-26 19:00:00,AMD,level,"level(pct=0.25,rearm=27,stall_days=0,window=540)",BUY_NOW,down,0.029629629629629672,medium,2,0.23235,"{""window"": 540, ""pct"": 0.25, ""stall_days"": 0, ""rearm"": 27, ""_feasible"": true, ""_n_feasible"": 7, ""_score"": 1.1156}","{""pct_rank"": 0.24259259259259258, ""window"": 540.0, ""days_since_min"": 52.0}"
2024-06-28 14:00:00,AMD,reversal,"reversal(max_days_since_min=180,rearm=27,rise_bps=20,window=540)",WINDOW_CLOSING,up,1.0,slow,2,0.2378,"{""window"": 540, ""rise_bps"": 20, ""max_days_since_min"": 180, ""rearm"": 27, ""_feasible"": true, ""_n_feasible"": 2, ""_score"": 1.0613}","{""rise_pct"": 8.337129840546709, ""min_rate"": 0.2195, ""days_since_min"": 66.0, ""window"": 540.0}"
2024-06-28 16:00:00,AMD,momentum,"momentum(n=4,rearm=27)",BUY_NOW,down,0.5,fast,2,0.2287249999999999,"{""n"": 4, ""rearm"": 27, ""_feasible"": true, ""_n_feasible"": 6, ""_score"": 1.1714}","{""streak"": 4.0, ""drop_pct"": -3.846558066211292}"
2024-07-01 18:00:00,AMD,level,"level(pct=0.25,rearm=27,stall_days=0,window=540)",BUY_NOW,down,0.5629629629629629,medium,2,0.2299749999999999,"{""window"": 540, ""pct"": 0.25, ""stall_days"": 0, ""rearm"": 27, ""_feasible"": true, ""_n_feasible"": 7, ""_score"": 1.1156}","{""pct_rank"": 0.10925925925925926, ""window"": 540.0, ""days_since_min"": 79.0}"
2024-07-02 17:00:00,AMD,dip_vs_trend,"dip_vs_trend(pct=0.2,rearm=27,span=180,window=2250)",BUY_NOW,down,0.01333333333333342,medium,2,0.2282999999999999,"{""span"": 180, ""window"": 2250, ""pct"": 0.2, ""rearm"": 27, ""_feasible"": true, ""_n_feasible"": 6, ""_score"": 1.0033}","{""dev_pct"": -1.9178340486699752, ""pct_rank"": 0.19733333333333333, ""window"": 2250.0, ""span"": 180.0}"
2024-07-03 13:00:00,AMD,reversal,"reversal(max_days_since_min=180,rearm=27,rise_bps=20,window=540)",WINDOW_CLOSING,up,1.0,slow,2,0.230425,"{""window"": 540, ""rise_bps"": 20, ""max_days_since_min"": 180, ""rearm"": 27, ""_feasible"": true, ""_n_feasible"": 2, ""_score"": 1.0613}","{""rise_pct"": 4.977220956719819, ""min_rate"": 0.2195, ""days_since_min"": 93.0, ""window"": 540.0}"
2024-07-05 12:00:00,AMD,level,"level(pct=0.25,rearm=27,stall_days=0,window=540)",BUY_NOW,down,0.059259259259259234,medium,2,0.2310249999999999,"{""window"": 540, ""pct"": 0.25, ""stall_days"": 0, ""rearm"": 27, ""_feasible"": true, ""_n_feasible"": 7, ""_score"": 1.1156}","{""pct_rank"": 0.2351851851851852, ""window"": 540.0, ""days_since_min"": 111.0}"
2024-07-08 13:00:00,AMD,reversal,"reversal(max_days_since_min=180,rearm=27,rise_bps=20,window=540)",WINDOW_CLOSING,up,1.0,slow,2,0.232775,"{""window"": 540, ""rise_bps"": 20, ""max_days_since_min"": 180, ""rearm"": 27, ""_feasible"": true, ""_n_feasible"": 2, ""_score"": 1.0613}","{""rise_pct"": 6.047835990888384, ""min_rate"": 0.2195, ""days_since_min"": 120.0, ""window"": 540.0}"
2024-07-10 13:00:00,AMD,level,"level(pct=0.25,rearm=27,stall_days=0,window=540)",BUY_NOW,down,0.5703703703703704,medium,2,0.2295499999999999,"{""window"": 540, ""pct"": 0.25, ""stall_days"": 0, ""rearm"": 27, ""_feasible"": true, ""_n_feasible"": 7, ""_score"": 1.1156}","{""pct_rank"": 0.10740740740740741, ""window"": 540.0, ""days_since_min"": 138.0}"
2024-07-11 13:00:00,AMD,reversal,"reversal(max_days_since_min=180,rearm=27,rise_bps=20,window=540)",WINDOW_CLOSING,up,1.0,slow,2,0.230275,"{""window"": 540, ""rise_bps"": 20, ""max_days_since_min"": 180, ""rearm"": 27, ""_feasible"": true, ""_n_feasible"": 2, ""_score"": 1.0613}","{""rise_pct"": 4.9088838268792845, ""min_rate"": 0.2195, ""days_since_min"": 147.0, ""window"": 540.0}"
2024-07-11 17:00:00,AMD,dip_vs_trend,"dip_vs_trend(pct=0.2,rearm=27,span=180,window=2250)",BUY_NOW,down,0.13111111111111118,medium,2,0.2279749999999999,"{""span"": 180, ""window"": 2250, ""pct"": 0.2, ""rearm"": 27, ""_feasible"": true, ""_n_feasible"": 6, ""_score"": 1.0033}","{""dev_pct"": -2.0600318029529996, ""pct_rank"": 0.17377777777777778, ""window"": 2250.0, ""span"": 180.0}"
2024-07-15 13:00:00,AMD,level,"level(pct=0.25,rearm=27,stall_days=0,window=540)",BUY_NOW,down,0.6444444444444444,medium,2,0.2291,"{""window"": 540, ""pct"": 0.25, ""stall_days"": 0, ""rearm"": 27, ""_feasible"": true, ""_n_feasible"": 7, ""_score"": 1.1156}","{""pct_rank"": 0.08888888888888889, ""window"": 540.0, ""days_since_min"": 165.0}"
2024-07-16 13:00:00,AMD,reversal,"reversal(max_days_since_min=180,rearm=27,rise_bps=20,window=540)",WINDOW_CLOSING,up,1.0,slow,2,0.2297749999999999,"{""window"": 540, ""rise_bps"": 20, ""max_days_since_min"": 180, ""rearm"": 27, ""_feasible"": true, ""_n_feasible"": 2, ""_score"": 1.0613}","{""rise_pct"": 4.681093394077407, ""min_rate"": 0.2195, ""days_since_min"": 174.0, ""window"": 540.0}"
2024-07-18 12:00:00,AMD,level,"level(pct=0.25,rearm=27,stall_days=0,window=540)",BUY_NOW,down,0.23703703703703705,medium,2,0.2299749999999999,"{""window"": 540, ""pct"": 0.25, ""stall_days"": 0, ""rearm"": 27, ""_feasible"": true, ""_n_feasible"": 7, ""_score"": 1.1156}","{""pct_rank"": 0.19074074074074074, ""window"": 540.0, ""days_since_min"": 192.0}"
2024-07-18 15:00:00,AMD,dip_vs_trend,"dip_vs_trend(pct=0.2,rearm=27,span=180,window=2250)",BUY_NOW,down,0.1444444444444445,medium,2,0.228075,"{""span"": 180, ""window"": 2250, ""pct"": 0.2, ""rearm"": 27, ""_feasible"": true, ""_n_feasible"": 6, ""_score"": 1.0033}","{""dev_pct"": -2.081105947916584, ""pct_rank"": 0.1711111111111111, ""window"": 2250.0, ""span"": 180.0}"
2024-07-23 13:00:00,AMD,level,"level(pct=0.25,rearm=27,stall_days=0,window=540)",BUY_NOW,down,0.5703703703703704,medium,2,0.2291,"{""window"": 540, ""pct"": 0.25, ""stall_days"": 0, ""rearm"": 27, ""_feasible"": true, ""_n_feasible"": 7, ""_score"": 1.1156}","{""pct_rank"": 0.10740740740740741, ""window"": 540.0, ""days_since_min"": 219.0}"
2024-07-25 17:00:00,AMD,dip_vs_trend,"dip_vs_trend(pct=0.2,rearm=27,span=180,window=2250)",BUY_NOW,down,0.08444444444444443,medium,2,0.226125,"{""span"": 180, ""window"": 2250, ""pct"": 0.2, ""rearm"": 27, ""_feasible"": true, ""_n_feasible"": 6, ""_score"": 1.0033}","{""dev_pct"": -1.967691065457844, ""pct_rank"": 0.1831111111111111, ""window"": 2250.0, ""span"": 180.0}"
2024-07-26 14:00:00,AMD,level,"level(pct=0.25,rearm=27,stall_days=0,window=540)",BUY_NOW,down,0.5925925925925926,medium,2,0.2288,"{""window"": 540, ""pct"": 0.25, ""stall_days"": 0, ""rearm"": 27, ""_feasible"": true, ""_n_feasible"": 7, ""_score"": 1.1156}","{""pct_rank"": 0.10185185185185185, ""window"": 540.0, ""days_since_min"": 246.0}"
2024-07-31 13:00:00,AMD,level,"level(pct=0.25,rearm=27,stall_days=0,window=540)",BUY_NOW,down,0.6518518518518519,medium,2,0.2275,"{""window"": 540, ""pct"": 0.25, ""stall_days"": 0, ""rearm"": 27, ""_feasible"": true, ""_n_feasible"": 7, ""_score"": 1.1156}","{""pct_rank"": 0.08703703703703704, ""window"": 540.0, ""days_since_min"": 273.0}"
2024-07-31 15:00:00,AMD,dip_vs_trend,"dip_vs_trend(pct=0.2,rearm=27,span=180,window=2250)",BUY_NOW,down,0.1955555555555556,medium,2,0.225,"{""span"": 180, ""window"": 2250, ""pct"": 0.2, ""rearm"": 27, ""_feasible"": true, ""_n_feasible"": 6, ""_score"": 1.0033}","{""dev_pct"": -2.0527802499709646, ""pct_rank"": 0.1608888888888889, ""window"": 2250.0, ""span"": 180.0}"
2024-08-02 15:00:00,AMD,momentum,"momentum(n=4,rearm=27)",BUY_NOW,down,0.5,fast,2,0.22585,"{""n"": 4, ""rearm"": 27, ""_feasible"": true, ""_n_feasible"": 6, ""_score"": 1.1714}","{""streak"": 4.0, ""drop_pct"": -1.364777814171858}"
2024-08-05 14:00:00,AMD,level,"level(pct=0.25,rearm=27,stall_days=0,window=540)",BUY_NOW,down,0.9555555555555556,medium,2,0.2229,"{""window"": 540, ""pct"": 0.25, ""stall_days"": 0, ""rearm"": 27, ""_feasible"": true, ""_n_feasible"": 7, ""_score"": 1.1156}","{""pct_rank"": 0.011111111111111112, ""window"": 540.0, ""days_since_min"": 300.0}"
2024-08-05 16:00:00,AMD,dip_vs_trend,"dip_vs_trend(pct=0.2,rearm=27,span=180,window=2250)",BUY_NOW,down,0.208888888888889,medium,2,0.223975,"{""span"": 180, ""window"": 2250, ""pct"": 0.2, ""rearm"": 27, ""_feasible"": true, ""_n_feasible"": 6, ""_score"": 1.0033}","{""dev_pct"": -2.0788108242680625, ""pct_rank"": 0.1582222222222222, ""window"": 2250.0, ""span"": 180.0}"
2024-08-09 11:00:00,AMD,level,"level(pct=0.25,rearm=27,stall_days=0,window=540)",BUY_NOW,down,0.22962962962962963,medium,2,0.228,"{""window"": 540, ""pct"": 0.25, ""stall_days"": 0, ""rearm"": 27, ""_feasible"": true, ""_n_feasible"": 7, ""_score"": 1.1156}","{""pct_rank"": 0.1925925925925926, ""window"": 540.0, ""days_since_min"": 332.0}"
2024-08-12 15:00:00,AMD,momentum,"momentum(n=4,rearm=27)",BUY_NOW,down,0.5,fast,2,0.237,"{""n"": 4, ""rearm"": 27, ""_feasible"": true, ""_n_feasible"": 6, ""_score"": 1.1714}","{""streak"": 4.0, ""drop_pct"": -0.7849293563579329}"
2024-08-19 16:00:00,AMD,momentum,"momentum(n=4,rearm=27)",BUY_NOW,down,0.5,fast,2,0.2349,"{""n"": 4, ""rearm"": 27, ""_feasible"": true, ""_n_feasible"": 6, ""_score"": 1.1714}","{""streak"": 4.0, ""drop_pct"": -1.6434627865592022}"
2024-08-27 13:00:00,AMD,momentum,"momentum(n=4,rearm=27)",BUY_NOW,down,0.5,fast,2,0.23895,"{""n"": 4, ""rearm"": 27, ""_feasible"": true, ""_n_feasible"": 6, ""_score"": 1.1714}","{""streak"": 4.0, ""drop_pct"": -3.2395221704798582}"
2024-09-02 16:00:00,AMD,momentum,"momentum(n=4,rearm=27)",BUY_NOW,down,0.5,fast,2,0.2361,"{""n"": 4, ""rearm"": 27, ""_feasible"": true, ""_n_feasible"": 6, ""_score"": 1.1714}","{""streak"": 4.0, ""drop_pct"": -1.8193159372076106}"
2024-09-04 19:00:00,AMD,dip_vs_trend,"dip_vs_trend(pct=0.2,rearm=27,span=180,window=2250)",BUY_NOW,down,0.1711111111111112,medium,2,0.2339999999999999,"{""span"": 180, ""window"": 2250, ""pct"": 0.2, ""rearm"": 27, ""_feasible"": true, ""_n_feasible"": 6, ""_score"": 1.0033}","{""dev_pct"": -1.7424272909708716, ""pct_rank"": 0.16577777777777777, ""window"": 2250.0, ""span"": 180.0}"
2024-09-09 15:00:00,AMD,momentum,"momentum(n=4,rearm=27)",BUY_NOW,down,0.5,fast,2,0.235825,"{""n"": 4, ""rearm"": 27, ""_feasible"": true, ""_n_feasible"": 6, ""_score"": 1.1714}","{""streak"": 4.0, ""drop_pct"": -0.6425110596166017}"
2024-10-02 14:00:00,AMD,momentum,"momentum(n=4,rearm=27)",BUY_NOW,down,0.5,fast,2,0.246625,"{""n"": 4, ""rearm"": 27, ""_feasible"": true, ""_n_feasible"": 6, ""_score"": 1.1714}","{""streak"": 4.0, ""drop_pct"": -1.625448743518132}"
2024-10-15 12:00:00,AMD,momentum,"momentum(n=4,rearm=27)",BUY_NOW,down,0.5,fast,2,0.2499749999999999,"{""n"": 4, ""rearm"": 27, ""_feasible"": true, ""_n_feasible"": 6, ""_score"": 1.1714}","{""streak"": 4.0, ""drop_pct"": -4.443807339449579}"
2024-10-15 13:00:00,AMD,dip_vs_trend,"dip_vs_trend(pct=0.2,rearm=27,span=180,window=2250)",BUY_NOW,down,0.2711111111111111,medium,2,0.24715,"{""span"": 180, ""window"": 2250, ""pct"": 0.2, ""rearm"": 27, ""_feasible"": true, ""_n_feasible"": 6, ""_score"": 1.0033}","{""dev_pct"": -1.5143548799507633, ""pct_rank"": 0.14577777777777778, ""window"": 2250.0, ""span"": 180.0}"
2024-11-02 16:00:00,AMD,dip_vs_trend,"dip_vs_trend(pct=0.2,rearm=27,span=180,window=2250)",BUY_NOW,down,0.24222222222222223,medium,2,0.2619249999999999,"{""span"": 180, ""window"": 2250, ""pct"": 0.2, ""rearm"": 27, ""_feasible"": true, ""_n_feasible"": 6, ""_score"": 1.0033}","{""dev_pct"": -1.4548249700449989, ""pct_rank"": 0.15155555555555555, ""window"": 2250.0, ""span"": 180.0}"
2024-11-07 16:00:00,AMD,dip_vs_trend,"dip_vs_trend(pct=0.2,rearm=27,span=180,window=2250)",BUY_NOW,down,0.548888888888889,medium,2,0.259925,"{""span"": 180, ""window"": 2250, ""pct"": 0.2, ""rearm"": 27, ""_feasible"": true, ""_n_feasible"": 6, ""_score"": 1.0033}","{""dev_pct"": -1.9009039043383469, ""pct_rank"": 0.09022222222222222, ""window"": 2250.0, ""span"": 180.0}"
2024-11-12 16:00:00,AMD,dip_vs_trend,"dip_vs_trend(pct=0.2,rearm=27,span=180,window=2250)",BUY_NOW,down,0.7555555555555555,medium,2,0.258,"{""span"": 180, ""window"": 2250, ""pct"": 0.2, ""rearm"": 27, ""_feasible"": true, ""_n_feasible"": 6, ""_score"": 1.0033}","{""dev_pct"": -2.4119627299433843, ""pct_rank"": 0.04888888888888889, ""window"": 2250.0, ""span"": 180.0}"
2024-12-02 17:00:00,AMD,momentum,"momentum(n=4,rearm=27)",BUY_NOW,down,0.5,fast,3,0.2789999999999999,"{""n"": 4, ""rearm"": 27, ""_feasible"": true, ""_n_feasible"": 6, ""_score"": 1.2097}","{""streak"": 4.0, ""drop_pct"": -1.76056338028171}"
2024-12-13 19:00:00,AMD,momentum,"momentum(n=4,rearm=27)",BUY_NOW,down,0.5,fast,3,0.258,"{""n"": 4, ""rearm"": 27, ""_feasible"": true, ""_n_feasible"": 6, ""_score"": 1.2097}","{""streak"": 4.0, ""drop_pct"": -1.9011406844106515}"
2024-12-23 18:00:00,AMD,momentum,"momentum(n=4,rearm=27)",BUY_NOW,down,0.5,fast,3,0.2506,"{""n"": 4, ""rearm"": 27, ""_feasible"": true, ""_n_feasible"": 6, ""_score"": 1.2097}","{""streak"": 4.0, ""drop_pct"": -0.8604490159232259}"
2025-01-13 14:00:00,AMD,reversal,"reversal(max_days_since_min=180,rearm=27,rise_bps=50,window=540)",WINDOW_CLOSING,up,1.0,slow,3,0.256975,"{""window"": 540, ""rise_bps"": 50, ""max_days_since_min"": 180, ""rearm"": 27, ""_feasible"": true, ""_n_feasible"": 4, ""_score"": 0.9648}","{""rise_pct"": 2.9959919839679383, ""min_rate"": 0.2495, ""days_since_min"": 127.0, ""window"": 540.0}"
2025-01-16 15:00:00,AMD,reversal,"reversal(max_days_since_min=180,rearm=27,rise_bps=50,window=540)",WINDOW_CLOSING,up,1.0,slow,3,0.256,"{""window"": 540, ""rise_bps"": 50, ""max_days_since_min"": 180, ""rearm"": 27, ""_feasible"": true, ""_n_feasible"": 4, ""_score"": 0.9648}","{""rise_pct"": 2.605210420841675, ""min_rate"": 0.2495, ""days_since_min"": 154.0, ""window"": 540.0}"
2025-01-21 18:00:00,AMD,dip_vs_trend,"dip_vs_trend(pct=0.05,rearm=27,span=720,window=1080)",BUY_NOW,down,0.0,medium,3,0.255,"{""span"": 720, ""window"": 1080, ""pct"": 0.05, ""rearm"": 27, ""_feasible"": true, ""_n_feasible"": 19, ""_score"": 1.051}","{""dev_pct"": -2.5258597142191808, ""pct_rank"": 0.05, ""window"": 1080.0, ""span"": 720.0}"
2025-01-22 13:00:00,AMD,momentum,"momentum(n=4,rearm=27)",BUY_NOW,down,0.5,fast,3,0.2525,"{""n"": 4, ""rearm"": 27, ""_feasible"": true, ""_n_feasible"": 6, ""_score"": 1.2097}","{""streak"": 4.0, ""drop_pct"": -1.3575544486766344}"
2025-01-27 11:00:00,AMD,dip_vs_trend,"dip_vs_trend(pct=0.05,rearm=27,span=720,window=1080)",BUY_NOW,down,0.09259259259259256,medium,3,0.2561,"{""span"": 720, ""window"": 1080, ""pct"": 0.05, ""rearm"": 27, ""_feasible"": true, ""_n_feasible"": 19, ""_score"": 1.051}","{""dev_pct"": -2.3131180526197115, ""pct_rank"": 0.04537037037037037, ""window"": 1080.0, ""span"": 720.0}"
2025-01-29 16:00:00,AMD,momentum,"momentum(n=4,rearm=27)",BUY_NOW,down,0.5,fast,3,0.2482,"{""n"": 4, ""rearm"": 27, ""_feasible"": true, ""_n_feasible"": 6, ""_score"": 1.2097}","{""streak"": 4.0, ""drop_pct"": -2.6189308484551255}"
2025-01-30 11:00:00,AMD,reversal,"reversal(max_days_since_min=180,rearm=27,rise_bps=50,window=540)",WINDOW_CLOSING,up,0.6043513295728831,slow,3,0.2496999999999999,"{""window"": 540, ""rise_bps"": 50, ""max_days_since_min"": 180, ""rearm"": 27, ""_feasible"": true, ""_n_feasible"": 4, ""_score"": 0.9648}","{""rise_pct"": 0.6043513295728831, ""min_rate"": 0.2482, ""days_since_min"": 4.0, ""window"": 540.0}"
2025-01-30 13:00:00,AMD,dip_vs_trend,"dip_vs_trend(pct=0.05,rearm=27,span=720,window=1080)",BUY_NOW,down,0.8703703703703703,medium,3,0.249,"{""span"": 720, ""window"": 1080, ""pct"": 0.05, ""rearm"": 27, ""_feasible"": true, ""_n_feasible"": 19, ""_score"": 1.051}","{""dev_pct"": -5.049489140511964, ""pct_rank"": 0.006481481481481481, ""window"": 1080.0, ""span"": 720.0}"
2025-02-04 11:00:00,AMD,reversal,"reversal(max_days_since_min=180,rearm=27,rise_bps=50,window=540)",WINDOW_CLOSING,up,1.0,slow,3,0.248575,"{""window"": 540, ""rise_bps"": 50, ""max_days_since_min"": 180, ""rearm"": 27, ""_feasible"": true, ""_n_feasible"": 4, ""_score"": 0.9648}","{""rise_pct"": 1.0364800325170176, ""min_rate"": 0.246025, ""days_since_min"": 19.0, ""window"": 540.0}"
2025-02-04 13:00:00,AMD,dip_vs_trend,"dip_vs_trend(pct=0.05,rearm=27,span=720,window=1080)",BUY_NOW,down,0.37037037037037046,medium,3,0.2498999999999999,"{""span"": 720, ""window"": 1080, ""pct"": 0.05, ""rearm"": 27, ""_feasible"": true, ""_n_feasible"": 19, ""_score"": 1.051}","{""dev_pct"": -4.553948664752349, ""pct_rank"": 0.03148148148148148, ""window"": 1080.0, ""span"": 720.0}"
2025-02-06 11:00:00,AMD,momentum,"momentum(n=4,rearm=27)",BUY_NOW,down,0.5,fast,3,0.246975,"{""n"": 4, ""rearm"": 27, ""_feasible"": true, ""_n_feasible"": 6, ""_score"": 1.2097}","{""streak"": 4.0, ""drop_pct"": -0.5736714975845492}"
2025-02-07 11:00:00,AMD,reversal,"reversal(max_days_since_min=180,rearm=27,rise_bps=50,window=540)",WINDOW_CLOSING,up,1.0,slow,3,0.2495,"{""window"": 540, ""rise_bps"": 50, ""max_days_since_min"": 180, ""rearm"": 27, ""_feasible"": true, ""_n_feasible"": 4, ""_score"": 0.9648}","{""rise_pct"": 1.6293279022403295, ""min_rate"": 0.2455, ""days_since_min"": 5.0, ""window"": 540.0}"
2025-02-07 13:00:00,AMD,dip_vs_trend,"dip_vs_trend(pct=0.05,rearm=27,span=720,window=1080)",BUY_NOW,down,0.35185185185185197,medium,3,0.248,"{""span"": 720, ""window"": 1080, ""pct"": 0.05, ""rearm"": 27, ""_feasible"": true, ""_n_feasible"": 19, ""_score"": 1.051}","{""dev_pct"": -5.033463126074911, ""pct_rank"": 0.032407407407407406, ""window"": 1080.0, ""span"": 720.0}"
2025-02-12 14:00:00,AMD,dip_vs_trend,"dip_vs_trend(pct=0.05,rearm=27,span=720,window=1080)",BUY_NOW,down,0.9814814814814815,medium,3,0.24,"{""span"": 720, ""window"": 1080, ""pct"": 0.05, ""rearm"": 27, ""_feasible"": true, ""_n_feasible"": 19, ""_score"": 1.051}","{""dev_pct"": -8.007120397943757, ""pct_rank"": 0.000925925925925926, ""window"": 1080.0, ""span"": 720.0}"
2025-02-12 14:00:00,AMD,level,"level(pct=0.15,rearm=27,stall_days=0,window=1080)",BUY_NOW,down,0.16666666666666663,medium,3,0.24,"{""window"": 1080, ""pct"": 0.15, ""stall_days"": 0, ""rearm"": 27, ""_feasible"": true, ""_n_feasible"": 23, ""_score"": 1.1365}","{""pct_rank"": 0.125, ""window"": 1080.0, ""days_since_min"": 989.0}"
2025-02-12 16:00:00,AMD,reversal,"reversal(max_days_since_min=180,rearm=27,rise_bps=50,window=540)",WINDOW_CLOSING,up,0.7916666666666794,slow,3,0.2419,"{""window"": 540, ""rise_bps"": 50, ""max_days_since_min"": 180, ""rearm"": 27, ""_feasible"": true, ""_n_feasible"": 4, ""_score"": 0.9648}","{""rise_pct"": 0.7916666666666794, ""min_rate"": 0.24, ""days_since_min"": 2.0, ""window"": 540.0}"
2025-02-13 13:00:00,AMD,momentum,"momentum(n=4,rearm=27)",BUY_NOW,down,0.5,fast,3,0.238,"{""n"": 4, ""rearm"": 27, ""_feasible"": true, ""_n_feasible"": 6, ""_score"": 1.2097}","{""streak"": 4.0, ""drop_pct"": -1.6427316871577724}"
2025-02-17 12:00:00,AMD,dip_vs_trend,"dip_vs_trend(pct=0.05,rearm=27,span=720,window=1080)",BUY_NOW,down,0.7037037037037037,medium,3,0.2375,"{""span"": 720, ""window"": 1080, ""pct"": 0.05, ""rearm"": 27, ""_feasible"": true, ""_n_feasible"": 19, ""_score"": 1.051}","{""dev_pct"": -8.70752681082424, ""pct_rank"": 0.014814814814814815, ""window"": 1080.0, ""span"": 720.0}"
2025-02-17 12:00:00,AMD,level,"level(pct=0.15,rearm=27,stall_days=0,window=1080)",BUY_NOW,down,0.5925925925925926,medium,3,0.2375,"{""window"": 1080, ""pct"": 0.15, ""stall_days"": 0, ""rearm"": 27, ""_feasible"": true, ""_n_feasible"": 23, ""_score"": 1.1365}","{""pct_rank"": 0.06111111111111111, ""window"": 1080.0, ""days_since_min"": 1016.0}"
2025-02-17 14:00:00,AMD,reversal,"reversal(max_days_since_min=180,rearm=27,rise_bps=50,window=540)",WINDOW_CLOSING,up,1.0,slow,3,0.2375,"{""window"": 540, ""rise_bps"": 50, ""max_days_since_min"": 180, ""rearm"": 27, ""_feasible"": true, ""_n_feasible"": 4, ""_score"": 0.9648}","{""rise_pct"": 1.6151460049203203, ""min_rate"": 0.233725, ""days_since_min"": 10.0, ""window"": 540.0}"
2025-02-19 16:00:00,AMD,momentum,"momentum(n=4,rearm=27)",BUY_NOW,down,0.5,fast,3,0.2352,"{""n"": 4, ""rearm"": 27, ""_feasible"": true, ""_n_feasible"": 6, ""_score"": 1.2097}","{""streak"": 4.0, ""drop_pct"": -1.17647058823529}"
2025-02-20 12:00:00,AMD,dip_vs_trend,"dip_vs_trend(pct=0.05,rearm=27,span=720,window=1080)",BUY_NOW,down,0.9814814814814815,medium,3,0.2312999999999999,"{""span"": 720, ""window"": 1080, ""pct"": 0.05, ""rearm"": 27, ""_feasible"": true, ""_n_feasible"": 19, ""_score"": 1.051}","{""dev_pct"": -10.5586459411668, ""pct_rank"": 0.000925925925925926, ""window"": 1080.0, ""span"": 720.0}"
2025-02-20 12:00:00,AMD,level,"level(pct=0.15,rearm=27,stall_days=0,window=1080)",BUY_NOW,down,0.9876543209876543,medium,3,0.2312999999999999,"{""window"": 1080, ""pct"": 0.15, ""stall_days"": 0, ""rearm"": 27, ""_feasible"": true, ""_n_feasible"": 23, ""_score"": 1.1365}","{""pct_rank"": 0.001851851851851852, ""window"": 1080.0, ""days_since_min"": 1043.0}"
2025-02-20 16:00:00,AMD,reversal,"reversal(max_days_since_min=180,rearm=27,rise_bps=50,window=540)",WINDOW_CLOSING,up,0.7359307359307232,slow,3,0.2327,"{""window"": 540, ""rise_bps"": 50, ""max_days_since_min"": 180, ""rearm"": 27, ""_feasible"": true, ""_n_feasible"": 4, ""_score"": 0.9648}","{""rise_pct"": 0.7359307359307232, ""min_rate"": 0.231, ""days_since_min"": 2.0, ""window"": 540.0}"
2025-02-25 12:00:00,AMD,dip_vs_trend,"dip_vs_trend(pct=0.05,rearm=27,span=720,window=1080)",BUY_NOW,down,0.9074074074074074,medium,3,0.2275,"{""span"": 720, ""window"": 1080, ""pct"": 0.05, ""rearm"": 27, ""_feasible"": true, ""_n_feasible"": 19, ""_score"": 1.051}","{""dev_pct"": -11.479484235593185, ""pct_rank"": 0.004629629629629629, ""window"": 1080.0, ""span"": 720.0}"
2025-02-25 12:00:00,AMD,level,"level(pct=0.15,rearm=27,stall_days=0,window=1080)",BUY_NOW,down,0.9691358024691358,medium,3,0.2275,"{""window"": 1080, ""pct"": 0.15, ""stall_days"": 0, ""rearm"": 27, ""_feasible"": true, ""_n_feasible"": 23, ""_score"": 1.1365}","{""pct_rank"": 0.004629629629629629, ""window"": 1080.0, ""days_since_min"": 1.0}"
2025-02-26 11:00:00,AMD,reversal,"reversal(max_days_since_min=180,rearm=27,rise_bps=50,window=540)",WINDOW_CLOSING,up,1.0,slow,3,0.225375,"{""window"": 540, ""rise_bps"": 50, ""max_days_since_min"": 180, ""rearm"": 27, ""_feasible"": true, ""_n_feasible"": 4, ""_score"": 0.9648}","{""rise_pct"": 1.2921348314606673, ""min_rate"": 0.2225, ""days_since_min"": 4.0, ""window"": 540.0}"
2025-02-26 17:00:00,AMD,momentum,"momentum(n=4,rearm=27)",BUY_NOW,down,0.5,fast,3,0.222125,"{""n"": 4, ""rearm"": 27, ""_feasible"": true, ""_n_feasible"": 6, ""_score"": 1.2097}","{""streak"": 4.0, ""drop_pct"": -1.2777777777777888}"
2025-02-28 10:00:00,AMD,dip_vs_trend,"dip_vs_trend(pct=0.05,rearm=27,span=720,window=1080)",BUY_NOW,down,0.2222222222222222,medium,3,0.227675,"{""span"": 720, ""window"": 1080, ""pct"": 0.05, ""rearm"": 27, ""_feasible"": true, ""_n_feasible"": 19, ""_score"": 1.051}","{""dev_pct"": -10.846478763317535, ""pct_rank"": 0.03888888888888889, ""window"": 1080.0, ""span"": 720.0}"
2025-02-28 10:00:00,AMD,level,"level(pct=0.15,rearm=27,stall_days=0,window=1080)",BUY_NOW,down,0.8024691358024691,medium,3,0.227675,"{""window"": 1080, ""pct"": 0.15, ""stall_days"": 0, ""rearm"": 27, ""_feasible"": true, ""_n_feasible"": 23, ""_score"": 1.1365}","{""pct_rank"": 0.02962962962962963, ""window"": 1080.0, ""days_since_min"": 13.0}"
2025-02-28 18:00:00,AMD,reversal,"reversal(max_days_since_min=180,rearm=27,rise_bps=50,window=540)",WINDOW_CLOSING,up,1.0,slow,3,0.226,"{""window"": 540, ""rise_bps"": 50, ""max_days_since_min"": 180, ""rearm"": 27, ""_feasible"": true, ""_n_feasible"": 4, ""_score"": 0.9648}","{""rise_pct"": 1.7445132245357486, ""min_rate"": 0.222125, ""days_since_min"": 21.0, ""window"": 540.0}"
2025-03-04 19:00:00,AMD,level,"level(pct=0.15,rearm=27,stall_days=0,window=1080)",BUY_NOW,down,0.728395061728395,medium,3,0.2274749999999999,"{""window"": 1080, ""pct"": 0.15, ""stall_days"": 0, ""rearm"": 27, ""_feasible"": true, ""_n_feasible"": 23, ""_score"": 1.1365}","{""pct_rank"": 0.040740740740740744, ""window"": 1080.0, ""days_since_min"": 40.0}"
2025-03-05 18:00:00,AMD,reversal,"reversal(max_days_since_min=180,rearm=27,rise_bps=50,window=540)",WINDOW_CLOSING,up,1.0,slow,3,0.228225,"{""window"": 540, ""rise_bps"": 50, ""max_days_since_min"": 180, ""rearm"": 27, ""_feasible"": true, ""_n_feasible"": 4, ""_score"": 0.9648}","{""rise_pct"": 2.74620146314013, ""min_rate"": 0.222125, ""days_since_min"": 48.0, ""window"": 540.0}"
2025-03-07 19:00:00,AMD,level,"level(pct=0.15,rearm=27,stall_days=0,window=1080)",BUY_NOW,down,0.5493827160493827,medium,3,0.228,"{""window"": 1080, ""pct"": 0.15, ""stall_days"": 0, ""rearm"": 27, ""_feasible"": true, ""_n_feasible"": 23, ""_score"": 1.1365}","{""pct_rank"": 0.06759259259259259, ""window"": 1080.0, ""days_since_min"": 67.0}"
2025-03-10 12:00:00,AMD,dip_vs_trend,"dip_vs_trend(pct=0.05,rearm=27,span=720,window=1080)",BUY_NOW,down,0.18518518518518512,medium,3,0.224725,"{""span"": 720, ""window"": 1080, ""pct"": 0.05, ""rearm"": 27, ""_feasible"": true, ""_n_feasible"": 19, ""_score"": 1.051}","{""dev_pct"": -11.138400230883526, ""pct_rank"": 0.040740740740740744, ""window"": 1080.0, ""span"": 720.0}"
2025-03-10 17:00:00,AMD,reversal,"reversal(max_days_since_min=180,rearm=27,rise_bps=50,window=540)",WINDOW_CLOSING,up,1.0,slow,3,0.225,"{""window"": 540, ""rise_bps"": 50, ""max_days_since_min"": 180, ""rearm"": 27, ""_feasible"": true, ""_n_feasible"": 4, ""_score"": 0.9648}","{""rise_pct"": 1.294316263365225, ""min_rate"": 0.222125, ""days_since_min"": 75.0, ""window"": 540.0}"
2025-03-11 11:00:00,AMD,momentum,"momentum(n=4,rearm=27)",BUY_NOW,down,0.5,fast,3,0.2225,"{""n"": 4, ""rearm"": 27, ""_feasible"": true, ""_n_feasible"": 6, ""_score"": 1.2097}","{""streak"": 4.0, ""drop_pct"": -1.5486725663716783}"
2025-03-12 18:00:00,AMD,level,"level(pct=0.15,rearm=27,stall_days=0,window=1080)",BUY_NOW,down,0.8518518518518519,medium,3,0.2235,"{""window"": 1080, ""pct"": 0.15, ""stall_days"": 0, ""rearm"": 27, ""_feasible"": true, ""_n_feasible"": 23, ""_score"": 1.1365}","{""pct_rank"": 0.022222222222222223, ""window"": 1080.0, ""days_since_min"": 8.0}"
2025-03-13 12:00:00,AMD,dip_vs_trend,"dip_vs_trend(pct=0.05,rearm=27,span=720,window=1080)",BUY_NOW,down,0.09259259259259256,medium,3,0.223,"{""span"": 720, ""window"": 1080, ""pct"": 0.05, ""rearm"": 27, ""_feasible"": true, ""_n_feasible"": 19, ""_score"": 1.051}","{""dev_pct"": -11.341016817376627, ""pct_rank"": 0.04537037037037037, ""window"": 1080.0, ""span"": 720.0}"
2025-03-13 17:00:00,AMD,reversal,"reversal(max_days_since_min=180,rearm=27,rise_bps=50,window=540)",WINDOW_CLOSING,up,0.5554296077986409,slow,3,0.2217749999999999,"{""window"": 540, ""rise_bps"": 50, ""max_days_since_min"": 180, ""rearm"": 27, ""_feasible"": true, ""_n_feasible"": 4, ""_score"": 0.9648}","{""rise_pct"": 0.5554296077986409, ""min_rate"": 0.22055, ""days_since_min"": 16.0, ""window"": 540.0}"
2025-03-17 18:00:00,AMD,level,"level(pct=0.15,rearm=27,stall_days=0,window=1080)",BUY_NOW,down,0.9506172839506173,medium,3,0.218675,"{""window"": 1080, ""pct"": 0.15, ""stall_days"": 0, ""rearm"": 27, ""_feasible"": true, ""_n_feasible"": 23, ""_score"": 1.1365}","{""pct_rank"": 0.007407407407407408, ""window"": 1080.0, ""days_since_min"": 5.0}"
2025-03-18 12:00:00,AMD,dip_vs_trend,"dip_vs_trend(pct=0.05,rearm=27,span=720,window=1080)",BUY_NOW,down,0.962962962962963,medium,3,0.213,"{""span"": 720, ""window"": 1080, ""pct"": 0.05, ""rearm"": 27, ""_feasible"": true, ""_n_feasible"": 19, ""_score"": 1.051}","{""dev_pct"": -14.738718453888723, ""pct_rank"": 0.001851851851851852, ""window"": 1080.0, ""span"": 720.0}"
2025-03-19 11:00:00,AMD,reversal,"reversal(max_days_since_min=180,rearm=27,rise_bps=50,window=540)",WINDOW_CLOSING,up,0.9394081728510971,slow,3,0.2148999999999999,"{""window"": 540, ""rise_bps"": 50, ""max_days_since_min"": 180, ""rearm"": 27, ""_feasible"": true, ""_n_feasible"": 4, ""_score"": 0.9648}","{""rise_pct"": 0.9394081728510971, ""min_rate"": 0.2128999999999999, ""days_since_min"": 7.0, ""window"": 540.0}"
2025-03-21 11:00:00,AMD,level,"level(pct=0.15,rearm=27,stall_days=0,window=1080)",BUY_NOW,down,0.9444444444444444,medium,3,0.21405,"{""window"": 1080, ""pct"": 0.15, ""stall_days"": 0, ""rearm"": 27, ""_feasible"": true, ""_n_feasible"": 23, ""_score"": 1.1365}","{""pct_rank"": 0.008333333333333333, ""window"": 1080.0, ""days_since_min"": 23.0}"
2025-03-21 14:00:00,AMD,dip_vs_trend,"dip_vs_trend(pct=0.05,rearm=27,span=720,window=1080)",BUY_NOW,down,0.8333333333333334,medium,3,0.2126,"{""span"": 720, ""window"": 1080, ""pct"": 0.05, ""rearm"": 27, ""_feasible"": true, ""_n_feasible"": 19, ""_score"": 1.051}","{""dev_pct"": -14.24764806645874, ""pct_rank"": 0.008333333333333333, ""window"": 1080.0, ""span"": 720.0}"
2025-03-24 14:00:00,AMD,reversal,"reversal(max_days_since_min=180,rearm=27,rise_bps=50,window=540)",WINDOW_CLOSING,up,1.0,slow,3,0.22,"{""window"": 540, ""rise_bps"": 50, ""max_days_since_min"": 180, ""rearm"": 27, ""_feasible"": true, ""_n_feasible"": 4, ""_score"": 0.9648}","{""rise_pct"": 3.4807149576669745, ""min_rate"": 0.2126, ""days_since_min"": 8.0, ""window"": 540.0}"
2025-03-26 14:00:00,AMD,level,"level(pct=0.15,rearm=27,stall_days=0,window=1080)",BUY_NOW,down,0.7469135802469136,medium,3,0.217,"{""window"": 1080, ""pct"": 0.15, ""stall_days"": 0, ""rearm"": 27, ""_feasible"": true, ""_n_feasible"": 23, ""_score"": 1.1365}","{""pct_rank"": 0.03796296296296296, ""window"": 1080.0, ""days_since_min"": 24.0}"
2025-03-26 17:00:00,AMD,momentum,"momentum(n=4,rearm=27)",BUY_NOW,down,0.5,fast,3,0.216,"{""n"": 4, ""rearm"": 27, ""_feasible"": true, ""_n_feasible"": 6, ""_score"": 1.2097}","{""streak"": 4.0, ""drop_pct"": -1.807023525400564}"
2025-03-26 18:00:00,AMD,dip_vs_trend,"dip_vs_trend(pct=0.05,rearm=27,span=720,window=1080)",BUY_NOW,down,0.14814814814814825,medium,3,0.214725,"{""span"": 720, ""window"": 1080, ""pct"": 0.05, ""rearm"": 27, ""_feasible"": true, ""_n_feasible"": 19, ""_score"": 1.051}","{""dev_pct"": -12.607776224535183, ""pct_rank"": 0.04259259259259259, ""window"": 1080.0, ""span"": 720.0}"
2025-03-27 17:00:00,AMD,reversal,"reversal(max_days_since_min=180,rearm=27,rise_bps=50,window=540)",WINDOW_CLOSING,up,1.0,slow,3,0.215475,"{""window"": 540, ""rise_bps"": 50, ""max_days_since_min"": 180, ""rearm"": 27, ""_feasible"": true, ""_n_feasible"": 4, ""_score"": 0.9648}","{""rise_pct"": 1.352304797742243, ""min_rate"": 0.2126, ""days_since_min"": 35.0, ""window"": 540.0}"
2025-03-31 16:00:00,AMD,level,"level(pct=0.15,rearm=27,stall_days=0,window=1080)",BUY_NOW,down,0.8024691358024691,medium,3,0.2151,"{""window"": 1080, ""pct"": 0.15, ""stall_days"": 0, ""rearm"": 27, ""_feasible"": true, ""_n_feasible"": 23, ""_score"": 1.1365}","{""pct_rank"": 0.02962962962962963, ""window"": 1080.0, ""days_since_min"": 51.0}"
2025-04-01 18:00:00,AMD,reversal,"reversal(max_days_since_min=180,rearm=27,rise_bps=50,window=540)",WINDOW_CLOSING,up,1.0,slow,3,0.216775,"{""window"": 540, ""rise_bps"": 50, ""max_days_since_min"": 180, ""rearm"": 27, ""_feasible"": true, ""_n_feasible"": 4, ""_score"": 0.9648}","{""rise_pct"": 1.9637817497648147, ""min_rate"": 0.2126, ""days_since_min"": 62.0, ""window"": 540.0}"
2025-04-03 16:00:00,AMD,level,"level(pct=0.15,rearm=27,stall_days=0,window=1080)",BUY_NOW,down,0.7345679012345678,medium,3,0.21585,"{""window"": 1080, ""pct"": 0.15, ""stall_days"": 0, ""rearm"": 27, ""_feasible"": true, ""_n_feasible"": 23, ""_score"": 1.1365}","{""pct_rank"": 0.03981481481481482, ""window"": 1080.0, ""days_since_min"": 78.0}"
2025-04-04 18:00:00,AMD,reversal,"reversal(max_days_since_min=180,rearm=27,rise_bps=50,window=540)",WINDOW_CLOSING,up,1.0,slow,3,0.2178999999999999,"{""window"": 540, ""rise_bps"": 50, ""max_days_since_min"": 180, ""rearm"": 27, ""_feasible"": true, ""_n_feasible"": 4, ""_score"": 0.9648}","{""rise_pct"": 2.4929444967073833, ""min_rate"": 0.2126, ""days_since_min"": 89.0, ""window"": 540.0}"
2025-04-08 16:00:00,AMD,level,"level(pct=0.15,rearm=27,stall_days=0,window=1080)",BUY_NOW,down,0.7654320987654321,medium,3,0.215,"{""window"": 1080, ""pct"": 0.15, ""stall_days"": 0, ""rearm"": 27, ""_feasible"": true, ""_n_feasible"": 23, ""_score"": 1.1365}","{""pct_rank"": 0.03518518518518519, ""window"": 1080.0, ""days_since_min"": 105.0}"
2025-04-09 18:00:00,AMD,reversal,"reversal(max_days_since_min=180,rearm=27,rise_bps=50,window=540)",WINDOW_CLOSING,up,1.0,slow,3,0.21475,"{""window"": 540, ""rise_bps"": 50, ""max_days_since_min"": 180, ""rearm"": 27, ""_feasible"": true, ""_n_feasible"": 4, ""_score"": 0.9648}","{""rise_pct"": 1.0112888052681068, ""min_rate"": 0.2126, ""days_since_min"": 116.0, ""window"": 540.0}"
2025-04-11 17:00:00,AMD,level,"level(pct=0.15,rearm=27,stall_days=0,window=1080)",BUY_NOW,down,0.9197530864197531,medium,3,0.213775,"{""window"": 1080, ""pct"": 0.15, ""stall_days"": 0, ""rearm"": 27, ""_feasible"": true, ""_n_feasible"": 23, ""_score"": 1.1365}","{""pct_rank"": 0.012037037037037037, ""window"": 1080.0, ""days_since_min"": 132.0}"
2025-04-14 19:00:00,AMD,reversal,"reversal(max_days_since_min=180,rearm=27,rise_bps=50,window=540)",WINDOW_CLOSING,up,0.587958607714012,slow,3,0.21385,"{""window"": 540, ""rise_bps"": 50, ""max_days_since_min"": 180, ""rearm"": 27, ""_feasible"": true, ""_n_feasible"": 4, ""_score"": 0.9648}","{""rise_pct"": 0.587958607714012, ""min_rate"": 0.2126, ""days_since_min"": 143.0, ""window"": 540.0}"
2025-04-16 18:00:00,AMD,level,"level(pct=0.15,rearm=27,stall_days=0,window=1080)",BUY_NOW,down,0.45679012345679004,medium,3,0.215225,"{""window"": 1080, ""pct"": 0.15, ""stall_days"": 0, ""rearm"": 27, ""_feasible"": true, ""_n_feasible"": 23, ""_score"": 1.1365}","{""pct_rank"": 0.08148148148148149, ""window"": 1080.0, ""days_since_min"": 160.0}"
2025-04-18 11:00:00,AMD,reversal,"reversal(max_days_since_min=180,rearm=27,rise_bps=50,window=540)",WINDOW_CLOSING,up,1.0,slow,3,0.214875,"{""window"": 540, ""rise_bps"": 50, ""max_days_since_min"": 180, ""rearm"": 27, ""_feasible"": true, ""_n_feasible"": 4, ""_score"": 0.9648}","{""rise_pct"": 1.0700846660395058, ""min_rate"": 0.2126, ""days_since_min"": 170.0, ""window"": 540.0}"
2025-04-22 12:00:00,AMD,level,"level(pct=0.15,rearm=27,stall_days=0,window=1080)",BUY_NOW,down,0.48765432098765427,medium,3,0.2148999999999999,"{""window"": 1080, ""pct"": 0.15, ""stall_days"": 0, ""rearm"": 27, ""_feasible"": true, ""_n_feasible"": 23, ""_score"": 1.1365}","{""pct_rank"": 0.07685185185185185, ""window"": 1080.0, ""days_since_min"": 187.0}"
2025-04-25 13:00:00,AMD,level,"level(pct=0.15,rearm=27,stall_days=0,window=1080)",BUY_NOW,down,0.9320987654320988,medium,3,0.213175,"{""window"": 1080, ""pct"": 0.15, ""stall_days"": 0, ""rearm"": 27, ""_feasible"": true, ""_n_feasible"": 23, ""_score"": 1.1365}","{""pct_rank"": 0.010185185185185186, ""window"": 1080.0, ""days_since_min"": 214.0}"
2025-04-29 15:00:00,AMD,reversal,"reversal(max_days_since_min=180,rearm=27,rise_bps=50,window=540)",WINDOW_CLOSING,up,0.7081132981277437,slow,3,0.209775,"{""window"": 540, ""rise_bps"": 50, ""max_days_since_min"": 180, ""rearm"": 27, ""_feasible"": true, ""_n_feasible"": 4, ""_score"": 0.9648}","{""rise_pct"": 0.7081132981277437, ""min_rate"": 0.2082999999999999, ""days_since_min"": 2.0, ""window"": 540.0}"
2025-04-30 13:00:00,AMD,level,"level(pct=0.15,rearm=27,stall_days=0,window=1080)",BUY_NOW,down,0.9938271604938271,medium,3,0.208075,"{""window"": 1080, ""pct"": 0.15, ""stall_days"": 0, ""rearm"": 27, ""_feasible"": true, ""_n_feasible"": 23, ""_score"": 1.1365}","{""pct_rank"": 0.000925925925925926, ""window"": 1080.0, ""days_since_min"": 0.0}"
2025-05-06 11:00:00,AMD,reversal,"reversal(max_days_since_min=180,rearm=27,rise_bps=50,window=540)",WINDOW_CLOSING,up,1.0,slow,3,0.2098999999999999,"{""window"": 540, ""rise_bps"": 50, ""max_days_since_min"": 180, ""rearm"": 27, ""_feasible"": true, ""_n_feasible"": 4, ""_score"": 0.9648}","{""rise_pct"": 1.831412977562108, ""min_rate"": 0.206125, ""days_since_min"": 3.0, ""window"": 540.0}"
2025-05-06 13:00:00,AMD,level,"level(pct=0.15,rearm=27,stall_days=0,window=1080)",BUY_NOW,down,0.9444444444444444,medium,3,0.2075,"{""window"": 1080, ""pct"": 0.15, ""stall_days"": 0, ""rearm"": 27, ""_feasible"": true, ""_n_feasible"": 23, ""_score"": 1.1365}","{""pct_rank"": 0.008333333333333333, ""window"": 1080.0, ""days_since_min"": 5.0}"
2025-05-12 16:00:00,AMD,reversal,"reversal(max_days_since_min=180,rearm=27,rise_bps=50,window=540)",WINDOW_CLOSING,up,0.90964220739842,slow,3,0.208,"{""window"": 540, ""rise_bps"": 50, ""max_days_since_min"": 180, ""rearm"": 27, ""_feasible"": true, ""_n_feasible"": 4, ""_score"": 0.9648}","{""rise_pct"": 0.90964220739842, ""min_rate"": 0.206125, ""days_since_min"": 31.0, ""window"": 540.0}"
2025-05-12 17:00:00,AMD,level,"level(pct=0.15,rearm=27,stall_days=0,window=1080)",BUY_NOW,down,0.7901234567901234,medium,3,0.2085,"{""window"": 1080, ""pct"": 0.15, ""stall_days"": 0, ""rearm"": 27, ""_feasible"": true, ""_n_feasible"": 23, ""_score"": 1.1365}","{""pct_rank"": 0.03148148148148148, ""window"": 1080.0, ""days_since_min"": 32.0}"
2025-05-15 16:00:00,AMD,reversal,"reversal(max_days_since_min=180,rearm=27,rise_bps=50,window=540)",WINDOW_CLOSING,up,1.0,slow,3,0.2087,"{""window"": 540, ""rise_bps"": 50, ""max_days_since_min"": 180, ""rearm"": 27, ""_feasible"": true, ""_n_feasible"": 4, ""_score"": 0.9648}","{""rise_pct"": 1.2492419648271635, ""min_rate"": 0.206125, ""days_since_min"": 58.0, ""window"": 540.0}"
2025-05-15 17:00:00,AMD,level,"level(pct=0.15,rearm=27,stall_days=0,window=1080)",BUY_NOW,down,0.7716049382716049,medium,3,0.2080999999999999,"{""window"": 1080, ""pct"": 0.15, ""stall_days"": 0, ""rearm"": 27, ""_feasible"": true, ""_n_feasible"": 23, ""_score"": 1.1365}","{""pct_rank"": 0.03425925925925926, ""window"": 1080.0, ""days_since_min"": 59.0}"
2025-05-15 17:00:00,AMD,momentum,"momentum(n=4,rearm=27)",BUY_NOW,down,0.5,fast,3,0.2080999999999999,"{""n"": 4, ""rearm"": 27, ""_feasible"": true, ""_n_feasible"": 6, ""_score"": 1.2097}","{""streak"": 4.0, ""drop_pct"": -0.928350392763666}"
2025-05-20 14:00:00,AMD,reversal,"reversal(max_days_since_min=180,rearm=27,rise_bps=50,window=540)",WINDOW_CLOSING,up,1.0,slow,3,0.2085,"{""window"": 540, ""rise_bps"": 50, ""max_days_since_min"": 180, ""rearm"": 27, ""_feasible"": true, ""_n_feasible"": 4, ""_score"": 0.9648}","{""rise_pct"": 1.1522134627046654, ""min_rate"": 0.206125, ""days_since_min"": 85.0, ""window"": 540.0}"
2025-05-20 15:00:00,AMD,level,"level(pct=0.15,rearm=27,stall_days=0,window=1080)",BUY_NOW,down,0.6111111111111112,medium,3,0.208475,"{""window"": 1080, ""pct"": 0.15, ""stall_days"": 0, ""rearm"": 27, ""_feasible"": true, ""_n_feasible"": 23, ""_score"": 1.1365}","{""pct_rank"": 0.058333333333333334, ""window"": 1080.0, ""days_since_min"": 86.0}"
2025-05-23 17:00:00,AMD,reversal,"reversal(max_days_since_min=180,rearm=27,rise_bps=50,window=540)",WINDOW_CLOSING,up,1.0,slow,3,0.2108249999999999,"{""window"": 540, ""rise_bps"": 50, ""max_days_since_min"": 180, ""rearm"": 27, ""_feasible"": true, ""_n_feasible"": 4, ""_score"": 0.9648}","{""rise_pct"": 2.280169799878662, ""min_rate"": 0.206125, ""days_since_min"": 112.0, ""window"": 540.0}"
2025-05-23 18:00:00,AMD,level,"level(pct=0.15,rearm=27,stall_days=0,window=1080)",BUY_NOW,down,0.5493827160493827,medium,3,0.2082,"{""window"": 1080, ""pct"": 0.15, ""stall_days"": 0, ""rearm"": 27, ""_feasible"": true, ""_n_feasible"": 23, ""_score"": 1.1365}","{""pct_rank"": 0.06759259259259259, ""window"": 1080.0, ""days_since_min"": 113.0}"
2025-05-28 18:00:00,AMD,level,"level(pct=0.15,rearm=27,stall_days=0,window=1080)",BUY_NOW,down,0.4506172839506173,medium,3,0.208425,"{""window"": 1080, ""pct"": 0.15, ""stall_days"": 0, ""rearm"": 27, ""_feasible"": true, ""_n_feasible"": 23, ""_score"": 1.1365}","{""pct_rank"": 0.0824074074074074, ""window"": 1080.0, ""days_since_min"": 140.0}"
2025-05-28 18:00:00,AMD,reversal,"reversal(max_days_since_min=180,rearm=27,rise_bps=50,window=540)",WINDOW_CLOSING,up,1.0,slow,3,0.208425,"{""window"": 540, ""rise_bps"": 50, ""max_days_since_min"": 180, ""rearm"": 27, ""_feasible"": true, ""_n_feasible"": 4, ""_score"": 0.9648}","{""rise_pct"": 1.1158277744087286, ""min_rate"": 0.206125, ""days_since_min"": 140.0, ""window"": 540.0}"
2025-06-02 18:00:00,AMD,level,"level(pct=0.15,rearm=27,stall_days=0,window=1080)",BUY_NOW,down,0.8950617283950617,medium,4,0.206775,"{""window"": 1080, ""pct"": 0.15, ""stall_days"": 0, ""rearm"": 27, ""_feasible"": true, ""_n_feasible"": 33, ""_score"": 1.4859}","{""pct_rank"": 0.01574074074074074, ""window"": 1080.0, ""days_since_min"": 15.0}"
2025-06-02 18:00:00,AMD,reversal,"reversal(max_days_since_min=180,rearm=27,rise_bps=50,window=1080)",WINDOW_CLOSING,up,0.6571741511500528,slow,4,0.206775,"{""window"": 1080, ""rise_bps"": 50, ""max_days_since_min"": 180, ""rearm"": 27, ""_feasible"": true, ""_n_feasible"": 10, ""_score"": 1.2451}","{""rise_pct"": 0.6571741511500528, ""min_rate"": 0.205425, ""days_since_min"": 15.0, ""window"": 1080.0}"
2025-06-05 17:00:00,AMD,level,"level(pct=0.15,rearm=27,stall_days=0,window=1080)",BUY_NOW,down,0.9629629629629629,medium,4,0.2048,"{""window"": 1080, ""pct"": 0.15, ""stall_days"": 0, ""rearm"": 27, ""_feasible"": true, ""_n_feasible"": 33, ""_score"": 1.4859}","{""pct_rank"": 0.005555555555555556, ""window"": 1080.0, ""days_since_min"": 10.0}"
2025-06-05 17:00:00,AMD,reversal,"reversal(max_days_since_min=180,rearm=27,rise_bps=50,window=1080)",WINDOW_CLOSING,up,0.6388206388206585,slow,4,0.2048,"{""window"": 1080, ""rise_bps"": 50, ""max_days_since_min"": 180, ""rearm"": 27, ""_feasible"": true, ""_n_feasible"": 10, ""_score"": 1.2451}","{""rise_pct"": 0.6388206388206585, ""min_rate"": 0.2035, ""days_since_min"": 10.0, ""window"": 1080.0}"
2025-06-10 17:00:00,AMD,reversal,"reversal(max_days_since_min=180,rearm=27,rise_bps=50,window=1080)",WINDOW_CLOSING,up,1.0,slow,4,0.209875,"{""window"": 1080, ""rise_bps"": 50, ""max_days_since_min"": 180, ""rearm"": 27, ""_feasible"": true, ""_n_feasible"": 10, ""_score"": 1.2451}","{""rise_pct"": 3.132678132678146, ""min_rate"": 0.2035, ""days_since_min"": 37.0, ""window"": 1080.0}"
2025-06-10 18:00:00,AMD,level,"level(pct=0.15,rearm=27,stall_days=0,window=1080)",BUY_NOW,down,0.1172839506172838,medium,4,0.2082,"{""window"": 1080, ""pct"": 0.15, ""stall_days"": 0, ""rearm"": 27, ""_feasible"": true, ""_n_feasible"": 33, ""_score"": 1.4859}","{""pct_rank"": 0.13240740740740742, ""window"": 1080.0, ""days_since_min"": 38.0}"
2025-06-16 19:00:00,AMD,reversal,"reversal(max_days_since_min=180,rearm=27,rise_bps=50,window=1080)",WINDOW_CLOSING,up,1.0,slow,4,0.2085,"{""window"": 1080, ""rise_bps"": 50, ""max_days_since_min"": 180, ""rearm"": 27, ""_feasible"": true, ""_n_feasible"": 10, ""_score"": 1.2451}","{""rise_pct"": 2.4570024570024662, ""min_rate"": 0.2035, ""days_since_min"": 64.0, ""window"": 1080.0}"
2025-06-17 12:00:00,AMD,level,"level(pct=0.15,rearm=27,stall_days=0,window=1080)",BUY_NOW,down,0.24691358024691357,medium,4,0.208,"{""window"": 1080, ""pct"": 0.15, ""stall_days"": 0, ""rearm"": 27, ""_feasible"": true, ""_n_feasible"": 33, ""_score"": 1.4859}","{""pct_rank"": 0.11296296296296296, ""window"": 1080.0, ""days_since_min"": 67.0}"
2025-06-20 14:00:00,AMD,level,"level(pct=0.15,rearm=27,stall_days=0,window=1080)",BUY_NOW,down,0.9444444444444444,medium,4,0.2042,"{""window"": 1080, ""pct"": 0.15, ""stall_days"": 0, ""rearm"": 27, ""_feasible"": true, ""_n_feasible"": 33, ""_score"": 1.4859}","{""pct_rank"": 0.008333333333333333, ""window"": 1080.0, ""days_since_min"": 94.0}"
2025-06-23 17:00:00,AMD,reversal,"reversal(max_days_since_min=180,rearm=27,rise_bps=50,window=1080)",WINDOW_CLOSING,up,0.7305596830113447,slow,4,0.2033749999999999,"{""window"": 1080, ""rise_bps"": 50, ""max_days_since_min"": 180, ""rearm"": 27, ""_feasible"": true, ""_n_feasible"": 10, ""_score"": 1.2451}","{""rise_pct"": 0.7305596830113447, ""min_rate"": 0.2019, ""days_since_min"": 3.0, ""window"": 1080.0}"
2025-06-25 12:00:00,AMD,level,"level(pct=0.15,rearm=27,stall_days=0,window=1080)",BUY_NOW,down,0.8395061728395061,medium,4,0.20355,"{""window"": 1080, ""pct"": 0.15, ""stall_days"": 0, ""rearm"": 27, ""_feasible"": true, ""_n_feasible"": 33, ""_score"": 1.4859}","{""pct_rank"": 0.024074074074074074, ""window"": 1080.0, ""days_since_min"": 11.0}"
2025-06-26 12:00:00,AMD,momentum,"momentum(n=4,rearm=27)",BUY_NOW,down,0.5,fast,4,0.2009,"{""n"": 4, ""rearm"": 27, ""_feasible"": true, ""_n_feasible"": 6, ""_score"": 1.3127}","{""streak"": 4.0, ""drop_pct"": -0.973505853357981}"
2025-06-26 16:00:00,AMD,reversal,"reversal(max_days_since_min=180,rearm=27,rise_bps=50,window=1080)",WINDOW_CLOSING,up,1.0,slow,4,0.2044,"{""window"": 1080, ""rise_bps"": 50, ""max_days_since_min"": 180, ""rearm"": 27, ""_feasible"": true, ""_n_feasible"": 10, ""_score"": 1.2451}","{""rise_pct"": 2.1872265966754068, ""min_rate"": 0.200025, ""days_since_min"": 24.0, ""window"": 1080.0}"
2025-06-30 12:00:00,AMD,level,"level(pct=0.15,rearm=27,stall_days=0,window=1080)",BUY_NOW,down,0.7222222222222222,medium,4,0.203,"{""window"": 1080, ""pct"": 0.15, ""stall_days"": 0, ""rearm"": 27, ""_feasible"": true, ""_n_feasible"": 33, ""_score"": 1.4859}","{""pct_rank"": 0.041666666666666664, ""window"": 1080.0, ""days_since_min"": 38.0}"
2025-07-01 16:00:00,AMD,reversal,"reversal(max_days_since_min=180,rearm=27,rise_bps=50,window=1080)",WINDOW_CLOSING,up,0.8373953255842892,slow,4,0.2017,"{""window"": 1080, ""rise_bps"": 50, ""max_days_since_min"": 180, ""rearm"": 27, ""_feasible"": true, ""_n_feasible"": 10, ""_score"": 1.2451}","{""rise_pct"": 0.8373953255842892, ""min_rate"": 0.200025, ""days_since_min"": 51.0, ""window"": 1080.0}"
2025-07-03 12:00:00,AMD,level,"level(pct=0.15,rearm=27,stall_days=0,window=1080)",BUY_NOW,down,0.9444444444444444,medium,4,0.2007,"{""window"": 1080, ""pct"": 0.15, ""stall_days"": 0, ""rearm"": 27, ""_feasible"": true, ""_n_feasible"": 33, ""_score"": 1.4859}","{""pct_rank"": 0.008333333333333333, ""window"": 1080.0, ""days_since_min"": 6.0}"
2025-07-04 17:00:00,AMD,reversal,"reversal(max_days_since_min=180,rearm=27,rise_bps=50,window=1080)",WINDOW_CLOSING,up,0.5897114178168072,slow,4,0.200425,"{""window"": 1080, ""rise_bps"": 50, ""max_days_since_min"": 180, ""rearm"": 27, ""_feasible"": true, ""_n_feasible"": 10, ""_score"": 1.2451}","{""rise_pct"": 0.5897114178168072, ""min_rate"": 0.19925, ""days_since_min"": 6.0, ""window"": 1080.0}"
2025-07-08 13:00:00,AMD,level,"level(pct=0.15,rearm=27,stall_days=0,window=1080)",BUY_NOW,down,0.8395061728395061,medium,4,0.200725,"{""window"": 1080, ""pct"": 0.15, ""stall_days"": 0, ""rearm"": 27, ""_feasible"": true, ""_n_feasible"": 33, ""_score"": 1.4859}","{""pct_rank"": 0.024074074074074074, ""window"": 1080.0, ""days_since_min"": 19.0}"
2025-07-09 18:00:00,AMD,reversal,"reversal(max_days_since_min=180,rearm=27,rise_bps=50,window=1080)",WINDOW_CLOSING,up,1.0,slow,4,0.2026,"{""window"": 1080, ""rise_bps"": 50, ""max_days_since_min"": 180, ""rearm"": 27, ""_feasible"": true, ""_n_feasible"": 10, ""_score"": 1.2451}","{""rise_pct"": 1.6813048933500552, ""min_rate"": 0.19925, ""days_since_min"": 33.0, ""window"": 1080.0}"
2025-07-11 13:00:00,AMD,momentum,"momentum(n=4,rearm=27)",BUY_NOW,down,0.5,fast,4,0.2014999999999999,"{""n"": 4, ""rearm"": 27, ""_feasible"": true, ""_n_feasible"": 6, ""_score"": 1.3127}","{""streak"": 4.0, ""drop_pct"": -1.1528084375767023}"
2025-07-11 15:00:00,AMD,level,"level(pct=0.15,rearm=27,stall_days=0,window=1080)",BUY_NOW,down,0.7098765432098766,medium,4,0.2010249999999999,"{""window"": 1080, ""pct"": 0.15, ""stall_days"": 0, ""rearm"": 27, ""_feasible"": true, ""_n_feasible"": 33, ""_score"": 1.4859}","{""pct_rank"": 0.04351851851851852, ""window"": 1080.0, ""days_since_min"": 46.0}"
2025-07-15 11:00:00,AMD,reversal,"reversal(max_days_since_min=180,rearm=27,rise_bps=50,window=1080)",WINDOW_CLOSING,up,1.0,slow,4,0.204475,"{""window"": 1080, ""rise_bps"": 50, ""max_days_since_min"": 180, ""rearm"": 27, ""_feasible"": true, ""_n_feasible"": 10, ""_score"": 1.2451}","{""rise_pct"": 2.622333751568373, ""min_rate"": 0.19925, ""days_since_min"": 60.0, ""window"": 1080.0}"
2025-07-16 15:00:00,AMD,level,"level(pct=0.15,rearm=27,stall_days=0,window=1080)",BUY_NOW,down,0.20987654320987648,medium,4,0.2030249999999999,"{""window"": 1080, ""pct"": 0.15, ""stall_days"": 0, ""rearm"": 27, ""_feasible"": true, ""_n_feasible"": 33, ""_score"": 1.4859}","{""pct_rank"": 0.11851851851851852, ""window"": 1080.0, ""days_since_min"": 73.0}"
2025-07-18 11:00:00,AMD,reversal,"reversal(max_days_since_min=180,rearm=27,rise_bps=50,window=1080)",WINDOW_CLOSING,up,1.0,slow,4,0.203425,"{""window"": 1080, ""rise_bps"": 50, ""max_days_since_min"": 180, ""rearm"": 27, ""_feasible"": true, ""_n_feasible"": 10, ""_score"": 1.2451}","{""rise_pct"": 2.095357590966107, ""min_rate"": 0.19925, ""days_since_min"": 87.0, ""window"": 1080.0}"
2025-07-21 16:00:00,AMD,level,"level(pct=0.15,rearm=27,stall_days=0,window=1080)",BUY_NOW,down,0.13580246913580252,medium,4,0.203075,"{""window"": 1080, ""pct"": 0.15, ""stall_days"": 0, ""rearm"": 27, ""_feasible"": true, ""_n_feasible"": 33, ""_score"": 1.4859}","{""pct_rank"": 0.12962962962962962, ""window"": 1080.0, ""days_since_min"": 100.0}"
2025-07-23 12:00:00,AMD,reversal,"reversal(max_days_since_min=180,rearm=27,rise_bps=50,window=1080)",WINDOW_CLOSING,up,1.0,slow,4,0.2020499999999999,"{""window"": 1080, ""rise_bps"": 50, ""max_days_since_min"": 180, ""rearm"": 27, ""_feasible"": true, ""_n_feasible"": 10, ""_score"": 1.2451}","{""rise_pct"": 1.4052697616059762, ""min_rate"": 0.19925, ""days_since_min"": 114.0, ""window"": 1080.0}"
2025-07-28 14:00:00,AMD,reversal,"reversal(max_days_since_min=180,rearm=27,rise_bps=50,window=1080)",WINDOW_CLOSING,up,1.0,slow,4,0.207,"{""window"": 1080, ""rise_bps"": 50, ""max_days_since_min"": 180, ""rearm"": 27, ""_feasible"": true, ""_n_feasible"": 10, ""_score"": 1.2451}","{""rise_pct"": 3.8895859473023764, ""min_rate"": 0.19925, ""days_since_min"": 141.0, ""window"": 1080.0}"
2025-07-29 15:00:00,AMD,momentum,"momentum(n=4,rearm=27)",BUY_NOW,down,0.5,fast,4,0.213,"{""n"": 4, ""rearm"": 27, ""_feasible"": true, ""_n_feasible"": 6, ""_score"": 1.3127}","{""streak"": 4.0, ""drop_pct"": -2.394317791270484}"
2025-07-31 13:00:00,AMD,reversal,"reversal(max_days_since_min=180,rearm=27,rise_bps=50,window=1080)",WINDOW_CLOSING,up,1.0,slow,4,0.21,"{""window"": 1080, ""rise_bps"": 50, ""max_days_since_min"": 180, ""rearm"": 27, ""_feasible"": true, ""_n_feasible"": 10, ""_score"": 1.2451}","{""rise_pct"": 5.395232120451676, ""min_rate"": 0.19925, ""days_since_min"": 168.0, ""window"": 1080.0}"
2025-08-04 17:00:00,AMD,momentum,"momentum(n=4,rearm=27)",BUY_NOW,down,0.5,fast,4,0.207625,"{""n"": 4, ""rearm"": 27, ""_feasible"": true, ""_n_feasible"": 6, ""_score"": 1.3127}","{""streak"": 4.0, ""drop_pct"": -2.2941176470588243}"
2025-08-07 16:00:00,AMD,momentum,"momentum(n=4,rearm=27)",BUY_NOW,down,0.5,fast,4,0.207025,"{""n"": 4, ""rearm"": 27, ""_feasible"": true, ""_n_feasible"": 6, ""_score"": 1.3127}","{""streak"": 4.0, ""drop_pct"": -1.1223880597015068}"
2025-08-29 18:00:00,AMD,momentum,"momentum(n=4,rearm=27)",BUY_NOW,down,0.5,fast,4,0.2091,"{""n"": 4, ""rearm"": 27, ""_feasible"": true, ""_n_feasible"": 6, ""_score"": 1.3127}","{""streak"": 4.0, ""drop_pct"": -1.239815798795607}"
2025-09-11 15:00:00,AMD,momentum,"momentum(n=4,rearm=27)",BUY_NOW,down,0.5,fast,4,0.2182,"{""n"": 4, ""rearm"": 27, ""_feasible"": true, ""_n_feasible"": 6, ""_score"": 1.3127}","{""streak"": 4.0, ""drop_pct"": -2.152466367713002}"
2025-09-17 15:00:00,AMD,momentum,"momentum(n=4,rearm=27)",BUY_NOW,down,0.5,fast,4,0.217025,"{""n"": 4, ""rearm"": 27, ""_feasible"": true, ""_n_feasible"": 6, ""_score"": 1.3127}","{""streak"": 4.0, ""drop_pct"": -0.90182648401822}"
2025-10-06 18:00:00,AMD,momentum,"momentum(n=4,rearm=27)",BUY_NOW,down,0.5,fast,4,0.2189999999999999,"{""n"": 4, ""rearm"": 27, ""_feasible"": true, ""_n_feasible"": 6, ""_score"": 1.3127}","{""streak"": 4.0, ""drop_pct"": -1.240135287485955}"
2025-10-21 13:00:00,AMD,momentum,"momentum(n=4,rearm=27)",BUY_NOW,down,0.5,fast,4,0.211525,"{""n"": 4, ""rearm"": 27, ""_feasible"": true, ""_n_feasible"": 6, ""_score"": 1.3127}","{""streak"": 4.0, ""drop_pct"": -1.5704979060027435}"
2025-11-12 15:00:00,AMD,momentum,"momentum(n=4,rearm=27)",BUY_NOW,down,0.5,fast,4,0.21255,"{""n"": 4, ""rearm"": 27, ""_feasible"": true, ""_n_feasible"": 6, ""_score"": 1.3127}","{""streak"": 4.0, ""drop_pct"": -1.3689095127610296}"
2025-12-02 15:00:00,AMD,level,"level(pct=0.3,rearm=27,stall_days=0,window=2250)",BUY_NOW,down,0.7525925925925926,medium,5,0.203125,"{""window"": 2250, ""pct"": 0.3, ""stall_days"": 0, ""rearm"": 27, ""_feasible"": true, ""_n_feasible"": 44, ""_score"": 1.4244}","{""pct_rank"": 0.07422222222222222, ""window"": 2250.0, ""days_since_min"": 946.0}"
2025-12-05 15:00:00,AMD,level,"level(pct=0.3,rearm=27,stall_days=0,window=2250)",BUY_NOW,down,0.9259259259259259,medium,5,0.201,"{""window"": 2250, ""pct"": 0.3, ""stall_days"": 0, ""rearm"": 27, ""_feasible"": true, ""_n_feasible"": 44, ""_score"": 1.4244}","{""pct_rank"": 0.022222222222222223, ""window"": 2250.0, ""days_since_min"": 973.0}"
2025-12-10 15:00:00,AMD,level,"level(pct=0.3,rearm=27,stall_days=0,window=2250)",BUY_NOW,down,0.8059259259259259,medium,5,0.2020499999999999,"{""window"": 2250, ""pct"": 0.3, ""stall_days"": 0, ""rearm"": 27, ""_feasible"": true, ""_n_feasible"": 44, ""_score"": 1.4244}","{""pct_rank"": 0.058222222222222224, ""window"": 2250.0, ""days_since_min"": 1000.0}"
2025-12-15 15:00:00,AMD,level,"level(pct=0.3,rearm=27,stall_days=0,window=2250)",BUY_NOW,down,0.3155555555555555,medium,5,0.206975,"{""window"": 2250, ""pct"": 0.3, ""stall_days"": 0, ""rearm"": 27, ""_feasible"": true, ""_n_feasible"": 44, ""_score"": 1.4244}","{""pct_rank"": 0.20533333333333334, ""window"": 2250.0, ""days_since_min"": 1027.0}"
2025-12-18 15:00:00,AMD,level,"level(pct=0.3,rearm=27,stall_days=0,window=2250)",BUY_NOW,down,0.42074074074074075,medium,5,0.206,"{""window"": 2250, ""pct"": 0.3, ""stall_days"": 0, ""rearm"": 27, ""_feasible"": true, ""_n_feasible"": 44, ""_score"": 1.4244}","{""pct_rank"": 0.17377777777777778, ""window"": 2250.0, ""days_since_min"": 1054.0}"
2025-12-22 15:00:00,AMD,momentum,"momentum(n=4,rearm=27)",BUY_NOW,down,0.5,fast,5,0.205625,"{""n"": 4, ""rearm"": 27, ""_feasible"": true, ""_n_feasible"": 6, ""_score"": 1.3127}","{""streak"": 4.0, ""drop_pct"": -2.083333333333326}"
2025-12-23 15:00:00,AMD,level,"level(pct=0.3,rearm=27,stall_days=0,window=2250)",BUY_NOW,down,0.5762962962962963,medium,5,0.2043,"{""window"": 2250, ""pct"": 0.3, ""stall_days"": 0, ""rearm"": 27, ""_feasible"": true, ""_n_feasible"": 44, ""_score"": 1.4244}","{""pct_rank"": 0.12711111111111112, ""window"": 2250.0, ""days_since_min"": 1081.0}"
2025-12-23 16:00:00,AMD,reversal,"reversal(max_days_since_min=180,rearm=27,rise_bps=50,window=1080)",WINDOW_CLOSING,up,1.0,slow,5,0.20725,"{""window"": 1080, ""rise_bps"": 50, ""max_days_since_min"": 180, ""rearm"": 27, ""_feasible"": true, ""_n_feasible"": 16, ""_score"": 1.1753}","{""rise_pct"": 3.6249999999999893, ""min_rate"": 0.2, ""days_since_min"": 112.0, ""window"": 1080.0}"
2025-12-26 16:00:00,AMD,level,"level(pct=0.3,rearm=27,stall_days=0,window=2250)",BUY_NOW,down,0.7807407407407407,medium,5,0.20235,"{""window"": 2250, ""pct"": 0.3, ""stall_days"": 0, ""rearm"": 27, ""_feasible"": true, ""_n_feasible"": 44, ""_score"": 1.4244}","{""pct_rank"": 0.06577777777777778, ""window"": 2250.0, ""days_since_min"": 1108.0}"
2025-12-26 17:00:00,AMD,reversal,"reversal(max_days_since_min=180,rearm=27,rise_bps=50,window=1080)",WINDOW_CLOSING,up,1.0,slow,5,0.20235,"{""window"": 1080, ""rise_bps"": 50, ""max_days_since_min"": 180, ""rearm"": 27, ""_feasible"": true, ""_n_feasible"": 16, ""_score"": 1.1753}","{""rise_pct"": 1.1749999999999927, ""min_rate"": 0.2, ""days_since_min"": 139.0, ""window"": 1080.0}"
2026-01-05 17:00:00,AMD,reversal,"reversal(max_days_since_min=180,rearm=27,rise_bps=50,window=1080)",WINDOW_CLOSING,up,1.0,slow,5,0.21,"{""window"": 1080, ""rise_bps"": 50, ""max_days_since_min"": 180, ""rearm"": 27, ""_feasible"": true, ""_n_feasible"": 16, ""_score"": 1.1753}","{""rise_pct"": 4.999999999999982, ""min_rate"": 0.2, ""days_since_min"": 166.0, ""window"": 1080.0}"
2026-01-09 10:00:00,AMD,level,"level(pct=0.3,rearm=27,stall_days=0,window=2250)",BUY_NOW,down,0.3674074074074074,medium,5,0.205725,"{""window"": 2250, ""pct"": 0.3, ""stall_days"": 0, ""rearm"": 27, ""_feasible"": true, ""_n_feasible"": 44, ""_score"": 1.4244}","{""pct_rank"": 0.18977777777777777, ""window"": 2250.0, ""days_since_min"": 1154.0}"
2026-01-12 14:00:00,AMD,momentum,"momentum(n=4,rearm=27)",BUY_NOW,down,0.5,fast,5,0.207,"{""n"": 4, ""rearm"": 27, ""_feasible"": true, ""_n_feasible"": 6, ""_score"": 1.3127}","{""streak"": 4.0, ""drop_pct"": -1.4168353375401899}"
2026-01-14 13:00:00,AMD,level,"level(pct=0.3,rearm=27,stall_days=0,window=2250)",BUY_NOW,down,0.32000000000000006,medium,5,0.2061,"{""window"": 2250, ""pct"": 0.3, ""stall_days"": 0, ""rearm"": 27, ""_feasible"": true, ""_n_feasible"": 44, ""_score"": 1.4244}","{""pct_rank"": 0.204, ""window"": 2250.0, ""days_since_min"": 1181.0}"
2026-01-19 13:00:00,AMD,level,"level(pct=0.3,rearm=27,stall_days=0,window=2250)",BUY_NOW,down,0.30074074074074064,medium,5,0.20605,"{""window"": 2250, ""pct"": 0.3, ""stall_days"": 0, ""rearm"": 27, ""_feasible"": true, ""_n_feasible"": 44, ""_score"": 1.4244}","{""pct_rank"": 0.20977777777777779, ""window"": 2250.0, ""days_since_min"": 1208.0}"
2026-01-20 15:00:00,AMD,momentum,"momentum(n=4,rearm=27)",BUY_NOW,down,0.5,fast,5,0.2058749999999999,"{""n"": 4, ""rearm"": 27, ""_feasible"": true, ""_n_feasible"": 6, ""_score"": 1.3127}","{""streak"": 4.0, ""drop_pct"": -1.021634615384659}"
2026-01-22 13:00:00,AMD,level,"level(pct=0.3,rearm=27,stall_days=0,window=2250)",BUY_NOW,down,0.9155555555555556,medium,5,0.201,"{""window"": 2250, ""pct"": 0.3, ""stall_days"": 0, ""rearm"": 27, ""_feasible"": true, ""_n_feasible"": 44, ""_score"": 1.4244}","{""pct_rank"": 0.025333333333333333, ""window"": 2250.0, ""days_since_min"": 1235.0}"
2026-01-27 13:00:00,AMD,level,"level(pct=0.3,rearm=27,stall_days=0,window=2250)",BUY_NOW,down,0.5422222222222222,medium,5,0.2037999999999999,"{""window"": 2250, ""pct"": 0.3, ""stall_days"": 0, ""rearm"": 27, ""_feasible"": true, ""_n_feasible"": 44, ""_score"": 1.4244}","{""pct_rank"": 0.13733333333333334, ""window"": 2250.0, ""days_since_min"": 1262.0}"
2026-01-29 17:00:00,AMD,momentum,"momentum(n=4,rearm=27)",BUY_NOW,down,0.5,fast,5,0.202975,"{""n"": 4, ""rearm"": 27, ""_feasible"": true, ""_n_feasible"": 6, ""_score"": 1.3127}","{""streak"": 4.0, ""drop_pct"": -1.468446601941753}"
2026-01-30 15:00:00,AMD,level,"level(pct=0.3,rearm=27,stall_days=0,window=2250)",BUY_NOW,down,0.8488888888888888,medium,5,0.20155,"{""window"": 2250, ""pct"": 0.3, ""stall_days"": 0, ""rearm"": 27, ""_feasible"": true, ""_n_feasible"": 44, ""_score"": 1.4244}","{""pct_rank"": 0.04533333333333334, ""window"": 2250.0, ""days_since_min"": 1289.0}"
2026-02-04 16:00:00,AMD,level,"level(pct=0.3,rearm=27,stall_days=0,window=2250)",BUY_NOW,down,0.757037037037037,medium,5,0.202175,"{""window"": 2250, ""pct"": 0.3, ""stall_days"": 0, ""rearm"": 27, ""_feasible"": true, ""_n_feasible"": 44, ""_score"": 1.4244}","{""pct_rank"": 0.07288888888888889, ""window"": 2250.0, ""days_since_min"": 1316.0}"
2026-02-10 10:00:00,AMD,level,"level(pct=0.3,rearm=27,stall_days=0,window=2250)",BUY_NOW,down,0.2918518518518518,medium,5,0.204975,"{""window"": 2250, ""pct"": 0.3, ""stall_days"": 0, ""rearm"": 27, ""_feasible"": true, ""_n_feasible"": 44, ""_score"": 1.4244}","{""pct_rank"": 0.21244444444444444, ""window"": 2250.0, ""days_since_min"": 1343.0}"
2026-02-12 19:00:00,AMD,level,"level(pct=0.3,rearm=27,stall_days=0,window=2250)",BUY_NOW,down,0.2088888888888888,medium,5,0.2050499999999999,"{""window"": 2250, ""pct"": 0.3, ""stall_days"": 0, ""rearm"": 27, ""_feasible"": true, ""_n_feasible"": 44, ""_score"": 1.4244}","{""pct_rank"": 0.23733333333333334, ""window"": 2250.0, ""days_since_min"": 1370.0}"
2026-02-17 18:00:00,AMD,level,"level(pct=0.3,rearm=27,stall_days=0,window=2250)",BUY_NOW,down,0.5644444444444445,medium,5,0.203125,"{""window"": 2250, ""pct"": 0.3, ""stall_days"": 0, ""rearm"": 27, ""_feasible"": true, ""_n_feasible"": 44, ""_score"": 1.4244}","{""pct_rank"": 0.13066666666666665, ""window"": 2250.0, ""days_since_min"": 1397.0}"
2026-02-17 19:00:00,AMD,momentum,"momentum(n=4,rearm=27)",BUY_NOW,down,0.5,fast,5,0.20265,"{""n"": 4, ""rearm"": 27, ""_feasible"": true, ""_n_feasible"": 6, ""_score"": 1.3127}","{""streak"": 4.0, ""drop_pct"": -0.9409751924722043}"
2026-02-20 18:00:00,AMD,level,"level(pct=0.3,rearm=27,stall_days=0,window=2250)",BUY_NOW,down,0.4740740740740741,medium,5,0.20355,"{""window"": 2250, ""pct"": 0.3, ""stall_days"": 0, ""rearm"": 27, ""_feasible"": true, ""_n_feasible"": 44, ""_score"": 1.4244}","{""pct_rank"": 0.15777777777777777, ""window"": 2250.0, ""days_since_min"": 1424.0}"
2026-02-27 12:00:00,AMD,level,"level(pct=0.3,rearm=27,stall_days=0,window=2250)",BUY_NOW,down,0.18518518518518523,medium,5,0.2048,"{""window"": 2250, ""pct"": 0.3, ""stall_days"": 0, ""rearm"": 27, ""_feasible"": true, ""_n_feasible"": 44, ""_score"": 1.4244}","{""pct_rank"": 0.24444444444444444, ""window"": 2250.0, ""days_since_min"": 1451.0}"
2026-03-04 14:00:00,AMD,level,"level(pct=0.3,rearm=27,stall_days=0,window=2250)",BUY_NOW,down,0.2414814814814814,medium,5,0.2045,"{""window"": 2250, ""pct"": 0.3, ""stall_days"": 0, ""rearm"": 27, ""_feasible"": true, ""_n_feasible"": 44, ""_score"": 1.4244}","{""pct_rank"": 0.22755555555555557, ""window"": 2250.0, ""days_since_min"": 1478.0}"
2026-04-10 12:00:00,AMD,momentum,"momentum(n=4,rearm=27)",BUY_NOW,down,0.5,fast,5,0.206,"{""n"": 4, ""rearm"": 27, ""_feasible"": true, ""_n_feasible"": 6, ""_score"": 1.3127}","{""streak"": 4.0, ""drop_pct"": -0.9615384615384581}"
2026-04-10 13:00:00,AMD,level,"level(pct=0.3,rearm=27,stall_days=0,window=2250)",BUY_NOW,down,0.08444444444444443,medium,5,0.205,"{""window"": 2250, ""pct"": 0.3, ""stall_days"": 0, ""rearm"": 27, ""_feasible"": true, ""_n_feasible"": 44, ""_score"": 1.4244}","{""pct_rank"": 0.27466666666666667, ""window"": 2250.0, ""days_since_min"": 1706.0}"
2026-04-15 12:00:00,AMD,level,"level(pct=0.3,rearm=27,stall_days=0,window=2250)",BUY_NOW,down,0.7718518518518518,medium,5,0.2019999999999999,"{""window"": 2250, ""pct"": 0.3, ""stall_days"": 0, ""rearm"": 27, ""_feasible"": true, ""_n_feasible"": 44, ""_score"": 1.4244}","{""pct_rank"": 0.06844444444444445, ""window"": 2250.0, ""days_since_min"": 1733.0}"
2026-04-20 12:00:00,AMD,level,"level(pct=0.3,rearm=27,stall_days=0,window=2250)",BUY_NOW,down,0.28888888888888886,medium,5,0.204125,"{""window"": 2250, ""pct"": 0.3, ""stall_days"": 0, ""rearm"": 27, ""_feasible"": true, ""_n_feasible"": 44, ""_score"": 1.4244}","{""pct_rank"": 0.21333333333333335, ""window"": 2250.0, ""days_since_min"": 1760.0}"
2026-04-23 13:00:00,AMD,level,"level(pct=0.3,rearm=27,stall_days=0,window=2250)",BUY_NOW,down,0.3362962962962963,medium,5,0.2039,"{""window"": 2250, ""pct"": 0.3, ""stall_days"": 0, ""rearm"": 27, ""_feasible"": true, ""_n_feasible"": 44, ""_score"": 1.4244}","{""pct_rank"": 0.1991111111111111, ""window"": 2250.0, ""days_since_min"": 1787.0}"
2026-04-28 12:00:00,AMD,level,"level(pct=0.3,rearm=27,stall_days=0,window=2250)",BUY_NOW,down,0.26814814814814814,medium,5,0.204,"{""window"": 2250, ""pct"": 0.3, ""stall_days"": 0, ""rearm"": 27, ""_feasible"": true, ""_n_feasible"": 44, ""_score"": 1.4244}","{""pct_rank"": 0.21955555555555556, ""window"": 2250.0, ""days_since_min"": 1814.0}"
2026-05-04 18:00:00,AMD,momentum,"momentum(n=4,rearm=27)",BUY_NOW,down,0.5,fast,5,0.206875,"{""n"": 4, ""rearm"": 27, ""_feasible"": true, ""_n_feasible"": 6, ""_score"": 1.3127}","{""streak"": 4.0, ""drop_pct"": -0.3012048192771011}"
2026-05-05 13:00:00,AMD,level,"level(pct=0.3,rearm=27,stall_days=0,window=2250)",BUY_NOW,down,0.23703703703703705,medium,5,0.204125,"{""window"": 2250, ""pct"": 0.3, ""stall_days"": 0, ""rearm"": 27, ""_feasible"": true, ""_n_feasible"": 44, ""_score"": 1.4244}","{""pct_rank"": 0.2288888888888889, ""window"": 2250.0, ""days_since_min"": 1850.0}"
2026-05-08 14:00:00,AMD,level,"level(pct=0.3,rearm=27,stall_days=0,window=2250)",BUY_NOW,down,0.31407407407407406,medium,5,0.20395,"{""window"": 2250, ""pct"": 0.3, ""stall_days"": 0, ""rearm"": 27, ""_feasible"": true, ""_n_feasible"": 44, ""_score"": 1.4244}","{""pct_rank"": 0.20577777777777778, ""window"": 2250.0, ""days_since_min"": 1877.0}"
2026-05-13 15:00:00,AMD,level,"level(pct=0.3,rearm=27,stall_days=0,window=2250)",BUY_NOW,down,0.5940740740740741,medium,5,0.2028,"{""window"": 2250, ""pct"": 0.3, ""stall_days"": 0, ""rearm"": 27, ""_feasible"": true, ""_n_feasible"": 44, ""_score"": 1.4244}","{""pct_rank"": 0.12177777777777778, ""window"": 2250.0, ""days_since_min"": 1904.0}"
2026-05-18 15:00:00,AMD,level,"level(pct=0.3,rearm=27,stall_days=0,window=2250)",BUY_NOW,down,0.5037037037037038,medium,5,0.203,"{""window"": 2250, ""pct"": 0.3, ""stall_days"": 0, ""rearm"": 27, ""_feasible"": true, ""_n_feasible"": 44, ""_score"": 1.4244}","{""pct_rank"": 0.14888888888888888, ""window"": 2250.0, ""days_since_min"": 1931.0}"
2026-05-20 18:00:00,AMD,dip_vs_trend,"dip_vs_trend(pct=0.2,rearm=45,span=720,window=2250)",BUY_NOW,down,0.028888888888888964,medium,5,0.1994999999999999,"{""span"": 720, ""window"": 2250, ""pct"": 0.2, ""rearm"": 45, ""_feasible"": true, ""_n_feasible"": 30, ""_score"": 1.1526}","{""dev_pct"": -3.405357895791594, ""pct_rank"": 0.1942222222222222, ""window"": 2250.0, ""span"": 720.0}"
2026-05-21 11:00:00,AMD,reversal,"reversal(max_days_since_min=180,rearm=27,rise_bps=50,window=1080)",WINDOW_CLOSING,up,1.0,slow,5,0.2019999999999999,"{""window"": 1080, ""rise_bps"": 50, ""max_days_since_min"": 180, ""rearm"": 27, ""_feasible"": true, ""_n_feasible"": 16, ""_score"": 1.1753}","{""rise_pct"": 1.2531328320801949, ""min_rate"": 0.1994999999999999, ""days_since_min"": 2.0, ""window"": 1080.0}"
2026-05-21 14:00:00,AMD,level,"level(pct=0.3,rearm=27,stall_days=0,window=2250)",BUY_NOW,down,0.9940740740740741,medium,5,0.1994999999999999,"{""window"": 2250, ""pct"": 0.3, ""stall_days"": 0, ""rearm"": 27, ""_feasible"": true, ""_n_feasible"": 44, ""_score"": 1.4244}","{""pct_rank"": 0.0017777777777777779, ""window"": 2250.0, ""days_since_min"": 1.0}"
2026-05-26 12:00:00,AMD,reversal,"reversal(max_days_since_min=180,rearm=27,rise_bps=50,window=1080)",WINDOW_CLOSING,up,0.9845998485231044,slow,5,0.2,"{""window"": 1080, ""rise_bps"": 50, ""max_days_since_min"": 180, ""rearm"": 27, ""_feasible"": true, ""_n_feasible"": 16, ""_score"": 1.1753}","{""rise_pct"": 0.9845998485231044, ""min_rate"": 0.19805, ""days_since_min"": 22.0, ""window"": 1080.0}"
2026-05-26 14:00:00,AMD,level,"level(pct=0.3,rearm=27,stall_days=0,window=2250)",BUY_NOW,down,0.9703703703703703,medium,5,0.19905,"{""window"": 2250, ""pct"": 0.3, ""stall_days"": 0, ""rearm"": 27, ""_feasible"": true, ""_n_feasible"": 44, ""_score"": 1.4244}","{""pct_rank"": 0.008888888888888889, ""window"": 2250.0, ""days_since_min"": 24.0}"
2026-05-27 18:00:00,AMD,dip_vs_trend,"dip_vs_trend(pct=0.2,rearm=45,span=720,window=2250)",BUY_NOW,down,0.10000000000000009,medium,5,0.1989999999999999,"{""span"": 720, ""window"": 2250, ""pct"": 0.2, ""rearm"": 45, ""_feasible"": true, ""_n_feasible"": 30, ""_score"": 1.1526}","{""dev_pct"": -3.51133420261579, ""pct_rank"": 0.18, ""window"": 2250.0, ""span"": 720.0}"
2026-05-29 12:00:00,AMD,reversal,"reversal(max_days_since_min=180,rearm=27,rise_bps=50,window=1080)",WINDOW_CLOSING,up,1.0,slow,5,0.1989999999999999,"{""window"": 1080, ""rise_bps"": 50, ""max_days_since_min"": 180, ""rearm"": 27, ""_feasible"": true, ""_n_feasible"": 16, ""_score"": 1.1753}","{""rise_pct"": 1.8945212493599148, ""min_rate"": 0.1953, ""days_since_min"": 20.0, ""window"": 1080.0}"
2026-05-29 15:00:00,AMD,level,"level(pct=0.3,rearm=27,stall_days=0,window=2250)",BUY_NOW,down,0.9614814814814815,medium,5,0.198975,"{""window"": 2250, ""pct"": 0.3, ""stall_days"": 0, ""rearm"": 27, ""_feasible"": true, ""_n_feasible"": 44, ""_score"": 1.4244}","{""pct_rank"": 0.011555555555555555, ""window"": 2250.0, ""days_since_min"": 22.0}"
2026-06-01 13:00:00,AMD,level,"level(pct=0.1,rearm=27,stall_days=0,window=2250)",BUY_NOW,down,0.9288888888888889,medium,6,0.1984,"{""window"": 2250, ""pct"": 0.1, ""stall_days"": 0, ""rearm"": 27, ""_feasible"": true, ""_n_feasible"": 53, ""_score"": 1.597}","{""pct_rank"": 0.0071111111111111115, ""window"": 2250.0, ""days_since_min"": 29.0}"
2026-06-02 14:00:00,AMD,dip_vs_trend,"dip_vs_trend(pct=0.2,rearm=27,span=180,window=2250)",BUY_NOW,down,0.020000000000000018,medium,6,0.198,"{""span"": 180, ""window"": 2250, ""pct"": 0.2, ""rearm"": 27, ""_feasible"": true, ""_n_feasible"": 26, ""_score"": 1.1714}","{""dev_pct"": -1.7611464507286123, ""pct_rank"": 0.196, ""window"": 2250.0, ""span"": 180.0}"
2026-06-03 13:00:00,AMD,reversal,"reversal(max_days_since_min=180,rearm=27,rise_bps=50,window=1080)",WINDOW_CLOSING,up,1.0,slow,6,0.1985,"{""window"": 1080, ""rise_bps"": 50, ""max_days_since_min"": 180, ""rearm"": 27, ""_feasible"": true, ""_n_feasible"": 16, ""_score"": 1.1844}","{""rise_pct"": 1.6385048643113185, ""min_rate"": 0.1953, ""days_since_min"": 47.0, ""window"": 1080.0}"
2026-06-04 13:00:00,AMD,level,"level(pct=0.1,rearm=27,stall_days=0,window=2250)",BUY_NOW,down,0.2977777777777778,medium,6,0.2010249999999999,"{""window"": 2250, ""pct"": 0.1, ""stall_days"": 0, ""rearm"": 27, ""_feasible"": true, ""_n_feasible"": 53, ""_score"": 1.597}","{""pct_rank"": 0.07022222222222223, ""window"": 2250.0, ""days_since_min"": 57.0}"
2026-06-08 11:00:00,AMD,reversal,"reversal(max_days_since_min=180,rearm=27,rise_bps=50,window=1080)",WINDOW_CLOSING,up,1.0,slow,6,0.2047,"{""window"": 1080, ""rise_bps"": 50, ""max_days_since_min"": 180, ""rearm"": 27, ""_feasible"": true, ""_n_feasible"": 16, ""_score"": 1.1844}","{""rise_pct"": 4.813108038914482, ""min_rate"": 0.1953, ""days_since_min"": 74.0, ""window"": 1080.0}"
2026-06-10 11:00:00,AMD,level,"level(pct=0.1,rearm=27,stall_days=0,window=2250)",BUY_NOW,down,0.5777777777777777,medium,6,0.2,"{""window"": 2250, ""pct"": 0.1, ""stall_days"": 0, ""rearm"": 27, ""_feasible"": true, ""_n_feasible"": 53, ""_score"": 1.597}","{""pct_rank"": 0.042222222222222223, ""window"": 2250.0, ""days_since_min"": 92.0}"
2026-06-11 12:00:00,AMD,reversal,"reversal(max_days_since_min=180,rearm=27,rise_bps=50,window=1080)",WINDOW_CLOSING,up,1.0,slow,6,0.2019999999999999,"{""window"": 1080, ""rise_bps"": 50, ""max_days_since_min"": 180, ""rearm"": 27, ""_feasible"": true, ""_n_feasible"": 16, ""_score"": 1.1844}","{""rise_pct"": 3.4306195596517597, ""min_rate"": 0.1953, ""days_since_min"": 101.0, ""window"": 1080.0}"
2026-06-15 15:00:00,AMD,momentum,"momentum(n=4,rearm=27)",BUY_NOW,down,0.5,fast,6,0.202975,"{""n"": 4, ""rearm"": 27, ""_feasible"": true, ""_n_feasible"": 6, ""_score"": 1.3127}","{""streak"": 4.0, ""drop_pct"": -0.8911132812500111}"
2026-06-17 11:00:00,AMD,level,"level(pct=0.1,rearm=27,stall_days=0,window=2250)",BUY_NOW,down,0.0,medium,6,0.2017749999999999,"{""window"": 2250, ""pct"": 0.1, ""stall_days"": 0, ""rearm"": 27, ""_feasible"": true, ""_n_feasible"": 53, ""_score"": 1.597}","{""pct_rank"": 0.1, ""window"": 2250.0, ""days_since_min"": 127.0}"
2026-06-17 12:00:00,AMD,reversal,"reversal(max_days_since_min=180,rearm=27,rise_bps=50,window=1080)",WINDOW_CLOSING,up,1.0,slow,6,0.202975,"{""window"": 1080, ""rise_bps"": 50, ""max_days_since_min"": 180, ""rearm"": 27, ""_feasible"": true, ""_n_feasible"": 16, ""_score"": 1.1844}","{""rise_pct"": 3.9298515104966736, ""min_rate"": 0.1953, ""days_since_min"": 128.0, ""window"": 1080.0}"
2026-06-22 14:00:00,AMD,reversal,"reversal(max_days_since_min=180,rearm=27,rise_bps=50,window=1080)",WINDOW_CLOSING,up,1.0,slow,6,0.2065,"{""window"": 1080, ""rise_bps"": 50, ""max_days_since_min"": 180, ""rearm"": 27, ""_feasible"": true, ""_n_feasible"": 16, ""_score"": 1.1844}","{""rise_pct"": 5.734767025089593, ""min_rate"": 0.1953, ""days_since_min"": 155.0, ""window"": 1080.0}"
2026-06-29 15:00:00,AMD,momentum,"momentum(n=4,rearm=27)",BUY_NOW,down,0.5,fast,6,0.214,"{""n"": 4, ""rearm"": 27, ""_feasible"": true, ""_n_feasible"": 6, ""_score"": 1.3127}","{""streak"": 4.0, ""drop_pct"": -0.92592592592593}"
2026-07-13 18:00:00,AMD,momentum,"momentum(n=4,rearm=27)",BUY_NOW,down,0.5,fast,6,0.2125,"{""n"": 4, ""rearm"": 27, ""_feasible"": true, ""_n_feasible"": 6, ""_score"": 1.3127}","{""streak"": 4.0, ""drop_pct"": -1.5975920351932849}"
2026-08-13 15:00:00,AMD,momentum,"momentum(n=4,rearm=27)",BUY_NOW,down,0.5,fast,6,0.2332999999999999,"{""n"": 4, ""rearm"": 27, ""_feasible"": true, ""_n_feasible"": 6, ""_score"": 1.3127}","{""streak"": 4.0, ""drop_pct"": -0.5011195223371789}"
2021-01-04 13:00:00,CNY,momentum,"momentum(n=3,rearm=18)",BUY_NOW,down,0.5,fast,0,11.34,"{""n"": 3, ""rearm"": 18, ""_feasible"": true, ""_n_feasible"": 8, ""_score"": 1.0072}","{""streak"": 3.0, ""drop_pct"": -0.9433962264150941}"
2021-01-05 20:00:00,CNY,momentum,"momentum(n=3,rearm=18)",BUY_NOW,down,0.5,fast,0,11.4943,"{""n"": 3, ""rearm"": 18, ""_feasible"": true, ""_n_feasible"": 8, ""_score"": 1.0072}","{""streak"": 3.0, ""drop_pct"": -1.0408774709001922}"
2021-01-08 15:00:00,CNY,momentum,"momentum(n=3,rearm=18)",BUY_NOW,down,0.5,fast,0,11.4959,"{""n"": 3, ""rearm"": 18, ""_feasible"": true, ""_n_feasible"": 8, ""_score"": 1.0072}","{""streak"": 3.0, ""drop_pct"": -0.5312659531205299}"
2021-01-11 20:00:00,CNY,momentum,"momentum(n=3,rearm=18)",BUY_NOW,down,0.5,fast,0,11.5141,"{""n"": 3, ""rearm"": 18, ""_feasible"": true, ""_n_feasible"": 8, ""_score"": 1.0072}","{""streak"": 3.0, ""drop_pct"": -0.3970588235294281}"
2021-01-13 17:00:00,CNY,level,"level(pct=0.25,rearm=27,stall_days=27,window=1080)",BUY_NOW,down,0.0888888888888889,medium,0,11.3889,"{""window"": 1080, ""pct"": 0.25, ""stall_days"": 27, ""rearm"": 27, ""_feasible"": true, ""_n_feasible"": 54, ""_score"": 1.4431}","{""pct_rank"": 0.22777777777777777, ""window"": 1080.0, ""days_since_min"": 273.0}"
2021-01-13 17:00:00,CNY,momentum,"momentum(n=3,rearm=18)",BUY_NOW,down,0.5,fast,0,11.3889,"{""n"": 3, ""rearm"": 18, ""_feasible"": true, ""_n_feasible"": 8, ""_score"": 1.0072}","{""streak"": 3.0, ""drop_pct"": -0.4284003182402518}"
2021-01-15 16:00:00,CNY,level,"level(pct=0.25,rearm=27,stall_days=27,window=1080)",BUY_NOW,down,0.3111111111111111,medium,0,11.3421,"{""window"": 1080, ""pct"": 0.25, ""stall_days"": 27, ""rearm"": 27, ""_feasible"": true, ""_n_feasible"": 54, ""_score"": 1.4431}","{""pct_rank"": 0.17222222222222222, ""window"": 1080.0, ""days_since_min"": 300.0}"
2021-01-19 11:00:00,CNY,momentum,"momentum(n=3,rearm=18)",BUY_NOW,down,0.5,fast,0,11.3579,"{""n"": 3, ""rearm"": 18, ""_feasible"": true, ""_n_feasible"": 8, ""_score"": 1.0072}","{""streak"": 3.0, ""drop_pct"": -0.31158389945055154}"
2021-01-19 15:00:00,CNY,level,"level(pct=0.25,rearm=27,stall_days=27,window=1080)",BUY_NOW,down,0.16666666666666663,medium,0,11.38,"{""window"": 1080, ""pct"": 0.25, ""stall_days"": 27, ""rearm"": 27, ""_feasible"": true, ""_n_feasible"": 54, ""_score"": 1.4431}","{""pct_rank"": 0.20833333333333334, ""window"": 1080.0, ""days_since_min"": 327.0}"
2021-01-20 21:00:00,CNY,momentum,"momentum(n=3,rearm=18)",BUY_NOW,down,0.5,fast,0,11.3641,"{""n"": 3, ""rearm"": 18, ""_feasible"": true, ""_n_feasible"": 8, ""_score"": 1.0072}","{""streak"": 3.0, ""drop_pct"": -0.08176974343643284}"
2021-01-25 21:00:00,CNY,momentum,"momentum(n=3,rearm=18)",BUY_NOW,down,0.5,fast,0,11.6251,"{""n"": 3, ""rearm"": 18, ""_feasible"": true, ""_n_feasible"": 8, ""_score"": 1.0072}","{""streak"": 3.0, ""drop_pct"": -0.2993138936535189}"
2021-01-27 11:00:00,CNY,momentum,"momentum(n=3,rearm=18)",BUY_NOW,down,0.8333333333333334,fast,0,11.5917,"{""n"": 3, ""rearm"": 18, ""_feasible"": true, ""_n_feasible"": 8, ""_score"": 1.0072}","{""streak"": 5.0, ""drop_pct"": -0.43120109260516015}"
2021-02-02 16:00:00,CNY,momentum,"momentum(n=3,rearm=18)",BUY_NOW,down,0.5,fast,0,11.7219,"{""n"": 3, ""rearm"": 18, ""_feasible"": true, ""_n_feasible"": 8, ""_score"": 1.0072}","{""streak"": 3.0, ""drop_pct"": -0.2943052779313615}"
2021-02-04 12:00:00,CNY,momentum,"momentum(n=3,rearm=18)",BUY_NOW,down,0.5,fast,0,11.69,"{""n"": 3, ""rearm"": 18, ""_feasible"": true, ""_n_feasible"": 8, ""_score"": 1.0072}","{""streak"": 3.0, ""drop_pct"": -0.5901661649403867}"
2021-02-10 18:00:00,CNY,momentum,"momentum(n=3,rearm=18)",BUY_NOW,down,0.5,fast,0,11.4906,"{""n"": 3, ""rearm"": 18, ""_feasible"": true, ""_n_feasible"": 8, ""_score"": 1.0072}","{""streak"": 3.0, ""drop_pct"": -0.08173913043477699}"
2021-02-12 18:00:00,CNY,momentum,"momentum(n=3,rearm=18)",BUY_NOW,down,0.5,fast,0,11.52,"{""n"": 3, ""rearm"": 18, ""_feasible"": true, ""_n_feasible"": 8, ""_score"": 1.0072}","{""streak"": 3.0, ""drop_pct"": -0.4923555325213824}"
2021-02-15 22:00:00,CNY,momentum,"momentum(n=3,rearm=18)",BUY_NOW,down,0.5,fast,0,11.44,"{""n"": 3, ""rearm"": 18, ""_feasible"": true, ""_n_feasible"": 8, ""_score"": 1.0072}","{""streak"": 3.0, ""drop_pct"": -0.12135604466602112}"
2021-02-17 12:00:00,CNY,momentum,"momentum(n=3,rearm=18)",BUY_NOW,down,0.5,fast,0,11.428,"{""n"": 3, ""rearm"": 18, ""_feasible"": true, ""_n_feasible"": 8, ""_score"": 1.0072}","{""streak"": 3.0, ""drop_pct"": -0.45122737329916784}"
2021-02-20 11:00:00,CNY,momentum,"momentum(n=3,rearm=18)",BUY_NOW,down,0.5,fast,0,11.46,"{""n"": 3, ""rearm"": 18, ""_feasible"": true, ""_n_feasible"": 8, ""_score"": 1.0072}","{""streak"": 3.0, ""drop_pct"": -0.17421602787456303}"
2021-02-22 19:00:00,CNY,momentum,"momentum(n=3,rearm=18)",BUY_NOW,down,0.5,fast,0,11.5,"{""n"": 3, ""rearm"": 18, ""_feasible"": true, ""_n_feasible"": 8, ""_score"": 1.0072}","{""streak"": 3.0, ""drop_pct"": -0.7756753725226329}"
2021-02-25 11:00:00,CNY,level,"level(pct=0.25,rearm=27,stall_days=27,window=1080)",BUY_NOW,down,0.022222222222222254,medium,0,11.39,"{""window"": 1080, ""pct"": 0.25, ""stall_days"": 27, ""rearm"": 27, ""_feasible"": true, ""_n_feasible"": 54, ""_score"": 1.4431}","{""pct_rank"": 0.24444444444444444, ""window"": 1080.0, ""days_since_min"": 700.0}"
2021-02-25 11:00:00,CNY,momentum,"momentum(n=3,rearm=18)",BUY_NOW,down,0.5,fast,0,11.39,"{""n"": 3, ""rearm"": 18, ""_feasible"": true, ""_n_feasible"": 8, ""_score"": 1.0072}","{""streak"": 3.0, ""drop_pct"": -0.2618236587010325}"
2021-02-26 18:00:00,CNY,momentum,"momentum(n=3,rearm=18)",BUY_NOW,down,0.5,fast,0,11.5289,"{""n"": 3, ""rearm"": 18, ""_feasible"": true, ""_n_feasible"": 8, ""_score"": 1.0072}","{""streak"": 3.0, ""drop_pct"": -0.11436393723844862}"
2021-03-02 15:00:00,CNY,level,"level(pct=0.25,rearm=27,stall_days=27,window=1080)",BUY_NOW,down,0.11851851851851847,medium,0,11.3774,"{""window"": 1080, ""pct"": 0.25, ""stall_days"": 27, ""rearm"": 27, ""_feasible"": true, ""_n_feasible"": 54, ""_score"": 1.4431}","{""pct_rank"": 0.22037037037037038, ""window"": 1080.0, ""days_since_min"": 752.0}"
2021-03-02 15:00:00,CNY,momentum,"momentum(n=3,rearm=18)",BUY_NOW,down,0.5,fast,0,11.3774,"{""n"": 3, ""rearm"": 18, ""_feasible"": true, ""_n_feasible"": 8, ""_score"": 1.0072}","{""streak"": 3.0, ""drop_pct"": -1.2806941431670382}"
2021-03-04 10:00:00,CNY,momentum,"momentum(n=3,rearm=18)",BUY_NOW,down,0.5,fast,0,11.412,"{""n"": 3, ""rearm"": 18, ""_feasible"": true, ""_n_feasible"": 8, ""_score"": 1.0072}","{""streak"": 3.0, ""drop_pct"": -0.20113686051596025}"
2021-03-04 15:00:00,CNY,level,"level(pct=0.25,rearm=27,stall_days=27,window=1080)",BUY_NOW,down,0.059259259259259234,medium,0,11.3834,"{""window"": 1080, ""pct"": 0.25, ""stall_days"": 27, ""rearm"": 27, ""_feasible"": true, ""_n_feasible"": 54, ""_score"": 1.4431}","{""pct_rank"": 0.2351851851851852, ""window"": 1080.0, ""days_since_min"": 786.0}"
2021-03-05 16:00:00,CNY,momentum,"momentum(n=3,rearm=18)",BUY_NOW,down,0.5,fast,0,11.455,"{""n"": 3, ""rearm"": 18, ""_feasible"": true, ""_n_feasible"": 8, ""_score"": 1.0072}","{""streak"": 3.0, ""drop_pct"": -0.30634801831125325}"
2021-03-09 08:00:00,CNY,level,"level(pct=0.25,rearm=27,stall_days=27,window=1080)",BUY_NOW,down,0.062962962962963,medium,0,11.3801,"{""window"": 1080, ""pct"": 0.25, ""stall_days"": 27, ""rearm"": 27, ""_feasible"": true, ""_n_feasible"": 54, ""_score"": 1.4431}","{""pct_rank"": 0.23425925925925925, ""window"": 1080.0, ""days_since_min"": 813.0}"
2021-03-10 17:00:00,CNY,momentum,"momentum(n=3,rearm=18)",BUY_NOW,down,0.5,fast,0,11.3238,"{""n"": 3, ""rearm"": 18, ""_feasible"": true, ""_n_feasible"": 8, ""_score"": 1.0072}","{""streak"": 3.0, ""drop_pct"": -0.36076305786287843}"
2021-03-10 18:00:00,CNY,level,"level(pct=0.25,rearm=27,stall_days=27,window=1080)",BUY_NOW,down,0.3555555555555555,medium,0,11.3399,"{""window"": 1080, ""pct"": 0.25, ""stall_days"": 27, ""rearm"": 27, ""_feasible"": true, ""_n_feasible"": 54, ""_score"": 1.4431}","{""pct_rank"": 0.16111111111111112, ""window"": 1080.0, ""days_since_min"": 840.0}"
2021-03-11 18:00:00,CNY,momentum,"momentum(n=3,rearm=18)",BUY_NOW,down,0.6666666666666666,fast,0,11.3333,"{""n"": 3, ""rearm"": 18, ""_feasible"": true, ""_n_feasible"": 8, ""_score"": 1.0072}","{""streak"": 4.0, ""drop_pct"": -0.36659340659340733}"
2021-03-12 11:00:00,CNY,level,"level(pct=0.25,rearm=27,stall_days=27,window=1080)",BUY_NOW,down,0.44074074074074077,medium,0,11.3075,"{""window"": 1080, ""pct"": 0.25, ""stall_days"": 27, ""rearm"": 27, ""_feasible"": true, ""_n_feasible"": 54, ""_score"": 1.4431}","{""pct_rank"": 0.1398148148148148, ""window"": 1080.0, ""days_since_min"": 867.0}"
2021-03-15 12:00:00,CNY,momentum,"momentum(n=3,rearm=18)",BUY_NOW,down,0.5,fast,0,11.2444,"{""n"": 3, ""rearm"": 18, ""_feasible"": true, ""_n_feasible"": 8, ""_score"": 1.0072}","{""streak"": 3.0, ""drop_pct"": -0.21298498455858406}"
2021-03-15 21:00:00,CNY,level,"level(pct=0.25,rearm=27,stall_days=27,window=1080)",BUY_NOW,down,0.825925925925926,medium,0,11.2272,"{""window"": 1080, ""pct"": 0.25, ""stall_days"": 27, ""rearm"": 27, ""_feasible"": true, ""_n_feasible"": 54, ""_score"": 1.4431}","{""pct_rank"": 0.04351851851851852, ""window"": 1080.0, ""days_since_min"": 894.0}"
2021-03-16 15:00:00,CNY,momentum,"momentum(n=3,rearm=18)",BUY_NOW,down,0.5,fast,0,11.1921,"{""n"": 3, ""rearm"": 18, ""_feasible"": true, ""_n_feasible"": 8, ""_score"": 1.0072}","{""streak"": 3.0, ""drop_pct"": -0.35434788415138474}"
2021-03-17 15:00:00,CNY,level,"level(pct=0.25,rearm=27,stall_days=27,window=1080)",BUY_NOW,down,0.17407407407407405,medium,0,11.3194,"{""window"": 1080, ""pct"": 0.25, ""stall_days"": 27, ""rearm"": 27, ""_feasible"": true, ""_n_feasible"": 54, ""_score"": 1.4431}","{""pct_rank"": 0.2064814814814815, ""window"": 1080.0, ""days_since_min"": 921.0}"
2021-03-17 22:00:00,CNY,momentum,"momentum(n=3,rearm=18)",BUY_NOW,down,0.5,fast,0,11.3594,"{""n"": 3, ""rearm"": 18, ""_feasible"": true, ""_n_feasible"": 8, ""_score"": 1.0072}","{""streak"": 3.0, ""drop_pct"": -0.26077565391469104}"
2021-03-19 23:00:00,CNY,momentum,"momentum(n=3,rearm=18)",BUY_NOW,down,0.5,fast,0,11.3936,"{""n"": 3, ""rearm"": 18, ""_feasible"": true, ""_n_feasible"": 8, ""_score"": 1.0072}","{""streak"": 3.0, ""drop_pct"": -0.09908021990547855}"
2021-03-24 11:00:00,CNY,momentum,"momentum(n=3,rearm=18)",BUY_NOW,down,0.5,fast,0,11.6676,"{""n"": 3, ""rearm"": 18, ""_feasible"": true, ""_n_feasible"": 8, ""_score"": 1.0072}","{""streak"": 3.0, ""drop_pct"": -1.000381825124097}"
2021-03-25 12:00:00,CNY,momentum,"momentum(n=3,rearm=18)",BUY_NOW,down,0.5,fast,0,11.6565,"{""n"": 3, ""rearm"": 18, ""_feasible"": true, ""_n_feasible"": 8, ""_score"": 1.0072}","{""streak"": 3.0, ""drop_pct"": -0.29765723230095187}"
2021-03-27 00:00:00,CNY,momentum,"momentum(n=3,rearm=18)",BUY_NOW,down,0.5,fast,0,11.568,"{""n"": 3, ""rearm"": 18, ""_feasible"": true, ""_n_feasible"": 8, ""_score"": 1.0072}","{""streak"": 3.0, ""drop_pct"": -0.3797762678585337}"
2021-03-30 22:00:00,CNY,momentum,"momentum(n=3,rearm=18)",BUY_NOW,down,0.5,fast,0,11.5446,"{""n"": 3, ""rearm"": 18, ""_feasible"": true, ""_n_feasible"": 8, ""_score"": 1.0072}","{""streak"": 3.0, ""drop_pct"": -0.2272943331979249}"
2021-03-31 12:00:00,CNY,reversal,"reversal(max_days_since_min=180,rearm=27,rise_bps=30,window=1080)",WINDOW_CLOSING,up,1.0,slow,0,11.5198,"{""window"": 1080, ""rise_bps"": 30, ""max_days_since_min"": 180, ""rearm"": 27, ""_feasible"": true, ""_n_feasible"": 16, ""_score"": 1.3586}","{""rise_pct"": 2.9960571137357395, ""min_rate"": 11.1847, ""days_since_min"": 179.0, ""window"": 1080.0}"
2021-04-01 10:00:00,CNY,momentum,"momentum(n=3,rearm=18)",BUY_NOW,down,0.5,fast,0,11.5001,"{""n"": 3, ""rearm"": 18, ""_feasible"": true, ""_n_feasible"": 8, ""_score"": 1.0072}","{""streak"": 3.0, ""drop_pct"": -0.3457538994800613}"
2021-04-02 11:00:00,CNY,momentum,"momentum(n=3,rearm=18)",BUY_NOW,down,0.5,fast,0,11.5825,"{""n"": 3, ""rearm"": 18, ""_feasible"": true, ""_n_feasible"": 8, ""_score"": 1.0072}","{""streak"": 3.0, ""drop_pct"": -0.35616273367803375}"
2021-04-07 09:00:00,CNY,momentum,"momentum(n=3,rearm=18)",BUY_NOW,down,0.5,fast,0,11.7721,"{""n"": 3, ""rearm"": 18, ""_feasible"": true, ""_n_feasible"": 8, ""_score"": 1.0072}","{""streak"": 3.0, ""drop_pct"": -0.3124735371326848}"
2021-04-08 17:00:00,CNY,momentum,"momentum(n=3,rearm=18)",BUY_NOW,down,0.5,fast,0,11.7256,"{""n"": 3, ""rearm"": 18, ""_feasible"": true, ""_n_feasible"": 8, ""_score"": 1.0072}","{""streak"": 3.0, ""drop_pct"": -0.48798703227502793}"
2021-04-13 10:00:00,CNY,momentum,"momentum(n=3,rearm=18)",BUY_NOW,down,0.5,fast,0,11.8038,"{""n"": 3, ""rearm"": 18, ""_feasible"": true, ""_n_feasible"": 8, ""_score"": 1.0072}","{""streak"": 3.0, ""drop_pct"": -0.06942092786995646}"
2021-04-15 18:00:00,CNY,momentum,"momentum(n=3,rearm=18)",BUY_NOW,down,0.5,fast,0,11.688,"{""n"": 3, ""rearm"": 18, ""_feasible"": true, ""_n_feasible"": 8, ""_score"": 1.0072}","{""streak"": 3.0, ""drop_pct"": -1.0698808234019364}"
2021-04-16 19:00:00,CNY,momentum,"momentum(n=3,rearm=18)",BUY_NOW,down,0.5,fast,0,11.6094,"{""n"": 3, ""rearm"": 18, ""_feasible"": true, ""_n_feasible"": 8, ""_score"": 1.0072}","{""streak"": 3.0, ""drop_pct"": -0.23288789584495762}"
2021-04-22 14:00:00,CNY,momentum,"momentum(n=3,rearm=18)",BUY_NOW,down,0.5,fast,0,11.7516,"{""n"": 3, ""rearm"": 18, ""_feasible"": true, ""_n_feasible"": 8, ""_score"": 1.0072}","{""streak"": 3.0, ""drop_pct"": -0.41016949152543614}"
2021-04-27 15:00:00,CNY,momentum,"momentum(n=3,rearm=18)",BUY_NOW,down,0.5,fast,0,11.5551,"{""n"": 3, ""rearm"": 18, ""_feasible"": true, ""_n_feasible"": 8, ""_score"": 1.0072}","{""streak"": 3.0, ""drop_pct"": -0.2813327925300091}"
2021-04-28 16:00:00,CNY,momentum,"momentum(n=3,rearm=18)",BUY_NOW,down,0.5,fast,0,11.515,"{""n"": 3, ""rearm"": 18, ""_feasible"": true, ""_n_feasible"": 8, ""_score"": 1.0072}","{""streak"": 3.0, ""drop_pct"": -0.26417218829847267}"
2021-04-28 22:00:00,CNY,dip_vs_trend,"dip_vs_trend(pct=0.05,rearm=27,span=360,window=1080)",BUY_NOW,down,0.40740740740740744,medium,0,11.4901,"{""span"": 360, ""window"": 1080, ""pct"": 0.05, ""rearm"": 27, ""_feasible"": true, ""_n_feasible"": 24, ""_score"": 1.4367}","{""dev_pct"": -1.560506087493485, ""pct_rank"": 0.02962962962962963, ""window"": 1080.0, ""span"": 360.0}"
2021-04-30 00:00:00,CNY,momentum,"momentum(n=3,rearm=18)",BUY_NOW,down,0.5,fast,0,11.5435,"{""n"": 3, ""rearm"": 18, ""_feasible"": true, ""_n_feasible"": 8, ""_score"": 1.0072}","{""streak"": 3.0, ""drop_pct"": -0.14273356401384163}"
2021-05-04 14:00:00,CNY,momentum,"momentum(n=3,rearm=18)",BUY_NOW,down,0.5,fast,0,11.555,"{""n"": 3, ""rearm"": 18, ""_feasible"": true, ""_n_feasible"": 8, ""_score"": 1.0072}","{""streak"": 3.0, ""drop_pct"": -0.5396937431677462}"
2021-05-06 16:00:00,CNY,momentum,"momentum(n=3,rearm=18)",BUY_NOW,down,0.5,fast,0,11.5,"{""n"": 3, ""rearm"": 18, ""_feasible"": true, ""_n_feasible"": 8, ""_score"": 1.0072}","{""streak"": 3.0, ""drop_pct"": -0.3060171820412072}"
2021-05-06 18:00:00,CNY,dip_vs_trend,"dip_vs_trend(pct=0.05,rearm=27,span=360,window=1080)",BUY_NOW,down,0.14814814814814825,medium,0,11.4879,"{""span"": 360, ""window"": 1080, ""pct"": 0.05, ""rearm"": 27, ""_feasible"": true, ""_n_feasible"": 24, ""_score"": 1.4367}","{""dev_pct"": -1.50842964892427, ""pct_rank"": 0.04259259259259259, ""window"": 1080.0, ""span"": 360.0}"
2021-05-10 11:00:00,CNY,dip_vs_trend,"dip_vs_trend(pct=0.05,rearm=27,span=360,window=1080)",BUY_NOW,down,0.2777777777777779,medium,0,11.4599,"{""span"": 360, ""window"": 1080, ""pct"": 0.05, ""rearm"": 27, ""_feasible"": true, ""_n_feasible"": 24, ""_score"": 1.4367}","{""dev_pct"": -1.5470558516045285, ""pct_rank"": 0.03611111111111111, ""window"": 1080.0, ""span"": 360.0}"
2021-05-11 21:00:00,CNY,momentum,"momentum(n=3,rearm=18)",BUY_NOW,down,0.5,fast,0,11.5101,"{""n"": 3, ""rearm"": 18, ""_feasible"": true, ""_n_feasible"": 8, ""_score"": 1.0072}","{""streak"": 3.0, ""drop_pct"": -0.271197601677442}"
2021-05-13 10:00:00,CNY,momentum,"momentum(n=3,rearm=18)",BUY_NOW,down,0.5,fast,0,11.5372,"{""n"": 3, ""rearm"": 18, ""_feasible"": true, ""_n_feasible"": 8, ""_score"": 1.0072}","{""streak"": 3.0, ""drop_pct"": -0.19723183391003873}"
2021-05-14 17:00:00,CNY,momentum,"momentum(n=3,rearm=18)",BUY_NOW,down,0.5,fast,0,11.4688,"{""n"": 3, ""rearm"": 18, ""_feasible"": true, ""_n_feasible"": 8, ""_score"": 1.0072}","{""streak"": 3.0, ""drop_pct"": -0.27564018955698044}"
2021-05-18 00:00:00,CNY,momentum,"momentum(n=3,rearm=18)",BUY_NOW,down,0.5,fast,0,11.46,"{""n"": 3, ""rearm"": 18, ""_feasible"": true, ""_n_feasible"": 8, ""_score"": 1.0072}","{""streak"": 3.0, ""drop_pct"": -0.12984862613181214}"
2021-05-20 08:00:00,CNY,level,"level(pct=0.25,rearm=27,stall_days=27,window=1080)",BUY_NOW,down,0.0444444444444444,medium,0,11.4496,"{""window"": 1080, ""pct"": 0.25, ""stall_days"": 27, ""rearm"": 27, ""_feasible"": true, ""_n_feasible"": 54, ""_score"": 1.4431}","{""pct_rank"": 0.2388888888888889, ""window"": 1080.0, ""days_since_min"": 765.0}"
2021-05-20 08:00:00,CNY,momentum,"momentum(n=3,rearm=18)",BUY_NOW,down,0.5,fast,0,11.4496,"{""n"": 3, ""rearm"": 18, ""_feasible"": true, ""_n_feasible"": 8, ""_score"": 1.0072}","{""streak"": 3.0, ""drop_pct"": -0.17785527462946815}"
2021-05-21 18:00:00,CNY,level,"level(pct=0.25,rearm=27,stall_days=27,window=1080)",BUY_NOW,down,0.28148148148148144,medium,0,11.4169,"{""window"": 1080, ""pct"": 0.25, ""stall_days"": 27, ""rearm"": 27, ""_feasible"": true, ""_n_feasible"": 54, ""_score"": 1.4431}","{""pct_rank"": 0.17962962962962964, ""window"": 1080.0, ""days_since_min"": 792.0}"
2021-05-25 17:00:00,CNY,momentum,"momentum(n=3,rearm=18)",BUY_NOW,down,0.5,fast,0,11.4563,"{""n"": 3, ""rearm"": 18, ""_feasible"": true, ""_n_feasible"": 8, ""_score"": 1.0072}","{""streak"": 3.0, ""drop_pct"": -0.19427456310002755}"
2021-05-28 16:00:00,CNY,momentum,"momentum(n=3,rearm=18)",BUY_NOW,down,0.5,fast,0,11.5402,"{""n"": 3, ""rearm"": 18, ""_feasible"": true, ""_n_feasible"": 8, ""_score"": 1.0072}","{""streak"": 3.0, ""drop_pct"": -0.175597941265504}"
2021-05-31 22:00:00,CNY,momentum,"momentum(n=3,rearm=18)",BUY_NOW,down,0.5,fast,0,11.5161,"{""n"": 3, ""rearm"": 18, ""_feasible"": true, ""_n_feasible"": 8, ""_score"": 1.0072}","{""streak"": 3.0, ""drop_pct"": -0.13701124706250178}"
2021-06-02 11:00:00,CNY,momentum,"momentum(n=3,rearm=18)",BUY_NOW,down,0.5,fast,0,11.5,"{""n"": 3, ""rearm"": 18, ""_feasible"": true, ""_n_feasible"": 8, ""_score"": 1.0072}","{""streak"": 3.0, ""drop_pct"": -0.2783534655440012}"
2021-06-02 23:00:00,CNY,level,"level(pct=0.25,rearm=27,stall_days=27,window=1080)",BUY_NOW,down,0.0444444444444444,medium,0,11.46,"{""window"": 1080, ""pct"": 0.25, ""stall_days"": 27, ""rearm"": 27, ""_feasible"": true, ""_n_feasible"": 54, ""_score"": 1.4431}","{""pct_rank"": 0.2388888888888889, ""window"": 1080.0, ""days_since_min"": 931.0}"
2021-06-03 18:00:00,CNY,momentum,"momentum(n=3,rearm=18)",BUY_NOW,down,0.5,fast,0,11.4459,"{""n"": 3, ""rearm"": 18, ""_feasible"": true, ""_n_feasible"": 8, ""_score"": 1.0072}","{""streak"": 3.0, ""drop_pct"": -0.1230366492146695}"
2021-06-04 16:00:00,CNY,level,"level(pct=0.25,rearm=27,stall_days=27,window=1080)",BUY_NOW,down,0.4111111111111111,medium,0,11.4086,"{""window"": 1080, ""pct"": 0.25, ""stall_days"": 27, ""rearm"": 27, ""_feasible"": true, ""_n_feasible"": 54, ""_score"": 1.4431}","{""pct_rank"": 0.14722222222222223, ""window"": 1080.0, ""days_since_min"": 958.0}"
2021-06-04 20:00:00,CNY,momentum,"momentum(n=3,rearm=18)",BUY_NOW,down,0.5,fast,0,11.3919,"{""n"": 3, ""rearm"": 18, ""_feasible"": true, ""_n_feasible"": 8, ""_score"": 1.0072}","{""streak"": 3.0, ""drop_pct"": -0.21722564313682025}"
2021-06-08 09:00:00,CNY,level,"level(pct=0.25,rearm=27,stall_days=27,window=1080)",BUY_NOW,down,0.4037037037037037,medium,0,11.4019,"{""window"": 1080, ""pct"": 0.25, ""stall_days"": 27, ""rearm"": 27, ""_feasible"": true, ""_n_feasible"": 54, ""_score"": 1.4431}","{""pct_rank"": 0.14907407407407408, ""window"": 1080.0, ""days_since_min"": 985.0}"
2021-06-08 13:00:00,CNY,momentum,"momentum(n=3,rearm=18)",BUY_NOW,down,0.5,fast,0,11.3657,"{""n"": 3, ""rearm"": 18, ""_feasible"": true, ""_n_feasible"": 8, ""_score"": 1.0072}","{""streak"": 3.0, ""drop_pct"": -0.35856433994353454}"
2021-06-08 21:00:00,CNY,dip_vs_trend,"dip_vs_trend(pct=0.05,rearm=27,span=360,window=1080)",BUY_NOW,down,0.01851851851851849,medium,0,11.3114,"{""span"": 360, ""window"": 1080, ""pct"": 0.05, ""rearm"": 27, ""_feasible"": true, ""_n_feasible"": 24, ""_score"": 1.4367}","{""dev_pct"": -1.467832888002052, ""pct_rank"": 0.049074074074074076, ""window"": 1080.0, ""span"": 360.0}"
2021-06-09 16:00:00,CNY,momentum,"momentum(n=3,rearm=18)",BUY_NOW,down,0.5,fast,0,11.2877,"{""n"": 3, ""rearm"": 18, ""_feasible"": true, ""_n_feasible"": 8, ""_score"": 1.0072}","{""streak"": 3.0, ""drop_pct"": -0.1256425910687642}"
2021-06-09 19:00:00,CNY,level,"level(pct=0.25,rearm=27,stall_days=27,window=1080)",BUY_NOW,down,0.6888888888888889,medium,0,11.32,"{""window"": 1080, ""pct"": 0.25, ""stall_days"": 27, ""rearm"": 27, ""_feasible"": true, ""_n_feasible"": 54, ""_score"": 1.4431}","{""pct_rank"": 0.07777777777777778, ""window"": 1080.0, ""days_since_min"": 1012.0}"
2021-06-10 16:00:00,CNY,dip_vs_trend,"dip_vs_trend(pct=0.05,rearm=27,span=360,window=1080)",BUY_NOW,down,0.5555555555555556,medium,0,11.26,"{""span"": 360, ""window"": 1080, ""pct"": 0.05, ""rearm"": 27, ""_feasible"": true, ""_n_feasible"": 24, ""_score"": 1.4367}","{""dev_pct"": -1.752256836896271, ""pct_rank"": 0.022222222222222223, ""window"": 1080.0, ""span"": 360.0}"
2021-06-10 17:00:00,CNY,momentum,"momentum(n=3,rearm=18)",BUY_NOW,down,0.6666666666666666,fast,0,11.2596,"{""n"": 3, ""rearm"": 18, ""_feasible"": true, ""_n_feasible"": 8, ""_score"": 1.0072}","{""streak"": 4.0, ""drop_pct"": -0.4544248961188102}"
2021-06-11 12:00:00,CNY,level,"level(pct=0.25,rearm=27,stall_days=27,window=1080)",BUY_NOW,down,0.9444444444444444,medium,0,11.222,"{""window"": 1080, ""pct"": 0.25, ""stall_days"": 27, ""rearm"": 27, ""_feasible"": true, ""_n_feasible"": 54, ""_score"": 1.4431}","{""pct_rank"": 0.013888888888888888, ""window"": 1080.0, ""days_since_min"": 1039.0}"
2021-06-14 09:00:00,CNY,dip_vs_trend,"dip_vs_trend(pct=0.05,rearm=27,span=360,window=1080)",BUY_NOW,down,0.16666666666666674,medium,0,11.2449,"{""span"": 360, ""window"": 1080, ""pct"": 0.05, ""rearm"": 27, ""_feasible"": true, ""_n_feasible"": 24, ""_score"": 1.4367}","{""dev_pct"": -1.7095197903312265, ""pct_rank"": 0.041666666666666664, ""window"": 1080.0, ""span"": 360.0}"
2021-06-14 22:00:00,CNY,level,"level(pct=0.25,rearm=27,stall_days=27,window=1080)",BUY_NOW,down,0.7925925925925926,medium,0,11.2664,"{""window"": 1080, ""pct"": 0.25, ""stall_days"": 27, ""rearm"": 27, ""_feasible"": true, ""_n_feasible"": 54, ""_score"": 1.4431}","{""pct_rank"": 0.05185185185185185, ""window"": 1080.0, ""days_since_min"": 1066.0}"
2021-06-15 11:00:00,CNY,momentum,"momentum(n=3,rearm=18)",BUY_NOW,down,0.5,fast,0,11.2149,"{""n"": 3, ""rearm"": 18, ""_feasible"": true, ""_n_feasible"": 8, ""_score"": 1.0072}","{""streak"": 3.0, ""drop_pct"": -0.751340731694361}"
2021-06-16 08:00:00,CNY,reversal,"reversal(max_days_since_min=180,rearm=27,rise_bps=30,window=1080)",WINDOW_CLOSING,up,0.8175107837104326,slow,0,11.2679,"{""window"": 1080, ""rise_bps"": 30, ""max_days_since_min"": 180, ""rearm"": 27, ""_feasible"": true, ""_n_feasible"": 16, ""_score"": 1.3586}","{""rise_pct"": 0.4905064702262596, ""min_rate"": 11.2129, ""days_since_min"": 12.0, ""window"": 1080.0}"
2021-06-16 18:00:00,CNY,momentum,"momentum(n=3,rearm=18)",BUY_NOW,down,0.5,fast,0,11.2401,"{""n"": 3, ""rearm"": 18, ""_feasible"": true, ""_n_feasible"": 8, ""_score"": 1.0072}","{""streak"": 3.0, ""drop_pct"": -0.1439194051331194}"
2021-06-16 19:00:00,CNY,dip_vs_trend,"dip_vs_trend(pct=0.05,rearm=27,span=360,window=1080)",BUY_NOW,down,0.2777777777777779,medium,0,11.2324,"{""span"": 360, ""window"": 1080, ""pct"": 0.05, ""rearm"": 27, ""_feasible"": true, ""_n_feasible"": 24, ""_score"": 1.4367}","{""dev_pct"": -1.5833354183304227, ""pct_rank"": 0.03611111111111111, ""window"": 1080.0, ""span"": 360.0}"
2021-06-16 23:00:00,CNY,level,"level(pct=0.25,rearm=27,stall_days=27,window=1080)",BUY_NOW,down,0.8296296296296296,medium,0,11.2629,"{""window"": 1080, ""pct"": 0.25, ""stall_days"": 27, ""rearm"": 27, ""_feasible"": true, ""_n_feasible"": 54, ""_score"": 1.4431}","{""pct_rank"": 0.04259259259259259, ""window"": 1080.0, ""days_since_min"": 27.0}"
2021-06-18 09:00:00,CNY,reversal,"reversal(max_days_since_min=180,rearm=27,rise_bps=30,window=1080)",WINDOW_CLOSING,up,0.5628568110141267,slow,0,11.2307,"{""window"": 1080, ""rise_bps"": 30, ""max_days_since_min"": 180, ""rearm"": 27, ""_feasible"": true, ""_n_feasible"": 16, ""_score"": 1.3586}","{""rise_pct"": 0.33771408660847596, ""min_rate"": 11.1929, ""days_since_min"": 8.0, ""window"": 1080.0}"
2021-06-18 12:00:00,CNY,dip_vs_trend,"dip_vs_trend(pct=0.05,rearm=27,span=360,window=1080)",BUY_NOW,down,0.5185185185185186,medium,0,11.201,"{""span"": 360, ""window"": 1080, ""pct"": 0.05, ""rearm"": 27, ""_feasible"": true, ""_n_feasible"": 24, ""_score"": 1.4367}","{""dev_pct"": -1.7111267111267092, ""pct_rank"": 0.024074074074074074, ""window"": 1080.0, ""span"": 360.0}"
2021-06-18 12:00:00,CNY,momentum,"momentum(n=3,rearm=18)",BUY_NOW,down,0.5,fast,0,11.201,"{""n"": 3, ""rearm"": 18, ""_feasible"": true, ""_n_feasible"": 8, ""_score"": 1.0072}","{""streak"": 3.0, ""drop_pct"": -0.2644536849884749}"
2021-06-21 11:00:00,CNY,level,"level(pct=0.25,rearm=27,stall_days=27,window=1080)",BUY_NOW,down,0.5074074074074074,medium,0,11.309,"{""window"": 1080, ""pct"": 0.25, ""stall_days"": 27, ""rearm"": 27, ""_feasible"": true, ""_n_feasible"": 54, ""_score"": 1.4431}","{""pct_rank"": 0.12314814814814815, ""window"": 1080.0, ""days_since_min"": 27.0}"
2021-06-21 18:00:00,CNY,momentum,"momentum(n=3,rearm=18)",BUY_NOW,down,0.5,fast,0,11.2693,"{""n"": 3, ""rearm"": 18, ""_feasible"": true, ""_n_feasible"": 8, ""_score"": 1.0072}","{""streak"": 3.0, ""drop_pct"": -0.39948738344602885}"
2021-06-21 19:00:00,CNY,reversal,"reversal(max_days_since_min=180,rearm=27,rise_bps=30,window=1080)",WINDOW_CLOSING,up,1.0,slow,0,11.3099,"{""window"": 1080, ""rise_bps"": 30, ""max_days_since_min"": 180, ""rearm"": 27, ""_feasible"": true, ""_n_feasible"": 16, ""_score"": 1.3586}","{""rise_pct"": 1.045305506169103, ""min_rate"": 11.1929, ""days_since_min"": 35.0, ""window"": 1080.0}"
2021-06-22 21:00:00,CNY,level,"level(pct=0.25,rearm=27,stall_days=27,window=1080)",BUY_NOW,down,0.7148148148148148,medium,0,11.2659,"{""window"": 1080, ""pct"": 0.25, ""stall_days"": 27, ""rearm"": 27, ""_feasible"": true, ""_n_feasible"": 54, ""_score"": 1.4431}","{""pct_rank"": 0.0712962962962963, ""window"": 1080.0, ""days_since_min"": 54.0}"
2021-06-23 00:00:00,CNY,momentum,"momentum(n=3,rearm=18)",BUY_NOW,down,0.5,fast,0,11.2435,"{""n"": 3, ""rearm"": 18, ""_feasible"": true, ""_n_feasible"": 8, ""_score"": 1.0072}","{""streak"": 3.0, ""drop_pct"": -0.19883009790607753}"
2021-06-23 12:00:00,CNY,dip_vs_trend,"dip_vs_trend(pct=0.05,rearm=27,span=360,window=1080)",BUY_NOW,down,0.12962962962962965,medium,0,11.1899,"{""span"": 360, ""window"": 1080, ""pct"": 0.05, ""rearm"": 27, ""_feasible"": true, ""_n_feasible"": 24, ""_score"": 1.4367}","{""dev_pct"": -1.596650386878562, ""pct_rank"": 0.04351851851851852, ""window"": 1080.0, ""span"": 360.0}"
2021-06-23 14:00:00,CNY,reversal,"reversal(max_days_since_min=180,rearm=27,rise_bps=30,window=1080)",WINDOW_CLOSING,up,0.5570499587425429,slow,0,11.2273,"{""window"": 1080, ""rise_bps"": 30, ""max_days_since_min"": 180, ""rearm"": 27, ""_feasible"": true, ""_n_feasible"": 16, ""_score"": 1.3586}","{""rise_pct"": 0.3342299752455258, ""min_rate"": 11.1899, ""days_since_min"": 2.0, ""window"": 1080.0}"
2021-06-24 12:00:00,CNY,momentum,"momentum(n=3,rearm=18)",BUY_NOW,down,0.5,fast,0,11.1615,"{""n"": 3, ""rearm"": 18, ""_feasible"": true, ""_n_feasible"": 8, ""_score"": 1.0072}","{""streak"": 3.0, ""drop_pct"": -0.4459706551308784}"
2021-06-25 15:00:00,CNY,momentum,"momentum(n=3,rearm=18)",BUY_NOW,down,0.5,fast,0,11.1681,"{""n"": 3, ""rearm"": 18, ""_feasible"": true, ""_n_feasible"": 8, ""_score"": 1.0072}","{""streak"": 3.0, ""drop_pct"": -0.13323795046050746}"
2021-06-25 22:00:00,CNY,level,"level(pct=0.25,rearm=27,stall_days=27,window=1080)",BUY_NOW,down,0.8888888888888888,medium,0,11.1879,"{""window"": 1080, ""pct"": 0.25, ""stall_days"": 27, ""rearm"": 27, ""_feasible"": true, ""_n_feasible"": 54, ""_score"": 1.4431}","{""pct_rank"": 0.027777777777777776, ""window"": 1080.0, ""days_since_min"": 27.0}"
2021-06-28 22:00:00,CNY,momentum,"momentum(n=3,rearm=18)",BUY_NOW,down,0.5,fast,0,11.165,"{""n"": 3, ""rearm"": 18, ""_feasible"": true, ""_n_feasible"": 8, ""_score"": 1.0072}","{""streak"": 3.0, ""drop_pct"": -0.1511371055008648}"
2021-06-29 10:00:00,CNY,reversal,"reversal(max_days_since_min=180,rearm=27,rise_bps=30,window=1080)",WINDOW_CLOSING,up,0.5823590019262692,slow,0,11.2005,"{""window"": 1080, ""rise_bps"": 30, ""max_days_since_min"": 180, ""rearm"": 27, ""_feasible"": true, ""_n_feasible"": 16, ""_score"": 1.3586}","{""rise_pct"": 0.34941540115576153, ""min_rate"": 11.1615, ""days_since_min"": 48.0, ""window"": 1080.0}"
2021-06-29 16:00:00,CNY,level,"level(pct=0.25,rearm=27,stall_days=27,window=1080)",BUY_NOW,down,0.5074074074074074,medium,0,11.2545,"{""window"": 1080, ""pct"": 0.25, ""stall_days"": 27, ""rearm"": 27, ""_feasible"": true, ""_n_feasible"": 54, ""_score"": 1.4431}","{""pct_rank"": 0.12314814814814815, ""window"": 1080.0, ""days_since_min"": 54.0}"
2021-06-30 15:00:00,CNY,momentum,"momentum(n=3,rearm=18)",BUY_NOW,down,0.5,fast,0,11.299,"{""n"": 3, ""rearm"": 18, ""_feasible"": true, ""_n_feasible"": 8, ""_score"": 1.0072}","{""streak"": 3.0, ""drop_pct"": -0.23838954617694252}"
2021-06-30 20:00:00,CNY,reversal,"reversal(max_days_since_min=180,rearm=27,rise_bps=30,window=1080)",WINDOW_CLOSING,up,1.0,slow,0,11.3219,"{""window"": 1080, ""rise_bps"": 30, ""max_days_since_min"": 180, ""rearm"": 27, ""_feasible"": true, ""_n_feasible"": 16, ""_score"": 1.3586}","{""rise_pct"": 1.4370828293688076, ""min_rate"": 11.1615, ""days_since_min"": 75.0, ""window"": 1080.0}"
2021-07-01 09:00:00,CNY,level,"level(pct=0.25,rearm=27,stall_days=27,window=1080)",BUY_NOW,down,0.09259259259259256,medium,1,11.3036,"{""window"": 1080, ""pct"": 0.25, ""stall_days"": 27, ""rearm"": 27, ""_feasible"": true, ""_n_feasible"": 53, ""_score"": 1.4869}","{""pct_rank"": 0.22685185185185186, ""window"": 1080.0, ""days_since_min"": 81.0}"
2021-07-02 09:00:00,CNY,momentum,"momentum(n=3,rearm=18)",BUY_NOW,down,0.5,fast,1,11.32,"{""n"": 3, ""rearm"": 18, ""_feasible"": true, ""_n_feasible"": 7, ""_score"": 1.0236}","{""streak"": 3.0, ""drop_pct"": -0.2810102273628212}"
2021-07-05 20:00:00,CNY,momentum,"momentum(n=3,rearm=18)",BUY_NOW,down,0.5,fast,1,11.3659,"{""n"": 3, ""rearm"": 18, ""_feasible"": true, ""_n_feasible"": 7, ""_score"": 1.0236}","{""streak"": 3.0, ""drop_pct"": -0.1239015817223299}"
2021-07-07 10:00:00,CNY,momentum,"momentum(n=3,rearm=18)",BUY_NOW,down,0.5,fast,1,11.4588,"{""n"": 3, ""rearm"": 18, ""_feasible"": true, ""_n_feasible"": 7, ""_score"": 1.0236}","{""streak"": 3.0, ""drop_pct"": -0.29757243539546563}"
2021-07-09 11:00:00,CNY,momentum,"momentum(n=3,rearm=18)",BUY_NOW,down,0.5,fast,1,11.4646,"{""n"": 3, ""rearm"": 18, ""_feasible"": true, ""_n_feasible"": 7, ""_score"": 1.0236}","{""streak"": 3.0, ""drop_pct"": -0.5059490232493524}"
2021-07-12 17:00:00,CNY,momentum,"momentum(n=3,rearm=18)",BUY_NOW,down,0.5,fast,1,11.501,"{""n"": 3, ""rearm"": 18, ""_feasible"": true, ""_n_feasible"": 7, ""_score"": 1.0236}","{""streak"": 3.0, ""drop_pct"": -0.3163596966413884}"
2021-07-13 18:00:00,CNY,momentum,"momentum(n=3,rearm=18)",BUY_NOW,down,0.5,fast,1,11.448,"{""n"": 3, ""rearm"": 18, ""_feasible"": true, ""_n_feasible"": 7, ""_score"": 1.0236}","{""streak"": 3.0, ""drop_pct"": -0.19093453299505736}"
2021-07-14 22:00:00,CNY,momentum,"momentum(n=3,rearm=18)",BUY_NOW,down,0.5,fast,1,11.4656,"{""n"": 3, ""rearm"": 18, ""_feasible"": true, ""_n_feasible"": 7, ""_score"": 1.0236}","{""streak"": 3.0, ""drop_pct"": -0.1689159773617721}"
2021-07-16 10:00:00,CNY,momentum,"momentum(n=3,rearm=18)",BUY_NOW,down,0.5,fast,1,11.4824,"{""n"": 3, ""rearm"": 18, ""_feasible"": true, ""_n_feasible"": 7, ""_score"": 1.0236}","{""streak"": 3.0, ""drop_pct"": -0.28917043688182487}"
2021-07-20 21:00:00,CNY,momentum,"momentum(n=3,rearm=18)",BUY_NOW,down,0.5,fast,1,11.4621,"{""n"": 3, ""rearm"": 18, ""_feasible"": true, ""_n_feasible"": 7, ""_score"": 1.0236}","{""streak"": 3.0, ""drop_pct"": -0.2653881628178145}"
2021-07-22 11:00:00,CNY,momentum,"momentum(n=3,rearm=18)",BUY_NOW,down,0.5,fast,1,11.4,"{""n"": 3, ""rearm"": 18, ""_feasible"": true, ""_n_feasible"": 7, ""_score"": 1.0236}","{""streak"": 3.0, ""drop_pct"": -0.4314636574842323}"
2021-07-26 17:00:00,CNY,momentum,"momentum(n=3,rearm=18)",BUY_NOW,down,0.5,fast,1,11.3836,"{""n"": 3, ""rearm"": 18, ""_feasible"": true, ""_n_feasible"": 7, ""_score"": 1.0236}","{""streak"": 3.0, ""drop_pct"": -0.3213575825503634}"
2021-07-27 16:00:00,CNY,level,"level(pct=0.25,rearm=27,stall_days=27,window=1080)",BUY_NOW,down,0.011111111111111072,medium,1,11.3115,"{""window"": 1080, ""pct"": 0.25, ""stall_days"": 27, ""rearm"": 27, ""_feasible"": true, ""_n_feasible"": 53, ""_score"": 1.4869}","{""pct_rank"": 0.24722222222222223, ""window"": 1080.0, ""days_since_min"": 393.0}"
2021-07-27 22:00:00,CNY,momentum,"momentum(n=3,rearm=18)",BUY_NOW,down,0.5,fast,1,11.2999,"{""n"": 3, ""rearm"": 18, ""_feasible"": true, ""_n_feasible"": 7, ""_score"": 1.0236}","{""streak"": 3.0, ""drop_pct"": -0.088418111565991}"
2021-07-29 23:00:00,CNY,momentum,"momentum(n=3,rearm=18)",BUY_NOW,down,0.5,fast,1,11.3151,"{""n"": 3, ""rearm"": 18, ""_feasible"": true, ""_n_feasible"": 7, ""_score"": 1.0236}","{""streak"": 3.0, ""drop_pct"": -0.024739571828702456}"
2021-07-30 13:00:00,CNY,level,"level(pct=0.25,rearm=27,stall_days=27,window=1080)",BUY_NOW,down,0.011111111111111072,medium,1,11.306,"{""window"": 1080, ""pct"": 0.25, ""stall_days"": 27, ""rearm"": 27, ""_feasible"": true, ""_n_feasible"": 53, ""_score"": 1.4869}","{""pct_rank"": 0.24722222222222223, ""window"": 1080.0, ""days_since_min"": 441.0}"
2021-08-03 00:00:00,CNY,level,"level(pct=0.25,rearm=27,stall_days=27,window=1080)",BUY_NOW,down,0.062962962962963,medium,1,11.296,"{""window"": 1080, ""pct"": 0.25, ""stall_days"": 27, ""rearm"": 27, ""_feasible"": true, ""_n_feasible"": 53, ""_score"": 1.4869}","{""pct_rank"": 0.23425925925925925, ""window"": 1080.0, ""days_since_min"": 468.0}"
2021-08-03 10:00:00,CNY,momentum,"momentum(n=3,rearm=18)",BUY_NOW,down,0.5,fast,1,11.2815,"{""n"": 3, ""rearm"": 18, ""_feasible"": true, ""_n_feasible"": 7, ""_score"": 1.0236}","{""streak"": 3.0, ""drop_pct"": -0.15399729177176802}"
2021-08-05 23:00:00,CNY,momentum,"momentum(n=3,rearm=18)",BUY_NOW,down,0.5,fast,1,11.3071,"{""n"": 3, ""rearm"": 18, ""_feasible"": true, ""_n_feasible"": 7, ""_score"": 1.0236}","{""streak"": 3.0, ""drop_pct"": -0.12189843563673586}"
2021-08-09 15:00:00,CNY,momentum,"momentum(n=3,rearm=18)",BUY_NOW,down,0.5,fast,1,11.3373,"{""n"": 3, ""rearm"": 18, ""_feasible"": true, ""_n_feasible"": 7, ""_score"": 1.0236}","{""streak"": 3.0, ""drop_pct"": -0.14708472784920046}"
2021-08-10 23:00:00,CNY,momentum,"momentum(n=3,rearm=18)",BUY_NOW,down,0.5,fast,1,11.3923,"{""n"": 3, ""rearm"": 18, ""_feasible"": true, ""_n_feasible"": 7, ""_score"": 1.0236}","{""streak"": 3.0, ""drop_pct"": -0.13237021582481745}"
2021-08-13 12:00:00,CNY,momentum,"momentum(n=3,rearm=18)",BUY_NOW,down,0.5,fast,1,11.334,"{""n"": 3, ""rearm"": 18, ""_feasible"": true, ""_n_feasible"": 7, ""_score"": 1.0236}","{""streak"": 3.0, ""drop_pct"": -0.2850506756756799}"
2021-08-16 20:00:00,CNY,momentum,"momentum(n=3,rearm=18)",BUY_NOW,down,0.5,fast,1,11.3101,"{""n"": 3, ""rearm"": 18, ""_feasible"": true, ""_n_feasible"": 7, ""_score"": 1.0236}","{""streak"": 3.0, ""drop_pct"": -0.2583910965306746}"
2021-08-18 22:00:00,CNY,momentum,"momentum(n=3,rearm=18)",BUY_NOW,down,0.5,fast,1,11.3656,"{""n"": 3, ""rearm"": 18, ""_feasible"": true, ""_n_feasible"": 7, ""_score"": 1.0236}","{""streak"": 3.0, ""drop_pct"": -0.18267406730836377}"
2021-08-24 09:00:00,CNY,momentum,"momentum(n=3,rearm=18)",BUY_NOW,down,0.5,fast,1,11.4236,"{""n"": 3, ""rearm"": 18, ""_feasible"": true, ""_n_feasible"": 7, ""_score"": 1.0236}","{""streak"": 3.0, ""drop_pct"": -0.2288249576411716}"
2021-08-25 11:00:00,CNY,momentum,"momentum(n=3,rearm=18)",BUY_NOW,down,0.5,fast,1,11.3963,"{""n"": 3, ""rearm"": 18, ""_feasible"": true, ""_n_feasible"": 7, ""_score"": 1.0236}","{""streak"": 3.0, ""drop_pct"": -0.10168392079172861}"
2021-08-26 20:00:00,CNY,momentum,"momentum(n=3,rearm=18)",BUY_NOW,down,0.5,fast,1,11.4544,"{""n"": 3, ""rearm"": 18, ""_feasible"": true, ""_n_feasible"": 7, ""_score"": 1.0236}","{""streak"": 3.0, ""drop_pct"": -0.09245529873528335}"
2021-08-30 16:00:00,CNY,momentum,"momentum(n=3,rearm=18)",BUY_NOW,down,0.5,fast,1,11.3775,"{""n"": 3, ""rearm"": 18, ""_feasible"": true, ""_n_feasible"": 7, ""_score"": 1.0236}","{""streak"": 3.0, ""drop_pct"": -0.10009746331954839}"
2021-09-01 09:00:00,CNY,momentum,"momentum(n=3,rearm=18)",BUY_NOW,down,0.5,fast,1,11.3426,"{""n"": 3, ""rearm"": 18, ""_feasible"": true, ""_n_feasible"": 7, ""_score"": 1.0236}","{""streak"": 3.0, ""drop_pct"": -0.125914642199898}"
2021-09-02 11:00:00,CNY,level,"level(pct=0.25,rearm=27,stall_days=27,window=1080)",BUY_NOW,down,0.14074074074074072,medium,1,11.286,"{""window"": 1080, ""pct"": 0.25, ""stall_days"": 27, ""rearm"": 27, ""_feasible"": true, ""_n_feasible"": 53, ""_score"": 1.4869}","{""pct_rank"": 0.21481481481481482, ""window"": 1080.0, ""days_since_min"": 838.0}"
2021-09-02 12:00:00,CNY,momentum,"momentum(n=3,rearm=18)",BUY_NOW,down,0.5,fast,1,11.281,"{""n"": 3, ""rearm"": 18, ""_feasible"": true, ""_n_feasible"": 7, ""_score"": 1.0236}","{""streak"": 3.0, ""drop_pct"": -0.318105504992483}"
2021-09-06 22:00:00,CNY,momentum,"momentum(n=3,rearm=18)",BUY_NOW,down,0.5,fast,1,11.3197,"{""n"": 3, ""rearm"": 18, ""_feasible"": true, ""_n_feasible"": 7, ""_score"": 1.0236}","{""streak"": 3.0, ""drop_pct"": -0.052094370276190016}"
2021-09-08 15:00:00,CNY,momentum,"momentum(n=3,rearm=18)",BUY_NOW,down,0.5,fast,1,11.3521,"{""n"": 3, ""rearm"": 18, ""_feasible"": true, ""_n_feasible"": 7, ""_score"": 1.0236}","{""streak"": 3.0, ""drop_pct"": -0.30211215035348404}"
2021-09-09 15:00:00,CNY,level,"level(pct=0.25,rearm=27,stall_days=27,window=1080)",BUY_NOW,down,0.03703703703703709,medium,1,11.295,"{""window"": 1080, ""pct"": 0.25, ""stall_days"": 27, ""rearm"": 27, ""_feasible"": true, ""_n_feasible"": 53, ""_score"": 1.4869}","{""pct_rank"": 0.24074074074074073, ""window"": 1080.0, ""days_since_min"": 927.0}"
2021-09-09 19:00:00,CNY,momentum,"momentum(n=3,rearm=18)",BUY_NOW,down,0.5,fast,1,11.3029,"{""n"": 3, ""rearm"": 18, ""_feasible"": true, ""_n_feasible"": 7, ""_score"": 1.0236}","{""streak"": 3.0, ""drop_pct"": -0.11929588915202682}"
2021-09-13 12:00:00,CNY,momentum,"momentum(n=3,rearm=18)",BUY_NOW,down,0.5,fast,1,11.3217,"{""n"": 3, ""rearm"": 18, ""_feasible"": true, ""_n_feasible"": 7, ""_score"": 1.0236}","{""streak"": 3.0, ""drop_pct"": -0.23000052873684007}"
2021-09-13 16:00:00,CNY,level,"level(pct=0.25,rearm=27,stall_days=27,window=1080)",BUY_NOW,down,0.16296296296296298,medium,1,11.294,"{""window"": 1080, ""pct"": 0.25, ""stall_days"": 27, ""rearm"": 27, ""_feasible"": true, ""_n_feasible"": 53, ""_score"": 1.4869}","{""pct_rank"": 0.20925925925925926, ""window"": 1080.0, ""days_since_min"": 962.0}"
2021-09-14 20:00:00,CNY,momentum,"momentum(n=3,rearm=18)",BUY_NOW,down,0.5,fast,1,11.3139,"{""n"": 3, ""rearm"": 18, ""_feasible"": true, ""_n_feasible"": 7, ""_score"": 1.0236}","{""streak"": 3.0, ""drop_pct"": -0.18614909572122196}"
2021-09-15 12:00:00,CNY,level,"level(pct=0.25,rearm=27,stall_days=27,window=1080)",BUY_NOW,down,0.022222222222222254,medium,1,11.305,"{""window"": 1080, ""pct"": 0.25, ""stall_days"": 27, ""rearm"": 27, ""_feasible"": true, ""_n_feasible"": 53, ""_score"": 1.4869}","{""pct_rank"": 0.24444444444444444, ""window"": 1080.0, ""days_since_min"": 992.0}"
2021-09-15 21:00:00,CNY,momentum,"momentum(n=3,rearm=18)",BUY_NOW,down,0.5,fast,1,11.26,"{""n"": 3, ""rearm"": 18, ""_feasible"": true, ""_n_feasible"": 7, ""_score"": 1.0236}","{""streak"": 3.0, ""drop_pct"": -0.25158569859323743}"
2021-09-16 22:00:00,CNY,level,"level(pct=0.25,rearm=27,stall_days=27,window=1080)",BUY_NOW,down,0.7185185185185186,medium,1,11.2401,"{""window"": 1080, ""pct"": 0.25, ""stall_days"": 27, ""rearm"": 27, ""_feasible"": true, ""_n_feasible"": 53, ""_score"": 1.4869}","{""pct_rank"": 0.07037037037037037, ""window"": 1080.0, ""days_since_min"": 1019.0}"
2021-09-17 12:00:00,CNY,reversal,"reversal(max_days_since_min=45,rearm=27,rise_bps=20,window=540)",WINDOW_CLOSING,up,0.5318154711573819,slow,1,11.259,"{""window"": 540, ""rise_bps"": 20, ""max_days_since_min"": 45, ""rearm"": 27, ""_feasible"": true, ""_n_feasible"": 16, ""_score"": 1.282}","{""rise_pct"": 0.21272618846295277, ""min_rate"": 11.2351, ""days_since_min"": 4.0, ""window"": 540.0}"
2021-09-18 00:00:00,CNY,momentum,"momentum(n=3,rearm=18)",BUY_NOW,down,0.5,fast,1,11.2615,"{""n"": 3, ""rearm"": 18, ""_feasible"": true, ""_n_feasible"": 7, ""_score"": 1.0236}","{""streak"": 3.0, ""drop_pct"": -0.11973392461197552}"
2021-09-20 22:00:00,CNY,reversal,"reversal(max_days_since_min=45,rearm=27,rise_bps=20,window=540)",WINDOW_CLOSING,up,1.0,slow,1,11.3515,"{""window"": 540, ""rise_bps"": 20, ""max_days_since_min"": 45, ""rearm"": 27, ""_feasible"": true, ""_n_feasible"": 16, ""_score"": 1.282}","{""rise_pct"": 1.0360388425559197, ""min_rate"": 11.2351, ""days_since_min"": 31.0, ""window"": 540.0}"
2021-09-21 08:00:00,CNY,momentum,"momentum(n=3,rearm=18)",BUY_NOW,down,0.5,fast,1,11.3275,"{""n"": 3, ""rearm"": 18, ""_feasible"": true, ""_n_feasible"": 7, ""_score"": 1.0236}","{""streak"": 3.0, ""drop_pct"": -0.2114258027573368}"
2021-09-21 11:00:00,CNY,level,"level(pct=0.25,rearm=27,stall_days=27,window=1080)",BUY_NOW,down,0.18518518518518523,medium,1,11.2995,"{""window"": 1080, ""pct"": 0.25, ""stall_days"": 27, ""rearm"": 27, ""_feasible"": true, ""_n_feasible"": 53, ""_score"": 1.4869}","{""pct_rank"": 0.2037037037037037, ""window"": 1080.0, ""days_since_min"": 1059.0}"
2021-09-22 21:00:00,CNY,level,"level(pct=0.25,rearm=27,stall_days=27,window=1080)",BUY_NOW,down,0.337037037037037,medium,1,11.2909,"{""window"": 1080, ""pct"": 0.25, ""stall_days"": 27, ""rearm"": 27, ""_feasible"": true, ""_n_feasible"": 53, ""_score"": 1.4869}","{""pct_rank"": 0.16574074074074074, ""window"": 1080.0, ""days_since_min"": 1041.0}"
2021-09-23 11:00:00,CNY,dip_vs_trend,"dip_vs_trend(pct=0.1,rearm=27,span=720,window=1080)",BUY_NOW,down,0.06481481481481488,medium,1,11.2409,"{""span"": 720, ""window"": 1080, ""pct"": 0.1, ""rearm"": 27, ""_feasible"": true, ""_n_feasible"": 30, ""_score"": 1.5369}","{""dev_pct"": -0.85738608093191, ""pct_rank"": 0.09351851851851851, ""window"": 1080.0, ""span"": 720.0}"
2021-09-23 23:00:00,CNY,momentum,"momentum(n=3,rearm=18)",BUY_NOW,down,0.5,fast,1,11.27,"{""n"": 3, ""rearm"": 18, ""_feasible"": true, ""_n_feasible"": 7, ""_score"": 1.0236}","{""streak"": 3.0, ""drop_pct"": -0.04345936549327023}"
2021-09-24 15:00:00,CNY,level,"level(pct=0.25,rearm=27,stall_days=27,window=1080)",BUY_NOW,down,0.4925925925925926,medium,1,11.2817,"{""window"": 1080, ""pct"": 0.25, ""stall_days"": 27, ""rearm"": 27, ""_feasible"": true, ""_n_feasible"": 53, ""_score"": 1.4869}","{""pct_rank"": 0.12685185185185185, ""window"": 1080.0, ""days_since_min"": 1068.0}"
2021-09-27 08:00:00,CNY,dip_vs_trend,"dip_vs_trend(pct=0.1,rearm=27,span=720,window=1080)",BUY_NOW,down,0.12962962962962965,medium,1,11.2442,"{""span"": 720, ""window"": 1080, ""pct"": 0.1, ""rearm"": 27, ""_feasible"": true, ""_n_feasible"": 30, ""_score"": 1.5369}","{""dev_pct"": -0.800252788408562, ""pct_rank"": 0.08703703703703704, ""window"": 1080.0, ""span"": 720.0}"
2021-09-28 09:00:00,CNY,momentum,"momentum(n=3,rearm=18)",BUY_NOW,down,0.5,fast,1,11.22,"{""n"": 3, ""rearm"": 18, ""_feasible"": true, ""_n_feasible"": 7, ""_score"": 1.0236}","{""streak"": 3.0, ""drop_pct"": -0.15928242821167116}"
2021-09-28 13:00:00,CNY,reversal,"reversal(max_days_since_min=45,rearm=27,rise_bps=20,window=540)",WINDOW_CLOSING,up,0.6016042780748743,slow,1,11.247,"{""window"": 540, ""rise_bps"": 20, ""max_days_since_min"": 45, ""rearm"": 27, ""_feasible"": true, ""_n_feasible"": 16, ""_score"": 1.282}","{""rise_pct"": 0.2406417112299497, ""min_rate"": 11.22, ""days_since_min"": 11.0, ""window"": 540.0}"
2021-09-29 13:00:00,CNY,level,"level(pct=0.25,rearm=27,stall_days=27,window=1080)",BUY_NOW,down,0.8185185185185185,medium,1,11.252,"{""window"": 1080, ""pct"": 0.25, ""stall_days"": 27, ""rearm"": 27, ""_feasible"": true, ""_n_feasible"": 53, ""_score"": 1.4869}","{""pct_rank"": 0.04537037037037037, ""window"": 1080.0, ""days_since_min"": 27.0}"
2021-09-29 19:00:00,CNY,dip_vs_trend,"dip_vs_trend(pct=0.1,rearm=27,span=720,window=1080)",BUY_NOW,down,0.06481481481481488,medium,1,11.2461,"{""span"": 720, ""window"": 1080, ""pct"": 0.1, ""rearm"": 27, ""_feasible"": true, ""_n_feasible"": 30, ""_score"": 1.5369}","{""dev_pct"": -0.7437727602358946, ""pct_rank"": 0.09351851851851851, ""window"": 1080.0, ""span"": 720.0}"
2021-09-30 08:00:00,CNY,reversal,"reversal(max_days_since_min=45,rearm=27,rise_bps=20,window=540)",WINDOW_CLOSING,up,0.8021390374331471,slow,1,11.256,"{""window"": 540, ""rise_bps"": 20, ""max_days_since_min"": 45, ""rearm"": 27, ""_feasible"": true, ""_n_feasible"": 16, ""_score"": 1.282}","{""rise_pct"": 0.3208556149732588, ""min_rate"": 11.22, ""days_since_min"": 38.0, ""window"": 540.0}"
2021-09-30 10:00:00,CNY,momentum,"momentum(n=3,rearm=18)",BUY_NOW,down,0.5,fast,1,11.2523,"{""n"": 3, ""rearm"": 18, ""_feasible"": true, ""_n_feasible"": 7, ""_score"": 1.0236}","{""streak"": 3.0, ""drop_pct"": -0.04619142793693687}"
2021-10-01 00:00:00,CNY,level,"level(pct=0.25,rearm=27,stall_days=27,window=1080)",BUY_NOW,down,0.11481481481481481,medium,1,11.298,"{""window"": 1080, ""pct"": 0.25, ""stall_days"": 27, ""rearm"": 27, ""_feasible"": true, ""_n_feasible"": 53, ""_score"": 1.4869}","{""pct_rank"": 0.2212962962962963, ""window"": 1080.0, ""days_since_min"": 54.0}"
2021-10-01 17:00:00,CNY,momentum,"momentum(n=3,rearm=18)",BUY_NOW,down,0.5,fast,1,11.338,"{""n"": 3, ""rearm"": 18, ""_feasible"": true, ""_n_feasible"": 7, ""_score"": 1.0236}","{""streak"": 3.0, ""drop_pct"": -0.3252747252747379}"
2021-10-04 17:00:00,CNY,level,"level(pct=0.25,rearm=27,stall_days=27,window=1080)",BUY_NOW,down,0.5925925925925926,medium,1,11.265,"{""window"": 1080, ""pct"": 0.25, ""stall_days"": 27, ""rearm"": 27, ""_feasible"": true, ""_n_feasible"": 53, ""_score"": 1.4869}","{""pct_rank"": 0.10185185185185185, ""window"": 1080.0, ""days_since_min"": 81.0}"
2021-10-04 19:00:00,CNY,dip_vs_trend,"dip_vs_trend(pct=0.1,rearm=27,span=720,window=1080)",BUY_NOW,down,0.2407407407407408,medium,1,11.2412,"{""span"": 720, ""window"": 1080, ""pct"": 0.1, ""rearm"": 27, ""_feasible"": true, ""_n_feasible"": 30, ""_score"": 1.5369}","{""dev_pct"": -0.7906032567847721, ""pct_rank"": 0.07592592592592592, ""window"": 1080.0, ""span"": 720.0}"
2021-10-05 17:00:00,CNY,momentum,"momentum(n=3,rearm=18)",BUY_NOW,down,0.5,fast,1,11.2437,"{""n"": 3, ""rearm"": 18, ""_feasible"": true, ""_n_feasible"": 7, ""_score"": 1.0236}","{""streak"": 3.0, ""drop_pct"": -0.25106458481192195}"
2021-10-06 10:00:00,CNY,level,"level(pct=0.25,rearm=27,stall_days=27,window=1080)",BUY_NOW,down,0.9444444444444444,medium,1,11.2317,"{""window"": 1080, ""pct"": 0.25, ""stall_days"": 27, ""rearm"": 27, ""_feasible"": true, ""_n_feasible"": 53, ""_score"": 1.4869}","{""pct_rank"": 0.013888888888888888, ""window"": 1080.0, ""days_since_min"": 108.0}"
2021-10-06 12:00:00,CNY,dip_vs_trend,"dip_vs_trend(pct=0.1,rearm=27,span=720,window=1080)",BUY_NOW,down,0.12037037037037035,medium,1,11.2392,"{""span"": 720, ""window"": 1080, ""pct"": 0.1, ""rearm"": 27, ""_feasible"": true, ""_n_feasible"": 30, ""_score"": 1.5369}","{""dev_pct"": -0.7840394137857531, ""pct_rank"": 0.08796296296296297, ""window"": 1080.0, ""span"": 720.0}"
2021-10-07 12:00:00,CNY,momentum,"momentum(n=3,rearm=18)",BUY_NOW,down,0.5,fast,1,11.2086,"{""n"": 3, ""rearm"": 18, ""_feasible"": true, ""_n_feasible"": 7, ""_score"": 1.0236}","{""streak"": 3.0, ""drop_pct"": -0.18789460092432098}"
2021-10-07 23:00:00,CNY,dip_vs_trend,"dip_vs_trend(pct=0.1,rearm=27,span=720,window=1080)",BUY_NOW,down,0.9907407407407407,medium,1,11.124,"{""span"": 720, ""window"": 1080, ""pct"": 0.1, ""rearm"": 27, ""_feasible"": true, ""_n_feasible"": 30, ""_score"": 1.5369}","{""dev_pct"": -1.752152124892692, ""pct_rank"": 0.000925925925925926, ""window"": 1080.0, ""span"": 720.0}"
2021-10-08 10:00:00,CNY,reversal,"reversal(max_days_since_min=45,rearm=27,rise_bps=20,window=540)",WINDOW_CLOSING,up,0.7530797590144522,slow,1,11.1545,"{""window"": 540, ""rise_bps"": 20, ""max_days_since_min"": 45, ""rearm"": 27, ""_feasible"": true, ""_n_feasible"": 16, ""_score"": 1.282}","{""rise_pct"": 0.3012319036057809, ""min_rate"": 11.121, ""days_since_min"": 3.0, ""window"": 540.0}"
2021-10-08 18:00:00,CNY,momentum,"momentum(n=3,rearm=18)",BUY_NOW,down,0.5,fast,1,11.1262,"{""n"": 3, ""rearm"": 18, ""_feasible"": true, ""_n_feasible"": 7, ""_score"": 1.0236}","{""streak"": 3.0, ""drop_pct"": -0.33948101503926686}"
2021-10-11 16:00:00,CNY,dip_vs_trend,"dip_vs_trend(pct=0.1,rearm=27,span=720,window=1080)",BUY_NOW,down,0.9074074074074074,medium,1,11.1208,"{""span"": 720, ""window"": 1080, ""pct"": 0.1, ""rearm"": 27, ""_feasible"": true, ""_n_feasible"": 30, ""_score"": 1.5369}","{""dev_pct"": -1.7005656684728532, ""pct_rank"": 0.009259259259259259, ""window"": 1080.0, ""span"": 720.0}"
2021-10-12 08:00:00,CNY,reversal,"reversal(max_days_since_min=45,rearm=27,rise_bps=20,window=540)",WINDOW_CLOSING,up,0.776887047378827,slow,1,11.1365,"{""window"": 540, ""rise_bps"": 20, ""max_days_since_min"": 45, ""rearm"": 27, ""_feasible"": true, ""_n_feasible"": 16, ""_score"": 1.282}","{""rise_pct"": 0.3107548189515308, ""min_rate"": 11.102, ""days_since_min"": 5.0, ""window"": 540.0}"
2021-10-12 23:00:00,CNY,momentum,"momentum(n=3,rearm=18)",BUY_NOW,down,0.5,fast,1,11.1291,"{""n"": 3, ""rearm"": 18, ""_feasible"": true, ""_n_feasible"": 7, ""_score"": 1.0236}","{""streak"": 3.0, ""drop_pct"": -0.10232933889861018}"
2021-10-13 10:00:00,CNY,dip_vs_trend,"dip_vs_trend(pct=0.1,rearm=27,span=720,window=1080)",BUY_NOW,down,0.6666666666666667,medium,1,11.1335,"{""span"": 720, ""window"": 1080, ""pct"": 0.1, ""rearm"": 27, ""_feasible"": true, ""_n_feasible"": 30, ""_score"": 1.5369}","{""dev_pct"": -1.515071377836974, ""pct_rank"": 0.03333333333333333, ""window"": 1080.0, ""span"": 720.0}"
2021-10-13 13:00:00,CNY,level,"level(pct=0.25,rearm=27,stall_days=27,window=1080)",BUY_NOW,down,0.8481481481481481,medium,1,11.1416,"{""window"": 1080, ""pct"": 0.25, ""stall_days"": 27, ""rearm"": 27, ""_feasible"": true, ""_n_feasible"": 53, ""_score"": 1.4869}","{""pct_rank"": 0.03796296296296296, ""window"": 1080.0, ""days_since_min"": 27.0}"
2021-10-13 18:00:00,CNY,reversal,"reversal(max_days_since_min=45,rearm=27,rise_bps=20,window=540)",WINDOW_CLOSING,up,1.0,slow,1,11.2141,"{""window"": 540, ""rise_bps"": 20, ""max_days_since_min"": 45, ""rearm"": 27, ""_feasible"": true, ""_n_feasible"": 16, ""_score"": 1.282}","{""rise_pct"": 1.0097279769410994, ""min_rate"": 11.102, ""days_since_min"": 32.0, ""window"": 540.0}"
2021-10-14 09:00:00,CNY,momentum,"momentum(n=3,rearm=18)",BUY_NOW,down,0.5,fast,1,11.1724,"{""n"": 3, ""rearm"": 18, ""_feasible"": true, ""_n_feasible"": 7, ""_score"": 1.0236}","{""streak"": 3.0, ""drop_pct"": -0.3220769951376323}"
2021-10-14 20:00:00,CNY,dip_vs_trend,"dip_vs_trend(pct=0.1,rearm=27,span=720,window=1080)",BUY_NOW,down,0.8518518518518519,medium,1,11.1059,"{""span"": 720, ""window"": 1080, ""pct"": 0.1, ""rearm"": 27, ""_feasible"": true, ""_n_feasible"": 30, ""_score"": 1.5369}","{""dev_pct"": -1.7060998065909883, ""pct_rank"": 0.014814814814814815, ""window"": 1080.0, ""span"": 720.0}"
2021-10-15 19:00:00,CNY,momentum,"momentum(n=3,rearm=18)",BUY_NOW,down,0.5,fast,1,11.0309,"{""n"": 3, ""rearm"": 18, ""_feasible"": true, ""_n_feasible"": 7, ""_score"": 1.0236}","{""streak"": 3.0, ""drop_pct"": -0.4512268859027557}"
2021-10-18 11:00:00,CNY,reversal,"reversal(max_days_since_min=45,rearm=27,rise_bps=20,window=540)",WINDOW_CLOSING,up,0.8453526004223999,slow,1,11.0682,"{""window"": 540, ""rise_bps"": 20, ""max_days_since_min"": 45, ""rearm"": 27, ""_feasible"": true, ""_n_feasible"": 16, ""_score"": 1.282}","{""rise_pct"": 0.33814104016895996, ""min_rate"": 11.0309, ""days_since_min"": 9.0, ""window"": 540.0}"
2021-10-18 13:00:00,CNY,dip_vs_trend,"dip_vs_trend(pct=0.1,rearm=27,span=720,window=1080)",BUY_NOW,down,0.7777777777777778,medium,1,11.0844,"{""span"": 720, ""window"": 1080, ""pct"": 0.1, ""rearm"": 27, ""_feasible"": true, ""_n_feasible"": 30, ""_score"": 1.5369}","{""dev_pct"": -1.8111660521965778, ""pct_rank"": 0.022222222222222223, ""window"": 1080.0, ""span"": 720.0}"
2021-10-18 21:00:00,CNY,momentum,"momentum(n=3,rearm=18)",BUY_NOW,down,0.5,fast,1,11.0927,"{""n"": 3, ""rearm"": 18, ""_feasible"": true, ""_n_feasible"": 7, ""_score"": 1.0236}","{""streak"": 3.0, ""drop_pct"": -0.07116732428876782}"
2021-10-19 12:00:00,CNY,level,"level(pct=0.25,rearm=27,stall_days=27,window=1080)",BUY_NOW,down,0.8555555555555556,medium,1,11.1,"{""window"": 1080, ""pct"": 0.25, ""stall_days"": 27, ""rearm"": 27, ""_feasible"": true, ""_n_feasible"": 53, ""_score"": 1.4869}","{""pct_rank"": 0.03611111111111111, ""window"": 1080.0, ""days_since_min"": 27.0}"
2021-10-19 21:00:00,CNY,reversal,"reversal(max_days_since_min=45,rearm=27,rise_bps=20,window=540)",WINDOW_CLOSING,up,1.0,slow,1,11.13,"{""window"": 540, ""rise_bps"": 20, ""max_days_since_min"": 45, ""rearm"": 27, ""_feasible"": true, ""_n_feasible"": 16, ""_score"": 1.282}","{""rise_pct"": 0.8983854445240081, ""min_rate"": 11.0309, ""days_since_min"": 36.0, ""window"": 540.0}"
2021-10-20 00:00:00,CNY,momentum,"momentum(n=3,rearm=18)",BUY_NOW,down,0.5,fast,1,11.1185,"{""n"": 3, ""rearm"": 18, ""_feasible"": true, ""_n_feasible"": 7, ""_score"": 1.0236}","{""streak"": 3.0, ""drop_pct"": -0.10332434860738093}"
2021-10-20 08:00:00,CNY,dip_vs_trend,"dip_vs_trend(pct=0.1,rearm=27,span=720,window=1080)",BUY_NOW,down,0.2407407407407408,medium,1,11.1008,"{""span"": 720, ""window"": 1080, ""pct"": 0.1, ""rearm"": 27, ""_feasible"": true, ""_n_feasible"": 30, ""_score"": 1.5369}","{""dev_pct"": -1.5613544723382833, ""pct_rank"": 0.07592592592592592, ""window"": 1080.0, ""span"": 720.0}"
2021-10-20 22:00:00,CNY,level,"level(pct=0.25,rearm=27,stall_days=27,window=1080)",BUY_NOW,down,0.9444444444444444,medium,1,11.075,"{""window"": 1080, ""pct"": 0.25, ""stall_days"": 27, ""rearm"": 27, ""_feasible"": true, ""_n_feasible"": 53, ""_score"": 1.4869}","{""pct_rank"": 0.013888888888888888, ""window"": 1080.0, ""days_since_min"": 54.0}"
2021-10-22 08:00:00,CNY,momentum,"momentum(n=3,rearm=18)",BUY_NOW,down,0.5,fast,1,11.1158,"{""n"": 3, ""rearm"": 18, ""_feasible"": true, ""_n_feasible"": 7, ""_score"": 1.0236}","{""streak"": 3.0, ""drop_pct"": -0.22887813809877589}"
2021-10-22 11:00:00,CNY,dip_vs_trend,"dip_vs_trend(pct=0.1,rearm=27,span=720,window=1080)",BUY_NOW,down,0.13888888888888895,medium,1,11.0869,"{""span"": 720, ""window"": 1080, ""pct"": 0.1, ""rearm"": 27, ""_feasible"": true, ""_n_feasible"": 30, ""_score"": 1.5369}","{""dev_pct"": -1.5456103634828633, ""pct_rank"": 0.08611111111111111, ""window"": 1080.0, ""span"": 720.0}"
2021-10-22 15:00:00,CNY,reversal,"reversal(max_days_since_min=45,rearm=27,rise_bps=20,window=540)",WINDOW_CLOSING,up,0.5185447995414982,slow,1,11.0151,"{""window"": 540, ""rise_bps"": 20, ""max_days_since_min"": 45, ""rearm"": 27, ""_feasible"": true, ""_n_feasible"": 16, ""_score"": 1.282}","{""rise_pct"": 0.2074179198165993, ""min_rate"": 10.9923, ""days_since_min"": 1.0, ""window"": 540.0}"
2021-10-25 16:00:00,CNY,momentum,"momentum(n=3,rearm=18)",BUY_NOW,down,0.5,fast,1,10.9478,"{""n"": 3, ""rearm"": 18, ""_feasible"": true, ""_n_feasible"": 7, ""_score"": 1.0236}","{""streak"": 3.0, ""drop_pct"": -0.3105109316238419}"
2021-10-25 21:00:00,CNY,dip_vs_trend,"dip_vs_trend(pct=0.1,rearm=27,span=720,window=1080)",BUY_NOW,down,0.9814814814814815,medium,1,10.9336,"{""span"": 720, ""window"": 1080, ""pct"": 0.1, ""rearm"": 27, ""_feasible"": true, ""_n_feasible"": 30, ""_score"": 1.5369}","{""dev_pct"": -2.774052198266186, ""pct_rank"": 0.001851851851851852, ""window"": 1080.0, ""span"": 720.0}"
2021-10-26 17:00:00,CNY,reversal,"reversal(max_days_since_min=45,rearm=27,rise_bps=20,window=540)",WINDOW_CLOSING,up,0.7474701011959684,slow,1,10.9025,"{""window"": 540, ""rise_bps"": 20, ""max_days_since_min"": 45, ""rearm"": 27, ""_feasible"": true, ""_n_feasible"": 16, ""_score"": 1.282}","{""rise_pct"": 0.29898804047838734, ""min_rate"": 10.87, ""days_since_min"": 4.0, ""window"": 540.0}"
2021-10-27 14:00:00,CNY,dip_vs_trend,"dip_vs_trend(pct=0.1,rearm=27,span=720,window=1080)",BUY_NOW,down,0.4907407407407408,medium,1,10.9931,"{""span"": 720, ""window"": 1080, ""pct"": 0.1, ""rearm"": 27, ""_feasible"": true, ""_n_feasible"": 30, ""_score"": 1.5369}","{""dev_pct"": -2.074231366861534, ""pct_rank"": 0.05092592592592592, ""window"": 1080.0, ""span"": 720.0}"
2021-10-27 23:00:00,CNY,level,"level(pct=0.25,rearm=27,stall_days=27,window=1080)",BUY_NOW,down,0.7444444444444445,medium,1,11.0504,"{""window"": 1080, ""pct"": 0.25, ""stall_days"": 27, ""rearm"": 27, ""_feasible"": true, ""_n_feasible"": 53, ""_score"": 1.4869}","{""pct_rank"": 0.06388888888888888, ""window"": 1080.0, ""days_since_min"": 27.0}"
2021-10-28 10:00:00,CNY,reversal,"reversal(max_days_since_min=45,rearm=27,rise_bps=20,window=540)",WINDOW_CLOSING,up,1.0,slow,1,11.0645,"{""window"": 540, ""rise_bps"": 20, ""max_days_since_min"": 45, ""rearm"": 27, ""_feasible"": true, ""_n_feasible"": 16, ""_score"": 1.282}","{""rise_pct"": 1.7893284268629461, ""min_rate"": 10.87, ""days_since_min"": 31.0, ""window"": 540.0}"
2021-10-28 13:00:00,CNY,momentum,"momentum(n=3,rearm=18)",BUY_NOW,down,0.5,fast,1,10.9997,"{""n"": 3, ""rearm"": 18, ""_feasible"": true, ""_n_feasible"": 7, ""_score"": 1.0236}","{""streak"": 3.0, ""drop_pct"": -0.585656830403547}"
2021-10-29 00:00:00,CNY,dip_vs_trend,"dip_vs_trend(pct=0.1,rearm=27,span=720,window=1080)",BUY_NOW,down,0.37037037037037046,medium,1,10.9905,"{""span"": 720, ""window"": 1080, ""pct"": 0.1, ""rearm"": 27, ""_feasible"": true, ""_n_feasible"": 30, ""_score"": 1.5369}","{""dev_pct"": -1.9774148539378977, ""pct_rank"": 0.06296296296296296, ""window"": 1080.0, ""span"": 720.0}"
2021-10-29 16:00:00,CNY,level,"level(pct=0.25,rearm=27,stall_days=27,window=1080)",BUY_NOW,down,0.662962962962963,medium,1,11.0497,"{""window"": 1080, ""pct"": 0.25, ""stall_days"": 27, ""rearm"": 27, ""_feasible"": true, ""_n_feasible"": 53, ""_score"": 1.4869}","{""pct_rank"": 0.08425925925925926, ""window"": 1080.0, ""days_since_min"": 54.0}"
2021-10-29 17:00:00,CNY,momentum,"momentum(n=3,rearm=18)",BUY_NOW,down,0.5,fast,1,11.0384,"{""n"": 3, ""rearm"": 18, ""_feasible"": true, ""_n_feasible"": 7, ""_score"": 1.0236}","{""streak"": 3.0, ""drop_pct"": -0.20702810700369279}"
2021-11-02 16:00:00,CNY,momentum,"momentum(n=3,rearm=18)",BUY_NOW,down,0.5,fast,1,11.1911,"{""n"": 3, ""rearm"": 18, ""_feasible"": true, ""_n_feasible"": 7, ""_score"": 1.0236}","{""streak"": 3.0, ""drop_pct"": -0.6119005328596772}"
2021-11-05 15:00:00,CNY,momentum,"momentum(n=3,rearm=18)",BUY_NOW,down,0.5,fast,1,11.1754,"{""n"": 3, ""rearm"": 18, ""_feasible"": true, ""_n_feasible"": 7, ""_score"": 1.0236}","{""streak"": 3.0, ""drop_pct"": -0.39217783482182744}"
2021-11-05 16:00:00,CNY,level,"level(pct=0.25,rearm=27,stall_days=27,window=1080)",BUY_NOW,down,0.1444444444444445,medium,1,11.1339,"{""window"": 1080, ""pct"": 0.25, ""stall_days"": 27, ""rearm"": 27, ""_feasible"": true, ""_n_feasible"": 53, ""_score"": 1.4869}","{""pct_rank"": 0.21388888888888888, ""window"": 1080.0, ""days_since_min"": 121.0}"
2021-11-09 09:00:00,CNY,level,"level(pct=0.25,rearm=27,stall_days=27,window=1080)",BUY_NOW,down,0.022222222222222254,medium,1,11.1457,"{""window"": 1080, ""pct"": 0.25, ""stall_days"": 27, ""rearm"": 27, ""_feasible"": true, ""_n_feasible"": 53, ""_score"": 1.4869}","{""pct_rank"": 0.24444444444444444, ""window"": 1080.0, ""days_since_min"": 148.0}"
2021-11-09 09:00:00,CNY,momentum,"momentum(n=3,rearm=18)",BUY_NOW,down,0.5,fast,1,11.1457,"{""n"": 3, ""rearm"": 18, ""_feasible"": true, ""_n_feasible"": 7, ""_score"": 1.0236}","{""streak"": 3.0, ""drop_pct"": -0.11023480910556938}"
2021-11-10 11:00:00,CNY,momentum,"momentum(n=3,rearm=18)",BUY_NOW,down,0.5,fast,1,11.0662,"{""n"": 3, ""rearm"": 18, ""_feasible"": true, ""_n_feasible"": 7, ""_score"": 1.0236}","{""streak"": 3.0, ""drop_pct"": -0.1876071074231045}"
2021-11-10 20:00:00,CNY,level,"level(pct=0.25,rearm=27,stall_days=27,window=1080)",BUY_NOW,down,0.4740740740740741,medium,1,11.0865,"{""window"": 1080, ""pct"": 0.25, ""stall_days"": 27, ""rearm"": 27, ""_feasible"": true, ""_n_feasible"": 53, ""_score"": 1.4869}","{""pct_rank"": 0.13148148148148148, ""window"": 1080.0, ""days_since_min"": 175.0}"
2021-11-12 23:00:00,CNY,momentum,"momentum(n=3,rearm=18)",BUY_NOW,down,0.5,fast,1,11.4165,"{""n"": 3, ""rearm"": 18, ""_feasible"": true, ""_n_feasible"": 7, ""_score"": 1.0236}","{""streak"": 3.0, ""drop_pct"": -0.4759787640243762}"
2021-11-16 00:00:00,CNY,momentum,"momentum(n=3,rearm=18)",BUY_NOW,down,0.8333333333333334,fast,1,11.3665,"{""n"": 3, ""rearm"": 18, ""_feasible"": true, ""_n_feasible"": 7, ""_score"": 1.0236}","{""streak"": 5.0, ""drop_pct"": -0.38124452234881145}"
2021-11-17 16:00:00,CNY,momentum,"momentum(n=3,rearm=18)",BUY_NOW,down,0.5,fast,1,11.3515,"{""n"": 3, ""rearm"": 18, ""_feasible"": true, ""_n_feasible"": 7, ""_score"": 1.0236}","{""streak"": 3.0, ""drop_pct"": -0.5301437083771621}"
2021-11-23 22:00:00,CNY,momentum,"momentum(n=3,rearm=18)",BUY_NOW,down,0.5,fast,1,11.6193,"{""n"": 3, ""rearm"": 18, ""_feasible"": true, ""_n_feasible"": 7, ""_score"": 1.0236}","{""streak"": 3.0, ""drop_pct"": -1.0576063354195808}"
2021-11-26 16:00:00,CNY,momentum,"momentum(n=3,rearm=18)",BUY_NOW,down,0.5,fast,1,11.775,"{""n"": 3, ""rearm"": 18, ""_feasible"": true, ""_n_feasible"": 7, ""_score"": 1.0236}","{""streak"": 3.0, ""drop_pct"": -0.6580612503163663}"
2021-11-30 15:00:00,CNY,momentum,"momentum(n=3,rearm=18)",BUY_NOW,down,0.5,fast,1,11.71,"{""n"": 3, ""rearm"": 18, ""_feasible"": true, ""_n_feasible"": 7, ""_score"": 1.0236}","{""streak"": 3.0, ""drop_pct"": -0.46748831279217473}"
2021-12-02 10:00:00,CNY,momentum,"momentum(n=3,rearm=18)",BUY_NOW,down,0.5,fast,1,11.6061,"{""n"": 3, ""rearm"": 18, ""_feasible"": true, ""_n_feasible"": 7, ""_score"": 1.0236}","{""streak"": 3.0, ""drop_pct"": -0.4195624195624137}"
2021-12-03 17:00:00,CNY,momentum,"momentum(n=3,rearm=18)",BUY_NOW,down,0.5,fast,1,11.5399,"{""n"": 3, ""rearm"": 18, ""_feasible"": true, ""_n_feasible"": 7, ""_score"": 1.0236}","{""streak"": 3.0, ""drop_pct"": -0.22566142140758583}"
2021-12-07 20:00:00,CNY,momentum,"momentum(n=3,rearm=18)",BUY_NOW,down,0.5,fast,1,11.6299,"{""n"": 3, ""rearm"": 18, ""_feasible"": true, ""_n_feasible"": 7, ""_score"": 1.0236}","{""streak"": 3.0, ""drop_pct"": -0.5141146278870856}"
2021-12-08 22:00:00,CNY,momentum,"momentum(n=3,rearm=18)",BUY_NOW,down,0.5,fast,1,11.5951,"{""n"": 3, ""rearm"": 18, ""_feasible"": true, ""_n_feasible"": 7, ""_score"": 1.0236}","{""streak"": 3.0, ""drop_pct"": -0.34207427653009104}"
2021-12-10 13:00:00,CNY,momentum,"momentum(n=3,rearm=18)",BUY_NOW,down,0.5,fast,1,11.5421,"{""n"": 3, ""rearm"": 18, ""_feasible"": true, ""_n_feasible"": 7, ""_score"": 1.0236}","{""streak"": 3.0, ""drop_pct"": -0.301459790964842}"
2021-12-13 15:00:00,CNY,momentum,"momentum(n=3,rearm=18)",BUY_NOW,down,0.5,fast,1,11.5163,"{""n"": 3, ""rearm"": 18, ""_feasible"": true, ""_n_feasible"": 7, ""_score"": 1.0236}","{""streak"": 3.0, ""drop_pct"": -0.21920704235115496}"
2021-12-16 00:00:00,CNY,momentum,"momentum(n=3,rearm=18)",BUY_NOW,down,0.5,fast,1,11.57,"{""n"": 3, ""rearm"": 18, ""_feasible"": true, ""_n_feasible"": 7, ""_score"": 1.0236}","{""streak"": 3.0, ""drop_pct"": -0.7633587786259555}"
2021-12-17 12:00:00,CNY,momentum,"momentum(n=3,rearm=18)",BUY_NOW,down,0.5,fast,1,11.5455,"{""n"": 3, ""rearm"": 18, ""_feasible"": true, ""_n_feasible"": 7, ""_score"": 1.0236}","{""streak"": 3.0, ""drop_pct"": -0.360739775443808}"
2021-12-21 00:00:00,CNY,momentum,"momentum(n=3,rearm=18)",BUY_NOW,down,0.5,fast,1,11.6175,"{""n"": 3, ""rearm"": 18, ""_feasible"": true, ""_n_feasible"": 7, ""_score"": 1.0236}","{""streak"": 3.0, ""drop_pct"": -0.30036472859901187}"
2021-12-22 20:00:00,CNY,momentum,"momentum(n=3,rearm=18)",BUY_NOW,down,0.5,fast,1,11.5581,"{""n"": 3, ""rearm"": 18, ""_feasible"": true, ""_n_feasible"": 7, ""_score"": 1.0236}","{""streak"": 3.0, ""drop_pct"": -0.16239235028375765}"
2021-12-23 22:00:00,CNY,momentum,"momentum(n=3,rearm=18)",BUY_NOW,down,0.5,fast,1,11.5099,"{""n"": 3, ""rearm"": 18, ""_feasible"": true, ""_n_feasible"": 7, ""_score"": 1.0236}","{""streak"": 3.0, ""drop_pct"": -0.21673356509376296}"
2021-12-27 10:00:00,CNY,momentum,"momentum(n=3,rearm=18)",BUY_NOW,down,0.5,fast,1,11.5132,"{""n"": 3, ""rearm"": 18, ""_feasible"": true, ""_n_feasible"": 7, ""_score"": 1.0236}","{""streak"": 3.0, ""drop_pct"": -0.40484429065744676}"
2021-12-29 11:00:00,CNY,momentum,"momentum(n=3,rearm=18)",BUY_NOW,down,0.5,fast,1,11.562,"{""n"": 3, ""rearm"": 18, ""_feasible"": true, ""_n_feasible"": 7, ""_score"": 1.0236}","{""streak"": 3.0, ""drop_pct"": -0.17612929962702584}"
2021-12-30 18:00:00,CNY,momentum,"momentum(n=3,rearm=18)",BUY_NOW,down,0.5,fast,1,11.72,"{""n"": 3, ""rearm"": 18, ""_feasible"": true, ""_n_feasible"": 7, ""_score"": 1.0236}","{""streak"": 3.0, ""drop_pct"": -0.28247626178401486}"
2022-01-06 14:00:00,CNY,momentum,"momentum(n=3,rearm=18)",BUY_NOW,down,0.5,fast,2,11.91,"{""n"": 3, ""rearm"": 18, ""_feasible"": true, ""_n_feasible"": 7, ""_score"": 1.0236}","{""streak"": 3.0, ""drop_pct"": -1.3256006628003303}"
2022-01-10 10:00:00,CNY,momentum,"momentum(n=3,rearm=18)",BUY_NOW,down,0.5,fast,2,11.8165,"{""n"": 3, ""rearm"": 18, ""_feasible"": true, ""_n_feasible"": 7, ""_score"": 1.0236}","{""streak"": 3.0, ""drop_pct"": -0.17740232312566384}"
2022-01-11 19:00:00,CNY,momentum,"momentum(n=3,rearm=18)",BUY_NOW,down,0.5,fast,2,11.69,"{""n"": 3, ""rearm"": 18, ""_feasible"": true, ""_n_feasible"": 7, ""_score"": 1.0236}","{""streak"": 3.0, ""drop_pct"": -0.4818415541518517}"
2022-01-12 23:00:00,CNY,momentum,"momentum(n=3,rearm=18)",BUY_NOW,down,0.5,fast,2,11.7502,"{""n"": 3, ""rearm"": 18, ""_feasible"": true, ""_n_feasible"": 7, ""_score"": 1.0236}","{""streak"": 3.0, ""drop_pct"": -0.16737610345033405}"
2022-01-14 12:00:00,CNY,momentum,"momentum(n=3,rearm=18)",BUY_NOW,down,0.5,fast,2,11.9199,"{""n"": 3, ""rearm"": 18, ""_feasible"": true, ""_n_feasible"": 7, ""_score"": 1.0236}","{""streak"": 3.0, ""drop_pct"": -0.4543063060053587}"
2022-01-19 21:00:00,CNY,momentum,"momentum(n=3,rearm=18)",BUY_NOW,down,0.5,fast,2,12.0374,"{""n"": 3, ""rearm"": 18, ""_feasible"": true, ""_n_feasible"": 7, ""_score"": 1.0236}","{""streak"": 3.0, ""drop_pct"": -0.1782915522974715}"
2022-01-21 12:00:00,CNY,momentum,"momentum(n=3,rearm=18)",BUY_NOW,down,0.5,fast,2,12.084,"{""n"": 3, ""rearm"": 18, ""_feasible"": true, ""_n_feasible"": 7, ""_score"": 1.0236}","{""streak"": 3.0, ""drop_pct"": -0.18997274304121126}"
2022-01-25 14:00:00,CNY,momentum,"momentum(n=3,rearm=18)",BUY_NOW,down,0.5,fast,2,12.3899,"{""n"": 3, ""rearm"": 18, ""_feasible"": true, ""_n_feasible"": 7, ""_score"": 1.0236}","{""streak"": 3.0, ""drop_pct"": -0.2423510466988632}"
2022-01-27 09:00:00,CNY,momentum,"momentum(n=3,rearm=18)",BUY_NOW,down,0.5,fast,2,12.5325,"{""n"": 3, ""rearm"": 18, ""_feasible"": true, ""_n_feasible"": 7, ""_score"": 1.0236}","{""streak"": 3.0, ""drop_pct"": -0.3775834658187538}"
2022-01-28 15:00:00,CNY,momentum,"momentum(n=3,rearm=18)",BUY_NOW,down,0.5,fast,2,12.2292,"{""n"": 3, ""rearm"": 18, ""_feasible"": true, ""_n_feasible"": 7, ""_score"": 1.0236}","{""streak"": 3.0, ""drop_pct"": -0.5950058525165836}"
2022-01-31 20:00:00,CNY,momentum,"momentum(n=3,rearm=18)",BUY_NOW,down,0.5,fast,2,12.1549,"{""n"": 3, ""rearm"": 18, ""_feasible"": true, ""_n_feasible"": 7, ""_score"": 1.0236}","{""streak"": 3.0, ""drop_pct"": -0.26912378873782394}"
2022-02-02 00:00:00,CNY,momentum,"momentum(n=3,rearm=18)",BUY_NOW,down,0.5,fast,2,12.0725,"{""n"": 3, ""rearm"": 18, ""_feasible"": true, ""_n_feasible"": 7, ""_score"": 1.0236}","{""streak"": 3.0, ""drop_pct"": -0.28990055832700534}"
2022-02-03 14:00:00,CNY,momentum,"momentum(n=3,rearm=18)",BUY_NOW,down,0.5,fast,2,12.036,"{""n"": 3, ""rearm"": 18, ""_feasible"": true, ""_n_feasible"": 7, ""_score"": 1.0236}","{""streak"": 3.0, ""drop_pct"": -0.10125993924403609}"
2022-02-04 15:00:00,CNY,momentum,"momentum(n=3,rearm=18)",BUY_NOW,down,0.5,fast,2,11.9239,"{""n"": 3, ""rearm"": 18, ""_feasible"": true, ""_n_feasible"": 7, ""_score"": 1.0236}","{""streak"": 3.0, ""drop_pct"": -0.27682529062474925}"
2022-02-07 16:00:00,CNY,momentum,"momentum(n=3,rearm=18)",BUY_NOW,down,1.0,fast,2,11.86,"{""n"": 3, ""rearm"": 18, ""_feasible"": true, ""_n_feasible"": 7, ""_score"": 1.0236}","{""streak"": 8.0, ""drop_pct"": -0.653375774836662}"
2022-02-08 20:00:00,CNY,momentum,"momentum(n=3,rearm=18)",BUY_NOW,down,0.5,fast,2,11.7801,"{""n"": 3, ""rearm"": 18, ""_feasible"": true, ""_n_feasible"": 7, ""_score"": 1.0236}","{""streak"": 3.0, ""drop_pct"": -0.4420066934856859}"
2022-02-09 21:00:00,CNY,momentum,"momentum(n=3,rearm=18)",BUY_NOW,down,0.5,fast,2,11.7124,"{""n"": 3, ""rearm"": 18, ""_feasible"": true, ""_n_feasible"": 7, ""_score"": 1.0236}","{""streak"": 3.0, ""drop_pct"": -0.28605482717520836}"
2022-02-10 16:00:00,CNY,dip_vs_trend,"dip_vs_trend(pct=0.1,rearm=27,span=720,window=2250)",BUY_NOW,down,0.022222222222222254,medium,2,11.6948,"{""span"": 720, ""window"": 2250, ""pct"": 0.1, ""rearm"": 27, ""_feasible"": true, ""_n_feasible"": 33, ""_score"": 1.5214}","{""dev_pct"": -1.4125328024602424, ""pct_rank"": 0.09777777777777778, ""window"": 2250.0, ""span"": 720.0}"
2022-02-14 11:00:00,CNY,momentum,"momentum(n=3,rearm=18)",BUY_NOW,down,0.5,fast,2,12.0271,"{""n"": 3, ""rearm"": 18, ""_feasible"": true, ""_n_feasible"": 7, ""_score"": 1.0236}","{""streak"": 3.0, ""drop_pct"": -1.25452589922741}"
2022-02-16 08:00:00,CNY,momentum,"momentum(n=3,rearm=18)",BUY_NOW,down,0.5,fast,2,11.8849,"{""n"": 3, ""rearm"": 18, ""_feasible"": true, ""_n_feasible"": 7, ""_score"": 1.0236}","{""streak"": 3.0, ""drop_pct"": -0.5447698744769802}"
2022-02-17 15:00:00,CNY,momentum,"momentum(n=3,rearm=18)",BUY_NOW,down,0.5,fast,2,11.9699,"{""n"": 3, ""rearm"": 18, ""_feasible"": true, ""_n_feasible"": 7, ""_score"": 1.0236}","{""streak"": 3.0, ""drop_pct"": -0.6350444946207956}"
2022-02-22 14:00:00,CNY,momentum,"momentum(n=3,rearm=18)",BUY_NOW,down,0.5,fast,2,12.4855,"{""n"": 3, ""rearm"": 18, ""_feasible"": true, ""_n_feasible"": 7, ""_score"": 1.0236}","{""streak"": 3.0, ""drop_pct"": -1.5859128063247296}"
2022-02-24 15:00:00,CNY,momentum,"momentum(n=3,rearm=18)",BUY_NOW,down,0.5,fast,2,13.67,"{""n"": 3, ""rearm"": 18, ""_feasible"": true, ""_n_feasible"": 7, ""_score"": 1.0236}","{""streak"": 3.0, ""drop_pct"": -7.6575968007781885}"
2022-02-28 15:00:00,CNY,momentum,"momentum(n=3,rearm=18)",BUY_NOW,down,0.5,fast,2,15.1,"{""n"": 3, ""rearm"": 18, ""_feasible"": true, ""_n_feasible"": 7, ""_score"": 1.0236}","{""streak"": 3.0, ""drop_pct"": -13.568587046735935}"
2022-03-10 13:00:00,CNY,momentum,"momentum(n=3,rearm=18)",BUY_NOW,down,0.5,fast,2,20.1999,"{""n"": 3, ""rearm"": 18, ""_feasible"": true, ""_n_feasible"": 7, ""_score"": 1.0236}","{""streak"": 3.0, ""drop_pct"": -5.607502838798306}"
2022-03-14 13:00:00,CNY,momentum,"momentum(n=3,rearm=18)",BUY_NOW,down,0.6666666666666666,fast,2,18.4,"{""n"": 3, ""rearm"": 18, ""_feasible"": true, ""_n_feasible"": 7, ""_score"": 1.0236}","{""streak"": 4.0, ""drop_pct"": -4.613295040409748}"
2022-03-18 11:00:00,CNY,momentum,"momentum(n=3,rearm=18)",BUY_NOW,down,0.5,fast,2,16.5,"{""n"": 3, ""rearm"": 18, ""_feasible"": true, ""_n_feasible"": 7, ""_score"": 1.0236}","{""streak"": 3.0, ""drop_pct"": -1.9607843137254832}"
2022-03-22 19:00:00,CNY,momentum,"momentum(n=3,rearm=18)",BUY_NOW,down,0.5,fast,2,16.38,"{""n"": 3, ""rearm"": 18, ""_feasible"": true, ""_n_feasible"": 7, ""_score"": 1.0236}","{""streak"": 3.0, ""drop_pct"": -0.23388393509720107}"
2022-03-25 12:00:00,CNY,momentum,"momentum(n=3,rearm=18)",BUY_NOW,down,0.5,fast,2,15.2253,"{""n"": 3, ""rearm"": 18, ""_feasible"": true, ""_n_feasible"": 7, ""_score"": 1.0236}","{""streak"": 3.0, ""drop_pct"": -1.6891695562055609}"
2022-03-31 11:00:00,CNY,dip_vs_trend,"dip_vs_trend(pct=0.1,rearm=27,span=720,window=2250)",BUY_NOW,down,0.6444444444444445,medium,2,13.2198,"{""span"": 720, ""window"": 2250, ""pct"": 0.1, ""rearm"": 27, ""_feasible"": true, ""_n_feasible"": 33, ""_score"": 1.5214}","{""dev_pct"": -1.8870960097489342, ""pct_rank"": 0.035555555555555556, ""window"": 2250.0, ""span"": 720.0}"
2022-04-05 11:00:00,CNY,dip_vs_trend,"dip_vs_trend(pct=0.1,rearm=27,span=720,window=2250)",BUY_NOW,down,0.14222222222222236,medium,2,13.3189,"{""span"": 720, ""window"": 2250, ""pct"": 0.1, ""rearm"": 27, ""_feasible"": true, ""_n_feasible"": 33, ""_score"": 1.5214}","{""dev_pct"": -1.537098497770517, ""pct_rank"": 0.08577777777777777, ""window"": 2250.0, ""span"": 720.0}"
2022-04-05 13:00:00,CNY,momentum,"momentum(n=3,rearm=18)",BUY_NOW,down,0.5,fast,2,13.2275,"{""n"": 3, ""rearm"": 18, ""_feasible"": true, ""_n_feasible"": 7, ""_score"": 1.0236}","{""streak"": 3.0, ""drop_pct"": -0.962114405510639}"
2022-04-07 18:00:00,CNY,dip_vs_trend,"dip_vs_trend(pct=0.1,rearm=27,span=720,window=2250)",BUY_NOW,down,0.9688888888888889,medium,2,12.4373,"{""span"": 720, ""window"": 2250, ""pct"": 0.1, ""rearm"": 27, ""_feasible"": true, ""_n_feasible"": 33, ""_score"": 1.5214}","{""dev_pct"": -8.284879385968502, ""pct_rank"": 0.003111111111111111, ""window"": 2250.0, ""span"": 720.0}"
2022-04-08 13:00:00,CNY,momentum,"momentum(n=3,rearm=18)",BUY_NOW,down,0.5,fast,2,12.105,"{""n"": 3, ""rearm"": 18, ""_feasible"": true, ""_n_feasible"": 7, ""_score"": 1.0236}","{""streak"": 3.0, ""drop_pct"": -2.6968369438527318}"
2022-04-12 14:00:00,CNY,momentum,"momentum(n=3,rearm=18)",BUY_NOW,down,0.5,fast,2,12.492,"{""n"": 3, ""rearm"": 18, ""_feasible"": true, ""_n_feasible"": 7, ""_score"": 1.0236}","{""streak"": 3.0, ""drop_pct"": -0.7082051648901744}"
2022-04-12 15:00:00,CNY,dip_vs_trend,"dip_vs_trend(pct=0.1,rearm=27,span=720,window=2250)",BUY_NOW,down,0.8844444444444445,medium,2,12.52,"{""span"": 720, ""window"": 2250, ""pct"": 0.1, ""rearm"": 27, ""_feasible"": true, ""_n_feasible"": 33, ""_score"": 1.5214}","{""dev_pct"": -7.76716423053797, ""pct_rank"": 0.011555555555555555, ""window"": 2250.0, ""span"": 720.0}"
2022-04-14 17:00:00,CNY,momentum,"momentum(n=3,rearm=18)",BUY_NOW,down,0.5,fast,2,12.7299,"{""n"": 3, ""rearm"": 18, ""_feasible"": true, ""_n_feasible"": 7, ""_score"": 1.0236}","{""streak"": 3.0, ""drop_pct"": -1.9570240295748609}"
2022-04-15 12:00:00,CNY,dip_vs_trend,"dip_vs_trend(pct=0.1,rearm=27,span=720,window=2250)",BUY_NOW,down,0.8355555555555556,medium,2,12.5729,"{""span"": 720, ""window"": 2250, ""pct"": 0.1, ""rearm"": 27, ""_feasible"": true, ""_n_feasible"": 33, ""_score"": 1.5214}","{""dev_pct"": -7.520961151529582, ""pct_rank"": 0.016444444444444446, ""window"": 2250.0, ""span"": 720.0}"
2022-04-19 15:00:00,CNY,momentum,"momentum(n=3,rearm=18)",BUY_NOW,down,0.5,fast,2,12.3951,"{""n"": 3, ""rearm"": 18, ""_feasible"": true, ""_n_feasible"": 7, ""_score"": 1.0236}","{""streak"": 3.0, ""drop_pct"": -0.8193638727745589}"
2022-04-19 19:00:00,CNY,dip_vs_trend,"dip_vs_trend(pct=0.1,rearm=27,span=720,window=2250)",BUY_NOW,down,0.9511111111111111,medium,2,12.31,"{""span"": 720, ""window"": 2250, ""pct"": 0.1, ""rearm"": 27, ""_feasible"": true, ""_n_feasible"": 33, ""_score"": 1.5214}","{""dev_pct"": -9.478813791714447, ""pct_rank"": 0.004888888888888889, ""window"": 2250.0, ""span"": 720.0}"
2022-04-21 13:00:00,CNY,momentum,"momentum(n=3,rearm=18)",BUY_NOW,down,0.6666666666666666,fast,2,11.7045,"{""n"": 3, ""rearm"": 18, ""_feasible"": true, ""_n_feasible"": 7, ""_score"": 1.0236}","{""streak"": 4.0, ""drop_pct"": -3.4282178217821757}"
2022-04-22 14:00:00,CNY,reversal,"reversal(max_days_since_min=180,rearm=27,rise_bps=50,window=1080)",WINDOW_CLOSING,up,0.5186124236487233,slow,2,11.3386,"{""window"": 1080, ""rise_bps"": 50, ""max_days_since_min"": 180, ""rearm"": 27, ""_feasible"": true, ""_n_feasible"": 19, ""_score"": 1.5512}","{""rise_pct"": 0.5186124236487233, ""min_rate"": 11.2801, ""days_since_min"": 1.0, ""window"": 1080.0}"
2022-04-22 16:00:00,CNY,dip_vs_trend,"dip_vs_trend(pct=0.1,rearm=27,span=720,window=2250)",BUY_NOW,down,0.9777777777777777,medium,2,11.479,"{""span"": 720, ""window"": 2250, ""pct"": 0.1, ""rearm"": 27, ""_feasible"": true, ""_n_feasible"": 33, ""_score"": 1.5214}","{""dev_pct"": -15.430332783556, ""pct_rank"": 0.0022222222222222222, ""window"": 2250.0, ""span"": 720.0}"
2022-04-26 15:00:00,CNY,level,"level(pct=0.15,rearm=27,stall_days=27,window=2250)",BUY_NOW,down,0.022222222222222143,medium,2,11.154,"{""window"": 2250, ""pct"": 0.15, ""stall_days"": 27, ""rearm"": 27, ""_feasible"": true, ""_n_feasible"": 60, ""_score"": 1.4029}","{""pct_rank"": 0.14666666666666667, ""window"": 2250.0, ""days_since_min"": 1836.0}"
2022-04-26 15:00:00,CNY,momentum,"momentum(n=3,rearm=18)",BUY_NOW,down,0.5,fast,2,11.154,"{""n"": 3, ""rearm"": 18, ""_feasible"": true, ""_n_feasible"": 7, ""_score"": 1.0236}","{""streak"": 3.0, ""drop_pct"": -0.32171581769436797}"
2022-04-27 11:00:00,CNY,reversal,"reversal(max_days_since_min=180,rearm=27,rise_bps=50,window=1080)",WINDOW_CLOSING,up,0.5327861475601603,slow,2,11.1706,"{""window"": 1080, ""rise_bps"": 50, ""max_days_since_min"": 180, ""rearm"": 27, ""_feasible"": true, ""_n_feasible"": 19, ""_score"": 1.5512}","{""rise_pct"": 0.5327861475601603, ""min_rate"": 11.1114, ""days_since_min"": 4.0, ""window"": 1080.0}"
2022-04-27 13:00:00,CNY,dip_vs_trend,"dip_vs_trend(pct=0.1,rearm=27,span=720,window=2250)",BUY_NOW,down,0.9955555555555555,medium,2,11.083,"{""span"": 720, ""window"": 2250, ""pct"": 0.1, ""rearm"": 27, ""_feasible"": true, ""_n_feasible"": 33, ""_score"": 1.5214}","{""dev_pct"": -18.119427002628175, ""pct_rank"": 0.00044444444444444447, ""window"": 2250.0, ""span"": 720.0}"
2022-04-29 12:00:00,CNY,momentum,"momentum(n=3,rearm=18)",BUY_NOW,down,0.5,fast,2,10.72,"{""n"": 3, ""rearm"": 18, ""_feasible"": true, ""_n_feasible"": 7, ""_score"": 1.0236}","{""streak"": 3.0, ""drop_pct"": -3.8565022421524597}"
2022-04-29 18:00:00,CNY,reversal,"reversal(max_days_since_min=180,rearm=27,rise_bps=50,window=1080)",WINDOW_CLOSING,up,1.0,slow,2,10.901,"{""window"": 1080, ""rise_bps"": 50, ""max_days_since_min"": 180, ""rearm"": 27, ""_feasible"": true, ""_n_feasible"": 19, ""_score"": 1.5512}","{""rise_pct"": 1.6884328358208966, ""min_rate"": 10.72, ""days_since_min"": 6.0, ""window"": 1080.0}"
2022-05-04 10:00:00,CNY,dip_vs_trend,"dip_vs_trend(pct=0.1,rearm=27,span=720,window=2250)",BUY_NOW,down,0.9911111111111112,medium,2,10.7225,"{""span"": 720, ""window"": 2250, ""pct"": 0.1, ""rearm"": 27, ""_feasible"": true, ""_n_feasible"": 33, ""_score"": 1.5214}","{""dev_pct"": -20.522853833434507, ""pct_rank"": 0.0008888888888888889, ""window"": 2250.0, ""span"": 720.0}"
2022-05-05 10:00:00,CNY,momentum,"momentum(n=3,rearm=18)",BUY_NOW,down,0.5,fast,2,10.0,"{""n"": 3, ""rearm"": 18, ""_feasible"": true, ""_n_feasible"": 7, ""_score"": 1.0236}","{""streak"": 3.0, ""drop_pct"": -3.6144578313253017}"
2022-05-06 15:00:00,CNY,reversal,"reversal(max_days_since_min=180,rearm=27,rise_bps=50,window=1080)",WINDOW_CLOSING,up,1.0,slow,2,10.46,"{""window"": 1080, ""rise_bps"": 50, ""max_days_since_min"": 180, ""rearm"": 27, ""_feasible"": true, ""_n_feasible"": 19, ""_score"": 1.5512}","{""rise_pct"": 4.974759892817371, ""min_rate"": 9.9643, ""days_since_min"": 4.0, ""window"": 1080.0}"
2022-05-06 17:00:00,CNY,dip_vs_trend,"dip_vs_trend(pct=0.1,rearm=27,span=720,window=2250)",BUY_NOW,down,0.8933333333333333,medium,2,10.4174,"{""span"": 720, ""window"": 2250, ""pct"": 0.1, ""rearm"": 27, ""_feasible"": true, ""_n_feasible"": 33, ""_score"": 1.5214}","{""dev_pct"": -22.388402249563832, ""pct_rank"": 0.010666666666666666, ""window"": 2250.0, ""span"": 720.0}"
2022-05-11 17:00:00,CNY,momentum,"momentum(n=3,rearm=18)",BUY_NOW,down,0.5,fast,2,9.92,"{""n"": 3, ""rearm"": 18, ""_feasible"": true, ""_n_feasible"": 7, ""_score"": 1.0236}","{""streak"": 3.0, ""drop_pct"": -2.073050345508398}"
2022-05-13 14:00:00,CNY,dip_vs_trend,"dip_vs_trend(pct=0.1,rearm=27,span=720,window=2250)",BUY_NOW,down,0.9644444444444444,medium,2,9.5199,"{""span"": 720, ""window"": 2250, ""pct"": 0.1, ""rearm"": 27, ""_feasible"": true, ""_n_feasible"": 33, ""_score"": 1.5214}","{""dev_pct"": -28.63849874746466, ""pct_rank"": 0.0035555555555555557, ""window"": 2250.0, ""span"": 720.0}"
2022-05-13 14:00:00,CNY,reversal,"reversal(max_days_since_min=180,rearm=27,rise_bps=50,window=1080)",WINDOW_CLOSING,up,1.0,slow,2,9.5199,"{""window"": 1080, ""rise_bps"": 50, ""max_days_since_min"": 180, ""rearm"": 27, ""_feasible"": true, ""_n_feasible"": 19, ""_score"": 1.5512}","{""rise_pct"": 2.7345815572222376, ""min_rate"": 9.2665, ""days_since_min"": 2.0, ""window"": 1080.0}"
2022-05-16 12:00:00,CNY,momentum,"momentum(n=3,rearm=18)",BUY_NOW,down,0.5,fast,2,9.32,"{""n"": 3, ""rearm"": 18, ""_feasible"": true, ""_n_feasible"": 7, ""_score"": 1.0236}","{""streak"": 3.0, ""drop_pct"": -2.408376963350789}"
2022-05-17 19:00:00,CNY,level,"level(pct=0.15,rearm=27,stall_days=27,window=2250)",BUY_NOW,down,0.9051851851851852,medium,2,9.5849,"{""window"": 2250, ""pct"": 0.15, ""stall_days"": 27, ""rearm"": 27, ""_feasible"": true, ""_n_feasible"": 60, ""_score"": 1.4029}","{""pct_rank"": 0.014222222222222223, ""window"": 2250.0, ""days_since_min"": 27.0}"
2022-05-18 11:00:00,CNY,dip_vs_trend,"dip_vs_trend(pct=0.1,rearm=27,span=720,window=2250)",BUY_NOW,down,0.88,medium,2,9.4554,"{""span"": 720, ""window"": 2250, ""pct"": 0.1, ""rearm"": 27, ""_feasible"": true, ""_n_feasible"": 33, ""_score"": 1.5214}","{""dev_pct"": -28.63678577814245, ""pct_rank"": 0.012, ""window"": 2250.0, ""span"": 720.0}"
2022-05-18 11:00:00,CNY,reversal,"reversal(max_days_since_min=180,rearm=27,rise_bps=50,window=1080)",WINDOW_CLOSING,up,1.0,slow,2,9.4554,"{""window"": 1080, ""rise_bps"": 50, ""max_days_since_min"": 180, ""rearm"": 27, ""_feasible"": true, ""_n_feasible"": 19, ""_score"": 1.5512}","{""rise_pct"": 2.0385258727674715, ""min_rate"": 9.2665, ""days_since_min"": 29.0, ""window"": 1080.0}"
2022-05-18 12:00:00,CNY,momentum,"momentum(n=3,rearm=18)",BUY_NOW,down,0.5,fast,2,9.4373,"{""n"": 3, ""rearm"": 18, ""_feasible"": true, ""_n_feasible"": 7, ""_score"": 1.0236}","{""streak"": 3.0, ""drop_pct"": -1.5399221692453668}"
2022-05-20 11:00:00,CNY,momentum,"momentum(n=3,rearm=18)",BUY_NOW,down,0.5,fast,2,8.8257,"{""n"": 3, ""rearm"": 18, ""_feasible"": true, ""_n_feasible"": 7, ""_score"": 1.0236}","{""streak"": 3.0, ""drop_pct"": -3.8908853315909875}"
2022-05-20 18:00:00,CNY,dip_vs_trend,"dip_vs_trend(pct=0.1,rearm=27,span=720,window=2250)",BUY_NOW,down,0.9644444444444444,medium,2,8.99,"{""span"": 720, ""window"": 2250, ""pct"": 0.1, ""rearm"": 27, ""_feasible"": true, ""_n_feasible"": 33, ""_score"": 1.5214}","{""dev_pct"": -31.649558517795207, ""pct_rank"": 0.0035555555555555557, ""window"": 2250.0, ""span"": 720.0}"
2022-05-20 18:00:00,CNY,reversal,"reversal(max_days_since_min=180,rearm=27,rise_bps=50,window=1080)",WINDOW_CLOSING,up,1.0,slow,2,8.99,"{""window"": 1080, ""rise_bps"": 50, ""max_days_since_min"": 180, ""rearm"": 27, ""_feasible"": true, ""_n_feasible"": 19, ""_score"": 1.5512}","{""rise_pct"": 2.978235967926679, ""min_rate"": 8.73, ""days_since_min"": 6.0, ""window"": 1080.0}"
2022-05-24 16:00:00,CNY,momentum,"momentum(n=3,rearm=18)",BUY_NOW,down,0.5,fast,2,8.63,"{""n"": 3, ""rearm"": 18, ""_feasible"": true, ""_n_feasible"": 7, ""_score"": 1.0236}","{""streak"": 3.0, ""drop_pct"": -1.1341505327070456}"
2022-05-25 15:00:00,CNY,dip_vs_trend,"dip_vs_trend(pct=0.1,rearm=27,span=720,window=2250)",BUY_NOW,down,0.8533333333333333,medium,2,8.86,"{""span"": 720, ""window"": 2250, ""pct"": 0.1, ""rearm"": 27, ""_feasible"": true, ""_n_feasible"": 33, ""_score"": 1.5214}","{""dev_pct"": -32.05034980456912, ""pct_rank"": 0.014666666666666666, ""window"": 2250.0, ""span"": 720.0}"
2022-05-25 15:00:00,CNY,reversal,"reversal(max_days_since_min=180,rearm=27,rise_bps=50,window=1080)",WINDOW_CLOSING,up,1.0,slow,2,8.86,"{""window"": 1080, ""rise_bps"": 50, ""max_days_since_min"": 180, ""rearm"": 27, ""_feasible"": true, ""_n_feasible"": 19, ""_score"": 1.5512}","{""rise_pct"": 4.901728628936763, ""min_rate"": 8.446, ""days_since_min"": 3.0, ""window"": 1080.0}"
2022-05-27 15:00:00,CNY,momentum,"momentum(n=3,rearm=18)",BUY_NOW,down,0.5,fast,2,9.8907,"{""n"": 3, ""rearm"": 18, ""_feasible"": true, ""_n_feasible"": 7, ""_score"": 1.0236}","{""streak"": 3.0, ""drop_pct"": -3.6932814021421456}"
2022-05-27 19:00:00,CNY,level,"level(pct=0.15,rearm=27,stall_days=27,window=2250)",BUY_NOW,down,0.6237037037037036,medium,2,10.0479,"{""window"": 2250, ""pct"": 0.15, ""stall_days"": 27, ""rearm"": 27, ""_feasible"": true, ""_n_feasible"": 60, ""_score"": 1.4029}","{""pct_rank"": 0.05644444444444444, ""window"": 2250.0, ""days_since_min"": 27.0}"
2022-05-30 12:00:00,CNY,dip_vs_trend,"dip_vs_trend(pct=0.1,rearm=27,span=720,window=2250)",BUY_NOW,down,0.5333333333333333,medium,2,9.5581,"{""span"": 720, ""window"": 2250, ""pct"": 0.1, ""rearm"": 27, ""_feasible"": true, ""_n_feasible"": 33, ""_score"": 1.5214}","{""dev_pct"": -26.210821045174704, ""pct_rank"": 0.04666666666666667, ""window"": 2250.0, ""span"": 720.0}"
2022-05-30 12:00:00,CNY,reversal,"reversal(max_days_since_min=180,rearm=27,rise_bps=50,window=1080)",WINDOW_CLOSING,up,1.0,slow,2,9.5581,"{""window"": 1080, ""rise_bps"": 50, ""max_days_since_min"": 180, ""rearm"": 27, ""_feasible"": true, ""_n_feasible"": 19, ""_score"": 1.5512}","{""rise_pct"": 13.167179730049726, ""min_rate"": 8.446, ""days_since_min"": 30.0, ""window"": 1080.0}"
2022-05-31 13:00:00,CNY,momentum,"momentum(n=3,rearm=18)",BUY_NOW,down,0.5,fast,2,9.3859,"{""n"": 3, ""rearm"": 18, ""_feasible"": true, ""_n_feasible"": 7, ""_score"": 1.0236}","{""streak"": 3.0, ""drop_pct"": -1.6049900408847906}"
2022-06-01 16:00:00,CNY,level,"level(pct=0.15,rearm=27,stall_days=27,window=2250)",BUY_NOW,down,0.8222222222222222,medium,2,9.34,"{""window"": 2250, ""pct"": 0.15, ""stall_days"": 27, ""rearm"": 27, ""_feasible"": true, ""_n_feasible"": 60, ""_score"": 1.4029}","{""pct_rank"": 0.02666666666666667, ""window"": 2250.0, ""days_since_min"": 54.0}"
2022-06-01 19:00:00,CNY,dip_vs_trend,"dip_vs_trend(pct=0.1,rearm=27,span=720,window=2250)",BUY_NOW,down,0.5511111111111111,medium,2,9.306,"{""span"": 720, ""window"": 2250, ""pct"": 0.1, ""rearm"": 27, ""_feasible"": true, ""_n_feasible"": 33, ""_score"": 1.5214}","{""dev_pct"": -27.63388625316009, ""pct_rank"": 0.04488888888888889, ""window"": 2250.0, ""span"": 720.0}"
2022-06-01 19:00:00,CNY,reversal,"reversal(max_days_since_min=180,rearm=27,rise_bps=50,window=1080)",WINDOW_CLOSING,up,1.0,slow,2,9.306,"{""window"": 1080, ""rise_bps"": 50, ""max_days_since_min"": 180, ""rearm"": 27, ""_feasible"": true, ""_n_feasible"": 19, ""_score"": 1.5512}","{""rise_pct"": 10.18233483305706, ""min_rate"": 8.446, ""days_since_min"": 57.0, ""window"": 1080.0}"
2022-06-06 13:00:00,CNY,level,"level(pct=0.15,rearm=27,stall_days=27,window=2250)",BUY_NOW,down,0.8311111111111111,medium,2,9.3116,"{""window"": 2250, ""pct"": 0.15, ""stall_days"": 27, ""rearm"": 27, ""_feasible"": true, ""_n_feasible"": 60, ""_score"": 1.4029}","{""pct_rank"": 0.025333333333333333, ""window"": 2250.0, ""days_since_min"": 81.0}"
2022-06-06 16:00:00,CNY,dip_vs_trend,"dip_vs_trend(pct=0.1,rearm=27,span=720,window=2250)",BUY_NOW,down,0.40888888888888886,medium,2,9.317,"{""span"": 720, ""window"": 2250, ""pct"": 0.1, ""rearm"": 27, ""_feasible"": true, ""_n_feasible"": 33, ""_score"": 1.5214}","{""dev_pct"": -26.99256319395804, ""pct_rank"": 0.059111111111111114, ""window"": 2250.0, ""span"": 720.0}"
2022-06-06 16:00:00,CNY,reversal,"reversal(max_days_since_min=180,rearm=27,rise_bps=50,window=1080)",WINDOW_CLOSING,up,1.0,slow,2,9.317,"{""window"": 1080, ""rise_bps"": 50, ""max_days_since_min"": 180, ""rearm"": 27, ""_feasible"": true, ""_n_feasible"": 19, ""_score"": 1.5512}","{""rise_pct"": 10.31257399952641, ""min_rate"": 8.446, ""days_since_min"": 84.0, ""window"": 1080.0}"
2022-06-08 13:00:00,CNY,momentum,"momentum(n=3,rearm=18)",BUY_NOW,down,0.5,fast,2,9.2376,"{""n"": 3, ""rearm"": 18, ""_feasible"": true, ""_n_feasible"": 7, ""_score"": 1.0236}","{""streak"": 3.0, ""drop_pct"": -0.7574048409449752}"
2022-06-09 11:00:00,CNY,level,"level(pct=0.15,rearm=27,stall_days=27,window=2250)",BUY_NOW,down,0.8933333333333333,medium,2,9.139,"{""window"": 2250, ""pct"": 0.15, ""stall_days"": 27, ""rearm"": 27, ""_feasible"": true, ""_n_feasible"": 60, ""_score"": 1.4029}","{""pct_rank"": 0.016, ""window"": 2250.0, ""days_since_min"": 108.0}"
2022-06-09 14:00:00,CNY,dip_vs_trend,"dip_vs_trend(pct=0.1,rearm=27,span=720,window=2250)",BUY_NOW,down,0.6133333333333333,medium,2,9.05,"{""span"": 720, ""window"": 2250, ""pct"": 0.1, ""rearm"": 27, ""_feasible"": true, ""_n_feasible"": 33, ""_score"": 1.5214}","{""dev_pct"": -28.46114342192527, ""pct_rank"": 0.03866666666666667, ""window"": 2250.0, ""span"": 720.0}"
2022-06-09 14:00:00,CNY,reversal,"reversal(max_days_since_min=180,rearm=27,rise_bps=50,window=1080)",WINDOW_CLOSING,up,1.0,slow,2,9.05,"{""window"": 1080, ""rise_bps"": 50, ""max_days_since_min"": 180, ""rearm"": 27, ""_feasible"": true, ""_n_feasible"": 19, ""_score"": 1.5512}","{""rise_pct"": 7.151314231588923, ""min_rate"": 8.446, ""days_since_min"": 111.0, ""window"": 1080.0}"
2022-06-14 12:00:00,CNY,momentum,"momentum(n=3,rearm=18)",BUY_NOW,down,0.5,fast,2,8.675,"{""n"": 3, ""rearm"": 18, ""_feasible"": true, ""_n_feasible"": 7, ""_score"": 1.0236}","{""streak"": 3.0, ""drop_pct"": -1.162128289848452}"
2022-06-15 11:00:00,CNY,dip_vs_trend,"dip_vs_trend(pct=0.1,rearm=27,span=720,window=2250)",BUY_NOW,down,0.84,medium,2,8.5117,"{""span"": 720, ""window"": 2250, ""pct"": 0.1, ""rearm"": 27, ""_feasible"": true, ""_n_feasible"": 33, ""_score"": 1.5214}","{""dev_pct"": -31.952124391971072, ""pct_rank"": 0.016, ""window"": 2250.0, ""span"": 720.0}"
2022-06-15 11:00:00,CNY,reversal,"reversal(max_days_since_min=180,rearm=27,rise_bps=50,window=1080)",WINDOW_CLOSING,up,1.0,slow,2,8.5117,"{""window"": 1080, ""rise_bps"": 50, ""max_days_since_min"": 180, ""rearm"": 27, ""_feasible"": true, ""_n_feasible"": 19, ""_score"": 1.5512}","{""rise_pct"": 1.3297619047618836, ""min_rate"": 8.4, ""days_since_min"": 6.0, ""window"": 1080.0}"
2022-06-16 13:00:00,CNY,momentum,"momentum(n=3,rearm=18)",BUY_NOW,down,0.5,fast,2,8.5549,"{""n"": 3, ""rearm"": 18, ""_feasible"": true, ""_n_feasible"": 7, ""_score"": 1.0236}","{""streak"": 3.0, ""drop_pct"": -1.3343943902382804}"
2022-06-17 12:00:00,CNY,level,"level(pct=0.15,rearm=27,stall_days=27,window=2250)",BUY_NOW,down,0.9466666666666667,medium,2,8.56,"{""window"": 2250, ""pct"": 0.15, ""stall_days"": 27, ""rearm"": 27, ""_feasible"": true, ""_n_feasible"": 60, ""_score"": 1.4029}","{""pct_rank"": 0.008, ""window"": 2250.0, ""days_since_min"": 27.0}"
2022-06-17 18:00:00,CNY,dip_vs_trend,"dip_vs_trend(pct=0.1,rearm=27,span=720,window=2250)",BUY_NOW,down,0.6622222222222223,medium,2,8.5607,"{""span"": 720, ""window"": 2250, ""pct"": 0.1, ""rearm"": 27, ""_feasible"": true, ""_n_feasible"": 33, ""_score"": 1.5214}","{""dev_pct"": -30.43292022641808, ""pct_rank"": 0.033777777777777775, ""window"": 2250.0, ""span"": 720.0}"
2022-06-17 18:00:00,CNY,reversal,"reversal(max_days_since_min=180,rearm=27,rise_bps=50,window=1080)",WINDOW_CLOSING,up,1.0,slow,2,8.5607,"{""window"": 1080, ""rise_bps"": 50, ""max_days_since_min"": 180, ""rearm"": 27, ""_feasible"": true, ""_n_feasible"": 19, ""_score"": 1.5512}","{""rise_pct"": 1.9130952380952413, ""min_rate"": 8.4, ""days_since_min"": 33.0, ""window"": 1080.0}"
2022-06-21 19:00:00,CNY,momentum,"momentum(n=3,rearm=18)",BUY_NOW,down,0.5,fast,2,8.129,"{""n"": 3, ""rearm"": 18, ""_feasible"": true, ""_n_feasible"": 7, ""_score"": 1.0236}","{""streak"": 3.0, ""drop_pct"": -1.3111569746266927}"
2022-06-22 15:00:00,CNY,dip_vs_trend,"dip_vs_trend(pct=0.1,rearm=27,span=720,window=2250)",BUY_NOW,down,0.9466666666666667,medium,2,7.9999,"{""span"": 720, ""window"": 2250, ""pct"": 0.1, ""rearm"": 27, ""_feasible"": true, ""_n_feasible"": 33, ""_score"": 1.5214}","{""dev_pct"": -33.735398064435095, ""pct_rank"": 0.005333333333333333, ""window"": 2250.0, ""span"": 720.0}"
2022-06-22 18:00:00,CNY,reversal,"reversal(max_days_since_min=180,rearm=27,rise_bps=50,window=1080)",WINDOW_CLOSING,up,0.5950743842980444,slow,2,8.0466,"{""window"": 1080, ""rise_bps"": 50, ""max_days_since_min"": 180, ""rearm"": 27, ""_feasible"": true, ""_n_feasible"": 19, ""_score"": 1.5512}","{""rise_pct"": 0.5950743842980444, ""min_rate"": 7.999, ""days_since_min"": 5.0, ""window"": 1080.0}"
2022-06-27 12:00:00,CNY,dip_vs_trend,"dip_vs_trend(pct=0.1,rearm=27,span=720,window=2250)",BUY_NOW,down,0.6044444444444446,medium,2,8.0335,"{""span"": 720, ""window"": 2250, ""pct"": 0.1, ""rearm"": 27, ""_feasible"": true, ""_n_feasible"": 33, ""_score"": 1.5214}","{""dev_pct"": -31.379554587570713, ""pct_rank"": 0.03955555555555555, ""window"": 2250.0, ""span"": 720.0}"
2022-06-27 15:00:00,CNY,reversal,"reversal(max_days_since_min=180,rearm=27,rise_bps=50,window=1080)",WINDOW_CLOSING,up,0.8176100628930927,slow,2,8.015,"{""window"": 1080, ""rise_bps"": 50, ""max_days_since_min"": 180, ""rearm"": 27, ""_feasible"": true, ""_n_feasible"": 19, ""_score"": 1.5512}","{""rise_pct"": 0.8176100628930927, ""min_rate"": 7.95, ""days_since_min"": 21.0, ""window"": 1080.0}"
2022-06-28 11:00:00,CNY,level,"level(pct=0.15,rearm=27,stall_days=27,window=2250)",BUY_NOW,down,0.9259259259259259,medium,2,8.0305,"{""window"": 2250, ""pct"": 0.15, ""stall_days"": 27, ""rearm"": 27, ""_feasible"": true, ""_n_feasible"": 60, ""_score"": 1.4029}","{""pct_rank"": 0.011111111111111112, ""window"": 2250.0, ""days_since_min"": 27.0}"
2022-06-28 13:00:00,CNY,momentum,"momentum(n=3,rearm=18)",BUY_NOW,down,0.5,fast,2,7.9657,"{""n"": 3, ""rearm"": 18, ""_feasible"": true, ""_n_feasible"": 7, ""_score"": 1.0236}","{""streak"": 3.0, ""drop_pct"": -1.4146039603960436}"
2022-06-30 13:00:00,CNY,reversal,"reversal(max_days_since_min=180,rearm=27,rise_bps=50,window=1080)",WINDOW_CLOSING,up,1.0,slow,2,8.358,"{""window"": 1080, ""rise_bps"": 50, ""max_days_since_min"": 180, ""rearm"": 27, ""_feasible"": true, ""_n_feasible"": 19, ""_score"": 1.5512}","{""rise_pct"": 10.133087363288974, ""min_rate"": 7.589, ""days_since_min"": 12.0, ""window"": 1080.0}"
2022-06-30 16:00:00,CNY,momentum,"momentum(n=3,rearm=18)",BUY_NOW,down,0.5,fast,2,8.1501,"{""n"": 3, ""rearm"": 18, ""_feasible"": true, ""_n_feasible"": 7, ""_score"": 1.0236}","{""streak"": 3.0, ""drop_pct"": -2.487437185929653}"
2022-06-30 19:00:00,CNY,dip_vs_trend,"dip_vs_trend(pct=0.1,rearm=27,span=720,window=2250)",BUY_NOW,down,0.01333333333333342,medium,2,7.9901,"{""span"": 720, ""window"": 2250, ""pct"": 0.1, ""rearm"": 27, ""_feasible"": true, ""_n_feasible"": 33, ""_score"": 1.5214}","{""dev_pct"": -28.05723655006802, ""pct_rank"": 0.09866666666666667, ""window"": 2250.0, ""span"": 720.0}"
2022-07-01 18:00:00,CNY,level,"level(pct=0.15,rearm=27,stall_days=27,window=2250)",BUY_NOW,down,0.5614814814814815,medium,3,8.7201,"{""window"": 2250, ""pct"": 0.15, ""stall_days"": 27, ""rearm"": 27, ""_feasible"": true, ""_n_feasible"": 58, ""_score"": 1.3449}","{""pct_rank"": 0.06577777777777778, ""window"": 2250.0, ""days_since_min"": 27.0}"
2022-07-05 10:00:00,CNY,reversal,"reversal(max_days_since_min=180,rearm=27,rise_bps=50,window=1080)",WINDOW_CLOSING,up,1.0,slow,3,8.678,"{""window"": 1080, ""rise_bps"": 50, ""max_days_since_min"": 180, ""rearm"": 27, ""_feasible"": true, ""_n_feasible"": 20, ""_score"": 1.5512}","{""rise_pct"": 14.349716695216763, ""min_rate"": 7.589, ""days_since_min"": 39.0, ""window"": 1080.0}"
2022-07-07 13:00:00,CNY,momentum,"momentum(n=3,rearm=18)",BUY_NOW,down,0.5,fast,3,9.5827,"{""n"": 3, ""rearm"": 18, ""_feasible"": true, ""_n_feasible"": 7, ""_score"": 1.0111}","{""streak"": 3.0, ""drop_pct"": -1.7007744781248335}"
2022-07-07 17:00:00,CNY,level,"level(pct=0.15,rearm=27,stall_days=27,window=2250)",BUY_NOW,down,0.028148148148148033,medium,3,9.461,"{""window"": 2250, ""pct"": 0.15, ""stall_days"": 27, ""rearm"": 27, ""_feasible"": true, ""_n_feasible"": 58, ""_score"": 1.3449}","{""pct_rank"": 0.14577777777777778, ""window"": 2250.0, ""days_since_min"": 66.0}"
2022-07-07 17:00:00,CNY,reversal,"reversal(max_days_since_min=180,rearm=27,rise_bps=50,window=1080)",WINDOW_CLOSING,up,1.0,slow,3,9.461,"{""window"": 1080, ""rise_bps"": 50, ""max_days_since_min"": 180, ""rearm"": 27, ""_feasible"": true, ""_n_feasible"": 20, ""_score"": 1.5512}","{""rise_pct"": 24.667281591777577, ""min_rate"": 7.589, ""days_since_min"": 66.0, ""window"": 1080.0}"
2022-07-11 11:00:00,CNY,momentum,"momentum(n=3,rearm=18)",BUY_NOW,down,0.5,fast,3,9.1995,"{""n"": 3, ""rearm"": 18, ""_feasible"": true, ""_n_feasible"": 7, ""_score"": 1.0111}","{""streak"": 3.0, ""drop_pct"": -1.1146702209992254}"
2022-07-12 14:00:00,CNY,level,"level(pct=0.15,rearm=27,stall_days=27,window=2250)",BUY_NOW,down,0.5318518518518518,medium,3,8.7474,"{""window"": 2250, ""pct"": 0.15, ""stall_days"": 27, ""rearm"": 27, ""_feasible"": true, ""_n_feasible"": 58, ""_score"": 1.3449}","{""pct_rank"": 0.07022222222222223, ""window"": 2250.0, ""days_since_min"": 93.0}"
2022-07-12 14:00:00,CNY,reversal,"reversal(max_days_since_min=180,rearm=27,rise_bps=50,window=1080)",WINDOW_CLOSING,up,1.0,slow,3,8.7474,"{""window"": 1080, ""rise_bps"": 50, ""max_days_since_min"": 180, ""rearm"": 27, ""_feasible"": true, ""_n_feasible"": 20, ""_score"": 1.5512}","{""rise_pct"": 15.264198181578603, ""min_rate"": 7.589, ""days_since_min"": 93.0, ""window"": 1080.0}"
2022-07-13 15:00:00,CNY,momentum,"momentum(n=3,rearm=18)",BUY_NOW,down,0.5,fast,3,8.65,"{""n"": 3, ""rearm"": 18, ""_feasible"": true, ""_n_feasible"": 7, ""_score"": 1.0111}","{""streak"": 3.0, ""drop_pct"": -1.7715194185782268}"
2022-07-15 11:00:00,CNY,level,"level(pct=0.15,rearm=27,stall_days=27,window=2250)",BUY_NOW,down,0.5674074074074074,medium,3,8.646,"{""window"": 2250, ""pct"": 0.15, ""stall_days"": 27, ""rearm"": 27, ""_feasible"": true, ""_n_feasible"": 58, ""_score"": 1.3449}","{""pct_rank"": 0.06488888888888888, ""window"": 2250.0, ""days_since_min"": 120.0}"
2022-07-15 11:00:00,CNY,reversal,"reversal(max_days_since_min=180,rearm=27,rise_bps=50,window=1080)",WINDOW_CLOSING,up,1.0,slow,3,8.646,"{""window"": 1080, ""rise_bps"": 50, ""max_days_since_min"": 180, ""rearm"": 27, ""_feasible"": true, ""_n_feasible"": 20, ""_score"": 1.5512}","{""rise_pct"": 13.928053762023994, ""min_rate"": 7.589, ""days_since_min"": 120.0, ""window"": 1080.0}"
2022-07-15 13:00:00,CNY,momentum,"momentum(n=3,rearm=18)",BUY_NOW,down,0.6666666666666666,fast,3,8.5488,"{""n"": 3, ""rearm"": 18, ""_feasible"": true, ""_n_feasible"": 7, ""_score"": 1.0111}","{""streak"": 4.0, ""drop_pct"": -1.241870083060892}"
2022-07-19 12:00:00,CNY,momentum,"momentum(n=3,rearm=18)",BUY_NOW,down,0.5,fast,3,8.295,"{""n"": 3, ""rearm"": 18, ""_feasible"": true, ""_n_feasible"": 7, ""_score"": 1.0111}","{""streak"": 3.0, ""drop_pct"": -1.7180094786729772}"
2022-07-19 18:00:00,CNY,level,"level(pct=0.15,rearm=27,stall_days=27,window=2250)",BUY_NOW,down,0.7659259259259259,medium,3,8.2731,"{""window"": 2250, ""pct"": 0.15, ""stall_days"": 27, ""rearm"": 27, ""_feasible"": true, ""_n_feasible"": 58, ""_score"": 1.3449}","{""pct_rank"": 0.035111111111111114, ""window"": 2250.0, ""days_since_min"": 147.0}"
2022-07-19 18:00:00,CNY,reversal,"reversal(max_days_since_min=180,rearm=27,rise_bps=50,window=1080)",WINDOW_CLOSING,up,1.0,slow,3,8.2731,"{""window"": 1080, ""rise_bps"": 50, ""max_days_since_min"": 180, ""rearm"": 27, ""_feasible"": true, ""_n_feasible"": 20, ""_score"": 1.5512}","{""rise_pct"": 9.014362893661865, ""min_rate"": 7.589, ""days_since_min"": 147.0, ""window"": 1080.0}"
2022-07-22 15:00:00,CNY,level,"level(pct=0.15,rearm=27,stall_days=27,window=2250)",BUY_NOW,down,0.4666666666666667,medium,3,8.6068,"{""window"": 2250, ""pct"": 0.15, ""stall_days"": 27, ""rearm"": 27, ""_feasible"": true, ""_n_feasible"": 58, ""_score"": 1.3449}","{""pct_rank"": 0.08, ""window"": 2250.0, ""days_since_min"": 174.0}"
2022-07-22 15:00:00,CNY,reversal,"reversal(max_days_since_min=180,rearm=27,rise_bps=50,window=1080)",WINDOW_CLOSING,up,1.0,slow,3,8.6068,"{""window"": 1080, ""rise_bps"": 50, ""max_days_since_min"": 180, ""rearm"": 27, ""_feasible"": true, ""_n_feasible"": 20, ""_score"": 1.5512}","{""rise_pct"": 13.411516668862822, ""min_rate"": 7.589, ""days_since_min"": 174.0, ""window"": 1080.0}"
2022-07-27 12:00:00,CNY,level,"level(pct=0.15,rearm=27,stall_days=27,window=2250)",BUY_NOW,down,0.0755555555555556,medium,3,9.072,"{""window"": 2250, ""pct"": 0.15, ""stall_days"": 27, ""rearm"": 27, ""_feasible"": true, ""_n_feasible"": 58, ""_score"": 1.3449}","{""pct_rank"": 0.13866666666666666, ""window"": 2250.0, ""days_since_min"": 201.0}"
2022-07-27 16:00:00,CNY,momentum,"momentum(n=3,rearm=18)",BUY_NOW,down,0.5,fast,3,8.915,"{""n"": 3, ""rearm"": 18, ""_feasible"": true, ""_n_feasible"": 7, ""_score"": 1.0111}","{""streak"": 3.0, ""drop_pct"": -1.766332793406289}"
2022-08-01 16:00:00,CNY,level,"level(pct=0.15,rearm=27,stall_days=27,window=2250)",BUY_NOW,down,0.045925925925925926,medium,3,9.06,"{""window"": 2250, ""pct"": 0.15, ""stall_days"": 27, ""rearm"": 27, ""_feasible"": true, ""_n_feasible"": 58, ""_score"": 1.3449}","{""pct_rank"": 0.1431111111111111, ""window"": 2250.0, ""days_since_min"": 235.0}"
2022-08-01 16:00:00,CNY,momentum,"momentum(n=3,rearm=18)",BUY_NOW,down,0.5,fast,3,9.06,"{""n"": 3, ""rearm"": 18, ""_feasible"": true, ""_n_feasible"": 7, ""_score"": 1.0111}","{""streak"": 3.0, ""drop_pct"": -3.163745190252243}"
2022-08-04 13:00:00,CNY,level,"level(pct=0.15,rearm=27,stall_days=27,window=2250)",BUY_NOW,down,0.10518518518518516,medium,3,8.928,"{""window"": 2250, ""pct"": 0.15, ""stall_days"": 27, ""rearm"": 27, ""_feasible"": true, ""_n_feasible"": 58, ""_score"": 1.3449}","{""pct_rank"": 0.13422222222222221, ""window"": 2250.0, ""days_since_min"": 262.0}"
2022-08-08 12:00:00,CNY,momentum,"momentum(n=3,rearm=18)",BUY_NOW,down,0.5,fast,3,8.941,"{""n"": 3, ""rearm"": 18, ""_feasible"": true, ""_n_feasible"": 7, ""_score"": 1.0111}","{""streak"": 3.0, ""drop_pct"": -1.226248342907632}"
2022-08-09 11:00:00,CNY,level,"level(pct=0.15,rearm=27,stall_days=27,window=2250)",BUY_NOW,down,0.0637037037037036,medium,3,8.94,"{""window"": 2250, ""pct"": 0.15, ""stall_days"": 27, ""rearm"": 27, ""_feasible"": true, ""_n_feasible"": 58, ""_score"": 1.3449}","{""pct_rank"": 0.14044444444444446, ""window"": 2250.0, ""days_since_min"": 290.0}"
2022-08-10 10:00:00,CNY,momentum,"momentum(n=3,rearm=18)",BUY_NOW,down,0.5,fast,3,8.92,"{""n"": 3, ""rearm"": 18, ""_feasible"": true, ""_n_feasible"": 7, ""_score"": 1.0111}","{""streak"": 3.0, ""drop_pct"": -0.2906326849988816}"
2022-08-15 18:00:00,CNY,momentum,"momentum(n=3,rearm=18)",BUY_NOW,down,0.5,fast,3,9.034,"{""n"": 3, ""rearm"": 18, ""_feasible"": true, ""_n_feasible"": 7, ""_score"": 1.0111}","{""streak"": 3.0, ""drop_pct"": -0.5066079295154124}"
2022-08-17 13:00:00,CNY,level,"level(pct=0.15,rearm=27,stall_days=27,window=2250)",BUY_NOW,down,0.045925925925925926,medium,3,8.941,"{""window"": 2250, ""pct"": 0.15, ""stall_days"": 27, ""rearm"": 27, ""_feasible"": true, ""_n_feasible"": 58, ""_score"": 1.3449}","{""pct_rank"": 0.1431111111111111, ""window"": 2250.0, ""days_since_min"": 352.0}"
2022-08-18 14:00:00,CNY,momentum,"momentum(n=3,rearm=18)",BUY_NOW,down,0.5,fast,3,8.749,"{""n"": 3, ""rearm"": 18, ""_feasible"": true, ""_n_feasible"": 7, ""_score"": 1.0111}","{""streak"": 3.0, ""drop_pct"": -1.9060432783944425}"
2022-08-22 10:00:00,CNY,level,"level(pct=0.15,rearm=27,stall_days=27,window=2250)",BUY_NOW,down,0.3540740740740741,medium,3,8.65,"{""window"": 2250, ""pct"": 0.15, ""stall_days"": 27, ""rearm"": 27, ""_feasible"": true, ""_n_feasible"": 58, ""_score"": 1.3449}","{""pct_rank"": 0.09688888888888889, ""window"": 2250.0, ""days_since_min"": 379.0}"
2022-08-22 14:00:00,CNY,momentum,"momentum(n=3,rearm=18)",BUY_NOW,down,0.5,fast,3,8.69,"{""n"": 3, ""rearm"": 18, ""_feasible"": true, ""_n_feasible"": 7, ""_score"": 1.0111}","{""streak"": 3.0, ""drop_pct"": -0.9009009009009028}"
2022-08-24 15:00:00,CNY,momentum,"momentum(n=3,rearm=18)",BUY_NOW,down,0.5,fast,3,8.711,"{""n"": 3, ""rearm"": 18, ""_feasible"": true, ""_n_feasible"": 7, ""_score"": 1.0111}","{""streak"": 3.0, ""drop_pct"": -0.5139333028780224}"
2022-08-24 17:00:00,CNY,level,"level(pct=0.15,rearm=27,stall_days=27,window=2250)",BUY_NOW,down,0.13481481481481483,medium,3,8.75,"{""window"": 2250, ""pct"": 0.15, ""stall_days"": 27, ""rearm"": 27, ""_feasible"": true, ""_n_feasible"": 58, ""_score"": 1.3449}","{""pct_rank"": 0.12977777777777777, ""window"": 2250.0, ""days_since_min"": 406.0}"
2022-08-29 12:00:00,CNY,momentum,"momentum(n=3,rearm=18)",BUY_NOW,down,0.5,fast,3,8.716,"{""n"": 3, ""rearm"": 18, ""_feasible"": true, ""_n_feasible"": 7, ""_score"": 1.0111}","{""streak"": 3.0, ""drop_pct"": -0.5590416428979061}"
2022-08-29 14:00:00,CNY,level,"level(pct=0.15,rearm=27,stall_days=27,window=2250)",BUY_NOW,down,0.14962962962962956,medium,3,8.733,"{""window"": 2250, ""pct"": 0.15, ""stall_days"": 27, ""rearm"": 27, ""_feasible"": true, ""_n_feasible"": 58, ""_score"": 1.3449}","{""pct_rank"": 0.12755555555555556, ""window"": 2250.0, ""days_since_min"": 433.0}"
2022-08-31 10:00:00,CNY,momentum,"momentum(n=3,rearm=18)",BUY_NOW,down,0.6666666666666666,fast,3,8.6,"{""n"": 3, ""rearm"": 18, ""_feasible"": true, ""_n_feasible"": 7, ""_score"": 1.0111}","{""streak"": 4.0, ""drop_pct"": -1.7142857142857237}"
2022-09-01 11:00:00,CNY,level,"level(pct=0.15,rearm=27,stall_days=27,window=2250)",BUY_NOW,down,0.17925925925925923,medium,3,8.715,"{""window"": 2250, ""pct"": 0.15, ""stall_days"": 27, ""rearm"": 27, ""_feasible"": true, ""_n_feasible"": 58, ""_score"": 1.3449}","{""pct_rank"": 0.12311111111111112, ""window"": 2250.0, ""days_since_min"": 460.0}"
2022-09-05 16:00:00,CNY,momentum,"momentum(n=3,rearm=18)",BUY_NOW,down,0.5,fast,3,8.74,"{""n"": 3, ""rearm"": 18, ""_feasible"": true, ""_n_feasible"": 7, ""_score"": 1.0111}","{""streak"": 3.0, ""drop_pct"": -1.0080416808245563}"
2022-09-06 10:00:00,CNY,level,"level(pct=0.15,rearm=27,stall_days=27,window=2250)",BUY_NOW,down,0.022222222222222143,medium,3,8.74,"{""window"": 2250, ""pct"": 0.15, ""stall_days"": 27, ""rearm"": 27, ""_feasible"": true, ""_n_feasible"": 58, ""_score"": 1.3449}","{""pct_rank"": 0.14666666666666667, ""window"": 2250.0, ""days_since_min"": 487.0}"
2022-09-07 14:00:00,CNY,momentum,"momentum(n=3,rearm=18)",BUY_NOW,down,0.6666666666666666,fast,3,8.729,"{""n"": 3, ""rearm"": 18, ""_feasible"": true, ""_n_feasible"": 7, ""_score"": 1.0111}","{""streak"": 4.0, ""drop_pct"": -0.4334435953005644}"
2022-09-08 17:00:00,CNY,level,"level(pct=0.15,rearm=27,stall_days=27,window=2250)",BUY_NOW,down,0.1081481481481481,medium,3,8.727,"{""window"": 2250, ""pct"": 0.15, ""stall_days"": 27, ""rearm"": 27, ""_feasible"": true, ""_n_feasible"": 58, ""_score"": 1.3449}","{""pct_rank"": 0.13377777777777777, ""window"": 2250.0, ""days_since_min"": 514.0}"
2022-09-13 09:00:00,CNY,level,"level(pct=0.15,rearm=27,stall_days=27,window=2250)",BUY_NOW,down,0.016296296296296253,medium,3,8.73,"{""window"": 2250, ""pct"": 0.15, ""stall_days"": 27, ""rearm"": 27, ""_feasible"": true, ""_n_feasible"": 58, ""_score"": 1.3449}","{""pct_rank"": 0.14755555555555555, ""window"": 2250.0, ""days_since_min"": 542.0}"
2022-09-13 13:00:00,CNY,momentum,"momentum(n=3,rearm=18)",BUY_NOW,down,0.5,fast,3,8.656,"{""n"": 3, ""rearm"": 18, ""_feasible"": true, ""_n_feasible"": 7, ""_score"": 1.0111}","{""streak"": 3.0, ""drop_pct"": -0.9384298466468155}"
2022-09-15 10:00:00,CNY,level,"level(pct=0.15,rearm=27,stall_days=27,window=2250)",BUY_NOW,down,0.47851851851851845,medium,3,8.574,"{""window"": 2250, ""pct"": 0.15, ""stall_days"": 27, ""rearm"": 27, ""_feasible"": true, ""_n_feasible"": 58, ""_score"": 1.3449}","{""pct_rank"": 0.07822222222222222, ""window"": 2250.0, ""days_since_min"": 569.0}"
2022-09-15 12:00:00,CNY,momentum,"momentum(n=3,rearm=18)",BUY_NOW,down,0.5,fast,3,8.554,"{""n"": 3, ""rearm"": 18, ""_feasible"": true, ""_n_feasible"": 7, ""_score"": 1.0111}","{""streak"": 3.0, ""drop_pct"": -0.3610949330227209}"
2022-09-19 11:00:00,CNY,level,"level(pct=0.15,rearm=27,stall_days=27,window=2250)",BUY_NOW,down,0.44592592592592595,medium,3,8.563,"{""window"": 2250, ""pct"": 0.15, ""stall_days"": 27, ""rearm"": 27, ""_feasible"": true, ""_n_feasible"": 58, ""_score"": 1.3449}","{""pct_rank"": 0.08311111111111111, ""window"": 2250.0, ""days_since_min"": 596.0}"
2022-09-20 12:00:00,CNY,momentum,"momentum(n=3,rearm=18)",BUY_NOW,down,0.5,fast,3,8.541,"{""n"": 3, ""rearm"": 18, ""_feasible"": true, ""_n_feasible"": 7, ""_score"": 1.0111}","{""streak"": 3.0, ""drop_pct"": -0.5704307334109315}"
2022-09-21 12:00:00,CNY,level,"level(pct=0.15,rearm=27,stall_days=27,window=2250)",BUY_NOW,down,0.49629629629629624,medium,3,8.546,"{""window"": 2250, ""pct"": 0.15, ""stall_days"": 27, ""rearm"": 27, ""_feasible"": true, ""_n_feasible"": 58, ""_score"": 1.3449}","{""pct_rank"": 0.07555555555555556, ""window"": 2250.0, ""days_since_min"": 623.0}"
2022-09-21 17:00:00,CNY,momentum,"momentum(n=3,rearm=18)",BUY_NOW,down,0.5,fast,3,8.558,"{""n"": 3, ""rearm"": 18, ""_feasible"": true, ""_n_feasible"": 7, ""_score"": 1.0111}","{""streak"": 3.0, ""drop_pct"": -0.2564102564102555}"
2022-09-23 11:00:00,CNY,momentum,"momentum(n=3,rearm=18)",BUY_NOW,down,0.5,fast,3,8.285,"{""n"": 3, ""rearm"": 18, ""_feasible"": true, ""_n_feasible"": 7, ""_score"": 1.0111}","{""streak"": 3.0, ""drop_pct"": -1.157241708422807}"
2022-09-23 13:00:00,CNY,level,"level(pct=0.15,rearm=27,stall_days=27,window=2250)",BUY_NOW,down,0.7718518518518518,medium,3,8.201,"{""window"": 2250, ""pct"": 0.15, ""stall_days"": 27, ""rearm"": 27, ""_feasible"": true, ""_n_feasible"": 58, ""_score"": 1.3449}","{""pct_rank"": 0.03422222222222222, ""window"": 2250.0, ""days_since_min"": 650.0}"
2022-09-27 15:00:00,CNY,level,"level(pct=0.15,rearm=27,stall_days=27,window=2250)",BUY_NOW,down,0.7659259259259259,medium,3,8.125,"{""window"": 2250, ""pct"": 0.15, ""stall_days"": 27, ""rearm"": 27, ""_feasible"": true, ""_n_feasible"": 58, ""_score"": 1.3449}","{""pct_rank"": 0.035111111111111114, ""window"": 2250.0, ""days_since_min"": 677.0}"
2022-09-28 13:00:00,CNY,momentum,"momentum(n=3,rearm=18)",BUY_NOW,down,0.5,fast,3,8.036,"{""n"": 3, ""rearm"": 18, ""_feasible"": true, ""_n_feasible"": 7, ""_score"": 1.0111}","{""streak"": 3.0, ""drop_pct"": -1.2655117336282107}"
2022-09-29 16:00:00,CNY,level,"level(pct=0.15,rearm=27,stall_days=27,window=2250)",BUY_NOW,down,0.8429629629629629,medium,3,8.033,"{""window"": 2250, ""pct"": 0.15, ""stall_days"": 27, ""rearm"": 27, ""_feasible"": true, ""_n_feasible"": 58, ""_score"": 1.3449}","{""pct_rank"": 0.023555555555555555, ""window"": 2250.0, ""days_since_min"": 704.0}"
2022-10-03 17:00:00,CNY,level,"level(pct=0.15,rearm=27,stall_days=27,window=2250)",BUY_NOW,down,0.5348148148148149,medium,3,8.233,"{""window"": 2250, ""pct"": 0.15, ""stall_days"": 27, ""rearm"": 27, ""_feasible"": true, ""_n_feasible"": 58, ""_score"": 1.3449}","{""pct_rank"": 0.06977777777777777, ""window"": 2250.0, ""days_since_min"": 731.0}"
2022-10-04 13:00:00,CNY,momentum,"momentum(n=3,rearm=18)",BUY_NOW,down,0.5,fast,3,8.16,"{""n"": 3, ""rearm"": 18, ""_feasible"": true, ""_n_feasible"": 7, ""_score"": 1.0111}","{""streak"": 3.0, ""drop_pct"": -1.6037622090919967}"
2022-10-05 18:00:00,CNY,level,"level(pct=0.15,rearm=27,stall_days=27,window=2250)",BUY_NOW,down,0.30666666666666664,medium,3,8.441,"{""window"": 2250, ""pct"": 0.15, ""stall_days"": 27, ""rearm"": 27, ""_feasible"": true, ""_n_feasible"": 58, ""_score"": 1.3449}","{""pct_rank"": 0.104, ""window"": 2250.0, ""days_since_min"": 758.0}"
2022-10-05 18:00:00,CNY,momentum,"momentum(n=3,rearm=18)",BUY_NOW,down,0.5,fast,3,8.441,"{""n"": 3, ""rearm"": 18, ""_feasible"": true, ""_n_feasible"": 7, ""_score"": 1.0111}","{""streak"": 3.0, ""drop_pct"": -0.5068363979255031}"
2022-10-07 15:00:00,CNY,momentum,"momentum(n=3,rearm=18)",BUY_NOW,down,0.5,fast,3,8.562,"{""n"": 3, ""rearm"": 18, ""_feasible"": true, ""_n_feasible"": 7, ""_score"": 1.0111}","{""streak"": 3.0, ""drop_pct"": -0.6728538283062635}"
2022-10-07 19:00:00,CNY,level,"level(pct=0.15,rearm=27,stall_days=27,window=2250)",BUY_NOW,down,0.2414814814814814,medium,3,8.497,"{""window"": 2250, ""pct"": 0.15, ""stall_days"": 27, ""rearm"": 27, ""_feasible"": true, ""_n_feasible"": 58, ""_score"": 1.3449}","{""pct_rank"": 0.11377777777777778, ""window"": 2250.0, ""days_since_min"": 785.0}"
2022-10-13 16:00:00,CNY,momentum,"momentum(n=3,rearm=18)",BUY_NOW,down,0.5,fast,3,8.697,"{""n"": 3, ""rearm"": 18, ""_feasible"": true, ""_n_feasible"": 7, ""_score"": 1.0111}","{""streak"": 3.0, ""drop_pct"": -0.1607163356675545}"
2022-10-17 08:00:00,CNY,momentum,"momentum(n=3,rearm=18)",BUY_NOW,down,0.6666666666666666,fast,3,8.597,"{""n"": 3, ""rearm"": 18, ""_feasible"": true, ""_n_feasible"": 7, ""_score"": 1.0111}","{""streak"": 4.0, ""drop_pct"": -0.42853833680798203}"
2022-10-17 12:00:00,CNY,level,"level(pct=0.15,rearm=27,stall_days=27,window=2250)",BUY_NOW,down,0.25629629629629624,medium,3,8.481,"{""window"": 2250, ""pct"": 0.15, ""stall_days"": 27, ""rearm"": 27, ""_feasible"": true, ""_n_feasible"": 58, ""_score"": 1.3449}","{""pct_rank"": 0.11155555555555556, ""window"": 2250.0, ""days_since_min"": 856.0}"
2022-10-19 13:00:00,CNY,level,"level(pct=0.15,rearm=27,stall_days=27,window=2250)",BUY_NOW,down,0.29481481481481475,medium,3,8.448,"{""window"": 2250, ""pct"": 0.15, ""stall_days"": 27, ""rearm"": 27, ""_feasible"": true, ""_n_feasible"": 58, ""_score"": 1.3449}","{""pct_rank"": 0.10577777777777778, ""window"": 2250.0, ""days_since_min"": 883.0}"
2022-10-19 13:00:00,CNY,momentum,"momentum(n=3,rearm=18)",BUY_NOW,down,0.5,fast,3,8.448,"{""n"": 3, ""rearm"": 18, ""_feasible"": true, ""_n_feasible"": 7, ""_score"": 1.0111}","{""streak"": 3.0, ""drop_pct"": -0.82178915238319}"
2022-10-21 14:00:00,CNY,level,"level(pct=0.15,rearm=27,stall_days=27,window=2250)",BUY_NOW,down,0.3807407407407407,medium,3,8.353,"{""window"": 2250, ""pct"": 0.15, ""stall_days"": 27, ""rearm"": 27, ""_feasible"": true, ""_n_feasible"": 58, ""_score"": 1.3449}","{""pct_rank"": 0.09288888888888888, ""window"": 2250.0, ""days_since_min"": 910.0}"
2022-10-21 16:00:00,CNY,momentum,"momentum(n=3,rearm=18)",BUY_NOW,down,0.5,fast,3,8.319,"{""n"": 3, ""rearm"": 18, ""_feasible"": true, ""_n_feasible"": 7, ""_score"": 1.0111}","{""streak"": 3.0, ""drop_pct"": -0.8698760724499377}"
2022-10-25 15:00:00,CNY,level,"level(pct=0.15,rearm=27,stall_days=27,window=2250)",BUY_NOW,down,0.36,medium,3,8.319,"{""window"": 2250, ""pct"": 0.15, ""stall_days"": 27, ""rearm"": 27, ""_feasible"": true, ""_n_feasible"": 58, ""_score"": 1.3449}","{""pct_rank"": 0.096, ""window"": 2250.0, ""days_since_min"": 937.0}"
2022-10-27 12:00:00,CNY,momentum,"momentum(n=3,rearm=18)",BUY_NOW,down,0.5,fast,3,8.469,"{""n"": 3, ""rearm"": 18, ""_feasible"": true, ""_n_feasible"": 7, ""_score"": 1.0111}","{""streak"": 3.0, ""drop_pct"": -0.41157102539981505}"
2022-10-27 16:00:00,CNY,level,"level(pct=0.15,rearm=27,stall_days=27,window=2250)",BUY_NOW,down,0.23555555555555552,medium,3,8.408,"{""window"": 2250, ""pct"": 0.15, ""stall_days"": 27, ""rearm"": 27, ""_feasible"": true, ""_n_feasible"": 58, ""_score"": 1.3449}","{""pct_rank"": 0.11466666666666667, ""window"": 2250.0, ""days_since_min"": 964.0}"
2022-10-31 14:00:00,CNY,momentum,"momentum(n=3,rearm=18)",BUY_NOW,down,0.5,fast,3,8.368,"{""n"": 3, ""rearm"": 18, ""_feasible"": true, ""_n_feasible"": 7, ""_score"": 1.0111}","{""streak"": 3.0, ""drop_pct"": -0.8413319113639073}"
2022-10-31 17:00:00,CNY,level,"level(pct=0.15,rearm=27,stall_days=27,window=2250)",BUY_NOW,down,0.2770370370370371,medium,3,8.372,"{""window"": 2250, ""pct"": 0.15, ""stall_days"": 27, ""rearm"": 27, ""_feasible"": true, ""_n_feasible"": 58, ""_score"": 1.3449}","{""pct_rank"": 0.10844444444444444, ""window"": 2250.0, ""days_since_min"": 991.0}"
2022-11-02 17:00:00,CNY,momentum,"momentum(n=3,rearm=18)",BUY_NOW,down,0.5,fast,3,8.402,"{""n"": 3, ""rearm"": 18, ""_feasible"": true, ""_n_feasible"": 7, ""_score"": 1.0111}","{""streak"": 3.0, ""drop_pct"": -0.3912270302311893}"
2022-11-02 18:00:00,CNY,level,"level(pct=0.15,rearm=27,stall_days=27,window=2250)",BUY_NOW,down,0.16740740740740745,medium,3,8.41,"{""window"": 2250, ""pct"": 0.15, ""stall_days"": 27, ""rearm"": 27, ""_feasible"": true, ""_n_feasible"": 58, ""_score"": 1.3449}","{""pct_rank"": 0.12488888888888888, ""window"": 2250.0, ""days_since_min"": 1018.0}"
2022-11-07 13:00:00,CNY,momentum,"momentum(n=3,rearm=18)",BUY_NOW,down,0.5,fast,3,8.42,"{""n"": 3, ""rearm"": 18, ""_feasible"": true, ""_n_feasible"": 7, ""_score"": 1.0111}","{""streak"": 3.0, ""drop_pct"": -0.47281323877069736}"
2022-11-07 19:00:00,CNY,level,"level(pct=0.15,rearm=27,stall_days=27,window=2250)",BUY_NOW,down,0.10222222222222221,medium,3,8.417,"{""window"": 2250, ""pct"": 0.15, ""stall_days"": 27, ""rearm"": 27, ""_feasible"": true, ""_n_feasible"": 58, ""_score"": 1.3449}","{""pct_rank"": 0.13466666666666666, ""window"": 2250.0, ""days_since_min"": 1045.0}"
2022-11-10 13:00:00,CNY,level,"level(pct=0.15,rearm=27,stall_days=27,window=2250)",BUY_NOW,down,0.18518518518518523,medium,3,8.39,"{""window"": 2250, ""pct"": 0.15, ""stall_days"": 27, ""rearm"": 27, ""_feasible"": true, ""_n_feasible"": 58, ""_score"": 1.3449}","{""pct_rank"": 0.12222222222222222, ""window"": 2250.0, ""days_since_min"": 1078.0}"
2022-11-14 14:00:00,CNY,momentum,"momentum(n=3,rearm=18)",BUY_NOW,down,0.5,fast,3,8.505,"{""n"": 3, ""rearm"": 18, ""_feasible"": true, ""_n_feasible"": 7, ""_score"": 1.0111}","{""streak"": 3.0, ""drop_pct"": -0.6076896108449192}"
2022-11-16 12:00:00,CNY,momentum,"momentum(n=3,rearm=18)",BUY_NOW,down,0.5,fast,3,8.506,"{""n"": 3, ""rearm"": 18, ""_feasible"": true, ""_n_feasible"": 7, ""_score"": 1.0111}","{""streak"": 3.0, ""drop_pct"": -0.5262542392702629}"
2022-11-21 07:00:00,CNY,momentum,"momentum(n=3,rearm=18)",BUY_NOW,down,0.5,fast,3,8.477,"{""n"": 3, ""rearm"": 18, ""_feasible"": true, ""_n_feasible"": 7, ""_score"": 1.0111}","{""streak"": 3.0, ""drop_pct"": -0.21188934667449866}"
2022-11-23 10:00:00,CNY,momentum,"momentum(n=3,rearm=18)",BUY_NOW,down,0.5,fast,3,8.455,"{""n"": 3, ""rearm"": 18, ""_feasible"": true, ""_n_feasible"": 7, ""_score"": 1.0111}","{""streak"": 3.0, ""drop_pct"": -0.17709563164108877}"
2022-11-23 17:00:00,CNY,level,"level(pct=0.15,rearm=27,stall_days=27,window=2250)",BUY_NOW,down,0.02518518518518509,medium,3,8.416,"{""window"": 2250, ""pct"": 0.15, ""stall_days"": 27, ""rearm"": 27, ""_feasible"": true, ""_n_feasible"": 58, ""_score"": 1.3449}","{""pct_rank"": 0.14622222222222223, ""window"": 2250.0, ""days_since_min"": 1198.0}"
2022-11-24 16:00:00,CNY,momentum,"momentum(n=3,rearm=18)",BUY_NOW,down,0.5,fast,3,8.427,"{""n"": 3, ""rearm"": 18, ""_feasible"": true, ""_n_feasible"": 7, ""_score"": 1.0111}","{""streak"": 3.0, ""drop_pct"": -0.17768301350391535}"
2022-11-25 19:00:00,CNY,level,"level(pct=0.15,rearm=27,stall_days=27,window=2250)",BUY_NOW,down,0.03111111111111098,medium,3,8.415,"{""window"": 2250, ""pct"": 0.15, ""stall_days"": 27, ""rearm"": 27, ""_feasible"": true, ""_n_feasible"": 58, ""_score"": 1.3449}","{""pct_rank"": 0.14533333333333334, ""window"": 2250.0, ""days_since_min"": 1226.0}"
2022-11-28 08:00:00,CNY,momentum,"momentum(n=3,rearm=18)",BUY_NOW,down,0.5,fast,3,8.408,"{""n"": 3, ""rearm"": 18, ""_feasible"": true, ""_n_feasible"": 7, ""_score"": 1.0111}","{""streak"": 3.0, ""drop_pct"": -0.1306568476066139}"
2022-11-29 14:00:00,CNY,momentum,"momentum(n=3,rearm=18)",BUY_NOW,down,0.5,fast,3,8.459,"{""n"": 3, ""rearm"": 18, ""_feasible"": true, ""_n_feasible"": 7, ""_score"": 1.0111}","{""streak"": 3.0, ""drop_pct"": -0.6226503759398594}"
2022-12-05 19:00:00,CNY,momentum,"momentum(n=3,rearm=18)",BUY_NOW,down,0.5,fast,3,8.93,"{""n"": 3, ""rearm"": 18, ""_feasible"": true, ""_n_feasible"": 7, ""_score"": 1.0111}","{""streak"": 3.0, ""drop_pct"": -0.2568971294538147}"
2022-12-08 10:00:00,CNY,momentum,"momentum(n=3,rearm=18)",BUY_NOW,down,0.5,fast,3,8.99,"{""n"": 3, ""rearm"": 18, ""_feasible"": true, ""_n_feasible"": 7, ""_score"": 1.0111}","{""streak"": 3.0, ""drop_pct"": -0.24411895250776583}"
2022-12-12 19:00:00,CNY,momentum,"momentum(n=3,rearm=18)",BUY_NOW,down,0.5,fast,3,8.985,"{""n"": 3, ""rearm"": 18, ""_feasible"": true, ""_n_feasible"": 7, ""_score"": 1.0111}","{""streak"": 3.0, ""drop_pct"": -0.2774694783573839}"
2022-12-22 16:00:00,CNY,momentum,"momentum(n=3,rearm=18)",BUY_NOW,down,0.5,fast,3,10.169,"{""n"": 3, ""rearm"": 18, ""_feasible"": true, ""_n_feasible"": 7, ""_score"": 1.0111}","{""streak"": 3.0, ""drop_pct"": -1.2047022248129702}"
2023-01-03 19:00:00,CNY,momentum,"momentum(n=3,rearm=18)",BUY_NOW,down,0.5,fast,4,10.11,"{""n"": 3, ""rearm"": 18, ""_feasible"": true, ""_n_feasible"": 7, ""_score"": 1.0361}","{""streak"": 3.0, ""drop_pct"": -0.4039010934883347}"
2023-01-09 11:00:00,CNY,momentum,"momentum(n=3,rearm=18)",BUY_NOW,down,0.5,fast,4,10.43,"{""n"": 3, ""rearm"": 18, ""_feasible"": true, ""_n_feasible"": 7, ""_score"": 1.0361}","{""streak"": 3.0, ""drop_pct"": -1.0718011951057482}"
2023-01-11 14:00:00,CNY,momentum,"momentum(n=3,rearm=18)",BUY_NOW,down,0.5,fast,4,10.125,"{""n"": 3, ""rearm"": 18, ""_feasible"": true, ""_n_feasible"": 7, ""_score"": 1.0361}","{""streak"": 3.0, ""drop_pct"": -1.1809486628928445}"
2023-01-16 11:00:00,CNY,momentum,"momentum(n=3,rearm=18)",BUY_NOW,down,0.5,fast,4,10.14,"{""n"": 3, ""rearm"": 18, ""_feasible"": true, ""_n_feasible"": 7, ""_score"": 1.0361}","{""streak"": 3.0, ""drop_pct"": -1.1599571108295126}"
2023-01-19 12:00:00,CNY,momentum,"momentum(n=3,rearm=18)",BUY_NOW,down,0.5,fast,4,10.137,"{""n"": 3, ""rearm"": 18, ""_feasible"": true, ""_n_feasible"": 7, ""_score"": 1.0361}","{""streak"": 3.0, ""drop_pct"": -0.37346437346437167}"
2023-01-23 16:00:00,CNY,momentum,"momentum(n=3,rearm=18)",BUY_NOW,down,0.5,fast,4,10.103,"{""n"": 3, ""rearm"": 18, ""_feasible"": true, ""_n_feasible"": 7, ""_score"": 1.0361}","{""streak"": 3.0, ""drop_pct"": -0.38453953855255296}"
2023-01-31 18:00:00,CNY,momentum,"momentum(n=3,rearm=18)",BUY_NOW,down,0.5,fast,4,10.341,"{""n"": 3, ""rearm"": 18, ""_feasible"": true, ""_n_feasible"": 7, ""_score"": 1.0361}","{""streak"": 3.0, ""drop_pct"": -0.9672476537061936}"
2023-02-03 09:00:00,CNY,momentum,"momentum(n=3,rearm=18)",BUY_NOW,down,0.5,fast,4,10.43,"{""n"": 3, ""rearm"": 18, ""_feasible"": true, ""_n_feasible"": 7, ""_score"": 1.0361}","{""streak"": 3.0, ""drop_pct"": -0.20093770931012278}"
2023-02-07 15:00:00,CNY,momentum,"momentum(n=3,rearm=18)",BUY_NOW,down,0.5,fast,4,10.419,"{""n"": 3, ""rearm"": 18, ""_feasible"": true, ""_n_feasible"": 7, ""_score"": 1.0361}","{""streak"": 3.0, ""drop_pct"": -0.24892292963140106}"
2023-02-10 11:00:00,CNY,momentum,"momentum(n=3,rearm=18)",BUY_NOW,down,0.5,fast,4,10.678,"{""n"": 3, ""rearm"": 18, ""_feasible"": true, ""_n_feasible"": 7, ""_score"": 1.0361}","{""streak"": 3.0, ""drop_pct"": -0.8542246982358281}"
2023-02-14 17:00:00,CNY,momentum,"momentum(n=3,rearm=18)",BUY_NOW,down,0.5,fast,4,10.756,"{""n"": 3, ""rearm"": 18, ""_feasible"": true, ""_n_feasible"": 7, ""_score"": 1.0361}","{""streak"": 3.0, ""drop_pct"": -0.6832871652816208}"
2023-02-16 11:00:00,CNY,momentum,"momentum(n=3,rearm=18)",BUY_NOW,down,0.5,fast,4,10.899,"{""n"": 3, ""rearm"": 18, ""_feasible"": true, ""_n_feasible"": 7, ""_score"": 1.0361}","{""streak"": 3.0, ""drop_pct"": -0.10082493125573855}"
2023-02-22 11:00:00,CNY,momentum,"momentum(n=3,rearm=18)",BUY_NOW,down,0.5,fast,4,10.815,"{""n"": 3, ""rearm"": 18, ""_feasible"": true, ""_n_feasible"": 7, ""_score"": 1.0361}","{""streak"": 3.0, ""drop_pct"": -0.47851292905126686}"
2023-02-27 12:00:00,CNY,momentum,"momentum(n=3,rearm=18)",BUY_NOW,down,0.5,fast,4,10.82,"{""n"": 3, ""rearm"": 18, ""_feasible"": true, ""_n_feasible"": 7, ""_score"": 1.0361}","{""streak"": 3.0, ""drop_pct"": -0.6245407788390889}"
2023-02-28 17:00:00,CNY,momentum,"momentum(n=3,rearm=18)",BUY_NOW,down,0.5,fast,4,10.753,"{""n"": 3, ""rearm"": 18, ""_feasible"": true, ""_n_feasible"": 7, ""_score"": 1.0361}","{""streak"": 3.0, ""drop_pct"": -0.39829566506113245}"
2023-03-03 16:00:00,CNY,momentum,"momentum(n=3,rearm=18)",BUY_NOW,down,0.5,fast,4,10.904,"{""n"": 3, ""rearm"": 18, ""_feasible"": true, ""_n_feasible"": 7, ""_score"": 1.0361}","{""streak"": 3.0, ""drop_pct"": -0.1373752175107712}"
2023-03-09 14:00:00,CNY,momentum,"momentum(n=3,rearm=18)",BUY_NOW,down,0.5,fast,4,10.852,"{""n"": 3, ""rearm"": 18, ""_feasible"": true, ""_n_feasible"": 7, ""_score"": 1.0361}","{""streak"": 3.0, ""drop_pct"": -0.2940095553105482}"
2023-03-13 11:00:00,CNY,momentum,"momentum(n=3,rearm=18)",BUY_NOW,down,0.5,fast,4,10.934,"{""n"": 3, ""rearm"": 18, ""_feasible"": true, ""_n_feasible"": 7, ""_score"": 1.0361}","{""streak"": 3.0, ""drop_pct"": -0.6451612903225934}"
2023-03-16 12:00:00,CNY,momentum,"momentum(n=3,rearm=18)",BUY_NOW,down,0.5,fast,4,11.013,"{""n"": 3, ""rearm"": 18, ""_feasible"": true, ""_n_feasible"": 7, ""_score"": 1.0361}","{""streak"": 3.0, ""drop_pct"": -0.24456521739130155}"
2023-03-21 13:00:00,CNY,momentum,"momentum(n=3,rearm=18)",BUY_NOW,down,0.5,fast,4,11.166,"{""n"": 3, ""rearm"": 18, ""_feasible"": true, ""_n_feasible"": 7, ""_score"": 1.0361}","{""streak"": 3.0, ""drop_pct"": -0.5433330364300382}"
2023-03-23 12:00:00,CNY,momentum,"momentum(n=3,rearm=18)",BUY_NOW,down,0.5,fast,4,11.194,"{""n"": 3, ""rearm"": 18, ""_feasible"": true, ""_n_feasible"": 7, ""_score"": 1.0361}","{""streak"": 3.0, ""drop_pct"": -0.3116929379285649}"
2023-03-27 11:00:00,CNY,momentum,"momentum(n=3,rearm=18)",BUY_NOW,down,0.5,fast,4,11.102,"{""n"": 3, ""rearm"": 18, ""_feasible"": true, ""_n_feasible"": 7, ""_score"": 1.0361}","{""streak"": 3.0, ""drop_pct"": -0.6265664160400974}"
2023-04-04 16:00:00,CNY,momentum,"momentum(n=3,rearm=18)",BUY_NOW,down,0.5,fast,4,11.471,"{""n"": 3, ""rearm"": 18, ""_feasible"": true, ""_n_feasible"": 7, ""_score"": 1.0361}","{""streak"": 3.0, ""drop_pct"": -0.7441377520117753}"
2023-04-07 16:00:00,CNY,momentum,"momentum(n=3,rearm=18)",BUY_NOW,down,0.5,fast,4,11.787,"{""n"": 3, ""rearm"": 18, ""_feasible"": true, ""_n_feasible"": 7, ""_score"": 1.0361}","{""streak"": 3.0, ""drop_pct"": -2.5384488175954956}"
2023-04-17 14:00:00,CNY,momentum,"momentum(n=3,rearm=18)",BUY_NOW,down,0.5,fast,4,11.83,"{""n"": 3, ""rearm"": 18, ""_feasible"": true, ""_n_feasible"": 7, ""_score"": 1.0361}","{""streak"": 3.0, ""drop_pct"": -0.7716826035900071}"
2023-04-20 16:00:00,CNY,momentum,"momentum(n=3,rearm=18)",BUY_NOW,down,0.5,fast,4,11.827,"{""n"": 3, ""rearm"": 18, ""_feasible"": true, ""_n_feasible"": 7, ""_score"": 1.0361}","{""streak"": 3.0, ""drop_pct"": -0.19409282700422192}"
2023-04-24 12:00:00,CNY,momentum,"momentum(n=3,rearm=18)",BUY_NOW,down,0.5,fast,4,11.772,"{""n"": 3, ""rearm"": 18, ""_feasible"": true, ""_n_feasible"": 7, ""_score"": 1.0361}","{""streak"": 3.0, ""drop_pct"": -0.33020066040131413}"
2023-04-26 18:00:00,CNY,momentum,"momentum(n=3,rearm=18)",BUY_NOW,down,0.5,fast,4,11.76,"{""n"": 3, ""rearm"": 18, ""_feasible"": true, ""_n_feasible"": 7, ""_score"": 1.0361}","{""streak"": 3.0, ""drop_pct"": -0.05948839976204212}"
2023-04-28 13:00:00,CNY,momentum,"momentum(n=3,rearm=18)",BUY_NOW,down,0.5,fast,4,11.633,"{""n"": 3, ""rearm"": 18, ""_feasible"": true, ""_n_feasible"": 7, ""_score"": 1.0361}","{""streak"": 3.0, ""drop_pct"": -1.0041698578844405}"
2023-04-28 14:00:00,CNY,dip_vs_trend,"dip_vs_trend(pct=0.05,rearm=27,span=360,window=1080)",BUY_NOW,down,0.9814814814814815,medium,4,11.518,"{""span"": 360, ""window"": 1080, ""pct"": 0.05, ""rearm"": 27, ""_feasible"": true, ""_n_feasible"": 32, ""_score"": 1.3941}","{""dev_pct"": -0.6283224906283746, ""pct_rank"": 0.000925925925925926, ""window"": 1080.0, ""span"": 360.0}"
2023-05-03 11:00:00,CNY,momentum,"momentum(n=3,rearm=18)",BUY_NOW,down,0.5,fast,4,11.47,"{""n"": 3, ""rearm"": 18, ""_feasible"": true, ""_n_feasible"": 7, ""_score"": 1.0361}","{""streak"": 3.0, ""drop_pct"": -0.4340277777777679}"
2023-05-03 15:00:00,CNY,dip_vs_trend,"dip_vs_trend(pct=0.05,rearm=27,span=360,window=1080)",BUY_NOW,down,0.9444444444444444,medium,4,11.45,"{""span"": 360, ""window"": 1080, ""pct"": 0.05, ""rearm"": 27, ""_feasible"": true, ""_n_feasible"": 32, ""_score"": 1.3941}","{""dev_pct"": -1.4293933627211763, ""pct_rank"": 0.002777777777777778, ""window"": 1080.0, ""span"": 360.0}"
2023-05-04 17:00:00,CNY,momentum,"momentum(n=3,rearm=18)",BUY_NOW,down,0.5,fast,4,11.24,"{""n"": 3, ""rearm"": 18, ""_feasible"": true, ""_n_feasible"": 7, ""_score"": 1.0361}","{""streak"": 3.0, ""drop_pct"": -0.6277075413314459}"
2023-05-05 16:00:00,CNY,dip_vs_trend,"dip_vs_trend(pct=0.05,rearm=27,span=360,window=1080)",BUY_NOW,down,0.9259259259259259,medium,4,11.114,"{""span"": 360, ""window"": 1080, ""pct"": 0.05, ""rearm"": 27, ""_feasible"": true, ""_n_feasible"": 32, ""_score"": 1.3941}","{""dev_pct"": -4.433263388703845, ""pct_rank"": 0.003703703703703704, ""window"": 1080.0, ""span"": 360.0}"
2023-05-08 14:00:00,CNY,momentum,"momentum(n=3,rearm=18)",BUY_NOW,down,0.5,fast,4,11.179,"{""n"": 3, ""rearm"": 18, ""_feasible"": true, ""_n_feasible"": 7, ""_score"": 1.0361}","{""streak"": 3.0, ""drop_pct"": -0.2498438475952547}"
2023-05-10 17:00:00,CNY,dip_vs_trend,"dip_vs_trend(pct=0.05,rearm=27,span=360,window=1080)",BUY_NOW,down,0.9259259259259259,medium,4,10.991,"{""span"": 360, ""window"": 1080, ""pct"": 0.05, ""rearm"": 27, ""_feasible"": true, ""_n_feasible"": 32, ""_score"": 1.3941}","{""dev_pct"": -5.492718055281887, ""pct_rank"": 0.003703703703703704, ""window"": 1080.0, ""span"": 360.0}"
2023-05-11 12:00:00,CNY,momentum,"momentum(n=3,rearm=18)",BUY_NOW,down,0.5,fast,4,10.817,"{""n"": 3, ""rearm"": 18, ""_feasible"": true, ""_n_feasible"": 7, ""_score"": 1.0361}","{""streak"": 3.0, ""drop_pct"": -1.3227513227513144}"
2023-05-12 18:00:00,CNY,dip_vs_trend,"dip_vs_trend(pct=0.05,rearm=27,span=360,window=1080)",BUY_NOW,down,0.2777777777777779,medium,4,11.123,"{""span"": 360, ""window"": 1080, ""pct"": 0.05, ""rearm"": 27, ""_feasible"": true, ""_n_feasible"": 32, ""_score"": 1.3941}","{""dev_pct"": -4.229717803560284, ""pct_rank"": 0.03611111111111111, ""window"": 1080.0, ""span"": 360.0}"
2023-05-17 18:00:00,CNY,momentum,"momentum(n=3,rearm=18)",BUY_NOW,down,0.5,fast,4,11.428,"{""n"": 3, ""rearm"": 18, ""_feasible"": true, ""_n_feasible"": 7, ""_score"": 1.0361}","{""streak"": 3.0, ""drop_pct"": -0.8846487424110872}"
2023-05-19 11:00:00,CNY,momentum,"momentum(n=3,rearm=18)",BUY_NOW,down,0.5,fast,4,11.373,"{""n"": 3, ""rearm"": 18, ""_feasible"": true, ""_n_feasible"": 7, ""_score"": 1.0361}","{""streak"": 3.0, ""drop_pct"": -0.3068022440392726}"
2023-05-23 11:00:00,CNY,momentum,"momentum(n=3,rearm=18)",BUY_NOW,down,0.5,fast,4,11.365,"{""n"": 3, ""rearm"": 18, ""_feasible"": true, ""_n_feasible"": 7, ""_score"": 1.0361}","{""streak"": 3.0, ""drop_pct"": -0.21072965141802902}"
2023-05-24 19:00:00,CNY,momentum,"momentum(n=3,rearm=18)",BUY_NOW,down,0.5,fast,4,11.325,"{""n"": 3, ""rearm"": 18, ""_feasible"": true, ""_n_feasible"": 7, ""_score"": 1.0361}","{""streak"": 3.0, ""drop_pct"": -0.14108103341856637}"
2023-06-01 09:00:00,CNY,momentum,"momentum(n=3,rearm=18)",BUY_NOW,down,0.5,fast,4,11.358,"{""n"": 3, ""rearm"": 18, ""_feasible"": true, ""_n_feasible"": 7, ""_score"": 1.0361}","{""streak"": 3.0, ""drop_pct"": -0.1845504877405646}"
2023-06-05 11:00:00,CNY,momentum,"momentum(n=3,rearm=18)",BUY_NOW,down,0.5,fast,4,11.426,"{""n"": 3, ""rearm"": 18, ""_feasible"": true, ""_n_feasible"": 7, ""_score"": 1.0361}","{""streak"": 3.0, ""drop_pct"": -0.6175524049752079}"
2023-06-09 13:00:00,CNY,momentum,"momentum(n=3,rearm=18)",BUY_NOW,down,0.5,fast,4,11.555,"{""n"": 3, ""rearm"": 18, ""_feasible"": true, ""_n_feasible"": 7, ""_score"": 1.0361}","{""streak"": 3.0, ""drop_pct"": -0.636340184022699}"
2023-06-14 13:00:00,CNY,momentum,"momentum(n=3,rearm=18)",BUY_NOW,down,0.5,fast,4,11.731,"{""n"": 3, ""rearm"": 18, ""_feasible"": true, ""_n_feasible"": 7, ""_score"": 1.0361}","{""streak"": 3.0, ""drop_pct"": -0.6100144031178645}"
2023-06-20 08:00:00,CNY,momentum,"momentum(n=3,rearm=18)",BUY_NOW,down,0.5,fast,4,11.725,"{""n"": 3, ""rearm"": 18, ""_feasible"": true, ""_n_feasible"": 7, ""_score"": 1.0361}","{""streak"": 3.0, ""drop_pct"": -0.0852151682999569}"
2023-06-21 18:00:00,CNY,momentum,"momentum(n=3,rearm=18)",BUY_NOW,down,0.5,fast,4,11.621,"{""n"": 3, ""rearm"": 18, ""_feasible"": true, ""_n_feasible"": 7, ""_score"": 1.0361}","{""streak"": 3.0, ""drop_pct"": -0.7515586301135802}"
2023-06-23 10:00:00,CNY,momentum,"momentum(n=3,rearm=18)",BUY_NOW,down,0.5,fast,4,11.617,"{""n"": 3, ""rearm"": 18, ""_feasible"": true, ""_n_feasible"": 7, ""_score"": 1.0361}","{""streak"": 3.0, ""drop_pct"": -0.2832618025751077}"
2023-07-03 18:00:00,CNY,momentum,"momentum(n=3,rearm=18)",BUY_NOW,down,0.5,fast,5,12.222,"{""n"": 3, ""rearm"": 18, ""_feasible"": true, ""_n_feasible"": 7, ""_score"": 1.0174}","{""streak"": 3.0, ""drop_pct"": -0.6987325316867077}"
2023-07-06 14:00:00,CNY,momentum,"momentum(n=3,rearm=18)",BUY_NOW,down,0.5,fast,5,12.63,"{""n"": 3, ""rearm"": 18, ""_feasible"": true, ""_n_feasible"": 7, ""_score"": 1.0174}","{""streak"": 3.0, ""drop_pct"": -1.9714374417882596}"
2023-07-10 14:00:00,CNY,momentum,"momentum(n=3,rearm=18)",BUY_NOW,down,0.5,fast,5,12.616,"{""n"": 3, ""rearm"": 18, ""_feasible"": true, ""_n_feasible"": 7, ""_score"": 1.0174}","{""streak"": 3.0, ""drop_pct"": -0.40262098365833054}"
2023-07-13 11:00:00,CNY,momentum,"momentum(n=3,rearm=18)",BUY_NOW,down,0.5,fast,5,12.629,"{""n"": 3, ""rearm"": 18, ""_feasible"": true, ""_n_feasible"": 7, ""_score"": 1.0174}","{""streak"": 3.0, ""drop_pct"": -0.777812696417346}"
2023-07-17 13:00:00,CNY,momentum,"momentum(n=3,rearm=18)",BUY_NOW,down,0.5,fast,5,12.575,"{""n"": 3, ""rearm"": 18, ""_feasible"": true, ""_n_feasible"": 7, ""_score"": 1.0174}","{""streak"": 3.0, ""drop_pct"": -0.451234958834712}"
2023-07-20 11:00:00,CNY,momentum,"momentum(n=3,rearm=18)",BUY_NOW,down,0.5,fast,5,12.67,"{""n"": 3, ""rearm"": 18, ""_feasible"": true, ""_n_feasible"": 7, ""_score"": 1.0174}","{""streak"": 3.0, ""drop_pct"": -0.14186633039092733}"
2023-07-26 13:00:00,CNY,momentum,"momentum(n=3,rearm=18)",BUY_NOW,down,0.5,fast,5,12.57,"{""n"": 3, ""rearm"": 18, ""_feasible"": true, ""_n_feasible"": 7, ""_score"": 1.0174}","{""streak"": 3.0, ""drop_pct"": -0.29348774490361995}"
2023-07-31 12:00:00,CNY,momentum,"momentum(n=3,rearm=18)",BUY_NOW,down,0.5,fast,5,12.771,"{""n"": 3, ""rearm"": 18, ""_feasible"": true, ""_n_feasible"": 7, ""_score"": 1.0174}","{""streak"": 3.0, ""drop_pct"": -1.0383572258814255}"
2023-08-03 12:00:00,CNY,momentum,"momentum(n=3,rearm=18)",BUY_NOW,down,0.5,fast,5,12.973,"{""n"": 3, ""rearm"": 18, ""_feasible"": true, ""_n_feasible"": 7, ""_score"": 1.0174}","{""streak"": 3.0, ""drop_pct"": -0.5519356075124549}"
2023-08-07 14:00:00,CNY,momentum,"momentum(n=3,rearm=18)",BUY_NOW,down,0.5,fast,5,13.388,"{""n"": 3, ""rearm"": 18, ""_feasible"": true, ""_n_feasible"": 7, ""_score"": 1.0174}","{""streak"": 3.0, ""drop_pct"": -0.2533154522425973}"
2023-08-10 07:00:00,CNY,momentum,"momentum(n=3,rearm=18)",BUY_NOW,down,0.5,fast,5,13.43,"{""n"": 3, ""rearm"": 18, ""_feasible"": true, ""_n_feasible"": 7, ""_score"": 1.0174}","{""streak"": 3.0, ""drop_pct"": -0.8270565647614858}"
2023-08-14 19:00:00,CNY,momentum,"momentum(n=3,rearm=18)",BUY_NOW,down,0.5,fast,5,13.39,"{""n"": 3, ""rearm"": 18, ""_feasible"": true, ""_n_feasible"": 7, ""_score"": 1.0174}","{""streak"": 3.0, ""drop_pct"": -3.6967779056386596}"
2023-08-16 14:00:00,CNY,momentum,"momentum(n=3,rearm=18)",BUY_NOW,down,0.5,fast,5,13.17,"{""n"": 3, ""rearm"": 18, ""_feasible"": true, ""_n_feasible"": 7, ""_score"": 1.0174}","{""streak"": 3.0, ""drop_pct"": -0.7161703731624613}"
2023-08-18 08:00:00,CNY,momentum,"momentum(n=3,rearm=18)",BUY_NOW,down,0.5,fast,5,12.767,"{""n"": 3, ""rearm"": 18, ""_feasible"": true, ""_n_feasible"": 7, ""_score"": 1.0174}","{""streak"": 3.0, ""drop_pct"": -0.4832800685946048}"
2023-08-22 16:00:00,CNY,momentum,"momentum(n=3,rearm=18)",BUY_NOW,down,0.5,fast,5,12.863,"{""n"": 3, ""rearm"": 18, ""_feasible"": true, ""_n_feasible"": 7, ""_score"": 1.0174}","{""streak"": 3.0, ""drop_pct"": -0.10096303199751411}"
2023-08-24 11:00:00,CNY,momentum,"momentum(n=3,rearm=18)",BUY_NOW,down,0.5,fast,5,12.942,"{""n"": 3, ""rearm"": 18, ""_feasible"": true, ""_n_feasible"": 7, ""_score"": 1.0174}","{""streak"": 3.0, ""drop_pct"": -0.24664714043471925}"
2023-08-29 17:00:00,CNY,momentum,"momentum(n=3,rearm=18)",BUY_NOW,down,0.5,fast,5,13.1,"{""n"": 3, ""rearm"": 18, ""_feasible"": true, ""_n_feasible"": 7, ""_score"": 1.0174}","{""streak"": 3.0, ""drop_pct"": -0.4029498973618262}"
2023-08-31 17:00:00,CNY,momentum,"momentum(n=3,rearm=18)",BUY_NOW,down,0.5,fast,5,13.147,"{""n"": 3, ""rearm"": 18, ""_feasible"": true, ""_n_feasible"": 7, ""_score"": 1.0174}","{""streak"": 3.0, ""drop_pct"": -0.4015151515151416}"
2023-09-05 14:00:00,CNY,momentum,"momentum(n=3,rearm=18)",BUY_NOW,down,0.5,fast,5,13.336,"{""n"": 3, ""rearm"": 18, ""_feasible"": true, ""_n_feasible"": 7, ""_score"": 1.0174}","{""streak"": 3.0, ""drop_pct"": -0.16469531366971601}"
2023-09-07 10:00:00,CNY,momentum,"momentum(n=3,rearm=18)",BUY_NOW,down,0.5,fast,5,13.397,"{""n"": 3, ""rearm"": 18, ""_feasible"": true, ""_n_feasible"": 7, ""_score"": 1.0174}","{""streak"": 3.0, ""drop_pct"": -0.3347716113673571}"
2023-09-11 19:00:00,CNY,momentum,"momentum(n=3,rearm=18)",BUY_NOW,down,0.5,fast,5,13.019,"{""n"": 3, ""rearm"": 18, ""_feasible"": true, ""_n_feasible"": 7, ""_score"": 1.0174}","{""streak"": 3.0, ""drop_pct"": -1.048871323249978}"
2023-09-12 08:00:00,CNY,dip_vs_trend,"dip_vs_trend(pct=0.05,rearm=27,span=360,window=1080)",BUY_NOW,down,0.9814814814814815,medium,5,12.828,"{""span"": 360, ""window"": 1080, ""pct"": 0.05, ""rearm"": 27, ""_feasible"": true, ""_n_feasible"": 31, ""_score"": 1.1105}","{""dev_pct"": -2.7855519687268737, ""pct_rank"": 0.000925925925925926, ""window"": 1080.0, ""span"": 360.0}"
2023-09-13 14:00:00,CNY,momentum,"momentum(n=3,rearm=18)",BUY_NOW,down,0.5,fast,5,13.123,"{""n"": 3, ""rearm"": 18, ""_feasible"": true, ""_n_feasible"": 7, ""_score"": 1.0174}","{""streak"": 3.0, ""drop_pct"": -0.5908643284599724}"
2023-09-15 12:00:00,CNY,momentum,"momentum(n=3,rearm=18)",BUY_NOW,down,0.5,fast,5,13.242,"{""n"": 3, ""rearm"": 18, ""_feasible"": true, ""_n_feasible"": 7, ""_score"": 1.0174}","{""streak"": 3.0, ""drop_pct"": -0.6825170629265687}"
2023-09-21 07:00:00,CNY,momentum,"momentum(n=3,rearm=18)",BUY_NOW,down,0.5,fast,5,13.115,"{""n"": 3, ""rearm"": 18, ""_feasible"": true, ""_n_feasible"": 7, ""_score"": 1.0174}","{""streak"": 3.0, ""drop_pct"": -0.7792404297170541}"
2023-09-25 11:00:00,CNY,momentum,"momentum(n=3,rearm=18)",BUY_NOW,down,0.5,fast,5,13.122,"{""n"": 3, ""rearm"": 18, ""_feasible"": true, ""_n_feasible"": 7, ""_score"": 1.0174}","{""streak"": 3.0, ""drop_pct"": -0.424950675368041}"
2023-10-02 11:00:00,CNY,momentum,"momentum(n=3,rearm=18)",BUY_NOW,down,0.5,fast,5,13.434,"{""n"": 3, ""rearm"": 18, ""_feasible"": true, ""_n_feasible"": 7, ""_score"": 1.0174}","{""streak"": 3.0, ""drop_pct"": -0.7462135205024034}"
2023-10-04 10:00:00,CNY,momentum,"momentum(n=3,rearm=18)",BUY_NOW,down,0.5,fast,5,13.55,"{""n"": 3, ""rearm"": 18, ""_feasible"": true, ""_n_feasible"": 7, ""_score"": 1.0174}","{""streak"": 3.0, ""drop_pct"": -0.3456644848128132}"
2023-10-09 18:00:00,CNY,momentum,"momentum(n=3,rearm=18)",BUY_NOW,down,0.5,fast,5,13.665,"{""n"": 3, ""rearm"": 18, ""_feasible"": true, ""_n_feasible"": 7, ""_score"": 1.0174}","{""streak"": 3.0, ""drop_pct"": -2.351007574674868}"
2023-10-11 13:00:00,CNY,momentum,"momentum(n=3,rearm=18)",BUY_NOW,down,0.5,fast,5,13.668,"{""n"": 3, ""rearm"": 18, ""_feasible"": true, ""_n_feasible"": 7, ""_score"": 1.0174}","{""streak"": 3.0, ""drop_pct"": -0.6397208490840467}"
2023-10-12 10:00:00,CNY,dip_vs_trend,"dip_vs_trend(pct=0.05,rearm=27,span=360,window=1080)",BUY_NOW,down,0.20370370370370372,medium,5,13.243,"{""span"": 360, ""window"": 1080, ""pct"": 0.05, ""rearm"": 27, ""_feasible"": true, ""_n_feasible"": 31, ""_score"": 1.1105}","{""dev_pct"": -0.8185855620379878, ""pct_rank"": 0.03981481481481482, ""window"": 1080.0, ""span"": 360.0}"
2023-10-13 12:00:00,CNY,momentum,"momentum(n=3,rearm=18)",BUY_NOW,down,0.5,fast,5,13.314,"{""n"": 3, ""rearm"": 18, ""_feasible"": true, ""_n_feasible"": 7, ""_score"": 1.0174}","{""streak"": 3.0, ""drop_pct"": -0.3293906273394209}"
2023-10-16 15:00:00,CNY,dip_vs_trend,"dip_vs_trend(pct=0.05,rearm=27,span=360,window=1080)",BUY_NOW,down,0.12962962962962965,medium,5,13.249,"{""span"": 360, ""window"": 1080, ""pct"": 0.05, ""rearm"": 27, ""_feasible"": true, ""_n_feasible"": 31, ""_score"": 1.1105}","{""dev_pct"": -0.7461456632156249, ""pct_rank"": 0.04351851851851852, ""window"": 1080.0, ""span"": 360.0}"
2023-10-17 10:00:00,CNY,momentum,"momentum(n=3,rearm=18)",BUY_NOW,down,0.5,fast,5,13.274,"{""n"": 3, ""rearm"": 18, ""_feasible"": true, ""_n_feasible"": 7, ""_score"": 1.0174}","{""streak"": 3.0, ""drop_pct"": -0.20299225622134598}"
2023-10-19 13:00:00,CNY,momentum,"momentum(n=3,rearm=18)",BUY_NOW,down,0.5,fast,5,13.257,"{""n"": 3, ""rearm"": 18, ""_feasible"": true, ""_n_feasible"": 7, ""_score"": 1.0174}","{""streak"": 3.0, ""drop_pct"": -0.3233082706767032}"
2023-10-19 14:00:00,CNY,dip_vs_trend,"dip_vs_trend(pct=0.05,rearm=27,span=360,window=1080)",BUY_NOW,down,0.18518518518518512,medium,5,13.236,"{""span"": 360, ""window"": 1080, ""pct"": 0.05, ""rearm"": 27, ""_feasible"": true, ""_n_feasible"": 31, ""_score"": 1.1105}","{""dev_pct"": -0.8156704646361645, ""pct_rank"": 0.040740740740740744, ""window"": 1080.0, ""span"": 360.0}"
2023-10-20 19:00:00,CNY,momentum,"momentum(n=3,rearm=18)",BUY_NOW,down,0.5,fast,5,13.004,"{""n"": 3, ""rearm"": 18, ""_feasible"": true, ""_n_feasible"": 7, ""_score"": 1.0174}","{""streak"": 3.0, ""drop_pct"": -0.3524904214559421}"
2023-10-23 15:00:00,CNY,dip_vs_trend,"dip_vs_trend(pct=0.05,rearm=27,span=360,window=1080)",BUY_NOW,down,0.9814814814814815,medium,5,12.882,"{""span"": 360, ""window"": 1080, ""pct"": 0.05, ""rearm"": 27, ""_feasible"": true, ""_n_feasible"": 31, ""_score"": 1.1105}","{""dev_pct"": -3.492906993368039, ""pct_rank"": 0.000925925925925926, ""window"": 1080.0, ""span"": 360.0}"
2023-10-24 11:00:00,CNY,momentum,"momentum(n=3,rearm=18)",BUY_NOW,down,0.6666666666666666,fast,5,12.746,"{""n"": 3, ""rearm"": 18, ""_feasible"": true, ""_n_feasible"": 7, ""_score"": 1.0174}","{""streak"": 4.0, ""drop_pct"": -1.0557366868498619}"
2023-10-25 16:00:00,CNY,dip_vs_trend,"dip_vs_trend(pct=0.05,rearm=27,span=360,window=1080)",BUY_NOW,down,0.8518518518518519,medium,5,12.71,"{""span"": 360, ""window"": 1080, ""pct"": 0.05, ""rearm"": 27, ""_feasible"": true, ""_n_feasible"": 31, ""_score"": 1.1105}","{""dev_pct"": -4.522693805514355, ""pct_rank"": 0.007407407407407408, ""window"": 1080.0, ""span"": 360.0}"
2023-10-26 12:00:00,CNY,momentum,"momentum(n=3,rearm=18)",BUY_NOW,down,0.5,fast,5,12.741,"{""n"": 3, ""rearm"": 18, ""_feasible"": true, ""_n_feasible"": 7, ""_score"": 1.0174}","{""streak"": 3.0, ""drop_pct"": -0.37532254281023025}"
2023-10-27 17:00:00,CNY,dip_vs_trend,"dip_vs_trend(pct=0.05,rearm=27,span=360,window=1080)",BUY_NOW,down,0.35185185185185197,medium,5,12.743,"{""span"": 360, ""window"": 1080, ""pct"": 0.05, ""rearm"": 27, ""_feasible"": true, ""_n_feasible"": 31, ""_score"": 1.1105}","{""dev_pct"": -4.023579234189556, ""pct_rank"": 0.032407407407407406, ""window"": 1080.0, ""span"": 360.0}"
2023-10-30 12:00:00,CNY,momentum,"momentum(n=3,rearm=18)",BUY_NOW,down,0.5,fast,5,12.707,"{""n"": 3, ""rearm"": 18, ""_feasible"": true, ""_n_feasible"": 7, ""_score"": 1.0174}","{""streak"": 3.0, ""drop_pct"": -0.9741271820448927}"
2023-10-31 18:00:00,CNY,dip_vs_trend,"dip_vs_trend(pct=0.05,rearm=27,span=360,window=1080)",BUY_NOW,down,0.05555555555555558,medium,5,12.7,"{""span"": 360, ""window"": 1080, ""pct"": 0.05, ""rearm"": 27, ""_feasible"": true, ""_n_feasible"": 31, ""_score"": 1.1105}","{""dev_pct"": -4.078489475383618, ""pct_rank"": 0.04722222222222222, ""window"": 1080.0, ""span"": 360.0}"
2023-11-01 14:00:00,CNY,momentum,"momentum(n=3,rearm=18)",BUY_NOW,down,0.5,fast,5,12.667,"{""n"": 3, ""rearm"": 18, ""_feasible"": true, ""_n_feasible"": 7, ""_score"": 1.0174}","{""streak"": 3.0, ""drop_pct"": -0.6821389368041331}"
2023-11-03 18:00:00,CNY,dip_vs_trend,"dip_vs_trend(pct=0.05,rearm=27,span=360,window=1080)",BUY_NOW,down,0.01851851851851849,medium,5,12.638,"{""span"": 360, ""window"": 1080, ""pct"": 0.05, ""rearm"": 27, ""_feasible"": true, ""_n_feasible"": 31, ""_score"": 1.1105}","{""dev_pct"": -4.18837847536353, ""pct_rank"": 0.049074074074074076, ""window"": 1080.0, ""span"": 360.0}"
2023-11-06 09:00:00,CNY,reversal,"reversal(max_days_since_min=180,rearm=27,rise_bps=30,window=1080)",WINDOW_CLOSING,up,1.0,slow,5,12.682,"{""window"": 1080, ""rise_bps"": 30, ""max_days_since_min"": 180, ""rearm"": 27, ""_feasible"": true, ""_n_feasible"": 18, ""_score"": 1.3577}","{""rise_pct"": 1.4397696368581014, ""min_rate"": 12.502, ""days_since_min"": 49.0, ""window"": 1080.0}"
2023-11-08 10:00:00,CNY,reversal,"reversal(max_days_since_min=180,rearm=27,rise_bps=30,window=1080)",WINDOW_CLOSING,up,1.0,slow,5,12.676,"{""window"": 1080, ""rise_bps"": 30, ""max_days_since_min"": 180, ""rearm"": 27, ""_feasible"": true, ""_n_feasible"": 18, ""_score"": 1.3577}","{""rise_pct"": 1.3917773156294944, ""min_rate"": 12.502, ""days_since_min"": 76.0, ""window"": 1080.0}"
2023-11-09 11:00:00,CNY,momentum,"momentum(n=3,rearm=18)",BUY_NOW,down,0.5,fast,5,12.589,"{""n"": 3, ""rearm"": 18, ""_feasible"": true, ""_n_feasible"": 7, ""_score"": 1.0174}","{""streak"": 3.0, ""drop_pct"": -0.3719531497309192}"
2023-11-10 11:00:00,CNY,reversal,"reversal(max_days_since_min=180,rearm=27,rise_bps=30,window=1080)",WINDOW_CLOSING,up,1.0,slow,5,12.591,"{""window"": 1080, ""rise_bps"": 30, ""max_days_since_min"": 180, ""rearm"": 27, ""_feasible"": true, ""_n_feasible"": 18, ""_score"": 1.3577}","{""rise_pct"": 0.7118860982242792, ""min_rate"": 12.502, ""days_since_min"": 103.0, ""window"": 1080.0}"
2023-11-13 19:00:00,CNY,momentum,"momentum(n=3,rearm=18)",BUY_NOW,down,0.5,fast,5,12.545,"{""n"": 3, ""rearm"": 18, ""_feasible"": true, ""_n_feasible"": 7, ""_score"": 1.0174}","{""streak"": 3.0, ""drop_pct"": -0.3969829297340244}"
2023-11-14 15:00:00,CNY,dip_vs_trend,"dip_vs_trend(pct=0.05,rearm=27,span=360,window=1080)",BUY_NOW,down,0.16666666666666674,medium,5,12.433,"{""span"": 360, ""window"": 1080, ""pct"": 0.05, ""rearm"": 27, ""_feasible"": true, ""_n_feasible"": 31, ""_score"": 1.1105}","{""dev_pct"": -4.268691365407607, ""pct_rank"": 0.041666666666666664, ""window"": 1080.0, ""span"": 360.0}"
2023-11-15 11:00:00,CNY,momentum,"momentum(n=3,rearm=18)",BUY_NOW,down,0.8333333333333334,fast,5,12.384,"{""n"": 3, ""rearm"": 18, ""_feasible"": true, ""_n_feasible"": 7, ""_score"": 1.0174}","{""streak"": 5.0, ""drop_pct"": -0.6896551724137945}"
2023-11-15 16:00:00,CNY,reversal,"reversal(max_days_since_min=180,rearm=27,rise_bps=30,window=1080)",WINDOW_CLOSING,up,0.5021715526601541,slow,5,12.317,"{""window"": 1080, ""rise_bps"": 30, ""max_days_since_min"": 180, ""rearm"": 27, ""_feasible"": true, ""_n_feasible"": 18, ""_score"": 1.3577}","{""rise_pct"": 0.30130293159609245, ""min_rate"": 12.28, ""days_since_min"": 2.0, ""window"": 1080.0}"
2023-11-16 16:00:00,CNY,dip_vs_trend,"dip_vs_trend(pct=0.05,rearm=27,span=360,window=1080)",BUY_NOW,down,0.7037037037037037,medium,5,12.254,"{""span"": 360, ""window"": 1080, ""pct"": 0.05, ""rearm"": 27, ""_feasible"": true, ""_n_feasible"": 31, ""_score"": 1.1105}","{""dev_pct"": -4.860966586044146, ""pct_rank"": 0.014814814814814815, ""window"": 1080.0, ""span"": 360.0}"
2023-11-17 17:00:00,CNY,reversal,"reversal(max_days_since_min=180,rearm=27,rise_bps=30,window=1080)",WINDOW_CLOSING,up,1.0,slow,5,12.389,"{""window"": 1080, ""rise_bps"": 30, ""max_days_since_min"": 180, ""rearm"": 27, ""_feasible"": true, ""_n_feasible"": 18, ""_score"": 1.3577}","{""rise_pct"": 1.3249366156865785, ""min_rate"": 12.227, ""days_since_min"": 18.0, ""window"": 1080.0}"
2023-11-21 11:00:00,CNY,momentum,"momentum(n=3,rearm=18)",BUY_NOW,down,0.5,fast,5,12.283,"{""n"": 3, ""rearm"": 18, ""_feasible"": true, ""_n_feasible"": 7, ""_score"": 1.0174}","{""streak"": 3.0, ""drop_pct"": -0.3892628335090409}"
2023-11-21 18:00:00,CNY,reversal,"reversal(max_days_since_min=180,rearm=27,rise_bps=30,window=1080)",WINDOW_CLOSING,up,1.0,slow,5,12.308,"{""window"": 1080, ""rise_bps"": 30, ""max_days_since_min"": 180, ""rearm"": 27, ""_feasible"": true, ""_n_feasible"": 18, ""_score"": 1.3577}","{""rise_pct"": 0.6624683078432893, ""min_rate"": 12.227, ""days_since_min"": 45.0, ""window"": 1080.0}"
2023-11-23 19:00:00,CNY,reversal,"reversal(max_days_since_min=180,rearm=27,rise_bps=30,window=1080)",WINDOW_CLOSING,up,1.0,slow,5,12.339,"{""window"": 1080, ""rise_bps"": 30, ""max_days_since_min"": 180, ""rearm"": 27, ""_feasible"": true, ""_n_feasible"": 18, ""_score"": 1.3577}","{""rise_pct"": 0.9160055614623408, ""min_rate"": 12.227, ""days_since_min"": 72.0, ""window"": 1080.0}"
2023-11-27 11:00:00,CNY,momentum,"momentum(n=3,rearm=18)",BUY_NOW,down,0.5,fast,5,12.39,"{""n"": 3, ""rearm"": 18, ""_feasible"": true, ""_n_feasible"": 7, ""_score"": 1.0174}","{""streak"": 3.0, ""drop_pct"": -0.21744382701135434}"
2023-11-28 07:00:00,CNY,reversal,"reversal(max_days_since_min=180,rearm=27,rise_bps=30,window=1080)",WINDOW_CLOSING,up,1.0,slow,5,12.387,"{""window"": 1080, ""rise_bps"": 30, ""max_days_since_min"": 180, ""rearm"": 27, ""_feasible"": true, ""_n_feasible"": 18, ""_score"": 1.3577}","{""rise_pct"": 1.3085793735176265, ""min_rate"": 12.227, ""days_since_min"": 99.0, ""window"": 1080.0}"
2023-11-29 10:00:00,CNY,momentum,"momentum(n=3,rearm=18)",BUY_NOW,down,0.5,fast,5,12.465,"{""n"": 3, ""rearm"": 18, ""_feasible"": true, ""_n_feasible"": 7, ""_score"": 1.0174}","{""streak"": 3.0, ""drop_pct"": -0.28000000000000247}"
2023-11-30 08:00:00,CNY,reversal,"reversal(max_days_since_min=180,rearm=27,rise_bps=30,window=1080)",WINDOW_CLOSING,up,1.0,slow,5,12.41,"{""window"": 1080, ""rise_bps"": 30, ""max_days_since_min"": 180, ""rearm"": 27, ""_feasible"": true, ""_n_feasible"": 18, ""_score"": 1.3577}","{""rise_pct"": 1.4966876584607827, ""min_rate"": 12.227, ""days_since_min"": 126.0, ""window"": 1080.0}"
2023-12-01 08:00:00,CNY,momentum,"momentum(n=3,rearm=18)",BUY_NOW,down,0.5,fast,5,12.464,"{""n"": 3, ""rearm"": 18, ""_feasible"": true, ""_n_feasible"": 7, ""_score"": 1.0174}","{""streak"": 3.0, ""drop_pct"": -0.2161556320550706}"
2023-12-04 09:00:00,CNY,reversal,"reversal(max_days_since_min=180,rearm=27,rise_bps=30,window=1080)",WINDOW_CLOSING,up,1.0,slow,5,12.647,"{""window"": 1080, ""rise_bps"": 30, ""max_days_since_min"": 180, ""rearm"": 27, ""_feasible"": true, ""_n_feasible"": 18, ""_score"": 1.3577}","{""rise_pct"": 3.4350208554837725, ""min_rate"": 12.227, ""days_since_min"": 153.0, ""window"": 1080.0}"
2023-12-06 10:00:00,CNY,reversal,"reversal(max_days_since_min=180,rearm=27,rise_bps=30,window=1080)",WINDOW_CLOSING,up,1.0,slow,5,12.9715,"{""window"": 1080, ""rise_bps"": 30, ""max_days_since_min"": 180, ""rearm"": 27, ""_feasible"": true, ""_n_feasible"": 18, ""_score"": 1.3577}","{""rise_pct"": 6.088983397399207, ""min_rate"": 12.227, ""days_since_min"": 180.0, ""window"": 1080.0}"
2023-12-06 16:00:00,CNY,momentum,"momentum(n=3,rearm=18)",BUY_NOW,down,0.5,fast,5,12.859,"{""n"": 3, ""rearm"": 18, ""_feasible"": true, ""_n_feasible"": 7, ""_score"": 1.0174}","{""streak"": 3.0, ""drop_pct"": -1.2062077443146912}"
2023-12-08 10:00:00,CNY,momentum,"momentum(n=3,rearm=18)",BUY_NOW,down,0.5,fast,5,12.824,"{""n"": 3, ""rearm"": 18, ""_feasible"": true, ""_n_feasible"": 7, ""_score"": 1.0174}","{""streak"": 3.0, ""drop_pct"": -0.38064165307232223}"
2023-12-12 08:00:00,CNY,momentum,"momentum(n=3,rearm=18)",BUY_NOW,down,0.5,fast,5,12.5935,"{""n"": 3, ""rearm"": 18, ""_feasible"": true, ""_n_feasible"": 7, ""_score"": 1.0174}","{""streak"": 3.0, ""drop_pct"": -0.40727560300513055}"
2023-12-13 17:00:00,CNY,momentum,"momentum(n=3,rearm=18)",BUY_NOW,down,0.5,fast,5,12.4855,"{""n"": 3, ""rearm"": 18, ""_feasible"": true, ""_n_feasible"": 7, ""_score"": 1.0174}","{""streak"": 3.0, ""drop_pct"": -0.18786473738908738}"
2023-12-15 19:00:00,CNY,momentum,"momentum(n=3,rearm=18)",BUY_NOW,down,0.5,fast,5,12.6435,"{""n"": 3, ""rearm"": 18, ""_feasible"": true, ""_n_feasible"": 7, ""_score"": 1.0174}","{""streak"": 3.0, ""drop_pct"": -0.15004935834156408}"
2023-12-22 09:00:00,CNY,momentum,"momentum(n=3,rearm=18)",BUY_NOW,down,0.5,fast,5,12.8245,"{""n"": 3, ""rearm"": 18, ""_feasible"": true, ""_n_feasible"": 7, ""_score"": 1.0174}","{""streak"": 3.0, ""drop_pct"": -0.19844357976652738}"
2023-12-25 17:00:00,CNY,momentum,"momentum(n=3,rearm=18)",BUY_NOW,down,0.5,fast,5,12.7545,"{""n"": 3, ""rearm"": 18, ""_feasible"": true, ""_n_feasible"": 7, ""_score"": 1.0174}","{""streak"": 3.0, ""drop_pct"": -0.6968234194954737}"
2023-12-27 18:00:00,CNY,momentum,"momentum(n=3,rearm=18)",BUY_NOW,down,0.5,fast,5,12.764,"{""n"": 3, ""rearm"": 18, ""_feasible"": true, ""_n_feasible"": 7, ""_score"": 1.0174}","{""streak"": 3.0, ""drop_pct"": -0.24618029776094508}"
2023-12-29 11:00:00,CNY,momentum,"momentum(n=3,rearm=18)",BUY_NOW,down,0.5,fast,5,12.569,"{""n"": 3, ""rearm"": 18, ""_feasible"": true, ""_n_feasible"": 7, ""_score"": 1.0174}","{""streak"": 3.0, ""drop_pct"": -1.0704447068083378}"
2024-01-04 17:00:00,CNY,momentum,"momentum(n=3,rearm=18)",BUY_NOW,down,0.5,fast,6,12.671,"{""n"": 3, ""rearm"": 18, ""_feasible"": true, ""_n_feasible"": 8, ""_score"": 1.0028}","{""streak"": 3.0, ""drop_pct"": -0.3578028545590417}"
2024-01-09 11:00:00,CNY,momentum,"momentum(n=3,rearm=18)",BUY_NOW,down,0.5,fast,6,12.6355,"{""n"": 3, ""rearm"": 18, ""_feasible"": true, ""_n_feasible"": 8, ""_score"": 1.0028}","{""streak"": 3.0, ""drop_pct"": -0.7423409269442294}"
2024-01-10 19:00:00,CNY,momentum,"momentum(n=3,rearm=18)",BUY_NOW,down,0.5,fast,6,12.409,"{""n"": 3, ""rearm"": 18, ""_feasible"": true, ""_n_feasible"": 8, ""_score"": 1.0028}","{""streak"": 3.0, ""drop_pct"": -0.13680991469499082}"
2024-01-12 11:00:00,CNY,momentum,"momentum(n=3,rearm=18)",BUY_NOW,down,0.6666666666666666,fast,6,12.256,"{""n"": 3, ""rearm"": 18, ""_feasible"": true, ""_n_feasible"": 8, ""_score"": 1.0028}","{""streak"": 4.0, ""drop_pct"": -0.5436987746490263}"
2024-01-15 16:00:00,CNY,reversal,"reversal(max_days_since_min=180,rearm=27,rise_bps=30,window=1080)",WINDOW_CLOSING,up,0.6189140122132194,slow,6,12.163,"{""window"": 1080, ""rise_bps"": 30, ""max_days_since_min"": 180, ""rearm"": 27, ""_feasible"": true, ""_n_feasible"": 18, ""_score"": 1.1918}","{""rise_pct"": 0.3713484073279317, ""min_rate"": 12.118, ""days_since_min"": 2.0, ""window"": 1080.0}"
2024-01-16 18:00:00,CNY,momentum,"momentum(n=3,rearm=18)",BUY_NOW,down,0.5,fast,6,12.104,"{""n"": 3, ""rearm"": 18, ""_feasible"": true, ""_n_feasible"": 8, ""_score"": 1.0028}","{""streak"": 3.0, ""drop_pct"": -0.19377447948877302}"
2024-01-17 17:00:00,CNY,reversal,"reversal(max_days_since_min=180,rearm=27,rise_bps=30,window=1080)",WINDOW_CLOSING,up,1.0,slow,6,12.191,"{""window"": 1080, ""rise_bps"": 30, ""max_days_since_min"": 180, ""rearm"": 27, ""_feasible"": true, ""_n_feasible"": 18, ""_score"": 1.1918}","{""rise_pct"": 0.7187706543291705, ""min_rate"": 12.104, ""days_since_min"": 12.0, ""window"": 1080.0}"
2024-01-18 11:00:00,CNY,momentum,"momentum(n=3,rearm=18)",BUY_NOW,down,0.5,fast,6,12.249,"{""n"": 3, ""rearm"": 18, ""_feasible"": true, ""_n_feasible"": 8, ""_score"": 1.0028}","{""streak"": 3.0, ""drop_pct"": -0.8900396472206418}"
2024-01-19 18:00:00,CNY,reversal,"reversal(max_days_since_min=180,rearm=27,rise_bps=30,window=1080)",WINDOW_CLOSING,up,1.0,slow,6,12.2245,"{""window"": 1080, ""rise_bps"": 30, ""max_days_since_min"": 180, ""rearm"": 27, ""_feasible"": true, ""_n_feasible"": 18, ""_score"": 1.1918}","{""rise_pct"": 0.995538664904183, ""min_rate"": 12.104, ""days_since_min"": 39.0, ""window"": 1080.0}"
2024-01-22 12:00:00,CNY,momentum,"momentum(n=3,rearm=18)",BUY_NOW,down,0.5,fast,6,12.1695,"{""n"": 3, ""rearm"": 18, ""_feasible"": true, ""_n_feasible"": 8, ""_score"": 1.0028}","{""streak"": 3.0, ""drop_pct"": -0.6895707524073758}"
2024-01-24 07:00:00,CNY,reversal,"reversal(max_days_since_min=180,rearm=27,rise_bps=30,window=1080)",WINDOW_CLOSING,up,1.0,slow,6,12.3,"{""window"": 1080, ""rise_bps"": 30, ""max_days_since_min"": 180, ""rearm"": 27, ""_feasible"": true, ""_n_feasible"": 18, ""_score"": 1.1918}","{""rise_pct"": 1.619299405155328, ""min_rate"": 12.104, ""days_since_min"": 66.0, ""window"": 1080.0}"
2024-01-24 10:00:00,CNY,momentum,"momentum(n=3,rearm=18)",BUY_NOW,down,0.5,fast,6,12.257,"{""n"": 3, ""rearm"": 18, ""_feasible"": true, ""_n_feasible"": 8, ""_score"": 1.0028}","{""streak"": 3.0, ""drop_pct"": -0.34959349593496336}"
2024-01-26 08:00:00,CNY,reversal,"reversal(max_days_since_min=180,rearm=27,rise_bps=30,window=1080)",WINDOW_CLOSING,up,1.0,slow,6,12.3845,"{""window"": 1080, ""rise_bps"": 30, ""max_days_since_min"": 180, ""rearm"": 27, ""_feasible"": true, ""_n_feasible"": 18, ""_score"": 1.1918}","{""rise_pct"": 2.31741573033708, ""min_rate"": 12.104, ""days_since_min"": 93.0, ""window"": 1080.0}"
2024-01-29 11:00:00,CNY,momentum,"momentum(n=3,rearm=18)",BUY_NOW,down,0.5,fast,6,12.464,"{""n"": 3, ""rearm"": 18, ""_feasible"": true, ""_n_feasible"": 8, ""_score"": 1.0028}","{""streak"": 3.0, ""drop_pct"": -0.49894224244600993}"
2024-01-30 09:00:00,CNY,reversal,"reversal(max_days_since_min=180,rearm=27,rise_bps=30,window=1080)",WINDOW_CLOSING,up,1.0,slow,6,12.372,"{""window"": 1080, ""rise_bps"": 30, ""max_days_since_min"": 180, ""rearm"": 27, ""_feasible"": true, ""_n_feasible"": 18, ""_score"": 1.1918}","{""rise_pct"": 2.214144084600145, ""min_rate"": 12.104, ""days_since_min"": 120.0, ""window"": 1080.0}"
2024-02-01 10:00:00,CNY,reversal,"reversal(max_days_since_min=180,rearm=27,rise_bps=30,window=1080)",WINDOW_CLOSING,up,1.0,slow,6,12.515,"{""window"": 1080, ""rise_bps"": 30, ""max_days_since_min"": 180, ""rearm"": 27, ""_feasible"": true, ""_n_feasible"": 18, ""_score"": 1.1918}","{""rise_pct"": 3.3955717118308026, ""min_rate"": 12.104, ""days_since_min"": 147.0, ""window"": 1080.0}"
2024-02-01 11:00:00,CNY,momentum,"momentum(n=3,rearm=18)",BUY_NOW,down,0.5,fast,6,12.503,"{""n"": 3, ""rearm"": 18, ""_feasible"": true, ""_n_feasible"": 8, ""_score"": 1.0028}","{""streak"": 3.0, ""drop_pct"": -0.19556974655756676}"
2024-02-05 11:00:00,CNY,reversal,"reversal(max_days_since_min=180,rearm=27,rise_bps=30,window=1080)",WINDOW_CLOSING,up,1.0,slow,6,12.652,"{""window"": 1080, ""rise_bps"": 30, ""max_days_since_min"": 180, ""rearm"": 27, ""_feasible"": true, ""_n_feasible"": 18, ""_score"": 1.1918}","{""rise_pct"": 4.527428949107737, ""min_rate"": 12.104, ""days_since_min"": 174.0, ""window"": 1080.0}"
2024-02-05 17:00:00,CNY,momentum,"momentum(n=3,rearm=18)",BUY_NOW,down,0.5,fast,6,12.526,"{""n"": 3, ""rearm"": 18, ""_feasible"": true, ""_n_feasible"": 8, ""_score"": 1.0028}","{""streak"": 3.0, ""drop_pct"": -0.8234362628661951}"
2024-02-07 17:00:00,CNY,momentum,"momentum(n=3,rearm=18)",BUY_NOW,down,0.5,fast,6,12.603,"{""n"": 3, ""rearm"": 18, ""_feasible"": true, ""_n_feasible"": 8, ""_score"": 1.0028}","{""streak"": 3.0, ""drop_pct"": -0.4227076996009882}"
2024-02-16 19:00:00,CNY,momentum,"momentum(n=3,rearm=18)",BUY_NOW,down,0.5,fast,6,12.6515,"{""n"": 3, ""rearm"": 18, ""_feasible"": true, ""_n_feasible"": 8, ""_score"": 1.0028}","{""streak"": 3.0, ""drop_pct"": -0.9279561472200437}"
2024-02-26 15:00:00,CNY,momentum,"momentum(n=3,rearm=18)",BUY_NOW,down,0.5,fast,6,12.747,"{""n"": 3, ""rearm"": 18, ""_feasible"": true, ""_n_feasible"": 8, ""_score"": 1.0028}","{""streak"": 3.0, ""drop_pct"": -0.4840346631274861}"
2024-02-28 14:00:00,CNY,momentum,"momentum(n=3,rearm=18)",BUY_NOW,down,0.5,fast,6,12.681,"{""n"": 3, ""rearm"": 18, ""_feasible"": true, ""_n_feasible"": 8, ""_score"": 1.0028}","{""streak"": 3.0, ""drop_pct"": -0.4474799811587382}"
2024-03-04 10:00:00,CNY,momentum,"momentum(n=3,rearm=18)",BUY_NOW,down,0.5,fast,6,12.66,"{""n"": 3, ""rearm"": 18, ""_feasible"": true, ""_n_feasible"": 8, ""_score"": 1.0028}","{""streak"": 3.0, ""drop_pct"": -0.24819761257534045}"
2024-03-05 15:00:00,CNY,momentum,"momentum(n=3,rearm=18)",BUY_NOW,down,0.8333333333333334,fast,6,12.5915,"{""n"": 3, ""rearm"": 18, ""_feasible"": true, ""_n_feasible"": 8, ""_score"": 1.0028}","{""streak"": 5.0, ""drop_pct"": -0.46245059288537727}"
2024-03-11 12:00:00,CNY,momentum,"momentum(n=3,rearm=18)",BUY_NOW,down,0.5,fast,6,12.595,"{""n"": 3, ""rearm"": 18, ""_feasible"": true, ""_n_feasible"": 8, ""_score"": 1.0028}","{""streak"": 3.0, ""drop_pct"": -0.19018939694110948}"
2024-03-13 18:00:00,CNY,momentum,"momentum(n=3,rearm=18)",BUY_NOW,down,0.5,fast,6,12.658,"{""n"": 3, ""rearm"": 18, ""_feasible"": true, ""_n_feasible"": 8, ""_score"": 1.0028}","{""streak"": 3.0, ""drop_pct"": -0.36601204297689316}"
2024-03-18 11:00:00,CNY,momentum,"momentum(n=3,rearm=18)",BUY_NOW,down,0.5,fast,6,12.755,"{""n"": 3, ""rearm"": 18, ""_feasible"": true, ""_n_feasible"": 8, ""_score"": 1.0028}","{""streak"": 3.0, ""drop_pct"": -1.1240310077519355}"
2024-03-20 16:00:00,CNY,momentum,"momentum(n=3,rearm=18)",BUY_NOW,down,0.5,fast,6,12.8185,"{""n"": 3, ""rearm"": 18, ""_feasible"": true, ""_n_feasible"": 8, ""_score"": 1.0028}","{""streak"": 3.0, ""drop_pct"": -0.19853628153222447}"
2024-03-22 11:00:00,CNY,momentum,"momentum(n=3,rearm=18)",BUY_NOW,down,0.5,fast,6,12.7085,"{""n"": 3, ""rearm"": 18, ""_feasible"": true, ""_n_feasible"": 8, ""_score"": 1.0028}","{""streak"": 3.0, ""drop_pct"": -0.524441313451518}"
2024-03-25 16:00:00,CNY,momentum,"momentum(n=3,rearm=18)",BUY_NOW,down,0.6666666666666666,fast,6,12.765,"{""n"": 3, ""rearm"": 18, ""_feasible"": true, ""_n_feasible"": 8, ""_score"": 1.0028}","{""streak"": 4.0, ""drop_pct"": -0.3512880562060894}"
2024-03-27 14:00:00,CNY,momentum,"momentum(n=3,rearm=18)",BUY_NOW,down,0.5,fast,6,12.7405,"{""n"": 3, ""rearm"": 18, ""_feasible"": true, ""_n_feasible"": 8, ""_score"": 1.0028}","{""streak"": 3.0, ""drop_pct"": -0.32467532467531646}"
2024-03-29 11:00:00,CNY,momentum,"momentum(n=3,rearm=18)",BUY_NOW,down,0.5,fast,6,12.6575,"{""n"": 3, ""rearm"": 18, ""_feasible"": true, ""_n_feasible"": 8, ""_score"": 1.0028}","{""streak"": 3.0, ""drop_pct"": -0.6787507846829799}"
2024-04-03 13:00:00,CNY,momentum,"momentum(n=3,rearm=18)",BUY_NOW,down,0.5,fast,6,12.7145,"{""n"": 3, ""rearm"": 18, ""_feasible"": true, ""_n_feasible"": 8, ""_score"": 1.0028}","{""streak"": 3.0, ""drop_pct"": -0.3057984082800891}"
2024-04-11 15:00:00,CNY,momentum,"momentum(n=3,rearm=18)",BUY_NOW,down,0.5,fast,6,12.9005,"{""n"": 3, ""rearm"": 18, ""_feasible"": true, ""_n_feasible"": 8, ""_score"": 1.0028}","{""streak"": 3.0, ""drop_pct"": -0.1277386390028723}"
2024-04-15 15:00:00,CNY,momentum,"momentum(n=3,rearm=18)",BUY_NOW,down,0.5,fast,6,12.8775,"{""n"": 3, ""rearm"": 18, ""_feasible"": true, ""_n_feasible"": 8, ""_score"": 1.0028}","{""streak"": 3.0, ""drop_pct"": -0.10472422620433353}"
2024-04-17 15:00:00,CNY,momentum,"momentum(n=3,rearm=18)",BUY_NOW,down,0.5,fast,6,12.97,"{""n"": 3, ""rearm"": 18, ""_feasible"": true, ""_n_feasible"": 8, ""_score"": 1.0028}","{""streak"": 3.0, ""drop_pct"": -0.4031483970051819}"
2024-04-19 13:00:00,CNY,momentum,"momentum(n=3,rearm=18)",BUY_NOW,down,0.5,fast,6,12.865,"{""n"": 3, ""rearm"": 18, ""_feasible"": true, ""_n_feasible"": 8, ""_score"": 1.0028}","{""streak"": 3.0, ""drop_pct"": -0.6486987412155365}"
2024-04-23 15:00:00,CNY,momentum,"momentum(n=3,rearm=18)",BUY_NOW,down,0.5,fast,6,12.808,"{""n"": 3, ""rearm"": 18, ""_feasible"": true, ""_n_feasible"": 8, ""_score"": 1.0028}","{""streak"": 3.0, ""drop_pct"": -0.326848249027234}"
2024-04-26 15:00:00,CNY,momentum,"momentum(n=3,rearm=18)",BUY_NOW,down,0.5,fast,6,12.55,"{""n"": 3, ""rearm"": 18, ""_feasible"": true, ""_n_feasible"": 8, ""_score"": 1.0028}","{""streak"": 3.0, ""drop_pct"": -1.1266052154730866}"
2024-04-30 18:00:00,CNY,momentum,"momentum(n=3,rearm=18)",BUY_NOW,down,0.5,fast,6,12.73,"{""n"": 3, ""rearm"": 18, ""_feasible"": true, ""_n_feasible"": 8, ""_score"": 1.0028}","{""streak"": 3.0, ""drop_pct"": -0.06672685167012915}"
2024-05-03 13:00:00,CNY,momentum,"momentum(n=3,rearm=18)",BUY_NOW,down,0.5,fast,6,12.6935,"{""n"": 3, ""rearm"": 18, ""_feasible"": true, ""_n_feasible"": 8, ""_score"": 1.0028}","{""streak"": 3.0, ""drop_pct"": -0.22402138028611018}"
2024-05-07 11:00:00,CNY,momentum,"momentum(n=3,rearm=18)",BUY_NOW,down,0.5,fast,6,12.594,"{""n"": 3, ""rearm"": 18, ""_feasible"": true, ""_n_feasible"": 8, ""_score"": 1.0028}","{""streak"": 3.0, ""drop_pct"": -0.45055726820014685}"
2024-05-13 12:00:00,CNY,momentum,"momentum(n=3,rearm=18)",BUY_NOW,down,0.5,fast,6,12.633,"{""n"": 3, ""rearm"": 18, ""_feasible"": true, ""_n_feasible"": 8, ""_score"": 1.0028}","{""streak"": 3.0, ""drop_pct"": -0.4491725768321575}"
2024-05-15 14:00:00,CNY,momentum,"momentum(n=3,rearm=18)",BUY_NOW,down,0.5,fast,6,12.605,"{""n"": 3, ""rearm"": 18, ""_feasible"": true, ""_n_feasible"": 8, ""_score"": 1.0028}","{""streak"": 3.0, ""drop_pct"": -0.15841584158415856}"
2024-05-17 12:00:00,CNY,momentum,"momentum(n=3,rearm=18)",BUY_NOW,down,0.5,fast,6,12.574,"{""n"": 3, ""rearm"": 18, ""_feasible"": true, ""_n_feasible"": 8, ""_score"": 1.0028}","{""streak"": 3.0, ""drop_pct"": -0.1389826470237887}"
2024-05-20 12:00:00,CNY,dip_vs_trend,"dip_vs_trend(pct=0.05,rearm=27,span=360,window=1080)",BUY_NOW,down,0.0,medium,6,12.514,"{""span"": 360, ""window"": 1080, ""pct"": 0.05, ""rearm"": 27, ""_feasible"": true, ""_n_feasible"": 31, ""_score"": 1.0396}","{""dev_pct"": -1.7727302806691214, ""pct_rank"": 0.05, ""window"": 1080.0, ""span"": 360.0}"
2024-05-21 10:00:00,CNY,level,"level(pct=0.15,rearm=27,stall_days=27,window=2250)",BUY_NOW,down,0.03111111111111098,medium,6,12.453,"{""window"": 2250, ""pct"": 0.15, ""stall_days"": 27, ""rearm"": 27, ""_feasible"": true, ""_n_feasible"": 54, ""_score"": 1.2738}","{""pct_rank"": 0.14533333333333334, ""window"": 2250.0, ""days_since_min"": 1115.0}"
2024-05-21 19:00:00,CNY,momentum,"momentum(n=3,rearm=18)",BUY_NOW,down,0.5,fast,6,12.408,"{""n"": 3, ""rearm"": 18, ""_feasible"": true, ""_n_feasible"": 8, ""_score"": 1.0028}","{""streak"": 3.0, ""drop_pct"": -0.47324937835887537}"
2024-05-22 13:00:00,CNY,dip_vs_trend,"dip_vs_trend(pct=0.05,rearm=27,span=360,window=1080)",BUY_NOW,down,0.6481481481481481,medium,6,12.433,"{""span"": 360, ""window"": 1080, ""pct"": 0.05, ""rearm"": 27, ""_feasible"": true, ""_n_feasible"": 31, ""_score"": 1.0396}","{""dev_pct"": -2.1769490716396, ""pct_rank"": 0.017592592592592594, ""window"": 1080.0, ""span"": 360.0}"
2024-05-23 11:00:00,CNY,level,"level(pct=0.15,rearm=27,stall_days=27,window=2250)",BUY_NOW,down,0.08444444444444443,medium,6,12.4235,"{""window"": 2250, ""pct"": 0.15, ""stall_days"": 27, ""rearm"": 27, ""_feasible"": true, ""_n_feasible"": 54, ""_score"": 1.2738}","{""pct_rank"": 0.13733333333333334, ""window"": 2250.0, ""days_since_min"": 1142.0}"
2024-05-23 19:00:00,CNY,momentum,"momentum(n=3,rearm=18)",BUY_NOW,down,0.5,fast,6,12.39,"{""n"": 3, ""rearm"": 18, ""_feasible"": true, ""_n_feasible"": 8, ""_score"": 1.0028}","{""streak"": 3.0, ""drop_pct"": -0.30576118442227074}"
2024-05-24 15:00:00,CNY,dip_vs_trend,"dip_vs_trend(pct=0.05,rearm=27,span=360,window=1080)",BUY_NOW,down,0.9444444444444444,medium,6,12.3215,"{""span"": 360, ""window"": 1080, ""pct"": 0.05, ""rearm"": 27, ""_feasible"": true, ""_n_feasible"": 31, ""_score"": 1.0396}","{""dev_pct"": -2.780549403186394, ""pct_rank"": 0.002777777777777778, ""window"": 1080.0, ""span"": 360.0}"
2024-05-27 12:00:00,CNY,momentum,"momentum(n=3,rearm=18)",BUY_NOW,down,0.6666666666666666,fast,6,12.17,"{""n"": 3, ""rearm"": 18, ""_feasible"": true, ""_n_feasible"": 8, ""_score"": 1.0028}","{""streak"": 4.0, ""drop_pct"": -1.1372867587327473}"
2024-05-27 13:00:00,CNY,level,"level(pct=0.15,rearm=27,stall_days=27,window=2250)",BUY_NOW,down,0.92,medium,6,12.1665,"{""window"": 2250, ""pct"": 0.15, ""stall_days"": 27, ""rearm"": 27, ""_feasible"": true, ""_n_feasible"": 54, ""_score"": 1.2738}","{""pct_rank"": 0.012, ""window"": 2250.0, ""days_since_min"": 1169.0}"
2024-05-27 16:00:00,CNY,reversal,"reversal(max_days_since_min=180,rearm=27,rise_bps=30,window=1080)",WINDOW_CLOSING,up,0.5205550760969402,slow,6,12.2045,"{""window"": 1080, ""rise_bps"": 30, ""max_days_since_min"": 180, ""rearm"": 27, ""_feasible"": true, ""_n_feasible"": 18, ""_score"": 1.1918}","{""rise_pct"": 0.3123330456581641, ""min_rate"": 12.1665, ""days_since_min"": 3.0, ""window"": 1080.0}"
2024-05-28 16:00:00,CNY,dip_vs_trend,"dip_vs_trend(pct=0.05,rearm=27,span=360,window=1080)",BUY_NOW,down,0.6481481481481481,medium,6,12.197,"{""span"": 360, ""window"": 1080, ""pct"": 0.05, ""rearm"": 27, ""_feasible"": true, ""_n_feasible"": 31, ""_score"": 1.0396}","{""dev_pct"": -3.338173850705506, ""pct_rank"": 0.017592592592592594, ""window"": 1080.0, ""span"": 360.0}"
2024-05-29 14:00:00,CNY,level,"level(pct=0.15,rearm=27,stall_days=27,window=2250)",BUY_NOW,down,0.40740740740740733,medium,6,12.3145,"{""window"": 2250, ""pct"": 0.15, ""stall_days"": 27, ""rearm"": 27, ""_feasible"": true, ""_n_feasible"": 54, ""_score"": 1.2738}","{""pct_rank"": 0.08888888888888889, ""window"": 2250.0, ""days_since_min"": 1196.0}"
2024-05-29 17:00:00,CNY,reversal,"reversal(max_days_since_min=180,rearm=27,rise_bps=30,window=1080)",WINDOW_CLOSING,up,1.0,slow,6,12.288,"{""window"": 1080, ""rise_bps"": 30, ""max_days_since_min"": 180, ""rearm"": 27, ""_feasible"": true, ""_n_feasible"": 18, ""_score"": 1.1918}","{""rise_pct"": 1.2566437312018452, ""min_rate"": 12.1355, ""days_since_min"": 19.0, ""window"": 1080.0}"
2024-05-31 16:00:00,CNY,level,"level(pct=0.15,rearm=27,stall_days=27,window=2250)",BUY_NOW,down,0.02518518518518509,medium,6,12.398,"{""window"": 2250, ""pct"": 0.15, ""stall_days"": 27, ""rearm"": 27, ""_feasible"": true, ""_n_feasible"": 54, ""_score"": 1.2738}","{""pct_rank"": 0.14622222222222223, ""window"": 2250.0, ""days_since_min"": 1224.0}"
2024-05-31 17:00:00,CNY,momentum,"momentum(n=3,rearm=18)",BUY_NOW,down,0.5,fast,6,12.388,"{""n"": 3, ""rearm"": 18, ""_feasible"": true, ""_n_feasible"": 8, ""_score"": 1.0028}","{""streak"": 3.0, ""drop_pct"": -0.15716300624623036}"
2024-05-31 18:00:00,CNY,reversal,"reversal(max_days_since_min=180,rearm=27,rise_bps=30,window=1080)",WINDOW_CLOSING,up,1.0,slow,6,12.39,"{""window"": 1080, ""rise_bps"": 30, ""max_days_since_min"": 180, ""rearm"": 27, ""_feasible"": true, ""_n_feasible"": 18, ""_score"": 1.1918}","{""rise_pct"": 2.0971529809237444, ""min_rate"": 12.1355, ""days_since_min"": 46.0, ""window"": 1080.0}"
2024-06-03 17:00:00,CNY,dip_vs_trend,"dip_vs_trend(pct=0.05,rearm=27,span=360,window=1080)",BUY_NOW,down,0.0,medium,6,12.2415,"{""span"": 360, ""window"": 1080, ""pct"": 0.05, ""rearm"": 27, ""_feasible"": true, ""_n_feasible"": 31, ""_score"": 1.0396}","{""dev_pct"": -2.342536830627584, ""pct_rank"": 0.05, ""window"": 1080.0, ""span"": 360.0}"
2024-06-04 12:00:00,CNY,momentum,"momentum(n=3,rearm=18)",BUY_NOW,down,0.5,fast,6,12.1955,"{""n"": 3, ""rearm"": 18, ""_feasible"": true, ""_n_feasible"": 8, ""_score"": 1.0028}","{""streak"": 3.0, ""drop_pct"": -0.7244902112418128}"
2024-06-04 17:00:00,CNY,level,"level(pct=0.15,rearm=27,stall_days=27,window=2250)",BUY_NOW,down,0.7096296296296296,medium,6,12.241,"{""window"": 2250, ""pct"": 0.15, ""stall_days"": 27, ""rearm"": 27, ""_feasible"": true, ""_n_feasible"": 54, ""_score"": 1.2738}","{""pct_rank"": 0.043555555555555556, ""window"": 2250.0, ""days_since_min"": 1251.0}"
2024-06-04 19:00:00,CNY,reversal,"reversal(max_days_since_min=180,rearm=27,rise_bps=30,window=1080)",WINDOW_CLOSING,up,1.0,slow,6,12.229,"{""window"": 1080, ""rise_bps"": 30, ""max_days_since_min"": 180, ""rearm"": 27, ""_feasible"": true, ""_n_feasible"": 18, ""_score"": 1.1918}","{""rise_pct"": 0.770466812245063, ""min_rate"": 12.1355, ""days_since_min"": 73.0, ""window"": 1080.0}"
2024-06-06 11:00:00,CNY,dip_vs_trend,"dip_vs_trend(pct=0.05,rearm=27,span=360,window=1080)",BUY_NOW,down,0.14814814814814825,medium,6,12.1785,"{""span"": 360, ""window"": 1080, ""pct"": 0.05, ""rearm"": 27, ""_feasible"": true, ""_n_feasible"": 31, ""_score"": 1.0396}","{""dev_pct"": -2.5134430748069314, ""pct_rank"": 0.04259259259259259, ""window"": 1080.0, ""span"": 360.0}"
2024-06-06 11:00:00,CNY,momentum,"momentum(n=3,rearm=18)",BUY_NOW,down,0.5,fast,6,12.1785,"{""n"": 3, ""rearm"": 18, ""_feasible"": true, ""_n_feasible"": 8, ""_score"": 1.0028}","{""streak"": 3.0, ""drop_pct"": -0.38036809815951145}"
2024-06-06 18:00:00,CNY,level,"level(pct=0.15,rearm=27,stall_days=27,window=2250)",BUY_NOW,down,0.6325925925925926,medium,6,12.2415,"{""window"": 2250, ""pct"": 0.15, ""stall_days"": 27, ""rearm"": 27, ""_feasible"": true, ""_n_feasible"": 54, ""_score"": 1.2738}","{""pct_rank"": 0.05511111111111111, ""window"": 2250.0, ""days_since_min"": 1278.0}"
2024-06-07 07:00:00,CNY,reversal,"reversal(max_days_since_min=180,rearm=27,rise_bps=30,window=1080)",WINDOW_CLOSING,up,1.0,slow,6,12.2205,"{""window"": 1080, ""rise_bps"": 30, ""max_days_since_min"": 180, ""rearm"": 27, ""_feasible"": true, ""_n_feasible"": 18, ""_score"": 1.1918}","{""rise_pct"": 0.7004243747682269, ""min_rate"": 12.1355, ""days_since_min"": 100.0, ""window"": 1080.0}"
2024-06-10 15:00:00,CNY,momentum,"momentum(n=3,rearm=18)",BUY_NOW,down,0.5,fast,6,12.1925,"{""n"": 3, ""rearm"": 18, ""_feasible"": true, ""_n_feasible"": 8, ""_score"": 1.0028}","{""streak"": 3.0, ""drop_pct"": -0.31069866317811057}"
2024-06-10 19:00:00,CNY,level,"level(pct=0.15,rearm=27,stall_days=27,window=2250)",BUY_NOW,down,0.8933333333333333,medium,6,12.1725,"{""window"": 2250, ""pct"": 0.15, ""stall_days"": 27, ""rearm"": 27, ""_feasible"": true, ""_n_feasible"": 54, ""_score"": 1.2738}","{""pct_rank"": 0.016, ""window"": 2250.0, ""days_since_min"": 1305.0}"
2024-06-11 08:00:00,CNY,reversal,"reversal(max_days_since_min=180,rearm=27,rise_bps=30,window=1080)",WINDOW_CLOSING,up,0.8308955818329135,slow,6,12.196,"{""window"": 1080, ""rise_bps"": 30, ""max_days_since_min"": 180, ""rearm"": 27, ""_feasible"": true, ""_n_feasible"": 18, ""_score"": 1.1918}","{""rise_pct"": 0.49853734909974806, ""min_rate"": 12.1355, ""days_since_min"": 127.0, ""window"": 1080.0}"
2024-06-13 11:00:00,CNY,dip_vs_trend,"dip_vs_trend(pct=0.05,rearm=27,span=360,window=1080)",BUY_NOW,down,0.8518518518518519,medium,6,11.9725,"{""span"": 360, ""window"": 1080, ""pct"": 0.05, ""rearm"": 27, ""_feasible"": true, ""_n_feasible"": 31, ""_score"": 1.0396}","{""dev_pct"": -3.692287238351022, ""pct_rank"": 0.007407407407407408, ""window"": 1080.0, ""span"": 360.0}"
2024-06-14 12:00:00,CNY,momentum,"momentum(n=3,rearm=18)",BUY_NOW,down,0.5,fast,6,12.1595,"{""n"": 3, ""rearm"": 18, ""_feasible"": true, ""_n_feasible"": 8, ""_score"": 1.0028}","{""streak"": 3.0, ""drop_pct"": -0.4991612454482208}"
2024-06-14 15:00:00,CNY,reversal,"reversal(max_days_since_min=180,rearm=27,rise_bps=30,window=1080)",WINDOW_CLOSING,up,1.0,slow,6,12.155,"{""window"": 1080, ""rise_bps"": 30, ""max_days_since_min"": 180, ""rearm"": 27, ""_feasible"": true, ""_n_feasible"": 18, ""_score"": 1.1918}","{""rise_pct"": 1.5243265817498353, ""min_rate"": 11.9725, ""days_since_min"": 14.0, ""window"": 1080.0}"
2024-06-17 18:00:00,CNY,dip_vs_trend,"dip_vs_trend(pct=0.05,rearm=27,span=360,window=1080)",BUY_NOW,down,0.42592592592592593,medium,6,11.9935,"{""span"": 360, ""window"": 1080, ""pct"": 0.05, ""rearm"": 27, ""_feasible"": true, ""_n_feasible"": 31, ""_score"": 1.0396}","{""dev_pct"": -3.1868670872771565, ""pct_rank"": 0.028703703703703703, ""window"": 1080.0, ""span"": 360.0}"
2024-06-17 18:00:00,CNY,level,"level(pct=0.15,rearm=27,stall_days=27,window=2250)",BUY_NOW,down,0.9822222222222222,medium,6,11.9935,"{""window"": 2250, ""pct"": 0.15, ""stall_days"": 27, ""rearm"": 27, ""_feasible"": true, ""_n_feasible"": 54, ""_score"": 1.2738}","{""pct_rank"": 0.0026666666666666666, ""window"": 2250.0, ""days_since_min"": 27.0}"
2024-06-19 10:00:00,CNY,momentum,"momentum(n=3,rearm=18)",BUY_NOW,down,0.5,fast,6,11.38,"{""n"": 3, ""rearm"": 18, ""_feasible"": true, ""_n_feasible"": 8, ""_score"": 1.0028}","{""streak"": 3.0, ""drop_pct"": -3.082950093680803}"
2024-06-19 13:00:00,CNY,reversal,"reversal(max_days_since_min=180,rearm=27,rise_bps=30,window=1080)",WINDOW_CLOSING,up,1.0,slow,6,11.2275,"{""window"": 1080, ""rise_bps"": 30, ""max_days_since_min"": 180, ""rearm"": 27, ""_feasible"": true, ""_n_feasible"": 18, ""_score"": 1.1918}","{""rise_pct"": 0.7583236112357339, ""min_rate"": 11.143, ""days_since_min"": 2.0, ""window"": 1080.0}"
2024-06-20 15:00:00,CNY,dip_vs_trend,"dip_vs_trend(pct=0.05,rearm=27,span=360,window=1080)",BUY_NOW,down,0.5555555555555556,medium,6,11.746,"{""span"": 360, ""window"": 1080, ""pct"": 0.05, ""rearm"": 27, ""_feasible"": true, ""_n_feasible"": 31, ""_score"": 1.0396}","{""dev_pct"": -4.54125256082486, ""pct_rank"": 0.022222222222222223, ""window"": 1080.0, ""span"": 360.0}"
2024-06-24 10:00:00,CNY,reversal,"reversal(max_days_since_min=180,rearm=27,rise_bps=30,window=1080)",WINDOW_CLOSING,up,1.0,slow,6,11.9325,"{""window"": 1080, ""rise_bps"": 30, ""max_days_since_min"": 180, ""rearm"": 27, ""_feasible"": true, ""_n_feasible"": 18, ""_score"": 1.1918}","{""rise_pct"": 7.210242587601057, ""min_rate"": 11.13, ""days_since_min"": 22.0, ""window"": 1080.0}"
2024-06-24 12:00:00,CNY,momentum,"momentum(n=3,rearm=18)",BUY_NOW,down,0.5,fast,6,11.7845,"{""n"": 3, ""rearm"": 18, ""_feasible"": true, ""_n_feasible"": 8, ""_score"": 1.0028}","{""streak"": 3.0, ""drop_pct"": -2.1667842762857603}"
2024-06-24 15:00:00,CNY,level,"level(pct=0.15,rearm=27,stall_days=27,window=2250)",BUY_NOW,down,0.8992592592592592,medium,6,11.921,"{""window"": 2250, ""pct"": 0.15, ""stall_days"": 27, ""rearm"": 27, ""_feasible"": true, ""_n_feasible"": 54, ""_score"": 1.2738}","{""pct_rank"": 0.015111111111111112, ""window"": 2250.0, ""days_since_min"": 27.0}"
2024-06-25 12:00:00,CNY,dip_vs_trend,"dip_vs_trend(pct=0.05,rearm=27,span=360,window=1080)",BUY_NOW,down,0.16666666666666674,medium,6,11.8005,"{""span"": 360, ""window"": 1080, ""pct"": 0.05, ""rearm"": 27, ""_feasible"": true, ""_n_feasible"": 31, ""_score"": 1.0396}","{""dev_pct"": -3.639878833642829, ""pct_rank"": 0.041666666666666664, ""window"": 1080.0, ""span"": 360.0}"
2024-06-26 17:00:00,CNY,reversal,"reversal(max_days_since_min=180,rearm=27,rise_bps=30,window=1080)",WINDOW_CLOSING,up,1.0,slow,6,11.716,"{""window"": 1080, ""rise_bps"": 30, ""max_days_since_min"": 180, ""rearm"": 27, ""_feasible"": true, ""_n_feasible"": 18, ""_score"": 1.1918}","{""rise_pct"": 5.265049415992795, ""min_rate"": 11.13, ""days_since_min"": 49.0, ""window"": 1080.0}"
2024-06-27 12:00:00,CNY,level,"level(pct=0.15,rearm=27,stall_days=27,window=2250)",BUY_NOW,down,0.9525925925925925,medium,6,11.466,"{""window"": 2250, ""pct"": 0.15, ""stall_days"": 27, ""rearm"": 27, ""_feasible"": true, ""_n_feasible"": 54, ""_score"": 1.2738}","{""pct_rank"": 0.0071111111111111115, ""window"": 2250.0, ""days_since_min"": 54.0}"
2024-06-27 19:00:00,CNY,dip_vs_trend,"dip_vs_trend(pct=0.05,rearm=27,span=360,window=1080)",BUY_NOW,down,0.6111111111111112,medium,6,11.5255,"{""span"": 360, ""window"": 1080, ""pct"": 0.05, ""rearm"": 27, ""_feasible"": true, ""_n_feasible"": 31, ""_score"": 1.0396}","{""dev_pct"": -5.373250299244969, ""pct_rank"": 0.019444444444444445, ""window"": 1080.0, ""span"": 360.0}"
2024-06-28 10:00:00,CNY,momentum,"momentum(n=3,rearm=18)",BUY_NOW,down,0.5,fast,6,11.525,"{""n"": 3, ""rearm"": 18, ""_feasible"": true, ""_n_feasible"": 8, ""_score"": 1.0028}","{""streak"": 3.0, ""drop_pct"": -0.21645021645021467}"
2024-07-01 14:00:00,CNY,reversal,"reversal(max_days_since_min=180,rearm=27,rise_bps=30,window=1080)",WINDOW_CLOSING,up,1.0,slow,7,11.841,"{""window"": 1080, ""rise_bps"": 30, ""max_days_since_min"": 180, ""rearm"": 27, ""_feasible"": true, ""_n_feasible"": 18, ""_score"": 1.3577}","{""rise_pct"": 6.388140161725064, ""min_rate"": 11.13, ""days_since_min"": 76.0, ""window"": 1080.0}"
2024-07-01 19:00:00,CNY,level,"level(pct=0.15,rearm=27,stall_days=27,window=2250)",BUY_NOW,down,0.757037037037037,medium,7,11.8755,"{""window"": 2250, ""pct"": 0.15, ""stall_days"": 27, ""rearm"": 27, ""_feasible"": true, ""_n_feasible"": 54, ""_score"": 1.2738}","{""pct_rank"": 0.036444444444444446, ""window"": 2250.0, ""days_since_min"": 81.0}"
2024-07-02 18:00:00,CNY,momentum,"momentum(n=3,rearm=18)",BUY_NOW,down,0.5,fast,7,11.8365,"{""n"": 3, ""rearm"": 18, ""_feasible"": true, ""_n_feasible"": 7, ""_score"": 1.0111}","{""streak"": 3.0, ""drop_pct"": -0.7546220601182374}"
2024-07-04 11:00:00,CNY,reversal,"reversal(max_days_since_min=180,rearm=27,rise_bps=30,window=1080)",WINDOW_CLOSING,up,1.0,slow,7,11.96,"{""window"": 1080, ""rise_bps"": 30, ""max_days_since_min"": 180, ""rearm"": 27, ""_feasible"": true, ""_n_feasible"": 18, ""_score"": 1.3577}","{""rise_pct"": 7.457322551662182, ""min_rate"": 11.13, ""days_since_min"": 103.0, ""window"": 1080.0}"
2024-07-04 16:00:00,CNY,level,"level(pct=0.15,rearm=27,stall_days=27,window=2250)",BUY_NOW,down,0.6237037037037036,medium,7,12.0035,"{""window"": 2250, ""pct"": 0.15, ""stall_days"": 27, ""rearm"": 27, ""_feasible"": true, ""_n_feasible"": 54, ""_score"": 1.2738}","{""pct_rank"": 0.05644444444444444, ""window"": 2250.0, ""days_since_min"": 108.0}"
2024-07-05 16:00:00,CNY,momentum,"momentum(n=3,rearm=18)",BUY_NOW,down,0.5,fast,7,11.976,"{""n"": 3, ""rearm"": 18, ""_feasible"": true, ""_n_feasible"": 7, ""_score"": 1.0111}","{""streak"": 3.0, ""drop_pct"": -0.3909174083007505}"
2024-07-08 18:00:00,CNY,reversal,"reversal(max_days_since_min=180,rearm=27,rise_bps=30,window=1080)",WINDOW_CLOSING,up,1.0,slow,7,11.9275,"{""window"": 1080, ""rise_bps"": 30, ""max_days_since_min"": 180, ""rearm"": 27, ""_feasible"": true, ""_n_feasible"": 18, ""_score"": 1.3577}","{""rise_pct"": 7.165318957771771, ""min_rate"": 11.13, ""days_since_min"": 130.0, ""window"": 1080.0}"
2024-07-09 13:00:00,CNY,level,"level(pct=0.15,rearm=27,stall_days=27,window=2250)",BUY_NOW,down,0.6444444444444444,medium,7,11.945,"{""window"": 2250, ""pct"": 0.15, ""stall_days"": 27, ""rearm"": 27, ""_feasible"": true, ""_n_feasible"": 54, ""_score"": 1.2738}","{""pct_rank"": 0.05333333333333334, ""window"": 2250.0, ""days_since_min"": 135.0}"
2024-07-10 10:00:00,CNY,momentum,"momentum(n=3,rearm=18)",BUY_NOW,down,0.5,fast,7,11.948,"{""n"": 3, ""rearm"": 18, ""_feasible"": true, ""_n_feasible"": 7, ""_score"": 1.0111}","{""streak"": 3.0, ""drop_pct"": -0.058552906733577714}"
2024-07-11 15:00:00,CNY,reversal,"reversal(max_days_since_min=180,rearm=27,rise_bps=30,window=1080)",WINDOW_CLOSING,up,1.0,slow,7,11.982,"{""window"": 1080, ""rise_bps"": 30, ""max_days_since_min"": 180, ""rearm"": 27, ""_feasible"": true, ""_n_feasible"": 18, ""_score"": 1.3577}","{""rise_pct"": 7.654986522911034, ""min_rate"": 11.13, ""days_since_min"": 157.0, ""window"": 1080.0}"
2024-07-12 10:00:00,CNY,level,"level(pct=0.15,rearm=27,stall_days=27,window=2250)",BUY_NOW,down,0.5733333333333333,medium,7,11.97,"{""window"": 2250, ""pct"": 0.15, ""stall_days"": 27, ""rearm"": 27, ""_feasible"": true, ""_n_feasible"": 54, ""_score"": 1.2738}","{""pct_rank"": 0.064, ""window"": 2250.0, ""days_since_min"": 162.0}"
2024-07-16 13:00:00,CNY,momentum,"momentum(n=3,rearm=18)",BUY_NOW,down,0.5,fast,7,12.04,"{""n"": 3, ""rearm"": 18, ""_feasible"": true, ""_n_feasible"": 7, ""_score"": 1.0111}","{""streak"": 3.0, ""drop_pct"": -0.49586776859504855}"
2024-07-16 17:00:00,CNY,level,"level(pct=0.15,rearm=27,stall_days=27,window=2250)",BUY_NOW,down,0.3748148148148148,medium,7,12.0605,"{""window"": 2250, ""pct"": 0.15, ""stall_days"": 27, ""rearm"": 27, ""_feasible"": true, ""_n_feasible"": 54, ""_score"": 1.2738}","{""pct_rank"": 0.09377777777777778, ""window"": 2250.0, ""days_since_min"": 189.0}"
2024-07-19 14:00:00,CNY,level,"level(pct=0.15,rearm=27,stall_days=27,window=2250)",BUY_NOW,down,0.4103703703703703,medium,7,12.016,"{""window"": 2250, ""pct"": 0.15, ""stall_days"": 27, ""rearm"": 27, ""_feasible"": true, ""_n_feasible"": 54, ""_score"": 1.2738}","{""pct_rank"": 0.08844444444444445, ""window"": 2250.0, ""days_since_min"": 216.0}"
2024-07-19 14:00:00,CNY,momentum,"momentum(n=3,rearm=18)",BUY_NOW,down,0.5,fast,7,12.016,"{""n"": 3, ""rearm"": 18, ""_feasible"": true, ""_n_feasible"": 7, ""_score"": 1.0111}","{""streak"": 3.0, ""drop_pct"": -0.32351721277478207}"
2024-07-23 13:00:00,CNY,momentum,"momentum(n=3,rearm=18)",BUY_NOW,down,0.5,fast,7,11.891,"{""n"": 3, ""rearm"": 18, ""_feasible"": true, ""_n_feasible"": 7, ""_score"": 1.0111}","{""streak"": 3.0, ""drop_pct"": -0.8008676065737852}"
2024-07-24 11:00:00,CNY,level,"level(pct=0.15,rearm=27,stall_days=27,window=2250)",BUY_NOW,down,0.7896296296296296,medium,7,11.8355,"{""window"": 2250, ""pct"": 0.15, ""stall_days"": 27, ""rearm"": 27, ""_feasible"": true, ""_n_feasible"": 54, ""_score"": 1.2738}","{""pct_rank"": 0.03155555555555556, ""window"": 2250.0, ""days_since_min"": 243.0}"
2024-07-25 11:00:00,CNY,momentum,"momentum(n=3,rearm=18)",BUY_NOW,down,0.6666666666666666,fast,7,11.7615,"{""n"": 3, ""rearm"": 18, ""_feasible"": true, ""_n_feasible"": 7, ""_score"": 1.0111}","{""streak"": 4.0, ""drop_pct"": -0.5201725450393324}"
2024-07-26 18:00:00,CNY,level,"level(pct=0.15,rearm=27,stall_days=27,window=2250)",BUY_NOW,down,0.7451851851851852,medium,7,11.8175,"{""window"": 2250, ""pct"": 0.15, ""stall_days"": 27, ""rearm"": 27, ""_feasible"": true, ""_n_feasible"": 54, ""_score"": 1.2738}","{""pct_rank"": 0.03822222222222222, ""window"": 2250.0, ""days_since_min"": 270.0}"
2024-07-29 14:00:00,CNY,momentum,"momentum(n=3,rearm=18)",BUY_NOW,down,0.5,fast,7,11.835,"{""n"": 3, ""rearm"": 18, ""_feasible"": true, ""_n_feasible"": 7, ""_score"": 1.0111}","{""streak"": 3.0, ""drop_pct"": -0.5127774041694733}"
2024-07-31 15:00:00,CNY,level,"level(pct=0.15,rearm=27,stall_days=27,window=2250)",BUY_NOW,down,0.5822222222222222,medium,7,11.8805,"{""window"": 2250, ""pct"": 0.15, ""stall_days"": 27, ""rearm"": 27, ""_feasible"": true, ""_n_feasible"": 54, ""_score"": 1.2738}","{""pct_rank"": 0.06266666666666666, ""window"": 2250.0, ""days_since_min"": 297.0}"
2024-08-01 13:00:00,CNY,momentum,"momentum(n=3,rearm=18)",BUY_NOW,down,0.5,fast,7,11.785,"{""n"": 3, ""rearm"": 18, ""_feasible"": true, ""_n_feasible"": 7, ""_score"": 1.0111}","{""streak"": 3.0, ""drop_pct"": -0.49814251941910914}"
2024-08-05 12:00:00,CNY,level,"level(pct=0.15,rearm=27,stall_days=27,window=2250)",BUY_NOW,down,0.6325925925925926,medium,7,11.835,"{""window"": 2250, ""pct"": 0.15, ""stall_days"": 27, ""rearm"": 27, ""_feasible"": true, ""_n_feasible"": 54, ""_score"": 1.2738}","{""pct_rank"": 0.05511111111111111, ""window"": 2250.0, ""days_since_min"": 324.0}"
2024-08-06 11:00:00,CNY,momentum,"momentum(n=3,rearm=18)",BUY_NOW,down,0.5,fast,7,11.789,"{""n"": 3, ""rearm"": 18, ""_feasible"": true, ""_n_feasible"": 7, ""_score"": 1.0111}","{""streak"": 3.0, ""drop_pct"": -0.6237882491781144}"
2024-08-07 19:00:00,CNY,level,"level(pct=0.15,rearm=27,stall_days=27,window=2250)",BUY_NOW,down,0.6325925925925926,medium,7,11.83,"{""window"": 2250, ""pct"": 0.15, ""stall_days"": 27, ""rearm"": 27, ""_feasible"": true, ""_n_feasible"": 54, ""_score"": 1.2738}","{""pct_rank"": 0.05511111111111111, ""window"": 2250.0, ""days_since_min"": 351.0}"
2024-08-09 18:00:00,CNY,momentum,"momentum(n=3,rearm=18)",BUY_NOW,down,0.5,fast,7,11.884,"{""n"": 3, ""rearm"": 18, ""_feasible"": true, ""_n_feasible"": 7, ""_score"": 1.0111}","{""streak"": 3.0, ""drop_pct"": -0.33963688204955433}"
2024-08-12 16:00:00,CNY,level,"level(pct=0.15,rearm=27,stall_days=27,window=2250)",BUY_NOW,down,0.27407407407407414,medium,7,11.9115,"{""window"": 2250, ""pct"": 0.15, ""stall_days"": 27, ""rearm"": 27, ""_feasible"": true, ""_n_feasible"": 54, ""_score"": 1.2738}","{""pct_rank"": 0.10888888888888888, ""window"": 2250.0, ""days_since_min"": 378.0}"
2024-08-15 13:00:00,CNY,level,"level(pct=0.15,rearm=27,stall_days=27,window=2250)",BUY_NOW,down,0.20592592592592585,medium,7,11.9315,"{""window"": 2250, ""pct"": 0.15, ""stall_days"": 27, ""rearm"": 27, ""_feasible"": true, ""_n_feasible"": 54, ""_score"": 1.2738}","{""pct_rank"": 0.11911111111111111, ""window"": 2250.0, ""days_since_min"": 405.0}"
2024-08-21 15:00:00,CNY,momentum,"momentum(n=3,rearm=18)",BUY_NOW,down,0.5,fast,7,12.18,"{""n"": 3, ""rearm"": 18, ""_feasible"": true, ""_n_feasible"": 7, ""_score"": 1.0111}","{""streak"": 3.0, ""drop_pct"": -0.38032143295301246}"
2024-08-22 12:00:00,CNY,level,"level(pct=0.15,rearm=27,stall_days=27,window=2250)",BUY_NOW,down,0.17333333333333334,medium,7,11.946,"{""window"": 2250, ""pct"": 0.15, ""stall_days"": 27, ""rearm"": 27, ""_feasible"": true, ""_n_feasible"": 54, ""_score"": 1.2738}","{""pct_rank"": 0.124, ""window"": 2250.0, ""days_since_min"": 454.0}"
2024-08-23 12:00:00,CNY,dip_vs_trend,"dip_vs_trend(pct=0.2,rearm=45,span=360,window=2250)",BUY_NOW,down,0.046666666666666634,medium,7,11.7165,"{""span"": 360, ""window"": 2250, ""pct"": 0.2, ""rearm"": 45, ""_feasible"": true, ""_n_feasible"": 31, ""_score"": 1.0848}","{""dev_pct"": -1.8670535582482106, ""pct_rank"": 0.19066666666666668, ""window"": 2250.0, ""span"": 360.0}"
2024-08-23 19:00:00,CNY,momentum,"momentum(n=3,rearm=18)",BUY_NOW,down,0.5,fast,7,11.841,"{""n"": 3, ""rearm"": 18, ""_feasible"": true, ""_n_feasible"": 7, ""_score"": 1.0111}","{""streak"": 3.0, ""drop_pct"": -0.44560282495376136}"
2024-08-26 19:00:00,CNY,level,"level(pct=0.15,rearm=27,stall_days=27,window=2250)",BUY_NOW,down,0.8992592592592592,medium,7,11.678,"{""window"": 2250, ""pct"": 0.15, ""stall_days"": 27, ""rearm"": 27, ""_feasible"": true, ""_n_feasible"": 54, ""_score"": 1.2738}","{""pct_rank"": 0.015111111111111112, ""window"": 2250.0, ""days_since_min"": 481.0}"
2024-08-29 16:00:00,CNY,level,"level(pct=0.15,rearm=27,stall_days=27,window=2250)",BUY_NOW,down,0.06666666666666654,medium,7,11.925,"{""window"": 2250, ""pct"": 0.15, ""stall_days"": 27, ""rearm"": 27, ""_feasible"": true, ""_n_feasible"": 54, ""_score"": 1.2738}","{""pct_rank"": 0.14, ""window"": 2250.0, ""days_since_min"": 508.0}"
2024-09-02 14:00:00,CNY,momentum,"momentum(n=3,rearm=18)",BUY_NOW,down,0.5,fast,7,12.002,"{""n"": 3, ""rearm"": 18, ""_feasible"": true, ""_n_feasible"": 7, ""_score"": 1.0111}","{""streak"": 3.0, ""drop_pct"": -0.8877327717907391}"
2024-09-05 16:00:00,CNY,momentum,"momentum(n=3,rearm=18)",BUY_NOW,down,0.5,fast,7,12.4985,"{""n"": 3, ""rearm"": 18, ""_feasible"": true, ""_n_feasible"": 7, ""_score"": 1.0111}","{""streak"": 3.0, ""drop_pct"": -0.2394540447778981}"
2024-09-10 10:00:00,CNY,momentum,"momentum(n=3,rearm=18)",BUY_NOW,down,0.5,fast,7,12.6425,"{""n"": 3, ""rearm"": 18, ""_feasible"": true, ""_n_feasible"": 7, ""_score"": 1.0111}","{""streak"": 3.0, ""drop_pct"": -0.26034475957555925}"
2024-09-17 14:00:00,CNY,momentum,"momentum(n=3,rearm=18)",BUY_NOW,down,0.5,fast,7,12.887,"{""n"": 3, ""rearm"": 18, ""_feasible"": true, ""_n_feasible"": 7, ""_score"": 1.0111}","{""streak"": 3.0, ""drop_pct"": -0.4172784174329647}"
2024-09-19 17:00:00,CNY,momentum,"momentum(n=3,rearm=18)",BUY_NOW,down,0.5,fast,7,12.9895,"{""n"": 3, ""rearm"": 18, ""_feasible"": true, ""_n_feasible"": 7, ""_score"": 1.0111}","{""streak"": 3.0, ""drop_pct"": -0.941813467551289}"
2024-10-04 11:00:00,CNY,momentum,"momentum(n=3,rearm=18)",BUY_NOW,down,0.5,fast,7,13.3985,"{""n"": 3, ""rearm"": 18, ""_feasible"": true, ""_n_feasible"": 7, ""_score"": 1.0111}","{""streak"": 3.0, ""drop_pct"": -0.5197312247095076}"
2024-10-07 19:00:00,CNY,momentum,"momentum(n=3,rearm=18)",BUY_NOW,down,0.8333333333333334,fast,7,13.5095,"{""n"": 3, ""rearm"": 18, ""_feasible"": true, ""_n_feasible"": 7, ""_score"": 1.0111}","{""streak"": 5.0, ""drop_pct"": -0.3981273270173613}"
2024-10-09 17:00:00,CNY,momentum,"momentum(n=3,rearm=18)",BUY_NOW,down,0.6666666666666666,fast,7,13.6815,"{""n"": 3, ""rearm"": 18, ""_feasible"": true, ""_n_feasible"": 7, ""_score"": 1.0111}","{""streak"": 4.0, ""drop_pct"": -0.40764331210191296}"
2024-10-15 18:00:00,CNY,momentum,"momentum(n=3,rearm=18)",BUY_NOW,down,0.5,fast,7,13.5825,"{""n"": 3, ""rearm"": 18, ""_feasible"": true, ""_n_feasible"": 7, ""_score"": 1.0111}","{""streak"": 3.0, ""drop_pct"": -0.06989405532666915}"
2024-10-18 18:00:00,CNY,momentum,"momentum(n=3,rearm=18)",BUY_NOW,down,0.5,fast,7,13.3625,"{""n"": 3, ""rearm"": 18, ""_feasible"": true, ""_n_feasible"": 7, ""_score"": 1.0111}","{""streak"": 3.0, ""drop_pct"": -0.7759708918096075}"
2024-10-23 11:00:00,CNY,momentum,"momentum(n=3,rearm=18)",BUY_NOW,down,0.5,fast,7,13.5295,"{""n"": 3, ""rearm"": 18, ""_feasible"": true, ""_n_feasible"": 7, ""_score"": 1.0111}","{""streak"": 3.0, ""drop_pct"": -0.1291798922270604}"
2024-10-29 13:00:00,CNY,momentum,"momentum(n=3,rearm=18)",BUY_NOW,down,0.5,fast,7,13.5865,"{""n"": 3, ""rearm"": 18, ""_feasible"": true, ""_n_feasible"": 7, ""_score"": 1.0111}","{""streak"": 3.0, ""drop_pct"": -0.2532853681814995}"
2024-11-05 14:00:00,CNY,momentum,"momentum(n=3,rearm=18)",BUY_NOW,down,0.5,fast,7,13.74,"{""n"": 3, ""rearm"": 18, ""_feasible"": true, ""_n_feasible"": 7, ""_score"": 1.0111}","{""streak"": 3.0, ""drop_pct"": -0.19612115929396046}"
2024-11-07 14:00:00,CNY,momentum,"momentum(n=3,rearm=18)",BUY_NOW,down,0.5,fast,7,13.596,"{""n"": 3, ""rearm"": 18, ""_feasible"": true, ""_n_feasible"": 7, ""_score"": 1.0111}","{""streak"": 3.0, ""drop_pct"": -0.3481511342397492}"
2024-11-13 17:00:00,CNY,momentum,"momentum(n=3,rearm=18)",BUY_NOW,down,0.5,fast,7,13.603,"{""n"": 3, ""rearm"": 18, ""_feasible"": true, ""_n_feasible"": 7, ""_score"": 1.0111}","{""streak"": 3.0, ""drop_pct"": -0.2456642100245654}"
2024-11-15 18:00:00,CNY,momentum,"momentum(n=3,rearm=18)",BUY_NOW,down,0.5,fast,7,13.682,"{""n"": 3, ""rearm"": 18, ""_feasible"": true, ""_n_feasible"": 7, ""_score"": 1.0111}","{""streak"": 3.0, ""drop_pct"": -0.7327867663063148}"
2024-11-27 19:00:00,CNY,momentum,"momentum(n=3,rearm=18)",BUY_NOW,down,0.5,fast,7,14.47,"{""n"": 3, ""rearm"": 18, ""_feasible"": true, ""_n_feasible"": 7, ""_score"": 1.0111}","{""streak"": 3.0, ""drop_pct"": -3.76429901569566}"
2024-11-29 17:00:00,CNY,momentum,"momentum(n=3,rearm=18)",BUY_NOW,down,0.5,fast,7,14.566,"{""n"": 3, ""rearm"": 18, ""_feasible"": true, ""_n_feasible"": 7, ""_score"": 1.0111}","{""streak"": 3.0, ""drop_pct"": -1.4045419162689976}"
2024-12-03 15:00:00,CNY,momentum,"momentum(n=3,rearm=18)",BUY_NOW,down,0.5,fast,7,14.4945,"{""n"": 3, ""rearm"": 18, ""_feasible"": true, ""_n_feasible"": 7, ""_score"": 1.0111}","{""streak"": 3.0, ""drop_pct"": -0.5761909661487818}"
2024-12-05 13:00:00,CNY,momentum,"momentum(n=3,rearm=18)",BUY_NOW,down,0.5,fast,7,14.153,"{""n"": 3, ""rearm"": 18, ""_feasible"": true, ""_n_feasible"": 7, ""_score"": 1.0111}","{""streak"": 3.0, ""drop_pct"": -1.304044630404455}"
2024-12-06 12:00:00,CNY,dip_vs_trend,"dip_vs_trend(pct=0.2,rearm=45,span=360,window=2250)",BUY_NOW,down,0.2711111111111111,medium,7,13.605,"{""span"": 360, ""window"": 2250, ""pct"": 0.2, ""rearm"": 45, ""_feasible"": true, ""_n_feasible"": 31, ""_score"": 1.0848}","{""dev_pct"": -1.748459365772237, ""pct_rank"": 0.14577777777777778, ""window"": 2250.0, ""span"": 360.0}"
2024-12-11 19:00:00,CNY,momentum,"momentum(n=3,rearm=18)",BUY_NOW,down,0.5,fast,7,13.9255,"{""n"": 3, ""rearm"": 18, ""_feasible"": true, ""_n_feasible"": 7, ""_score"": 1.0111}","{""streak"": 3.0, ""drop_pct"": -0.9143304397324692}"
2024-12-13 19:00:00,CNY,momentum,"momentum(n=3,rearm=18)",BUY_NOW,down,0.5,fast,7,13.8695,"{""n"": 3, ""rearm"": 18, ""_feasible"": true, ""_n_feasible"": 7, ""_score"": 1.0111}","{""streak"": 3.0, ""drop_pct"": -0.7868664830644856}"
2024-12-20 11:00:00,CNY,momentum,"momentum(n=3,rearm=18)",BUY_NOW,down,0.5,fast,7,13.9975,"{""n"": 3, ""rearm"": 18, ""_feasible"": true, ""_n_feasible"": 7, ""_score"": 1.0111}","{""streak"": 3.0, ""drop_pct"": -0.26363603975916305}"
2024-12-23 16:00:00,CNY,dip_vs_trend,"dip_vs_trend(pct=0.2,rearm=45,span=360,window=2250)",BUY_NOW,down,0.2022222222222222,medium,7,13.7195,"{""span"": 360, ""window"": 2250, ""pct"": 0.2, ""rearm"": 45, ""_feasible"": true, ""_n_feasible"": 31, ""_score"": 1.0848}","{""dev_pct"": -1.680502142058471, ""pct_rank"": 0.15955555555555556, ""window"": 2250.0, ""span"": 360.0}"
2024-12-24 12:00:00,CNY,momentum,"momentum(n=3,rearm=18)",BUY_NOW,down,0.5,fast,7,13.661,"{""n"": 3, ""rearm"": 18, ""_feasible"": true, ""_n_feasible"": 7, ""_score"": 1.0111}","{""streak"": 3.0, ""drop_pct"": -1.3289996388587966}"
2024-12-26 19:00:00,CNY,momentum,"momentum(n=3,rearm=18)",BUY_NOW,down,0.5,fast,7,13.4,"{""n"": 3, ""rearm"": 18, ""_feasible"": true, ""_n_feasible"": 7, ""_score"": 1.0111}","{""streak"": 3.0, ""drop_pct"": -0.5344418052256494}"
2024-12-28 11:00:00,CNY,dip_vs_trend,"dip_vs_trend(pct=0.2,rearm=45,span=360,window=2250)",BUY_NOW,down,0.8377777777777777,medium,7,13.43,"{""span"": 360, ""window"": 2250, ""pct"": 0.2, ""rearm"": 45, ""_feasible"": true, ""_n_feasible"": 31, ""_score"": 1.0848}","{""dev_pct"": -3.6656199956602964, ""pct_rank"": 0.03244444444444444, ""window"": 2250.0, ""span"": 360.0}"
2025-01-03 16:00:00,CNY,momentum,"momentum(n=2,rearm=27)",BUY_NOW,down,0.5,fast,8,13.814,"{""n"": 2, ""rearm"": 27, ""_feasible"": true, ""_n_feasible"": 7, ""_score"": 1.0002}","{""streak"": 2.0, ""drop_pct"": -0.02171238329593539}"
2025-01-06 14:00:00,CNY,dip_vs_trend,"dip_vs_trend(pct=0.1,rearm=27,span=360,window=2250)",BUY_NOW,down,0.0444444444444444,medium,8,13.6305,"{""span"": 360, ""window"": 2250, ""pct"": 0.1, ""rearm"": 27, ""_feasible"": true, ""_n_feasible"": 30, ""_score"": 0.9918}","{""dev_pct"": -2.3231829913054836, ""pct_rank"": 0.09555555555555556, ""window"": 2250.0, ""span"": 360.0}"
2025-01-09 19:00:00,CNY,momentum,"momentum(n=2,rearm=27)",BUY_NOW,down,0.5,fast,8,13.58,"{""n"": 2, ""rearm"": 27, ""_feasible"": true, ""_n_feasible"": 7, ""_score"": 1.0002}","{""streak"": 2.0, ""drop_pct"": -0.3485598972665538}"
2025-01-15 12:00:00,CNY,momentum,"momentum(n=2,rearm=27)",BUY_NOW,down,0.5,fast,8,13.8945,"{""n"": 2, ""rearm"": 27, ""_feasible"": true, ""_n_feasible"": 7, ""_score"": 1.0002}","{""streak"": 2.0, ""drop_pct"": -0.39070901139866}"
2025-01-17 19:00:00,CNY,momentum,"momentum(n=2,rearm=27)",BUY_NOW,down,1.0,fast,8,13.87,"{""n"": 2, ""rearm"": 27, ""_feasible"": true, ""_n_feasible"": 7, ""_score"": 1.0002}","{""streak"": 4.0, ""drop_pct"": -0.5271273353175343}"
2025-01-22 11:00:00,CNY,dip_vs_trend,"dip_vs_trend(pct=0.1,rearm=27,span=360,window=2250)",BUY_NOW,down,0.12444444444444447,medium,8,13.542,"{""span"": 360, ""window"": 2250, ""pct"": 0.1, ""rearm"": 27, ""_feasible"": true, ""_n_feasible"": 30, ""_score"": 0.9918}","{""dev_pct"": -2.471979388985479, ""pct_rank"": 0.08755555555555555, ""window"": 2250.0, ""span"": 360.0}"
2025-01-23 13:00:00,CNY,momentum,"momentum(n=2,rearm=27)",BUY_NOW,down,0.5,fast,8,13.5825,"{""n"": 2, ""rearm"": 27, ""_feasible"": true, ""_n_feasible"": 7, ""_score"": 1.0002}","{""streak"": 2.0, ""drop_pct"": -0.09194556822361699}"
2025-01-24 19:00:00,CNY,dip_vs_trend,"dip_vs_trend(pct=0.1,rearm=27,span=360,window=2250)",BUY_NOW,down,0.0444444444444444,medium,8,13.469,"{""span"": 360, ""window"": 2250, ""pct"": 0.1, ""rearm"": 27, ""_feasible"": true, ""_n_feasible"": 30, ""_score"": 0.9918}","{""dev_pct"": -2.389453767531069, ""pct_rank"": 0.09555555555555556, ""window"": 2250.0, ""span"": 360.0}"
2025-01-28 13:00:00,CNY,momentum,"momentum(n=2,rearm=27)",BUY_NOW,down,0.5,fast,8,13.409,"{""n"": 2, ""rearm"": 27, ""_feasible"": true, ""_n_feasible"": 7, ""_score"": 1.0002}","{""streak"": 2.0, ""drop_pct"": -0.6851090619560796}"
2025-01-29 16:00:00,CNY,dip_vs_trend,"dip_vs_trend(pct=0.1,rearm=27,span=360,window=2250)",BUY_NOW,down,0.04888888888888898,medium,8,13.389,"{""span"": 360, ""window"": 2250, ""pct"": 0.1, ""rearm"": 27, ""_feasible"": true, ""_n_feasible"": 30, ""_score"": 0.9918}","{""dev_pct"": -2.47864057162418, ""pct_rank"": 0.0951111111111111, ""window"": 2250.0, ""span"": 360.0}"
2025-01-31 10:00:00,CNY,momentum,"momentum(n=2,rearm=27)",BUY_NOW,down,1.0,fast,8,13.219,"{""n"": 2, ""rearm"": 27, ""_feasible"": true, ""_n_feasible"": 7, ""_score"": 1.0002}","{""streak"": 4.0, ""drop_pct"": -0.8661742097566538}"
2025-02-03 13:00:00,CNY,dip_vs_trend,"dip_vs_trend(pct=0.1,rearm=27,span=360,window=2250)",BUY_NOW,down,0.004444444444444584,medium,8,13.358,"{""span"": 360, ""window"": 2250, ""pct"": 0.1, ""rearm"": 27, ""_feasible"": true, ""_n_feasible"": 30, ""_score"": 0.9918}","{""dev_pct"": -2.540238874586276, ""pct_rank"": 0.09955555555555555, ""window"": 2250.0, ""span"": 360.0}"
2025-02-04 19:00:00,CNY,momentum,"momentum(n=2,rearm=27)",BUY_NOW,down,0.5,fast,8,13.267,"{""n"": 2, ""rearm"": 27, ""_feasible"": true, ""_n_feasible"": 7, ""_score"": 1.0002}","{""streak"": 2.0, ""drop_pct"": -0.12421425076223347}"
2025-02-06 10:00:00,CNY,dip_vs_trend,"dip_vs_trend(pct=0.1,rearm=27,span=360,window=2250)",BUY_NOW,down,0.9066666666666666,medium,8,12.91,"{""span"": 360, ""window"": 2250, ""pct"": 0.1, ""rearm"": 27, ""_feasible"": true, ""_n_feasible"": 30, ""_score"": 0.9918}","{""dev_pct"": -5.485966569494016, ""pct_rank"": 0.009333333333333334, ""window"": 2250.0, ""span"": 360.0}"
2025-02-10 13:00:00,CNY,momentum,"momentum(n=2,rearm=27)",BUY_NOW,down,0.5,fast,8,13.222,"{""n"": 2, ""rearm"": 27, ""_feasible"": true, ""_n_feasible"": 7, ""_score"": 1.0002}","{""streak"": 2.0, ""drop_pct"": -0.5640370008272666}"
2025-02-10 17:00:00,CNY,dip_vs_trend,"dip_vs_trend(pct=0.1,rearm=27,span=360,window=2250)",BUY_NOW,down,0.12444444444444447,medium,8,13.211,"{""span"": 360, ""window"": 2250, ""pct"": 0.1, ""rearm"": 27, ""_feasible"": true, ""_n_feasible"": 30, ""_score"": 0.9918}","{""dev_pct"": -2.8939123403968647, ""pct_rank"": 0.08755555555555555, ""window"": 2250.0, ""span"": 360.0}"
2025-02-13 10:00:00,CNY,momentum,"momentum(n=2,rearm=27)",BUY_NOW,down,0.75,fast,8,12.25,"{""n"": 2, ""rearm"": 27, ""_feasible"": true, ""_n_feasible"": 7, ""_score"": 1.0002}","{""streak"": 3.0, ""drop_pct"": -4.382781095109866}"
2025-02-13 11:00:00,CNY,reversal,"reversal(max_days_since_min=180,rearm=27,rise_bps=30,window=1080)",WINDOW_CLOSING,up,1.0,slow,8,12.459,"{""window"": 1080, ""rise_bps"": 30, ""max_days_since_min"": 180, ""rearm"": 27, ""_feasible"": true, ""_n_feasible"": 17, ""_score"": 1.0911}","{""rise_pct"": 1.7061224489795856, ""min_rate"": 12.25, ""days_since_min"": 1.0, ""window"": 1080.0}"
2025-02-13 14:00:00,CNY,dip_vs_trend,"dip_vs_trend(pct=0.1,rearm=27,span=360,window=2250)",BUY_NOW,down,0.9377777777777778,medium,8,12.3595,"{""span"": 360, ""window"": 2250, ""pct"": 0.1, ""rearm"": 27, ""_feasible"": true, ""_n_feasible"": 30, ""_score"": 0.9918}","{""dev_pct"": -8.506592856476768, ""pct_rank"": 0.006222222222222222, ""window"": 2250.0, ""span"": 360.0}"
2025-02-17 17:00:00,CNY,momentum,"momentum(n=2,rearm=27)",BUY_NOW,down,0.5,fast,8,12.457,"{""n"": 2, ""rearm"": 27, ""_feasible"": true, ""_n_feasible"": 7, ""_score"": 1.0002}","{""streak"": 2.0, ""drop_pct"": -0.284170502301373}"
2025-02-17 18:00:00,CNY,reversal,"reversal(max_days_since_min=180,rearm=27,rise_bps=30,window=1080)",WINDOW_CLOSING,up,1.0,slow,8,12.366,"{""window"": 1080, ""rise_bps"": 30, ""max_days_since_min"": 180, ""rearm"": 27, ""_feasible"": true, ""_n_feasible"": 17, ""_score"": 1.0911}","{""rise_pct"": 1.0294117647058787, ""min_rate"": 12.24, ""days_since_min"": 18.0, ""window"": 1080.0}"
2025-02-18 11:00:00,CNY,dip_vs_trend,"dip_vs_trend(pct=0.1,rearm=27,span=360,window=2250)",BUY_NOW,down,0.8666666666666667,medium,8,12.382,"{""span"": 360, ""window"": 2250, ""pct"": 0.1, ""rearm"": 27, ""_feasible"": true, ""_n_feasible"": 30, ""_score"": 0.9918}","{""dev_pct"": -7.636399652967219, ""pct_rank"": 0.013333333333333334, ""window"": 2250.0, ""span"": 360.0}"
2025-02-20 14:00:00,CNY,momentum,"momentum(n=2,rearm=27)",BUY_NOW,down,1.0,fast,8,12.0815,"{""n"": 2, ""rearm"": 27, ""_feasible"": true, ""_n_feasible"": 7, ""_score"": 1.0002}","{""streak"": 5.0, ""drop_pct"": -2.2215927484622866}"
2025-02-20 17:00:00,CNY,reversal,"reversal(max_days_since_min=180,rearm=27,rise_bps=30,window=1080)",WINDOW_CLOSING,up,0.5245430953564334,slow,8,12.112,"{""window"": 1080, ""rise_bps"": 30, ""max_days_since_min"": 180, ""rearm"": 27, ""_feasible"": true, ""_n_feasible"": 17, ""_score"": 1.0911}","{""rise_pct"": 0.31472585721386004, ""min_rate"": 12.074, ""days_since_min"": 2.0, ""window"": 1080.0}"
2025-02-20 18:00:00,CNY,dip_vs_trend,"dip_vs_trend(pct=0.1,rearm=27,span=360,window=2250)",BUY_NOW,down,0.9688888888888889,medium,8,12.068,"{""span"": 360, ""window"": 2250, ""pct"": 0.1, ""rearm"": 27, ""_feasible"": true, ""_n_feasible"": 30, ""_score"": 0.9918}","{""dev_pct"": -9.377637710590536, ""pct_rank"": 0.003111111111111111, ""window"": 2250.0, ""span"": 360.0}"
2025-02-25 11:00:00,CNY,level,"level(pct=0.15,rearm=27,stall_days=27,window=2250)",BUY_NOW,down,0.5881481481481481,medium,8,11.8195,"{""window"": 2250, ""pct"": 0.15, ""stall_days"": 27, ""rearm"": 27, ""_feasible"": true, ""_n_feasible"": 55, ""_score"": 1.2028}","{""pct_rank"": 0.06177777777777778, ""window"": 2250.0, ""days_since_min"": 1752.0}"
2025-02-25 11:00:00,CNY,momentum,"momentum(n=2,rearm=27)",BUY_NOW,down,1.0,fast,8,11.8195,"{""n"": 2, ""rearm"": 27, ""_feasible"": true, ""_n_feasible"": 7, ""_score"": 1.0002}","{""streak"": 4.0, ""drop_pct"": -1.9901322608731675}"
2025-02-25 15:00:00,CNY,dip_vs_trend,"dip_vs_trend(pct=0.1,rearm=27,span=360,window=2250)",BUY_NOW,down,0.9822222222222222,medium,8,11.775,"{""span"": 360, ""window"": 2250, ""pct"": 0.1, ""rearm"": 27, ""_feasible"": true, ""_n_feasible"": 30, ""_score"": 0.9918}","{""dev_pct"": -10.752474123954691, ""pct_rank"": 0.0017777777777777779, ""window"": 2250.0, ""span"": 360.0}"
2025-02-25 15:00:00,CNY,reversal,"reversal(max_days_since_min=180,rearm=27,rise_bps=30,window=1080)",WINDOW_CLOSING,up,0.8607566121758096,slow,8,11.775,"{""window"": 1080, ""rise_bps"": 30, ""max_days_since_min"": 180, ""rearm"": 27, ""_feasible"": true, ""_n_feasible"": 17, ""_score"": 1.0911}","{""rise_pct"": 0.5164539673054858, ""min_rate"": 11.7145, ""days_since_min"": 1.0, ""window"": 1080.0}"
2025-02-28 12:00:00,CNY,dip_vs_trend,"dip_vs_trend(pct=0.1,rearm=27,span=360,window=2250)",BUY_NOW,down,0.5777777777777777,medium,8,12.0705,"{""span"": 360, ""window"": 2250, ""pct"": 0.1, ""rearm"": 27, ""_feasible"": true, ""_n_feasible"": 30, ""_score"": 0.9918}","{""dev_pct"": -7.58211286459336, ""pct_rank"": 0.042222222222222223, ""window"": 2250.0, ""span"": 360.0}"
2025-02-28 12:00:00,CNY,reversal,"reversal(max_days_since_min=180,rearm=27,rise_bps=30,window=1080)",WINDOW_CLOSING,up,1.0,slow,8,12.0705,"{""window"": 1080, ""rise_bps"": 30, ""max_days_since_min"": 180, ""rearm"": 27, ""_feasible"": true, ""_n_feasible"": 17, ""_score"": 1.0911}","{""rise_pct"": 3.71627427393022, ""min_rate"": 11.638, ""days_since_min"": 19.0, ""window"": 1080.0}"
2025-03-03 12:00:00,CNY,momentum,"momentum(n=2,rearm=27)",BUY_NOW,down,0.5,fast,8,12.0985,"{""n"": 2, ""rearm"": 27, ""_feasible"": true, ""_n_feasible"": 7, ""_score"": 1.0002}","{""streak"": 2.0, ""drop_pct"": -0.3418451400329592}"
2025-03-04 19:00:00,CNY,dip_vs_trend,"dip_vs_trend(pct=0.1,rearm=27,span=360,window=2250)",BUY_NOW,down,0.33777777777777784,medium,8,12.16,"{""span"": 360, ""window"": 2250, ""pct"": 0.1, ""rearm"": 27, ""_feasible"": true, ""_n_feasible"": 30, ""_score"": 0.9918}","{""dev_pct"": -6.057797759666461, ""pct_rank"": 0.06622222222222222, ""window"": 2250.0, ""span"": 360.0}"
2025-03-04 19:00:00,CNY,reversal,"reversal(max_days_since_min=180,rearm=27,rise_bps=30,window=1080)",WINDOW_CLOSING,up,1.0,slow,8,12.16,"{""window"": 1080, ""rise_bps"": 30, ""max_days_since_min"": 180, ""rearm"": 27, ""_feasible"": true, ""_n_feasible"": 17, ""_score"": 1.0911}","{""rise_pct"": 4.48530675373775, ""min_rate"": 11.638, ""days_since_min"": 46.0, ""window"": 1080.0}"
2025-03-06 16:00:00,CNY,momentum,"momentum(n=2,rearm=27)",BUY_NOW,down,0.5,fast,8,12.2685,"{""n"": 2, ""rearm"": 27, ""_feasible"": true, ""_n_feasible"": 7, ""_score"": 1.0002}","{""streak"": 2.0, ""drop_pct"": -0.1586914062500111}"
2025-03-07 16:00:00,CNY,dip_vs_trend,"dip_vs_trend(pct=0.1,rearm=27,span=360,window=2250)",BUY_NOW,down,0.21777777777777785,medium,8,12.134,"{""span"": 360, ""window"": 2250, ""pct"": 0.1, ""rearm"": 27, ""_feasible"": true, ""_n_feasible"": 30, ""_score"": 0.9918}","{""dev_pct"": -5.348747841184876, ""pct_rank"": 0.07822222222222222, ""window"": 2250.0, ""span"": 360.0}"
2025-03-07 16:00:00,CNY,reversal,"reversal(max_days_since_min=180,rearm=27,rise_bps=30,window=1080)",WINDOW_CLOSING,up,1.0,slow,8,12.134,"{""window"": 1080, ""rise_bps"": 30, ""max_days_since_min"": 180, ""rearm"": 27, ""_feasible"": true, ""_n_feasible"": 17, ""_score"": 1.0911}","{""rise_pct"": 4.261900670218255, ""min_rate"": 11.638, ""days_since_min"": 73.0, ""window"": 1080.0}"
2025-03-10 18:00:00,CNY,level,"level(pct=0.15,rearm=27,stall_days=27,window=2250)",BUY_NOW,down,0.051851851851851816,medium,8,11.911,"{""window"": 2250, ""pct"": 0.15, ""stall_days"": 27, ""rearm"": 27, ""_feasible"": true, ""_n_feasible"": 55, ""_score"": 1.2028}","{""pct_rank"": 0.14222222222222222, ""window"": 2250.0, ""days_since_min"": 1849.0}"
2025-03-11 13:00:00,CNY,momentum,"momentum(n=2,rearm=27)",BUY_NOW,down,0.5,fast,8,11.8195,"{""n"": 2, ""rearm"": 27, ""_feasible"": true, ""_n_feasible"": 7, ""_score"": 1.0002}","{""streak"": 2.0, ""drop_pct"": -0.7265244414580985}"
2025-03-12 13:00:00,CNY,dip_vs_trend,"dip_vs_trend(pct=0.1,rearm=27,span=360,window=2250)",BUY_NOW,down,0.27555555555555555,medium,8,11.905,"{""span"": 360, ""window"": 2250, ""pct"": 0.1, ""rearm"": 27, ""_feasible"": true, ""_n_feasible"": 30, ""_score"": 0.9918}","{""dev_pct"": -6.08395535164008, ""pct_rank"": 0.07244444444444445, ""window"": 2250.0, ""span"": 360.0}"
2025-03-12 13:00:00,CNY,reversal,"reversal(max_days_since_min=180,rearm=27,rise_bps=30,window=1080)",WINDOW_CLOSING,up,1.0,slow,8,11.905,"{""window"": 1080, ""rise_bps"": 30, ""max_days_since_min"": 180, ""rearm"": 27, ""_feasible"": true, ""_n_feasible"": 17, ""_score"": 1.0911}","{""rise_pct"": 2.294208626911831, ""min_rate"": 11.638, ""days_since_min"": 100.0, ""window"": 1080.0}"
2025-03-13 15:00:00,CNY,level,"level(pct=0.15,rearm=27,stall_days=27,window=2250)",BUY_NOW,down,0.21777777777777774,medium,8,11.8695,"{""window"": 2250, ""pct"": 0.15, ""stall_days"": 27, ""rearm"": 27, ""_feasible"": true, ""_n_feasible"": 55, ""_score"": 1.2028}","{""pct_rank"": 0.11733333333333333, ""window"": 2250.0, ""days_since_min"": 1876.0}"
2025-03-14 10:00:00,CNY,momentum,"momentum(n=2,rearm=27)",BUY_NOW,down,0.75,fast,8,11.798,"{""n"": 2, ""rearm"": 27, ""_feasible"": true, ""_n_feasible"": 7, ""_score"": 1.0002}","{""streak"": 3.0, ""drop_pct"": -0.8238063214525915}"
2025-03-17 10:00:00,CNY,dip_vs_trend,"dip_vs_trend(pct=0.1,rearm=27,span=360,window=2250)",BUY_NOW,down,0.2844444444444445,medium,8,11.75,"{""span"": 360, ""window"": 2250, ""pct"": 0.1, ""rearm"": 27, ""_feasible"": true, ""_n_feasible"": 30, ""_score"": 0.9918}","{""dev_pct"": -6.354344754376628, ""pct_rank"": 0.07155555555555555, ""window"": 2250.0, ""span"": 360.0}"
2025-03-17 10:00:00,CNY,reversal,"reversal(max_days_since_min=180,rearm=27,rise_bps=30,window=1080)",WINDOW_CLOSING,up,1.0,slow,8,11.75,"{""window"": 1080, ""rise_bps"": 30, ""max_days_since_min"": 180, ""rearm"": 27, ""_feasible"": true, ""_n_feasible"": 17, ""_score"": 1.0911}","{""rise_pct"": 0.9623646674686404, ""min_rate"": 11.638, ""days_since_min"": 127.0, ""window"": 1080.0}"
2025-03-18 12:00:00,CNY,level,"level(pct=0.15,rearm=27,stall_days=27,window=2250)",BUY_NOW,down,0.9911111111111112,medium,8,11.153,"{""window"": 2250, ""pct"": 0.15, ""stall_days"": 27, ""rearm"": 27, ""_feasible"": true, ""_n_feasible"": 55, ""_score"": 1.2028}","{""pct_rank"": 0.0013333333333333333, ""window"": 2250.0, ""days_since_min"": 1903.0}"
2025-03-18 19:00:00,CNY,momentum,"momentum(n=2,rearm=27)",BUY_NOW,down,0.5,fast,8,11.219,"{""n"": 2, ""rearm"": 27, ""_feasible"": true, ""_n_feasible"": 7, ""_score"": 1.0002}","{""streak"": 2.0, ""drop_pct"": -1.3106966924701036}"
2025-03-19 17:00:00,CNY,dip_vs_trend,"dip_vs_trend(pct=0.1,rearm=27,span=360,window=2250)",BUY_NOW,down,0.24444444444444446,medium,8,11.5515,"{""span"": 360, ""window"": 2250, ""pct"": 0.1, ""rearm"": 27, ""_feasible"": true, ""_n_feasible"": 30, ""_score"": 0.9918}","{""dev_pct"": -6.800672794731488, ""pct_rank"": 0.07555555555555556, ""window"": 2250.0, ""span"": 360.0}"
2025-03-19 17:00:00,CNY,reversal,"reversal(max_days_since_min=180,rearm=27,rise_bps=30,window=1080)",WINDOW_CLOSING,up,1.0,slow,8,11.5515,"{""window"": 1080, ""rise_bps"": 30, ""max_days_since_min"": 180, ""rearm"": 27, ""_feasible"": true, ""_n_feasible"": 17, ""_score"": 1.0911}","{""rise_pct"": 3.573029678113504, ""min_rate"": 11.153, ""days_since_min"": 15.0, ""window"": 1080.0}"
2025-03-20 19:00:00,CNY,level,"level(pct=0.15,rearm=27,stall_days=27,window=2250)",BUY_NOW,down,0.8844444444444445,medium,8,11.5025,"{""window"": 2250, ""pct"": 0.15, ""stall_days"": 27, ""rearm"": 27, ""_feasible"": true, ""_n_feasible"": 55, ""_score"": 1.2028}","{""pct_rank"": 0.017333333333333333, ""window"": 2250.0, ""days_since_min"": 1930.0}"
2025-03-21 18:00:00,CNY,momentum,"momentum(n=2,rearm=27)",BUY_NOW,down,0.5,fast,8,11.4895,"{""n"": 2, ""rearm"": 27, ""_feasible"": true, ""_n_feasible"": 7, ""_score"": 1.0002}","{""streak"": 2.0, ""drop_pct"": -0.5324214353735646}"
2025-03-24 14:00:00,CNY,dip_vs_trend,"dip_vs_trend(pct=0.1,rearm=27,span=360,window=2250)",BUY_NOW,down,0.008888888888888946,medium,8,11.5135,"{""span"": 360, ""window"": 2250, ""pct"": 0.1, ""rearm"": 27, ""_feasible"": true, ""_n_feasible"": 30, ""_score"": 0.9918}","{""dev_pct"": -6.082661605306572, ""pct_rank"": 0.09911111111111111, ""window"": 2250.0, ""span"": 360.0}"
2025-03-24 14:00:00,CNY,reversal,"reversal(max_days_since_min=180,rearm=27,rise_bps=30,window=1080)",WINDOW_CLOSING,up,1.0,slow,8,11.5135,"{""window"": 1080, ""rise_bps"": 30, ""max_days_since_min"": 180, ""rearm"": 27, ""_feasible"": true, ""_n_feasible"": 17, ""_score"": 1.0911}","{""rise_pct"": 3.232314175558138, ""min_rate"": 11.153, ""days_since_min"": 42.0, ""window"": 1080.0}"
2025-03-25 16:00:00,CNY,level,"level(pct=0.15,rearm=27,stall_days=27,window=2250)",BUY_NOW,down,0.762962962962963,medium,8,11.5655,"{""window"": 2250, ""pct"": 0.15, ""stall_days"": 27, ""rearm"": 27, ""_feasible"": true, ""_n_feasible"": 55, ""_score"": 1.2028}","{""pct_rank"": 0.035555555555555556, ""window"": 2250.0, ""days_since_min"": 1957.0}"
2025-03-26 16:00:00,CNY,momentum,"momentum(n=2,rearm=27)",BUY_NOW,down,0.5,fast,8,11.5055,"{""n"": 2, ""rearm"": 27, ""_feasible"": true, ""_n_feasible"": 7, ""_score"": 1.0002}","{""streak"": 2.0, ""drop_pct"": -0.2038338103911852}"
2025-03-27 11:00:00,CNY,reversal,"reversal(max_days_since_min=180,rearm=27,rise_bps=30,window=1080)",WINDOW_CLOSING,up,1.0,slow,8,11.5045,"{""window"": 1080, ""rise_bps"": 30, ""max_days_since_min"": 180, ""rearm"": 27, ""_feasible"": true, ""_n_feasible"": 17, ""_score"": 1.0911}","{""rise_pct"": 3.151618398637135, ""min_rate"": 11.153, ""days_since_min"": 69.0, ""window"": 1080.0}"
2025-03-28 13:00:00,CNY,level,"level(pct=0.15,rearm=27,stall_days=27,window=2250)",BUY_NOW,down,0.8933333333333333,medium,8,11.441,"{""window"": 2250, ""pct"": 0.15, ""stall_days"": 27, ""rearm"": 27, ""_feasible"": true, ""_n_feasible"": 55, ""_score"": 1.2028}","{""pct_rank"": 0.016, ""window"": 2250.0, ""days_since_min"": 1984.0}"
2025-03-31 13:00:00,CNY,momentum,"momentum(n=2,rearm=27)",BUY_NOW,down,0.75,fast,8,11.691,"{""n"": 2, ""rearm"": 27, ""_feasible"": true, ""_n_feasible"": 7, ""_score"": 1.0002}","{""streak"": 3.0, ""drop_pct"": -0.9237288135593213}"
2025-03-31 18:00:00,CNY,reversal,"reversal(max_days_since_min=180,rearm=27,rise_bps=30,window=1080)",WINDOW_CLOSING,up,1.0,slow,8,11.7415,"{""window"": 1080, ""rise_bps"": 30, ""max_days_since_min"": 180, ""rearm"": 27, ""_feasible"": true, ""_n_feasible"": 17, ""_score"": 1.0911}","{""rise_pct"": 5.276607190890337, ""min_rate"": 11.153, ""days_since_min"": 96.0, ""window"": 1080.0}"
2025-04-02 10:00:00,CNY,level,"level(pct=0.15,rearm=27,stall_days=27,window=2250)",BUY_NOW,down,0.7925925925925926,medium,8,11.508,"{""window"": 2250, ""pct"": 0.15, ""stall_days"": 27, ""rearm"": 27, ""_feasible"": true, ""_n_feasible"": 55, ""_score"": 1.2028}","{""pct_rank"": 0.03111111111111111, ""window"": 2250.0, ""days_since_min"": 2011.0}"
2025-04-03 10:00:00,CNY,momentum,"momentum(n=2,rearm=27)",BUY_NOW,down,0.75,fast,8,11.5035,"{""n"": 2, ""rearm"": 27, ""_feasible"": true, ""_n_feasible"": 7, ""_score"": 1.0002}","{""streak"": 3.0, ""drop_pct"": -0.37672122629254234}"
2025-04-03 15:00:00,CNY,reversal,"reversal(max_days_since_min=180,rearm=27,rise_bps=30,window=1080)",WINDOW_CLOSING,up,1.0,slow,8,11.4805,"{""window"": 1080, ""rise_bps"": 30, ""max_days_since_min"": 180, ""rearm"": 27, ""_feasible"": true, ""_n_feasible"": 17, ""_score"": 1.0911}","{""rise_pct"": 2.936429660181106, ""min_rate"": 11.153, ""days_since_min"": 123.0, ""window"": 1080.0}"
2025-04-04 17:00:00,CNY,level,"level(pct=0.15,rearm=27,stall_days=27,window=2250)",BUY_NOW,down,0.3866666666666666,medium,8,11.729,"{""window"": 2250, ""pct"": 0.15, ""stall_days"": 27, ""rearm"": 27, ""_feasible"": true, ""_n_feasible"": 55, ""_score"": 1.2028}","{""pct_rank"": 0.092, ""window"": 2250.0, ""days_since_min"": 2038.0}"
2025-04-07 18:00:00,CNY,momentum,"momentum(n=2,rearm=27)",BUY_NOW,down,0.5,fast,8,11.6695,"{""n"": 2, ""rearm"": 27, ""_feasible"": true, ""_n_feasible"": 7, ""_score"": 1.0002}","{""streak"": 2.0, ""drop_pct"": -0.379887314324745}"
2025-04-08 12:00:00,CNY,reversal,"reversal(max_days_since_min=180,rearm=27,rise_bps=30,window=1080)",WINDOW_CLOSING,up,1.0,slow,8,11.5355,"{""window"": 1080, ""rise_bps"": 30, ""max_days_since_min"": 180, ""rearm"": 27, ""_feasible"": true, ""_n_feasible"": 17, ""_score"": 1.0911}","{""rise_pct"": 3.4295705191428327, ""min_rate"": 11.153, ""days_since_min"": 150.0, ""window"": 1080.0}"
2025-04-09 14:00:00,CNY,level,"level(pct=0.15,rearm=27,stall_days=27,window=2250)",BUY_NOW,down,0.5051851851851852,medium,8,11.622,"{""window"": 2250, ""pct"": 0.15, ""stall_days"": 27, ""rearm"": 27, ""_feasible"": true, ""_n_feasible"": 55, ""_score"": 1.2028}","{""pct_rank"": 0.07422222222222222, ""window"": 2250.0, ""days_since_min"": 2065.0}"
2025-04-10 19:00:00,CNY,reversal,"reversal(max_days_since_min=180,rearm=27,rise_bps=30,window=1080)",WINDOW_CLOSING,up,1.0,slow,8,11.529,"{""window"": 1080, ""rise_bps"": 30, ""max_days_since_min"": 180, ""rearm"": 27, ""_feasible"": true, ""_n_feasible"": 17, ""_score"": 1.0911}","{""rise_pct"": 3.3712902358109975, ""min_rate"": 11.153, ""days_since_min"": 177.0, ""window"": 1080.0}"
2025-04-11 11:00:00,CNY,momentum,"momentum(n=2,rearm=27)",BUY_NOW,down,0.5,fast,8,11.479,"{""n"": 2, ""rearm"": 27, ""_feasible"": true, ""_n_feasible"": 7, ""_score"": 1.0002}","{""streak"": 2.0, ""drop_pct"": -0.43368895827913256}"
2025-04-14 11:00:00,CNY,level,"level(pct=0.15,rearm=27,stall_days=27,window=2250)",BUY_NOW,down,0.9851851851851852,medium,8,11.18,"{""window"": 2250, ""pct"": 0.15, ""stall_days"": 27, ""rearm"": 27, ""_feasible"": true, ""_n_feasible"": 55, ""_score"": 1.2028}","{""pct_rank"": 0.0022222222222222222, ""window"": 2250.0, ""days_since_min"": 2092.0}"
2025-04-15 16:00:00,CNY,reversal,"reversal(max_days_since_min=180,rearm=27,rise_bps=30,window=1080)",WINDOW_CLOSING,up,0.9425493716337385,slow,8,11.203,"{""window"": 1080, ""rise_bps"": 30, ""max_days_since_min"": 180, ""rearm"": 27, ""_feasible"": true, ""_n_feasible"": 17, ""_score"": 1.0911}","{""rise_pct"": 0.5655296229802431, ""min_rate"": 11.14, ""days_since_min"": 4.0, ""window"": 1080.0}"
2025-04-16 18:00:00,CNY,level,"level(pct=0.15,rearm=27,stall_days=27,window=2250)",BUY_NOW,down,0.8785185185185185,medium,8,11.3035,"{""window"": 2250, ""pct"": 0.15, ""stall_days"": 27, ""rearm"": 27, ""_feasible"": true, ""_n_feasible"": 55, ""_score"": 1.2028}","{""pct_rank"": 0.018222222222222223, ""window"": 2250.0, ""days_since_min"": 2119.0}"
2025-04-16 19:00:00,CNY,momentum,"momentum(n=2,rearm=27)",BUY_NOW,down,0.5,fast,8,11.2655,"{""n"": 2, ""rearm"": 27, ""_feasible"": true, ""_n_feasible"": 7, ""_score"": 1.0002}","{""streak"": 2.0, ""drop_pct"": -0.6131451257168186}"
2025-04-18 13:00:00,CNY,reversal,"reversal(max_days_since_min=180,rearm=27,rise_bps=30,window=1080)",WINDOW_CLOSING,up,1.0,slow,8,11.11,"{""window"": 1080, ""rise_bps"": 30, ""max_days_since_min"": 180, ""rearm"": 27, ""_feasible"": true, ""_n_feasible"": 17, ""_score"": 1.0911}","{""rise_pct"": 0.9403534275200798, ""min_rate"": 11.0065, ""days_since_min"": 2.0, ""window"": 1080.0}"
2025-04-22 14:00:00,CNY,momentum,"momentum(n=2,rearm=27)",BUY_NOW,down,0.5,fast,8,11.0995,"{""n"": 2, ""rearm"": 27, ""_feasible"": true, ""_n_feasible"": 7, ""_score"": 1.0002}","{""streak"": 2.0, ""drop_pct"": -0.3009072127907908}"
2025-04-22 18:00:00,CNY,level,"level(pct=0.15,rearm=27,stall_days=27,window=2250)",BUY_NOW,down,0.9022222222222223,medium,8,11.159,"{""window"": 2250, ""pct"": 0.15, ""stall_days"": 27, ""rearm"": 27, ""_feasible"": true, ""_n_feasible"": 55, ""_score"": 1.2028}","{""pct_rank"": 0.014666666666666666, ""window"": 2250.0, ""days_since_min"": 27.0}"
2025-04-23 10:00:00,CNY,reversal,"reversal(max_days_since_min=180,rearm=27,rise_bps=30,window=1080)",WINDOW_CLOSING,up,1.0,slow,8,11.1945,"{""window"": 1080, ""rise_bps"": 30, ""max_days_since_min"": 180, ""rearm"": 27, ""_feasible"": true, ""_n_feasible"": 17, ""_score"": 1.0911}","{""rise_pct"": 1.7080815881524547, ""min_rate"": 11.0065, ""days_since_min"": 29.0, ""window"": 1080.0}"
2025-04-25 13:00:00,CNY,momentum,"momentum(n=2,rearm=27)",BUY_NOW,down,0.5,fast,8,11.3345,"{""n"": 2, ""rearm"": 27, ""_feasible"": true, ""_n_feasible"": 7, ""_score"": 1.0002}","{""streak"": 2.0, ""drop_pct"": -0.2552030624367485}"
2025-04-25 15:00:00,CNY,level,"level(pct=0.15,rearm=27,stall_days=27,window=2250)",BUY_NOW,down,0.7244444444444444,medium,8,11.3315,"{""window"": 2250, ""pct"": 0.15, ""stall_days"": 27, ""rearm"": 27, ""_feasible"": true, ""_n_feasible"": 55, ""_score"": 1.2028}","{""pct_rank"": 0.04133333333333333, ""window"": 2250.0, ""days_since_min"": 54.0}"
2025-04-25 17:00:00,CNY,reversal,"reversal(max_days_since_min=180,rearm=27,rise_bps=30,window=1080)",WINDOW_CLOSING,up,1.0,slow,8,11.359,"{""window"": 1080, ""rise_bps"": 30, ""max_days_since_min"": 180, ""rearm"": 27, ""_feasible"": true, ""_n_feasible"": 17, ""_score"": 1.0911}","{""rise_pct"": 3.202652977785836, ""min_rate"": 11.0065, ""days_since_min"": 56.0, ""window"": 1080.0}"
2025-04-30 12:00:00,CNY,level,"level(pct=0.15,rearm=27,stall_days=27,window=2250)",BUY_NOW,down,0.8962962962962963,medium,8,11.1595,"{""window"": 2250, ""pct"": 0.15, ""stall_days"": 27, ""rearm"": 27, ""_feasible"": true, ""_n_feasible"": 55, ""_score"": 1.2028}","{""pct_rank"": 0.015555555555555555, ""window"": 2250.0, ""days_since_min"": 81.0}"
2025-04-30 12:00:00,CNY,momentum,"momentum(n=2,rearm=27)",BUY_NOW,down,0.5,fast,8,11.1595,"{""n"": 2, ""rearm"": 27, ""_feasible"": true, ""_n_feasible"": 7, ""_score"": 1.0002}","{""streak"": 2.0, ""drop_pct"": -0.2369032719470754}"
2025-04-30 14:00:00,CNY,reversal,"reversal(max_days_since_min=180,rearm=27,rise_bps=30,window=1080)",WINDOW_CLOSING,up,1.0,slow,8,11.1425,"{""window"": 1080, ""rise_bps"": 30, ""max_days_since_min"": 180, ""rearm"": 27, ""_feasible"": true, ""_n_feasible"": 17, ""_score"": 1.0911}","{""rise_pct"": 1.2356334893017795, ""min_rate"": 11.0065, ""days_since_min"": 83.0, ""window"": 1080.0}"
2025-05-05 19:00:00,CNY,level,"level(pct=0.15,rearm=27,stall_days=27,window=2250)",BUY_NOW,down,0.768888888888889,medium,8,11.208,"{""window"": 2250, ""pct"": 0.15, ""stall_days"": 27, ""rearm"": 27, ""_feasible"": true, ""_n_feasible"": 55, ""_score"": 1.2028}","{""pct_rank"": 0.034666666666666665, ""window"": 2250.0, ""days_since_min"": 108.0}"
2025-05-06 10:00:00,CNY,momentum,"momentum(n=2,rearm=27)",BUY_NOW,down,0.5,fast,8,11.198,"{""n"": 2, ""rearm"": 27, ""_feasible"": true, ""_n_feasible"": 7, ""_score"": 1.0002}","{""streak"": 2.0, ""drop_pct"": -0.1204120768853345}"
2025-05-06 11:00:00,CNY,reversal,"reversal(max_days_since_min=180,rearm=27,rise_bps=30,window=1080)",WINDOW_CLOSING,up,1.0,slow,8,11.2025,"{""window"": 1080, ""rise_bps"": 30, ""max_days_since_min"": 180, ""rearm"": 27, ""_feasible"": true, ""_n_feasible"": 17, ""_score"": 1.0911}","{""rise_pct"": 1.780765911052562, ""min_rate"": 11.0065, ""days_since_min"": 110.0, ""window"": 1080.0}"
2025-05-08 16:00:00,CNY,level,"level(pct=0.15,rearm=27,stall_days=27,window=2250)",BUY_NOW,down,0.7096296296296296,medium,8,11.222,"{""window"": 2250, ""pct"": 0.15, ""stall_days"": 27, ""rearm"": 27, ""_feasible"": true, ""_n_feasible"": 55, ""_score"": 1.2028}","{""pct_rank"": 0.043555555555555556, ""window"": 2250.0, ""days_since_min"": 135.0}"
2025-05-08 18:00:00,CNY,reversal,"reversal(max_days_since_min=180,rearm=27,rise_bps=30,window=1080)",WINDOW_CLOSING,up,1.0,slow,8,11.207,"{""window"": 1080, ""rise_bps"": 30, ""max_days_since_min"": 180, ""rearm"": 27, ""_feasible"": true, ""_n_feasible"": 17, ""_score"": 1.0911}","{""rise_pct"": 1.821650842683864, ""min_rate"": 11.0065, ""days_since_min"": 137.0, ""window"": 1080.0}"
2025-05-12 13:00:00,CNY,momentum,"momentum(n=2,rearm=27)",BUY_NOW,down,0.5,fast,8,11.15,"{""n"": 2, ""rearm"": 27, ""_feasible"": true, ""_n_feasible"": 7, ""_score"": 1.0002}","{""streak"": 2.0, ""drop_pct"": -0.3619141235869705}"
2025-05-14 13:00:00,CNY,level,"level(pct=0.15,rearm=27,stall_days=27,window=2250)",BUY_NOW,down,0.9644444444444444,medium,8,11.102,"{""window"": 2250, ""pct"": 0.15, ""stall_days"": 27, ""rearm"": 27, ""_feasible"": true, ""_n_feasible"": 55, ""_score"": 1.2028}","{""pct_rank"": 0.005333333333333333, ""window"": 2250.0, ""days_since_min"": 162.0}"
2025-05-14 15:00:00,CNY,reversal,"reversal(max_days_since_min=180,rearm=27,rise_bps=30,window=1080)",WINDOW_CLOSING,up,1.0,slow,8,11.1035,"{""window"": 1080, ""rise_bps"": 30, ""max_days_since_min"": 180, ""rearm"": 27, ""_feasible"": true, ""_n_feasible"": 17, ""_score"": 1.0911}","{""rise_pct"": 0.881297415163762, ""min_rate"": 11.0065, ""days_since_min"": 164.0, ""window"": 1080.0}"
2025-05-15 12:00:00,CNY,momentum,"momentum(n=2,rearm=27)",BUY_NOW,down,0.5,fast,8,11.1025,"{""n"": 2, ""rearm"": 27, ""_feasible"": true, ""_n_feasible"": 7, ""_score"": 1.0002}","{""streak"": 2.0, ""drop_pct"": -0.4840227669968167}"
2025-05-19 10:00:00,CNY,level,"level(pct=0.15,rearm=27,stall_days=27,window=2250)",BUY_NOW,down,0.8281481481481481,medium,8,11.1445,"{""window"": 2250, ""pct"": 0.15, ""stall_days"": 27, ""rearm"": 27, ""_feasible"": true, ""_n_feasible"": 55, ""_score"": 1.2028}","{""pct_rank"": 0.025777777777777778, ""window"": 2250.0, ""days_since_min"": 189.0}"
2025-05-19 19:00:00,CNY,momentum,"momentum(n=2,rearm=27)",BUY_NOW,down,0.5,fast,8,11.079,"{""n"": 2, ""rearm"": 27, ""_feasible"": true, ""_n_feasible"": 7, ""_score"": 1.0002}","{""streak"": 2.0, ""drop_pct"": -0.3597445813472322}"
2025-05-21 17:00:00,CNY,level,"level(pct=0.15,rearm=27,stall_days=27,window=2250)",BUY_NOW,down,0.9674074074074074,medium,8,11.062,"{""window"": 2250, ""pct"": 0.15, ""stall_days"": 27, ""rearm"": 27, ""_feasible"": true, ""_n_feasible"": 55, ""_score"": 1.2028}","{""pct_rank"": 0.004888888888888889, ""window"": 2250.0, ""days_since_min"": 216.0}"
2025-05-22 16:00:00,CNY,reversal,"reversal(max_days_since_min=180,rearm=27,rise_bps=30,window=1080)",WINDOW_CLOSING,up,0.6284736419669054,slow,8,11.047,"{""window"": 1080, ""rise_bps"": 30, ""max_days_since_min"": 180, ""rearm"": 27, ""_feasible"": true, ""_n_feasible"": 17, ""_score"": 1.0911}","{""rise_pct"": 0.3770841851801432, ""min_rate"": 11.0055, ""days_since_min"": 3.0, ""window"": 1080.0}"
2025-05-23 10:00:00,CNY,momentum,"momentum(n=2,rearm=27)",BUY_NOW,down,0.5,fast,8,11.049,"{""n"": 2, ""rearm"": 27, ""_feasible"": true, ""_n_feasible"": 7, ""_score"": 1.0002}","{""streak"": 2.0, ""drop_pct"": -0.20773121387283044}"
2025-05-27 10:00:00,CNY,level,"level(pct=0.15,rearm=27,stall_days=27,window=2250)",BUY_NOW,down,0.8311111111111111,medium,8,11.1,"{""window"": 2250, ""pct"": 0.15, ""stall_days"": 27, ""rearm"": 27, ""_feasible"": true, ""_n_feasible"": 55, ""_score"": 1.2028}","{""pct_rank"": 0.025333333333333333, ""window"": 2250.0, ""days_since_min"": 27.0}"
2025-05-27 13:00:00,CNY,reversal,"reversal(max_days_since_min=180,rearm=27,rise_bps=30,window=1080)",WINDOW_CLOSING,up,1.0,slow,8,11.102,"{""window"": 1080, ""rise_bps"": 30, ""max_days_since_min"": 180, ""rearm"": 27, ""_feasible"": true, ""_n_feasible"": 17, ""_score"": 1.0911}","{""rise_pct"": 0.876834310117669, ""min_rate"": 11.0055, ""days_since_min"": 30.0, ""window"": 1080.0}"
2025-05-28 11:00:00,CNY,momentum,"momentum(n=2,rearm=27)",BUY_NOW,down,0.5,fast,8,11.0575,"{""n"": 2, ""rearm"": 27, ""_feasible"": true, ""_n_feasible"": 7, ""_score"": 1.0002}","{""streak"": 2.0, ""drop_pct"": -0.5486351576201809}"
2025-05-30 10:00:00,CNY,reversal,"reversal(max_days_since_min=180,rearm=27,rise_bps=30,window=1080)",WINDOW_CLOSING,up,0.6752608962553955,slow,8,10.904,"{""window"": 1080, ""rise_bps"": 30, ""max_days_since_min"": 180, ""rearm"": 27, ""_feasible"": true, ""_n_feasible"": 17, ""_score"": 1.0911}","{""rise_pct"": 0.40515653775323734, ""min_rate"": 10.86, ""days_since_min"": 1.0, ""window"": 1080.0}"
2025-06-02 16:00:00,CNY,momentum,"momentum(n=2,rearm=27)",BUY_NOW,down,0.5,fast,8,10.9555,"{""n"": 2, ""rearm"": 27, ""_feasible"": true, ""_n_feasible"": 7, ""_score"": 1.0002}","{""streak"": 2.0, ""drop_pct"": -0.09575050155022913}"
2025-06-03 17:00:00,CNY,reversal,"reversal(max_days_since_min=180,rearm=27,rise_bps=30,window=1080)",WINDOW_CLOSING,up,1.0,slow,8,10.924,"{""window"": 1080, ""rise_bps"": 30, ""max_days_since_min"": 180, ""rearm"": 27, ""_feasible"": true, ""_n_feasible"": 17, ""_score"": 1.0911}","{""rise_pct"": 0.6913079546501999, ""min_rate"": 10.849, ""days_since_min"": 23.0, ""window"": 1080.0}"
2025-06-04 11:00:00,CNY,level,"level(pct=0.15,rearm=27,stall_days=27,window=2250)",BUY_NOW,down,0.9940740740740741,medium,8,10.8545,"{""window"": 2250, ""pct"": 0.15, ""stall_days"": 27, ""rearm"": 27, ""_feasible"": true, ""_n_feasible"": 55, ""_score"": 1.2028}","{""pct_rank"": 0.0008888888888888889, ""window"": 2250.0, ""days_since_min"": 27.0}"
2025-06-05 13:00:00,CNY,momentum,"momentum(n=2,rearm=27)",BUY_NOW,down,0.75,fast,8,11.0165,"{""n"": 2, ""rearm"": 27, ""_feasible"": true, ""_n_feasible"": 7, ""_score"": 1.0002}","{""streak"": 3.0, ""drop_pct"": -0.20382281003713532}"
2025-06-06 14:00:00,CNY,reversal,"reversal(max_days_since_min=180,rearm=27,rise_bps=30,window=1080)",WINDOW_CLOSING,up,1.0,slow,8,11.0,"{""window"": 1080, ""rise_bps"": 30, ""max_days_since_min"": 180, ""rearm"": 27, ""_feasible"": true, ""_n_feasible"": 17, ""_score"": 1.0911}","{""rise_pct"": 1.3918333486957257, ""min_rate"": 10.849, ""days_since_min"": 50.0, ""window"": 1080.0}"
2025-06-06 18:00:00,CNY,level,"level(pct=0.15,rearm=27,stall_days=27,window=2250)",BUY_NOW,down,0.8518518518518519,medium,8,10.9855,"{""window"": 2250, ""pct"": 0.15, ""stall_days"": 27, ""rearm"": 27, ""_feasible"": true, ""_n_feasible"": 55, ""_score"": 1.2028}","{""pct_rank"": 0.022222222222222223, ""window"": 2250.0, ""days_since_min"": 54.0}"
2025-06-10 15:00:00,CNY,momentum,"momentum(n=2,rearm=27)",BUY_NOW,down,0.5,fast,8,10.895,"{""n"": 2, ""rearm"": 27, ""_feasible"": true, ""_n_feasible"": 7, ""_score"": 1.0002}","{""streak"": 2.0, ""drop_pct"": -0.15121660633277134}"
2025-06-11 11:00:00,CNY,reversal,"reversal(max_days_since_min=180,rearm=27,rise_bps=30,window=1080)",WINDOW_CLOSING,up,1.0,slow,8,10.8785,"{""window"": 1080, ""rise_bps"": 30, ""max_days_since_min"": 180, ""rearm"": 27, ""_feasible"": true, ""_n_feasible"": 17, ""_score"": 1.0911}","{""rise_pct"": 0.6336725254393993, ""min_rate"": 10.81, ""days_since_min"": 2.0, ""window"": 1080.0}"
2025-06-16 16:00:00,CNY,level,"level(pct=0.15,rearm=27,stall_days=27,window=2250)",BUY_NOW,down,0.8903703703703704,medium,8,10.9,"{""window"": 2250, ""pct"": 0.15, ""stall_days"": 27, ""rearm"": 27, ""_feasible"": true, ""_n_feasible"": 55, ""_score"": 1.2028}","{""pct_rank"": 0.016444444444444446, ""window"": 2250.0, ""days_since_min"": 27.0}"
2025-06-16 18:00:00,CNY,reversal,"reversal(max_days_since_min=180,rearm=27,rise_bps=30,window=1080)",WINDOW_CLOSING,up,1.0,slow,8,10.908,"{""window"": 1080, ""rise_bps"": 30, ""max_days_since_min"": 180, ""rearm"": 27, ""_feasible"": true, ""_n_feasible"": 17, ""_score"": 1.0911}","{""rise_pct"": 0.9065679925994274, ""min_rate"": 10.81, ""days_since_min"": 29.0, ""window"": 1080.0}"
2025-06-17 15:00:00,CNY,momentum,"momentum(n=2,rearm=27)",BUY_NOW,down,0.5,fast,8,10.915,"{""n"": 2, ""rearm"": 27, ""_feasible"": true, ""_n_feasible"": 7, ""_score"": 1.0002}","{""streak"": 2.0, ""drop_pct"": -0.1555067691181966}"
2025-06-19 13:00:00,CNY,level,"level(pct=0.15,rearm=27,stall_days=27,window=2250)",BUY_NOW,down,0.9525925925925925,medium,8,10.8665,"{""window"": 2250, ""pct"": 0.15, ""stall_days"": 27, ""rearm"": 27, ""_feasible"": true, ""_n_feasible"": 55, ""_score"": 1.2028}","{""pct_rank"": 0.0071111111111111115, ""window"": 2250.0, ""days_since_min"": 54.0}"
2025-06-19 15:00:00,CNY,reversal,"reversal(max_days_since_min=180,rearm=27,rise_bps=30,window=1080)",WINDOW_CLOSING,up,0.6244218316373562,slow,8,10.8505,"{""window"": 1080, ""rise_bps"": 30, ""max_days_since_min"": 180, ""rearm"": 27, ""_feasible"": true, ""_n_feasible"": 17, ""_score"": 1.0911}","{""rise_pct"": 0.3746530989824137, ""min_rate"": 10.81, ""days_since_min"": 56.0, ""window"": 1080.0}"
2025-06-20 13:00:00,CNY,momentum,"momentum(n=2,rearm=27)",BUY_NOW,down,0.5,fast,8,10.8875,"{""n"": 2, ""rearm"": 27, ""_feasible"": true, ""_n_feasible"": 7, ""_score"": 1.0002}","{""streak"": 2.0, ""drop_pct"": -0.16047684548372576}"
2025-06-24 10:00:00,CNY,level,"level(pct=0.15,rearm=27,stall_days=27,window=2250)",BUY_NOW,down,0.8429629629629629,medium,8,10.8835,"{""window"": 2250, ""pct"": 0.15, ""stall_days"": 27, ""rearm"": 27, ""_feasible"": true, ""_n_feasible"": 55, ""_score"": 1.2028}","{""pct_rank"": 0.023555555555555555, ""window"": 2250.0, ""days_since_min"": 81.0}"
2025-06-24 12:00:00,CNY,reversal,"reversal(max_days_since_min=180,rearm=27,rise_bps=30,window=1080)",WINDOW_CLOSING,up,1.0,slow,8,10.967,"{""window"": 1080, ""rise_bps"": 30, ""max_days_since_min"": 180, ""rearm"": 27, ""_feasible"": true, ""_n_feasible"": 17, ""_score"": 1.0911}","{""rise_pct"": 1.452358926919528, ""min_rate"": 10.81, ""days_since_min"": 83.0, ""window"": 1080.0}"
2025-06-25 12:00:00,CNY,momentum,"momentum(n=2,rearm=27)",BUY_NOW,down,0.5,fast,8,10.8955,"{""n"": 2, ""rearm"": 27, ""_feasible"": true, ""_n_feasible"": 7, ""_score"": 1.0002}","{""streak"": 2.0, ""drop_pct"": -0.4249680131602984}"
2025-06-26 17:00:00,CNY,level,"level(pct=0.15,rearm=27,stall_days=27,window=2250)",BUY_NOW,down,0.5792592592592591,medium,8,10.9385,"{""window"": 2250, ""pct"": 0.15, ""stall_days"": 27, ""rearm"": 27, ""_feasible"": true, ""_n_feasible"": 55, ""_score"": 1.2028}","{""pct_rank"": 0.06311111111111112, ""window"": 2250.0, ""days_since_min"": 108.0}"
2025-06-26 19:00:00,CNY,reversal,"reversal(max_days_since_min=180,rearm=27,rise_bps=30,window=1080)",WINDOW_CLOSING,up,1.0,slow,8,10.9155,"{""window"": 1080, ""rise_bps"": 30, ""max_days_since_min"": 180, ""rearm"": 27, ""_feasible"": true, ""_n_feasible"": 17, ""_score"": 1.0911}","{""rise_pct"": 0.9759481961147065, ""min_rate"": 10.81, ""days_since_min"": 110.0, ""window"": 1080.0}"
2025-06-27 19:00:00,CNY,momentum,"momentum(n=2,rearm=27)",BUY_NOW,down,0.5,fast,8,10.925,"{""n"": 2, ""rearm"": 27, ""_feasible"": true, ""_n_feasible"": 7, ""_score"": 1.0002}","{""streak"": 2.0, ""drop_pct"": -0.2055263758849013}"
2025-07-01 14:00:00,CNY,level,"level(pct=0.15,rearm=27,stall_days=27,window=2250)",BUY_NOW,down,0.4814814814814814,medium,9,10.95,"{""window"": 2250, ""pct"": 0.15, ""stall_days"": 27, ""rearm"": 27, ""_feasible"": true, ""_n_feasible"": 58, ""_score"": 1.2738}","{""pct_rank"": 0.07777777777777778, ""window"": 2250.0, ""days_since_min"": 135.0}"
2025-07-03 14:00:00,CNY,momentum,"momentum(n=3,rearm=18)",BUY_NOW,down,0.5,fast,9,10.9765,"{""n"": 3, ""rearm"": 18, ""_feasible"": true, ""_n_feasible"": 7, ""_score"": 1.0028}","{""streak"": 3.0, ""drop_pct"": -0.24084340634372703}"
2025-07-04 11:00:00,CNY,level,"level(pct=0.15,rearm=27,stall_days=27,window=2250)",BUY_NOW,down,0.3244444444444444,medium,9,10.9935,"{""window"": 2250, ""pct"": 0.15, ""stall_days"": 27, ""rearm"": 27, ""_feasible"": true, ""_n_feasible"": 58, ""_score"": 1.2738}","{""pct_rank"": 0.10133333333333333, ""window"": 2250.0, ""days_since_min"": 162.0}"
2025-07-07 13:00:00,CNY,momentum,"momentum(n=3,rearm=18)",BUY_NOW,down,0.5,fast,9,10.918,"{""n"": 3, ""rearm"": 18, ""_feasible"": true, ""_n_feasible"": 7, ""_score"": 1.0028}","{""streak"": 3.0, ""drop_pct"": -0.5510771052511854}"
2025-07-08 18:00:00,CNY,level,"level(pct=0.15,rearm=27,stall_days=27,window=2250)",BUY_NOW,down,0.9792592592592593,medium,9,10.8465,"{""window"": 2250, ""pct"": 0.15, ""stall_days"": 27, ""rearm"": 27, ""_feasible"": true, ""_n_feasible"": 58, ""_score"": 1.2738}","{""pct_rank"": 0.003111111111111111, ""window"": 2250.0, ""days_since_min"": 189.0}"
2025-07-09 18:00:00,CNY,momentum,"momentum(n=3,rearm=18)",BUY_NOW,down,0.5,fast,9,10.827,"{""n"": 3, ""rearm"": 18, ""_feasible"": true, ""_n_feasible"": 7, ""_score"": 1.0028}","{""streak"": 3.0, ""drop_pct"": -0.14756063819976184}"
2025-07-11 15:00:00,CNY,level,"level(pct=0.15,rearm=27,stall_days=27,window=2250)",BUY_NOW,down,0.8637037037037036,medium,9,10.857,"{""window"": 2250, ""pct"": 0.15, ""stall_days"": 27, ""rearm"": 27, ""_feasible"": true, ""_n_feasible"": 58, ""_score"": 1.2738}","{""pct_rank"": 0.020444444444444446, ""window"": 2250.0, ""days_since_min"": 216.0}"
2025-07-14 11:00:00,CNY,momentum,"momentum(n=3,rearm=18)",BUY_NOW,down,0.5,fast,9,10.913,"{""n"": 3, ""rearm"": 18, ""_feasible"": true, ""_n_feasible"": 7, ""_score"": 1.0028}","{""streak"": 3.0, ""drop_pct"": -0.40156977274802275}"
2025-07-16 12:00:00,CNY,level,"level(pct=0.15,rearm=27,stall_days=27,window=2250)",BUY_NOW,down,0.9348148148148148,medium,9,10.836,"{""window"": 2250, ""pct"": 0.15, ""stall_days"": 27, ""rearm"": 27, ""_feasible"": true, ""_n_feasible"": 58, ""_score"": 1.2738}","{""pct_rank"": 0.009777777777777778, ""window"": 2250.0, ""days_since_min"": 243.0}"
2025-07-16 19:00:00,CNY,momentum,"momentum(n=3,rearm=18)",BUY_NOW,down,0.5,fast,9,10.8385,"{""n"": 3, ""rearm"": 18, ""_feasible"": true, ""_n_feasible"": 7, ""_score"": 1.0028}","{""streak"": 3.0, ""drop_pct"": -0.08296842590459486}"
2025-07-18 19:00:00,CNY,level,"level(pct=0.15,rearm=27,stall_days=27,window=2250)",BUY_NOW,down,0.25629629629629624,medium,9,10.938,"{""window"": 2250, ""pct"": 0.15, ""stall_days"": 27, ""rearm"": 27, ""_feasible"": true, ""_n_feasible"": 58, ""_score"": 1.2738}","{""pct_rank"": 0.11155555555555556, ""window"": 2250.0, ""days_since_min"": 270.0}"
2025-07-21 12:00:00,CNY,momentum,"momentum(n=3,rearm=18)",BUY_NOW,down,0.5,fast,9,10.886,"{""n"": 3, ""rearm"": 18, ""_feasible"": true, ""_n_feasible"": 7, ""_score"": 1.0028}","{""streak"": 3.0, ""drop_pct"": -0.47540683854453425}"
2025-07-23 16:00:00,CNY,level,"level(pct=0.15,rearm=27,stall_days=27,window=2250)",BUY_NOW,down,0.08444444444444443,medium,9,10.9525,"{""window"": 2250, ""pct"": 0.15, ""stall_days"": 27, ""rearm"": 27, ""_feasible"": true, ""_n_feasible"": 58, ""_score"": 1.2738}","{""pct_rank"": 0.13733333333333334, ""window"": 2250.0, ""days_since_min"": 297.0}"
2025-07-23 16:00:00,CNY,momentum,"momentum(n=3,rearm=18)",BUY_NOW,down,0.5,fast,9,10.9525,"{""n"": 3, ""rearm"": 18, ""_feasible"": true, ""_n_feasible"": 7, ""_score"": 1.0028}","{""streak"": 3.0, ""drop_pct"": -0.20501138952163656}"
2025-07-25 14:00:00,CNY,momentum,"momentum(n=3,rearm=18)",BUY_NOW,down,0.6666666666666666,fast,9,11.0285,"{""n"": 3, ""rearm"": 18, ""_feasible"": true, ""_n_feasible"": 7, ""_score"": 1.0028}","{""streak"": 4.0, ""drop_pct"": -0.6396684535339592}"
2025-07-29 14:00:00,CNY,momentum,"momentum(n=3,rearm=18)",BUY_NOW,down,0.5,fast,9,11.403,"{""n"": 3, ""rearm"": 18, ""_feasible"": true, ""_n_feasible"": 7, ""_score"": 1.0028}","{""streak"": 3.0, ""drop_pct"": -0.8176045925023856}"
2025-07-31 18:00:00,CNY,momentum,"momentum(n=3,rearm=18)",BUY_NOW,down,0.5,fast,9,11.082,"{""n"": 3, ""rearm"": 18, ""_feasible"": true, ""_n_feasible"": 7, ""_score"": 1.0028}","{""streak"": 3.0, ""drop_pct"": -0.36412677006069094}"
2025-08-07 10:00:00,CNY,momentum,"momentum(n=3,rearm=18)",BUY_NOW,down,0.5,fast,9,11.04,"{""n"": 3, ""rearm"": 18, ""_feasible"": true, ""_n_feasible"": 7, ""_score"": 1.0028}","{""streak"": 3.0, ""drop_pct"": -0.7462015643261766}"
2025-08-11 18:00:00,CNY,momentum,"momentum(n=3,rearm=18)",BUY_NOW,down,0.5,fast,9,11.034,"{""n"": 3, ""rearm"": 18, ""_feasible"": true, ""_n_feasible"": 7, ""_score"": 1.0028}","{""streak"": 3.0, ""drop_pct"": -0.16286644951138962}"
2025-08-14 18:00:00,CNY,momentum,"momentum(n=3,rearm=18)",BUY_NOW,down,0.5,fast,9,11.0665,"{""n"": 3, ""rearm"": 18, ""_feasible"": true, ""_n_feasible"": 7, ""_score"": 1.0028}","{""streak"": 3.0, ""drop_pct"": -0.2074033996122382}"
2025-08-19 17:00:00,CNY,momentum,"momentum(n=3,rearm=18)",BUY_NOW,down,0.5,fast,9,11.1545,"{""n"": 3, ""rearm"": 18, ""_feasible"": true, ""_n_feasible"": 7, ""_score"": 1.0028}","{""streak"": 3.0, ""drop_pct"": -0.18344519015660588}"
2025-08-25 16:00:00,CNY,momentum,"momentum(n=3,rearm=18)",BUY_NOW,down,0.5,fast,9,11.22,"{""n"": 3, ""rearm"": 18, ""_feasible"": true, ""_n_feasible"": 7, ""_score"": 1.0028}","{""streak"": 3.0, ""drop_pct"": -0.3640884468519512}"
2025-08-27 16:00:00,CNY,momentum,"momentum(n=3,rearm=18)",BUY_NOW,down,0.5,fast,9,11.2075,"{""n"": 3, ""rearm"": 18, ""_feasible"": true, ""_n_feasible"": 7, ""_score"": 1.0028}","{""streak"": 3.0, ""drop_pct"": -0.12476050438890995}"
2025-08-29 18:00:00,CNY,momentum,"momentum(n=3,rearm=18)",BUY_NOW,down,0.5,fast,9,11.256,"{""n"": 3, ""rearm"": 18, ""_feasible"": true, ""_n_feasible"": 7, ""_score"": 1.0028}","{""streak"": 3.0, ""drop_pct"": -0.1817939963641213}"
2025-09-04 15:00:00,CNY,momentum,"momentum(n=3,rearm=18)",BUY_NOW,down,0.5,fast,9,11.355,"{""n"": 3, ""rearm"": 18, ""_feasible"": true, ""_n_feasible"": 7, ""_score"": 1.0028}","{""streak"": 3.0, ""drop_pct"": -0.11874917535293905}"
2025-09-10 17:00:00,CNY,momentum,"momentum(n=3,rearm=18)",BUY_NOW,down,0.5,fast,9,11.872,"{""n"": 3, ""rearm"": 18, ""_feasible"": true, ""_n_feasible"": 7, ""_score"": 1.0028}","{""streak"": 3.0, ""drop_pct"": -0.44027003228647166}"
2025-09-12 15:00:00,CNY,momentum,"momentum(n=3,rearm=18)",BUY_NOW,down,0.8333333333333334,fast,9,11.7605,"{""n"": 3, ""rearm"": 18, ""_feasible"": true, ""_n_feasible"": 7, ""_score"": 1.0028}","{""streak"": 5.0, ""drop_pct"": -1.6022423025434995}"
2025-09-19 17:00:00,CNY,momentum,"momentum(n=3,rearm=18)",BUY_NOW,down,0.5,fast,9,11.6845,"{""n"": 3, ""rearm"": 18, ""_feasible"": true, ""_n_feasible"": 7, ""_score"": 1.0028}","{""streak"": 3.0, ""drop_pct"": -0.29439371960064964}"
2025-09-24 13:00:00,CNY,momentum,"momentum(n=3,rearm=18)",BUY_NOW,down,0.5,fast,9,11.713,"{""n"": 3, ""rearm"": 18, ""_feasible"": true, ""_n_feasible"": 7, ""_score"": 1.0028}","{""streak"": 3.0, ""drop_pct"": -0.38271814934512927}"
2025-09-26 11:00:00,CNY,momentum,"momentum(n=3,rearm=18)",BUY_NOW,down,0.6666666666666666,fast,9,11.6785,"{""n"": 3, ""rearm"": 18, ""_feasible"": true, ""_n_feasible"": 7, ""_score"": 1.0028}","{""streak"": 4.0, ""drop_pct"": -0.38809280109177724}"
2025-09-29 19:00:00,CNY,momentum,"momentum(n=3,rearm=18)",BUY_NOW,down,0.5,fast,9,11.542,"{""n"": 3, ""rearm"": 18, ""_feasible"": true, ""_n_feasible"": 7, ""_score"": 1.0028}","{""streak"": 3.0, ""drop_pct"": -0.4957110220268235}"
2025-10-06 18:00:00,CNY,momentum,"momentum(n=3,rearm=18)",BUY_NOW,down,0.5,fast,9,11.52,"{""n"": 3, ""rearm"": 18, ""_feasible"": true, ""_n_feasible"": 7, ""_score"": 1.0028}","{""streak"": 3.0, ""drop_pct"": -0.37187581077575693}"
2025-10-09 18:00:00,CNY,momentum,"momentum(n=3,rearm=18)",BUY_NOW,down,0.5,fast,9,11.3245,"{""n"": 3, ""rearm"": 18, ""_feasible"": true, ""_n_feasible"": 7, ""_score"": 1.0028}","{""streak"": 3.0, ""drop_pct"": -0.36512405419671934}"
2025-10-13 16:00:00,CNY,momentum,"momentum(n=3,rearm=18)",BUY_NOW,down,0.5,fast,9,11.253,"{""n"": 3, ""rearm"": 18, ""_feasible"": true, ""_n_feasible"": 7, ""_score"": 1.0028}","{""streak"": 3.0, ""drop_pct"": -0.11539144328066575}"
2025-10-15 16:00:00,CNY,momentum,"momentum(n=3,rearm=18)",BUY_NOW,down,0.5,fast,9,10.9935,"{""n"": 3, ""rearm"": 18, ""_feasible"": true, ""_n_feasible"": 7, ""_score"": 1.0028}","{""streak"": 3.0, ""drop_pct"": -0.26762224439808024}"
2025-10-15 17:00:00,CNY,dip_vs_trend,"dip_vs_trend(pct=0.15,rearm=45,span=360,window=2250)",BUY_NOW,down,0.001481481481481417,medium,9,10.952,"{""span"": 360, ""window"": 2250, ""pct"": 0.15, ""rearm"": 45, ""_feasible"": true, ""_n_feasible"": 31, ""_score"": 1.2682}","{""dev_pct"": -4.662234181463654, ""pct_rank"": 0.1497777777777778, ""window"": 2250.0, ""span"": 360.0}"
2025-10-15 17:00:00,CNY,level,"level(pct=0.15,rearm=27,stall_days=27,window=2250)",BUY_NOW,down,0.07851851851851854,medium,9,10.952,"{""window"": 2250, ""pct"": 0.15, ""stall_days"": 27, ""rearm"": 27, ""_feasible"": true, ""_n_feasible"": 58, ""_score"": 1.2738}","{""pct_rank"": 0.13822222222222222, ""window"": 2250.0, ""days_since_min"": 898.0}"
2025-10-15 18:00:00,CNY,reversal,"reversal(max_days_since_min=45,rearm=27,rise_bps=20,window=540)",WINDOW_CLOSING,up,0.7989408327246372,slow,9,10.987,"{""window"": 540, ""rise_bps"": 20, ""max_days_since_min"": 45, ""rearm"": 27, ""_feasible"": true, ""_n_feasible"": 20, ""_score"": 1.1359}","{""rise_pct"": 0.3195763330898549, ""min_rate"": 10.952, ""days_since_min"": 1.0, ""window"": 540.0}"
2025-10-20 15:00:00,CNY,reversal,"reversal(max_days_since_min=45,rearm=27,rise_bps=20,window=540)",WINDOW_CLOSING,up,1.0,slow,9,11.3445,"{""window"": 540, ""rise_bps"": 20, ""max_days_since_min"": 45, ""rearm"": 27, ""_feasible"": true, ""_n_feasible"": 20, ""_score"": 1.1359}","{""rise_pct"": 3.583820306793273, ""min_rate"": 10.952, ""days_since_min"": 28.0, ""window"": 540.0}"
2025-10-22 19:00:00,CNY,momentum,"momentum(n=3,rearm=18)",BUY_NOW,down,0.5,fast,9,11.374,"{""n"": 3, ""rearm"": 18, ""_feasible"": true, ""_n_feasible"": 7, ""_score"": 1.0028}","{""streak"": 3.0, ""drop_pct"": -0.5812683012106024}"
2025-10-24 18:00:00,CNY,momentum,"momentum(n=3,rearm=18)",BUY_NOW,down,0.5,fast,9,11.15,"{""n"": 3, ""rearm"": 18, ""_feasible"": true, ""_n_feasible"": 7, ""_score"": 1.0028}","{""streak"": 3.0, ""drop_pct"": -1.2400354295836968}"
2025-10-28 16:00:00,CNY,momentum,"momentum(n=3,rearm=18)",BUY_NOW,down,0.6666666666666666,fast,9,11.1355,"{""n"": 3, ""rearm"": 18, ""_feasible"": true, ""_n_feasible"": 7, ""_score"": 1.0028}","{""streak"": 4.0, ""drop_pct"": -0.9164924144681175}"
2025-10-30 16:00:00,CNY,momentum,"momentum(n=3,rearm=18)",BUY_NOW,down,0.5,fast,9,11.2635,"{""n"": 3, ""rearm"": 18, ""_feasible"": true, ""_n_feasible"": 7, ""_score"": 1.0028}","{""streak"": 3.0, ""drop_pct"": -0.3935267067562753}"
2025-11-06 13:00:00,CNY,momentum,"momentum(n=3,rearm=18)",BUY_NOW,down,0.5,fast,9,11.355,"{""n"": 3, ""rearm"": 18, ""_feasible"": true, ""_n_feasible"": 7, ""_score"": 1.0028}","{""streak"": 3.0, ""drop_pct"": -0.5517603783499636}"
2025-11-10 19:00:00,CNY,momentum,"momentum(n=3,rearm=18)",BUY_NOW,down,0.5,fast,9,11.3635,"{""n"": 3, ""rearm"": 18, ""_feasible"": true, ""_n_feasible"": 7, ""_score"": 1.0028}","{""streak"": 3.0, ""drop_pct"": -0.2370396382950668}"
2025-11-14 14:00:00,CNY,momentum,"momentum(n=3,rearm=18)",BUY_NOW,down,0.5,fast,9,11.3775,"{""n"": 3, ""rearm"": 18, ""_feasible"": true, ""_n_feasible"": 7, ""_score"": 1.0028}","{""streak"": 3.0, ""drop_pct"": -0.45931758530184386}"
2025-11-18 16:00:00,CNY,momentum,"momentum(n=3,rearm=18)",BUY_NOW,down,0.5,fast,9,11.3675,"{""n"": 3, ""rearm"": 18, ""_feasible"": true, ""_n_feasible"": 7, ""_score"": 1.0028}","{""streak"": 3.0, ""drop_pct"": -0.20192265484394456}"
2025-11-20 18:00:00,CNY,momentum,"momentum(n=3,rearm=18)",BUY_NOW,down,0.5,fast,9,11.204,"{""n"": 3, ""rearm"": 18, ""_feasible"": true, ""_n_feasible"": 7, ""_score"": 1.0028}","{""streak"": 3.0, ""drop_pct"": -0.5900359345193174}"
2025-11-27 11:00:00,CNY,momentum,"momentum(n=3,rearm=18)",BUY_NOW,down,0.5,fast,9,11.034,"{""n"": 3, ""rearm"": 18, ""_feasible"": true, ""_n_feasible"": 7, ""_score"": 1.0028}","{""streak"": 3.0, ""drop_pct"": -0.3836952105809477}"
2025-11-28 18:00:00,CNY,level,"level(pct=0.15,rearm=27,stall_days=27,window=2250)",BUY_NOW,down,0.22666666666666657,medium,9,10.935,"{""window"": 2250, ""pct"": 0.15, ""stall_days"": 27, ""rearm"": 27, ""_feasible"": true, ""_n_feasible"": 58, ""_score"": 1.2738}","{""pct_rank"": 0.116, ""window"": 2250.0, ""days_since_min"": 1219.0}"
2025-11-28 19:00:00,CNY,momentum,"momentum(n=3,rearm=18)",BUY_NOW,down,0.6666666666666666,fast,9,10.921,"{""n"": 3, ""rearm"": 18, ""_feasible"": true, ""_n_feasible"": 7, ""_score"": 1.0028}","{""streak"": 4.0, ""drop_pct"": -0.8848754367654421}"
2025-12-01 10:00:00,CNY,reversal,"reversal(max_days_since_min=45,rearm=27,rise_bps=20,window=540)",WINDOW_CLOSING,up,0.8927753868693822,slow,9,10.96,"{""window"": 540, ""rise_bps"": 20, ""max_days_since_min"": 45, ""rearm"": 27, ""_feasible"": true, ""_n_feasible"": 20, ""_score"": 1.1359}","{""rise_pct"": 0.3571101547477529, ""min_rate"": 10.921, ""days_since_min"": 1.0, ""window"": 540.0}"
2025-12-03 13:00:00,CNY,momentum,"momentum(n=3,rearm=18)",BUY_NOW,down,0.5,fast,9,10.9525,"{""n"": 3, ""rearm"": 18, ""_feasible"": true, ""_n_feasible"": 7, ""_score"": 1.0028}","{""streak"": 3.0, ""drop_pct"": -0.7476212052559994}"
2025-12-03 16:00:00,CNY,level,"level(pct=0.15,rearm=27,stall_days=27,window=2250)",BUY_NOW,down,0.001481481481481417,medium,9,10.954,"{""window"": 2250, ""pct"": 0.15, ""stall_days"": 27, ""rearm"": 27, ""_feasible"": true, ""_n_feasible"": 58, ""_score"": 1.2738}","{""pct_rank"": 0.1497777777777778, ""window"": 2250.0, ""days_since_min"": 1247.0}"
2025-12-03 17:00:00,CNY,reversal,"reversal(max_days_since_min=45,rearm=27,rise_bps=20,window=540)",WINDOW_CLOSING,up,1.0,slow,9,10.9505,"{""window"": 540, ""rise_bps"": 20, ""max_days_since_min"": 45, ""rearm"": 27, ""_feasible"": true, ""_n_feasible"": 20, ""_score"": 1.1359}","{""rise_pct"": 0.4172397982576959, ""min_rate"": 10.905, ""days_since_min"": 12.0, ""window"": 540.0}"
2025-12-05 10:00:00,CNY,dip_vs_trend,"dip_vs_trend(pct=0.15,rearm=45,span=360,window=2250)",BUY_NOW,down,0.1644444444444445,medium,9,10.63,"{""span"": 360, ""window"": 2250, ""pct"": 0.15, ""rearm"": 45, ""_feasible"": true, ""_n_feasible"": 31, ""_score"": 1.2682}","{""dev_pct"": -5.277532522791373, ""pct_rank"": 0.12533333333333332, ""window"": 2250.0, ""span"": 360.0}"
2025-12-08 14:00:00,CNY,reversal,"reversal(max_days_since_min=45,rearm=27,rise_bps=20,window=540)",WINDOW_CLOSING,up,1.0,slow,9,10.8195,"{""window"": 540, ""rise_bps"": 20, ""max_days_since_min"": 45, ""rearm"": 27, ""_feasible"": true, ""_n_feasible"": 20, ""_score"": 1.1359}","{""rise_pct"": 1.7826904985888792, ""min_rate"": 10.63, ""days_since_min"": 14.0, ""window"": 540.0}"
2025-12-08 15:00:00,CNY,momentum,"momentum(n=3,rearm=18)",BUY_NOW,down,0.5,fast,9,10.81,"{""n"": 3, ""rearm"": 18, ""_feasible"": true, ""_n_feasible"": 7, ""_score"": 1.0028}","{""streak"": 3.0, ""drop_pct"": -0.35948013641809995}"
2025-12-09 17:00:00,CNY,level,"level(pct=0.15,rearm=27,stall_days=27,window=2250)",BUY_NOW,down,0.39555555555555544,medium,9,10.895,"{""window"": 2250, ""pct"": 0.15, ""stall_days"": 27, ""rearm"": 27, ""_feasible"": true, ""_n_feasible"": 58, ""_score"": 1.2738}","{""pct_rank"": 0.09066666666666667, ""window"": 2250.0, ""days_since_min"": 27.0}"
2025-12-11 11:00:00,CNY,reversal,"reversal(max_days_since_min=45,rearm=27,rise_bps=20,window=540)",WINDOW_CLOSING,up,1.0,slow,9,11.146,"{""window"": 540, ""rise_bps"": 20, ""max_days_since_min"": 45, ""rearm"": 27, ""_feasible"": true, ""_n_feasible"": 20, ""_score"": 1.1359}","{""rise_pct"": 4.8541862652869305, ""min_rate"": 10.63, ""days_since_min"": 41.0, ""window"": 540.0}"
2025-12-16 12:00:00,CNY,momentum,"momentum(n=3,rearm=18)",BUY_NOW,down,0.5,fast,9,11.253,"{""n"": 3, ""rearm"": 18, ""_feasible"": true, ""_n_feasible"": 7, ""_score"": 1.0028}","{""streak"": 3.0, ""drop_pct"": -0.25704662293919434}"
2025-12-19 18:00:00,CNY,momentum,"momentum(n=3,rearm=18)",BUY_NOW,down,0.5,fast,9,11.2985,"{""n"": 3, ""rearm"": 18, ""_feasible"": true, ""_n_feasible"": 7, ""_score"": 1.0028}","{""streak"": 3.0, ""drop_pct"": -1.1677746675997192}"
2025-12-23 16:00:00,CNY,momentum,"momentum(n=3,rearm=18)",BUY_NOW,down,0.5,fast,9,11.094,"{""n"": 3, ""rearm"": 18, ""_feasible"": true, ""_n_feasible"": 7, ""_score"": 1.0028}","{""streak"": 3.0, ""drop_pct"": -0.5735794945330719}"
2025-12-26 17:00:00,CNY,momentum,"momentum(n=3,rearm=18)",BUY_NOW,down,0.5,fast,9,11.017,"{""n"": 3, ""rearm"": 18, ""_feasible"": true, ""_n_feasible"": 7, ""_score"": 1.0028}","{""streak"": 3.0, ""drop_pct"": -0.2173716148899607}"
2026-01-06 16:00:00,CNY,momentum,"momentum(n=2,rearm=27)",BUY_NOW,down,0.5,fast,10,11.383,"{""n"": 2, ""rearm"": 27, ""_feasible"": true, ""_n_feasible"": 7, ""_score"": 1.0015}","{""streak"": 2.0, ""drop_pct"": -0.27596478163740557}"
2026-01-12 13:00:00,CNY,momentum,"momentum(n=2,rearm=27)",BUY_NOW,down,0.5,fast,10,11.299,"{""n"": 2, ""rearm"": 27, ""_feasible"": true, ""_n_feasible"": 7, ""_score"": 1.0015}","{""streak"": 2.0, ""drop_pct"": -0.1325791055329706}"
2026-01-15 16:00:00,CNY,momentum,"momentum(n=2,rearm=27)",BUY_NOW,down,0.5,fast,10,11.2365,"{""n"": 2, ""rearm"": 27, ""_feasible"": true, ""_n_feasible"": 7, ""_score"": 1.0015}","{""streak"": 2.0, ""drop_pct"": -0.2529960053262448}"
2026-01-20 16:00:00,CNY,momentum,"momentum(n=2,rearm=27)",BUY_NOW,down,0.5,fast,10,11.157,"{""n"": 2, ""rearm"": 27, ""_feasible"": true, ""_n_feasible"": 7, ""_score"": 1.0015}","{""streak"": 2.0, ""drop_pct"": -0.19679756686644678}"
2026-01-21 19:00:00,CNY,dip_vs_trend,"dip_vs_trend(pct=0.15,rearm=45,span=180,window=2250)",BUY_NOW,down,0.022222222222222143,medium,10,10.955,"{""span"": 180, ""window"": 2250, ""pct"": 0.15, ""rearm"": 45, ""_feasible"": true, ""_n_feasible"": 30, ""_score"": 0.9705}","{""dev_pct"": -2.1616572829876946, ""pct_rank"": 0.14666666666666667, ""window"": 2250.0, ""span"": 180.0}"
2026-01-22 12:00:00,CNY,level,"level(pct=0.05,rearm=27,stall_days=0,window=2250)",BUY_NOW,down,0.08444444444444443,medium,10,10.8585,"{""window"": 2250, ""pct"": 0.05, ""stall_days"": 0, ""rearm"": 27, ""_feasible"": true, ""_n_feasible"": 59, ""_score"": 1.2256}","{""pct_rank"": 0.04577777777777778, ""window"": 2250.0, ""days_since_min"": 302.0}"
2026-01-23 19:00:00,CNY,momentum,"momentum(n=2,rearm=27)",BUY_NOW,down,0.5,fast,10,10.855,"{""n"": 2, ""rearm"": 27, ""_feasible"": true, ""_n_feasible"": 7, ""_score"": 1.0015}","{""streak"": 2.0, ""drop_pct"": -0.1793185893604221}"
2026-01-28 17:00:00,CNY,momentum,"momentum(n=2,rearm=27)",BUY_NOW,down,0.5,fast,10,10.9495,"{""n"": 2, ""rearm"": 27, ""_feasible"": true, ""_n_feasible"": 7, ""_score"": 1.0015}","{""streak"": 2.0, ""drop_pct"": -0.3367769535338683}"
2026-01-29 14:00:00,CNY,dip_vs_trend,"dip_vs_trend(pct=0.15,rearm=45,span=180,window=2250)",BUY_NOW,down,0.11111111111111105,medium,10,10.878,"{""span"": 180, ""window"": 2250, ""pct"": 0.15, ""rearm"": 45, ""_feasible"": true, ""_n_feasible"": 30, ""_score"": 0.9705}","{""dev_pct"": -2.3696564309808044, ""pct_rank"": 0.13333333333333333, ""window"": 2250.0, ""span"": 180.0}"
2026-01-29 16:00:00,CNY,level,"level(pct=0.05,rearm=27,stall_days=0,window=2250)",BUY_NOW,down,0.04888888888888898,medium,10,10.8555,"{""window"": 2250, ""pct"": 0.05, ""stall_days"": 0, ""rearm"": 27, ""_feasible"": true, ""_n_feasible"": 59, ""_score"": 1.2256}","{""pct_rank"": 0.04755555555555555, ""window"": 2250.0, ""days_since_min"": 356.0}"
2026-02-02 14:00:00,CNY,momentum,"momentum(n=2,rearm=27)",BUY_NOW,down,0.75,fast,10,11.007,"{""n"": 2, ""rearm"": 27, ""_feasible"": true, ""_n_feasible"": 7, ""_score"": 1.0015}","{""streak"": 3.0, ""drop_pct"": -0.9672050024742473}"
2026-02-06 13:00:00,CNY,momentum,"momentum(n=2,rearm=27)",BUY_NOW,down,0.5,fast,10,11.05,"{""n"": 2, ""rearm"": 27, ""_feasible"": true, ""_n_feasible"": 7, ""_score"": 1.0015}","{""streak"": 2.0, ""drop_pct"": -0.3741603930938031}"
2026-02-11 13:00:00,CNY,momentum,"momentum(n=2,rearm=27)",BUY_NOW,down,0.5,fast,10,11.161,"{""n"": 2, ""rearm"": 27, ""_feasible"": true, ""_n_feasible"": 7, ""_score"": 1.0015}","{""streak"": 2.0, ""drop_pct"": -0.2011892520230818}"
2026-02-16 15:00:00,CNY,momentum,"momentum(n=2,rearm=27)",BUY_NOW,down,0.5,fast,10,11.076,"{""n"": 2, ""rearm"": 27, ""_feasible"": true, ""_n_feasible"": 7, ""_score"": 1.0015}","{""streak"": 2.0, ""drop_pct"": -0.19373732822707268}"
2026-02-19 12:00:00,CNY,momentum,"momentum(n=2,rearm=27)",BUY_NOW,down,0.5,fast,10,11.0565,"{""n"": 2, ""rearm"": 27, ""_feasible"": true, ""_n_feasible"": 7, ""_score"": 1.0015}","{""streak"": 2.0, ""drop_pct"": -0.49050490504906064}"
2026-02-24 19:00:00,CNY,momentum,"momentum(n=2,rearm=27)",BUY_NOW,down,1.0,fast,10,11.0515,"{""n"": 2, ""rearm"": 27, ""_feasible"": true, ""_n_feasible"": 7, ""_score"": 1.0015}","{""streak"": 4.0, ""drop_pct"": -0.5534059209934217}"
2026-02-27 18:00:00,CNY,momentum,"momentum(n=2,rearm=27)",BUY_NOW,down,0.5,fast,10,11.2065,"{""n"": 2, ""rearm"": 27, ""_feasible"": true, ""_n_feasible"": 7, ""_score"": 1.0015}","{""streak"": 2.0, ""drop_pct"": -0.34680538882219114}"
2026-03-05 18:00:00,CNY,momentum,"momentum(n=2,rearm=27)",BUY_NOW,down,0.5,fast,10,11.379,"{""n"": 2, ""rearm"": 27, ""_feasible"": true, ""_n_feasible"": 7, ""_score"": 1.0015}","{""streak"": 2.0, ""drop_pct"": -0.08341748254819814}"
2026-03-10 19:00:00,CNY,momentum,"momentum(n=2,rearm=27)",BUY_NOW,down,0.5,fast,10,11.489,"{""n"": 2, ""rearm"": 27, ""_feasible"": true, ""_n_feasible"": 7, ""_score"": 1.0015}","{""streak"": 2.0, ""drop_pct"": -0.22145989838897595}"
2026-03-13 18:00:00,CNY,momentum,"momentum(n=2,rearm=27)",BUY_NOW,down,0.5,fast,10,11.62,"{""n"": 2, ""rearm"": 27, ""_feasible"": true, ""_n_feasible"": 7, ""_score"": 1.0015}","{""streak"": 2.0, ""drop_pct"": -0.5094396164219472}"
2026-03-20 10:00:00,CNY,momentum,"momentum(n=2,rearm=27)",BUY_NOW,down,0.5,fast,10,12.36,"{""n"": 2, ""rearm"": 27, ""_feasible"": true, ""_n_feasible"": 7, ""_score"": 1.0015}","{""streak"": 2.0, ""drop_pct"": -0.9139009139009224}"
2026-03-24 19:00:00,CNY,momentum,"momentum(n=2,rearm=27)",BUY_NOW,down,0.5,fast,10,11.66,"{""n"": 2, ""rearm"": 27, ""_feasible"": true, ""_n_feasible"": 7, ""_score"": 1.0015}","{""streak"": 2.0, ""drop_pct"": -0.41848150994960864}"
2026-03-27 16:00:00,CNY,momentum,"momentum(n=2,rearm=27)",BUY_NOW,down,0.75,fast,10,11.7205,"{""n"": 2, ""rearm"": 27, ""_feasible"": true, ""_n_feasible"": 7, ""_score"": 1.0015}","{""streak"": 3.0, ""drop_pct"": -0.5599626691554005}"
2026-04-01 15:00:00,CNY,momentum,"momentum(n=2,rearm=27)",BUY_NOW,down,0.5,fast,10,11.696,"{""n"": 2, ""rearm"": 27, ""_feasible"": true, ""_n_feasible"": 7, ""_score"": 1.0015}","{""streak"": 2.0, ""drop_pct"": -0.1195559350982145}"
2026-04-02 14:00:00,CNY,dip_vs_trend,"dip_vs_trend(pct=0.15,rearm=45,span=180,window=2250)",BUY_NOW,down,0.10222222222222221,medium,10,11.5895,"{""span"": 180, ""window"": 2250, ""pct"": 0.15, ""rearm"": 45, ""_feasible"": true, ""_n_feasible"": 30, ""_score"": 0.9705}","{""dev_pct"": -1.684008517128055, ""pct_rank"": 0.13466666666666666, ""window"": 2250.0, ""span"": 180.0}"
2026-04-07 12:00:00,CNY,momentum,"momentum(n=2,rearm=27)",BUY_NOW,down,0.5,fast,10,11.4355,"{""n"": 2, ""rearm"": 27, ""_feasible"": true, ""_n_feasible"": 7, ""_score"": 1.0015}","{""streak"": 2.0, ""drop_pct"": -0.46133089611350986}"
2026-04-08 19:00:00,CNY,dip_vs_trend,"dip_vs_trend(pct=0.15,rearm=45,span=180,window=2250)",BUY_NOW,down,0.7422222222222221,medium,10,11.455,"{""span"": 180, ""window"": 2250, ""pct"": 0.15, ""rearm"": 45, ""_feasible"": true, ""_n_feasible"": 30, ""_score"": 0.9705}","{""dev_pct"": -2.784450604137667, ""pct_rank"": 0.03866666666666667, ""window"": 2250.0, ""span"": 180.0}"
2026-04-09 19:00:00,CNY,momentum,"momentum(n=2,rearm=27)",BUY_NOW,down,1.0,fast,10,11.2955,"{""n"": 2, ""rearm"": 27, ""_feasible"": true, ""_n_feasible"": 7, ""_score"": 1.0015}","{""streak"": 5.0, ""drop_pct"": -0.6508641540964866}"
2026-04-14 18:00:00,CNY,momentum,"momentum(n=2,rearm=27)",BUY_NOW,down,0.5,fast,10,11.0545,"{""n"": 2, ""rearm"": 27, ""_feasible"": true, ""_n_feasible"": 7, ""_score"": 1.0015}","{""streak"": 2.0, ""drop_pct"": -0.37400865176639986}"
2026-04-15 14:00:00,CNY,dip_vs_trend,"dip_vs_trend(pct=0.15,rearm=45,span=180,window=2250)",BUY_NOW,down,0.9051851851851852,medium,10,11.072,"{""span"": 180, ""window"": 2250, ""pct"": 0.15, ""rearm"": 45, ""_feasible"": true, ""_n_feasible"": 30, ""_score"": 0.9705}","{""dev_pct"": -4.219842221490677, ""pct_rank"": 0.014222222222222223, ""window"": 2250.0, ""span"": 180.0}"
2026-04-17 17:00:00,CNY,momentum,"momentum(n=2,rearm=27)",BUY_NOW,down,0.5,fast,10,11.1035,"{""n"": 2, ""rearm"": 27, ""_feasible"": true, ""_n_feasible"": 7, ""_score"": 1.0015}","{""streak"": 2.0, ""drop_pct"": -0.2963229021685443}"
2026-04-21 14:00:00,CNY,reversal,"reversal(max_days_since_min=180,rearm=27,rise_bps=50,window=540)",WINDOW_CLOSING,up,0.6140592063055728,slow,10,10.978,"{""window"": 540, ""rise_bps"": 50, ""max_days_since_min"": 180, ""rearm"": 27, ""_feasible"": true, ""_n_feasible"": 19, ""_score"": 1.0603}","{""rise_pct"": 0.6140592063055728, ""min_rate"": 10.911, ""days_since_min"": 2.0, ""window"": 540.0}"
2026-04-21 19:00:00,CNY,dip_vs_trend,"dip_vs_trend(pct=0.15,rearm=45,span=180,window=2250)",BUY_NOW,down,0.7896296296296296,medium,10,10.954,"{""span"": 180, ""window"": 2250, ""pct"": 0.15, ""rearm"": 45, ""_feasible"": true, ""_n_feasible"": 30, ""_score"": 0.9705}","{""dev_pct"": -3.6742594212453183, ""pct_rank"": 0.03155555555555556, ""window"": 2250.0, ""span"": 180.0}"
2026-04-22 16:00:00,CNY,momentum,"momentum(n=2,rearm=27)",BUY_NOW,down,0.5,fast,10,10.962,"{""n"": 2, ""rearm"": 27, ""_feasible"": true, ""_n_feasible"": 7, ""_score"": 1.0015}","{""streak"": 2.0, ""drop_pct"": -0.16393442622951726}"
2026-04-24 11:00:00,CNY,reversal,"reversal(max_days_since_min=180,rearm=27,rise_bps=50,window=540)",WINDOW_CLOSING,up,1.0,slow,10,11.044,"{""window"": 540, ""rise_bps"": 50, ""max_days_since_min"": 180, ""rearm"": 27, ""_feasible"": true, ""_n_feasible"": 19, ""_score"": 1.0603}","{""rise_pct"": 1.2235919527061156, ""min_rate"": 10.9105, ""days_since_min"": 11.0, ""window"": 540.0}"
2026-04-27 15:00:00,CNY,momentum,"momentum(n=2,rearm=27)",BUY_NOW,down,0.5,fast,10,10.9525,"{""n"": 2, ""rearm"": 27, ""_feasible"": true, ""_n_feasible"": 7, ""_score"": 1.0015}","{""streak"": 2.0, ""drop_pct"": -0.1048887267420584}"
2026-04-28 18:00:00,CNY,reversal,"reversal(max_days_since_min=180,rearm=27,rise_bps=50,window=540)",WINDOW_CLOSING,up,0.6599147610100387,slow,10,10.9825,"{""window"": 540, ""rise_bps"": 50, ""max_days_since_min"": 180, ""rearm"": 27, ""_feasible"": true, ""_n_feasible"": 19, ""_score"": 1.0603}","{""rise_pct"": 0.6599147610100387, ""min_rate"": 10.9105, ""days_since_min"": 38.0, ""window"": 540.0}"
2026-04-30 13:00:00,CNY,momentum,"momentum(n=2,rearm=27)",BUY_NOW,down,0.5,fast,10,10.932,"{""n"": 2, ""rearm"": 27, ""_feasible"": true, ""_n_feasible"": 7, ""_score"": 1.0015}","{""streak"": 2.0, ""drop_pct"": -0.5187005187005211}"
2026-05-04 15:00:00,CNY,reversal,"reversal(max_days_since_min=180,rearm=27,rise_bps=50,window=540)",WINDOW_CLOSING,up,1.0,slow,10,11.0325,"{""window"": 540, ""rise_bps"": 50, ""max_days_since_min"": 180, ""rearm"": 27, ""_feasible"": true, ""_n_feasible"": 19, ""_score"": 1.0603}","{""rise_pct"": 1.1181889006003365, ""min_rate"": 10.9105, ""days_since_min"": 65.0, ""window"": 540.0}"
2026-05-06 13:00:00,CNY,momentum,"momentum(n=2,rearm=27)",BUY_NOW,down,0.5,fast,10,10.965,"{""n"": 2, ""rearm"": 27, ""_feasible"": true, ""_n_feasible"": 7, ""_score"": 1.0015}","{""streak"": 2.0, ""drop_pct"": -1.042371734127534}"
2026-05-07 13:00:00,CNY,reversal,"reversal(max_days_since_min=180,rearm=27,rise_bps=50,window=540)",WINDOW_CLOSING,up,0.7424041061362852,slow,10,10.9915,"{""window"": 540, ""rise_bps"": 50, ""max_days_since_min"": 180, ""rearm"": 27, ""_feasible"": true, ""_n_feasible"": 19, ""_score"": 1.0603}","{""rise_pct"": 0.7424041061362852, ""min_rate"": 10.9105, ""days_since_min"": 93.0, ""window"": 540.0}"
2026-05-11 11:00:00,CNY,momentum,"momentum(n=2,rearm=27)",BUY_NOW,down,0.5,fast,10,10.896,"{""n"": 2, ""rearm"": 27, ""_feasible"": true, ""_n_feasible"": 7, ""_score"": 1.0015}","{""streak"": 2.0, ""drop_pct"": -0.26088150487435513}"
2026-05-11 13:00:00,CNY,level,"level(pct=0.05,rearm=27,stall_days=0,window=2250)",BUY_NOW,down,0.12888888888888894,medium,10,10.854,"{""window"": 2250, ""pct"": 0.05, ""stall_days"": 0, ""rearm"": 27, ""_feasible"": true, ""_n_feasible"": 59, ""_score"": 1.2256}","{""pct_rank"": 0.043555555555555556, ""window"": 2250.0, ""days_since_min"": 1053.0}"
2026-05-12 18:00:00,CNY,reversal,"reversal(max_days_since_min=180,rearm=27,rise_bps=50,window=540)",WINDOW_CLOSING,up,0.5781683626272072,slow,10,10.8725,"{""window"": 540, ""rise_bps"": 50, ""max_days_since_min"": 180, ""rearm"": 27, ""_feasible"": true, ""_n_feasible"": 19, ""_score"": 1.0603}","{""rise_pct"": 0.5781683626272072, ""min_rate"": 10.81, ""days_since_min"": 12.0, ""window"": 540.0}"
2026-05-13 18:00:00,CNY,momentum,"momentum(n=2,rearm=27)",BUY_NOW,down,0.5,fast,10,10.8105,"{""n"": 2, ""rearm"": 27, ""_feasible"": true, ""_n_feasible"": 7, ""_score"": 1.0015}","{""streak"": 2.0, ""drop_pct"": -0.09241717111039272}"
2026-05-14 10:00:00,CNY,level,"level(pct=0.05,rearm=27,stall_days=0,window=2250)",BUY_NOW,down,0.5644444444444445,medium,10,10.823,"{""window"": 2250, ""pct"": 0.05, ""stall_days"": 0, ""rearm"": 27, ""_feasible"": true, ""_n_feasible"": 59, ""_score"": 1.2256}","{""pct_rank"": 0.021777777777777778, ""window"": 2250.0, ""days_since_min"": 1080.0}"
2026-05-18 10:00:00,CNY,dip_vs_trend,"dip_vs_trend(pct=0.15,rearm=45,span=180,window=2250)",BUY_NOW,down,0.114074074074074,medium,10,10.6675,"{""span"": 180, ""window"": 2250, ""pct"": 0.15, ""rearm"": 45, ""_feasible"": true, ""_n_feasible"": 30, ""_score"": 0.9705}","{""dev_pct"": -2.364699867363651, ""pct_rank"": 0.1328888888888889, ""window"": 2250.0, ""span"": 180.0}"
2026-05-18 15:00:00,CNY,momentum,"momentum(n=2,rearm=27)",BUY_NOW,down,0.5,fast,10,10.6045,"{""n"": 2, ""rearm"": 27, ""_feasible"": true, ""_n_feasible"": 7, ""_score"": 1.0015}","{""streak"": 2.0, ""drop_pct"": -0.20702959582177272}"
2026-05-18 17:00:00,CNY,level,"level(pct=0.05,rearm=27,stall_days=0,window=2250)",BUY_NOW,down,0.9822222222222222,medium,10,10.6185,"{""window"": 2250, ""pct"": 0.05, ""stall_days"": 0, ""rearm"": 27, ""_feasible"": true, ""_n_feasible"": 59, ""_score"": 1.2256}","{""pct_rank"": 0.0008888888888888889, ""window"": 2250.0, ""days_since_min"": 2.0}"
2026-05-20 11:00:00,CNY,reversal,"reversal(max_days_since_min=180,rearm=27,rise_bps=50,window=540)",WINDOW_CLOSING,up,1.0,slow,10,10.424,"{""window"": 540, ""rise_bps"": 50, ""max_days_since_min"": 180, ""rearm"": 27, ""_feasible"": true, ""_n_feasible"": 19, ""_score"": 1.0603}","{""rise_pct"": 1.203883495145619, ""min_rate"": 10.3, ""days_since_min"": 1.0, ""window"": 540.0}"
2026-05-21 14:00:00,CNY,level,"level(pct=0.05,rearm=27,stall_days=0,window=2250)",BUY_NOW,down,0.9288888888888889,medium,10,10.4,"{""window"": 2250, ""pct"": 0.05, ""stall_days"": 0, ""rearm"": 27, ""_feasible"": true, ""_n_feasible"": 59, ""_score"": 1.2256}","{""pct_rank"": 0.0035555555555555557, ""window"": 2250.0, ""days_since_min"": 14.0}"
2026-05-22 15:00:00,CNY,dip_vs_trend,"dip_vs_trend(pct=0.15,rearm=45,span=180,window=2250)",BUY_NOW,down,0.47851851851851845,medium,10,10.4715,"{""span"": 180, ""window"": 2250, ""pct"": 0.15, ""rearm"": 45, ""_feasible"": true, ""_n_feasible"": 30, ""_score"": 0.9705}","{""dev_pct"": -3.0272753955512433, ""pct_rank"": 0.07822222222222222, ""window"": 2250.0, ""span"": 180.0}"
2026-05-22 18:00:00,CNY,reversal,"reversal(max_days_since_min=180,rearm=27,rise_bps=50,window=540)",WINDOW_CLOSING,up,1.0,slow,10,10.5595,"{""window"": 540, ""rise_bps"": 50, ""max_days_since_min"": 180, ""rearm"": 27, ""_feasible"": true, ""_n_feasible"": 19, ""_score"": 1.0603}","{""rise_pct"": 2.5194174757281473, ""min_rate"": 10.3, ""days_since_min"": 28.0, ""window"": 540.0}"
2026-05-25 12:00:00,CNY,momentum,"momentum(n=2,rearm=27)",BUY_NOW,down,0.5,fast,10,10.523,"{""n"": 2, ""rearm"": 27, ""_feasible"": true, ""_n_feasible"": 7, ""_score"": 1.0015}","{""streak"": 2.0, ""drop_pct"": -1.0019285949480317}"
2026-05-26 11:00:00,CNY,level,"level(pct=0.05,rearm=27,stall_days=0,window=2250)",BUY_NOW,down,0.5911111111111111,medium,10,10.5655,"{""window"": 2250, ""pct"": 0.05, ""stall_days"": 0, ""rearm"": 27, ""_feasible"": true, ""_n_feasible"": 59, ""_score"": 1.2256}","{""pct_rank"": 0.020444444444444446, ""window"": 2250.0, ""days_since_min"": 41.0}"
2026-05-27 15:00:00,CNY,reversal,"reversal(max_days_since_min=180,rearm=27,rise_bps=50,window=540)",WINDOW_CLOSING,up,1.0,slow,10,10.4645,"{""window"": 540, ""rise_bps"": 50, ""max_days_since_min"": 180, ""rearm"": 27, ""_feasible"": true, ""_n_feasible"": 19, ""_score"": 1.0603}","{""rise_pct"": 1.5970873786407713, ""min_rate"": 10.3, ""days_since_min"": 55.0, ""window"": 540.0}"
2026-05-28 15:00:00,CNY,momentum,"momentum(n=2,rearm=27)",BUY_NOW,down,0.5,fast,10,10.437,"{""n"": 2, ""rearm"": 27, ""_feasible"": true, ""_n_feasible"": 7, ""_score"": 1.0015}","{""streak"": 2.0, ""drop_pct"": -0.26279325338047776}"
2026-05-28 18:00:00,CNY,level,"level(pct=0.05,rearm=27,stall_days=0,window=2250)",BUY_NOW,down,0.7244444444444444,medium,10,10.448,"{""window"": 2250, ""pct"": 0.05, ""stall_days"": 0, ""rearm"": 27, ""_feasible"": true, ""_n_feasible"": 59, ""_score"": 1.2256}","{""pct_rank"": 0.013777777777777778, ""window"": 2250.0, ""days_since_min"": 68.0}"
2026-06-01 12:00:00,CNY,reversal,"reversal(max_days_since_min=180,rearm=27,rise_bps=50,window=540)",WINDOW_CLOSING,up,1.0,slow,10,10.5435,"{""window"": 540, ""rise_bps"": 50, ""max_days_since_min"": 180, ""rearm"": 27, ""_feasible"": true, ""_n_feasible"": 19, ""_score"": 1.0603}","{""rise_pct"": 2.3640776699028976, ""min_rate"": 10.3, ""days_since_min"": 82.0, ""window"": 540.0}"
2026-06-03 10:00:00,CNY,momentum,"momentum(n=2,rearm=27)",BUY_NOW,down,0.5,fast,10,10.7875,"{""n"": 2, ""rearm"": 27, ""_feasible"": true, ""_n_feasible"": 7, ""_score"": 1.0015}","{""streak"": 2.0, ""drop_pct"": -0.07873286402371171}"
2026-06-03 19:00:00,CNY,reversal,"reversal(max_days_since_min=180,rearm=27,rise_bps=50,window=540)",WINDOW_CLOSING,up,1.0,slow,10,10.86,"{""window"": 540, ""rise_bps"": 50, ""max_days_since_min"": 180, ""rearm"": 27, ""_feasible"": true, ""_n_feasible"": 19, ""_score"": 1.0603}","{""rise_pct"": 5.436893203883475, ""min_rate"": 10.3, ""days_since_min"": 109.0, ""window"": 540.0}"
2026-06-08 11:00:00,CNY,momentum,"momentum(n=2,rearm=27)",BUY_NOW,down,0.5,fast,10,10.7775,"{""n"": 2, ""rearm"": 27, ""_feasible"": true, ""_n_feasible"": 7, ""_score"": 1.0015}","{""streak"": 2.0, ""drop_pct"": -0.8509659613615383}"
2026-06-08 16:00:00,CNY,reversal,"reversal(max_days_since_min=180,rearm=27,rise_bps=50,window=540)",WINDOW_CLOSING,up,1.0,slow,10,10.779,"{""window"": 540, ""rise_bps"": 50, ""max_days_since_min"": 180, ""rearm"": 27, ""_feasible"": true, ""_n_feasible"": 19, ""_score"": 1.0603}","{""rise_pct"": 4.6504854368931925, ""min_rate"": 10.3, ""days_since_min"": 136.0, ""window"": 540.0}"
2026-06-09 10:00:00,CNY,level,"level(pct=0.05,rearm=27,stall_days=0,window=2250)",BUY_NOW,down,0.01333333333333342,medium,10,10.659,"{""window"": 2250, ""pct"": 0.05, ""stall_days"": 0, ""rearm"": 27, ""_feasible"": true, ""_n_feasible"": 59, ""_score"": 1.2256}","{""pct_rank"": 0.04933333333333333, ""window"": 2250.0, ""days_since_min"": 140.0}"
2026-06-11 13:00:00,CNY,reversal,"reversal(max_days_since_min=180,rearm=27,rise_bps=50,window=540)",WINDOW_CLOSING,up,1.0,slow,10,10.6145,"{""window"": 540, ""rise_bps"": 50, ""max_days_since_min"": 180, ""rearm"": 27, ""_feasible"": true, ""_n_feasible"": 19, ""_score"": 1.0603}","{""rise_pct"": 3.053398058252421, ""min_rate"": 10.3, ""days_since_min"": 163.0, ""window"": 540.0}"
2026-06-11 18:00:00,CNY,level,"level(pct=0.05,rearm=27,stall_days=0,window=2250)",BUY_NOW,down,0.01333333333333342,medium,10,10.604,"{""window"": 2250, ""pct"": 0.05, ""stall_days"": 0, ""rearm"": 27, ""_feasible"": true, ""_n_feasible"": 59, ""_score"": 1.2256}","{""pct_rank"": 0.04933333333333333, ""window"": 2250.0, ""days_since_min"": 168.0}"
2026-06-11 18:00:00,CNY,momentum,"momentum(n=2,rearm=27)",BUY_NOW,down,0.5,fast,10,10.604,"{""n"": 2, ""rearm"": 27, ""_feasible"": true, ""_n_feasible"": 7, ""_score"": 1.0015}","{""streak"": 2.0, ""drop_pct"": -0.09421518748823354}"
2026-06-17 18:00:00,CNY,momentum,"momentum(n=2,rearm=27)",BUY_NOW,down,0.5,fast,10,10.784,"{""n"": 2, ""rearm"": 27, ""_feasible"": true, ""_n_feasible"": 7, ""_score"": 1.0015}","{""streak"": 2.0, ""drop_pct"": -0.2543587846274842}"
2026-06-23 12:00:00,CNY,momentum,"momentum(n=2,rearm=27)",BUY_NOW,down,0.5,fast,10,10.999,"{""n"": 2, ""rearm"": 27, ""_feasible"": true, ""_n_feasible"": 7, ""_score"": 1.0015}","{""streak"": 2.0, ""drop_pct"": -0.6413730803974671}"
2026-06-29 12:00:00,CNY,momentum,"momentum(n=2,rearm=27)",BUY_NOW,down,0.5,fast,10,11.401,"{""n"": 2, ""rearm"": 27, ""_feasible"": true, ""_n_feasible"": 7, ""_score"": 1.0015}","{""streak"": 2.0, ""drop_pct"": -1.2216253682204137}"
